Price,Close,High,Low,Open,Volume
Ticker,BWE.VN,BWE.VN,BWE.VN,BWE.VN,BWE.VN
Date,,,,,
2017-07-20,13813.8310546875,13813.8310546875,13813.8310546875,13813.8310546875,2000
2017-07-21,14780.396484375,14780.396484375,14780.396484375,14780.396484375,10010
2017-07-24,15787.234375,15787.234375,15787.234375,15787.234375,10
2017-07-25,16874.623046875,16874.623046875,16874.623046875,16874.623046875,10
2017-07-26,18042.556640625,18042.556640625,18042.556640625,18042.556640625,6020
2017-07-27,19291.03515625,19291.03515625,18284.19616062109,19291.03515625,1078970
2017-07-28,20620.0625,20620.0625,20378.421142578125,20620.0625,360000
2017-07-31,22029.638671875,22029.638671875,22029.638671875,22029.638671875,220000
2017-08-01,23560.03125,23560.03125,23560.03125,23560.03125,551530
2017-08-02,23358.666015625,25170.976309940736,22553.1947737069,25170.976309940736,703050
2017-08-03,21747.72265625,23358.66507523148,21747.72265625,23358.66507523148,353980
2017-08-04,23197.572265625,23237.845828586152,21747.72399902344,22553.195258246527,194320
2017-08-07,23197.572265625,24083.5906507704,22714.289510091145,24083.5906507704,124720
2017-08-08,21828.271484375,22714.289884109778,21828.271484375,22553.195629612543,245060
2017-08-09,22311.5546875,22311.5546875,20338.15003102437,21747.72478564981,675340
2017-08-10,21022.798828125,22311.552779274425,20861.704584231324,22311.552779274425,86550
2017-08-11,21747.72265625,21747.72265625,20136.78023726852,20136.78023726852,152900
2017-08-14,21304.71484375,21949.091852256617,20620.06427221172,21747.72403709829,161420
2017-08-15,20297.873046875,21022.797084263395,19814.59035528274,21022.797084263395,391180
2017-08-16,20539.515625,20781.15698529412,20217.327144607843,20781.15698529412,106700
2017-08-17,20378.419921875,20700.608379137848,20378.419921875,20539.514150506424,80110
2017-08-18,20136.77734375,20378.418671875,19975.683125,20378.418671875,67000
2017-08-21,20700.609375,20740.88293409533,20056.23242947471,20096.50598857004,135980
2017-08-22,20458.966796875,20700.60813699557,20257.59901344119,20700.60813699557,16960
2017-08-23,20297.873046875,20458.967277405754,20136.77881634425,20136.77881634425,3892000
2017-08-24,20136.77734375,20297.8715625,20056.230234375,20297.8715625,2281000
2017-08-25,20458.966796875,20620.06102362205,20136.778343380905,20136.778343380905,158370
2017-08-28,20781.158203125,20821.43176553416,20056.234079760176,20217.3283293968,161300
2017-08-29,20781.158203125,20942.252452761622,20378.42257903343,20942.252452761622,62230
2017-08-30,20378.419921875,20700.608379137848,20136.778578927868,20700.608379137848,114910
2017-08-31,20136.77734375,20579.7864453125,19895.136015625,20257.5980078125,225550
2017-09-01,20539.515625,20579.78918504902,20056.232904411765,20136.780024509804,161080
2017-09-04,20539.515625,20539.515625,20539.515625,20539.515625,0
2017-09-05,20539.515625,20901.977665441176,20297.874264705883,20901.977665441176,126890
2017-09-06,20217.326171875,20378.42040432022,20136.77905565239,20177.05261376369,521380
2017-09-07,20378.419921875,20378.419921875,20136.778578927868,20297.872807559288,172410
2017-09-08,20861.705078125,21264.440697393824,20418.695896929297,20458.969458856176,253780
2017-09-11,20942.251953125,21667.17605919472,20539.516338641828,21344.98756760817,320470
2017-09-12,20942.251953125,21183.893321814903,20418.69565429688,20418.69565429688,482780
2017-09-13,21344.98828125,21747.72390919812,20700.61127653301,21546.35609522405,585880
2017-09-14,21828.271484375,22553.195629612543,21586.63010262915,21908.818611623617,607710
2017-09-15,21626.90234375,22351.82644465782,21626.90234375,22150.45863885009,696120
2017-09-18,21344.98828125,21787.997471992923,21183.894030070755,21626.90322081368,475760
2017-09-19,20942.251953125,21344.98756760817,20861.70483022837,21183.893321814903,1038800
2017-09-20,20297.873046875,20942.249968998018,20297.873046875,20942.249968998018,1205870
2017-09-21,20539.515625,20620.06274509804,20297.874264705883,20297.874264705883,1105750
2017-09-22,21949.08984375,21949.08984375,21103.345097477064,21103.345097477064,969900
2017-09-25,22069.912109375,22875.383354242706,21908.81786040146,22553.19485629562,268030
2017-09-26,21747.72265625,22069.911140046293,21465.80773292824,22069.911140046293,347490
2017-09-27,21828.271484375,21949.092175247923,21586.63010262915,21747.724357126383,212930
2017-09-28,21747.72265625,21989.364019097226,21707.44909577546,21989.364019097226,399530
2017-09-29,21667.17578125,21949.09070777184,21264.440171933085,21908.81714684015,146050
2017-10-02,21344.98828125,21828.271034787733,21183.894030070755,21828.271034787733,176220
2017-10-03,20942.251953125,21344.98756760817,20821.43126878005,21344.98756760817,227080
2017-10-04,21063.07421875,21264.44204110899,20942.253525334607,21183.8949121654,56960
2017-10-05,21022.798828125,21667.17580369972,21022.798828125,21667.17580369972,136710
2017-10-06,20901.978515625,21143.61988574783,20781.15783056358,20861.70495393786,134870
2017-10-09,20901.978515625,21344.987694183525,20700.610707189306,21344.987694183525,102920
2017-10-10,20901.978515625,20942.252077312136,20700.610707189306,20942.252077312136,141910
2017-10-11,20901.978515625,20901.978515625,20700.610707189306,20700.610707189306,107260
2017-10-12,21747.72265625,21747.72265625,20781.15720486111,20901.97788628472,245820
2017-10-13,21949.08984375,22150.45764048165,21425.533572247707,21747.72204701835,347950
2017-10-16,21868.54296875,21989.36364813536,21747.722289364643,21747.722289364643,318450
2017-10-17,21465.80859375,21868.54421464587,21465.80859375,21868.54421464587,218340
2017-10-18,21344.98828125,21747.72390919812,21344.98828125,21465.808969634432,81190
2017-10-19,21425.533203125,21586.627437734965,20982.524057947605,21022.79761660009,125880
2017-10-20,21183.89453125,21626.90373247386,21183.89453125,21465.809477483366,184910
2017-10-23,20458.966796875,20942.249477116144,20458.966796875,20942.249477116144,816130
2017-10-24,20217.326171875,20620.061752988047,19734.043474539343,20297.87328809761,634590
2017-10-25,21022.798828125,21506.08155980604,20539.516096443967,20539.516096443967,909870
2017-10-26,20942.251953125,21224.16688326322,20942.251953125,21183.893321814903,496990
2017-10-27,20620.0625,21022.798095703125,20620.0625,20942.2509765625,305970
2017-10-30,20620.0625,20620.0625,20378.421142578125,20620.0625,218990
2017-10-31,20378.419921875,20620.061264822136,20297.872807559288,20458.967036190712,143460
2017-11-01,20579.7890625,20700.6097419276,20418.69482326321,20539.515502690803,142450
2017-11-02,20136.77734375,20620.06,19170.21203125,20620.06,308420
2017-11-03,20136.77734375,20297.8715625,19895.136015625,20136.77734375,278550
2017-11-06,20136.77734375,20297.8715625,20136.77734375,20136.77734375,62350
2017-11-07,20539.515625,20620.06274509804,20136.780024509804,20136.780024509804,122000
2017-11-08,20177.0546875,20458.96962325349,20136.7811252495,20458.96962325349,248710
2017-11-09,20378.419921875,20418.693479032856,20136.778578927868,20217.325693243576,90240
2017-11-10,20177.0546875,20418.696061003,20136.7811252495,20418.696061003,270440
2017-11-13,19734.044921875,20177.054093590563,19734.044921875,20096.50697146046,163100
2017-11-14,19774.318359375,20378.421771575868,19411.85631205448,19734.04479856161,562720
2017-11-15,19975.6875,20136.781754032258,19854.866809475807,19854.866809475807,400170
2017-11-16,20499.2421875,20620.06286836935,19895.13878315324,19895.13878315324,254430
2017-11-17,20177.0546875,20579.790310004988,20177.0546875,20499.24318550399,266190
2017-11-20,20026.2890625,20473.12309837728,20026.2890625,20148.15289046653,158930
2017-11-21,19904.423828125,20310.636559311224,19863.802555006376,20270.0152861926,98690
2017-11-22,20148.15234375,20310.63744329637,19904.424694430443,19904.424694430443,208710
2017-11-23,20310.634765625,20554.3623828125,19985.664609375,20554.3623828125,216190
2017-11-24,20066.908203125,20310.63583312247,19985.66565979251,20310.63583312247,133290
2017-11-27,19904.423828125,20148.15146683673,19823.181281887755,20066.90892059949,89850
2017-11-28,19904.423828125,20229.39401307398,19416.96855070153,19985.666374362245,324720
2017-11-29,18563.919921875,19904.421798071664,18523.298652899342,19904.421798071664,587020
2017-11-30,18726.408203125,18970.13585869713,18401.43799569549,18970.13585869713,159140
2017-12-01,19335.724609375,19376.345879562763,18604.54174599528,18726.40555655856,239280
2017-12-04,19335.724609375,19620.073500689337,18848.269367121848,19335.724609375,340630
2017-12-05,19254.484375,19335.72692510549,19010.756724683542,19335.72692510549,121990
2017-12-06,19010.755859375,19335.72604500534,18888.89203976362,19335.72604500534,144070
2017-12-07,19010.755859375,19213.862225393965,18726.40694694845,19091.998405782582,93600
2017-12-08,18685.783203125,19010.753345788045,18563.91939962636,19010.753345788045,464320
2017-12-11,18523.30078125,18685.785875822367,18523.30078125,18685.785875822367,191290
2017-12-12,17873.361328125,18523.30174005682,17589.01239790483,18523.30174005682,140320
2017-12-13,17873.361328125,17873.361328125,17467.148570667614,17548.391122159093,266020
2017-12-14,17060.93359375,17954.601543898807,17060.93359375,17873.35900297619,363340
2017-12-15,18238.94921875,18238.94921875,17060.932454064587,17060.932454064587,494780
2017-12-18,18685.783203125,18685.783203125,18279.5705247962,18685.783203125,188120
2017-12-19,18279.57421875,18604.54442708333,18279.57421875,18604.54442708333,124010
2017-12-20,18482.677734375,18563.920273866755,18198.328846153847,18482.677734375,114030
2017-12-21,18604.54296875,18604.54296875,18157.70896731714,18482.6791501774,97660
2017-12-22,18523.30078125,18523.30078125,18279.573139391447,18279.573139391447,156870
2017-12-25,18482.677734375,18807.64789234204,18360.81392513736,18523.29900412088,182590
2017-12-26,18442.05859375,18482.679868185573,18198.330947136565,18279.57349600771,153420
2017-12-27,18360.814453125,18442.056994952985,18035.84428581305,18279.57191129701,113030
2017-12-28,18442.05859375,18563.92241705672,18238.952221572137,18563.92241705672,175190
2017-12-29,18442.05859375,18442.05859375,18035.84584939427,18035.84584939427,117160
2018-01-01,18442.05859375,18442.05859375,18442.05859375,18442.05859375,0
2018-01-02,18848.26953125,19335.724777747844,18360.81428475216,19335.724777747844,433820
2018-01-03,20107.53125,20107.53125,18442.058964646465,19010.756818181817,306380
2018-01-04,20716.849609375,20798.092156862745,20229.39432444853,20229.39432444853,446070
2018-01-05,20473.12109375,20798.091269841272,20229.39346168155,20716.84872581845,140980
2018-01-08,20391.87890625,20473.121451693227,19945.04490631225,20473.121451693227,172230
2018-01-09,21691.76171875,21691.76171875,20229.395760182582,20229.395760182582,893460
2018-01-10,21529.275390625,21854.24558520047,21204.30519604953,21773.003036556605,459990
2018-01-11,21529.275390625,21610.51793926887,20960.577550117927,21529.275390625,332540
2018-01-12,21610.517578125,21732.38139905428,21041.81974712171,21204.30484169408,385660
2018-01-15,21610.517578125,21935.487767269737,21285.547388980263,21935.487767269737,122590
2018-01-16,21529.275390625,21610.51793926887,21204.30519604953,21610.51793926887,152260
2018-01-17,21610.517578125,22179.21540912829,21204.30484169408,21366.789936266447,890000
2018-01-18,22057.3515625,22057.3515625,21610.517552946592,21610.517552946592,422930
2018-01-19,22179.21484375,22179.21484375,21813.623390281595,22057.3510259272,362190
2018-01-22,22179.21484375,22179.21484375,22179.21484375,22179.21484375,0
2018-01-23,22179.21484375,22179.21484375,22179.21484375,22179.21484375,0
2018-01-24,22179.21484375,22179.21484375,22179.21484375,22179.21484375,0
2018-01-25,21285.548828125,21407.41265729365,20879.336064229483,21407.41265729365,324870
2018-01-26,22747.9140625,22747.9140625,20879.33540736607,21773.003459821422,1681240
2018-01-29,23032.263671875,23479.09771136464,22179.216869212964,23479.09771136464,480970
2018-01-30,23072.88671875,23154.12927761884,22666.67392440581,22747.91648327465,206650
2018-01-31,22747.9140625,22991.641713169643,22341.701311383928,22910.39916294643,427500
2018-02-01,22707.29296875,22910.39934593024,22179.2163880814,22747.91424418605,234810
2018-02-02,22504.1875,22666.672608303248,22260.459837545124,22585.430054151624,106760
2018-02-05,21529.275390625,22504.18597435141,21529.275390625,22504.18597435141,358290
2018-02-06,21506.00390625,21628.6617232058,19993.224163795152,19993.224163795152,509040
2018-02-07,22078.40625,22078.40625,21342.459375,21669.546875,95620
2018-02-08,21914.861328125,22037.519134066,21669.545716243003,21914.861328125,343250
2018-02-09,21914.861328125,21914.861328125,20402.08172151936,21914.861328125,338000
2018-02-12,22487.267578125,22487.267578125,21914.86440340909,22078.40816761364,226530
2018-02-13,22323.720703125,22855.237862723214,22160.176961710164,22855.237862723214,222840
2018-02-14,22323.720703125,22323.720703125,22323.720703125,22323.720703125,0
2018-02-15,22323.720703125,22323.720703125,22323.720703125,22323.720703125,0
2018-02-16,22323.720703125,22323.720703125,22323.720703125,22323.720703125,0
2018-02-19,22323.720703125,22323.720703125,22323.720703125,22323.720703125,0
2018-02-20,22323.720703125,22323.720703125,22323.720703125,22323.720703125,0
2018-02-21,22282.833984375,22487.263653956423,22078.40431479358,22487.263653956423,77150
2018-02-22,22078.40625,22078.40625,21669.546875,22078.40625,120260
2018-02-23,22446.376953125,22446.376953125,21751.316100296,21996.63169541212,121750
2018-02-26,22814.353515625,22896.12539202509,22078.4066280242,22487.266010024643,559940
2018-02-27,22855.23828125,23264.09764227415,22650.808600737924,22896.12421735241,94080
2018-02-28,22855.23828125,22855.23828125,22855.23828125,22855.23828125,0
2018-03-01,22323.720703125,22732.58005666209,22119.29102635645,22732.58005666209,203620
2018-03-02,22201.0625,22405.49217311234,22160.176565377533,22323.720303867405,48050
2018-03-05,21669.546875,22241.95,21669.546875,22241.95,113390
2018-03-06,21996.634765625,21996.634765625,21260.687877555763,21424.23163046004,531610
2018-03-07,22732.58203125,22732.58203125,21424.231986285973,22078.407008767987,482280
2018-03-08,23304.982421875,23304.982421875,22119.29033374452,22732.57934484649,1464480
2018-03-09,22896.125,23304.984375,22814.353125,23304.984375,368170
2018-03-12,23059.66796875,23141.43984097961,22569.03673537234,22896.12422429078,595470
2018-03-13,22814.353515625,22977.89726842518,22569.03788642473,22896.12539202509,361030
2018-03-14,22896.125,22896.125,22487.265625,22569.0375,344170
2018-03-15,21996.634765625,22855.239468372445,21996.634765625,22814.35353014637,609290
2018-03-16,22078.40625,22569.0375,21996.634375,21996.634375,274870
2018-03-19,22405.494140625,22732.581646327555,21669.54725279425,22650.80976990192,488820
2018-03-20,22405.494140625,22487.26601705064,21833.09100564553,22323.72226419936,420380
2018-03-21,21710.431640625,22078.40505826272,21669.54570533192,21996.633187676554,85480
2018-03-22,22160.1796875,22160.1796875,21751.320283671583,21996.63592596864,458380
2018-03-23,22119.29296875,22160.178907694084,21587.775762476893,22160.178907694084,402890
2018-03-26,21342.458984375,22078.40584590517,20851.827743354883,22078.40584590517,117250
2018-03-27,21914.861328125,21914.861328125,21260.686363106342,21873.97539281133,127690
2018-03-28,21669.546875,21792.2046875,21342.459375,21342.459375,46310
2018-03-29,21260.6875,21587.775,20524.740625,21260.6875,281850
2018-03-30,20524.740234375,21260.687095368525,20524.740234375,20606.51210781873,134130
2018-04-02,20933.599609375,21015.37148284912,20320.31055831909,20688.28398895264,328280
2018-04-03,21015.37109375,21015.37109375,20442.96799002918,21015.37109375,711610
2018-04-04,20892.712890625,20933.598825831705,20442.96760335128,20524.73947376468,266880
2018-04-05,20910.44921875,20951.611520361712,20498.82620263288,20663.475409079725,303800
2018-04-06,20828.119140625,20910.4437222085,20416.49623270751,20910.4437222085,160440
2018-04-09,20910.44921875,21116.260726808563,20663.475409079725,20828.124615526576,448430
2018-04-10,20828.119140625,20910.4437222085,20416.49623270751,20910.4437222085,295190
2018-04-11,20663.47265625,20828.12184076196,20169.525102714146,20498.823471738047,308430
2018-04-12,20251.849609375,20581.14797700712,20169.52501746697,20581.14797700712,136240
2018-04-13,19757.900390625,20498.82165527344,18852.329956054688,20251.847900390625,631590
2018-04-16,19675.578125,19675.578125,18934.65677301256,19469.76663833682,374960
2018-04-17,19675.578125,19757.90271966527,19016.981367677825,19675.578125,409470
2018-04-18,19552.087890625,19593.25018092105,18934.65353618421,19593.25018092105,416460
2018-04-19,19428.603515625,19428.603515625,18934.655968617582,18975.81826420153,148630
2018-04-20,19346.279296875,19593.25307513298,19016.98092586436,19181.630111369683,254040
2018-04-23,19263.951171875,19346.275749532582,18852.32828358708,19346.275749532582,257210
2018-04-24,19099.3046875,19099.3046875,18770.006330818967,19099.3046875,34550
2018-04-25,19099.3046875,19099.3046875,19099.3046875,19099.3046875,0
2018-04-26,18934.654296875,18934.654296875,18029.08387398098,18934.654296875,100790
2018-04-27,18852.330078125,18934.654663619,18523.031736149016,18934.654663619,51420
2018-04-30,18852.330078125,18852.330078125,18852.330078125,18852.330078125,0
2018-05-01,18852.330078125,18852.330078125,18852.330078125,18852.330078125,0
2018-05-02,18358.3828125,18605.35657230941,18358.3828125,18605.35657230941,125060
2018-05-03,18276.05859375,18276.05859375,17946.76024070946,18276.05859375,100700
2018-05-04,18193.732421875,18193.732421875,17864.43409749717,18111.407840780543,109460
2018-05-07,18687.6796875,18687.6796875,18111.40762665198,18111.40762665198,43040
2018-05-08,18440.708984375,18605.35817173549,17864.43682861328,18111.41060965402,345030
2018-05-09,18111.41015625,18440.70852272728,17864.436381392043,18440.70852272728,241940
2018-05-10,18111.41015625,18111.41015625,17782.111789772727,17946.76097301136,186090
2018-05-11,17864.435546875,17987.922428535425,17493.974901893722,17782.11095910138,324360
2018-05-14,17535.138671875,17699.78786128228,17288.164887764084,17411.651779819542,146510
2018-05-15,17782.111328125,17905.59821234809,17329.32608597367,17370.488380714698,82830
2018-05-16,18111.41015625,18358.38393110796,17740.949493963068,17864.436381392043,65300
2018-05-17,18070.24609375,18358.38213624715,17782.110051252846,18111.408385535306,22550
2018-05-18,17987.921875,18070.246460240272,17617.461241418765,18070.246460240272,50000
2018-05-21,17288.1640625,18193.734561011905,17288.1640625,18193.734561011905,111150
2018-05-22,17205.83984375,17617.46280651914,16876.54147353469,17617.46280651914,98990
2018-05-23,16053.294921875,17205.839172676282,16012.132627203526,17205.839172676282,395680
2018-05-24,15806.318359375,16053.292083740233,15477.020060221354,16053.292083740233,251110
2018-05-25,16300.26953125,16300.26953125,15394.69900173611,15806.321969696968,194020
2018-05-28,16382.591796875,16382.591796875,15477.021396042714,16053.293469299622,164950
2018-05-29,16464.91796875,16464.91796875,15559.347480468748,15641.6720703125,134940
2018-05-30,16176.7841796875,16382.595683245863,15641.674270435751,16382.595683245863,167050
2018-05-31,15888.6455078125,15888.6455078125,15559.347155318976,15682.834037504048,131510
2018-06-01,16217.9443359375,16217.9443359375,15518.185316366593,16012.132859593115,217060
2018-06-04,16259.1064453125,16259.106445312498,15723.996612935123,15723.996612935123,90070
2018-06-05,15723.9970703125,15970.970846285994,15312.374110356675,15970.970846285994,408540
2018-06-06,15230.0498046875,15723.997365920608,15147.725211148649,15723.997365920608,221700
2018-06-07,15477.0224609375,15641.671636053856,15230.048698262965,15230.048698262965,101180
2018-06-08,15188.884765625,15477.02079098916,15147.722476287265,15477.02079098916,54130
2018-06-11,15230.0498046875,15230.0498046875,14365.64157252956,15065.400617609796,571510
2018-06-12,14653.77734375,15230.04948648174,14406.80356829354,15230.04948648174,203750
2018-06-13,14777.2646484375,14818.426945508356,14447.966271870648,14489.128568941504,87390
2018-06-14,14653.77734375,14777.26423147823,14324.478976474718,14777.26423147823,347350
2018-06-15,13995.181640625,14489.129227941175,13995.181640625,14489.129227941175,393620
2018-06-18,13995.181640625,14077.50623851103,13830.532444852945,13995.181640625,411820
2018-06-19,13583.55859375,13995.181581439394,13336.584801136363,13707.045490056818,338520
2018-06-20,13089.609375,13583.556898584904,13048.447081367924,13583.556898584904,501770
2018-06-21,13171.9326171875,13213.09490661621,13007.283459472656,13089.608038330078,245070
2018-06-22,14077.5048828125,14077.504882812498,13007.285213358917,13007.285213358917,270060
2018-06-25,14077.5048828125,14818.42619243421,13542.395048085707,14242.154062728434,286950
2018-06-26,13418.908203125,14077.504924750769,13130.772137413727,14077.504924750769,683300
2018-06-27,13336.5849609375,13542.396457248264,13171.935763888889,13418.909559461808,83660
2018-06-28,13583.55859375,13789.370087594696,13336.584801136363,13542.39629498106,172680
2018-06-29,13583.55859375,13583.55859375,13171.935606060606,13171.935606060606,124880
2018-07-02,13460.0712890625,13583.558181622706,13254.259801462156,13460.0712890625,118070
2018-07-03,13418.908203125,13583.557383531444,13336.58361292178,13501.23279332822,174340
2018-07-04,13460.0712890625,13583.558181622706,13377.746694022362,13460.0712890625,151620
2018-07-05,13460.0712890625,13501.23358658257,13171.935206422018,13501.23358658257,100860
2018-07-06,13007.28515625,13418.908104232594,13007.28515625,13336.583514636077,367160
2018-07-09,13295.419921875,13377.744503434596,13171.933049535604,13171.933049535604,89420
2018-07-10,13295.419921875,13336.5822126548,13171.933049535604,13295.419921875,147740
2018-07-11,13171.9326171875,13295.419485473632,12760.30972290039,13295.419485473632,52440
2018-07-12,13213.09765625,13254.259954244548,12924.961570288162,13007.286166277258,112600
2018-07-13,13542.39453125,13748.205998290274,13171.933890577508,13171.933890577508,140270
2018-07-16,13665.8818359375,13830.531014683736,13336.58347844503,13501.232657191264,175870
2018-07-17,13830.5322265625,13830.532226562498,13418.909243629092,13418.909243629092,155260
2018-07-18,14571.451171875,14653.775754766948,13830.529925847455,13830.529925847455,212150
2018-07-19,15147.7236328125,15559.346557617188,13583.556518554688,14571.451538085938,365000
2018-07-20,15065.3994140625,15147.72400102459,14777.263359695184,15147.72400102459,182340
2018-07-23,15065.3994140625,15065.3994140625,14571.45189228996,14571.45189228996,87000
2018-07-24,15065.3994140625,15065.3994140625,15065.3994140625,15065.3994140625,0
2018-07-25,14983.0751953125,14983.0751953125,14571.452250386332,14983.0751953125,166870
2018-07-26,14324.4775390625,14818.425040409482,14324.4775390625,14818.425040409482,114000
2018-07-27,14489.126953125,14489.126953125,13995.179443359377,14324.477783203123,134680
2018-07-30,14118.6669921875,14489.12764212828,13995.180108873908,14489.12764212828,193720
2018-07-31,14447.9658203125,14447.9658203125,14242.15434139067,14242.15434139067,39070
2018-08-01,14406.8017578125,14489.126339285714,14406.8017578125,14447.964048549107,115940
2018-08-02,14324.4775390625,14406.80212262033,14200.990663725754,14406.80212262033,77040
2018-08-03,14242.15234375,14324.476923771676,14118.665473717483,14324.476923771676,160270
2018-08-06,14242.15234375,14283.314633760838,13830.529443641615,14159.827763728324,233060
2018-08-07,14242.15234375,14242.15234375,13954.016313674132,14159.827763728324,146380
2018-08-08,14242.15234375,14324.476923771676,13995.17860368497,14324.476923771676,123320
2018-08-09,14159.828125,14200.990416061048,13954.016669694767,13954.016669694767,201160
2018-08-10,14242.15234375,14283.314633760838,14036.34089369581,14036.34089369581,78690
2018-08-13,14571.451171875,14653.775754766948,14159.828257415254,14159.828257415254,158170
2018-08-14,15271.2109375,15477.022405660377,14571.451945754716,14818.425707547169,247220
2018-08-15,15271.2109375,15312.373231132076,14736.101120283018,15271.2109375,114370
2018-08-16,15435.859375,15518.183958333331,14818.425,14818.425,287280
2018-08-17,15394.701171875,15518.188079670788,15106.565053684826,15312.376566677807,264990
2018-08-20,14983.0751953125,15394.698140238668,14983.0751953125,15394.698140238668,187860
2018-08-21,15394.701171875,15559.350382269386,14653.779725100268,14983.078145889038,160890
2018-08-22,15435.859375,15477.021666666667,15147.723333333332,15147.723333333332,45770
2018-08-23,15147.7236328125,15477.02197265625,14941.912170410156,15477.02197265625,174430
2018-08-24,15230.0498046875,15230.0498046875,14983.076024070946,14983.076024070946,42440
2018-08-27,15271.2109375,15394.697818396226,15065.399469339622,15230.048643867924,201170
2018-08-28,15312.373046875,15312.373046875,14941.912408644152,15271.21075373824,122150
2018-08-29,15106.5615234375,15312.37298833447,15065.399230458106,15312.37298833447,50780
2018-08-30,15147.7236328125,15230.048217773438,15024.236755371094,15230.048217773438,53950
2018-08-31,15147.7236328125,15147.7236328125,14941.912170410156,15024.236755371094,159070
2018-09-03,15147.7236328125,15147.7236328125,15147.7236328125,15147.7236328125,0
2018-09-04,15065.3994140625,15147.72400102459,14859.587946657275,15147.72400102459,156640
2018-09-05,14983.0751953125,15147.724373282968,14941.912900819883,15024.237489805117,284040
2018-09-06,14859.5888671875,14983.07575528047,14777.26427512552,14983.07575528047,129100
2018-09-07,14818.4248046875,14859.587095811632,14694.937931315104,14859.587095811632,63610
2018-09-10,14818.4248046875,14983.073969184028,14653.775640190972,14983.073969184028,114990
2018-09-11,14818.4248046875,14818.4248046875,14653.775640190972,14818.4248046875,75230
2018-09-12,15271.2109375,15477.022405660377,14653.776533018869,14694.938826650943,322890
2018-09-13,15230.0498046875,15477.023585304054,15188.887507918074,15477.023585304054,89580
2018-09-14,15435.859375,15559.34625,15106.561041666668,15147.723333333332,205800
2018-09-17,15230.0498046875,15435.861288534628,14983.076024070946,15230.0498046875,115230
2018-09-18,15230.0498046875,15394.698991765204,15024.238320840372,15024.238320840372,225470
2018-09-19,15312.373046875,15477.022219422042,15230.048460601478,15230.048460601478,201800
2018-09-20,15230.0498046875,15394.698991765204,15188.887507918074,15394.698991765204,69140
2018-09-21,15230.0498046875,15312.374398226351,15106.562914379225,15312.374398226351,75650
2018-09-24,15106.5615234375,15230.048402375682,15106.5615234375,15230.048402375682,108990
2018-09-25,15147.7236328125,15271.210510253906,15106.561340332031,15147.7236328125,144840
2018-09-26,16176.7841796875,16176.7841796875,15230.05126331902,15230.05126331902,1029450
2018-09-27,16053.294921875,16794.21622596154,16053.294921875,16547.24245793269,190550
2018-09-28,16464.91796875,16629.567148437498,16053.29501953125,16053.29501953125,359040
2018-10-01,16217.9443359375,16753.0541744329,16094.457450130869,16464.918107550762,158530
2018-10-02,16053.294921875,16300.268689903844,15888.645743189105,16135.619511217948,161950
2018-10-03,16753.0546875,16753.0546875,15888.646460380834,16053.295646498773,501530
2018-10-04,16506.080078125,16753.05384487999,16464.917783665835,16753.05384487999,180680
2018-10-05,16217.9443359375,16464.918107550762,16135.619745399748,16464.918107550762,265290
2018-10-08,16135.619140625,16217.943728077167,15806.320790816326,16135.619140625,184540
2018-10-09,16341.431640625,16464.918529596976,16053.295566357052,16135.620159005037,247130
2018-10-10,16094.45703125,16629.566855818415,16094.45703125,16629.566855818415,99690
2018-10-11,15435.859375,15806.32,15394.697083333334,15806.32,564560
2018-10-12,15888.6455078125,15970.97009593588,15106.56192064038,15147.724214702072,218460
2018-10-15,15723.9970703125,16012.133142281577,15641.672478321334,15888.64625429483,58200
2018-10-16,15970.9716796875,15970.9716796875,15641.673294539303,15641.673294539303,220700
2018-10-17,16217.9443359375,16217.9443359375,15929.808269055362,16094.457450130869,121140
2018-10-18,16217.9443359375,16300.268926475252,16135.619745399748,16259.106631206376,47480
2018-10-19,16217.9443359375,16217.9443359375,15970.970564324238,16053.295154861991,57870
2018-10-22,16300.26953125,16341.431828046085,16135.620344065655,16217.944937657829,157230
2018-10-23,16464.91796875,16876.54091796875,16135.619609375,16341.431083984377,273930
2018-10-24,16423.755859375,16794.21651785714,16217.944382440475,16464.918154761905,76380
2018-10-25,16217.9443359375,16217.9443359375,15641.672202173224,15970.970564324238,109000
2018-10-26,16135.619140625,16300.268315529336,16053.294553172833,16300.268315529336,147570
2018-10-29,16094.45703125,16094.45703125,15847.483266064575,15888.645560262148,60210
2018-10-30,16094.45703125,16135.61932544757,15847.483266064575,15888.645560262148,39370
2018-10-31,16053.294921875,16094.457216546474,15806.321153846156,15888.645743189105,109560
2018-11-01,15929.80859375,16094.457778181524,15888.64629764212,15970.97088985788,36640
2018-11-02,16382.591796875,16464.916378768845,15847.482014565012,15847.482014565012,273900
2018-11-05,16382.591796875,16382.591796875,16176.78034214039,16382.591796875,74160
2018-11-06,17205.83984375,17247.002140026914,16464.91851076555,16464.91851076555,671750
2018-11-07,17082.353515625,17535.13878953313,16917.70432511295,17535.13878953313,219340
2018-11-08,17576.30078125,17864.436859631147,17123.515515222483,17123.515515222483,365660
2018-11-09,16958.8671875,17617.46397148058,16917.704888501212,17576.301672481797,374880
2018-11-12,16958.8671875,17082.354084496357,16711.893393507282,16711.893393507282,89190
2018-11-13,17288.1640625,17452.81324404762,16670.729631696428,16670.729631696428,184000
2018-11-14,17987.921875,18070.246460240272,17288.162900457664,17288.162900457664,461590
2018-11-15,18111.41015625,18934.65607244318,17987.92326882102,17987.92326882102,435120
2018-11-16,18523.03125,18564.193541666667,18111.408333333333,18111.408333333333,283800
2018-11-19,18893.494140625,19016.98103043301,18605.35806440632,18605.35806440632,401330
2018-11-20,18893.494140625,18893.494140625,18440.708877995643,18893.494140625,374130
2018-11-21,19181.630859375,19305.11775331947,18564.19638965263,18564.19638965263,131750
2018-11-22,19016.978515625,19387.439136059253,18770.00476866883,19263.95226258117,217600
2018-11-23,18770.00390625,19099.302220394737,18564.19245990954,18564.19245990954,172740
2018-11-26,19181.630859375,19552.09154120842,18770.00787956009,18770.00787956009,351920
2018-11-27,19099.3046875,19469.765338766163,19016.980098329743,19181.629276670257,183110
2018-11-28,18852.330078125,19099.303834606984,18687.680907137008,19016.97924911299,262270
2018-11-29,18852.330078125,18934.654663619,18770.005492631004,18852.330078125,109370
2018-11-30,19016.978515625,19263.95226258117,18811.1670598282,18852.32935098755,189040
2018-12-03,19428.603515625,19510.9281067929,18975.81826420153,19016.980559785487,208790
2018-12-04,19305.115234375,19593.251282649253,19263.9529417644,19593.251282649253,83330
2018-12-05,19346.279296875,19428.60388962766,19222.79240774601,19387.44159325133,208780
2018-12-06,20169.525390625,20293.012280771683,19346.279456313776,19346.279456313776,546420
2018-12-07,20169.525390625,20210.68768734056,20004.87620376276,20087.20079719388,83790
2018-12-10,20704.63671875,20910.44821694831,20046.039924515408,20087.20222415507,359780
2018-12-11,20416.5,20828.12298387097,20293.01310483871,20828.12298387097,188890
2018-12-12,20416.5,20416.5,20416.5,20416.5,0
2018-12-13,20581.146484375,20622.30877734375,20334.1727265625,20416.4973125,70680
2018-12-14,20334.169921875,20581.14364562247,20087.19619812753,20581.14364562247,107960
2018-12-17,20581.146484375,20745.79565625,19840.2252109375,20169.5235546875,183220
2018-12-18,20828.119140625,20951.606013000248,20251.84706954052,20581.145395874508,251260
2018-12-19,20828.119140625,20910.4437222085,20622.307686666256,20828.119140625,163200
2018-12-20,20869.28125,20992.76812130177,20745.794378698225,20828.11895956608,158500
2018-12-21,20498.822265625,20828.1206152736,20498.822265625,20745.79602786145,272090
2018-12-24,20581.146484375,20828.120242187502,20416.4973125,20581.146484375,175820
2018-12-25,20581.146484375,20581.146484375,20169.5235546875,20416.4973125,273780
2018-12-26,20581.146484375,20828.120242187502,20539.984191406253,20786.95794921875,147500
2018-12-27,20665.826171875,21087.577726403066,20581.47586096939,21087.577726403066,269770
2018-12-28,20750.177734375,20918.878366361787,19906.67457444106,20665.827418381607,94430
2018-12-31,20750.177734375,20750.177734375,20750.177734375,20750.177734375,0
2019-01-01,20750.177734375,20750.177734375,20750.177734375,20750.177734375,0
2019-01-02,19484.921875,20665.826231060608,19484.921875,20665.826231060608,149120
2019-01-03,19569.271484375,19991.02302498653,18978.81932751886,19484.92117625269,312360
2019-01-04,19653.623046875,20201.90008466336,18894.47022532189,20201.90008466336,39710
2019-01-07,19611.4453125,19780.14591733871,18894.467741935485,18894.467741935485,67540
2019-01-08,19569.271484375,20033.19817904769,19484.92117625269,19611.446638436155,90980
2019-01-09,19611.4453125,19991.0216733871,19569.27016129032,19569.27016129032,64110
2019-01-10,19906.673828125,19991.02414095604,19611.44773321637,19611.44773321637,119410
2019-01-11,19906.673828125,20581.476330773305,19822.32351529396,20581.476330773305,101600
2019-01-14,19906.673828125,20328.42539228019,19611.44773321637,20328.42539228019,44830
2019-01-15,20075.373046875,20244.073660714286,19906.67243303572,19906.67243303572,33560
2019-01-16,20623.650390625,20918.876469836403,19991.023078029142,20033.1982322022,165150
2019-01-17,20581.4765625,20918.87781762295,20328.42562115779,20623.65171939037,73050
2019-01-18,20834.525390625,21087.576306300605,20497.12416972419,20539.299322336792,153220
2019-01-21,20918.87890625,21256.28017893145,20665.82795173892,20834.52858807964,100000
2019-01-22,20918.87890625,21045.404383505545,20708.00311082409,21045.404383505545,55480
2019-01-23,20750.177734375,20918.878366361787,20286.25099641133,20750.177734375,192420
2019-01-24,20412.775390625,20581.47601368801,20370.600234859245,20497.125702156507,207930
2019-01-25,20497.125,20834.526234567904,20497.125,20497.125,96090
2019-01-28,20412.775390625,20665.826325219525,19991.023832967458,20665.826325219525,27410
2019-01-29,19822.32421875,20412.77642952128,19822.32421875,19822.32421875,71240
2019-01-30,20244.07421875,20244.07421875,19822.322672526043,19822.322672526043,65860
2019-01-31,20201.900390625,20244.075548016703,19906.67428888309,19906.67428888309,25320
2019-02-01,20244.07421875,20244.07421875,20033.19844563802,20075.373600260416,65240
2019-02-04,20244.07421875,20244.07421875,20244.07421875,20244.07421875,0
2019-02-05,20244.07421875,20244.07421875,20244.07421875,20244.07421875,0
2019-02-06,20244.07421875,20244.07421875,20244.07421875,20244.07421875,0
2019-02-07,20244.07421875,20244.07421875,20244.07421875,20244.07421875,0
2019-02-08,20244.07421875,20244.07421875,20244.07421875,20244.07421875,0
2019-02-11,20497.125,20497.125,20075.373456790123,20244.07407407408,143120
2019-02-12,21087.578125,21087.578125,20370.60046875,20370.60046875,138480
2019-02-13,22268.482421875,22521.533358487213,21171.92836322206,21256.278675426136,770920
2019-02-14,21509.328125,22352.83118872549,21467.152971813724,22268.480882352946,539240
2019-02-15,21256.279296875,21846.731499565973,21087.578667534723,21256.279296875,415360
2019-02-18,21256.279296875,21256.279296875,21256.279296875,21256.279296875,0
2019-02-19,20834.525390625,20961.050848462804,20412.773864498988,20792.3502380124,1480890
2019-02-20,20244.07421875,20834.52638346354,20244.07421875,20834.52638346354,4031510
2019-02-21,20244.07421875,20412.774837239584,20117.548754882813,20244.07421875,404390
2019-02-22,20497.125,20665.82561728395,20075.373456790123,20244.07407407408,2405120
2019-02-25,20581.4765625,20708.002033171106,20412.775934938523,20581.4765625,2964940
2019-02-26,20876.703125,21087.578914141413,20412.776388888888,20665.827335858587,4799590
2019-02-27,21467.15234375,21467.15234375,20454.94869689341,21003.225672274068,7843150
2019-02-28,21256.279296875,21931.08181423612,21087.578667534723,21762.38118489584,1094900
2019-03-01,21424.98046875,21424.98046875,20834.528251107284,21340.6301519439,2155630
2019-03-04,21424.98046875,21678.031419168303,21171.929518331694,21424.98046875,1676860
2019-03-05,21678.033203125,22141.959983736622,21340.63190813473,21509.332555629862,2258020
2019-03-06,21720.205078125,21762.380233616503,21551.504456158986,21678.029922633497,708930
2019-03-07,21804.556640625,22057.607588098403,21424.98021941489,21846.731798537232,1729570
2019-03-08,21804.556640625,21804.556640625,21804.556640625,21804.556640625,0
2019-03-11,22099.783203125,22184.13352069418,21846.732250417463,21931.082567986643,722440
2019-03-12,22015.43359375,22184.134234315134,21888.90811332615,22184.134234315134,1226450
2019-03-13,21931.080078125,22015.43038611779,21846.729770132213,22015.43038611779,1475330
2019-03-14,22352.83203125,22774.583579009435,21678.029554834902,21931.080483490565,1848810
2019-03-15,22943.28515625,23196.336095473343,22184.13233857996,22437.183277803302,1440870
2019-03-18,23111.98828125,23111.98828125,22690.23667027829,22943.287636861314,1507270
2019-03-19,23280.6875,23533.73845108696,22985.461390398552,23027.636548913044,1245160
2019-03-20,23154.162109375,23280.687585382515,22816.76084002163,23154.162109375,959430
2019-03-21,22774.5859375,23196.337528935182,22774.5859375,23154.16236979167,954810
2019-03-22,22774.5859375,22858.93625578704,22352.834346064818,22774.5859375,746200
2019-03-25,22057.60546875,22605.88246892925,22015.43031489005,22015.43031489005,697020
2019-03-26,22057.60546875,22352.8315457696,22057.60546875,22057.60546875,528880
2019-03-27,22184.1328125,22268.483127376425,22141.95765506179,22226.30796993821,296360
2019-03-28,22732.41015625,22858.935630217995,22099.78278641001,22099.78278641001,644600
2019-03-29,22521.53515625,23027.637069873595,22521.53515625,23027.637069873595,547300
2019-04-01,21931.080078125,22690.232850060096,21846.729770132213,22690.232850060096,706460
2019-04-02,21931.080078125,22268.481310096155,21931.080078125,21931.080078125,874460
2019-04-03,22310.66015625,22310.66015625,21931.08370746692,21931.08370746692,707670
2019-04-04,22605.8828125,22774.58343050373,22268.481576492537,22395.007039995337,568780
2019-04-05,22521.53515625,22774.5861130618,22268.484199438204,22774.5861130618,341570
2019-04-08,22268.482421875,22521.533358487213,22057.60664136482,22521.533358487213,354960
2019-04-09,21678.033203125,22268.485469357976,21678.033203125,22099.78482186284,406370
2019-04-10,21720.205078125,21846.730544599515,21256.27836771845,21509.32930066748,521170
2019-04-11,21678.033203125,21931.084174367705,21509.332555629862,21931.084174367705,353460
2019-04-12,21424.98046875,21678.031419168303,21256.2798351378,21678.031419168303,635550
2019-04-15,21424.98046875,21424.98046875,21424.98046875,21424.98046875,0
2019-04-16,21214.10546875,21256.28062872764,20581.47806908549,21171.930308772367,640050
2019-04-17,21214.10546875,21593.681908548708,21214.10546875,21424.98126863817,350440
2019-04-18,21045.40234375,21340.628428732463,20750.176258767537,21214.10296373998,284770
2019-04-19,21045.40234375,21129.75265374499,20918.87687875752,21045.40234375,192270
2019-04-22,21129.75390625,21256.279378742514,20876.70296126497,21045.403591254988,337720
2019-04-23,21129.75390625,21846.731583707584,21087.57874875249,21087.57874875249,177730
2019-04-24,21846.732421875,21846.732421875,21129.75471690999,21129.75471690999,682160
2019-04-25,21762.3828125,21931.083454457363,21678.03249152132,21846.733133478683,65500
2019-04-26,21888.90625,21931.08140655106,21593.68015414258,21931.08140655106,74810
2019-04-29,21888.90625,21888.90625,21888.90625,21888.90625,0
2019-04-30,21888.90625,21888.90625,21888.90625,21888.90625,0
2019-05-01,21888.90625,21888.90625,21888.90625,21888.90625,0
2019-05-02,22099.783203125,22099.783203125,21593.681297709925,21593.681297709925,273240
2019-05-03,21888.90625,22057.60687620424,21888.90625,22057.60687620424,311840
2019-05-06,21382.8046875,21678.03078772189,21340.62953032544,21340.62953032544,136230
2019-05-07,21087.578125,21635.85515625,20918.8775,21509.3296875,265460
2019-05-08,21129.75390625,21340.629693737523,20834.527803767465,21087.57874875249,133760
2019-05-09,21256.279296875,21424.97992621528,21087.578667534723,21424.97992621528,43010
2019-05-10,21087.578125,21298.45390625,20750.176875,21256.27875,71930
2019-05-13,21045.40234375,21256.278118737475,20876.70172376002,21256.278118737475,27090
2019-05-14,21424.98046875,21424.98046875,20750.17793430118,20750.17793430118,224900
2019-05-15,21340.62890625,21678.030153779644,21340.62890625,21678.030153779644,79940
2019-05-16,21340.62890625,21340.62890625,20961.052502779152,21171.928282485176,66050
2019-05-17,21003.2265625,21256.27748493976,20961.05140876004,21045.40171623996,51370
2019-05-20,20834.525390625,21129.751458913208,20834.525390625,21087.576306300605,146880
2019-05-21,21003.2265625,21003.2265625,20834.52594754016,20834.52594754016,111400
2019-05-22,21003.2265625,21087.576869979923,20961.05140876004,21087.576869979923,20660
2019-05-23,21003.2265625,21087.576869979923,20876.701101280123,20961.05140876004,67150
2019-05-24,20918.87890625,21003.229224420364,20834.52858807964,20834.52858807964,79000
2019-05-27,21424.98046875,21678.031419168303,20623.652459092027,20918.878567913387,352670
2019-05-28,21635.85546875,21678.03062560916,21171.92874329922,21509.32999817252,346140
2019-05-29,21804.556640625,21804.556640625,21509.33053523936,21678.031166888297,215210
2019-05-30,21804.556640625,22226.308219747338,21762.381482712764,21804.556640625,360130
2019-05-31,21931.080078125,21973.255232121395,21762.379462139423,21804.55461613581,178220
2019-06-03,21382.8046875,21931.08173076923,21382.8046875,21931.08173076923,83770
2019-06-04,21214.10546875,21593.681908548708,20876.70418892893,21382.806108660538,288140
2019-06-05,21171.927734375,21467.15381832047,21087.577424676296,21087.577424676296,34380
2019-06-06,21171.927734375,21340.62835377241,21087.577424676296,21087.577424676296,70300
2019-06-07,21931.080078125,22141.955848106973,21256.27761418269,21256.27761418269,353180
2019-06-10,22310.66015625,22310.66015625,21931.08370746692,22184.134673322304,535450
2019-06-11,22352.83203125,22774.583579009435,22268.48172169812,22352.83203125,556660
2019-06-12,21846.732421875,22395.00949037765,21846.732421875,22184.133694799708,158550
2019-06-13,22268.482421875,22521.533358487213,21762.380548650566,21931.081173058712,339110
2019-06-14,21973.255859375,22563.7080321797,21973.255859375,22310.657100977685,371520
2019-06-17,22015.43359375,22099.783914032567,21888.90811332615,21973.25843360872,161030
2019-06-18,22226.30859375,22268.48375237192,21931.082483396585,21973.2576420185,145430
2019-06-19,22774.5859375,22943.286574074074,22226.30886863426,22268.48402777778,1166570
2019-06-20,22648.0625,22774.587988826817,22437.18668528864,22774.587988826817,242740
2019-06-21,22521.53515625,22732.410953593168,22437.184837312736,22648.0606346559,152460
2019-06-24,22184.1328125,22690.23470175856,22057.60734018536,22690.23470175856,440220
2019-06-25,22310.66015625,22521.535961129488,22184.134673322304,22352.835317225898,236180
2019-06-26,22184.1328125,22395.008599691064,22099.78249762357,22099.78249762357,118240
2019-06-27,22099.783203125,22395.009314617128,22099.783203125,22099.783203125,368040
2019-06-28,22184.1328125,22184.1328125,22015.43218274715,22099.78249762357,96200
2019-07-01,22226.30859375,22437.184386859582,22099.78311788425,22184.13343512808,194070
2019-07-02,22690.234375,22816.759845492565,22184.13249302974,22226.307649860595,851130
2019-07-03,22690.234375,22732.409531830857,22563.708904507435,22690.234375,320720
2019-07-04,23449.388671875,23449.388671875,22605.88548223921,22605.88548223921,1463820
2019-07-05,23154.162109375,23786.789489412567,23154.162109375,23575.91369606672,1011850
2019-07-08,23196.337890625,23533.73916903409,22943.28693181818,23196.337890625,482970
2019-07-09,23491.5625,23575.912814183124,23111.98608617594,23111.98608617594,437620
2019-07-10,23744.61328125,23913.31390847025,23449.387183614566,23449.387183614566,551160
2019-07-11,23828.9609375,23913.31124170354,23660.26032909292,23786.78578539823,539110
2019-07-12,23322.861328125,23871.138357538428,23280.686172016274,23828.963201429706,854740
2019-07-15,23533.73828125,23533.73828125,23111.986699148743,23238.51217377912,420000
2019-07-16,23238.51171875,23618.08813520872,23238.51171875,23618.08813520872,258440
2019-07-17,23196.337890625,23322.863370028408,23196.337890625,23280.688210227272,251090
2019-07-18,23744.61328125,23744.61328125,23196.3362427842,23196.3362427842,455620
2019-07-19,24208.5390625,24292.889372822297,23744.61235572735,23744.61235572735,761810
2019-07-22,24039.837890625,24166.363353207234,23744.611811266448,23744.611811266448,261350
2019-07-23,23871.138671875,24124.189611859543,23786.78835854682,24124.189611859543,219390
2019-07-24,23871.138671875,24250.715081851813,23618.08773189046,23702.43804521864,315050
2019-07-25,23871.138671875,23871.138671875,23871.138671875,23871.138671875,0
2019-07-26,23871.138671875,23871.138671875,23871.138671875,23871.138671875,0
2019-07-29,23871.138671875,23871.138671875,23871.138671875,23871.138671875,0
2019-07-30,23871.138671875,23871.138671875,23871.138671875,23871.138671875,0
2019-07-31,21931.080078125,22099.780694110577,21171.927306189904,21846.729770132213,463870
2019-08-01,22479.359375,22479.359375,21931.08231707317,22015.4326336773,352250
2019-08-02,22099.783203125,22310.658997047947,21931.082567986643,22310.658997047947,389740
2019-08-05,21467.15234375,21931.07901522593,21424.977191797643,21931.07901522593,615320
2019-08-06,21467.15234375,21467.15234375,21467.15234375,21467.15234375,0
2019-08-07,22099.783203125,22184.13352069418,21846.732250417463,21846.732250417463,219230
2019-08-08,22268.482421875,22479.358202385178,21973.256329160748,22099.78179746685,245890
2019-08-09,22521.53515625,22690.23579412453,22099.783561563672,22184.133880500936,461790
2019-08-12,22226.30859375,22648.060179969165,22099.78311788425,22521.53470410341,75230
2019-08-13,22057.60546875,22226.30608418977,21846.729699450287,21931.08000717017,353130
2019-08-14,21973.255859375,22099.781324976007,21973.255859375,21973.255859375,107870
2019-08-15,22479.359375,22605.8848499062,21846.732000469045,21931.08231707317,293860
2019-08-16,22563.708984375,22563.708984375,22226.30772853388,22226.30772853388,233960
2019-08-19,22943.28515625,23027.635469324447,22563.70874741498,22690.234217026653,342420
2019-08-20,23069.810546875,23365.03664162477,22943.285077696528,23365.03664162477,215300
2019-08-21,23069.810546875,23111.985703267823,22943.285077696528,22943.285077696528,261530
2019-08-22,22943.28515625,23111.985782398897,22901.10999971277,22943.28515625,132620
2019-08-23,22943.28515625,23154.16093893612,22352.83296472886,22943.28515625,89260
2019-08-26,22774.5859375,22816.76109664352,22521.53498263889,22521.53498263889,86570
2019-08-27,22648.0625,22816.76315176909,22563.71217411545,22774.587988826817,77610
2019-08-28,22352.83203125,22690.23326945755,21846.73017393868,22521.532650353773,282270
2019-08-29,22184.1328125,22352.833442252853,22015.43218274715,22015.43218274715,46910
2019-08-30,22310.66015625,22521.535961129488,22184.134673322304,22310.66015625,130350
2019-09-02,22310.66015625,22310.66015625,22310.66015625,22310.66015625,0
2019-09-03,22310.66015625,22690.23660503308,22184.134673322304,22690.23660503308,61160
2019-09-04,22099.783203125,22268.48383826336,22057.60804434041,22268.48383826336,151830
2019-09-05,22057.60546875,22141.955776469884,22015.43031489005,22099.780622609946,58720
2019-09-06,22015.43359375,22352.834874880267,21888.90811332615,22057.608753891283,139910
2019-09-09,22015.43359375,22184.134234315134,21931.08327346744,22015.43359375,53140
2019-09-10,21888.90625,22141.95718930636,21888.90625,22141.95718930636,93340
2019-09-11,22015.43359375,22099.783914032567,21888.90811332615,21888.90811332615,87630
2019-09-12,21762.3828125,22184.13441739341,21762.3828125,22099.78409641473,196770
2019-09-13,21593.6796875,21846.73062133789,21340.62875366211,21762.3803100586,251170
2019-09-16,21762.3828125,21931.083454457363,21678.03249152132,21678.03249152132,69870
2019-09-17,21593.6796875,21888.90577697754,21593.6796875,21762.3803100586,63500
2019-09-18,21931.080078125,22015.43038611779,21593.678846153845,21678.02915414664,123550
2019-09-19,21931.080078125,22184.131002103368,21846.729770132213,21931.080078125,49190
2019-09-20,22479.359375,22521.534533302063,21888.907158771108,21931.08231707317,327240
2019-09-23,22437.181640625,22648.05740792411,22437.181640625,22479.356794084822,94240
2019-09-24,22268.482421875,22479.358202385178,22141.95695356889,22479.358202385178,46870
2019-09-25,22015.43359375,22268.4845545977,22015.43359375,22015.43359375,47410
2019-09-26,21846.732421875,22099.78337656853,21846.732421875,22015.433058337352,71130
2019-09-27,21846.732421875,21931.082740106176,21804.55726275941,21846.732421875,76010
2019-09-30,22268.482421875,22268.482421875,21846.73086085464,21846.73086085464,161210
2019-10-01,22352.83203125,22479.35749557783,22268.48172169812,22352.83203125,193490
2019-10-02,21973.255859375,22310.657100977685,21931.080704174663,22310.657100977685,130440
2019-10-03,22099.783203125,22184.13352069418,21762.38193284828,21762.38193284828,58670
2019-10-04,21973.255859375,22268.48194577735,21973.255859375,22015.431014575333,33920
2019-10-07,21931.080078125,22015.43038611779,21846.729770132213,21931.080078125,84250
2019-10-08,21931.080078125,22184.131002103368,21593.678846153845,21762.379462139423,24840
2019-10-09,21931.080078125,21931.080078125,21762.379462139423,21888.90492412861,73840
2019-10-10,21804.556640625,22099.78274601064,21762.381482712764,21931.0821143617,61670
2019-10-11,21931.080078125,22099.780694110577,21804.55461613581,21804.55461613581,239710
2019-10-14,21931.080078125,22184.131002103368,21846.729770132213,22184.131002103368,35400
2019-10-15,21931.080078125,22184.131002103368,21931.080078125,21931.080078125,46320
2019-10-16,22015.43359375,22015.43359375,21973.25843360872,21973.25843360872,15590
2019-10-17,21762.3828125,22057.608935925386,21509.33184956396,21973.258614946702,155840
2019-10-18,21762.3828125,21846.733133478683,21678.03249152132,21846.733133478683,66500
2019-10-21,21593.6796875,21804.55546569824,21593.6796875,21762.3803100586,61410
2019-10-22,21593.6796875,21678.029998779297,21509.329376220703,21593.6796875,54150
2019-10-23,21678.033203125,22015.43449811527,21635.858041251216,22015.43449811527,32040
2019-10-24,21846.732421875,21846.732421875,21678.031785412644,21678.031785412644,18260
2019-10-25,21762.3828125,21931.083454457363,21720.20765201066,21931.083454457363,29000
2019-10-28,21720.205078125,21888.90570009102,21720.205078125,21720.205078125,59930
2019-10-29,21804.556640625,21931.0821143617,21720.20632480053,21720.20632480053,30980
2019-10-30,21720.205078125,21888.90570009102,21678.029922633497,21804.555389108013,35980
2019-10-31,21678.033203125,21804.55868874635,21678.033203125,21762.383526872567,50700
2019-11-01,21298.455078125,21762.38182240099,21298.455078125,21762.38182240099,28430
2019-11-04,21593.6796875,21593.6796875,21298.45359802246,21298.45359802246,42740
2019-11-05,21424.98046875,21762.38173597441,21340.6301519439,21762.38173597441,20700
2019-11-06,21171.927734375,21424.97866347112,21171.927734375,21424.97866347112,48680
2019-11-07,21340.62890625,21593.679841897232,21129.75312654397,21171.928282485176,37940
2019-11-08,21340.62890625,21424.97921813241,21256.278594367588,21256.278594367588,37930
2019-11-11,21298.455078125,21382.80539526609,21298.455078125,21340.630236695542,56940
2019-11-12,20918.87890625,21424.98081527217,20918.87890625,21298.45533801664,273740
2019-11-13,21003.2265625,21171.92717745984,20876.701101280123,21171.92717745984,127310
2019-11-14,20665.826171875,20918.87710459184,20581.47586096939,20918.87710459184,173700
2019-11-15,20539.30078125,20918.877181724845,20539.30078125,20834.526870508213,31600
2019-11-18,20244.07421875,20539.30030110677,19400.57112630208,20539.30030110677,508430
2019-11-19,20159.724609375,20244.07492154812,20075.374297201884,20075.374297201884,226090
2019-11-20,20244.07421875,20497.125146484374,20075.373600260416,20497.125146484374,39950
2019-11-21,19906.673828125,20244.07507944915,19906.673828125,20244.07507944915,62830
2019-11-22,19991.025390625,20159.726026832806,19780.14959536524,19991.025390625,53870
2019-11-25,19822.32421875,20623.652219082447,19822.32421875,20159.72548204787,49920
2019-11-26,19569.271484375,20201.89879529229,19316.22056000808,20201.89879529229,303910
2019-11-27,20033.197265625,20117.547569901315,19569.270592105266,19906.67180921053,98530
2019-11-28,20075.373046875,20244.073660714286,19906.67243303572,20033.197893415178,30040
2019-11-29,20497.125,20497.125,20075.373456790123,20075.373456790123,46150
2019-12-02,20497.125,20581.475308641977,20244.07407407408,20581.475308641977,78500
2019-12-06,21171.927734375,21171.927734375,20244.074327689243,20412.77494708665,84640
2019-12-09,21087.578125,21087.578125,20581.47625,21087.578125,32640
2019-12-10,20918.87890625,21003.229224420364,20581.47763356855,21003.229224420364,35590
2019-12-11,20918.87890625,20918.87890625,20581.47763356855,20918.87890625,51360
2019-12-12,20918.87890625,20918.87890625,20581.47763356855,20918.87890625,66180
2019-12-13,20961.05078125,21087.576238682093,20665.82471390845,20918.87562877264,73340
2019-12-16,20834.525390625,21045.40115368801,20750.1750853998,20961.050848462804,37120
2019-12-17,20918.87890625,20918.87890625,20665.82795173892,20834.52858807964,28770
2019-12-18,20834.525390625,20961.050848462804,20834.525390625,20918.8756958502,65410
2019-12-19,21087.578125,21087.578125,20665.8265625,20834.5271875,86240
2019-12-20,21087.578125,21424.979375,21045.40296875,21087.578125,57240
2019-12-23,20708.0,21214.10183299389,20581.47454175153,21087.57637474542,146990
2019-12-24,20708.0,20834.52545824848,20665.824847250507,20834.52545824848,60660
2019-12-25,20665.826171875,20750.17648278061,20665.826171875,20708.001327327805,9320
2019-12-26,20497.125,20750.175925925927,20412.774691358027,20665.82561728395,193410
2019-12-27,20370.599609375,21087.57723537785,20244.07414596273,21087.57723537785,200250
2019-12-30,20071.23828125,20814.61747685185,20027.51009327342,20639.70472494553,130570
2019-12-31,20114.96484375,20114.96484375,19677.68299932065,19677.68299932065,29980
2020-01-01,20114.96484375,20114.96484375,20114.96484375,20114.96484375,0
2020-01-02,20071.23828125,20202.42284517974,20027.51009327342,20071.23828125,114410
2020-01-03,19940.052734375,20114.965477658992,19765.139991091008,20114.965477658992,100340
2020-01-06,19852.595703125,20071.236624965582,19852.595703125,20027.508440597467,113870
2020-01-07,19677.685546875,20027.51106770833,19677.685546875,20027.51106770833,182440
2020-01-08,19721.412109375,19896.32485535616,19546.499363393847,19896.32485535616,95080
2020-01-09,19590.228515625,19852.59764753069,19240.40300641741,19721.413081577848,62710
2020-01-10,19808.869140625,19896.3255165218,19590.228200883004,19677.684576779804,71350
2020-01-13,19590.228515625,19808.869458879744,19502.772138323104,19808.869458879744,28480
2020-01-14,19590.228515625,19677.6848929269,19327.859383719308,19677.6848929269,75660
2020-01-15,19546.498046875,19677.682597525167,19502.769863324946,19677.682597525167,38820
2020-01-16,19415.31640625,19459.044596354164,19327.860026041664,19459.044596354164,38710
2020-01-17,19371.5859375,19459.042307421,19240.40138261851,19415.31412246049,70080
2020-01-20,19240.404296875,19502.77344637784,18365.840465198864,19152.947913707387,89570
2020-01-21,19502.771484375,19502.771484375,19065.48961252803,19327.85873563621,23310
2020-01-22,19415.31640625,20071.2392578125,19415.31640625,19590.229166666664,127540
2020-01-23,19415.31640625,19415.31640625,19415.31640625,19415.31640625,0
2020-01-24,19415.31640625,19415.31640625,19415.31640625,19415.31640625,0
2020-01-27,19415.31640625,19415.31640625,19415.31640625,19415.31640625,0
2020-01-28,19415.31640625,19415.31640625,19415.31640625,19415.31640625,0
2020-01-29,19415.31640625,19415.31640625,19415.31640625,19415.31640625,0
2020-01-30,19240.404296875,20114.968128551136,19065.491530539774,19415.317063210223,109900
2020-01-31,17972.28515625,19240.402600364963,17972.28515625,19240.402600364963,88180
2020-02-03,17447.546875,18365.83881578948,16747.895872493733,17972.2851268797,305310
2020-02-04,16791.62109375,17491.27197265625,16704.16473388672,17491.27197265625,319570
2020-02-05,16791.62109375,17053.990173339844,16747.89291381836,16791.62109375,295200
2020-02-06,16922.80859375,17491.27503229974,16791.624031007752,16791.624031007752,729180
2020-02-07,17097.720703125,17447.54619065697,16922.807959359016,17316.36163283248,556870
2020-02-10,17841.1015625,17884.829752604164,16922.8095703125,17097.722330729164,125220
2020-02-11,18365.837890625,18497.022446986604,17666.186923363093,17666.186923363093,242380
2020-02-12,18890.576171875,18978.03254304109,18540.75068721065,18715.663429542823,298230
2020-02-13,18540.75,18890.57547169812,18365.83726415094,18890.57547169812,159890
2020-02-14,18453.294921875,18628.207669949643,18059.741238707047,18365.83854783768,98900
2020-02-17,18715.6640625,18759.392249561915,17928.556695385512,18322.110378942754,187730
2020-02-18,18978.03125,19152.943980414748,18715.66215437788,18846.84670218894,250130
2020-02-19,19152.947265625,19196.675455729164,18978.03450520833,19196.675455729164,122580
2020-02-20,18846.849609375,19196.675124166184,18628.20866263051,19065.49055611949,248130
2020-02-21,18453.294921875,19021.7613531176,18365.83854783768,18846.84860504295,191700
2020-02-24,17578.73046875,18453.294173662936,17578.73046875,18190.925062189053,362630
2020-02-25,18059.740234375,18103.468418961864,17578.73020391949,17578.73020391949,75480
2020-02-26,17841.1015625,18103.470703125,17666.188802083332,17709.9169921875,261260
2020-02-27,18103.47265625,18278.38543553744,17753.647097675122,17841.10348731884,141730
2020-02-28,18234.65234375,18453.293259142687,17928.55506220024,18103.46779451439,165430
2020-03-02,18540.75,19021.760023584902,18365.83726415094,18365.83726415094,151350
2020-03-03,18365.837890625,19065.488857886903,18103.468777901784,18978.03248697917,91630
2020-03-05,17928.5546875,18365.836509146346,17928.5546875,18278.38014481707,255710
2020-03-06,18103.47265625,18190.92904589372,17928.55987696256,17928.55987696256,31380
2020-03-09,16879.078125,17884.82630343264,16879.078125,17884.82630343264,369510
2020-03-10,17228.904296875,17228.904296875,16660.437911445115,16704.16609493972,129970
2020-03-11,17403.818359375,17797.372040868406,17010.264677881594,17316.3619857098,159470
2020-03-12,16791.62109375,17753.641052246094,16791.62109375,16791.62109375,373020
2020-03-13,16791.62109375,17228.902893066406,16004.513854980469,16616.708374023438,266490
2020-03-16,16441.796875,16966.535073138297,16354.340508643616,16966.535073138297,99310
2020-03-17,16660.439453125,16660.439453125,16179.429390173884,16572.98307804298,229020
2020-03-18,16704.16796875,16791.62434554974,16179.42970795157,16616.71159195026,251610
2020-03-19,16704.16796875,16704.16796875,16354.342461551048,16616.71159195026,102430
2020-03-20,16660.439453125,16660.439453125,16310.613952796915,16616.71126558399,127160
2020-03-23,15523.5068359375,16660.439730963906,15523.5068359375,16660.439730963906,404970
2020-03-24,15654.689453125,15742.145818784917,15042.494893505587,15042.494893505587,100110
2020-03-25,15523.5068359375,15917.060530369718,15523.5068359375,15567.235024207746,127590
2020-03-26,15304.865234375,15742.147098214286,15261.137047991073,15523.506166294645,188040
2020-03-27,15304.865234375,15654.690725446428,15217.408861607142,15304.865234375,80590
2020-03-30,14386.5732421875,15261.13696511683,14299.116869894566,14867.583289798633,102080
2020-03-31,13993.01953125,14692.6705078125,13993.01953125,14299.116833496097,167850
2020-04-01,14299.1171875,14474.029935970948,13993.019877675844,13993.019877675844,75300
2020-04-02,14299.1171875,14299.1171875,14299.1171875,14299.1171875,0
2020-04-03,14823.85546875,15261.137340984513,14386.573596515484,14430.301783738938,317710
2020-04-06,15348.595703125,15392.323896011396,14823.857388488248,15173.682931579417,366610
2020-04-07,15304.865234375,15698.418911830357,15042.496116071428,15698.418911830357,327190
2020-04-08,15304.865234375,15304.865234375,14955.03974330357,15217.408861607142,153190
2020-04-09,15742.146484375,16004.515592447917,15217.408268229166,15217.408268229166,240500
2020-04-10,15567.234375,15742.147120786516,15392.321629213484,15698.418934339888,186080
2020-04-13,15742.146484375,15785.87466905382,15392.321006944445,15392.321006944445,246930
2020-04-14,15698.4208984375,15742.149090355151,15567.23632268454,15742.149090355151,176090
2020-04-15,16048.244140625,16179.428697632837,15698.418655270776,15873.331397947888,329290
2020-04-16,16616.7109375,16704.167310855264,16048.24451069079,16091.97269736842,171760
2020-04-17,16660.439453125,17053.993140994095,16616.71126558399,16791.62401574803,515700
2020-04-20,16879.078125,17010.262670012955,16616.709034974094,16704.16539831606,140840
2020-04-21,16091.97265625,16704.167268172554,16004.516283118206,16616.71089504076,242660
2020-04-22,16266.8857421875,16529.254867061492,15917.06024235551,15917.06024235551,93170
2020-04-23,16747.896484375,17097.721998408942,16529.255538103786,16966.537430646214,336290
2020-04-24,17884.828125,17884.828125,16704.167099633254,16966.53621638142,549700
2020-04-27,18234.65234375,18759.39054069245,18190.924160671464,18365.83689298561,349510
2020-04-28,17797.373046875,18147.19856130989,17753.644857570638,18147.19856130989,248600
2020-04-29,17841.1015625,18278.383463541664,17666.188802083332,17753.645182291664,265180
2020-04-30,17841.1015625,17841.1015625,17841.1015625,17841.1015625,0
2020-05-01,17841.1015625,17841.1015625,17841.1015625,17841.1015625,0
2020-05-04,18103.47265625,19065.49294233092,17928.55987696256,19065.49294233092,232560
2020-05-05,17928.5546875,18103.46741615853,17753.64195884146,17972.282869664632,76770
2020-05-06,18059.740234375,18453.293895656778,17884.82749602754,17928.555680614405,130980
2020-05-07,18103.47265625,18322.1136303593,17972.28807178442,18322.1136303593,137830
2020-05-08,18147.197265625,18671.93549981175,18103.469079442773,18190.92545180723,428270
2020-05-11,18322.111328125,18453.295896106803,18147.19857081593,18147.19857081593,295000
2020-05-12,18803.12109375,18846.84928234012,18322.11101925872,18322.11101925872,208830
2020-05-13,18803.12109375,19021.76203670058,18671.93652797965,18890.57747093023,332540
2020-05-14,18934.306640625,18934.306640625,18715.665686345263,18759.39387720121,267590
2020-05-15,18934.306640625,18934.306640625,18934.306640625,18934.306640625,0
2020-05-18,18934.306640625,18934.306640625,18934.306640625,18934.306640625,0
2020-05-19,18978.03125,18978.03125,18671.9339717742,18671.9339717742,132790
2020-05-20,18978.03125,18978.03125,18978.03125,18978.03125,0
2020-05-21,18934.306640625,18978.034831480945,18803.12206805716,18890.57844976905,216650
2020-05-22,19109.21875,19109.21875,18890.57780320366,18978.0341819222,154390
2020-05-25,19896.326171875,19896.326171875,19065.490573489013,19240.403331043955,278820
2020-05-26,20027.5078125,20027.5078125,19677.6823485262,20027.5078125,113150
2020-05-27,19240.404296875,20027.511745383523,19240.404296875,20027.511745383523,280940
2020-05-28,19240.404296875,19590.229829545457,19196.6761052912,19240.404296875,129550
2020-05-29,19327.857421875,19327.857421875,19152.944685025454,19240.401053450227,121200
2020-06-01,19590.228515625,19677.6848929269,19240.40300641741,19590.228515625,238920
2020-06-02,18978.03125,19721.41035426268,18803.118519585256,19590.225806451614,202730
2020-06-03,19196.671875,19546.497330580867,19065.48732915717,19065.48732915717,125270
2020-06-04,19240.404296875,19240.404296875,18978.03514737216,18978.03514737216,135870
2020-06-05,19852.595703125,19940.052071861235,19240.401121971365,19240.401121971365,210090
2020-06-08,19852.595703125,19852.595703125,19852.595703125,19852.595703125,0
2020-06-09,19852.595703125,19852.595703125,19852.595703125,19852.595703125,0
2020-06-10,21076.986328125,21339.35545254149,20202.422580070022,20202.422580070022,301140
2020-06-11,20770.88671875,21383.08127467105,20683.430353618423,21164.440361842106,316170
2020-06-12,20289.87890625,20552.24803003772,19721.412471376618,19721.412471376618,243990
2020-06-15,20333.60546875,20902.071858198924,20289.87728494624,20289.87728494624,369720
2020-06-16,20858.345703125,20858.345703125,20377.335634499475,20377.335634499475,212360
2020-06-17,20639.703125,21164.441340042373,20552.24675582627,21164.441340042373,102040
2020-06-18,20902.07421875,20902.07421875,20727.16146378138,20902.07421875,114270
2020-06-19,21120.712890625,21164.44107466356,20770.88741831651,20902.0719704322,82980
2020-06-22,21120.712890625,21339.353810817804,20945.800154470755,21251.897442740683,173190
2020-06-23,20989.529296875,21120.71385498047,20902.07292480469,20945.80111083985,248100
2020-06-24,20989.529296875,21076.985668945315,20814.616552734376,20989.529296875,175630
2020-06-25,20989.529296875,20989.529296875,20552.24743652344,20552.24743652344,87440
2020-06-26,20945.802734375,20989.530923799583,20858.346355525835,20989.530923799583,94300
2020-06-29,20333.60546875,20814.6154905914,20202.42091733871,20202.42091733871,157760
2020-06-30,20595.9765625,20814.617502653928,20464.791998407643,20814.617502653928,202580
2020-07-01,20814.6171875,20902.0735622374,20464.79168855042,20595.97625065652,31970
2020-07-02,20989.529296875,21076.985668945315,20683.431994628907,20814.616552734376,126680
2020-07-03,21251.900390625,21339.35677083333,20945.803059895832,20989.53125,183010
2020-07-06,21208.171875,21251.90006443299,21120.71549613402,21251.90006443299,53550
2020-07-07,21251.900390625,21645.4541015625,21208.172200520832,21208.172200520832,172640
2020-07-08,21033.2578125,21383.083306263,20902.07325233888,20902.07325233888,72140
2020-07-09,20989.529296875,21251.89841308594,20945.80111083985,21251.89841308594,121730
2020-07-10,20989.529296875,20989.529296875,20989.529296875,20989.529296875,0
2020-07-13,20858.345703125,21033.258455352465,20814.617515068134,20989.5302672956,104640
2020-07-14,20814.6171875,20902.0735622374,20727.16081276261,20902.0735622374,164910
2020-07-15,20858.345703125,20989.5302672956,20770.889327011268,20814.617515068134,110140
2020-07-16,20989.529296875,21076.985668945315,20814.616552734376,20945.80111083985,119920
2020-07-17,21383.08203125,21383.08203125,20989.52837423313,20989.52837423313,84650
2020-07-20,21689.1796875,21689.1796875,21339.354208669352,21383.082393523186,265210
2020-07-21,21776.63671875,21995.277649661144,21514.267601656626,21514.267601656626,230150
2020-07-22,22476.2890625,22651.2018178502,21864.09441877432,21864.09441877432,418150
2020-07-23,22257.646484375,22563.74378376719,21864.092813727897,22563.74378376719,461440
2020-07-24,21339.357421875,22126.464867763832,20902.075507492315,22126.464867763832,332140
2020-07-27,20071.23828125,20902.07385280501,19940.05371732026,20770.88928887527,377770
2020-07-28,20902.07421875,21251.89972868724,20071.23863264906,20071.23863264906,359630
2020-07-29,20683.4296875,20902.070593287528,20464.78878171248,20902.070593287528,333090
2020-07-30,21514.26953125,21689.182291666664,20683.433919270832,20683.433919270832,102980
2020-07-31,21514.26953125,21864.09505208333,21251.900390625,21251.900390625,138690
2020-08-03,21864.095703125,21864.095703125,21076.9882578125,21339.35740625,158040
2020-08-04,22039.005859375,22301.37497674852,22039.005859375,22301.37497674852,185590
2020-08-05,22301.375,22301.375,21995.277696078432,21995.277696078432,149830
2020-08-06,22126.4609375,22301.3736721838,21995.27638648716,22301.3736721838,101370
2020-08-07,22039.005859375,22213.91860429068,21995.277673146084,22126.46223183284,197460
2020-08-10,22170.189453125,22213.91763745069,21907.82034717086,22213.91763745069,92370
2020-08-11,22170.189453125,22257.64582177638,21995.27671582224,21995.27671582224,111050
2020-08-12,22082.734375,22257.64712252475,22082.734375,22257.64712252475,112820
2020-08-13,22213.919921875,22301.376299520176,22082.735355407232,22301.376299520176,189090
2020-08-14,22257.646484375,22257.646484375,22126.46192749264,22213.918298747543,187930
2020-08-17,22126.4609375,22301.3736721838,21864.091835474308,22257.645488512848,171250
2020-08-18,23001.02734375,23044.755532616444,21951.550810955323,21951.550810955323,710610
2020-08-19,23088.48046875,23438.305930397724,23044.75228604404,23438.305930397724,191040
2020-08-20,22738.65625,23088.481730769232,22651.199879807693,23088.481730769232,101390
2020-08-21,22826.115234375,23088.484375,22651.20247395833,23088.484375,187670
2020-08-24,22869.83984375,23001.024393522945,22651.19892746176,22826.11166049235,346340
2020-08-25,23175.9375,23613.21933962264,22869.84021226415,22869.84021226415,234430
2020-08-26,23001.02734375,23175.94009921578,22957.29915488356,23175.94009921578,286470
2020-08-27,23088.48046875,23350.8495649858,22869.83955522017,23350.8495649858,380400
2020-08-28,22913.572265625,23088.48503101145,21514.270142533394,22957.30045697161,455770
2020-08-31,22301.375,22651.20049019608,21951.54950980392,22651.20049019608,278880
2020-09-01,22345.103515625,22432.55988946306,22039.00620719178,22126.46258102984,76410
2020-09-02,22345.103515625,22345.103515625,22345.103515625,22345.103515625,0
2020-09-03,22301.375,22738.65686274509,22301.375,22738.65686274509,160470
2020-09-04,22257.646484375,22301.374670002457,21864.092813727897,21864.092813727897,126060
2020-09-07,22039.005859375,22301.37497674852,21995.277673146084,22257.6467905196,342630
2020-09-08,22301.375,22476.28774509804,22039.005882352943,22039.005882352943,337990
2020-09-09,22738.65625,23088.481730769232,22301.374399038465,22388.83076923077,339290
2020-09-10,23001.02734375,23613.221987880228,23001.02734375,23175.94009921578,534030
2020-09-11,23001.02734375,23001.02734375,23001.02734375,23001.02734375,0
2020-09-14,22913.572265625,23175.94141370468,22869.844074278382,23175.94141370468,204730
2020-09-15,22913.572265625,23001.028648318224,22651.203117545323,22957.30045697161,202010
2020-09-16,22826.115234375,22913.57161458333,22651.20247395833,22913.57161458333,81860
2020-09-17,22869.83984375,22913.56802700765,22651.19892746176,22826.11166049235,160360
2020-09-18,22913.572265625,23088.48503101145,22738.659500238547,23001.028648318224,192790
2020-09-21,22957.296875,23044.753244047617,22826.11232142857,22913.56869047619,64990
2020-09-22,23001.02734375,23044.755532616444,22869.842777150665,23044.755532616444,333050
2020-09-23,23001.02734375,23088.48372148289,22869.842777150665,23001.02734375,215000
2020-09-24,23088.48046875,23088.48046875,22782.38318980824,23001.024103338063,353740
2020-09-25,23132.212890625,23175.94108134452,22957.300127746927,23088.484699905483,432650
2020-09-28,23263.39453125,23263.39453125,23088.48179041353,23175.938160831767,555350
2020-09-29,23263.39453125,23307.12271645912,23044.75360520442,23263.39453125,683380
2020-09-30,23175.9375,23219.665683962263,23001.02476415094,23219.665683962263,207170
2020-10-01,23088.48046875,23175.93683416193,22957.2959206321,23001.024103338063,193830
2020-10-02,23088.48046875,23132.208651455963,22738.655007102272,23088.48046875,447560
2020-10-05,23088.48046875,23175.93683416193,22957.2959206321,23088.48046875,358720
2020-10-06,22738.65625,23219.66628605769,22738.65625,23219.66628605769,726140
2020-10-07,22738.65625,23044.75354567308,22651.199879807693,22782.384435096155,288350
2020-10-08,22651.201171875,22913.570297417955,22388.832046332045,22913.570297417955,316200
2020-10-09,22301.375,22607.47230392157,22170.19044117647,22520.01593137255,310840
2020-10-12,22607.47265625,23175.939086677947,22301.375347558027,22563.744469294,897120
2020-10-13,22607.47265625,23001.026338853964,22563.744469294,23001.026338853964,280100
2020-10-14,22651.201171875,22738.657547055984,22388.832046332045,22607.472984284508,197230
2020-10-15,22738.65625,22738.65625,22170.18984375,22520.01532451923,605530
2020-10-16,22651.201171875,22694.92935946549,22213.91929597008,22301.37567115106,337890
2020-10-19,22476.2890625,22651.2018178502,22301.376307149803,22563.7454401751,97280
2020-10-20,22520.015625,22563.74381067961,22301.374696601943,22563.74381067961,176740
2020-10-21,22301.375,22520.01593137255,22213.91862745098,22520.01593137255,244210
2020-10-22,22301.375,22388.831372549022,21732.90857843137,22213.91862745098,387600
2020-10-23,22301.375,22301.375,21864.093137254906,21864.093137254906,490940
2020-10-26,22301.375,22301.375,21951.54950980392,22301.375,252290
2020-10-27,22257.646484375,22257.646484375,22039.00555623772,22257.646484375,155690
2020-10-28,21995.28125,22213.9222166998,21820.36847664016,22039.00944333996,186420
2020-10-29,21645.453125,21732.909501262628,21295.627619949497,21514.268560606062,154050
2020-10-30,21601.72265625,21776.635390308704,21339.353555161942,21645.450839764675,127060
2020-11-02,21470.5390625,21601.72361889002,21426.81087703666,21426.81087703666,28430
2020-11-03,21557.998046875,21864.09538222617,21426.81347458164,21470.541665346096,78620
2020-11-04,21601.72265625,21732.90720679403,21339.353555161942,21557.99447273532,226170
2020-11-05,21995.28125,22301.37860337972,21645.45570328032,21645.45570328032,447680
2020-11-06,21864.095703125,22039.00846875,21776.6393203125,21995.28027734375,303800
2020-11-09,21864.095703125,22126.4648515625,21820.36751171875,21951.5520859375,260870
2020-11-10,21864.095703125,21951.5520859375,21820.36751171875,21951.5520859375,343210
2020-11-11,21864.095703125,21951.5520859375,21776.6393203125,21864.095703125,292020
2020-11-12,21864.095703125,22039.00846875,21820.36751171875,22039.00846875,209620
2020-11-13,22388.83203125,22607.472969055176,22039.00653076172,22039.00653076172,580700
2020-11-16,22520.015625,22782.384739077672,22432.55925364078,22738.65655339806,597700
2020-11-17,22651.201171875,22913.570297417955,22563.744796694016,22694.92935946549,275940
2020-11-18,22388.83203125,22738.65753173828,22388.83203125,22651.20115661621,356850
2020-11-19,23088.48046875,23350.8495649858,22388.829545454544,22388.829545454544,971180
2020-11-20,22913.572265625,23307.12598774451,22869.844074278382,23263.3977963979,409600
2020-11-23,23001.02734375,23088.48372148289,22782.386399417777,23044.755532616444,628630
2020-11-24,24575.23828125,24575.23828125,23001.02372942616,23001.02372942616,2614180
2020-11-25,25799.630859375,26149.456362552966,25362.34898040254,25449.80535619704,1175650
2020-11-26,25318.619140625,25887.085546200346,25012.5218453152,25712.172806023314,816010
2020-11-27,25362.34765625,25406.07584186422,24925.06580010776,25099.97854256465,1064770
2020-11-30,27111.4765625,27111.4765625,25449.805418346776,25799.63092237904,1336040
2020-12-01,27723.669921875,28948.05912978115,26674.193457955444,27111.47531792193,970500
2020-12-02,27286.388671875,28379.59334622897,26936.56317608173,27636.21416766827,1011390
2020-12-03,27548.759765625,27986.041666666664,27024.021484375,27286.390625,1208280
2020-12-04,27155.203125,28335.86413043478,27155.203125,27636.213164251207,814750
2020-12-07,27286.388671875,27898.583289513223,26936.56317608173,27155.204110952527,865710
2020-12-08,27286.388671875,27767.398728590742,27155.204110952527,27286.388671875,549070
2020-12-09,27548.759765625,27898.58528645833,27198.934244791664,27286.390625,879960
2020-12-10,26236.912109375,27548.75771484375,26236.912109375,27548.75771484375,720780
2020-12-11,26411.82421875,26761.64970509106,25799.629617653147,26761.64970509106,879170
2020-12-14,26980.2890625,27111.47361223663,26061.9972143436,26717.919963026743,997270
2020-12-15,27723.669921875,28160.95178184148,26980.29075993198,27198.93168991522,896280
2020-12-16,27723.669921875,28073.495409848187,27505.02899189176,27723.669921875,1109440
2020-12-17,27155.203125,27723.66953502416,27111.474939613527,27636.213164251207,677750
2020-12-18,27898.58203125,28248.407511265672,26805.37740620102,27155.20288621669,1085220
2020-12-21,28510.779296875,29166.70213345955,28073.49740581864,28073.49740581864,830150
2020-12-22,28423.3203125,28510.77668269231,27723.66935096154,28423.3203125,657390
2020-12-23,27986.0390625,28773.146411132813,27986.0390625,28510.77729492188,581250
2020-12-24,26761.650390625,27986.03962418301,26105.72758693321,27854.85506344465,1068530
2020-12-25,26980.2890625,27111.47361223663,26193.18176408023,26761.648146272288,707280
2020-12-28,26892.833984375,27461.30039380081,26717.92124301321,27024.018540396344,701100
2020-12-29,27636.21484375,28248.409476364715,26761.651082871835,26892.83564700356,623300
2020-12-30,29560.255859375,29560.255859375,27636.21553716716,27986.04105029585,2349100
2020-12-31,29560.255859375,30259.9068856324,29516.52767023391,29647.71223765717,704370
2021-01-01,29560.255859375,29560.255859375,29560.255859375,29560.255859375,0
2021-01-04,29866.3515625,30609.730737554903,29297.88513451684,29560.25425512445,57960
2021-01-05,29735.16796875,30041.26528607537,29297.88608685662,29297.88608685662,83220
2021-01-06,29490.9765625,29941.908925840977,29310.603617163608,29761.535980504585,69880
2021-01-07,30212.46875,30347.74846082089,29355.69724813433,29490.976958955223,59930
2021-01-08,29490.9765625,30212.468343845565,29310.603617163608,30212.468343845565,127840
2021-01-11,28679.296875,29490.9750884434,27506.87278891509,29400.788620283016,127210
2021-01-12,28994.953125,29310.60580287714,28408.74100894246,28589.1139677294,77780
2021-01-13,28634.20703125,29130.232664862204,28544.020552411417,28994.952946604328,99070
2021-01-14,28498.927734375,28814.58041497725,28047.995333514635,28814.58041497725,90170
2021-01-15,28589.11328125,28679.29975847792,28318.553849566248,28498.92680402208,64740
2021-01-18,28183.2734375,28679.29905,28138.1802,28589.112575,105210
2021-01-19,26514.82421875,28183.27404203869,26244.264787946428,28183.27404203869,118070
2021-01-20,26154.078125,26650.103744612068,24711.094504310346,26154.078125,73710
2021-01-21,26965.755859375,27010.849096598035,26154.077589360368,26154.077589360368,34430
2021-01-22,27597.0625,27957.80841503268,26920.663909313724,26920.663909313724,53390
2021-01-25,27597.0625,27867.621936274507,27416.68954248366,27597.0625,40100
2021-01-26,26424.638671875,27551.969673234853,25973.70627133105,27551.969673234853,54900
2021-01-27,25252.21484375,26875.571512276787,25116.935121372768,26424.63910435268,58870
2021-01-28,23493.578125,24666.00236924184,23493.578125,24666.00236924184,72970
2021-01-29,24936.560546875,25071.84026051085,22997.551318094484,23448.48369688065,41460
2021-02-01,23628.857421875,24981.654602516697,23448.484464456105,24981.654602516697,48700
2021-02-02,24485.626953125,24711.09313133057,23628.85547594383,23628.85547594383,48850
2021-02-03,25703.146484375,25703.146484375,24350.349300986843,24891.468174342102,55270
2021-02-04,25297.306640625,26154.07816677808,24981.65397309492,25297.306640625,30580
2021-02-05,25522.7734375,25703.14639465548,25207.12076247792,25432.58695892226,19500
2021-02-08,24891.46875,25928.61328125,24350.34986413044,25522.774116847828,34080
2021-02-09,24891.46875,24891.46875,24891.46875,24891.46875,0
2021-02-10,24891.46875,24891.46875,24891.46875,24891.46875,0
2021-02-11,24891.46875,24891.46875,24891.46875,24891.46875,0
2021-02-12,24891.46875,24891.46875,24891.46875,24891.46875,0
2021-02-15,24891.46875,24891.46875,24891.46875,24891.46875,0
2021-02-16,24891.46875,24891.46875,24891.46875,24891.46875,0
2021-02-17,26785.384765625,26785.384765625,25612.96051662458,26063.89292008628,50700
2021-02-18,27101.037109375,27371.596548070924,26244.26555350457,26785.38443089642,40020
2021-02-19,27957.80859375,28273.46127142137,27055.943800403224,27146.130279737903,57330
2021-02-22,27777.435546875,28047.99498401989,27506.87610973012,28047.99498401989,28520
2021-02-23,27506.875,27777.43442622951,27146.129098360656,27777.43442622951,23870
2021-02-24,27461.783203125,27822.5291236915,27281.410242841743,27506.87644319581,31940
2021-02-25,27416.689453125,27732.342127749795,27371.596213892884,27506.875931589228,27970
2021-02-26,27732.33984375,27777.43307926829,27101.034546493906,27146.1277820122,34280
2021-03-01,27687.248046875,28183.27366334996,27687.248046875,27867.62099832044,38100
2021-03-02,27642.15625,27867.62245106036,27416.69004893964,27777.435970636216,60520
2021-03-03,29310.60546875,29310.60546875,27506.87590144231,27642.155618990382,179570
2021-03-04,28589.11328125,29671.351007985017,28228.36737233833,29671.351007985017,39540
2021-03-05,28769.486328125,29040.0457606779,27732.34183667221,28318.55394053684,28800
2021-03-08,28859.671875,29130.231298828126,28589.11245117188,28769.485400390626,73590
2021-03-09,29400.79296875,29671.3524132477,27957.80926476227,28859.6740797546,135550
2021-03-10,29400.79296875,29671.3524132477,29220.420005751534,29581.165931748463,59990
2021-03-11,29671.3515625,30032.097478153493,29175.325928476443,29400.79212575988,72900
2021-03-12,29671.3515625,29941.91099924012,29490.97860467325,29490.97860467325,73690
2021-03-15,29220.419921875,29761.53880931713,29130.233440634645,29761.53880931713,44640
2021-03-16,28498.927734375,29220.41957575158,28273.461533944817,29220.41957575158,48980
2021-03-17,28408.7421875,28634.2083953373,28228.36922123016,28634.2083953373,22060
2021-03-18,28589.11328125,28724.39299709188,28408.740326794166,28408.740326794166,22460
2021-03-19,28544.021484375,28679.301207049764,27957.80935278436,28544.021484375,20710
2021-03-22,28814.580078125,29536.07191106709,28544.02064077172,28544.02064077172,47500
2021-03-23,28544.021484375,28859.674170616112,28228.368798133884,28859.674170616112,15010
2021-03-24,27687.248046875,28498.92632837948,27326.50214398412,28138.1804254886,28320
2021-03-25,27597.0625,28228.367851307183,27461.782781862745,27687.24897875817,40200
2021-03-26,27055.943359375,27912.714899088543,26695.197447916667,27597.062226562502,53720
2021-03-29,28093.0859375,28093.0859375,27055.94151284109,27506.873871388445,28600
2021-03-30,28769.486328125,28769.486328125,27822.52831418985,28093.08774674275,24380
2021-03-31,28589.11328125,28769.48623570584,28498.92680402208,28769.48623570584,12010
2021-04-01,28769.486328125,28994.95252191908,28498.92689557209,28498.92689557209,27430
2021-04-02,28679.296875,29130.229215801886,28679.296875,28859.66981132076,25020
2021-04-05,28589.11328125,29310.605099073346,28408.740326794166,29310.605099073346,28600
2021-04-06,28363.6484375,28589.11464129571,28228.368715222576,28589.11464129571,10930
2021-04-07,28679.296875,28859.66981132076,27506.87278891509,28769.483343160377,45890
2021-04-08,28408.7421875,28814.581361607143,27957.8097718254,28769.48812003968,7450
2021-04-09,28183.2734375,28408.739625,28138.1802,28408.739625,11800
2021-04-12,28589.11328125,28589.11328125,28138.18089511041,28138.18089511041,41270
2021-04-13,28228.369140625,28679.30155501198,28138.18265774761,28453.83534781849,30280
2021-04-14,28138.181640625,28228.368120242387,27867.62220177284,27957.808681390223,21650
2021-04-15,27732.33984375,28093.08572789634,27506.87366615854,27957.806021341465,42340
2021-04-16,26785.384765625,27732.34281289457,26559.91856389415,27732.34281289457,41280
2021-04-19,27055.943359375,27055.943359375,26334.45153645833,27055.943359375,15120
2021-04-20,26920.6640625,27236.316739949747,26830.477583228643,27236.316739949747,20120
2021-04-21,26920.6640625,26920.6640625,26920.6640625,26920.6640625,0
2021-04-22,26695.19921875,27055.94515413852,26695.19921875,27055.94515413852,28010
2021-04-23,26695.19921875,26785.385702597127,26334.453283361487,26695.19921875,38820
2021-04-26,26154.078125,26695.19698275862,26154.078125,26695.19698275862,22130
2021-04-27,26063.892578125,26154.07905763408,25838.42637935229,26154.07905763408,10170
2021-04-28,26018.798828125,26154.0785447357,25928.612350384534,26154.0785447357,12540
2021-04-29,26018.798828125,26605.010933438043,25883.5191115143,26605.010933438043,24430
2021-04-30,26018.798828125,26018.798828125,26018.798828125,26018.798828125,0
2021-05-03,26018.798828125,26018.798828125,26018.798828125,26018.798828125,0
2021-05-04,26244.265625,26334.452104811,25252.21434707904,25252.21434707904,46880
2021-05-05,26514.82421875,26875.57012648809,25973.70535714285,26154.078311011905,64250
2021-05-06,26514.82421875,26965.75660342262,26424.63774181548,26965.75660342262,29440
2021-05-07,26289.357421875,26605.01008388722,26199.170947014365,26514.823609026585,45730
2021-05-10,26063.892578125,26605.011455179498,26063.892578125,26154.07905763408,45160
2021-05-11,26154.078125,26514.82403017241,26063.891648706896,26154.078125,36610
2021-05-12,26514.82421875,26514.82421875,26154.078311011905,26154.078311011905,22230
2021-05-13,27055.943359375,27055.943359375,26424.63801432292,26469.73125325521,53390
2021-05-14,26605.01171875,27055.94412076271,26514.825238347457,27055.94412076271,15890
2021-05-17,25973.705078125,26695.19688585069,25793.33212619357,26514.82393391928,46490
2021-05-18,25973.705078125,26740.29012383355,25793.33212619357,25793.33212619357,38850
2021-05-19,26063.892578125,26063.892578125,25793.333139597748,25973.70609861592,14280
2021-05-20,25973.705078125,26154.078030056426,25883.51860215929,26063.891554090715,17110
2021-05-21,26063.892578125,26244.265537143165,25793.333139597748,25883.51961910683,44910
2021-05-24,26875.572265625,27461.78441235844,26108.9871506659,26154.08039272232,64620
2021-05-25,26785.384765625,27416.69013047138,26063.89292008628,26875.57124631734,25270
2021-05-26,26469.73046875,27055.942557495742,26244.26428077087,26379.54399355835,62820
2021-05-27,26514.82421875,27416.68898809524,26244.264787946428,26605.010695684523,52180
2021-05-28,27010.849609375,27055.942847454087,26514.823990505007,26514.823990505007,31680
2021-05-31,27010.849609375,27101.03608553318,26469.73075242592,26965.75637129591,43730
2021-06-01,27867.623046875,28047.996011579693,27010.85146452771,27055.94470570388,93750
2021-06-02,28994.953125,28994.953125,27687.24917379472,27867.62213258165,90880
2021-06-03,28994.953125,29265.512563180404,28273.461289852257,29265.512563180404,50490
2021-06-04,28724.39453125,29220.42018249608,28498.92832613815,28679.30129022763,40890
2021-06-07,28769.486328125,28859.67280564264,28228.3674630192,28724.39308936618,593100
2021-06-08,28769.486328125,28769.486328125,28769.486328125,28769.486328125,0
2021-06-09,30528.12109375,30663.400803175773,28724.39163473966,29040.044290066468,1113500
2021-06-10,29941.912109375,30618.31072630365,29941.912109375,30573.217485175075,621600
2021-06-11,30212.46875,30843.77406716418,29941.90932835821,29941.90932835821,248800
2021-06-14,30979.056640625,30979.056640625,30077.191818481624,30212.47154180313,682200
2021-06-15,32196.572265625,32557.31817336309,31114.33454241072,31114.33454241072,1029100
2021-06-16,32286.755859375,32918.06114154155,31384.891170565643,31655.45057720845,605400
2021-06-17,32376.94921875,32376.94921875,31384.897849930363,32106.389754526463,640600
2021-06-18,32422.0390625,32557.3187804242,32061.293148035464,32061.293148035464,557100
2021-06-21,31971.107421875,32422.039825568583,31745.64122002821,32422.039825568583,406500
2021-06-22,32106.38671875,32467.1326369382,31790.734040335323,32467.1326369382,389300
2021-06-23,31655.45703125,32106.389467592595,31384.897569444445,32106.389467592595,523200
2021-06-24,31880.91796875,32331.850330401343,31384.89237093352,31384.89237093352,373900
2021-06-25,31880.91796875,32061.290913410536,31475.07884326379,31475.07884326379,271300
2021-06-28,32016.201171875,32106.387654049297,31384.89579665493,31790.73496643926,435000
2021-06-29,31880.91796875,32106.38414957567,31745.6382602546,31926.011204915136,324000
2021-06-30,31880.91796875,32061.290913410536,31655.45178792433,32016.197677245404,48800
2021-07-01,31565.265625,31926.011517857143,31069.240022321428,31880.91828125,556800
2021-07-02,30483.03125,31475.082562869826,30483.03125,31384.89607988166,513400
2021-07-05,30483.03125,30483.03125,30483.03125,30483.03125,0
2021-07-06,30483.03125,30483.03125,30483.03125,30483.03125,0
2021-07-07,30483.03125,30483.03125,30483.03125,30483.03125,0
2021-07-08,30483.03125,30483.03125,30483.03125,30483.03125,0
2021-07-09,30979.056640625,31565.2687750182,30032.09857737445,30122.2850595888,345600
2021-07-12,30979.056640625,30979.056640625,30979.056640625,30979.056640625,0
2021-07-13,31024.14453125,31475.07686455305,30663.39866460756,31384.890397892443,93000
2021-07-14,31024.14453125,31024.14453125,31024.14453125,31024.14453125,0
2021-07-15,31204.51953125,31475.07894915101,29806.629205428108,30483.02775018064,214700
2021-07-16,31204.51953125,31204.51953125,31204.51953125,31204.51953125,0
2021-07-19,32827.87890625,33278.81130880838,32557.31946471497,33098.43834778503,774800
2021-07-20,32827.87890625,33098.43834778503,32467.132984203297,32557.31946471497,294100
2021-07-21,34541.421875,34721.794835182765,32827.87875326371,32918.06523335509,1530900
2021-07-22,34631.6015625,35082.53387451172,34270.855712890625,34766.88125610352,607800
2021-07-23,34180.671875,34766.88392562665,34180.671875,34631.604221635884,523700
2021-07-26,34766.88671875,34947.25967189526,33368.99633187419,33594.462523305774,971500
2021-07-27,34000.3046875,35082.542502486736,33955.211445208886,35082.542502486736,714300
2021-07-28,32918.0625,34000.30017123288,32918.0625,33414.08809931507,892800
2021-07-29,33278.80859375,33368.99506690379,32512.223571942748,32918.06270113482,419400
2021-07-30,33143.53125,33549.37040816327,32872.97181122449,33188.62448979592,620900
2021-08-02,34180.671875,34270.85834432718,32557.31542711081,32918.06130441953,149250000
2021-08-03,34721.796875,34902.16984577922,34270.86444805195,34270.86444805195,835100
2021-08-04,34721.796875,34721.796875,34721.796875,34721.796875,0
2021-08-05,35533.46875,36705.89284581219,34090.48524746193,34270.85818527919,1316000
2021-08-06,34496.32421875,35713.84154411765,34496.32421875,35713.84154411765,611400
2021-08-09,34586.515625,34947.26155068449,34270.86294002608,34361.0494214472,693800
2021-08-10,34586.515625,34586.515625,34586.515625,34586.515625,0
2021-08-11,34541.421875,35443.28667591384,34541.421875,35353.10019582245,811300
2021-08-12,33865.0234375,34541.42204144474,33368.9977946072,34541.42204144474,764400
2021-08-13,33684.65234375,33865.02531480087,33368.99964441098,33368.99964441098,637300
2021-08-16,34721.796875,34766.890117694806,33639.55905032468,33639.55905032468,805900
2021-08-17,34721.796875,34721.796875,34721.796875,34721.796875,0
2021-08-18,34090.4921875,34811.98408564815,33729.74623842593,34090.4921875,411500
2021-08-19,34631.6015625,34766.88125610352,33819.923400878906,33819.923400878906,718600
2021-08-20,33819.9296875,34992.35391666667,33639.55672916667,34721.79447916667,730500
2021-08-23,34361.046875,34451.23334973753,33368.99565288714,33368.99565288714,630100
2021-08-24,34090.4921875,34451.23813657407,33594.46650752315,34451.23813657407,457300
2021-08-25,33910.11328125,34090.48622423537,33368.99445229388,33910.11328125,405200
2021-08-26,36254.9609375,36254.9609375,33459.18036769279,34135.57889264615,2061200
2021-08-27,37066.64453125,37878.32287864964,35804.033768628346,36254.96618385037,690300
2021-08-30,37427.38671875,38058.69203689759,36570.6152155497,37066.640822665664,659900
2021-08-31,36660.8046875,37247.01681657441,36525.5249654059,37247.01681657441,527100
2021-09-01,36886.26953125,37427.3883996791,36254.96418474939,36615.71009703545,556300
2021-09-02,36886.26953125,36886.26953125,36886.26953125,36886.26953125,0
2021-09-03,36886.26953125,36886.26953125,36886.26953125,36886.26953125,0
2021-09-06,37652.859375,37968.51208832336,36615.71474550898,36886.274214071855,685500
2021-09-07,36705.89453125,37788.132207847055,36705.89453125,37697.9457347973,405700
2021-09-08,36705.89453125,36705.89453125,36705.89453125,36705.89453125,0
2021-09-09,37427.38671875,37788.132614834336,36435.33550451807,36660.801689570784,390800
2021-09-10,37111.734375,37788.132935905225,37066.64113760632,37427.38703675577,181700
2021-09-13,36254.9609375,37607.75798740672,36254.9609375,37247.01210743159,446000
2021-09-14,35533.46875,36345.14697017767,35533.46875,35939.30786008883,444000
2021-09-15,35984.40625,35984.40625,34902.168468045114,35533.47384085213,387500
2021-09-16,36435.33984375,36976.45875232054,35984.40741994121,36345.15335898824,262500
2021-09-17,36209.87109375,36886.26968205168,36209.87109375,36886.26968205168,281200
2021-09-20,36074.58984375,36976.45458984375,35894.21689453125,36435.3357421875,316700
2021-09-21,36074.58984375,36074.58984375,36074.58984375,36074.58984375,0
2021-09-22,36074.58984375,36074.58984375,36074.58984375,36074.58984375,0
2021-09-23,37066.64453125,38013.60260321624,36345.15266689477,36705.89859907239,579800
2021-09-24,36435.33984375,37517.57766089109,36435.33984375,37517.57766089109,16530000
2021-09-27,35353.09765625,36705.89476044324,35353.09765625,36525.52181321748,233000
2021-09-28,36254.9609375,36254.9609375,34811.977417599504,34811.977417599504,256400
2021-09-29,35804.03125,36254.96363350126,35758.93801164988,36254.96363350126,118000
2021-09-30,36705.89453125,36886.26747734951,35849.123037277335,36209.86892947635,288000
2021-10-01,36254.9609375,36976.45269745025,36074.58799751244,36976.45269745025,150800
2021-10-04,36525.51953125,37247.01127507716,36164.77365933642,36164.77365933642,42980000
2021-10-05,36570.6171875,36976.45634247842,36435.33746917386,36525.52394805796,175100
2021-10-06,36570.6171875,36570.6171875,36570.6171875,36570.6171875,0
2021-10-07,38870.37109375,39682.04937645012,38780.18461789443,39682.04937645012,353700
2021-10-08,38870.37109375,38870.37109375,38870.37109375,38870.37109375,0
2021-10-11,38870.37109375,38870.37109375,38870.37109375,38870.37109375,0
2021-10-12,39095.83984375,39501.6790116782,38870.373639345446,39050.74660286909,285200
2021-10-13,38780.1875,39186.02667151163,38690.00101744186,39140.93343023256,241800
2021-10-14,38780.1875,38780.1875,38780.1875,38780.1875,0
2021-10-15,38148.87890625,39501.67603058511,38148.87890625,39501.67603058511,541000
2021-10-18,38148.87890625,38148.87890625,38148.87890625,38148.87890625,0
2021-10-19,38960.55859375,39050.74507197627,37427.38846390336,37697.94789858218,862000
2021-10-20,38509.62890625,39050.74781359778,38419.44242169204,38960.56132903981,441600
2021-10-21,39591.859375,39591.859375,38329.24882545558,38509.62176110478,513900
2021-10-22,39591.859375,39772.2323106492,38870.36763240319,39591.859375,382200
2021-10-25,39591.859375,39591.859375,39591.859375,39591.859375,0
2021-10-26,39591.859375,39591.859375,39591.859375,39591.859375,0
2021-10-27,39591.859375,39591.859375,39591.859375,39591.859375,0
2021-10-28,39772.234375,39817.32761125283,38870.36964994331,39456.58172123016,425200
2021-10-29,40042.796875,41034.84814893018,39952.610395551805,40042.796875,372300
2021-11-01,40042.796875,40042.796875,40042.796875,40042.796875,0
2021-11-02,41485.77734375,40583.912618885865,39682.047894021736,40313.35320142663,348200
2021-11-03,39682.0546875,40583.91956676136,39321.30873579545,40583.91956676136,384600
2021-11-04,39772.234375,40087.887028769845,39411.48848497732,39682.047902494334,150600
2021-11-05,40313.3515625,40313.3515625,39276.20717107103,40132.97862486018,319900
2021-11-08,41125.03515625,41485.78107867325,40132.98386958608,40132.98386958608,389400
2021-11-09,40674.10546875,41485.783848392464,40583.91898212306,41079.94465857123,247100
2021-11-10,40809.37890625,40944.65861533149,40313.35330628453,40674.09919716851,231200
2021-11-11,40764.2890625,41485.78090431416,40132.98370091261,40854.47554272677,322400
2021-11-12,40854.4765625,41305.40897488962,40764.29008002208,40854.4765625,131000
2021-11-15,40132.984375,41079.94243328652,40087.89113412921,40944.66271067416,373800
2021-11-16,40132.984375,40223.17085674157,39862.42492977528,40132.984375,251200
2021-11-17,41305.40625,41485.779203056765,40583.914437772924,41485.779203056765,304500
2021-11-18,40899.56640625,41260.31230619487,40583.91374379824,41215.219068701765,348900
2021-11-19,41125.03515625,41485.78107867325,40989.755435341285,41079.94191594709,617300
2021-11-22,41079.94140625,41350.500844710485,40854.47520753293,41305.40760496707,499300
2021-11-23,42387.64453125,43289.50930851064,41034.84736535904,41079.94060422207,336600
2021-11-24,44011.00390625,44191.376873078894,42658.2066550333,42658.2066550333,354400
2021-11-25,43740.44140625,44191.37379188144,43560.068451997424,43830.627883376284,250200
2021-11-26,43018.953125,43965.91121265723,42342.55449095912,43740.44500131027,182200
2021-11-29,42838.57421875,43289.50657894737,41395.59066611842,41395.59066611842,140200
2021-11-30,42387.64453125,42838.57691988032,41936.71214261968,42748.390442154254,189400
2021-12-01,42387.64453125,42658.20396442819,41485.77975398936,42342.55129238697,251400
2021-12-02,42387.64453125,42793.483681017286,42026.89862034575,42387.64453125,183400
2021-12-03,41034.84765625,42342.55159254808,41034.84765625,42117.08539663462,240000
2021-12-06,40764.2890625,41034.84850318032,40042.79722068584,41034.84850318032,151200
2021-12-07,40764.2890625,41034.84850318032,40223.17018113938,40719.19582238662,594800
2021-12-08,40764.2890625,40809.38230261339,40583.91610204646,40809.38230261339,325200
2021-12-09,40854.4765625,41079.94276869481,40629.01035630519,40764.29008002208,394100
2021-12-10,41395.59375,41395.59375,40764.28839869281,40989.75459558823,1650700
2021-12-13,42613.11328125,42658.20652281746,41575.968725198414,41936.7146577381,1309600
2021-12-14,42838.57421875,43244.41334292763,42477.82833059211,42613.10803865132,579800
2021-12-15,42613.11328125,42838.5794890873,41575.968725198414,42297.46059027778,745100
2021-12-16,41666.15234375,42477.83063616071,41575.96586681547,42477.83063616071,341300
2021-12-17,41034.84765625,41711.24624399038,40854.47469951923,41485.78004807692,622800
2021-12-20,40223.16796875,41125.03272141256,39772.23559241872,40854.47329561379,674600
2021-12-21,41125.03515625,41395.59459806744,39772.23794716283,40223.17035019189,454100
2021-12-22,41305.40625,42297.45749181222,41125.03329694323,41125.03329694323,408900
2021-12-23,40538.82421875,41485.78229282536,39682.05262791991,41305.40932633481,695000
2021-12-24,40223.16796875,41034.8462461463,40042.79501821749,40583.91386981502,132700
2021-12-27,39862.421875,40583.913673642535,39727.14216275453,40313.354249151584,140300
2021-12-28,40944.65625,41079.93595126652,39907.51187362335,39907.51187362335,291300
2021-12-29,40313.3515625,40944.65684423938,40268.25832809004,40944.65684423938,79900
2021-12-30,40223.16796875,40493.72739454877,40132.98149348374,40403.54091928251,157800
2021-12-31,39603.94921875,40619.43509615385,39603.94921875,40619.43509615385,216100
2022-01-03,39603.94921875,39603.94921875,39603.94921875,39603.94921875,0
2022-01-04,40065.52734375,40711.745526713705,37849.92214501728,39603.94292734735,189200
2022-01-05,39696.26171875,40850.222815225294,39603.94483103198,40850.222815225294,193900
2022-01-06,39234.6796875,39696.264154411765,38819.25366727941,39696.264154411765,315500
2022-01-07,40711.74609375,40711.74609375,38819.2499601403,38819.2499601403,425200
2022-01-10,40804.0625,41542.5975678733,39696.259898190045,40711.74561651584,310300
2022-01-11,40434.796875,40619.43065068493,39973.21243578768,40619.43065068493,160100
2022-01-12,41265.64453125,41357.961409395975,40342.47574979027,40388.63418886326,337900
2022-01-13,41958.0234375,41958.0234375,40942.537721740926,41450.28057962046,241700
2022-01-14,41958.0234375,42004.18187912541,40757.90395523928,41542.59746287129,303900
2022-01-17,41265.64453125,41958.0211173448,40988.69389681208,41958.0211173448,223100
2022-01-18,40850.22265625,41542.599311440674,40757.90576889124,41265.6486493644,185100
2022-01-19,41357.96875,42004.18701171875,40804.0673828125,40804.0673828125,130900
2022-01-20,41450.28125,41634.91501948775,41081.0137110245,41357.96436525613,273600
2022-01-21,41357.96875,41588.760986328125,41127.17651367188,41450.28564453125,388500
2022-01-24,40896.37890625,41404.12175948786,40896.37890625,41357.96331828442,213300
2022-01-25,41173.33203125,41173.33203125,40388.63848356923,40619.43070347534,234600
2022-01-26,40942.54296875,41542.60278678129,40757.90917858653,41542.60278678129,195700
2022-01-27,40896.37890625,40942.53734745344,39788.57631736738,40942.53734745344,161200
2022-01-28,40804.0625,40942.537825226245,40296.3196408371,40850.22094174208,98200
2022-01-31,40804.0625,40804.0625,40804.0625,40804.0625,0
2022-02-01,40804.0625,40804.0625,40804.0625,40804.0625,0
2022-02-02,40804.0625,40804.0625,40804.0625,40804.0625,0
2022-02-03,40804.0625,40804.0625,40804.0625,40804.0625,0
2022-02-04,40804.0625,40804.0625,40804.0625,40804.0625,0
2022-02-07,40619.43359375,41173.3349609375,39557.78930664063,41173.3349609375,500800
2022-02-08,41173.33203125,41450.282695137335,39927.05404375701,39927.05404375701,321000
2022-02-09,42927.3515625,42927.3515625,41127.17230342742,41219.48918850807,1013800
2022-02-10,43850.51953125,43850.51953125,42650.4000493421,42742.71693256579,758800
2022-02-11,43296.62109375,43850.52242970416,43204.30420442431,43388.937983075695,190200
2022-02-14,44173.6328125,44589.058826410655,42465.770310867294,42881.19632477795,595200
2022-02-15,44173.6328125,44173.6328125,44173.6328125,44173.6328125,0
2022-02-16,44127.47265625,44496.74020985879,44035.155767847806,44219.789544652194,303500
2022-02-17,44127.47265625,44219.789544652194,43296.62066063023,44127.47265625,211000
2022-02-18,43942.8359375,44173.6281430541,43388.93464417016,43942.8359375,231500
2022-02-21,46989.29296875,46989.29296875,44035.1527428168,44035.1527428168,1565800
2022-02-22,47543.1953125,48189.41350121359,46158.44205097087,46989.29400788835,836700
2022-02-23,47543.1953125,47820.14596480582,46620.02647148058,47820.14596480582,250600
2022-02-24,45696.859375,47358.56335227272,44312.10606060606,47081.612689393936,792700
2022-02-25,45973.80859375,46989.29432574046,45604.541054844376,45696.85793957079,320100
2022-02-28,45004.48046875,46158.44150641026,44866.00514423077,45696.85709134616,392400
2022-03-01,45696.859375,46435.3944760101,44496.739835858585,45004.48271780303,422200
2022-03-02,45096.80078125,46343.07879669908,44958.325446200106,45142.95922626664,311300
2022-03-03,45604.5390625,45881.48970457996,44589.05337487348,45419.90530111336,236300
2022-03-04,45604.5390625,45789.17282388664,44958.32089764676,45789.17282388664,298200
2022-03-07,46158.4453125,47358.564890625,45235.27640625,45604.54396875,468200
2022-03-08,45466.06640625,46620.02748255076,45096.79886183376,46158.44305203046,388600
2022-03-09,44404.421875,45512.22449974012,42327.29195361226,45512.22449974012,466500
2022-03-10,45235.2734375,45789.17474489796,44404.42147640306,44542.89680325255,322900
2022-03-11,43896.6796875,45142.95765970032,43435.09525335173,45050.64077287066,341500
2022-03-14,42927.3515625,43942.83729838709,42927.3515625,43896.67885584677,360400
2022-03-15,44219.7890625,44589.05661208247,41542.599328027136,42927.352638961376,389000
2022-03-16,45281.4296875,45281.4296875,43758.20116590214,44265.94400643476,287000
2022-03-17,45327.58984375,45835.33270350687,44773.68854219704,45189.11451836176,145000
2022-03-18,45373.75,45373.75,44773.69023397762,44773.69023397762,111600
2022-03-21,45696.859375,45789.17626262626,45235.274936868685,45604.542487373736,232500
2022-03-22,45466.06640625,45881.49239371828,45419.90796319797,45696.85862151015,210700
2022-03-23,45235.2734375,45512.22409119898,44866.0058992347,45512.22409119898,144800
2022-03-24,46620.02734375,46804.66111540842,44773.68962716584,44773.68962716584,356400
2022-03-25,47081.609375,47543.19378063725,46527.7080882353,46620.02496936274,317300
2022-03-28,47727.828125,48466.36318302708,46527.708655706,46527.708655706,337400
2022-03-29,49112.58203125,49851.1170993891,47173.92747738487,47635.5118949718,484500
2022-03-30,48466.36328125,49112.58145833333,47820.145104166666,49112.58145833333,254800
2022-03-31,47912.46484375,49389.53505087909,47820.14795580443,48743.31683526012,206800
2022-04-01,48374.05078125,49851.12103411259,47358.56498240696,47912.46632723044,385700
2022-04-04,48835.63671875,49020.27050596645,47266.24952741021,48374.05225070888,301400
2022-04-05,48927.94921875,49112.58298938679,48004.78036556604,48927.94921875,174100
2022-04-06,49758.80078125,49943.434550382655,48927.94882015306,48927.94882015306,250900
2022-04-07,48927.94921875,49851.11807193396,48927.94921875,49851.11807193396,336700
2022-04-08,48927.94921875,49297.216760023584,48189.41413620283,48189.41413620283,406300
2022-04-11,48927.94921875,48927.94921875,48927.94921875,48927.94921875,0
2022-04-12,49112.58203125,49851.1170993891,48743.31449718045,48927.94826421522,344700
2022-04-13,49851.12109375,49851.12109375,48374.05083912037,48374.05083912037,208600
2022-04-14,53266.84375,53266.84375,49574.16827339688,50312.70336871751,803600
2022-04-15,54466.96484375,55390.13373940677,53266.84527939618,53543.79594809322,289600
2022-04-18,55759.3984375,56313.29974648179,53451.47631674256,54466.96204987583,437100
2022-04-19,56774.8828125,57236.46722560976,54928.54516006098,55390.129573170736,387500
2022-04-20,54466.96484375,56590.25330376059,54466.96484375,56590.25330376059,440200
2022-04-21,51235.875,55574.76891891892,51235.875,53543.7972972973,831300
2022-04-22,51697.45703125,52712.94279436384,48650.99974190848,51697.45703125,955400
2022-04-25,49389.53515625,51235.87291910047,48097.09872225468,50866.60536653038,647500
2022-04-26,50128.06640625,50128.06640625,46158.44052140884,46712.34180766575,543100
2022-04-27,48835.63671875,50220.39012287335,48004.784676276,50128.07322926512,384700
2022-04-28,48004.78125,49574.16832932692,48004.78125,48189.41502403846,266700
2022-04-29,49204.90234375,49389.5361236515,48189.41655429175,48189.41655429175,196900
2022-05-02,49204.90234375,49204.90234375,49204.90234375,49204.90234375,0
2022-05-03,49204.90234375,49204.90234375,49204.90234375,49204.90234375,0
2022-05-04,49574.171875,50774.291492085664,48927.953619646185,48927.953619646185,185100
2022-05-05,49666.484375,50312.70257318773,48466.36486407992,49851.118145910776,222000
2022-05-06,46712.34375,49112.58275691699,46620.026865118576,48743.3152173913,534600
2022-05-09,43481.25390625,48097.09826997081,43481.25390625,46620.02807358015,586700
2022-05-10,45743.01953125,46435.3962143668,41634.91787809031,41634.91787809031,299800
2022-05-11,47912.46484375,48004.78173169557,46066.12708483864,46066.12708483864,152000
2022-05-12,45050.64453125,47727.83447265625,44819.85229492188,44819.85229492188,239000
2022-05-13,44312.10546875,46158.443196614586,43619.72882080078,45050.64055989584,277400
2022-05-16,43942.8359375,46989.29305081407,43942.8359375,45281.43072971376,79900
2022-05-17,46158.4453125,46158.4453125,43388.938593750005,43388.938593750005,144400
2022-05-18,45789.17578125,47081.61219443044,45789.17578125,47081.61219443044,238400
2022-05-19,45050.64453125,45743.021240234375,45050.64453125,45235.2783203125,144300
2022-05-20,44819.8515625,45512.228260169926,44312.10865087539,45235.27758110195,187000
2022-05-23,44866.0078125,45696.85980902778,43481.25448495371,45650.70136477624,346100
2022-05-24,44773.69140625,45142.95896423969,44358.2654035116,44773.69140625,107700
2022-05-25,47081.609375,47081.609375,44681.37046568628,45235.27175245098,405500
2022-05-26,46066.125,47266.24448897796,46066.125,47266.24448897796,168800
2022-05-27,46343.07421875,46435.39109966384,45789.172933266935,45789.172933266935,133400
2022-05-30,47081.609375,48004.77818627451,46620.02496936274,47081.609375,222600
2022-05-31,47635.515625,48004.783187984496,46343.07915455427,47081.61428052326,242200
2022-06-01,47543.1953125,47635.512196601936,46712.343355582525,46712.343355582525,183600
2022-06-02,47543.1953125,47543.1953125,47543.1953125,47543.1953125,0
2022-06-03,51051.23828125,51051.23828125,49758.80186906645,49851.118755651,452000
2022-06-06,50866.60546875,52620.62634698276,50497.33791543784,51605.14057537432,632900
2022-06-07,51974.41015625,52159.04394010879,49481.85407415631,49758.804749944495,807900
2022-06-08,53082.2109375,53082.2109375,51605.1407201087,52251.3589402174,628900
2022-06-09,51974.41015625,53174.52975133215,51697.45948046181,52805.26218361456,407000
2022-06-10,48927.94921875,52159.04020489387,48927.94921875,51605.13889298349,517500
2022-06-13,45789.17578125,48004.7810609879,45696.858894594254,45696.858894594254,461900
2022-06-14,46712.34375,47450.87882905138,45789.17490118577,45789.17490118577,202400
2022-06-15,46250.76171875,47543.19817396457,44312.107035928144,46527.71238772456,278600
2022-06-16,47266.24609375,48743.31628417969,46343.077224731445,47450.87986755371,516700
2022-06-17,49758.80078125,50128.0683195153,46896.97735969388,46896.97735969388,490900
2022-06-20,49020.265625,51697.45527306968,48281.73054967043,49758.80070032957,414000
2022-06-21,46989.29296875,50220.38384086445,45789.17350196464,48097.09555347495,372500
2022-06-22,45696.859375,47173.9295770202,45604.542487373736,47081.612689393936,386000
2022-06-23,47820.1484375,47820.1484375,44404.423549107145,45235.27554898649,339600
2022-06-24,47266.24609375,48743.31628417969,47266.24609375,48743.31628417969,137100
2022-06-27,47081.609375,47543.19378063725,45835.33147977941,47266.2431372549,214500
2022-06-28,47266.24609375,48281.73184967041,46250.76033782959,47081.61231994629,194000
2022-06-29,47912.46484375,48466.36617142341,47266.24662813103,48004.78173169557,172000
2022-06-30,47081.609375,49389.53140318627,47081.609375,47635.5106617647,370900
2022-07-01,47173.9296875,47912.46479023973,45973.81014554795,47081.61279965754,181600
2022-07-04,47266.24609375,48097.0980758667,45789.17590332031,47266.24609375,125000
2022-07-05,45696.859375,47266.24646464647,45696.859375,47266.24646464647,525500
2022-07-06,44866.0078125,46343.07802854938,44404.42336998457,45696.85980902778,368600
2022-07-07,45512.2265625,45696.86034165822,44773.69144586714,44958.32522502536,187500
2022-07-08,45604.5390625,46343.07410804656,45235.27153972672,45558.38062215334,101400
2022-07-11,43942.8359375,45881.49046415441,43850.51905527836,45604.53981748949,312000
2022-07-12,43942.8359375,43942.8359375,43942.8359375,43942.8359375,0
2022-07-13,45696.859375,45696.859375,44589.05672348485,44773.69049873737,100200
2022-07-14,45142.95703125,45696.85834451688,44958.32326016104,45650.69990174464,53900
2022-07-15,45050.64453125,45419.912109375,44727.53540039063,45142.96142578125,135600
2022-07-18,44219.7890625,45281.43326754958,44035.15528770877,45235.274823851774,313700
2022-07-19,44496.7421875,44866.00975752075,44035.15772497407,44219.79150998444,153800
2022-07-20,44958.32421875,45189.11643753209,44219.789118647335,44496.73978118583,143100
2022-07-21,44496.7421875,45512.228005057055,43665.89015495332,45050.64354253112,166300
2022-07-22,44312.10546875,44958.32367350261,44173.63013916016,44912.16523030599,124000
2022-07-25,43850.51953125,44404.420830592106,43758.20264802632,44312.10394736842,162300
2022-07-26,43573.5703125,44219.78851628708,43388.93653998941,43850.52097126589,139900
2022-07-27,44035.15625,44450.582252358494,43296.62113469602,43388.93802410902,150100
2022-07-28,44589.0546875,44681.371570910975,44312.10403726708,44312.10403726708,143200
2022-07-29,44035.15625,44727.532920597485,44035.15625,44450.582252358494,130100
2022-08-01,43988.99609375,44589.05585158709,43619.72855046563,43850.52076501836,289000
2022-08-02,44589.0546875,44912.16377943841,43942.836503623184,43988.99494532868,200900
2022-08-03,45189.1171875,45419.90941011236,44635.21585323034,44773.69118679776,282800
2022-08-04,45050.64453125,45419.912109375,44312.109375,45419.912109375,224400
2022-08-05,45604.5390625,45973.80658527328,44681.3702555668,45050.63777834008,189700
2022-08-08,45189.1171875,46112.28607794944,44773.69118679776,45604.543188202246,151000
2022-08-09,45281.4296875,45789.17252803262,44773.68684696738,45189.11280740316,233500
2022-08-10,45650.69921875,45881.49142915824,45235.273240015165,45696.85766083164,203100
2022-08-11,45235.2734375,45973.80851403061,45235.2734375,45835.33318718112,292400
2022-08-12,45050.64453125,45327.59521484375,44912.169189453125,45235.2783203125,111500
2022-08-15,45050.64453125,45373.753662109375,44958.32763671875,45050.64453125,169600
2022-08-16,45004.48046875,45327.58955929487,44773.68826121795,45050.63891025641,129100
2022-08-17,44635.21484375,45096.79927853542,44635.21484375,45004.482391578335,166400
2022-08-18,44312.10546875,44589.05612792969,44173.63013916016,44496.73924153646,191900
2022-08-19,44265.9453125,44496.737519551614,43896.67778121741,43988.99466403806,135000
2022-08-22,44173.6328125,44635.21727240073,43665.88990660919,44265.94970448015,162300
2022-08-23,44496.7421875,44773.69286501556,43850.52393996369,44127.47461747925,110600
2022-08-24,44312.10546875,44912.16523030599,44127.47169596354,44912.16523030599,258300
2022-08-25,47081.609375,47081.609375,44496.73670343137,44542.8951439951,975500
2022-08-26,46620.02734375,47081.61177289604,46250.75980043317,46620.02734375,179200
2022-08-29,45235.2734375,46250.75916772959,44866.0058992347,45696.85786033164,341800
2022-08-30,46250.76171875,47358.5643946482,45235.275932509976,45604.54349114272,457000
2022-08-31,46435.3984375,46989.299810511926,46158.44775099403,46158.44775099403,222700
2022-09-01,46435.3984375,46435.3984375,46435.3984375,46435.3984375,0
2022-09-02,46435.3984375,46435.3984375,46435.3984375,46435.3984375,0
2022-09-05,46112.28515625,46620.02803584835,45927.65138185061,46158.44359984985,123500
2022-09-06,45789.17578125,46804.66153446321,45604.54200793851,46158.443327872985,251600
2022-09-07,44727.53125,45789.17543859649,44727.53125,45512.22478070176,255800
2022-09-08,44589.0546875,44866.00533773292,44312.10403726708,44727.53001261646,216700
2022-09-09,45512.2265625,45512.2265625,44589.057666708926,44589.057666708926,243300
2022-09-12,46527.7109375,46620.027824280754,45604.54206969246,45604.54206969246,344500
2022-09-13,46620.02734375,46712.344229579205,46112.28447168935,46620.02734375,318500
2022-09-14,46158.4453125,46527.712875000005,45789.17775,45789.17775,83000
2022-09-15,48004.78125,48004.78125,45835.33440504808,46112.28506610577,908400
2022-09-16,46989.29296875,48650.99684583743,46804.65920462918,48650.99684583743,301000
2022-09-19,45696.859375,47358.56335227272,45512.22559974747,46712.345138888886,346400
2022-09-20,46527.7109375,46620.027824280754,45696.85895647322,46620.027824280754,147200
2022-09-21,46435.3984375,47266.25049701789,46250.76464649603,46620.03222850397,143300
2022-09-22,46343.07421875,46435.39109966384,45050.637885956174,46435.39109966384,237300
2022-09-23,47358.5625,47358.5625,46066.12609649123,46435.39364035088,375500
2022-09-26,45743.01953125,47081.614451942485,45696.86108570888,47081.614451942485,413800
2022-09-27,45789.17578125,46435.39398784022,45327.59134797127,46250.76021452873,203400
2022-09-28,45789.17578125,46158.443327872985,45235.27446131552,45835.33422457787,236100
2022-09-29,45327.58984375,46343.07556326375,45327.58984375,46343.07556326375,317800
2022-09-30,45235.2734375,45235.2734375,42465.76690051021,45235.2734375,475200
2022-10-03,42142.66015625,45235.27596180175,42096.50171139101,44866.0084029299,326700
2022-10-04,43296.62109375,43296.62109375,42188.818421841686,42327.29375583022,281000
2022-10-05,43388.9375,44312.10638297872,42927.35305851064,43296.62061170213,87400
2022-10-06,40619.43359375,43388.9404296875,40619.43359375,43388.9404296875,478600
2022-10-07,37803.765625,40434.79693223443,37803.765625,40434.79693223443,519200
2022-10-10,38403.82421875,39234.67618502103,35726.634549654445,37665.28913762019,213300
2022-10-11,37849.921875,38542.29849466464,37757.60499237805,38496.14005335366,190200
2022-10-12,38311.5078125,39050.042902861445,37526.81427899096,37849.9233810241,58300
2022-10-13,39234.6796875,39234.6796875,38311.51075367647,38403.82764705882,155000
2022-10-14,39234.6796875,39696.264154411765,39234.6796875,39696.264154411765,67900
2022-10-17,39419.3125,39696.26317330211,38219.19291569087,39050.0449355972,81500
2022-10-18,40527.109375,40804.06000854214,39511.62371867881,39511.62371867881,99500
2022-10-19,42234.9765625,42465.768784153006,40573.27256659836,40573.27256659836,161900
2022-10-20,41911.86328125,42558.08143756883,41588.75420309058,41588.75420309058,123800
2022-10-21,40157.84375,41911.864511494256,39326.99181034483,41911.864511494256,161100
2022-10-24,38496.140625,40157.8445368705,38496.140625,40157.8445368705,129400
2022-10-25,39696.26171875,39696.26171875,38311.50840297965,38311.50840297965,98000
2022-10-26,39973.21484375,40019.37329045179,39280.838143223154,39696.26416353927,69000
2022-10-27,41404.12109375,41542.596415133776,39696.25879668339,39696.25879668339,56600
2022-10-28,41357.96875,41496.44409179688,40619.43359375,40619.43359375,67700
2022-10-31,42004.18359375,42004.18359375,40157.84585336538,40804.0640625,103900
2022-11-01,41173.33203125,42188.81779883688,41081.01514328756,41357.96580717489,84200
2022-11-02,40619.43359375,41542.6025390625,40619.43359375,41542.6025390625,79400
2022-11-03,40250.1640625,40619.43162270642,39096.20293685493,40619.43162270642,168200
2022-11-04,39234.6796875,39696.264154411765,38496.14454044117,39696.264154411765,164100
2022-11-07,38126.87109375,39696.25803949758,38126.87109375,39696.25803949758,139700
2022-11-08,38126.87109375,38311.504852073245,38034.55421458838,38126.87109375,111200
2022-11-09,39326.9921875,39696.259719776994,37988.39738299589,38126.87270759977,134500
2022-11-10,36649.8046875,39557.78667152079,36649.8046875,39326.99445056675,320200
2022-11-11,36926.75390625,38726.93315917969,36649.803251953126,36926.75390625,127300
2022-11-14,34526.51953125,36280.540576955216,34341.88573696524,36003.58988552808,229800
2022-11-15,32126.275390625,33972.613056752874,32126.275390625,33049.44422368894,662000
2022-11-16,32495.54296875,32772.49361905184,29910.67023259943,30972.314392089844,312900
2022-11-17,34757.3046875,34757.3046875,33280.23463437915,33280.23463437915,84200
2022-11-18,35080.4140625,35541.99845805921,34157.24527138158,35541.99845805921,130500
2022-11-21,35449.6796875,36788.27436319987,35080.41219075521,35080.41219075521,77500
2022-11-22,36926.75390625,36926.75390625,35449.68375,35957.426616210934,155000
2022-11-23,37849.921875,38403.82317073171,37111.3868140244,37572.97122713415,68200
2022-11-24,37757.60546875,37942.23923632335,37388.3379336033,37849.92235253668,108300
2022-11-25,39696.26171875,39973.21238190407,37480.65641351744,37757.60707667151,78600
2022-11-28,40157.84375,41081.01257183908,38773.09051724138,39142.35804597701,149400
2022-11-29,39603.94921875,40619.43509615385,38773.09713723776,40619.43509615385,58700
2022-11-30,40619.43359375,40619.43359375,39234.68017578125,39557.78930664063,96900
2022-12-01,40157.84375,41911.864511494256,39280.83336925288,41357.9632183908,75200
2022-12-02,40157.84375,40619.42816091954,38773.09051724138,38773.09051724138,59800
2022-12-05,40157.84375,40619.42816091954,39696.25933908046,40250.16063218391,35300
2022-12-06,39557.78515625,40157.84490774504,38957.72540475496,40157.84490774504,46700
2022-12-07,39142.359375,39696.26068691038,39050.0424896816,39050.0424896816,44900
2022-12-08,39188.515625,40296.31818683745,38819.24810438752,39142.35718492344,37000
2022-12-09,40619.43359375,40619.43359375,39650.10620117188,40573.275146484375,170200
2022-12-12,42465.765625,43019.66691576087,40619.42798913043,40619.42798913043,216800
2022-12-13,43804.36328125,43850.52172517123,41542.59952910959,43204.30351027397,182300
2022-12-14,42650.40234375,43527.41278155438,42465.76856737013,43527.41278155438,38300
2022-12-15,43758.20703125,43942.84081619199,42604.245875362605,42650.4043215981,109900
2022-12-16,45096.80078125,45142.95922626664,43342.77987061796,43388.938315634594,175800
2022-12-19,42650.40234375,45419.90898944805,42650.40234375,44773.690772118505,181100
2022-12-20,43850.51953125,43850.51953125,42650.4000493421,43758.20264802632,58200
2022-12-21,44635.21484375,44681.37328722854,43111.98620895812,44312.105739400205,44800
2022-12-22,44312.10546875,45142.95744628907,42927.35217285156,43435.09504801432,21000
2022-12-23,44081.31640625,44127.47485274869,43158.14747627618,44127.47485274869,32600
2022-12-26,44173.6328125,44219.79125849007,43388.93923066875,44081.31592051985,57300
2022-12-27,44035.15625,44173.631584119496,41173.33267819707,41173.33267819707,32100
2022-12-28,44081.31640625,44127.47485274869,41634.91874181937,43850.52417375655,30300
2022-12-29,44404.421875,44496.73876039501,43204.30236486487,43388.93613565488,50800
2022-12-30,45696.859375,45696.859375,44635.21516729797,44681.37361111111,96300
2023-01-02,45696.859375,45696.859375,45696.859375,45696.859375,0
2023-01-03,45419.91015625,45650.70238265371,44866.0088128811,45604.54393737297,33100
2023-01-04,45419.91015625,45650.70238265371,44127.47368838923,45419.91015625,33500
2023-01-05,45419.91015625,45650.70238265371,45235.27637512703,45419.91015625,17400
2023-01-06,44265.9453125,45419.90634775808,44081.31154685871,45419.90634775808,38200
2023-01-09,43573.5703125,44589.05606130826,43573.5703125,44589.05606130826,29400
2023-01-10,43388.9375,44127.47260638298,43111.98683510639,44127.47260638298,47700
2023-01-11,43758.20703125,43758.20703125,43388.93946136603,43665.89013877901,93700
2023-01-12,43388.9375,44127.47260638298,43342.77905585107,44127.47260638298,40400
2023-01-13,43204.30078125,43804.360514322914,42927.35013521634,42927.35013521634,18800
2023-01-16,42558.0859375,44265.94838835412,40527.114374322126,44265.94838835412,192800
2023-01-17,42096.5,44312.10526315789,41911.866228070176,43388.93640350877,191700
2023-01-18,42234.9765625,43619.72989241804,41911.8674521858,42511.92722848361,80400
2023-01-19,42004.18359375,43296.62001201923,42004.18359375,43296.62001201923,100500
2023-01-20,42004.18359375,42004.18359375,42004.18359375,42004.18359375,0
2023-01-23,42004.18359375,42004.18359375,42004.18359375,42004.18359375,0
2023-01-24,42004.18359375,42004.18359375,42004.18359375,42004.18359375,0
2023-01-25,42004.18359375,42004.18359375,42004.18359375,42004.18359375,0
2023-01-26,42004.18359375,42004.18359375,42004.18359375,42004.18359375,0
2023-01-27,42465.765625,43573.56820652173,42096.49809782609,43388.934442934784,197600
2023-01-30,44939.8359375,45034.44611842105,43331.462861842105,43520.68322368421,407100
2023-01-31,44750.61328125,45412.88451374207,44466.78275303911,45412.88451374207,198100
2023-02-01,44466.78515625,44750.61569980053,44466.78515625,44750.61569980053,99700
2023-02-02,44466.78515625,44656.00551861702,43993.73425033245,44372.17497506649,100100
2023-02-03,44277.5625,44656.0032051282,43567.98617788462,44656.0032051282,28300
2023-02-06,44041.03515625,44466.78093112245,43709.89955357143,44324.86567283164,22100
2023-02-07,43993.734375,44088.344556451615,43709.90383064516,44041.03946572581,29000
2023-02-08,43993.734375,44135.64964717742,43520.68346774194,43993.734375,54700
2023-02-09,44466.78515625,44656.00551861702,43993.73425033245,43993.73425033245,78300
2023-02-10,44372.171875,44939.83292244137,44277.56170042644,44466.78204957356,20600
2023-02-13,42953.01953125,44372.17215893448,42953.01953125,43993.731458218615,163500
2023-02-14,43993.734375,44466.78528225807,43426.07328629032,43426.07328629032,47200
2023-02-15,44088.34375,44324.86919930257,43331.46231223176,43426.07249195279,50000
2023-02-16,44088.34375,44277.56410944206,43426.07249195279,44277.56410944206,36100
2023-02-17,44182.953125,44372.17348099571,42574.5800990364,44372.17348099571,37500
2023-02-20,43993.734375,44182.95473790323,43520.68346774194,44182.95473790323,32600
2023-02-21,43946.42578125,44419.47665080059,43520.67999865447,44135.64612907024,38800
2023-02-22,44277.5625,44466.7828525641,43520.68108974359,43946.42688301282,82900
2023-02-23,43615.29296875,44466.78458853037,43047.63188889642,44088.343868627984,71400
2023-02-24,43473.37890625,44277.56545837867,43142.24326713819,44277.56545837867,19100
2023-02-27,42101.52734375,42811.103647296346,41344.64595330056,42148.83243065309,30800
2023-02-28,42290.75,42763.80089485458,42101.529642058165,42669.19071588367,57400
2023-03-01,42479.96875,42763.79927616927,41628.4771714922,41628.4771714922,15700
2023-03-02,42148.8359375,42432.66648253367,41912.31048330528,41912.31048330528,25200
2023-03-03,42006.921875,42574.58298141892,42006.921875,42196.14224380631,140300
2023-03-06,42101.52734375,42196.13751755618,42006.91716994382,42006.91716994382,13200
2023-03-07,41865.0,42101.52542372881,41770.38983050847,41770.38983050847,12200
2023-03-08,42101.52734375,42101.52734375,41533.86630091292,41628.4764747191,62000
2023-03-09,42101.52734375,42148.83243065309,41959.61208304073,42101.52734375,10900
2023-03-10,42290.75,42385.360178970914,42101.529642058165,42290.75,56700
2023-03-13,42006.921875,42338.05752041104,41628.48113738739,42290.75242820946,25300
2023-03-14,41723.0859375,41912.30628188775,41628.47576530613,41912.30628188775,29600
2023-03-15,41817.69921875,42290.750114889706,41817.69921875,41817.69921875,21100
2023-03-16,42006.921875,42006.921875,41817.70150619369,41817.70150619369,8400
2023-03-17,42006.921875,42006.921875,42006.921875,42006.921875,3300
2023-03-20,41628.48046875,42243.4466574929,41628.48046875,42006.921200284094,12700
2023-03-21,41723.0859375,42006.91645408164,41581.17067920919,42006.91645408164,13500
2023-03-22,41391.953125,41723.08875,41344.64803571429,41723.08875,39800
2023-03-23,41391.953125,41439.25821428571,41108.12258928571,41344.64803571429,21300
2023-03-24,41250.03515625,41533.86567338016,41250.03515625,41439.25550100344,14900
2023-03-27,40635.0703125,41250.03645227008,40635.0703125,41250.03645227008,54700
2023-03-28,41486.5625,41770.39303021665,40635.070909350055,40635.070909350055,38300
2023-03-29,40871.59375,41486.559859664354,40871.59375,41486.559859664354,22500
2023-03-30,40303.9375,41155.42913732395,40303.9375,40966.20877347418,70400
2023-03-31,40398.546875,40776.98759514052,40398.546875,40682.37741510539,26800
2023-04-03,40493.15625,40871.59696261682,40493.15625,40682.37660630841,53700
2023-04-04,40540.4609375,40871.59655775963,40493.15584889148,40587.76602610852,22700
2023-04-05,40587.765625,40966.2063301282,40540.46053685898,40540.46053685898,65800
2023-04-06,40587.765625,40776.9859775641,40493.15544871795,40682.37580128205,37600
2023-04-07,40493.15625,40635.07151723131,40445.851160922895,40587.7664281542,16300
2023-04-10,40493.15625,40776.98678446261,40303.93589369159,40398.54607184579,36700
2023-04-11,40540.4609375,40587.76602610852,40303.93549445741,40493.15584889148,26100
2023-04-12,40966.20703125,40966.20703125,40493.156141743646,40493.156141743646,86900
2023-04-13,40966.20703125,41013.51212020064,40682.37649754619,40871.59685334873,35400
2023-04-14,40824.29296875,40966.20823978853,40682.37769771148,40776.98787840382,45300
2023-04-17,40587.765625,40966.2063301282,40540.46053685898,40966.2063301282,38300
2023-04-18,40493.15625,40635.07151723131,40303.93589369159,40303.93589369159,12500
2023-04-19,41486.5625,41817.69811858609,40682.3759977195,40729.68108608894,155300
2023-04-20,41439.2578125,41628.47816780821,40871.59674657534,41486.56290132705,37800
2023-04-21,42479.96875,43520.6806792873,41250.036469933184,41250.036469933184,217000
2023-04-24,42479.96875,43000.324714643655,41817.69752227172,42479.96875,53700
2023-04-25,42479.96875,42953.01962694878,41155.42629454343,42574.57892538975,131300
2023-04-26,42054.22265625,42621.88370447835,42054.22265625,42479.96844242126,61400
2023-04-27,42574.578125,42574.578125,41912.30690972223,42574.578125,96000
2023-04-28,40682.375,42953.01918604651,40682.375,42953.01918604651,67200
2023-05-01,40682.375,40682.375,40682.375,40682.375,0
2023-05-02,40682.375,40682.375,40682.375,40682.375,0
2023-05-03,40682.375,40682.375,40682.375,40682.375,0
2023-05-04,42385.359375,42574.57972935268,40776.98636300223,40776.98636300223,92500
2023-05-05,42432.6640625,42432.6640625,41628.47756410256,42385.35897435898,84300
2023-05-08,43047.62890625,43047.62890625,42432.66277901785,42432.66277901785,237800
2023-05-09,43520.6796875,43520.6796875,42953.01864809782,43236.84916779892,109600
2023-05-10,44466.78515625,44466.78515625,43331.46298204787,43804.51388796543,144800
2023-05-11,44372.171875,44750.612573294246,44088.34135127932,44750.612573294246,52500
2023-05-12,44372.171875,44419.47696228678,43899.1210021322,44372.171875,51400
2023-05-15,44419.4765625,44656.00199680511,43473.37482527956,44372.17147563898,97200
2023-05-16,44277.5625,44466.7828525641,43709.901442307695,44419.47776442308,143400
2023-05-17,44466.78515625,44466.78515625,43757.20879737367,43757.20879737367,87000
2023-05-18,44419.4765625,44466.78164936102,44182.95112819489,44419.4765625,197500
2023-05-19,43993.734375,44466.78528225807,43520.68346774194,44466.78528225807,40300
2023-05-22,44088.34375,44372.174289163086,42669.19105418455,44372.174289163086,23900
2023-05-23,43899.12109375,44135.646530677535,43047.629520810886,43993.73126852101,28700
2023-05-24,43899.12109375,43899.12109375,43899.12109375,43899.12109375,0
2023-05-25,42905.71484375,43804.51151633132,42574.57922753583,42621.88431556643,37900
2023-05-26,42574.578125,42905.71373263889,42243.44251736112,42905.71373263889,85900
2023-05-29,42574.578125,43473.37477430556,42479.96795138889,43473.37477430556,72200
2023-05-30,42479.96875,42574.57892538975,42290.748399220494,42574.57892538975,130900
2023-05-31,42527.2734375,42574.57852474972,42243.44291400167,42479.968350250274,95500
2023-06-01,42479.96875,42621.88401308464,42338.05348691537,42527.27383769488,47100
2023-06-02,41912.30859375,42574.5798356377,41912.30859375,42574.5798356377,122700
2023-06-05,41817.69921875,42574.58065257352,41581.17377068014,42101.52975643382,160100
2023-06-06,41581.171875,42006.91766211605,41581.171875,41865.00239974403,145800
2023-06-07,41202.73046875,41817.69659514925,40776.98468893513,41581.17116191877,218200
2023-06-08,41912.30859375,42290.74930340012,41250.0373518623,41250.0373518623,163300
2023-06-09,42479.96875,42527.27383769488,42006.91787305123,42243.44331152561,107300
2023-06-12,43000.328125,43047.63321644664,42479.97211908691,42479.97211908691,107100
2023-06-13,42243.4453125,43047.631841405375,42101.530042693164,43047.631841405375,136200
2023-06-14,42101.52734375,42290.74769136236,41959.61208304073,42243.44260445927,77100
2023-06-15,42385.359375,42763.80008370536,42006.918666294645,42054.22375488281,75800
2023-06-16,42385.359375,42574.57972935268,42196.13902064732,42479.969552176335,66200
2023-06-19,41675.78515625,42385.361520998864,41628.48006526675,42385.361520998864,43800
2023-06-20,41912.30859375,42006.91877116253,41628.47806151242,42006.91877116253,30400
2023-06-21,42006.921875,42243.447336007885,41628.48113738739,41628.48113738739,41400
2023-06-22,42006.921875,42006.921875,42006.921875,42006.921875,0
2023-06-23,41912.30859375,42763.80019046275,41912.30859375,42101.528948575055,43500
2023-06-26,41912.30859375,41912.30859375,41675.78315021868,41912.30859375,51500
2023-06-27,41723.0859375,41959.6113679847,41675.78085140306,41912.30628188775,41800
2023-06-28,41817.69921875,41912.30939797794,41723.089039522056,41723.089039522056,49000
2023-06-29,41581.171875,42101.52783703072,41533.86678754266,42101.52783703072,51100
2023-06-30,41628.48046875,41817.70083451705,41533.87028586648,41581.17537730824,45300
2023-07-03,41391.953125,41817.69892857143,41391.953125,41628.47857142857,68300
2023-07-04,41533.8671875,41675.78245123861,41391.951923761386,41391.951923761386,66500
2023-07-05,41486.5625,41817.69811858609,41486.5625,41533.867588369445,53200
2023-07-06,41155.4296875,41628.48060344828,41155.4296875,41533.87042025862,43300
2023-07-07,41155.4296875,41391.95514547414,40966.20932112069,41108.12459590517,60500
2023-07-10,41439.2578125,41912.30870077055,41060.81710188356,41155.42727953767,186900
2023-07-11,42716.4921875,43047.62778585271,41817.69556339978,41817.69556339978,200700
2023-07-12,42196.13671875,42763.79775084081,41865.00111669703,42716.49266483324,161900
2023-07-13,42338.0546875,42574.58013268156,42101.52924231844,42196.13942039106,135900
2023-07-14,42479.96875,42811.10436386414,42338.05348691537,42385.35857461025,73000
2023-07-17,42574.578125,42669.18829861112,42243.44251736112,42527.27303819445,231800
2023-07-18,43804.51171875,43899.121895248376,42953.02013026458,42953.02013026458,244200
2023-07-19,43142.2421875,43804.51344915022,43142.2421875,43804.51344915022,184000
2023-07-20,43047.62890625,43615.289946771976,43047.62890625,43047.62890625,134000
2023-07-21,43520.6796875,43993.73055366848,42669.18812839674,43047.62882133152,226000
2023-07-24,43520.6796875,44088.34072690217,43331.459341032605,43993.73055366848,285600
2023-07-25,43520.6796875,43709.90003396739,43331.459341032605,43520.6796875,144200
2023-07-26,43378.765625,43709.90124045801,43284.15544915485,43520.68088876772,113400
2023-07-27,43946.42578125,44135.64612907024,43378.76473778929,43378.76473778929,165700
2023-07-28,43567.984375,43993.73015065146,43520.6792888165,43520.6792888165,150000
2023-07-31,43331.4609375,43851.81690945688,43284.15584914028,43520.68129093887,248500
2023-08-01,43520.6796875,44088.34072690217,43189.54408118207,43331.459341032605,499900
2023-08-02,43094.93359375,43615.28954274149,43094.93359375,43520.679370197584,276900
2023-08-03,43662.59765625,43946.4281935604,43142.24167118093,43426.07220849133,221700
2023-08-04,43709.90234375,43851.81761109984,43142.24127435065,43851.81761109984,166000
2023-08-07,43804.51171875,43804.51171875,43378.76592450729,43757.20663050081,115000
2023-08-08,43520.6796875,43899.12038043478,43236.84916779892,43899.12038043478,350100
2023-08-09,44939.8359375,45034.44611842105,43426.07304276316,43709.90358552632,319400
2023-08-10,43520.6796875,44939.83228600543,43520.6796875,44939.83228600543,351500
2023-08-11,43520.6796875,44277.561073369565,43473.37460088315,43520.6796875,216900
2023-08-14,43567.984375,43899.11997828447,43520.6792888165,43520.6792888165,57100
2023-08-15,43804.51171875,44277.5626012419,43520.68118925486,43520.68118925486,130600
2023-08-16,44135.6484375,44135.6484375,43709.90263263666,43993.73316921222,128600
2023-08-17,43804.51171875,44372.17277774028,43804.51171875,44372.17277774028,115900
2023-08-18,43426.0703125,43757.20592490468,42763.79908769063,43567.98557495915,347200
2023-08-21,43426.0703125,44182.95171228213,42669.188912717866,43142.2397875817,165200
2023-08-22,43520.6796875,43615.2898607337,42763.79830163044,43426.0695142663,122100
2023-08-23,43520.6796875,43520.6796875,42811.10338824728,43142.23899456522,125400
2023-08-24,43851.81640625,43899.12149406689,43142.24008899677,43567.98587934871,123700
2023-08-25,43709.90234375,43946.427789333065,43378.76671993371,43946.427789333065,47100
2023-08-28,44561.390625,44939.83130971337,43567.98382762739,43709.89908439491,110000
2023-08-29,44987.140625,45034.4457150368,44182.95409437434,44561.39481466877,82900
2023-08-30,46358.984375,46642.81489158164,45176.35722257653,45412.88265306123,243600
2023-08-31,46832.0390625,46832.0390625,45696.71690340909,46453.59834280303,254900
2023-09-01,46832.0390625,46832.0390625,46832.0390625,46832.0390625,0
2023-09-04,46832.0390625,46832.0390625,46832.0390625,46832.0390625,0
2023-09-05,46500.90234375,46926.648143438455,45791.32601093591,46784.732876875634,323600
2023-09-06,45791.32421875,46358.98526278409,45791.32421875,46358.98526278409,108100
2023-09-07,44939.8359375,46075.15810855264,44939.8359375,46075.15810855264,220200
2023-09-08,45223.6640625,45696.714941814855,44892.5284469796,45696.714941814855,109600
2023-09-11,45223.6640625,45507.494590088914,45034.44371077406,45365.57932629446,157200
2023-09-12,44750.61328125,45223.66416160148,44514.08784107426,45223.66416160148,157000
2023-09-13,44466.78515625,44939.83606216755,44277.56479388298,44845.22588098404,302000
2023-09-14,44608.69921875,44656.00430805938,43851.81778979984,44372.173772203074,355200
2023-09-15,44324.87109375,44750.61692069104,43993.73545057364,44608.70164504402,166900
2023-09-18,43804.51171875,44466.78295423866,43709.90154225162,44277.5626012419,293700
2023-09-19,44466.78515625,44939.83606216755,43804.51388796543,43804.51388796543,162800
2023-09-20,44845.2265625,45223.66729298523,44182.95528415084,44466.78583201477,134400
2023-09-21,44703.30859375,45129.05438988096,44561.393328373015,45129.05438988096,147600
2023-09-22,44088.34375,44608.699738465664,43993.73357027897,44608.699738465664,277600
2023-09-25,43520.6796875,44750.611939538045,43520.6796875,43993.73055366848,204700
2023-09-26,43520.6796875,43851.815293817934,43331.459341032605,43520.6796875,119400
2023-09-27,43520.6796875,43520.6796875,43284.15425441576,43284.15425441576,300900
2023-09-28,43426.0703125,43993.7313623366,43426.0703125,43520.68048747277,57700
2023-09-29,43709.90234375,43899.12270021645,43520.68198728355,43520.68198728355,94600
2023-10-02,43709.90234375,43804.512521983226,43520.68198728355,43520.68198728355,115700
2023-10-03,44182.953125,45223.66508297644,43520.681879014985,43709.902235010704,194900
2023-10-04,43946.42578125,44466.78173775566,43520.67999865447,43520.67999865447,86800
2023-10-05,43757.20703125,44088.34265202703,43615.2917652027,43993.73247466216,24300
2023-10-06,43899.12109375,44466.78214237608,43709.900744207975,43757.205831593485,61700
2023-10-09,43804.51171875,43993.73207174676,43473.37610100567,43804.51171875,665500
2023-10-10,43709.90234375,43993.73287844967,43615.29216551677,43804.512521983226,242700
2023-10-11,43520.6796875,43709.90003396739,43236.84916779892,43615.2898607337,84600
2023-10-12,43047.62890625,43709.90012019231,43047.62890625,43520.67977335165,88400
2023-10-13,43284.15625,43426.07151639344,42574.57991803279,43047.63080601093,255000
2023-10-16,42858.41015625,43615.29157181292,42574.57962541391,43331.46104097682,367100
2023-10-17,42574.578125,43520.67986111112,42574.578125,42858.40864583333,194900
2023-10-18,42574.578125,43331.45951388889,41723.0865625,43047.62899305556,358100
2023-10-19,42432.6640625,42574.57932692308,42290.74879807692,42574.57932692308,325100
2023-10-20,43047.62890625,43520.67977335165,41250.03561126374,41250.03561126374,182800
2023-10-23,43000.328125,43000.328125,42479.97211908691,42574.5823019802,30600
2023-10-24,42479.96875,43520.6806792873,42385.35857461025,42527.27383769488,157000
2023-10-25,42574.578125,42574.578125,42243.44251736112,42479.96795138889,74200
2023-10-26,42101.52734375,43473.37486393961,39688.967911692416,42479.96803897472,222200
2023-10-27,41723.0859375,43473.37412308674,41060.814732142855,41439.255420918365,467600
2023-10-30,41959.61328125,43426.071017122325,41155.426780932925,41723.08783998028,205800
2023-10-31,41155.4296875,43520.68426724138,41155.4296875,41959.61624461207,361500
2023-11-01,41202.73046875,42763.79832807118,41155.4253821039,42763.79832807118,12100
2023-11-02,41297.34375,41533.86920103093,40682.37757731959,41250.03865979381,106500
2023-11-03,41628.48046875,42101.53138316762,40871.59900568182,42101.53138316762,29400
2023-11-06,40966.20703125,42054.22407711461,40682.37649754619,42054.22407711461,197700
2023-11-07,41060.81640625,41439.257110455066,40682.37570204493,40729.68079007056,106800
2023-11-08,41439.2578125,41533.86799015411,40682.37639126712,40776.98656892123,132900
2023-11-09,41155.4296875,41628.48060344828,40871.59913793104,41486.56532866379,86700
2023-11-10,41108.12109375,41202.73126887946,40776.985480796895,40966.20583105581,140100
2023-11-13,41344.6484375,41628.47897597254,40682.37718106408,41533.86879648169,73700
2023-11-14,41486.5625,41581.17267673888,41155.42688141392,41439.25741163056,35500
2023-11-15,41628.48046875,41675.78556019176,41439.26010298295,41628.48046875,174300
2023-11-16,41628.48046875,41628.48046875,41202.73464577415,41628.48046875,24200
2023-11-17,41060.81640625,41628.4774625576,41060.81640625,41628.4774625576,42800
2023-11-20,40918.90234375,41060.81761199422,40682.3768966763,41060.81761199422,70800
2023-11-21,40918.90234375,41013.51252257948,40587.766717846825,41013.51252257948,86100
2023-11-22,40871.59375,40918.89883535879,40682.37340856481,40729.67849392361,39200
2023-11-23,40398.546875,40871.59777517564,39830.88579478923,40871.59777517564,72700
2023-11-24,39925.49609375,40493.15717565166,39547.055372482224,40398.54699533471,62500
2023-11-27,40256.62890625,40303.933993096354,39688.96786409371,39878.18821147914,103400
2023-11-28,40587.765625,40682.37580128205,40303.93509615384,40682.37580128205,48000
2023-11-29,40351.23828125,40776.98405444021,40351.23828125,40682.373882620166,56700
2023-11-30,39925.49609375,41155.42843787026,39830.885913433056,40351.24190517624,88000
2023-12-01,40351.23828125,40587.76371080012,40114.712851699886,40114.712851699886,9200
2023-12-04,40351.23828125,40682.373882620166,40114.712851699886,40351.23828125,203000
2023-12-05,40398.546875,40682.37741510539,40256.63160494731,40351.241784982434,29300
2023-12-06,40682.375,40682.375,40256.62921511628,40493.15465116279,53100
2023-12-07,39925.49609375,40682.377536285545,39452.44519216529,40398.54699533471,248700
2023-12-08,40020.1015625,40493.15240839244,39830.88122414303,39925.49139332152,87400
2023-12-11,39972.80078125,40114.71605029586,39688.970243158285,40114.71605029586,160100
2023-12-12,39736.2734375,39925.49378720238,39641.663262648806,39925.49378720238,117500
2023-12-13,39641.6640625,39830.884416020286,39357.83353221957,39641.6640625,89600
2023-12-14,39357.83203125,39641.662550706125,39263.22185809795,39641.662550706125,80600
2023-12-15,39263.22265625,39357.8328313253,39026.69721856175,39357.8328313253,59600
2023-12-18,38411.73046875,39263.222030865145,37796.764340555725,39263.222030865145,293400
2023-12-19,38317.125,38884.78611111111,38033.29444444445,38411.73518518519,68200
2023-12-20,38459.0390625,38695.56451798893,38033.293242619926,38317.12378920664,59000
2023-12-21,38222.51171875,38790.17278387995,37891.3760974242,38364.426985032485,174700
2023-12-22,37891.375,38317.12078651685,37844.06991260924,38222.51061173533,92200
2023-12-25,37844.0703125,38175.20592773438,37844.0703125,38033.2906640625,156700
2023-12-26,37654.8515625,38222.51264133166,37560.24138269472,37844.07192211056,203300
2023-12-27,38080.59765625,38317.12310753106,37844.07220496894,37844.07220496894,309200
2023-12-28,38648.2578125,38979.39343635251,38080.59674303856,38222.51201040392,144200
2023-12-29,38979.39453125,38979.39453125,38600.95380764563,38648.25889809618,166800
2024-01-01,38979.39453125,38979.39453125,38979.39453125,38979.39453125,0
2024-01-02,38506.33984375,39121.30595919072,38317.11950053747,38979.390701781325,194100
2024-01-03,38600.953125,38695.56330422794,38459.03785615809,38506.342945772056,137700
2024-01-04,38600.953125,38884.78366268382,38553.64803538602,38742.86839384191,139200
2024-01-05,38411.73046875,38648.25590267088,38317.12029518165,38600.9508158867,127800
2024-01-08,38600.953125,38695.56330422794,38364.42767693014,38411.73276654412,110200
2024-01-09,39405.13671875,39547.051977040814,38459.03499681123,38695.56042729592,237100
2024-01-10,40209.32421875,40398.5445680147,39405.137734375,39405.137734375,342700
2024-01-11,40020.1015625,40587.76257757093,39736.27105496454,40587.76257757093,129700
2024-01-12,39074.00390625,40162.02096417222,39026.698816775126,40162.02096417222,162900
2024-01-15,38695.5625,39547.05409535452,38600.95232273838,39121.308297677264,115300
2024-01-16,38979.39453125,39215.91998350273,38742.86907899727,39215.91998350273,41900
2024-01-17,38790.171875,39263.2227515244,38506.34134908537,39263.2227515244,162700
2024-01-18,38932.08984375,38932.08984375,38600.95420716889,38790.17457092952,32400
2024-01-19,38979.39453125,39074.00471215109,38884.784350348906,38979.39453125,109600
2024-01-22,39452.4453125,39547.05549310552,38979.39440947242,38979.39440947242,132100
2024-01-23,39357.83203125,39641.662550706125,38979.39133864183,39641.662550706125,173000
2024-01-24,39547.0546875,39547.0546875,39026.69870476973,39405.13941948266,134800
2024-01-25,39547.0546875,39547.0546875,39547.0546875,39547.0546875,0
2024-01-26,39688.96875,39688.96875,39452.44331048868,39452.44331048868,63700
2024-01-29,39641.6640625,39925.49459278043,39641.6640625,39688.96915088007,223500
2024-01-30,40445.8515625,40445.8515625,39547.05486111111,39641.66504020468,198700
2024-01-31,40398.546875,40587.767235070256,40209.326514929744,40587.767235070256,148000
2024-02-01,40493.15625,40493.15625,40020.10535922897,40398.54607184579,122100
2024-02-02,40493.15625,40493.15625,40493.15625,40493.15625,0
2024-02-05,40303.9375,40635.07313673709,40114.71713615023,40635.07313673709,216200
2024-02-06,40445.8515625,40493.15665204678,40067.41084612573,40209.32611476608,244000
2024-02-07,40445.8515625,40493.15665204678,40303.936293859646,40445.8515625,46800
2024-02-08,40445.8515625,40445.8515625,40445.8515625,40445.8515625,0
2024-02-09,40445.8515625,40445.8515625,40445.8515625,40445.8515625,0
2024-02-15,40445.8515625,40587.76683114035,40351.24138340643,40493.15665204678,181100
2024-02-16,41628.48046875,41628.48046875,40256.63281693892,40256.63281693892,243700
2024-02-19,41155.4296875,41628.48060344828,41155.4296875,41628.48060344828,80700
2024-02-20,41108.12109375,41439.25670670311,40966.20583105581,41155.42618131473,63300
2024-02-21,41581.171875,41628.47696245734,40682.37521331058,40966.20573805461,186400
2024-02-22,40966.20703125,41581.173187608256,40966.20703125,41581.173187608256,138300
2024-02-23,40871.59375,41250.03443287037,40871.59375,40966.20392071759,178500
2024-02-26,40824.29296875,41060.818420480886,40209.32679424971,40824.29296875,156000
2024-02-27,40635.0703125,40824.29066319849,40256.629611103024,40493.15504947614,117400
2024-02-28,40587.765625,40682.37580128205,40398.5452724359,40635.07071314102,129000
2024-02-29,40682.375,40682.375,40209.32412790698,40682.375,226200
2024-03-01,40209.32421875,40682.37509191177,40209.32421875,40682.37509191177,276600
2024-03-04,40540.4609375,41155.42708941073,40209.32531724037,40303.93549445741,501000
2024-03-05,40635.0703125,40682.37540017462,40493.15504947614,40587.76522482538,343300
2024-03-06,40871.59375,41297.33951822917,40493.15306712963,40682.37340856481,285800
2024-03-07,41628.48046875,42101.53138316762,40871.59900568182,40871.59900568182,938300
2024-03-08,41723.0859375,41723.0859375,41202.72999043368,41628.47576530613,323200
2024-03-11,41628.48046875,41723.09065163352,41439.26010298295,41628.48046875,198800
2024-03-12,41391.953125,41628.47857142857,41060.8175,41297.34294642857,207500
2024-03-13,41155.4296875,41628.48060344828,40966.20932112069,41628.48060344828,285300
2024-03-14,41344.6484375,42006.91969393592,41060.81789902746,41155.42807851831,587800
2024-03-15,41533.8671875,41581.17227541287,41060.8163083713,41344.64683584852,183100
2024-03-18,40162.0234375,41628.48130153122,40114.7183451119,41439.2609319788,400100
2024-03-19,40587.765625,40682.37580128205,39972.79947916666,40162.01983173077,79000
2024-03-20,40303.9375,40587.76804577465,40209.32731807512,40587.76804577465,89600
2024-03-21,40682.375,40966.20552325581,40398.54447674419,40635.0699127907,176900
2024-03-22,40871.59375,41060.81409143518,40587.76323784722,40682.37340856481,230900
2024-03-25,41486.5625,41817.69811858609,40729.68108608894,41060.81670467503,213100
2024-03-26,42101.52734375,42148.83243065309,41155.4256056882,41155.4256056882,276300
2024-03-27,42196.13671875,42574.57740681054,41770.39094468189,42101.52654673487,173100
2024-03-28,41865.0,42527.271186440674,41865.0,42196.13559322034,115300
2024-03-29,42574.578125,43000.32390625,41675.78147569444,41865.00182291667,365600
2024-04-01,42527.2734375,42763.79887374861,42054.222565002776,42196.13782675195,131200
2024-04-02,42385.359375,42574.57972935268,41959.61357770647,42527.27464076451,57700
2024-04-03,41912.30859375,42763.80019046275,41817.69841633747,42763.80019046275,110600
2024-04-04,41533.8671875,42385.35876993166,41439.25701167426,41912.30789080296,118500
2024-04-05,41581.171875,42006.91766211605,41060.81591296929,41533.86678754266,291200
2024-04-08,41155.4296875,41581.17551185345,41155.4296875,41581.17551185345,77700
2024-04-09,40682.375,41202.73095930232,40635.0699127907,40966.20552325581,129500
2024-04-10,40635.0703125,41060.8161015716,40303.93469877765,40729.68048784925,233400
2024-04-11,40540.4609375,40729.68129193408,40114.71514002333,40114.71514002333,33500
2024-04-12,40966.20703125,41439.257920756354,40351.240874891744,40966.20703125,168800
2024-04-15,39783.578125,40966.20529875149,39736.27303804994,40966.20529875149,241700
2024-04-16,39736.2734375,40114.71413690476,39405.13782552083,40114.71413690476,245300
2024-04-17,39310.53125,39736.27707581228,38553.64978188929,39641.66689229844,316400
2024-04-18,39310.53125,39310.53125,39310.53125,39310.53125,0
2024-04-19,39263.22265625,39594.35826901355,38600.95143072289,38790.1717808735,180500
2024-04-22,39830.88671875,40729.6834499332,39263.22562537114,39736.27653652019,169900
2024-04-23,40729.6796875,41155.425468205576,39925.49321283391,40493.15425377468,489300
2024-04-24,40729.6796875,41108.12038146051,40209.3237333043,41108.12038146051,125600
2024-04-25,40303.9375,41391.95459213615,40256.63240903756,40729.68331866197,378300
2024-04-26,39783.578125,41297.34090740191,39783.578125,41297.34090740191,349600
2024-04-29,39783.578125,39783.578125,39783.578125,39783.578125,0
2024-04-30,39783.578125,39783.578125,39783.578125,39783.578125,0
2024-05-02,40682.375,41060.81569767442,39925.493604651165,39925.493604651165,115300
2024-05-03,41865.0,42196.13559322034,40729.67796610169,40729.67796610169,571000
2024-05-06,42054.22265625,42101.52774360237,41675.78195743111,42006.91756889764,269800
2024-05-07,43426.0703125,43473.375399986384,41959.61260042212,42101.52786288126,877000
2024-05-08,37678.08984375,38259.029603839226,37263.13181634052,37761.08071008988,685596
2024-05-09,37263.12890625,37844.06862097033,37138.64261646204,37678.086901253046,436050
2024-05-10,36848.17578125,37263.13383109557,36765.18491042295,37263.13383109557,370272
2024-05-13,37678.08984375,38093.044175449366,36723.68748942122,36931.164655270906,989862
2024-05-14,37761.08203125,37927.06376973701,37595.100292763,37678.091162006494,249318
2024-05-15,39088.94140625,40250.82090988117,37761.080172302965,37761.080172302965,1001148
2024-05-16,39130.4375,39296.41923312039,38756.97860047912,39254.9237998403,614004
2024-05-17,39405.13671875,40114.71301020408,39405.13671875,40114.71301020408,694900
2024-05-20,38790.171875,39594.358365091466,38695.56169969512,39594.358365091466,730600
2024-05-21,39215.91796875,39688.96884895205,38695.56200052775,38790.17217656816,496200
2024-05-22,39263.22265625,39783.57861916416,39121.30739363705,39215.91756871235,662500
2024-05-23,40398.546875,41108.123225263465,39074.0043545082,39074.0043545082,907600
2024-05-24,39736.2734375,40493.15483630952,39310.52765066965,39830.8836123512,612300
2024-05-27,39499.75,39878.19071856287,39263.2245508982,39736.2754491018,376800
2024-05-28,39168.61328125,39830.88452030495,39168.61328125,39499.74890077747,541800
2024-05-29,39263.22265625,40398.54475715361,38979.3921310241,39263.22265625,500700
2024-05-30,40209.32421875,40209.32421875,39594.35808363971,39641.66317095588,1138000
2024-05-31,40682.375,41155.42587209302,40351.23938953489,40635.0699127907,935500
2024-06-03,40682.375,40682.375,40682.375,40682.375,0
2024-06-04,40256.62890625,40966.20520894536,40256.62890625,40966.20520894536,745100
2024-06-05,40020.1015625,40587.76257757093,40020.1015625,40303.932070035466,278100
2024-06-06,41817.69921875,42101.52975643382,40303.93635110294,40540.4617991728,1488300
2024-06-07,41628.48046875,42290.75174893466,41628.48046875,41628.48046875,366200
2024-06-10,42243.4453125,42763.80130179171,41250.03842385218,41628.47914333706,320600
2024-06-11,42527.2734375,42716.49378649888,42290.74800125139,42527.2734375,503600
2024-06-12,43520.6796875,43709.90003396739,42101.52708899456,42527.27286854619,707700
2024-06-13,43899.12109375,43993.73126852101,43331.46004512392,43709.900744207975,593200
2024-06-14,42148.8359375,44182.95484357464,42148.8359375,43899.12429854097,397700
2024-06-17,43000.328125,43142.24339933993,41628.4804730473,41628.4804730473,534200
2024-06-18,42953.01953125,43426.07040714483,42905.71444366052,43000.32461883949,267500
2024-06-19,42716.4921875,43331.45829872647,42574.57693106312,42953.0176148948,265500
2024-06-20,42716.4921875,43189.54304228959,42385.35658914728,42432.66167462624,120300
2024-06-21,42574.578125,43000.32390625,42432.66286458333,42574.578125,471700
2024-06-24,41912.30859375,43236.8510775254,41817.69841633747,42574.5798356377,497800
2024-06-25,42527.2734375,42669.18869924916,41959.61239050334,41959.61239050334,214100
2024-06-26,44324.87109375,44372.176185632336,42527.277602221184,42527.277602221184,539500
2024-06-27,44277.5625,44466.7828525641,43946.42688301282,44419.47776442308,374100
2024-06-28,43236.8515625,43993.73299028993,42905.7159378419,43851.81772257932,272700
2024-07-01,42811.10546875,42953.02073549724,42385.35966850829,42574.58002417127,285300
2024-07-02,42905.71484375,43331.46063602536,42574.57922753583,43047.63010784179,225900
2024-07-03,43236.8515625,43567.9871871581,42905.7159378419,42905.7159378419,355700
2024-07-04,43142.2421875,43615.29308867873,42669.19128632127,43047.632007264256,293500
2024-07-05,42621.88671875,43426.07326061321,42385.36126526082,43426.07326061321,239500
2024-07-08,42196.13671875,42763.79775084081,41581.170600651625,42527.27232080297,703600
2024-07-09,42054.22265625,42196.13791830709,41817.69721948819,42196.13791830709,326900
2024-07-10,41817.69921875,42338.05520450368,41628.47886029412,41817.69921875,499500
2024-07-11,41533.8671875,42479.968945757406,41533.8671875,41817.69771497722,406500
2024-07-12,41155.4296875,41817.70096982759,40776.98895474138,41533.87042025862,349400
2024-07-15,41628.48046875,42006.921200284094,41155.42955433239,41155.42955433239,136100
2024-07-16,41486.5625,42006.91847206386,41250.0370581528,42006.91847206386,158100
2024-07-17,39830.88671875,41628.48018111639,39736.27653652019,41486.56490777167,579500
2024-07-18,40209.32421875,40209.32421875,39641.66317095588,40067.40895680147,373400
2024-07-19,40776.98828125,40871.59846287703,39783.58137416618,40114.71700986079,249000
2024-07-22,39972.80078125,41108.12293361686,39263.22443602071,41108.12293361686,343300
2024-07-23,39641.6640625,39972.7996811605,37844.07070405728,39972.7996811605,322600
2024-07-24,40067.41015625,40256.63051117916,39263.22364780106,39641.664357659385,183500
2024-07-25,40020.1015625,40020.1015625,39547.05071660757,39688.9659703753,97500
2024-07-26,40635.0703125,40682.37540017462,39925.49399738068,40020.10417272992,202500
2024-07-29,40351.23828125,40682.373882620166,39736.27216441969,40398.543367160026,206100
2024-07-30,39641.6640625,40351.24038820107,39641.6640625,40209.32512306086,154300
2024-07-31,40256.62890625,40256.62890625,38884.78138770564,39736.27295094007,276100
2024-08-01,39263.22265625,40256.62949454066,38979.3921310241,40256.62949454066,300400
2024-08-02,40209.32421875,40303.93439338236,38884.781773897055,38884.781773897055,202600
2024-08-05,38790.171875,39736.27362804878,38600.95152439024,39263.2227515244,312600
2024-08-06,39736.2734375,40209.324311755954,38790.17168898809,38837.47677641369,260900
2024-08-07,40682.375,40966.20552325581,39736.273255813954,39925.493604651165,540100
2024-08-08,39830.88671875,40682.37835881829,39736.27653652019,40682.37835881829,218400
2024-08-09,39830.88671875,40635.07326770339,39736.27653652019,40351.24272101396,151200
2024-08-12,39925.49609375,40114.71645438389,39830.885913433056,39830.885913433056,53000
2024-08-13,39688.96875,40114.71454112038,39641.66366209774,39972.79927741359,167400
2024-08-14,40398.546875,40635.07232508782,39925.49597482436,40256.63160494731,228600
2024-08-15,39972.80078125,40445.85167806953,39736.27533284023,40445.85167806953,198600
2024-08-16,41912.30859375,41912.30859375,39972.79995679317,40209.325400324495,1126400
2024-08-19,42621.88671875,42669.19180944784,41628.47981409545,41912.31035828246,559400
2024-08-20,42196.13671875,42621.882492818106,41723.08585867433,42574.57740681054,283900
2024-08-21,41628.48046875,42432.66702325994,41628.48046875,42006.921200284094,237000
2024-08-22,42006.921875,42527.27788921735,41628.48113738739,42006.921875,233100
2024-08-23,41865.0,42006.91525423728,41628.47457627118,42006.91525423728,187200
2024-08-26,42290.75,43331.46196868009,41912.30928411633,41912.30928411633,470200
2024-08-27,42101.52734375,42196.13751755618,41817.69682233146,42101.52734375,208500
2024-08-28,42148.8359375,42148.8359375,41912.31048330528,41912.31048330528,288800
2024-08-29,42006.921875,42338.05752041104,41533.87095298423,42148.83715160473,225400
2024-08-30,41865.0,42858.40677966102,41865.0,42290.74576271186,246000
2024-09-04,41865.0,42006.91525423728,41486.5593220339,41770.38983050847,169600
2024-09-05,41486.5625,41912.308295324976,41250.0370581528,41675.782853477765,163600
2024-09-06,42385.359375,42479.969552176335,41344.64742606027,41439.257603236605,219600
2024-09-09,43331.4609375,43426.07111421944,42196.13881686681,42385.35917030567,525900
2024-09-10,43047.62890625,43804.51029361264,42574.57803914835,43520.67977335165,376700
2024-09-11,43142.2421875,43426.07272820723,42338.05565549616,42763.801466557015,243700
2024-09-12,43662.59765625,43899.12310400866,43000.32640252573,43426.07220849133,450800
2024-09-13,43615.29296875,43804.51332870119,43426.07260879881,43520.68278877441,157900
2024-09-16,43142.2421875,43804.51344915022,42953.0218270285,43804.51344915022,276000
2024-09-17,42763.80078125,43142.24149612832,42479.97024509126,43142.24149612832,272900
2024-09-18,42479.96875,43236.850153118045,42479.96875,42763.79927616927,123100
2024-09-19,44514.08984375,44514.08984375,42574.58114705101,42574.58114705101,838500
2024-09-20,44466.78515625,44939.83606216755,44088.34443151596,44939.83606216755,205000
2024-09-23,45318.27734375,45318.27734375,43899.1246085595,44135.65006442458,274200
2024-09-24,44750.61328125,45270.96924963663,44703.30819321485,45270.96924963663,140900
2024-09-25,44230.2578125,44939.83414104278,44230.2578125,44750.61378676471,121800
2024-09-26,43946.42578125,44466.78173775566,43899.12069429494,44277.56138993541,121300
2024-09-27,43662.59765625,44182.953641319065,43426.07220849133,44182.953641319065,286800
2024-09-30,42953.01953125,43804.511107860686,42621.883918123625,43662.59584509224,406600
2024-10-01,43094.93359375,43189.54376629391,42858.40816239023,42858.40816239023,216000
2024-10-02,43189.54296875,43189.54296875,42763.79720016429,42763.79720016429,125300
2024-10-03,42574.578125,43520.67986111112,42148.83234375,43520.67986111112,391100
2024-10-04,42574.578125,42953.01881944445,42479.96795138889,42574.578125,74800
2024-10-07,42574.578125,42763.79847222223,42432.66286458333,42527.27303819445,120200
2024-10-08,42858.41015625,43047.630510140734,42385.35927152318,42621.88471388659,144700
2024-10-09,42574.578125,42905.71373263889,42574.578125,42858.40864583333,116400
2024-10-10,42858.41015625,42953.02033319537,42432.66435999586,42763.79997930464,171300
2024-10-11,43520.6796875,43757.20512058424,42953.01864809782,43236.84916779892,237600
2024-10-14,43567.984375,44088.340323018456,43142.23859934853,43520.6792888165,87200
2024-10-15,43000.328125,43520.68413091309,42669.192484873485,43520.68413091309,202500
2024-10-16,43567.984375,43709.899633550485,42763.797909880566,43000.32334079805,188000
2024-10-17,43142.2421875,43709.90326891447,42527.276015967655,43567.98799856086,296700
2024-10-18,42763.80078125,43000.32622804894,42574.58042381084,42858.41095996958,108600
2024-10-21,42763.80078125,42858.41095996958,42574.58042381084,42763.80078125,68600
2024-10-22,42574.578125,42763.79847222223,42574.578125,42763.79847222223,172000
2024-10-23,42290.75,42574.58053691275,42196.13982102908,42574.58053691275,299000
2024-10-24,41770.39453125,42196.14034187429,41675.78435111127,42148.83525180492,424600
2024-10-25,42290.75,42290.75,41723.088926174496,41770.39401565996,92300
2024-10-28,42148.8359375,42290.75121001684,42054.22575582211,42290.75121001684,162700
2024-10-29,43047.62890625,43047.62890625,42148.83225875687,42148.83225875687,283500
2024-10-30,42574.578125,43047.62899305556,42243.44251736112,43047.62899305556,74700
2024-10-31,42574.578125,42574.578125,42148.83234375,42574.578125,149200
2024-11-01,42953.01953125,42953.01953125,42101.52795463932,42243.44321740777,212900
2024-11-04,42574.578125,42953.01881944445,42574.578125,42953.01881944445,73300
2024-11-05,42669.19140625,43000.32703800582,42432.66595499584,42574.581225748334,126200
2024-11-06,42763.80078125,42811.10587060979,42574.58042381084,42669.19060253042,174400
2024-11-07,42858.41015625,42953.02033319537,42716.49489083196,42763.79997930464,46300
2024-11-08,43378.765625,43899.12159214831,42858.40965785169,43000.32492161941,281200
2024-11-11,43473.37890625,43520.683997551685,43331.46363234494,43520.683997551685,363600
2024-11-12,43047.62890625,43567.98486006181,42574.57803914835,43426.06959993132,365600
2024-11-13,42479.96875,42953.01962694878,42479.96875,42953.01962694878,112300
2024-11-14,42196.13671875,42669.18757882567,42196.13671875,42338.0519767727,89700
2024-11-15,41155.4296875,42338.05697737069,39830.887122844826,42196.14170258621,168100
2024-11-18,41250.03515625,41675.78093194524,40540.4588634246,40540.4588634246,62600
2024-11-19,42006.921875,42763.80335022522,41628.48113738739,42338.05752041104,230100
2024-11-20,42574.578125,42858.40864583333,41439.25604166667,41865.00182291667,172400
2024-11-21,42527.2734375,42669.18869924916,42101.5276522525,42574.57852474972,64100
2024-11-22,42196.13671875,42574.57740681054,42101.52654673487,42243.44180475757,75900
2024-11-25,42479.96875,42905.714539253895,42006.91787305123,42054.222960746105,226100
2024-11-26,42858.41015625,42953.02033319537,42479.96944846855,42479.96944846855,74800
2024-11-27,43047.62890625,43094.93399296016,42290.747518887365,42858.40855940934,67600
2024-11-28,42574.578125,43047.62899305556,42574.578125,43047.62899305556,12700
2024-11-29,45460.19140625,45460.19140625,42527.27583165323,43000.32673078174,130900
2024-12-02,44466.78515625,44514.09024684176,43520.683344414894,44466.78515625,317900
2024-12-03,44466.78515625,44514.09024684176,43615.293525598405,43615.293525598405,191600
2024-12-04,44750.61328125,45129.05398553118,44324.86748893367,44561.39292910941,249500
2024-12-05,44561.390625,45034.44148089172,44466.78045382166,44750.61096735669,116700
2024-12-06,44230.2578125,44987.1392296123,44230.2578125,44845.22396390374,69000
2024-12-09,43331.4609375,44230.25761633461,43331.4609375,44230.25761633461,173000
2024-12-10,43331.4609375,43804.51182109716,43142.24058406114,43804.51182109716,188600
2024-12-11,43094.93359375,43615.28954274149,43094.93359375,43331.45902510977,124500
2024-12-12,43331.4609375,43520.68129093887,43142.24058406114,43520.68129093887,72500
2024-12-13,43378.765625,43520.68088876772,43047.63000954199,43331.46053707742,17500
2024-12-16,43804.51171875,43993.73207174676,43378.76592450729,43993.73207174676,102800
2024-12-17,43473.37890625,44372.175640982045,43378.76872364662,44372.175640982045,111700
2024-12-18,43378.765625,43709.90124045801,43378.765625,43378.765625,38900
2024-12-19,43284.15625,43804.51222677596,43047.63080601093,43142.24098360656,126300
2024-12-20,43709.90234375,43993.73287844967,43236.85145258388,43284.15654170049,47700
2024-12-23,44230.2578125,44230.2578125,43709.901838235295,43709.901838235295,67900
2024-12-24,44182.953125,44372.17348099571,43804.51241300856,44230.258213998924,40800
2024-12-25,44088.34375,44324.86919930257,43993.73357027897,44182.95392972103,109600
2024-12-26,44939.8359375,44939.8359375,43851.81885690789,44372.17485197369,182400
2024-12-27,44608.69921875,45270.97046908139,44561.39412944061,45270.97046908139,49800
2024-12-30,44419.4765625,44608.69690994409,43757.20534644569,44608.69690994409,62700
2024-12-31,44939.8359375,45223.66648026316,43804.513766447366,44230.25958059211,242600
2025-01-02,44561.390625,45129.05165207006,44466.78045382166,45129.05165207006,20200
2025-01-03,44182.953125,44939.834548982864,44182.953125,44939.834548982864,58100
2025-01-06,43520.6796875,44182.95090013587,43520.6796875,44182.95090013587,61300
2025-01-07,43567.984375,44135.64540920196,43520.6792888165,43520.6792888165,51500
2025-01-08,43615.29296875,43899.12350867679,43473.37769878661,43567.9878787622,36500
2025-01-09,44230.2578125,44277.56290106952,43567.98657252674,43662.596749665776,48500
2025-01-10,43993.734375,44466.78528225807,43899.12419354839,44372.17510080645,48100
2025-01-13,44466.78515625,44466.78515625,43378.76807263963,43993.73425033245,99500
2025-01-14,44466.78515625,44750.61569980053,44182.95461269947,44466.78515625,102000
2025-01-15,44041.03515625,44750.61144770408,44041.03515625,44466.78093112245,67000
2025-01-16,44041.03515625,44750.61144770408,44041.03515625,44466.78093112245,67000
2025-01-17,43709.90234375,43993.73287844967,43662.59725463339,43709.90234375,80100
2025-01-20,43899.12109375,43993.73126852101,43709.900744207975,43709.900744207975,43700
2025-01-21,44372.171875,44419.47696228678,43993.73117670576,44277.56170042644,82300
2025-01-22,44041.03515625,44514.086017219386,43662.59446747449,44514.086017219386,48000
2025-01-23,44466.78515625,44703.31060920878,43757.20879737367,44041.0393409242,129400
2025-01-24,44372.171875,44703.30748600746,44182.95152585288,44703.30748600746,117800
2025-01-27,44372.171875,44372.171875,44372.171875,44372.171875,0
2025-01-28,44372.171875,44372.171875,44372.171875,44372.171875,0
2025-01-29,44372.171875,44372.171875,44372.171875,44372.171875,0
2025-01-30,44372.171875,44372.171875,44372.171875,44372.171875,0
2025-01-31,44372.171875,44372.171875,44372.171875,44372.171875,0
2025-02-03,43804.51171875,44466.78295423866,43804.51171875,44466.78295423866,152500
2025-02-04,43615.29296875,44372.174408554776,43520.68278877441,44372.174408554776,167200
2025-02-05,44324.87109375,44466.78636939701,43615.29471551495,43899.125266808966,144900
2025-02-06,45507.49609375,46358.987704651765,43804.51287194646,44656.00448284824,283600
2025-02-07,45223.6640625,45791.32511767783,45129.05388663703,45507.494590088914,170900
2025-02-10,44324.87109375,45270.97293139675,44277.566001867664,45223.6678395144,241500
2025-02-11,44442.6484375,44734.39448851204,44296.77541199399,44296.77541199399,205400
2025-02-12,44442.6484375,44734.39448851204,44248.151070158645,44442.6484375,278800
2025-02-13,44491.26953125,44831.63989924864,44442.64519296448,44734.3912226776,102300
2025-02-14,44491.26953125,45220.63460553279,44491.26953125,44734.3912226776,102900
2025-02-17,44053.65234375,44637.14442777318,43956.403663079465,44637.14442777318,149100
2025-02-18,44053.65234375,44150.90102442053,43761.90630173841,43956.403663079465,139500
2025-02-19,43567.41015625,44442.64830671038,43470.16147286552,44053.65357317244,321200
2025-02-20,43859.15625,44053.65361696231,43713.28322477827,43713.28322477827,224500
2025-02-21,43761.90625,44539.89569444444,43664.65756944445,43859.15493055555,248300
2025-02-24,43761.90625,44150.90097222223,43372.911527777775,43761.90625,195800
2025-02-25,43761.90625,44005.02795138889,43567.40888888889,43761.90625,78500
2025-02-26,43761.90625,43907.779270833336,43664.65756944445,43907.779270833336,136700
2025-02-27,43859.15625,44150.90230044346,43713.28322477827,43761.90756651885,105000
2025-02-28,43761.90625,44248.14965277778,43761.90625,43859.15493055555,105500
2025-03-03,44248.1484375,44248.1484375,43761.90504807692,43761.90504807692,201000
2025-03-04,43956.40234375,44053.65102150166,43616.0319716192,43956.40234375,81600
2025-03-05,43664.65625,44345.396993318485,43567.40757238308,43956.40228285078,110400
2025-03-06,43664.65625,44248.14831570156,43567.40757238308,43664.65625,177300
2025-03-07,43664.65625,43713.28058880846,43470.158894766144,43664.65625,141300
2025-03-10,43664.65625,44053.650960467705,43664.65625,44053.650960467705,72700
2025-03-11,43664.65625,43664.65625,43178.41286191537,43664.65625,166800
2025-03-12,43178.4140625,43567.40878378379,43178.4140625,43567.40878378379,216900
2025-03-13,42789.41796875,43372.91003196023,42789.41796875,43372.91003196023,239900
2025-03-14,42692.171875,42886.66924117312,42692.171875,42789.42055808656,138400
2025-03-17,42497.671875,42886.66658323799,42400.4231979405,42789.41790617849,97800
2025-03-18,43372.91015625,43372.91015625,42594.92073640695,42643.545075147136,107900
2025-03-19,43470.16015625,43761.90619756712,42983.91675405481,42983.91675405481,165300
2025-03-20,43372.91015625,43713.280527431336,43178.41280128924,43470.15883373038,189200
2025-03-21,43324.28515625,43421.53383224608,43275.66081825196,43324.28515625,81400
2025-03-24,42935.29296875,43275.66335468573,42789.41994620612,43227.03901383777,157300
2025-03-25,43372.91015625,43470.15883373038,42838.042430107904,42838.042430107904,64500
2025-03-26,43664.65625,43761.904927616924,43372.91021714922,43372.91021714922,103700
2025-03-27,43421.53515625,43859.15421157615,42886.66742196249,43859.15421157615,141300
2025-03-28,42838.04296875,43372.91070161748,42789.41862939841,43372.91070161748,235600
2025-03-31,42303.17578125,42886.66786099138,41330.68898168104,42740.79484105604,559200
2025-04-01,41914.1796875,42303.17439457656,41719.68233396172,42303.17439457656,298600
2025-04-02,42303.17578125,42497.6731411638,41816.93238146552,41816.93238146552,208900
2025-04-03,39385.71484375,41671.05879147376,39385.71484375,41427.93709490741,923400
2025-04-04,39337.08984375,40844.44433714463,36954.497257416566,37926.98402734858,1130100
2025-04-08,38510.4765625,39871.95805713384,38024.23317155934,38850.84693615846,2671000
2025-04-09,41184.81640625,41184.81640625,38218.73163555195,38218.73163555195,925900
2025-04-10,44053.65234375,44053.65234375,42108.6787303394,44053.65234375,1280000
2025-04-11,43081.1640625,44053.65083591986,42789.41803047405,44053.65083591986,243300
2025-04-14,43227.0390625,44053.6528578459,42983.9173579865,43081.166039791904,375500
2025-04-15,43178.4140625,43761.90614442567,42935.29236169763,43129.78972233953,198400
2025-04-16,43761.90625,44053.652291666665,43032.54114583333,43178.41416666667,285200
2025-04-17,43859.15625,43907.78059174058,43518.785857815965,43518.785857815965,148100
2025-04-18,43810.53125,43956.40427302997,43567.40954495006,43761.906908990015,149600
2025-04-21,43761.90625,43956.40361111111,42789.41944444445,43518.78454861111,130900
2025-04-22,43761.90625,44248.14965277778,43178.41416666667,43616.03322916666,243600
2025-04-23,43761.90625,44053.652291666665,43275.66284722222,43761.90625,192200
2025-04-24,44734.390625,45026.13665081521,43324.28483355978,43761.90387228261,459500
2025-04-25,45706.87890625,46582.11701296543,45026.13815658245,45172.01117436835,490400
2025-04-28,46290.37109375,46533.49279067096,45220.635627297794,45706.879021139706,345000
2025-04-29,47554.60546875,47554.60546875,45998.62655770705,46533.49430837807,302000
2025-04-30,47554.60546875,47554.60546875,47554.60546875,47554.60546875,0
2025-05-01,47554.60546875,47554.60546875,47554.60546875,47554.60546875,0
2025-05-02,47554.60546875,47554.60546875,47554.60546875,47554.60546875,0
2025-05-05,47554.60546875,47554.60546875,47554.60546875,47554.60546875,0
2025-05-06,50861.05859375,50861.05859375,47068.36015176865,47554.60354176626,1135800
2025-05-07,50861.05859375,52806.032153740445,50861.05859375,52028.042729744266,842600
2025-05-08,51347.30078125,52611.53356563683,50569.31137547349,50861.05740263968,858000
2025-05-09,49694.07421875,51347.30173679061,48916.0847984956,50374.8149614726,604700
2025-05-12,49694.07421875,49694.07421875,49694.07421875,49694.07421875,0
2025-05-13,50180.3203125,51541.80187136628,50083.07162972383,50666.56372638081,182300
2025-05-14,50180.3203125,51541.80187136628,49402.330850290695,50180.3203125,438900
2025-05-15,49888.57421875,51055.55841100146,49596.828170687135,50374.81763218811,228000
2025-05-16,49791.32421875,50958.30838012695,49791.32421875,49888.572898864746,111300
2025-05-19,49596.828125,49596.828125,48235.34656862745,49596.828125,125000
2025-05-20,49596.828125,49596.828125,48235.34656862745,49596.828125,125000
2025-05-21,49596.828125,49791.32549019608,49110.58471200981,49402.330759803925,137600
2025-05-22,50472.06640625,51055.55850343208,49110.58484615848,49110.58484615848,639400
2025-05-23,49694.07421875,51055.555704195205,49499.5768636864,50472.0636390044,117800
2025-05-26,50472.06640625,51347.30455202312,49694.07694334056,50374.81772338632,179800
2025-05-27,50472.06640625,51347.30455202312,49694.07694334056,50374.81772338632,179800
2025-05-28,50569.3125,51347.30192307692,50374.81514423077,50472.063822115386,181800
2025-05-29,50083.0703125,50861.05975424757,49985.82163228156,50763.81107402913,136700
2025-05-30,50666.5625,51152.80590211132,49888.573056621884,50083.07041746641,130600
2025-06-02,47651.8515625,48818.83568239796,47214.232517538265,48818.83568239796,339100
2025-06-03,47651.8515625,48818.83568239796,47214.232517538265,48818.83568239796,339100
2025-06-04,47894.97265625,48478.46470891497,47311.48060358503,47311.48060358503,106300
2025-06-05,48138.09765625,48235.34633838384,47651.854245580806,47894.9759509154,88700
2025-06-06,47651.8515625,47894.97325414541,46679.36479591837,47651.8515625,238500
2025-06-09,46533.4921875,47214.23293005486,46290.37049373041,47165.60859130094,89000
2025-06-10,46533.4921875,47214.23293005486,46290.37049373041,47165.60859130094,89000
2025-06-11,46971.11328125,47360.10800821687,46290.37250905797,46290.37250905797,124600
2025-06-12,47311.484375,47360.10871659815,46873.86530061665,46971.11398381295,19200
2025-06-13,46922.48828125,47457.35602331606,46873.863941062176,47019.73696162565,100600
2025-06-16,46679.3671875,47165.610595703125,45706.88037109375,45950.00207519531,189300
2025-06-17,46679.3671875,47165.610595703125,45706.88037109375,45950.00207519531,189300
2025-06-18,46387.62109375,47068.36186451782,46241.74807144261,46679.36713836478,35300
2025-06-19,46387.62109375,46630.74279759565,45998.62636759696,46582.11845682652,71100
2025-06-20,46095.875,46582.118407173,45804.12895569621,46338.9967035865,104300
2025-06-23,46679.3671875,46679.3671875,45804.12905273437,46338.99680175781,41200
2025-06-24,46679.3671875,46679.3671875,45804.12905273437,46338.99680175781,41200
2025-06-25,46679.3671875,46776.61586914062,46484.86982421875,46679.3671875,50100
2025-06-26,46193.12109375,46630.74013569079,46047.248079769735,46630.74013569079,83700
2025-06-27,46582.1171875,46776.61454527662,45901.37643528184,46095.87379305845,45300
2025-06-30,46630.7421875,46873.86388816475,46290.37180656934,46387.62048683524,46500
2025-07-01,46630.7421875,46873.86388816475,46290.37180656934,46387.62048683524,46500
2025-07-02,46679.3671875,46873.86455078125,46533.49416503906,46630.742846679685,53600
2025-07-03,47262.859375,47457.35673868313,46484.86992026749,46679.36728395062,70900
2025-07-04,46679.3671875,47554.60532226563,46630.742846679685,47262.85927734375,212700
2025-07-07,46241.74609375,46776.61381933491,46095.87307768139,46582.11646457676,178000
2025-07-08,46241.74609375,46776.61381933491,46095.87307768139,46582.11646457676,178000
2025-07-09,46679.3671875,46971.11323242188,46047.250756835936,46484.86982421875,40500
2025-07-10,46436.24609375,46776.61648396597,46290.37306937173,46290.37306937173,123500
2025-07-11,46873.86328125,47554.6040342972,46484.86856522303,46484.86856522303,154600
2025-07-14,47019.73828125,47943.60077074716,46582.11920727766,47651.85472143227,184000
2025-07-15,47019.73828125,47943.60077074716,46582.11920727766,47651.85472143227,184000
2025-07-16,46873.86328125,47116.98497876686,46193.1225282028,47019.73629976011,187400
2025-07-17,46679.3671875,46873.86455078125,46387.62114257812,46873.86455078125,138700
2025-07-18,46241.74609375,46825.23815802445,46095.87307768139,46679.36514195584,301800
2025-07-21,46241.74609375,46484.86778719768,46095.87307768139,46095.87307768139,322000
2025-07-22,46241.74609375,46484.86778719768,46095.87307768139,46095.87307768139,322000
2025-07-23,46241.74609375,46630.7408032663,45706.87836816509,46290.37043243954,403700
2025-07-24,45804.12890625,46290.37231289809,45804.12890625,46290.37231289809,336600
2025-07-25,45512.3828125,46193.12358106304,45415.13413127671,46193.12358106304,372800
2025-07-28,46144.5,46290.37302423604,45512.38356164384,45950.00263435195,182300
2025-07-29,46144.5,46290.37302423604,45512.38356164384,45950.00263435195,182300
2025-07-30,46047.25,46387.62038014783,45463.75791974657,46095.87434002112,283100
2025-07-31,46338.99609375,46679.36647429171,45706.87967274396,46436.24477390477,203000
2025-08-01,48138.09765625,48818.83843118687,46338.99703677399,46338.99703677399,663200
2025-08-04,49305.08203125,50472.06622133876,47846.35179363905,48138.09784116124,302500
2025-08-05,49305.08203125,50472.06622133876,47846.35179363905,48138.09784116124,302500
2025-08-06,47603.23046875,49596.8284761236,47554.606127106745,49402.33110955056,403100
2025-08-07,47651.8515625,48040.84626913266,47311.48119419643,47360.10553252552,211100
2025-08-08,48381.21875,49013.335175879394,47554.604962311554,47554.604962311554,175800
2025-08-11,48040.84765625,48527.09105358047,47749.10161785172,47894.97463705086,157000
2025-08-12,48040.84765625,48527.09105358047,47749.10161785172,47894.97463705086,157000
2025-08-13,47651.8515625,48916.08435905613,47651.8515625,48283.96796077806,262700
2025-08-14,48429.84375,49207.833207831325,47749.10297439759,47749.10297439759,236800
2025-08-15,47700.4765625,48624.33900356779,47651.85222349643,48624.33900356779,282900
2025-08-18,47505.98046875,48429.842934365406,47505.98046875,48138.09689259212,282300
2025-08-19,47505.98046875,48429.842934365406,47505.98046875,48138.09689259212,282300
2025-08-20,47943.59765625,48527.08971697516,47505.97861070614,47505.97861070614,131200
2025-08-21,46679.3671875,48332.59477539062,46630.742846679685,48089.47307128906,241100
2025-08-22,47068.359375,47262.85672778926,46776.61334581611,46971.11069860537,151600
2025-08-25,45561.0078125,46484.870297492,45512.38347118464,46484.870297492,153400
2025-08-26,45561.0078125,46484.870297492,45512.38347118464,46484.870297492,153400
2025-08-27,45706.87890625,45998.62494182181,45512.38154920213,45561.0058884641,68900
2025-08-28,46241.74609375,46679.36514195584,46193.12175506046,46679.36514195584,70200
2025-08-29,45998.625,47019.73612579281,45901.37632135307,46776.61442917548,78100
2025-09-01,45998.625,45998.625,45998.625,45998.625,0
2025-09-02,45998.625,45998.625,45998.625,45998.625,0
2025-09-03,45950.0,46387.619047619046,45804.12698412698,46193.12169312169,164100
2025-09-04,45950.0,46387.619047619046,45804.12698412698,46193.12169312169,164100
2025-09-05,45901.375,46193.12102754237,45901.375,46095.87235169491,139100
2025-09-08,45706.87890625,46630.74135222739,45706.87890625,46630.74135222739,138700
2025-09-09,45706.87890625,46630.74135222739,45706.87890625,46630.74135222739,138700
2025-09-10,45415.1328125,45901.37620449679,45415.1328125,45804.12752609743,121100
2025-09-11,45415.1328125,45901.37620449679,45366.50847330032,45901.37620449679,106200
2025-09-12,45463.7578125,45512.38215240642,45220.63611296791,45415.13347259358,120000
2025-09-15,46776.61328125,46971.11063377079,46241.74556181783,46290.369899948026,198600
2025-09-16,46776.61328125,46971.11063377079,46241.74556181783,46290.369899948026,198600
2025-09-17,46679.3671875,47068.3619140625,46484.86982421875,47068.3619140625,369600
2025-09-18,46630.7421875,46971.11256843065,46582.11784736704,46679.36652763295,243000
2025-09-19,47165.609375,47505.979751933,46727.9903189433,46727.9903189433,428000
2025-09-22,47116.984375,47408.730408281735,46825.238341718265,47262.85739164087,464700
2025-09-23,47116.984375,47408.730408281735,46825.238341718265,47262.85739164087,464700
2025-09-24,47116.984375,47262.85739164087,46776.61400283798,47116.984375,447300
2025-09-25,48818.8359375,48818.8359375,47165.60842567231,47262.85710283864,539100
2025-09-26,47846.3515625,49207.833111026426,47749.1028804624,49110.58442898883,111400
2025-09-29,47165.609375,47749.10144974227,46679.36597938144,47651.85277061856,84100
2025-09-30,47165.609375,47749.10144974227,46679.36597938144,47651.85277061856,84100
2025-10-01,47165.609375,47651.85277061856,46922.48767719072,47457.35541237114,66300
2025-10-02,47068.359375,47360.10540418389,47068.359375,47360.10540418389,102900
2025-10-03,47019.73828125,47651.85472143227,46873.86525659255,47068.36262280248,185400
2025-10-06,47505.98046875,48429.842934365406,47408.7317881589,48429.842934365406,67200
2025-10-07,47505.98046875,48429.842934365406,47408.7317881589,48429.842934365406,67200
2025-10-08,47797.7265625,48138.09694493896,47165.6101379705,47700.47788180316,128000
2025-10-09,47651.8515625,47943.59759247449,47165.60817920919,47943.59759247449,44400
2025-10-10,47360.10546875,47797.72451312243,47311.4811304864,47700.47583659522,86100
2025-10-13,48040.84765625,48381.21803438132,47457.35557945344,47505.97991918649,90300
2025-10-14,48040.84765625,48381.21803438132,47457.35557945344,47505.97991918649,90300
2025-10-15,47457.35546875,48429.84226114242,47457.35546875,48040.84754418545,299300
2025-10-16,46776.61328125,47700.47570572375,46630.74026685941,47457.35401507277,196200
2025-10-17,46873.86328125,47019.73629976011,46630.74158373314,46679.36592323651,109000
2025-10-20,45755.50390625,47116.98542524575,45755.50390625,46825.23938546095,146900
2025-10-21,45755.50390625,47116.98542524575,45755.50390625,46825.23938546095,146900
2025-10-22,46436.24609375,47360.10858147906,45706.88097185864,46241.74872791231,175000
2025-10-23,46241.74609375,46776.61381933491,46095.87307768139,46193.12175506046,36800
2025-10-24,46484.8671875,46679.36453974895,45949.999468815375,46193.12115912657,52400
2025-10-27,46630.7421875,47116.98558882951,46387.62048683524,46727.9908677659,73400
2025-10-28,46630.7421875,47116.98558882951,46387.62048683524,46727.9908677659,73400
2025-10-29,46776.61328125,46971.11063377079,46290.369899948026,46971.11063377079,93200
2025-10-30,48527.08984375,49110.5819059995,47457.35439629258,47554.60307333417,542800
2025-10-31,48040.84765625,48624.33973304656,47846.35029731781,48624.33973304656,35700
2025-11-03,46825.23828125,48429.84146222741,46825.23828125,48429.84146222741,126000
2025-11-04,46095.875,46971.11313291139,43859.15532700422,46776.6157700422,366500
2025-11-05,46095.875,46971.11313291139,43859.15532700422,46776.6157700422,366500
2025-11-06,45755.50390625,46290.37164585547,45609.6308863576,45804.12824621413,123600
2025-11-07,45706.87890625,46193.12229886968,45609.63022772606,45706.87890625,116200
2025-11-10,45512.3828125,46095.87489983974,45317.88545005342,46095.87489983974,105600
2025-11-11,45561.0078125,45852.75386039221,45512.38347118464,45512.38347118464,51400
2025-11-12,45755.50390625,46047.2499460348,45512.38220642933,46047.2499460348,33400
2025-11-13,45658.25390625,46095.87295327476,45658.25390625,45901.37559904153,99900
2025-11-14,45998.625,45998.625,45512.38160676533,45706.87896405919,149000
2025-11-17,45804.12890625,45998.62626890924,45706.88022492038,45998.62626890924,67700
2025-11-18,46338.99609375,46387.62043382738,45804.12835289874,45804.12835289874,49400
2025-11-19,47019.73828125,47165.61130590745,46387.62184106774,46873.86525659255,202200
2025-11-20,46922.48828125,47651.85338406736,46776.61526068653,47019.73696162565,61600
2025-11-21,46679.3671875,46971.11323242188,46290.3724609375,46922.48889160156,106700
2025-11-24,46533.4921875,47262.85726880877,46387.61917123824,47165.60859130094,28600
2025-11-25,45804.12890625,46679.36703821656,45804.12890625,46193.12363156847,135900
2025-11-26,46144.5,46193.12434141201,45852.75395152793,45998.62697576396,39000
2025-11-27,46193.12109375,46679.36447368421,46144.496755756576,46193.12109375,29800
2025-11-28,45950.0,46387.619047619046,45804.12698412698,46193.12169312169,21900
2025-12-01,45463.7578125,46387.62027072193,45463.7578125,45950.00121156417,148900
2025-12-02,45901.375,45901.375,45512.380296610165,45512.380296610165,45000
2025-12-03,45658.25390625,46193.12163039137,45512.38089057508,46193.12163039137,100900
2025-12-04,45658.25390625,46193.12163039137,45512.38089057508,46193.12163039137,100900
2025-12-05,45706.87890625,45950.00060255984,45706.87890625,45950.00060255984,13800
2025-12-08,44734.390625,45804.12605298913,44734.390625,45706.87737771739,163300
2025-12-09,44394.0234375,44977.51553087349,44199.526073042165,44783.01816641566,201500
2025-12-10,44345.3984375,45317.88524533991,44248.14975671601,44394.022777892,104000
2025-12-11,44637.14453125,45172.01227617783,44539.89585035403,45172.01227617783,23100
2025-12-12,44539.89453125,45172.01093835289,44491.27019224208,44734.39188728166,37900
2025-12-15,44491.26953125,44977.51291410519,44491.26953125,44977.51291410519,21700
2025-12-16,44831.640625,44831.640625,44296.77289520065,44734.39194685466,50300
2025-12-17,44394.0234375,45026.13987198795,44345.39909638554,44831.64250753012,43000
2025-12-18,44394.0234375,45026.13987198795,44345.39909638554,44831.64250753012,43000
2025-12-19,42789.41796875,43810.5290793679,42789.41796875,43761.90474076704,170500
2025-12-22,42692.171875,43275.66397351936,42303.17714265376,42789.42055808656,134700
2025-12-23,42303.17578125,42789.419181034486,41865.556721443965,42789.419181034486,404000
2025-12-24,41768.30859375,42254.55199996362,41184.81650629365,42254.55199996362,241100
2025-12-25,41768.30859375,42254.55199996362,41184.81650629365,42254.55199996362,241100
2025-12-26,40844.4453125,43664.65701264881,40844.4453125,43178.41361607143,555300
2025-12-29,43664.65625,43664.65625,41816.9313752784,41816.9313752784,323600
2025-12-30,45609.62890625,46679.36433901919,43907.777081389926,46679.36433901919,566700
2025-12-31,46095.875,46095.875,44005.02834915612,45561.00725210971,95800
2026-01-01,46095.875,46095.875,46095.875,46095.875,0
2026-01-02,46095.875,46095.875,46095.875,46095.875,0
2026-01-05,44831.640625,45804.12740645336,44637.143268709326,45804.12740645336,131700
2026-01-06,44053.65234375,45172.01217146109,43956.403663079465,45172.01217146109,100300
2026-01-07,44053.65234375,44685.76876810844,44053.65234375,44685.76876810844,134600
2026-01-08,43421.53515625,44102.275908979565,43421.53515625,43859.15421157615,321700
2026-01-09,43616.03125,44685.76668756968,43372.90955964325,43421.5338977146,97400
2026-01-12,43907.77734375,44248.14771075581,42789.41756644518,44248.14771075581,180200
2026-01-13,45706.87890625,45706.87890625,43761.90533577128,44053.65137134308,217500
2026-01-14,45561.0078125,45658.256495130736,45026.14005803095,45658.256495130736,114000
2026-01-15,45755.50390625,45998.62560607067,45074.76314675213,45074.76314675213,79200
2026-01-16,45561.0078125,46484.870297492,45269.26176460779,46484.870297492,82900
2026-01-19,45609.62890625,45901.37493336887,45220.63420342484,45706.87758195629,129100
2026-01-20,45706.87890625,45901.37626329788,45415.13287067819,45609.63022772606,284300
2026-01-21,45220.63671875,45561.00710265457,42886.66837197581,42886.66837197581,703200
2026-01-22,45074.76171875,45706.87811825782,44539.89399608954,45269.25907244472,42400
2026-01-23,44102.27734375,44831.64245968853,43859.15563843716,44831.64245968853,131400
2026-01-26,43664.65625,45123.386414253895,43664.65625,44637.14302616927,174600
2026-01-27,44053.65234375,44588.52008743792,43372.91157905629,44588.52008743792,189300
2026-01-28,44053.65234375,44734.393108443706,43810.53064207368,44053.65234375,121000
2026-01-29,45123.38671875,45123.38671875,44345.39729256465,44442.645970837824,127300
2026-01-30,45026.13671875,45706.87744667927,44734.3906924946,45415.131420423866,128800
2026-02-02,44928.890625,45220.63666801949,44588.52024147727,44831.64194399351,153900
2026-02-03,45000.0,45500.0,44850.0,45300.0,86300
2026-02-04,44150.0,45450.0,44000.0,45000.0,226800
2026-02-05,43650.0,44250.0,43650.0,44050.0,224100
2026-02-06,43500.0,43750.0,43450.0,43650.0,100500
2026-02-09,43850.0,43900.0,43400.0,43500.0,105600
2026-02-10,44000.0,44300.0,43600.0,43850.0,527900
2026-02-11,43500.0,44000.0,43500.0,43550.0,208600
2026-02-12,44000.0,44100.0,43500.0,43600.0,54800
2026-02-13,44500.0,44500.0,43700.0,44300.0,170600
2026-02-16,44500.0,44500.0,44500.0,44500.0,0
2026-02-17,44500.0,44500.0,44500.0,44500.0,0
2026-02-18,44500.0,44500.0,44500.0,44500.0,0
2026-02-19,44500.0,44500.0,44500.0,44500.0,0
2026-02-20,44500.0,44500.0,44500.0,44500.0,0
2026-02-23,44400.0,44500.0,44200.0,44500.0,74100
2026-02-24,43950.0,44400.0,43800.0,44400.0,146600
2026-02-25,44000.0,44800.0,43700.0,44300.0,187900
2026-02-26,44000.0,44550.0,43800.0,44500.0,107800
2026-02-27,44700.0,45050.0,43800.0,44050.0,185700
2026-03-02,45300.0,45750.0,43700.0,43700.0,281100
2026-03-03,45300.0,45750.0,43700.0,43700.0,281100
2026-03-04,44850.0,45200.0,44200.0,45200.0,166800
2026-03-05,45250.0,45500.0,44850.0,44850.0,134000
2026-03-06,45450.0,45500.0,44600.0,45100.0,123400
2026-03-09,42300.0,44850.0,42300.0,44850.0,348500
2026-03-10,43300.0,44000.0,42400.0,44000.0,70100
2026-03-11,43000.0,43450.0,42800.0,43300.0,478600
2026-03-12,42700.0,43050.0,42400.0,43000.0,168900
2026-03-13,42700.0,43300.0,42600.0,42600.0,181500
2026-03-16,42250.0,43000.0,42250.0,42700.0,102400
2026-03-17,42600.0,42900.0,42400.0,42500.0,56000
2026-03-18,42600.0,43000.0,41950.0,42500.0,167000
2026-03-19,41900.0,42750.0,41700.0,42750.0,375200
2026-03-20,42950.0,43200.0,41900.0,42400.0,310900
2026-03-23,41550.0,42950.0,41200.0,42950.0,473700
2026-03-24,42150.0,42450.0,41750.0,42450.0,241400
2026-03-25,43000.0,43550.0,42250.0,42650.0,291500
2026-03-26,42900.0,43150.0,42600.0,43150.0,71000
2026-03-27,43150.0,43200.0,42800.0,42900.0,228200
2026-03-30,42750.0,43900.0,41800.0,42850.0,710300
2026-03-31,43000.0,43100.0,42250.0,42250.0,125600
2026-04-01,43050.0,43850.0,42800.0,43050.0,498200
2026-04-02,43000.0,43000.0,42400.0,43000.0,132900
2026-04-03,43000.0,43000.0,42600.0,43000.0,119800
2026-04-06,42850.0,42900.0,42000.0,42000.0,111800
2026-04-07,42850.0,42950.0,42700.0,42850.0,196600
2026-04-08,43050.0,43300.0,43000.0,43000.0,598300
2026-04-09,43100.0,43300.0,42800.0,43050.0,106200
2026-04-10,43200.0,43200.0,42950.0,43150.0,117800
2026-04-13,43200.0,43250.0,42850.0,43150.0,34000
2026-04-14,43600.0,43700.0,43250.0,43700.0,326800
2026-04-15,43650.0,43650.0,43550.0,43650.0,103900
2026-04-16,43100.0,43700.0,43050.0,43600.0,613200
2026-04-17,43600.0,43600.0,43050.0,43050.0,122800
2026-04-20,43950.0,44100.0,43700.0,43700.0,237400
2026-04-21,43700.0,43950.0,43050.0,43700.0,451400
2026-04-22,43500.0,43800.0,43100.0,43700.0,379600
2026-04-23,43500.0,43700.0,43150.0,43150.0,109400
2026-04-24,43200.0,43500.0,42800.0,43450.0,129000
2026-04-27,43200.0,43200.0,43200.0,43200.0,0
2026-04-28,42800.0,43500.0,42200.0,43200.0,576900
2026-04-29,43500.0,43500.0,42950.0,43000.0,196400
2026-04-30,43500.0,43500.0,43500.0,43500.0,0
2026-05-01,43500.0,43500.0,43500.0,43500.0,0
2026-05-04,43300.0,43600.0,43000.0,43600.0,445500
2026-05-05,43500.0,43500.0,43150.0,43250.0,213100
2026-05-06,44000.0,44500.0,43650.0,43700.0,138300
2026-05-07,43700.0,44100.0,43700.0,44000.0,272600
2026-05-08,43500.0,44100.0,43500.0,44000.0,323800
2026-05-11,44000.0,44900.0,43500.0,44000.0,182800
2026-05-12,43700.0,44050.0,43500.0,44000.0,35400
2026-05-13,43900.0,43900.0,42800.0,43850.0,342800
2026-05-14,43800.0,43900.0,43350.0,43350.0,131100
2026-05-15,43800.0,43950.0,43500.0,43900.0,57400
2026-05-18,43900.0,43950.0,43700.0,43950.0,78300
2026-05-19,43800.0,43950.0,43700.0,43850.0,172600
2026-05-20,43650.0,43950.0,43500.0,43900.0,163800
2026-05-21,44000.0,44000.0,43550.0,43550.0,120100
2026-05-22,44000.0,44100.0,43650.0,44100.0,21900
2026-05-25,44000.0,44200.0,43150.0,43150.0,61700
2026-05-26,44400.0,44550.0,44050.0,44200.0,148900
2026-05-27,43750.0,44900.0,43400.0,44900.0,247400
2026-05-28,44100.0,44100.0,43750.0,44000.0,16200
2026-05-29,42200.0,44400.0,42200.0,44050.0,167700
2026-06-01,42900.0,43800.0,42200.0,43800.0,41000
2026-06-02,43200.0,43300.0,42850.0,42850.0,50100
2026-06-03,43100.0,43350.0,43000.0,43350.0,21900
2026-06-04,43700.0,43700.0,42950.0,42950.0,56900
2026-06-05,43950.0,43950.0,43600.0,43700.0,47100
2026-06-08,43950.0,44000.0,43250.0,43950.0,87000
2026-06-09,44000.0,44000.0,43500.0,43850.0,56100
2026-06-10,44000.0,44350.0,43850.0,44350.0,31000
2026-06-11,44000.0,44200.0,43850.0,44000.0,77900
2026-06-12,43500.0,44300.0,42000.0,44000.0,185400
2026-06-15,44300.0,44500.0,43500.0,43500.0,12700
2026-06-16,44250.0,44300.0,43850.0,44000.0,30000
2026-06-17,44450.0,44650.0,43950.0,44300.0,89600
2026-06-18,44200.0,44600.0,44100.0,44300.0,42900
2026-06-19,44150.0,44250.0,43950.0,44200.0,6600
2026-06-22,44150.0,44250.0,43800.0,44000.0,19000
2026-06-23,44500.0,44500.0,44100.0,44150.0,106500
2026-06-24,44500.0,44500.0,44000.0,44500.0,110000
2026-06-25,44500.0,44550.0,44000.0,44000.0,42600
2026-06-26,44700.0,45800.0,44000.0,44550.0,111800
2026-06-29,45000.0,45100.0,44700.0,45000.0,31600
2026-06-30,45000.0,45500.0,44900.0,45500.0,58600
2026-07-01,45000.0,45500.0,44900.0,45500.0,58600
2026-07-02,46200.0,46350.0,45000.0,45900.0,129900
2026-07-03,45600.0,45800.0,45050.0,45800.0,23900
2026-07-06,45200.0,45500.0,44850.0,45050.0,67800
2026-07-07,45200.0,45350.0,45000.0,45200.0,41200
2026-07-08,45200.0,45250.0,44750.0,44750.0,42300
2026-07-09,45200.0,45250.0,44700.0,44800.0,21100
2026-07-10,45200.0,45250.0,44750.0,45200.0,71800
2026-07-13,44195.5546875,44195.5546875,43657.77734375,44097.77734375,72204
2026-07-14,44293.33203125,44293.33203125,44000.0,44195.5546875,133772
2026-07-15,44000.0,44391.109375,43413.33203125,44391.109375,82534
2026-07-16,44537.77734375,44537.77734375,43706.66796875,44000.0,316943
2026-07-17,44293.33203125,44684.4453125,44195.5546875,44537.77734375,85193
2026-07-20,44537.77734375,44733.33203125,44000.0,44244.4453125,192784
2026-07-21,44000.0,44782.22265625,44000.0,44000.0,271636
2026-07-22,43706.66796875,44488.890625,42826.66796875,44000.0,46534
2026-07-23,43500.0,43750.0,42250.0,42250.0,52900
2026-07-24,43700.0,43700.0,42700.0,42850.0,100300
2026-07-27,43700.0,43700.0,43000.0,43700.0,45700
2026-07-28,43000.0,43700.0,43000.0,43000.0,74900
2026-07-29,43800.0,43800.0,43100.0,43100.0,402600
2026-07-30,43000.0,43900.0,43000.0,43800.0,309100
2026-07-31,43350.0,43900.0,43100.0,43800.0,35600
2026-08-03,43800.0,43800.0,43300.0,43350.0,80800
2026-08-04,43800.0,43800.0,43050.0,43050.0,630100
2026-08-05,43800.0,43800.0,43200.0,43200.0,51400
2026-08-06,43500.0,43800.0,43500.0,43800.0,763000
2026-08-07,43800.0,43800.0,43150.0,43150.0,590300
2026-08-10,43900.0,44200.0,43650.0,44200.0,48400
2026-08-11,44400.0,44400.0,43400.0,43800.0,34700
2026-08-12,44400.0,44400.0,43900.0,44000.0,171100
2026-08-13,44250.0,44400.0,44100.0,44350.0,130800
2026-08-14,44200.0,44900.0,44100.0,44900.0,4400
2026-08-17,44000.0,44800.0,43750.0,44800.0,10800
2026-08-18,43000.0,44300.0,43000.0,44300.0,11900
2026-08-19,42750.0,43400.0,42100.0,43050.0,37900
2026-08-20,42650.0,42750.0,42000.0,42750.0,88500
2026-08-21,42650.0,42650.0,42000.0,42100.0,15500
2026-08-24,42600.0,42650.0,42250.0,42600.0,5700
2026-08-25,42600.0,42650.0,42100.0,42600.0,45200
2026-08-26,42400.0,42700.0,42150.0,42700.0,21500
2026-08-27,42150.0,42500.0,41200.0,42450.0,34400
2026-08-28,42300.0,42500.0,42000.0,42000.0,15000
2026-08-31,42300.0,42300.0,42300.0,42300.0,0
2026-09-01,42300.0,42300.0,42300.0,42300.0,0
2026-09-02,42300.0,42300.0,42300.0,42300.0,0
2026-09-03,41600.0,42300.0,41050.0,42300.0,25122
