Price,Close,High,Low,Open,Volume
Ticker,CTS.VN,CTS.VN,CTS.VN,CTS.VN,CTS.VN
Date,,,,,
2014-12-04,2465.8291015625,2518.857506103792,2465.8291015625,2492.343303833146,1076817
2014-12-05,2439.314697265625,2465.8291178799504,2439.314697265625,2465.8291178799504,820697
2014-12-08,2412.800537109375,2465.82916109925,2412.800537109375,2465.82916109925,760007
2014-12-09,2280.22900390625,2412.80045001121,2280.22900390625,2412.80045001121,1126361
2014-12-10,2359.771728515625,2359.771728515625,2280.228907837525,2306.743108674155,928655
2014-12-11,2359.771728515625,2359.771728515625,2306.743108674155,2359.771728515625,565540
2014-12-12,2359.771728515625,2386.2859293522547,2359.771728515625,2359.771728515625,327258
2014-12-15,2359.771728515625,2386.2859293522547,2333.257527678996,2359.771728515625,474541
2014-12-16,2280.22900390625,2333.2576259818784,2280.22900390625,2333.2576259818784,803821
2014-12-17,2147.657470703125,2306.7431123100773,2068.1146498996486,2306.7431123100773,1193094
2014-12-18,2174.171875,2227.200499886484,2174.171875,2200.6862965273576,434434
2014-12-19,2147.657470703125,2200.6860906281795,2121.143051656492,2174.1716715815464,857409
2014-12-22,2174.171875,2174.171875,2121.1432501135155,2147.6576716408736,624985
2014-12-23,2121.14306640625,2174.1716867000487,2121.14306640625,2174.1716867000487,529140
2014-12-24,2147.657470703125,2174.1716715815464,2121.143051656492,2121.143051656492,405854
2014-12-25,2121.14306640625,2147.657485637256,2094.628865343457,2147.657485637256,467244
2014-12-26,2068.11474609375,2121.1431503171,2068.11474609375,2121.1431503171,331639
2014-12-29,2041.600341796875,2121.143166922837,2015.0861394776289,2068.1147622843446,399046
2014-12-30,2121.14306640625,2121.14306640625,2015.0860439868648,2068.114664280664,365342
2014-12-31,2227.200439453125,2253.714642092809,2121.1431925579377,2147.657613365848,948408
2015-01-01,2227.200439453125,2227.200439453125,2227.200439453125,2227.200439453125,0
2015-01-02,2227.200439453125,2227.200439453125,2227.200439453125,2227.200439453125,0
2015-01-05,2200.686279296875,2280.2291069196976,2200.686279296875,2227.200482448406,426750
2015-01-06,2253.714599609375,2253.714599609375,2147.6575728816315,2174.171775021512,530825
2015-01-07,2227.200439453125,2280.2290629007184,2227.200439453125,2253.714642092809,599303
2015-01-08,2227.200439453125,2227.200439453125,2174.171816005532,2227.200439453125,289173
2015-01-09,2253.714599609375,2253.714599609375,2200.6861953296143,2200.6861953296143,440164
2015-01-12,2200.686279296875,2253.7146855999367,2174.1718579771145,2227.200482448406,404438
2015-01-13,2174.171875,2227.200499886484,2174.171875,2200.6862965273576,353883
2015-01-14,2174.171875,2200.6862965273576,2147.6576716408736,2200.6862965273576,828762
2015-01-15,2227.200439453125,2253.714642092809,2200.686236813441,2200.686236813441,461734
2015-01-16,2280.22900390625,2333.2576259818784,2227.200381830622,2227.200381830622,2532797
2015-01-19,2253.714599609375,2306.743222057358,2253.714599609375,2280.229019917477,459883
2015-01-20,2280.22900390625,2280.22900390625,2253.714583784326,2253.714583784326,639013
2015-01-21,2227.200439453125,2306.7432655404027,2227.200439453125,2280.2290629007184,434940
2015-01-22,2253.714599609375,2280.229019917477,2227.200397469495,2253.714599609375,410875
2015-01-23,2253.714599609375,2280.229019917477,2253.714599609375,2280.229019917477,364331
2015-01-26,2253.714599609375,2306.743222057358,2253.714599609375,2280.229019917477,1021949
2015-01-27,2359.771728515625,2412.800348357095,2227.200287996055,2280.228907837525,4372656
2015-01-28,2359.771728515625,2386.2859293522547,2306.743108674155,2359.771728515625,645079
2015-01-29,2306.7431640625,2359.7717851772663,2306.7431640625,2359.7717851772663,566888
2015-01-30,2253.714599609375,2306.743222057358,2227.200397469495,2306.743222057358,1182477
2015-02-02,2253.714599609375,2306.743222057358,2227.200397469495,2253.714599609375,1041766
2015-02-03,2227.200439453125,2280.2290629007184,2227.200439453125,2280.2290629007184,804731
2015-02-04,2227.200439453125,2253.714642092809,2200.686236813441,2227.200439453125,620813
2015-02-05,2227.200439453125,2227.200439453125,2200.686236813441,2227.200439453125,435445
2015-02-06,2227.200439453125,2253.714642092809,2200.686236813441,2227.200439453125,486000
2015-02-09,2200.686279296875,2227.200482448406,2200.686279296875,2227.200482448406,177312
2015-02-10,2200.686279296875,2227.200482448406,2174.1718579771145,2200.686279296875,313777
2015-02-11,2253.714599609375,2253.714599609375,2200.6861953296143,2200.6861953296143,448320
2015-02-12,2280.22900390625,2306.743205859954,2227.200381830622,2253.714583784326,587278
2015-02-13,2253.714599609375,2280.229019917477,2227.200397469495,2280.229019917477,253111
2015-02-16,2253.714599609375,2253.714599609375,2253.714599609375,2253.714599609375,0
2015-02-17,2253.714599609375,2253.714599609375,2253.714599609375,2253.714599609375,0
2015-02-18,2253.714599609375,2253.714599609375,2253.714599609375,2253.714599609375,0
2015-02-19,2253.714599609375,2253.714599609375,2253.714599609375,2253.714599609375,0
2015-02-20,2253.714599609375,2253.714599609375,2253.714599609375,2253.714599609375,0
2015-02-23,2253.714599609375,2253.714599609375,2253.714599609375,2253.714599609375,0
2015-02-24,2253.714599609375,2253.714599609375,2253.714599609375,2253.714599609375,0
2015-02-25,2253.714599609375,2280.229019917477,2253.714599609375,2253.714599609375,709789
2015-02-26,2280.22900390625,2280.22900390625,2253.714583784326,2253.714583784326,372083
2015-02-27,2280.22900390625,2280.22900390625,2253.714583784326,2253.714583784326,806181
2015-03-02,2253.714599609375,2306.743222057358,2227.200397469495,2253.714599609375,1115913
2015-03-03,2306.7431640625,2306.7431640625,2041.6002766568845,2041.6002766568845,486337
2015-03-04,2412.800537109375,2412.800537109375,2306.743289129625,2306.743289129625,2578852
2015-03-05,2386.2861328125,2465.829178440834,2386.2861328125,2412.800554078021,965688
2015-03-06,2386.2861328125,2412.800554078021,2359.7719297152084,2359.7719297152084,685186
2015-03-09,2306.7431640625,2359.7717851772663,2306.7431640625,2359.7717851772663,708778
2015-03-10,2333.257568359375,2333.257568359375,2280.2289475933503,2306.7431488922552,579358
2015-03-11,2306.7431640625,2333.257583703992,2280.228962589225,2333.257583703992,353209
2015-03-12,2306.7431640625,2333.257583703992,2306.7431640625,2306.7431640625,200871
2015-03-13,2333.257568359375,2359.77176965828,2306.7431488922552,2333.257568359375,390283
2015-03-16,2333.257568359375,2359.77176965828,2306.7431488922552,2333.257568359375,736415
2015-03-17,2333.257568359375,2359.77176965828,2306.7431488922552,2333.257568359375,607669
2015-03-18,2306.7431640625,2333.257583703992,2280.228962589225,2333.257583703992,837862
2015-03-19,2306.7431640625,2306.7431640625,2280.228962589225,2306.7431640625,403427
2015-03-20,2333.257568359375,2333.257568359375,2280.2289475933503,2280.2289475933503,432412
2015-03-23,2333.257568359375,2333.257568359375,2280.2289475933503,2333.257568359375,367365
2015-03-24,2280.22900390625,2280.22900390625,2280.22900390625,2280.22900390625,385227
2015-03-25,2280.22900390625,2306.743205859954,2253.714583784326,2306.743205859954,208656
2015-03-26,2227.200439453125,2280.2290629007184,2227.200439453125,2253.714642092809,401405
2015-03-27,2200.686279296875,2253.7146855999367,2200.686279296875,2253.7146855999367,579863
2015-03-30,2174.171875,2200.6862965273576,2174.171875,2200.6862965273576,410168
2015-03-31,2200.686279296875,2227.200482448406,2174.1718579771145,2174.1718579771145,672220
2015-04-01,2147.657470703125,2200.6860906281795,2121.143051656492,2200.6860906281795,341750
2015-04-02,2174.171875,2200.6862965273576,2121.1432501135155,2174.171875,467463
2015-04-03,2147.657470703125,2200.6860906281795,2147.657470703125,2174.1716715815464,215050
2015-04-06,2147.657470703125,2174.1716715815464,2147.657470703125,2174.1716715815464,202219
2015-04-07,2147.657470703125,2174.1716715815464,2147.657470703125,2147.657470703125,146271
2015-04-08,2174.171875,2200.6862965273576,2147.6576716408736,2200.6862965273576,242663
2015-04-09,2174.171875,2200.6862965273576,2147.6576716408736,2147.6576716408736,584750
2015-04-10,2174.171875,2227.200499886484,2174.171875,2174.171875,1023903
2015-04-13,2200.686279296875,2200.686279296875,2174.1718579771145,2174.1718579771145,721282
2015-04-14,2147.657470703125,2200.6860906281795,1988.5716109279613,1988.5716109279613,816827
2015-04-15,2147.657470703125,2174.1716715815464,2147.657470703125,2147.657470703125,415705
2015-04-16,2174.171875,2200.6862965273576,2147.6576716408736,2174.171875,827414
2015-04-17,2200.686279296875,2227.200482448406,2200.686279296875,2200.686279296875,710484
2015-04-20,2174.171875,2200.6862965273576,2174.171875,2174.171875,275365
2015-04-21,2147.657470703125,2174.1716715815464,2121.143051656492,2174.1716715815464,865835
2015-04-22,2121.14306640625,2200.6861059310545,2121.14306640625,2147.657485637256,833817
2015-04-23,2094.62890625,2147.6575275794085,2068.114704669404,2147.6575275794085,1025926
2015-04-24,2015.086181640625,2094.629008430915,2015.086181640625,2094.629008430915,2379447
2015-04-27,2041.600341796875,2041.600341796875,1988.5717189901595,2015.0861394776289,938971
2015-04-28,2041.600341796875,2041.600341796875,2041.600341796875,2041.600341796875,0
2015-04-29,2041.600341796875,2041.600341796875,2041.600341796875,2041.600341796875,0
2015-04-30,2041.600341796875,2041.600341796875,2041.600341796875,2041.600341796875,0
2015-05-01,2041.600341796875,2041.600341796875,2041.600341796875,2041.600341796875,0
2015-05-04,1962.0574951171875,2041.60031936935,1962.0574951171875,2041.60031936935,788992
2015-05-05,1962.0574951171875,1988.571697145168,1935.5432930892068,1962.0574951171875,550710
2015-05-06,1909.0289306640625,1988.5717573233512,1909.0289306640625,1988.5717573233512,419605
2015-05-07,1935.5433349609373,1962.0575375625008,1882.514711589584,1909.028914191148,853702
2015-05-08,1935.5433349609373,1988.5717401640657,1935.5433349609373,1935.5433349609373,267290
2015-05-11,1935.5433349609373,1962.0575375625008,1909.028914191148,1962.0575375625008,140205
2015-05-12,1856.000244140625,1935.543286281228,1856.000244140625,1909.028866178287,691276
2015-05-13,1882.5146484375,1882.5146484375,1856.000228557181,1856.000228557181,237944
2015-05-14,1856.000244140625,1909.028866178287,1829.486042205904,1856.000244140625,412190
2015-05-15,1856.000244140625,1882.514664243566,1829.486042205904,1856.000244140625,471268
2015-05-18,1802.9718017578125,1829.4861138144493,1802.9718017578125,1829.4861138144493,639013
2015-05-19,1829.486083984375,1829.486083984375,1776.457460735742,1802.9717723600584,496492
2015-05-20,1829.486083984375,1829.486083984375,1829.486083984375,1829.486083984375,0
2015-05-21,1988.5716552734373,2015.0860749113465,1935.543252334052,1935.543252334052,750233
2015-05-22,1935.5433349609373,1988.5717401640657,1935.5433349609373,1988.5717401640657,484989
2015-05-25,2015.086181640625,2041.6003845146456,1962.057557724356,1962.057557724356,773488
2015-05-26,1988.5716552734373,2015.0860749113465,1988.5716552734373,1988.5716552734373,671755
2015-05-27,1988.5716552734373,2041.6002763810388,1962.0574538037447,1988.5716552734373,795733
2015-05-28,2068.11474609375,2121.1431503171,1962.0575013106063,2015.0861237021784,1831129
2015-05-29,2068.11474609375,2094.6289482054253,2041.6003258138533,2068.11474609375,460773
2015-06-01,2068.11474609375,2121.1431503171,2068.11474609375,2068.11474609375,715216
2015-06-02,2068.11474609375,2121.1431503171,2041.6003258138533,2068.11474609375,878305
2015-06-03,2068.11474609375,2094.6289482054253,2041.6003258138533,2068.11474609375,445893
2015-06-04,2121.14306640625,2147.657485637256,2094.628865343457,2094.628865343457,1173714
2015-06-05,2200.686279296875,2200.686279296875,2094.629030354292,2121.143233505823,1644380
2015-06-08,2200.686279296875,2280.2291069196976,2200.686279296875,2200.686279296875,1503837
2015-06-09,2147.657470703125,2200.6860906281795,2121.143051656492,2200.6860906281795,562644
2015-06-10,2147.657470703125,2147.657470703125,2094.6288507780705,2147.657470703125,816292
2015-06-11,2174.171875,2200.6862965273576,2147.6576716408736,2174.171875,902572
2015-06-12,2253.714599609375,2280.229019917477,2200.6861953296143,2200.6861953296143,1536866
2015-06-15,2306.7431640625,2359.7717851772663,2280.228962589225,2280.228962589225,1357343
2015-06-16,2227.200439453125,2306.7432655404027,2227.200439453125,2280.2290629007184,725630
2015-06-17,2200.686279296875,2227.200482448406,2174.1718579771145,2227.200482448406,918412
2015-06-18,2227.200439453125,2280.2290629007184,2200.686236813441,2200.686236813441,1611351
2015-06-19,2253.714599609375,2306.743222057358,2227.200397469495,2227.200397469495,1257130
2015-06-22,2280.22900390625,2280.22900390625,2253.714583784326,2280.22900390625,534533
2015-06-23,2227.200439453125,2253.714642092809,2227.200439453125,2253.714642092809,992617
2015-06-24,2253.714599609375,2280.229019917477,2200.6861953296143,2227.200397469495,1459349
2015-06-25,2253.714599609375,2280.229019917477,2227.200397469495,2280.229019917477,772477
2015-06-26,2306.7431640625,2412.8004062920327,2227.2003414744586,2253.7145429477337,4815449
2015-06-29,2333.257568359375,2386.2859709571853,2306.7431488922552,2333.257568359375,1229544
2015-06-30,2306.7431640625,2333.257583703992,2280.228962589225,2333.257583703992,706419
2015-07-01,2253.714599609375,2306.743222057358,2253.714599609375,2306.743222057358,924519
2015-07-02,2280.22900390625,2306.743205859954,2253.714583784326,2253.714583784326,371746
2015-07-03,2306.7431640625,2333.257583703992,2280.228962589225,2306.7431640625,992357
2015-07-06,2333.257568359375,2359.77176965828,2306.7431488922552,2306.7431488922552,875946
2015-07-07,2333.257568359375,2333.257568359375,2306.7431488922552,2306.7431488922552,403090
2015-07-08,2306.7431640625,2359.7717851772663,2280.228962589225,2306.7431640625,1038733
2015-07-09,2333.257568359375,2333.257568359375,2253.7145281262306,2306.7431488922552,814606
2015-07-10,2359.771728515625,2386.2859293522547,2333.257527678996,2333.257527678996,2029945
2015-07-13,2465.8291015625,2492.343303833146,2333.2576538728267,2359.7718561434726,2434046
2015-07-14,2412.800537109375,2492.3433640100734,2386.286116030324,2439.3147400201983,1261882
2015-07-15,2359.771728515625,2412.800348357095,2333.257527678996,2412.800348357095,1295214
2015-07-16,2333.257568359375,2359.77176965828,2306.7431488922552,2359.77176965828,879654
2015-07-17,2306.7431640625,2359.7717851772663,2306.7431640625,2333.257583703992,769940
2015-07-20,2280.22900390625,2333.2576259818784,2253.714583784326,2333.2576259818784,1517656
2015-07-21,2227.200439453125,2280.2290629007184,2227.200439453125,2280.2290629007184,1089288
2015-07-22,2280.22900390625,2280.22900390625,2227.200381830622,2227.200381830622,1033816
2015-07-23,2280.22900390625,2306.743205859954,2280.22900390625,2306.743205859954,997278
2015-07-24,2280.22900390625,2306.743205859954,2253.714583784326,2280.22900390625,413120
2015-07-27,2333.257568359375,2333.257568359375,2280.2289475933503,2280.2289475933503,1043829
2015-07-28,2280.22900390625,2333.2576259818784,2280.22900390625,2333.2576259818784,757648
2015-07-29,2253.714599609375,2280.229019917477,2227.200397469495,2227.200397469495,479259
2015-07-30,2280.22900390625,2333.2576259818784,2253.714583784326,2253.714583784326,410242
2015-07-31,2280.22900390625,2280.22900390625,2253.714583784326,2253.714583784326,130094
2015-08-03,2227.200439453125,2253.714642092809,2174.171816005532,2227.200439453125,790054
2015-08-04,2174.171875,2227.200499886484,2174.171875,2227.200499886484,497166
2015-08-05,2200.686279296875,2227.200482448406,2174.1718579771145,2200.686279296875,487685
2015-08-06,2227.200439453125,2227.200439453125,2200.686236813441,2227.200439453125,206937
2015-08-07,2200.686279296875,2227.200482448406,2200.686279296875,2200.686279296875,219546
2015-08-10,2227.200439453125,2227.200439453125,2200.686236813441,2227.200439453125,666312
2015-08-11,2227.200439453125,2253.714642092809,2227.200439453125,2227.200439453125,338211
2015-08-12,2174.171875,2227.200499886484,2174.171875,2200.6862965273576,581717
2015-08-13,2121.14306640625,2174.1716867000487,2094.628865343457,2174.1716867000487,666312
2015-08-14,2121.14306640625,2121.14306640625,2094.628865343457,2121.14306640625,451623
2015-08-17,2121.14306640625,2147.657485637256,2094.628865343457,2121.14306640625,573628
2015-08-18,2147.657470703125,2147.657470703125,2121.143051656492,2147.657470703125,97402
2015-08-19,2174.171875,2174.171875,2094.629046754389,2121.1432501135155,583739
2015-08-20,2121.14306640625,2174.1716867000487,2121.14306640625,2147.657485637256,536555
2015-08-21,2121.14306640625,2121.14306640625,2041.6002450496585,2094.628865343457,632272
2015-08-24,1935.5433349609373,2094.6289869067728,1909.028914191148,2094.6289869067728,1038092
2015-08-25,1909.0289306640625,1962.0575544929973,1882.5147278337088,1909.0289306640625,814943
2015-08-26,2068.11474609375,2068.11474609375,1909.0288789190347,1909.0288789190347,1586882
2015-08-27,2041.600341796875,2094.6289646035907,2041.600341796875,2068.1147622843446,790185
2015-08-28,2094.62890625,2121.1431078305955,2041.6002849205915,2068.114704669404,538914
2015-08-31,2068.11474609375,2094.6289482054253,2041.6003258138533,2094.6289482054253,252437
2015-09-01,2041.600341796875,2068.1147622843446,2015.0861394776289,2041.600341796875,377813
2015-09-02,2041.600341796875,2041.600341796875,2041.600341796875,2041.600341796875,0
2015-09-03,2015.086181640625,2041.6003845146456,2015.086181640625,2015.086181640625,185704
2015-09-04,2015.086181640625,2041.6003845146456,2015.086181640625,2041.6003845146456,384890
2015-09-07,2015.086181640625,2015.086181640625,2015.086181640625,2015.086181640625,242326
2015-09-08,2068.11474609375,2068.11474609375,2015.0861237021784,2015.0861237021784,386238
2015-09-09,2041.600341796875,2068.1147622843446,2041.600341796875,2068.1147622843446,183345
2015-09-10,2041.600341796875,2041.600341796875,2041.600341796875,2041.600341796875,182671
2015-09-11,2041.600341796875,2068.1147622843446,2041.600341796875,2068.1147622843446,229855
2015-09-14,2041.600341796875,2068.1147622843446,2015.0861394776289,2041.600341796875,164808
2015-09-15,2041.600341796875,2041.600341796875,2041.600341796875,2041.600341796875,174245
2015-09-16,2041.600341796875,2041.600341796875,2015.0861394776289,2041.600341796875,616768
2015-09-17,2068.11474609375,2068.11474609375,2041.6003258138533,2068.11474609375,423649
2015-09-18,2094.62890625,2094.62890625,2068.114704669404,2068.114704669404,433423
2015-09-21,2121.14306640625,2121.14306640625,2094.628865343457,2121.14306640625,222441
2015-09-22,2121.14306640625,2147.657485637256,2094.628865343457,2094.628865343457,317878
2015-09-23,2121.14306640625,2121.14306640625,2094.628865343457,2094.628865343457,247381
2015-09-24,2121.14306640625,2121.14306640625,2094.628865343457,2094.628865343457,310069
2015-09-25,2068.11474609375,2121.1431503171,2068.11474609375,2094.6289482054253,465441
2015-09-28,2079.78076171875,2135.991146919024,2079.78076171875,2135.991146919024,110648
2015-09-29,2079.78076171875,2079.78076171875,2051.6756782027187,2079.78076171875,64544
2015-09-30,2079.78076171875,2107.8860634029925,2051.6756782027187,2107.8860634029925,97930
2015-10-01,2079.78076171875,2107.8860634029925,2079.78076171875,2079.78076171875,165654
2015-10-02,2107.88623046875,2107.88623046875,2051.6758408133824,2079.780926556952,106832
2015-10-05,2107.88623046875,2107.88623046875,2079.780926556952,2079.780926556952,15420
2015-10-06,2164.096435546875,2192.2017398949224,2079.7809588391974,2135.99134936706,1020635
2015-10-07,2107.88623046875,2135.99131621232,2107.88623046875,2135.99131621232,255953
2015-10-08,2164.096435546875,2164.096435546875,2107.886263187245,2107.886263187245,555467
2015-10-09,2164.096435546875,2164.096435546875,2107.886263187245,2164.096435546875,261676
2015-10-12,2135.9912109375,2135.9912109375,2107.8861265791224,2135.9912109375,287749
2015-10-13,2107.88623046875,2135.99131621232,2107.88623046875,2107.88623046875,211169
2015-10-14,2079.78076171875,2107.8860634029925,2079.78076171875,2107.8860634029925,104925
2015-10-15,2079.78076171875,2079.78076171875,2079.78076171875,2079.78076171875,336568
2015-10-16,2079.78076171875,2107.8860634029925,2079.78076171875,2079.78076171875,197767
2015-10-19,2079.78076171875,2107.8860634029925,2079.78076171875,2079.78076171875,278210
2015-10-20,2023.5706787109373,2079.7808480770013,2023.5706787109373,2079.7808480770013,192534
2015-10-21,2051.67578125,2051.67578125,2023.5706963223647,2051.67578125,253092
2015-10-22,2079.78076171875,2079.78076171875,2051.6756782027187,2051.6756782027187,119551
2015-10-23,2051.67578125,2107.886169273492,2051.67578125,2079.780866177635,152936
2015-10-26,2023.5706787109373,2079.7808480770013,2023.5706787109373,2079.7808480770013,76627
2015-10-27,2023.5706787109373,2051.675763393969,2023.5706787109373,2051.675763393969,172652
2015-10-28,2023.5706787109373,2051.675763393969,1995.465594027905,2023.5706787109373,131951
2015-10-29,2079.78076171875,2079.78076171875,2023.570594686688,2051.6756782027187,95704
2015-10-30,2023.5706787109373,2051.675763393969,2023.5706787109373,2051.675763393969,86168
2015-11-02,2023.5706787109373,2051.675763393969,2023.5706787109373,2051.675763393969,64862
2015-11-03,2023.5706787109373,2051.675763393969,2023.5706787109373,2051.675763393969,165066
2015-11-04,2023.5706787109373,2051.675763393969,2023.5706787109373,2051.675763393969,67724
2015-11-05,2023.5706787109373,2023.5706787109373,2023.5706787109373,2023.5706787109373,215891
2015-11-06,2023.5706787109373,2051.675763393969,2023.5706787109373,2051.675763393969,187911
2015-11-09,2023.5706787109373,2051.675763393969,2023.5706787109373,2023.5706787109373,341165
2015-11-10,2023.5706787109373,2023.5706787109373,2023.5706787109373,2023.5706787109373,49314
2015-11-11,2023.5706787109373,2023.5706787109373,1995.465594027905,1995.465594027905,68042
2015-11-12,2023.5706787109373,2023.5706787109373,1995.465594027905,2023.5706787109373,51941
2015-11-13,2023.5706787109373,2051.675763393969,2023.5706787109373,2023.5706787109373,278210
2015-11-16,2023.5706787109373,2023.5706787109373,1995.465594027905,2023.5706787109373,206352
2015-11-17,2023.5706787109373,2023.5706787109373,1995.465594027905,1995.465594027905,270261
2015-11-18,2023.5706787109373,2023.5706787109373,1995.465594027905,1995.465594027905,175733
2015-11-19,2079.78076171875,2079.78076171875,2023.570594686688,2023.570594686688,414390
2015-11-20,2079.78076171875,2079.78076171875,2051.6756782027187,2079.78076171875,181584
2015-11-23,2079.78076171875,2079.78076171875,2051.6756782027187,2051.6756782027187,437712
2015-11-24,2079.78076171875,2079.78076171875,2023.570594686688,2051.6756782027187,209284
2015-11-25,2107.88623046875,2107.88623046875,2051.6758408133824,2079.780926556952,1384693
2015-11-26,2079.78076171875,2135.991146919024,2079.78076171875,2135.991146919024,180280
2015-11-27,2079.78076171875,2107.8860634029925,2051.6756782027187,2079.78076171875,729614
2015-11-30,2051.67578125,2051.67578125,2023.5706963223647,2023.5706963223647,176840
2015-12-01,2051.67578125,2051.67578125,2023.5706963223647,2023.5706963223647,150519
2015-12-02,2051.67578125,2051.67578125,2051.67578125,2051.67578125,298165
2015-12-03,2023.5706787109373,2079.7808480770013,2023.5706787109373,2051.675763393969,292960
2015-12-04,2051.67578125,2051.67578125,2023.5706963223647,2051.67578125,588566
2015-12-07,2051.67578125,2051.67578125,2023.5706963223647,2023.5706963223647,184070
2015-12-08,2051.67578125,2051.67578125,1995.4656113947308,2023.5706963223647,177736
2015-12-09,1995.465576171875,2023.570660603414,1995.465576171875,2023.570660603414,294489
2015-12-10,1995.465576171875,2023.570660603414,1995.465576171875,1995.465576171875,85873
2015-12-11,1995.465576171875,1995.465576171875,1967.3602735721167,1995.465576171875,178118
2015-12-14,1939.2552490234373,1995.4656377904723,1939.2552490234373,1995.4656377904723,235299
2015-12-15,1995.465576171875,1995.465576171875,1967.3602735721167,1967.3602735721167,77511
2015-12-16,1995.465576171875,2023.570660603414,1967.3602735721167,1967.3602735721167,146609
2015-12-17,2023.5706787109373,2023.5706787109373,1967.3602911766527,1995.465594027905,286172
2015-12-18,1995.465576171875,1995.465576171875,1967.3602735721167,1995.465576171875,193348
2015-12-21,1967.3603515625,1995.465655276412,1967.3603515625,1967.3603515625,40799
2015-12-22,1967.3603515625,1967.3603515625,1967.3603515625,1967.3603515625,153254
2015-12-23,1939.2552490234373,1967.3603343228424,1939.2552490234373,1967.3603343228424,183555
2015-12-24,1939.2552490234373,1995.4656377904723,1939.2552490234373,1967.3603343228424,55069
2015-12-25,1939.2552490234373,1967.3603343228424,1939.2552490234373,1967.3603343228424,218180
2015-12-28,1911.150146484375,1967.360316576137,1911.150146484375,1967.360316576137,406028
2015-12-29,1967.3603515625,1967.3603515625,1911.15018047113,1911.15018047113,180916
2015-12-30,1967.3603515625,1995.465655276412,1939.2552660168149,1967.3603515625,208317
2015-12-31,1967.3603515625,1967.3603515625,1939.2552660168149,1939.2552660168149,65651
2016-01-04,1967.3603515625,1967.3603515625,1939.2552660168149,1967.3603515625,76309
2016-01-05,1911.150146484375,1967.360316576137,1911.150146484375,1939.255231530256,294744
2016-01-06,1939.2552490234373,1939.2552490234373,1911.1501637240328,1939.2552490234373,281390
2016-01-07,1911.150146484375,1939.255231530256,1911.150146484375,1939.255231530256,460640
2016-01-08,1967.3603515625,1967.3603515625,1883.0448767572173,1911.15018047113,233696
2016-01-11,1967.3603515625,1967.3603515625,1911.15018047113,1939.2552660168149,120822
2016-01-12,1967.3603515625,1967.3603515625,1911.15018047113,1911.15018047113,168198
2016-01-13,1911.150146484375,1967.360316576137,1911.150146484375,1967.360316576137,157165
2016-01-14,1911.150146484375,1911.150146484375,1883.0448432702703,1911.150146484375,153604
2016-01-15,1883.0447998046875,1939.2551867671907,1883.0447998046875,1939.2551867671907,146119
2016-01-18,1798.7294921875,1911.150160444546,1770.6242978522102,1883.044857025144,543893
2016-01-19,1883.0447998046875,1911.150102370048,1826.8346310104027,1854.9397154075448,72175
2016-01-20,1826.8345947265625,1883.044762404424,1826.8345947265625,1883.044762404424,27662
2016-01-21,1826.8345947265625,1854.939678565493,1798.7294018035248,1826.8345947265625,454039
2016-01-22,1854.939697265625,1883.0447813878905,1798.729419936986,1826.8346131433595,130221
2016-01-25,1939.2552490234373,1939.2552490234373,1854.9397749569976,1854.9397749569976,265142
2016-01-26,1939.2552490234373,1939.2552490234373,1883.0448602564024,1939.2552490234373,38472
2016-01-27,1939.2552490234373,1939.2552490234373,1911.1501637240328,1939.2552490234373,69377
2016-01-28,1939.2552490234373,1939.2552490234373,1911.1501637240328,1911.1501637240328,101109
2016-01-29,1939.2552490234373,1939.2552490234373,1883.0448602564024,1911.1501637240328,188420
2016-02-01,1911.150146484375,1939.255231530256,1883.0448432702703,1939.255231530256,39903
2016-02-02,1883.0447998046875,1911.150102370048,1854.9397154075448,1883.0447998046875,122094
2016-02-03,1883.0447998046875,1883.0447998046875,1854.9397154075448,1854.9397154075448,66770
2016-02-04,1883.0447998046875,1883.0447998046875,1854.9397154075448,1883.0447998046875,159676
2016-02-05,1911.150146484375,1911.150146484375,1883.0448432702703,1883.0448432702703,27662
2016-02-15,1911.150146484375,1939.255231530256,1911.150146484375,1911.150146484375,54370
2016-02-16,1911.150146484375,1911.150146484375,1883.0448432702703,1883.0448432702703,17169
2016-02-17,1939.2552490234373,1939.2552490234373,1883.0448602564024,1911.1501637240328,65638
2016-02-18,1939.2552490234373,1939.2552490234373,1911.1501637240328,1939.2552490234373,101141
2016-02-19,1939.2552490234373,1939.2552490234373,1939.2552490234373,1939.2552490234373,0
2016-02-22,1939.2552490234373,1939.2552490234373,1939.2552490234373,1939.2552490234373,0
2016-02-23,1939.2552490234373,1939.2552490234373,1939.2552490234373,1939.2552490234373,0
2016-02-24,1967.3603515625,1967.3603515625,1939.2552660168149,1939.2552660168149,213742
2016-02-25,1967.3603515625,1967.3603515625,1939.2552660168149,1967.3603515625,276302
2016-02-26,1995.465576171875,1995.465576171875,1939.2551891405776,1967.3602735721167,112171
2016-02-29,1939.2552490234373,1995.4656377904723,1939.2552490234373,1995.4656377904723,213665
2016-03-01,1995.465576171875,1995.465576171875,1967.3602735721167,1967.3602735721167,316365
2016-03-02,1995.465576171875,1995.465576171875,1967.3602735721167,1967.3602735721167,380274
2016-03-03,1995.465576171875,1995.465576171875,1967.3602735721167,1995.465576171875,459578
2016-03-04,1967.3603515625,1967.3603515625,1967.3603515625,1967.3603515625,250548
2016-03-07,1967.3603515625,1967.3603515625,1967.3603515625,1967.3603515625,234905
2016-03-08,1967.3603515625,1995.465655276412,1967.3603515625,1967.3603515625,338622
2016-03-09,1967.3603515625,1995.465655276412,1967.3603515625,1967.3603515625,203809
2016-03-10,2023.5706787109373,2051.675763393969,1967.3602911766527,1967.3602911766527,423999
2016-03-11,2023.5706787109373,2051.675763393969,1995.465594027905,2051.675763393969,332021
2016-03-14,2051.67578125,2051.67578125,1995.4656113947308,2051.67578125,377434
2016-03-15,1995.465576171875,2023.570660603414,1995.465576171875,1995.465576171875,120380
2016-03-16,2051.67578125,2051.67578125,1967.3603082988736,1967.3603082988736,822867
2016-03-17,2023.5706787109373,2079.7808480770013,2023.5706787109373,2051.675763393969,349305
2016-03-18,2051.67578125,2051.67578125,1995.4656113947308,2023.5706963223647,369543
2016-03-21,2023.5706787109373,2051.675763393969,1995.465594027905,2023.5706787109373,106006
2016-03-22,2023.5706787109373,2023.5706787109373,1995.465594027905,1995.465594027905,230008
2016-03-23,2023.5706787109373,2023.5706787109373,1995.465594027905,1995.465594027905,113986
2016-03-24,2023.5706787109373,2023.5706787109373,1967.3602911766527,2023.5706787109373,1519671
2016-03-25,1967.3603515625,1995.465655276412,1967.3603515625,1967.3603515625,158923
2016-03-28,1967.3603515625,1967.3603515625,1939.2552660168149,1967.3603515625,236717
2016-03-29,1939.2552490234373,1939.2552490234373,1911.1501637240328,1939.2552490234373,313859
2016-03-30,1967.3603515625,1967.3603515625,1911.15018047113,1911.15018047113,194270
2016-03-31,1911.150146484375,1939.255231530256,1911.150146484375,1939.255231530256,43636
2016-04-01,1939.2552490234373,1939.2552490234373,1883.0448602564024,1939.2552490234373,528520
2016-04-04,1939.2552490234373,1939.2552490234373,1939.2552490234373,1939.2552490234373,111284
2016-04-05,1939.2552490234373,1967.3603343228424,1939.2552490234373,1939.2552490234373,198817
2016-04-06,1939.2552490234373,1939.2552490234373,1911.1501637240328,1939.2552490234373,121140
2016-04-07,1939.2552490234373,1939.2552490234373,1911.1501637240328,1939.2552490234373,291342
2016-04-08,1967.3603515625,1967.3603515625,1939.2552660168149,1939.2552660168149,530507
2016-04-11,1967.3603515625,1995.465655276412,1967.3603515625,1995.465655276412,286795
2016-04-12,1939.2552490234373,1995.4656377904723,1939.2552490234373,1967.3603343228424,768179
2016-04-13,1939.2552490234373,1967.3603343228424,1911.1501637240328,1967.3603343228424,351448
2016-04-14,1967.3603515625,1967.3603515625,1939.2552660168149,1939.2552660168149,482369
2016-04-15,1967.3603515625,1967.3603515625,1967.3603515625,1967.3603515625,0
2016-04-19,1967.3603515625,1967.3603515625,1967.3603515625,1967.3603515625,0
2016-04-20,1939.2552490234373,1939.2552490234373,1911.1501637240328,1939.2552490234373,277701
2016-04-21,1995.465576171875,1995.465576171875,1967.3602735721167,1967.3602735721167,1363390
2016-04-22,1995.465576171875,2023.570660603414,1995.465576171875,2023.570660603414,112905
2016-04-25,1995.465576171875,1995.465576171875,1995.465576171875,1995.465576171875,0
2016-04-26,1939.2552490234373,1967.3603343228424,1911.1501637240328,1939.2552490234373,1611745
2016-04-27,1939.2552490234373,1939.2552490234373,1939.2552490234373,1939.2552490234373,0
2016-04-28,1939.2552490234373,1939.2552490234373,1939.2552490234373,1939.2552490234373,0
2016-04-29,1939.2552490234373,1939.2552490234373,1939.2552490234373,1939.2552490234373,0
2016-05-04,1939.2552490234373,1939.2552490234373,1939.2552490234373,1939.2552490234373,0
2016-05-05,1911.150146484375,1967.360316576137,1883.0448432702703,1911.150146484375,433461
2016-05-06,1939.2552490234373,1939.2552490234373,1911.1501637240328,1911.1501637240328,339121
2016-05-09,1939.2552490234373,1967.3603343228424,1911.1501637240328,1967.3603343228424,218307
2016-05-10,1939.2552490234373,1939.2552490234373,1939.2552490234373,1939.2552490234373,0
2016-05-11,1939.2552490234373,1939.2552490234373,1939.2552490234373,1939.2552490234373,0
2016-05-12,1939.2552490234373,1939.2552490234373,1939.2552490234373,1939.2552490234373,35610
2016-05-13,1911.150146484375,1939.255231530256,1911.150146484375,1939.255231530256,137674
2016-05-16,1911.150146484375,1911.150146484375,1911.150146484375,1911.150146484375,0
2016-05-17,1911.150146484375,1911.150146484375,1911.150146484375,1911.150146484375,0
2016-05-18,1911.150146484375,1911.150146484375,1911.150146484375,1911.150146484375,0
2016-05-19,1939.2552490234373,1939.2552490234373,1911.1501637240328,1939.2552490234373,255324
2016-05-20,1939.2552490234373,1939.2552490234373,1939.2552490234373,1939.2552490234373,0
2016-05-23,1911.150146484375,1967.360316576137,1911.150146484375,1967.360316576137,43941
2016-05-24,1939.2552490234373,1939.2552490234373,1911.1501637240328,1911.1501637240328,153158
2016-05-25,1939.2552490234373,1939.2552490234373,1911.1501637240328,1911.1501637240328,233696
2016-05-26,1911.150146484375,1911.150146484375,1911.150146484375,1911.150146484375,293504
2016-05-27,1911.150146484375,1911.150146484375,1883.0448432702703,1911.150146484375,187615
2016-05-30,1939.2552490234373,1939.2552490234373,1911.1501637240328,1911.1501637240328,78070
2016-05-31,1939.2552490234373,1939.2552490234373,1911.1501637240328,1939.2552490234373,299821
2016-06-01,1967.3603515625,1967.3603515625,1911.15018047113,1911.15018047113,892671
2016-06-02,1967.3603515625,1967.3603515625,1939.2552660168149,1967.3603515625,131932
2016-06-03,1939.2552490234373,1939.2552490234373,1939.2552490234373,1939.2552490234373,475854
2016-06-06,1911.150146484375,1939.255231530256,1911.150146484375,1939.255231530256,417220
2016-06-07,1939.2552490234373,1939.2552490234373,1911.1501637240328,1939.2552490234373,23922
2016-06-08,1939.2552490234373,1939.2552490234373,1911.1501637240328,1939.2552490234373,179491
2016-06-09,1939.2552490234373,1939.2552490234373,1911.1501637240328,1911.1501637240328,360529
2016-06-10,1967.3603515625,1967.3603515625,1939.2552660168149,1967.3603515625,443515
2016-06-13,1939.2552490234373,1967.3603343228424,1939.2552490234373,1967.3603343228424,185978
2016-06-14,1967.3603515625,1967.3603515625,1939.2552660168149,1939.2552660168149,266446
2016-06-15,1967.3603515625,1967.3603515625,1939.2552660168149,1939.2552660168149,310641
2016-06-16,1939.2552490234373,1967.3603343228424,1939.2552490234373,1939.2552490234373,616323
2016-06-17,1939.2552490234373,1939.2552490234373,1911.1501637240328,1911.1501637240328,164118
2016-06-20,1911.150146484375,1939.255231530256,1911.150146484375,1939.255231530256,64544
2016-06-21,1939.2552490234373,1939.2552490234373,1911.1501637240328,1911.1501637240328,210009
2016-06-22,1939.2552490234373,1939.2552490234373,1911.1501637240328,1911.1501637240328,96397
2016-06-23,1939.2552490234373,1939.2552490234373,1911.1501637240328,1911.1501637240328,78697
2016-06-24,1911.150146484375,1911.150146484375,1798.729479048516,1911.150146484375,1008387
2016-06-27,1911.150146484375,1911.150146484375,1826.8346731785089,1911.150146484375,246828
2016-06-28,1911.150146484375,1911.150146484375,1883.0448432702703,1911.150146484375,224794
2016-06-29,1911.150146484375,1911.150146484375,1883.0448432702703,1911.150146484375,132523
2016-06-30,1911.150146484375,1911.150146484375,1883.0448432702703,1911.150146484375,73606
2016-07-01,1911.150146484375,1967.360316576137,1911.150146484375,1939.255231530256,144691
2016-07-04,2023.5706787109373,2023.5706787109373,1911.1501218105889,1911.1501218105889,1110139
2016-07-05,2051.67578125,2079.780866177635,2023.5706963223647,2051.67578125,1277307
2016-07-06,1995.465576171875,2023.570660603414,1995.465576171875,1995.465576171875,107436
2016-07-07,2023.5706787109373,2051.675763393969,1995.465594027905,1995.465594027905,609316
2016-07-08,2051.67578125,2051.67578125,1995.4656113947308,2023.5706963223647,494260
2016-07-11,1995.465576171875,2051.6757450349533,1939.2551891405776,2051.6757450349533,693691
2016-07-12,1995.465576171875,2023.570660603414,1939.2551891405776,1995.465576171875,213093
2016-07-13,2023.5706787109373,2023.5706787109373,1995.465594027905,1995.465594027905,428695
2016-07-14,2033.6884765625,2124.7492750984966,2033.6884765625,2124.7492750984966,401359
2016-07-15,2033.6884765625,2033.6884765625,2033.6884765625,2033.6884765625,334235
2016-07-18,2033.6884765625,2033.6884765625,2003.3349497732424,2033.6884765625,339740
2016-07-19,2064.0419921875,2064.0419921875,2003.3349389373448,2064.0419921875,322995
2016-07-20,2064.0419921875,2064.0419921875,2003.3349389373448,2003.3349389373448,241704
2016-07-21,1972.9814453125,2003.3349724452728,1972.9814453125,2003.3349724452728,1076139
2016-07-22,1942.6279296875,1942.6279296875,1912.2744023749185,1942.6279296875,438342
2016-07-25,1912.2742919921875,1942.6278175526645,1912.2742919921875,1912.2742919921875,72717
2016-07-26,1912.2742919921875,1912.2742919921875,1881.920548263496,1912.2742919921875,144610
2016-07-27,1942.6279296875,1942.6279296875,1881.9206568941088,1881.9206568941088,118467
2016-07-28,1942.6279296875,1942.6279296875,1912.2744023749185,1942.6279296875,98036
2016-07-29,1942.6279296875,1942.6279296875,1912.2744023749185,1942.6279296875,85965
2016-08-01,1942.6279296875,1942.6279296875,1912.2744023749185,1912.2744023749185,470455
2016-08-02,1912.2742919921875,1912.2742919921875,1881.920548263496,1912.2742919921875,197249
2016-08-03,1881.920654296875,1912.274399735793,1881.920654296875,1912.274399735793,87661
2016-08-04,1851.5670166015625,1881.920542062016,1851.5670166015625,1851.5670166015625,54523
2016-08-05,1821.2135009765625,1851.56702660094,1821.2135009765625,1851.56702660094,164394
2016-08-08,1851.5670166015625,1851.5670166015625,1821.2134911411088,1821.2134911411088,40333
2016-08-09,1881.920654296875,1881.920654296875,1669.4458543179258,1821.2135997554933,154658
2016-08-10,1881.920654296875,1881.920654296875,1821.2135997554933,1851.567127026184,154055
2016-08-11,1912.2742919921875,1912.2742919921875,1851.5670227030191,1881.920548263496,182853
2016-08-12,1821.2135009765625,1881.920552225317,1821.2135009765625,1881.920552225317,363110
2016-08-15,1851.5670166015625,1912.2742856906827,1821.2134911411088,1821.2134911411088,71009
2016-08-16,1851.5670166015625,1881.920542062016,1851.5670166015625,1881.920542062016,104218
2016-08-17,1851.5670166015625,1851.5670166015625,1851.5670166015625,1851.5670166015625,111790
2016-08-18,1881.920654296875,1881.920654296875,1851.567127026184,1851.567127026184,337694
2016-08-19,1881.920654296875,1881.920654296875,1851.567127026184,1851.567127026184,188329
2016-08-22,1851.5670166015625,1881.920542062016,1851.5670166015625,1851.5670166015625,221626
2016-08-23,1881.920654296875,1881.920654296875,1851.567127026184,1851.567127026184,321782
2016-08-24,1881.920654296875,1881.920654296875,1851.567127026184,1881.920654296875,453085
2016-08-25,1881.920654296875,1881.920654296875,1881.920654296875,1881.920654296875,309122
2016-08-26,1851.5670166015625,1881.920542062016,1851.5670166015625,1881.920542062016,78016
2016-08-29,1881.920654296875,1881.920654296875,1821.2135997554933,1881.920654296875,305590
2016-08-30,1881.920654296875,1881.920654296875,1851.567127026184,1881.920654296875,281460
2016-08-31,1821.2135009765625,1881.920552225317,1821.2135009765625,1851.56702660094,186527
2016-09-01,1851.5670166015625,1851.5670166015625,1851.5670166015625,1851.5670166015625,57114
2016-09-05,1821.2135009765625,1851.56702660094,1821.2135009765625,1821.2135009765625,52344
2016-09-06,1851.5670166015625,1851.5670166015625,1821.2134911411088,1821.2134911411088,194070
2016-09-07,1821.2135009765625,1851.56702660094,1821.2135009765625,1851.56702660094,148702
2016-09-08,1851.5670166015625,1851.5670166015625,1821.2134911411088,1821.2134911411088,50130
2016-09-09,1851.5670166015625,1881.920542062016,1851.5670166015625,1851.5670166015625,215208
2016-09-12,1881.920654296875,1881.920654296875,1821.2135997554933,1851.567127026184,412163
2016-09-13,1881.920654296875,1881.920654296875,1851.567127026184,1881.920654296875,180124
2016-09-14,1881.920654296875,1881.920654296875,1851.567127026184,1851.567127026184,387227
2016-09-15,1821.2135009765625,1881.920552225317,1821.2135009765625,1851.56702660094,453462
2016-09-16,1821.2135009765625,1881.920552225317,1821.2135009765625,1851.56702660094,1159422
2016-09-19,1821.2135009765625,1912.274296017909,1821.2135009765625,1821.2135009765625,824327
2016-09-20,1881.920654296875,1881.920654296875,1821.2135997554933,1851.567127026184,406284
2016-09-21,1821.2135009765625,1912.274296017909,1821.2135009765625,1851.56702660094,854235
2016-09-22,1912.2742919921875,1942.6278175526645,1851.5670227030191,1851.5670227030191,812616
2016-09-23,1881.920654296875,1972.9814542771744,1851.567127026184,1881.920654296875,461281
2016-09-26,1942.6279296875,1972.9814570000813,1881.9206568941088,1881.9206568941088,739904
2016-09-27,1881.920654296875,1942.627927006484,1851.567127026184,1942.627927006484,665570
2016-09-28,1942.6279296875,1942.6279296875,1881.9206568941088,1912.2744023749185,507880
2016-09-29,1912.2742919921875,1942.6278175526645,1851.5670227030191,1851.5670227030191,376261
2016-09-30,1881.920654296875,1912.274399735793,1881.920654296875,1881.920654296875,236994
2016-10-03,1881.920654296875,1912.274399735793,1881.920654296875,1881.920654296875,321375
2016-10-04,1881.920654296875,1912.274399735793,1881.920654296875,1881.920654296875,312593
2016-10-05,1912.2742919921875,1942.6278175526645,1912.2742919921875,1912.2742919921875,529433
2016-10-06,1912.2742919921875,1942.6278175526645,1881.920548263496,1912.2742919921875,465224
2016-10-07,1912.2742919921875,1942.6278175526645,1912.2742919921875,1912.2742919921875,263734
2016-10-10,1912.2742919921875,1912.2742919921875,1912.2742919921875,1912.2742919921875,271412
2016-10-11,1881.920654296875,1942.627927006484,1881.920654296875,1912.274399735793,352447
2016-10-12,1912.2742919921875,1912.2742919921875,1881.920548263496,1881.920548263496,180645
2016-10-13,1881.920654296875,1912.274399735793,1881.920654296875,1881.920654296875,108979
2016-10-14,2003.3349609375,2003.3349609375,1912.274380062261,1912.274380062261,736987
2016-10-17,1942.6279296875,2003.3349843126632,1942.6279296875,1972.9814570000813,142432
2016-10-18,1912.2742919921875,1972.9813431131413,1912.2742919921875,1972.9813431131413,25760
2016-10-19,1972.9814453125,1972.9814453125,1912.2743910469544,1912.2743910469544,121211
2016-10-20,1972.9814453125,1972.9814453125,1942.627918179727,1972.9814453125,48470
2016-10-21,1942.6279296875,1942.6279296875,1912.2744023749185,1942.6279296875,192203
2016-10-24,1912.2742919921875,1942.6278175526645,1881.920548263496,1942.6278175526645,804897
2016-10-25,1912.2742919921875,1912.2742919921875,1881.920548263496,1881.920548263496,614041
2016-10-26,1881.920654296875,1912.274399735793,1881.920654296875,1881.920654296875,290390
2016-10-27,1912.2742919921875,1912.2742919921875,1881.920548263496,1881.920548263496,182609
2016-10-28,1881.920654296875,1912.274399735793,1881.920654296875,1912.274399735793,249359
2016-10-31,1912.2742919921875,1912.2742919921875,1881.920548263496,1912.2742919921875,173992
2016-11-01,1881.920654296875,1912.274399735793,1881.920654296875,1881.920654296875,63034
2016-11-02,1881.920654296875,1912.274399735793,1881.920654296875,1881.920654296875,158683
2016-11-03,1881.920654296875,1912.274399735793,1881.920654296875,1881.920654296875,314716
2016-11-04,1881.920654296875,1912.274399735793,1881.920654296875,1881.920654296875,129242
2016-11-07,1881.920654296875,1912.274399735793,1881.920654296875,1881.920654296875,100096
2016-11-08,1912.2742919921875,1942.6278175526645,1881.920548263496,1881.920548263496,239478
2016-11-09,1912.2742919921875,1942.6278175526645,1851.5670227030191,1912.2742919921875,354166
2016-11-10,1912.2742919921875,1942.6278175526645,1912.2742919921875,1912.2742919921875,58768
2016-11-11,1912.2742919921875,1942.6278175526645,1912.2742919921875,1912.2742919921875,67901
2016-11-14,1942.6279296875,1942.6279296875,1912.2744023749185,1942.6279296875,88061
2016-11-15,1912.2742919921875,1942.6278175526645,1912.2742919921875,1942.6278175526645,294697
2016-11-16,1942.6279296875,1942.6279296875,1912.2744023749185,1912.2744023749185,91264
2016-11-17,1942.6279296875,1942.6279296875,1912.2744023749185,1912.2744023749185,195188
2016-11-18,1912.2742919921875,1942.6278175526645,1912.2742919921875,1912.2742919921875,177460
2016-11-21,1942.6279296875,1942.6279296875,1912.2744023749185,1942.6279296875,23993
2016-11-22,1942.6279296875,1942.6279296875,1912.2744023749185,1912.2744023749185,53875
2016-11-23,1912.2742919921875,1942.6278175526645,1912.2742919921875,1942.6278175526645,78122
2016-11-24,1942.6279296875,1942.6279296875,1912.2744023749185,1912.2744023749185,147342
2016-11-25,1942.6279296875,1942.6279296875,1942.6279296875,1942.6279296875,13657
2016-11-28,1942.6279296875,1942.6279296875,1912.2744023749185,1942.6279296875,306296
2016-11-29,1942.6279296875,1942.6279296875,1912.2744023749185,1912.2744023749185,90631
2016-11-30,1912.2742919921875,1942.6278175526645,1912.2742919921875,1912.2742919921875,210015
2016-12-01,1912.2742919921875,1942.6278175526645,1912.2742919921875,1912.2742919921875,94105
2016-12-02,1912.2742919921875,1912.2742919921875,1912.2742919921875,1912.2742919921875,68124
2016-12-05,1912.2742919921875,1942.6278175526645,1912.2742919921875,1942.6278175526645,115709
2016-12-06,1912.2742919921875,1942.6278175526645,1912.2742919921875,1912.2742919921875,365059
2016-12-07,1942.6279296875,1942.6279296875,1912.2744023749185,1942.6279296875,383017
2016-12-08,1942.6279296875,1972.9814570000813,1912.2744023749185,1912.2744023749185,350530
2016-12-09,1942.6279296875,1942.6279296875,1912.2744023749185,1942.6279296875,198135
2016-12-12,1972.9814453125,1972.9814453125,1912.2743910469544,1912.2743910469544,2520734
2016-12-13,1942.6279296875,1972.9814570000813,1942.6279296875,1972.9814570000813,681542
2016-12-14,1972.9814453125,1972.9814453125,1912.2743910469544,1942.627918179727,31501
2016-12-15,1972.9814453125,1972.9814453125,1942.627918179727,1972.9814453125,12953
2016-12-16,1942.6279296875,1972.9814570000813,1912.2744023749185,1972.9814570000813,97061
2016-12-19,1942.6279296875,1942.6279296875,1942.6279296875,1942.6279296875,77242
2016-12-20,1942.6279296875,1942.6279296875,1912.2744023749185,1912.2744023749185,41781
2016-12-21,1942.6279296875,1942.6279296875,1912.2744023749185,1912.2744023749185,45935
2016-12-22,1912.2742919921875,1912.2742919921875,1912.2742919921875,1912.2742919921875,6565
2016-12-23,1942.6279296875,1942.6279296875,1912.2744023749185,1912.2744023749185,8346
2016-12-26,1912.2742919921875,1942.6278175526645,1912.2742919921875,1942.6278175526645,56230
2016-12-27,1942.6279296875,1942.6279296875,1912.2744023749185,1942.6279296875,35563
2016-12-28,1912.2742919921875,1942.6278175526645,1912.2742919921875,1912.2742919921875,91588
2016-12-29,1912.2742919921875,1942.6278175526645,1912.2742919921875,1942.6278175526645,28112
2016-12-30,1942.6279296875,1942.6279296875,1912.2744023749185,1912.2744023749185,140218
2017-01-03,1942.6279296875,1942.6279296875,1942.6279296875,1942.6279296875,259221
2017-01-04,1942.6279296875,1972.9814570000813,1912.2744023749185,1942.6279296875,228397
2017-01-05,1912.2742919921875,1972.9813431131413,1912.2742919921875,1942.6278175526645,516912
2017-01-06,2003.3349609375,2003.3349609375,1942.6279070206745,1942.6279070206745,351293
2017-01-09,1972.9814453125,2003.3349724452728,1972.9814453125,2003.3349724452728,103300
2017-01-10,1942.6279296875,1972.9814570000813,1942.6279296875,1942.6279296875,100126
2017-01-11,1942.6279296875,1972.9814570000813,1942.6279296875,1942.6279296875,80118
2017-01-12,1972.9814453125,1972.9814453125,1942.627918179727,1972.9814453125,41069
2017-01-13,1942.6279296875,1972.9814570000813,1942.6279296875,1972.9814570000813,378660
2017-01-16,1912.2742919921875,1942.6278175526645,1912.2742919921875,1942.6278175526645,101286
2017-01-17,1912.2742919921875,1912.2742919921875,1912.2742919921875,1912.2742919921875,253516
2017-01-18,1942.6279296875,1942.6279296875,1912.2744023749185,1942.6279296875,197720
2017-01-19,2124.749267578125,2124.749267578125,1881.920617787088,1912.2743626371348,2439515
2017-01-20,2215.809814453125,2337.224137531082,2124.749235770821,2337.224137531082,1439752
2017-01-23,2155.102783203125,2246.163362781408,2124.74925667703,2246.163362781408,59504
2017-01-24,2185.456298828125,2215.809825202816,2124.7492460787444,2155.1027724534347,1042756
2017-01-25,2246.163330078125,2276.516856162283,2215.8098039939664,2215.8098039939664,438922
2017-01-26,2246.163330078125,2246.163330078125,2246.163330078125,2246.163330078125,0
2017-02-03,2185.456298828125,2185.456298828125,2124.7492460787444,2185.456298828125,682743
2017-02-06,2185.456298828125,2215.809825202816,2155.1027724534347,2155.1027724534347,832276
2017-02-07,2215.809814453125,2246.163340680559,2185.4562882256905,2185.4562882256905,1106756
2017-02-08,2246.163330078125,2246.163330078125,2215.8098039939664,2246.163330078125,385785
2017-02-09,2246.163330078125,2276.516856162283,2215.8098039939664,2246.163330078125,325715
2017-02-10,2246.163330078125,2246.163330078125,2215.8098039939664,2215.8098039939664,301056
2017-02-13,2276.516845703125,2276.516845703125,2215.809793813719,2215.809793813719,550032
2017-02-14,2215.809814453125,2276.516866907993,2215.809814453125,2276.516866907993,336790
2017-02-15,2215.809814453125,2215.809814453125,2215.809814453125,2215.809814453125,0
2017-02-16,2337.22412109375,2458.638225149601,2276.516850897606,2276.516850897606,2368408
2017-02-17,2458.63818359375,2458.63818359375,2367.5776070909656,2397.931132591894,705756
2017-02-20,2580.052490234375,2701.4668097695344,2458.638170699216,2458.638170699216,1851136
2017-02-21,2549.698974609375,2640.7595509816106,2519.345449151964,2580.0525000667867,1163079
2017-02-22,2580.052490234375,2640.759540917848,2549.6989648926387,2549.6989648926387,1674609
2017-02-23,2488.99169921875,2610.406018908924,2488.99169921875,2580.052493528434,1113460
2017-02-24,2428.28466796875,2549.6989886344736,2428.28466796875,2549.6989886344736,1046816
2017-02-27,2428.28466796875,2519.3454630100964,2337.224091095619,2367.577616719996,1553321
2017-02-28,2397.93115234375,2458.6382038456527,2397.93115234375,2458.6382038456527,682955
2017-03-01,2428.28466796875,2428.28466796875,2367.577616719996,2367.577616719996,697027
2017-03-02,2458.63818359375,2488.991709094678,2397.931132591894,2428.2846580928217,1019581
2017-03-03,2458.63818359375,2488.991709094678,2428.2846580928217,2488.991709094678,526047
2017-03-06,2458.63818359375,2488.991709094678,2458.63818359375,2488.991709094678,999732
2017-03-07,2458.63818359375,2458.63818359375,2458.63818359375,2458.63818359375,892761
2017-03-08,2488.99169921875,2549.698968147944,2458.63817383826,2458.63817383826,845094
2017-03-09,2549.698974609375,2580.0525000667867,2488.991705526337,2488.991705526337,584059
2017-03-10,2488.99169921875,2549.698968147944,2488.99169921875,2549.698968147944,636846
2017-03-13,2488.99169921875,2488.99169921875,2458.63817383826,2458.63817383826,509499
2017-03-14,2488.99169921875,2488.99169921875,2428.28464845777,2458.63817383826,708789
2017-03-15,2458.63818359375,2458.63818359375,2428.2846580928217,2428.2846580928217,503187
2017-03-16,2488.99169921875,2488.99169921875,2458.63817383826,2458.63817383826,632862
2017-03-17,2488.99169921875,2580.052493528434,2488.99169921875,2519.3454427674537,810708
2017-03-20,2610.406005859375,2640.759531088126,2549.6989554018724,2549.6989554018724,1233135
2017-03-21,2580.052490234375,2610.406015576112,2580.052490234375,2610.406015576112,657781
2017-03-22,2549.698974609375,2580.0525000667867,2519.345449151964,2580.0525000667867,554757
2017-03-23,2488.99169921875,2549.698968147944,2488.99169921875,2488.99169921875,749958
2017-03-24,2519.345458984375,2549.6989845602493,2488.991715240285,2488.991715240285,1350884
2017-03-27,2701.466796875,2731.820322071854,2549.6989527225164,2580.05247791937,2725282
2017-03-28,2640.759521484375,2731.820315007677,2640.759521484375,2731.820315007677,1154732
2017-03-29,2640.759521484375,2671.1130466027385,2580.052471247648,2640.759521484375,922487
2017-03-30,2671.11328125,2671.11328125,2610.4062256803863,2640.759753465193,652543
2017-03-31,2701.466796875,2762.1738472687084,2640.7595283130795,2640.7595283130795,1692106
2017-04-03,2701.466796875,2731.820322071854,2671.1130535099337,2701.466796875,599427
2017-04-04,2671.11328125,2701.4670272030376,2671.11328125,2701.4670272030376,664673
2017-04-05,2610.406005859375,2701.4667997138413,2580.0524806306234,2671.1130563168776,537226
2017-04-07,2580.052490234375,2610.406015576112,2580.052490234375,2610.406015576112,393322
2017-04-10,2640.759521484375,2640.759521484375,2549.6989461292846,2580.052471247648,453642
2017-04-11,2580.052490234375,2640.759540917848,2580.052490234375,2640.759540917848,828196
2017-04-12,2610.406005859375,2610.406005859375,2549.6989554018724,2580.0524806306234,876248
2017-04-13,2549.698974609375,2640.7595509816106,2549.698974609375,2610.406025524199,469572
2017-04-14,2519.345458984375,2549.6989845602493,2488.991715240285,2549.6989845602493,991068
2017-04-17,2397.93115234375,2519.345473515772,2397.93115234375,2519.345473515772,771011
2017-04-18,2428.28466796875,2428.28466796875,2367.577616719996,2428.28466796875,1488868
2017-04-19,2458.63818359375,2458.63818359375,2397.931132591894,2428.2846580928217,457896
2017-04-20,2458.63818359375,2458.63818359375,2397.931132591894,2458.63818359375,474017
2017-04-21,2428.28466796875,2488.991719217504,2428.28466796875,2458.638193593127,639542
2017-04-24,2367.57763671875,2428.284688480292,2367.57763671875,2397.931162599521,263037
2017-04-25,2367.57763671875,2397.931162599521,2367.57763671875,2367.57763671875,621045
2017-04-26,2428.28466796875,2428.28466796875,2367.577616719996,2367.577616719996,152332
2017-04-27,2428.28466796875,2458.638193593127,2397.931142344373,2428.28466796875,885374
2017-04-28,2397.93115234375,2428.2846780947016,2397.93115234375,2397.93115234375,537661
2017-05-03,2428.28466796875,2428.28466796875,2397.931142344373,2428.28466796875,188414
2017-05-04,2458.63818359375,2488.991709094678,2428.2846580928217,2428.2846580928217,681371
2017-05-05,2428.28466796875,2458.638193593127,2428.28466796875,2458.638193593127,300658
2017-05-08,2397.93115234375,2428.2846780947016,2367.577626592799,2428.2846780947016,943766
2017-05-09,2580.052490234375,2610.406015576112,2397.931120015742,2397.931120015742,3159315
2017-05-10,2549.698974609375,2671.1130764390223,2549.698974609375,2640.7595509816106,1882469
2017-05-11,2580.052490234375,2610.406015576112,2549.6989648926387,2549.6989648926387,1124795
2017-05-12,2731.8203125,2792.527362681001,2549.698943788786,2549.698943788786,7231440
2017-05-15,2822.881103515625,2853.2346309259524,2731.820521284644,2762.1740486949707,4655010
2017-05-16,2731.8203125,2883.587937952502,2731.8203125,2822.880887771501,2299179
2017-05-17,2762.174072265625,2792.52759993497,2671.11327108936,2701.467016926935,2613989
2017-05-18,2731.8203125,2792.527362681001,2701.4667874094994,2731.8203125,2205138
2017-05-19,2944.29541015625,3005.0024645404324,2701.466974451293,2731.8205016433844,6399496
2017-05-22,2974.64892578125,3126.416779319775,2944.29539870719,3005.00245285531,4032260
2017-05-23,2944.29541015625,3035.355991732524,2913.9418829641586,3005.0024645404324,2154715
2017-05-24,3187.123779296875,3217.477305855021,2913.94182210534,2944.2953486634856,5764811
2017-05-25,3217.477294921875,3338.8916189101087,3187.123768466872,3278.184347831881,2919061
2017-05-26,3278.184326171875,3338.8915968489905,3187.123747408532,3187.123747408532,3464068
2017-05-29,3247.830810546875,3429.952186837825,3247.830810546875,3338.89160777646,5131203
2017-05-30,3065.70947265625,3308.5381228646097,3065.70947265625,3247.830851228408,4529356
2017-05-31,3096.063232421875,3156.7702861812927,3035.3559604942334,3065.709487373942,2695150
2017-06-01,3156.770263671875,3156.770263671875,3065.709465513836,3096.063210345331,1556036
2017-06-02,3278.184326171875,3308.5380705945427,3126.416694899636,3156.770221154084,2546983
2017-06-05,3278.184326171875,3338.8915968489905,3247.830799917427,3278.184326171875,2232682
2017-06-06,3278.184326171875,3308.5380705945427,3247.830799917427,3308.5380705945427,1421152
2017-06-07,3369.2451171875,3429.952169589802,3278.184320415827,3308.538064785197,5086931
2017-06-08,3338.8916015625,3429.9521804543933,3338.8916015625,3369.245127859798,2039598
2017-06-09,3369.2451171875,3429.952169589802,3338.891590986349,3338.891590986349,1664479
2017-06-12,3338.8916015625,3399.598654157096,3278.184330799684,3369.245127859798,1982675
2017-06-13,3338.8916015625,3369.245127859798,3278.184330799684,3338.8916015625,2185392
2017-06-14,3490.6591796875,3551.3664495222874,3338.891550521073,3338.891550521073,3139295
2017-06-15,3490.6591796875,3490.6591796875,3490.6591796875,3490.6591796875,0
2017-06-16,3490.6591796875,3490.6591796875,3490.6591796875,3490.6591796875,0
2017-06-19,3490.6591796875,3490.6591796875,3490.6591796875,3490.6591796875,0
2017-06-20,3703.134033203125,3733.487776831792,3612.073456821766,3642.426982282219,6433582
2017-06-21,3627.25048828125,3703.134196188124,3596.896961484856,3703.134196188124,3130707
2017-06-22,3490.6591796875,3703.1340786887145,3490.6591796875,3703.1340786887145,2617799
2017-06-23,3536.189697265625,3581.720096641433,3460.305771028686,3475.482643543364,2743597
2017-06-26,3657.60400390625,3672.780876342204,3566.5432056269697,3596.8969504988786,1854413
2017-06-27,3687.95751953125,3748.664572756256,3642.427120528384,3642.427120528384,2160915
2017-06-28,3763.84130859375,3809.3717085839,3687.957599501136,3687.957599501136,2575788
2017-06-29,3809.37158203125,3854.901980508817,3794.194927984208,3794.194927984208,2790643
2017-06-30,3824.548583984375,3870.078545072768,3779.018186559552,3839.7252376805054,1777485
2017-07-03,3915.609130859375,3945.9628760482447,3794.1950227767984,3809.371677203008,4756370
2017-07-04,3945.962890625,3976.3161995895466,3885.255836359454,3915.609145324001,2096176
2017-07-05,4219.14453125,4219.14453125,3945.9625897187807,3945.9625897187807,4795260
2017-07-06,4310.20556640625,4370.912619458439,4188.79102396543,4310.20556640625,3307172
2017-07-07,4021.846435546875,4310.205476982762,4021.846435546875,4310.205476982762,5684121
2017-07-10,3824.548583984375,4021.846391043367,3763.841096526992,3961.1393399224135,3668787
2017-07-11,3824.548583984375,3885.255635105329,3703.1340454060382,3794.194840255684,1952626
2017-07-12,3854.902099609375,3915.609154009581,3839.725445093437,3915.609154009581,846025
2017-07-13,3839.725341796875,3885.25574045628,3824.54868768922,3839.725341796875,1500894
2017-07-14,3824.548583984375,3885.255635105329,3824.548583984375,3839.7252376805054,1110369
2017-07-17,3612.073486328125,3824.5486026233934,3566.543088681409,3794.1948587467728,3438447
2017-07-18,3581.719970703125,3627.25036847802,3490.6591751533347,3521.012919115409,1463417
2017-07-19,3809.37158203125,3809.37158203125,3612.0735522421614,3672.780822934991,1192242
2017-07-20,3779.018310546875,3809.37161893501,3687.95751270958,3703.134166903648,1137483
2017-07-21,3703.134033203125,3900.432275948391,3703.134033203125,3809.3714813988177,2225625
2017-07-24,3672.78076171875,3703.134069306919,3581.7199662813773,3703.134069306919,1331436
2017-07-25,3718.311279296875,3718.311279296875,3642.427135207468,3672.78088011052,961725
2017-07-26,3824.548583984375,3839.7252376805054,3733.48778913473,3733.48778913473,1157768
2017-07-27,3870.07861328125,3870.07861328125,3779.0182531631344,3824.54865139041,1610176
2017-07-28,3915.609130859375,3915.609130859375,3854.902076818087,3900.432476433165,1631668
2017-07-31,3945.962890625,3945.962890625,3870.078745540729,3915.609145324001,1182527
2017-08-01,3961.139404296875,4006.6698024616353,3870.0786079673553,3945.962750354101,1300788
2017-08-02,3870.07861328125,3945.9627557721897,3870.07861328125,3945.9627557721897,1635112
2017-08-03,3885.255859375,3945.962914000163,3854.902113894191,3854.902113894191,802718
2017-08-04,4082.553466796875,4097.730556921008,3900.4323123351655,3945.962710034701,2752223
2017-08-07,4128.083984375,4188.791037625155,4067.3769311248448,4188.791037625155,3085458
2017-08-08,4212.46728515625,4294.42174540071,4163.294347207694,4294.42174540071,2456245
2017-08-09,4032.166748046875,4196.076096702833,3982.994248885598,4196.076096702833,2146168
2017-08-10,4015.77587890625,4064.94881574306,3966.603378405896,4032.166857851853,1051726
2017-08-11,4032.166748046875,4064.9487050453554,3933.821313387878,3982.994248885598,997043
2017-08-14,4081.339599609375,4081.339599609375,3966.603188810762,4032.1666651229257,582235
2017-08-15,3982.994140625,4097.73055066462,3982.994140625,4097.73055066462,624024
2017-08-16,3982.994140625,4015.775660396012,3966.603162571278,3982.994140625,982514
2017-08-17,3901.039306640625,4015.775718335664,3901.039306640625,3982.99419809168,1435840
2017-08-18,3868.2578125,3950.212268167653,3802.693898896725,3917.430311366016,685385
2017-08-21,3769.911865234375,3917.430231497708,3769.911865234375,3851.866755567578,675000
2017-08-22,3638.78466796875,3802.6937929036094,3638.78466796875,3769.91183701571,1212666
2017-08-23,3769.911865234375,3769.911865234375,3638.784695205898,3638.784695205898,85183244
2017-08-24,3819.0849609375,3835.4759396972895,3769.9120246581306,3769.9120246581306,51561364
2017-08-25,3786.302978515625,3835.4759144715854,3704.348521592136,3835.4759144715854,547943
2017-08-28,3737.13037109375,3835.475803832325,3687.957436556245,3786.30286929482,485928
2017-08-29,3769.911865234375,3802.693821367656,3704.348389304245,3737.1303454375256,609713
2017-08-30,3737.13037109375,3802.693847473988,3704.348414735413,3802.693847473988,339517
2017-08-31,3737.13037109375,3786.30286929482,3687.957436556245,3737.13037109375,837085
2017-09-01,3720.739501953125,3786.3029802547408,3720.739501953125,3720.739501953125,463166
2017-09-04,3720.739501953125,3720.739501953125,3720.739501953125,3720.739501953125,0
2017-09-05,3720.739501953125,3753.521022935709,3704.348523293609,3720.739501953125,486418
2017-09-06,3687.95751953125,3720.739476627145,3671.5665409833023,3704.348498079197,451853
2017-09-07,3901.039306640625,3917.430284930836,3687.957461540759,3687.957461540759,2201886
2017-09-08,3819.0849609375,3933.821375919578,3819.0849609375,3933.821375919578,972346
2017-09-11,3753.52099609375,3819.084910262957,3720.739475345592,3802.693931720655,314629
2017-09-12,3769.911865234375,3802.693821367656,3720.739367370885,3720.739367370885,519947
2017-09-13,3851.866943359375,3884.6484647544366,3769.9120490305886,3769.9120490305886,910685
2017-09-14,3933.8212890625,3966.603245858268,3868.257811807405,3884.648353868848,1497582
2017-09-15,3933.8212890625,3950.212267460384,3868.257811807405,3933.821289062501,595129
2017-09-18,3917.430419921875,4015.775856715596,3901.0394410668464,3933.821398776904,1052516
2017-09-19,3933.8212890625,3982.994224256152,3917.430310664616,3933.821289062501,1045102
2017-09-20,3933.8212890625,4032.166723113364,3884.648353868848,3966.603245858268,942661
2017-09-21,3917.430419921875,3982.994335341991,3917.430419921875,3966.603356486962,291240
2017-09-22,3884.6484375,3933.8213737522783,3884.6484375,3901.03941625076,458096
2017-09-25,3802.69384765625,3884.648302219584,3802.69384765625,3868.257760376065,645041
2017-09-26,3884.6484375,3917.430395001519,3802.693980082654,3802.693980082654,555003
2017-09-27,3901.039306640625,3901.039306640625,3851.86680810643,3901.039306640625,490889
2017-09-28,3835.475830078125,3901.039306907008,3819.084851786795,3901.039306907008,292221
2017-09-29,3835.475830078125,3868.257786660785,3802.693873495464,3819.084851786795,260519
2017-10-02,3769.911865234375,3851.866755567578,3769.911865234375,3802.693821367656,518448
2017-10-03,3655.175537109375,3769.911949813576,3655.175537109375,3769.911949813576,912757
2017-10-04,3704.348388671875,3720.739366735717,3655.175454480348,3671.56643254419,1141955
2017-10-05,3737.13037109375,3737.13037109375,3671.5664583770767,3704.348414735413,853958
2017-10-06,3687.95751953125,3720.739476627145,3687.95751953125,3704.348498079197,487509
2017-10-09,3655.175537109375,3704.3484724125074,3655.175537109375,3671.566515543752,1025966
2017-10-10,3687.95751953125,3704.348498079197,3622.393823507683,3655.175562435355,518285
2017-10-11,3671.56640625,3720.739340089372,3671.56640625,3687.9573841964575,584116
2017-10-12,3655.175537109375,3704.3484724125074,3655.175537109375,3671.566515543752,887951
2017-10-13,3655.175537109375,3687.95749397813,3638.7847768432175,3655.175537109375,379561
2017-10-16,3671.56640625,3687.9573841964575,3638.7846685253,3687.9573841964575,628413
2017-10-17,3655.175537109375,3687.95749397813,3655.175537109375,3655.175537109375,479685
2017-10-18,3655.175537109375,3704.3484724125074,3655.175537109375,3655.175537109375,619744
2017-10-19,3655.175537109375,3687.95749397813,3638.7847768432175,3671.566515543752,331966
2017-10-20,3606.0029296875,3671.566627251572,3606.0029296875,3671.566627251572,860201
2017-10-23,3360.138916015625,3573.2209748090445,3360.138916015625,3573.2209748090445,2828228
2017-10-24,3238.84619140625,3310.966277889529,3196.2298659167664,3196.2298659167664,1196828
2017-10-25,3097.88427734375,3238.8462575218305,3091.327885877958,3215.898887391558,952392
2017-10-26,2940.531494140625,3120.83160233756,2920.8623200277234,3081.493472279978,748873
2017-10-27,3074.93701171875,3114.275140891172,2917.5840586926347,2933.9750367512333,497240
2017-10-30,3051.98974609375,3107.7188552175394,3051.98974609375,3104.44065949448,365250
2017-10-31,3019.207763671875,3071.658894803193,2983.147829187315,3022.4859593675824,555875
2017-11-01,2999.538818359375,3019.207774435519,2966.756861285432,3019.207774435519,367403
2017-11-02,2861.85498046875,3032.32049950133,2861.85498046875,2983.1477829953456,354400
2017-11-03,2947.087890625,2960.200455221465,2835.6294552933905,2861.855020822762,621707
2017-11-06,2976.591552734375,3015.92990260188,2884.802506046657,2884.802506046657,91591
2017-11-07,2983.147705078125,3032.320420299761,2917.5840120598737,2950.3659676531056,196268
2017-11-08,2950.365966796875,2992.982290887496,2917.584011213157,2917.584011213157,403522
2017-11-09,2950.365966796875,2983.1477042123806,2930.696793446644,2983.1477042123806,339653
2017-11-10,2950.365966796875,2963.47853086215,2933.974989005016,2950.365966796875,314193
2017-11-13,3156.8916015625,3156.8916015625,2937.2533587958974,2950.366141807211,961006
2017-11-14,3261.793701171875,3376.530118072909,3212.6207640700927,3376.530118072909,1224170
2017-11-15,3179.8388671875,3310.966256648936,3179.8388671875,3261.793540142952,309313
2017-11-16,3278.184326171875,3294.575304526472,3124.109784143327,3124.109784143327,849270
2017-11-17,3278.184326171875,3409.311716672208,3245.402587630902,3343.7480214220413,1097222
2017-11-20,3229.01171875,3278.18443731268,3212.6207398396973,3245.4026976603022,289850
2017-11-21,3225.7333984375,3238.846181059519,3189.673464395167,3225.7333984375,439287
2017-11-22,3225.7333984375,3310.9662673124044,3183.1170730841573,3183.1170730841573,697216
2017-11-23,3294.575439453125,3343.748158362523,3278.184460427249,3278.184460427249,1453068
2017-11-24,3409.311767578125,3409.311767578125,3265.0718104086254,3310.966332318547,572476
2017-11-27,3458.484619140625,3556.830052004883,3392.9209245083807,3442.093640940509,956481
2017-11-28,3376.530029296875,3491.2664431812486,3376.530029296875,3442.093725540549,792243
2017-11-29,3458.484619140625,3474.875379172523,3409.3116845402783,3442.093640940509,608350
2017-11-30,3442.09375,3507.6574467095684,3425.702771280552,3491.26646799012,689229
2017-12-01,3442.09375,3458.484728719448,3409.311792561103,3442.09375,1199418
2017-12-04,3671.56640625,3671.56640625,3442.093587672455,3524.0482592365274,2401181
2017-12-05,3671.56640625,3868.257705271059,3638.7846685253,3769.911837592315,2048633
2017-12-06,3573.22119140625,3671.566628707235,3474.875535937037,3671.566628707235,1053116
2017-12-07,3622.393798828125,3671.566515968728,3540.4391248149723,3638.7847772644,1153186
2017-12-08,3671.56640625,3671.56640625,3573.220974907685,3655.175428303543,710273
2017-12-11,3556.830078125,3671.5664900319575,3540.439099804515,3573.2210564454854,933038
2017-12-12,3474.87548828125,3589.6121211164937,3327.3573343528938,3556.8301636869314,935301
2017-12-13,3458.484619140625,3540.439073804768,3442.093640940509,3474.875379172523,917255
2017-12-14,3507.657470703125,3507.657470703125,3425.7027947135107,3425.7027947135107,227535
2017-12-15,3720.739501953125,3737.130480612641,3507.65743388409,3556.830151694414,2765777
2017-12-18,3802.69384765625,3835.475804016157,3769.911891296342,3819.084825836204,1021004
2017-12-19,3901.039306640625,3999.38517638189,3769.911916655376,3769.911916655376,2422443
2017-12-20,3933.8212890625,3999.385202654036,3884.648353868848,3901.039332266732,1721465
2017-12-21,3835.475830078125,3966.603220072328,3835.475830078125,3933.821263489668,1533511
2017-12-22,3769.911865234375,3868.2577336342174,3769.911865234375,3835.475777500937,1002005
2017-12-25,3819.0849609375,3851.86691845708,3720.739524715212,3802.69398217771,778340
2017-12-26,3901.039306640625,3950.212241511258,3786.3028949455866,3786.3028949455866,1249112
2017-12-27,3851.866943359375,3933.8214013517086,3819.084985627861,3884.6484647544366,1141355
2017-12-28,3966.603271484375,3982.994249988152,3835.4758797905993,3901.039357469265,1881124
2017-12-29,3999.38525390625,4064.948732001543,3950.2123180824456,4015.7757961777374,3020081
2018-01-01,3999.38525390625,3999.38525390625,3999.38525390625,3999.38525390625,0
2018-01-02,3982.994140625,3999.3851186787215,3901.039250356391,3999.3851186787215,1414768
2018-01-03,3966.603271484375,4015.7757706592633,3950.212292980597,3982.994249988152,2069760
2018-01-04,4032.166748046875,4032.166748046875,3884.6483778901575,3950.212291887118,2324173
2018-01-05,3835.475830078125,4032.1666969012113,3835.475830078125,3999.3851766549888,1275745
2018-01-08,3851.866943359375,3933.8214013517086,3802.694006762103,3901.039443620194,1916180
2018-01-09,3982.994140625,4015.775660396012,3901.039250356391,3917.4302284101127,2514035
2018-01-10,3933.8212890625,4064.948679909131,3917.430310664616,3966.603245858268,2256869
2018-01-11,3884.6484375,3933.8213737522783,3868.257895085691,3933.8213737522783,1664220
2018-01-12,3851.866943359375,3933.8214013517086,3835.475964493618,3901.039443620194,1798664
2018-01-15,3851.866943359375,3901.039443620194,3835.475964493618,3884.6484647544366,714308
2018-01-16,3868.2578125,3966.603246568472,3802.693898896725,3868.2578125,2246047
2018-01-17,3819.0849609375,3982.9943121989472,3819.0849609375,3917.430397159788,1821098
2018-01-18,3901.039306640625,3901.039306640625,3769.911916655376,3769.911916655376,1702792
2018-01-19,3901.039306640625,3933.821263221047,3835.475829816219,3917.430284930836,1100221
2018-01-22,3901.039306640625,3901.039306640625,3901.039306640625,3901.039306640625,0
2018-01-23,3901.039306640625,3901.039306640625,3901.039306640625,3901.039306640625,0
2018-01-24,3901.039306640625,3901.039306640625,3901.039306640625,3901.039306640625,0
2018-01-25,3933.8212890625,3982.994224256152,3901.039332266732,3966.603245858268,1796837
2018-01-26,4196.076171875,4196.076171875,3933.821383861784,3982.994320240432,5678483
2018-01-29,4474.7216796875,4474.7216796875,4245.248862541767,4392.766790466577,5222240
2018-01-30,4736.9765625,4769.758082613032,4392.766892453457,4491.112761801862,3763611
2018-01-31,4589.45849609375,4720.585894163185,4523.8945788908,4655.0219769602345,3950039
2018-02-01,4671.41259765625,4720.585531783663,4491.112711861932,4540.285209652914,4132241
2018-02-02,4589.45849609375,4720.585894163185,4589.45849609375,4671.412956260972,2426941
2018-02-05,4278.03076171875,4523.894578537691,4278.03076171875,4523.894578537691,3481857
2018-02-06,3982.994140625,4261.639458528975,3982.994140625,3982.994140625,2057493
2018-02-07,4081.339599609375,4212.466988570138,4032.1666651229257,4163.294054083689,2011015
2018-02-08,4097.73046875,4130.512424202124,3999.38503873005,4015.775580119689,1337487
2018-02-09,4130.5126953125,4130.5126953125,3835.475949551193,3835.475949551193,1593645
2018-02-12,4327.20361328125,4327.20361328125,4130.512738285037,4163.294259893435,1418748
2018-02-13,4261.6396484375,4359.98552114235,4261.6396484375,4310.8125847899255,1019096
2018-02-14,4261.6396484375,4261.6396484375,4261.6396484375,4261.6396484375,0
2018-02-15,4261.6396484375,4261.6396484375,4261.6396484375,4261.6396484375,0
2018-02-16,4261.6396484375,4261.6396484375,4261.6396484375,4261.6396484375,0
2018-02-19,4261.6396484375,4261.6396484375,4261.6396484375,4261.6396484375,0
2018-02-20,4261.6396484375,4261.6396484375,4261.6396484375,4261.6396484375,0
2018-02-21,4392.76708984375,4392.76708984375,4294.4216524126,4359.985568257671,941652
2018-02-22,4359.9853515625,4376.376329709121,4261.639482682772,4376.376329709121,1055052
2018-02-23,4310.8125,4376.376413846982,4261.639564614764,4359.985435385236,1385055
2018-02-26,4294.42138671875,4392.766818065314,4278.030408771585,4327.203342613081,1836991
2018-02-27,4196.076171875,4294.421608295844,4163.294214289235,4294.421608295844,1068300
2018-02-28,4196.076171875,4196.076171875,4196.076171875,4196.076171875,0
2018-03-01,4491.11279296875,4556.67626998624,4327.203445920368,4359.985402597332,2390250
2018-03-02,4523.89453125,4523.89453125,4359.985612641668,4359.985612641668,1369299
2018-03-05,4294.42138671875,4556.676161200538,4294.42138671875,4556.676161200538,1138956
2018-03-06,4507.50390625,4507.50390625,4278.030638977864,4327.203575465419,1864986
2018-03-07,4359.9853515625,4573.067194795708,4343.594373415878,4507.503718545658,997316
2018-03-08,4392.76708984375,4392.76708984375,4359.985568257671,4359.985568257671,491516
2018-03-09,4409.15771484375,4491.112603070859,4409.15771484375,4425.548692489172,1355969
2018-03-12,4376.37646484375,4523.894400045562,4376.37646484375,4474.721900423774,888687
2018-03-13,4425.548828125,4458.3307844205565,4376.376330018098,4376.376330018098,601181
2018-03-14,4540.28515625,4540.28515625,4441.939725488347,4491.112659037386,1296980
2018-03-15,4491.11279296875,4556.67626998624,4491.11279296875,4491.11279296875,455724
2018-03-16,4802.5400390625,4802.5400390625,4540.285260139627,4540.285260139627,3403104
2018-03-19,4786.14892578125,4900.885333780297,4474.721657308529,4851.71283683009,1936951
2018-03-20,4736.9765625,4786.149060837765,4523.894281914893,4786.149060837765,884134
2018-03-21,4671.41259765625,4753.367487868604,4589.458143780327,4753.367487868604,1021959
2018-03-22,4622.240234375,4687.803712116385,4556.676320297171,4638.631212894457,1385955
2018-03-23,4622.240234375,4622.240234375,4359.98545073657,4359.98545073657,2017421
2018-03-26,4687.8037109375,4687.8037109375,4523.89436212059,4622.240233212602,727828
2018-03-27,4589.45849609375,4786.1493750296695,4589.45849609375,4753.36785276466,688793
2018-03-28,4589.45849609375,4638.631433995963,4491.11305662579,4491.11305662579,790525
2018-03-29,4605.84912109375,4638.631077173503,4523.894230894368,4638.631077173503,410800
2018-03-30,4573.0673828125,4638.631298094576,4556.676403991981,4622.240319274057,796904
2018-04-02,4720.58544921875,4720.58544921875,4556.676107997312,4573.067085753098,1265631
2018-04-03,4982.84033203125,4982.84033203125,4523.894253618641,4736.976532870951,2325318
2018-04-04,4933.66748046875,5081.185849708088,4933.66748046875,4982.840415660676,1203425
2018-04-05,5048.40380859375,5048.40380859375,4835.321965660564,4950.058376188928,1187833
2018-04-06,4982.84033203125,5113.967720672505,4950.058375786828,5048.403808183661,928840
2018-04-09,4950.05859375,5113.967945853006,4884.495114710669,4982.840551437892,1068300
2018-04-10,5081.18603515625,5228.70440977957,5015.622555510584,5179.531472792977,1652526
2018-04-11,4786.14892578125,5163.140105302811,4786.14892578125,5163.140105302811,1297280
2018-04-12,4818.93115234375,4884.495067080196,4753.367673943752,4753.367673943752,717715
2018-04-13,4720.58544921875,4950.05826512691,4720.58544921875,4917.276309615338,792161
2018-04-16,4884.4951171875,4884.4951171875,4589.458370519773,4638.6313070765445,773624
2018-04-17,4786.14892578125,4884.494792354511,4753.367406593254,4884.494792354511,323788
2018-04-18,4720.58544921875,4851.712834928616,4720.58544921875,4753.367404730323,486173
2018-04-19,4687.8037109375,4704.194689452836,4491.112841426363,4655.021753906829,929276
2018-04-20,4786.14892578125,4786.14892578125,4540.285132020946,4687.803495544413,596220
2018-04-23,4458.3310546875,4786.149328506325,4458.3310546875,4786.149328506325,345214
2018-04-24,4425.548828125,4556.676216970794,4278.030461131428,4458.3307844205565,579428
2018-04-25,4425.548828125,4425.548828125,4425.548828125,4425.548828125,0
2018-04-26,4359.9853515625,4425.548827812551,4228.857962725964,4392.766871519309,568333
2018-04-27,4425.548828125,4458.3307844205565,4228.857963024526,4228.857963024526,365141
2018-04-30,4425.548828125,4425.548828125,4425.548828125,4425.548828125,0
2018-05-01,4425.548828125,4425.548828125,4425.548828125,4425.548828125,0
2018-05-02,4261.6396484375,4425.548999942465,4163.294212069101,4425.548999942465,388448
2018-05-03,4327.20361328125,4327.20361328125,3982.9943638696486,4196.076217838289,559065
2018-05-04,4163.2939453125,4359.98524178306,4097.730470713263,4327.203286315229,163775
2018-05-07,4294.42138671875,4327.203342613081,4130.512479919954,4163.293999477856,264335
2018-05-08,4196.076171875,4294.421608295844,4196.076171875,4294.421608295844,165792
2018-05-09,4130.5126953125,4261.639653054802,4130.5126953125,4228.858131787452,150608
2018-05-10,4097.73046875,4130.512424202124,3933.821127825801,4130.512424202124,528180
2018-05-11,4228.85791015625,4294.421385591269,3950.2121578004535,3950.2121578004535,160503
2018-05-14,4146.9033203125,4261.639737872917,4064.948861008334,4261.639737872917,96471
2018-05-15,4114.12158203125,4179.685058759311,4097.730603765125,4179.685058759311,177268
2018-05-16,4081.339599609375,4130.512534095824,3999.3851451350606,4032.1666651229257,201502
2018-05-17,4146.9033203125,4146.9033203125,4064.948861008334,4064.948861008334,222492
2018-05-18,4163.2939453125,4163.2939453125,3999.3850406461934,4146.902967578585,304243
2018-05-21,4130.5126953125,4130.5126953125,4032.166822501096,4048.557801302997,93309
2018-05-22,3851.866943359375,4097.7307536728285,3851.866943359375,4032.166838209799,305033
2018-05-23,3999.38525390625,3999.38525390625,3851.866882771284,3868.2578613792175,312066
2018-05-24,3966.603271484375,3999.3852284919294,3933.82131447682,3933.82131447682,30694
2018-05-25,3933.8212890625,3933.821289062501,3737.130420960774,3933.821289062501,194442
2018-05-28,3737.13037109375,3802.693847473988,3671.5664583770767,3737.13037109375,400142
2018-05-29,3835.475830078125,3933.821263489668,3671.566483501261,3671.566483501261,53564
2018-05-30,3769.911865234375,3835.475777500937,3704.348389304245,3835.475777500937,84068
2018-05-31,3999.38525390625,3999.38525390625,3769.9119897316095,3769.9119897316095,425575
2018-06-01,3999.38525390625,4015.7757961777374,3868.2578613792175,3933.821339474511,152953
2018-06-04,4228.85791015625,4228.85791015625,3901.039223971867,3933.8211798575912,229088
2018-06-05,4130.5126953125,4196.07617418365,4064.9487801048977,4196.07617418365,126647
2018-06-06,4081.339599609375,4212.466988570138,4032.1666651229257,4212.466988570138,68939
2018-06-07,4081.339599609375,4097.730577771525,3966.603188810762,4081.339599609375,152244
2018-06-08,4097.73046875,4097.73046875,3999.38503873005,4064.948513297876,110101
2018-06-11,3966.603271484375,4064.9487061705954,3933.82131447682,3933.82131447682,196377
2018-06-12,3851.866943359375,3933.8214013517086,3851.866943359375,3933.8214013517086,185473
2018-06-13,3933.8212890625,3966.603245858268,3868.257811807405,3868.257811807405,150308
2018-06-14,3917.430419921875,3999.38531419702,3835.475961983184,3933.821398776904,179776
2018-06-15,3835.475830078125,3917.430285198338,3802.693873495464,3917.430285198338,43587
2018-06-18,3835.475830078125,3901.039306907008,3802.693873495464,3835.475830078125,109637
2018-06-19,3638.78466796875,3835.475748791511,3606.0027120808495,3835.475748791511,377680
2018-06-20,3737.13037109375,3769.911891115652,3638.7847201869577,3704.348414735413,48249
2018-06-21,3606.0029296875,3769.9120645135663,3606.0029296875,3769.9120645135663,58226
2018-06-22,3655.175537109375,3704.3484724125074,3606.002819974464,3606.002819974464,46041
2018-06-25,3687.95751953125,3786.302954482489,3606.002844959736,3786.302954482489,145838
2018-06-26,3638.78466796875,3687.9573836323866,3606.0027120808495,3687.9573836323866,146765
2018-06-27,3671.56640625,3671.56640625,3540.4390190147706,3540.4390190147706,98297
2018-06-28,3671.56640625,3671.56640625,3540.4390190147706,3606.002712632385,147392
2018-06-29,3556.830078125,3671.5664900319575,3556.830078125,3671.5664900319575,56454
2018-07-02,3310.96630859375,3589.612070112951,3310.96630859375,3589.612070112951,371247
2018-07-03,3114.275146484375,3409.311661227954,3114.275146484375,3278.184272860093,302716
2018-07-04,3081.493408203125,3179.838840386188,3015.9297140250114,3015.9297140250114,95408
2018-07-05,3055.267822265625,3097.88414682962,2917.58404362107,3097.88414682962,229061
2018-07-06,3209.3427734375,3245.402708997912,2871.689697546836,2871.689697546836,164783
2018-07-09,3143.779052734375,3238.8462937142376,3035.5988105081733,3238.8462937142376,89820
2018-07-10,3209.3427734375,3245.402708997912,3048.711615891835,3143.779075735474,92000
2018-07-11,3173.282470703125,3209.342622738512,3032.320494537595,3209.342622738512,132672
2018-07-12,3147.056884765625,3179.838840944546,3114.27514675492,3117.553342372812,30503
2018-07-13,3179.8388671875,3245.402561918218,3147.0569107380315,3179.8388671875,202510
2018-07-16,3114.275146484375,3225.733361146592,3114.275146484375,3225.733361146592,88211
2018-07-17,3130.666259765625,3229.011696204316,3117.553476728939,3229.011696204316,76653
2018-07-18,3343.748046875,3343.748046875,3170.0043294983807,3179.838916586001,481675
2018-07-19,3442.09375,3474.875489270672,3310.9663565808632,3360.139074570983,522019
2018-07-20,3376.530029296875,3458.4847041435232,3310.966333053201,3409.3117683346004,366940
2018-07-23,3442.09375,3442.09375,3360.139074570983,3360.139074570983,185146
2018-07-24,3442.09375,3442.09375,3442.09375,3442.09375,0
2018-07-25,3704.348388671875,3769.911864590813,3606.002738457036,3671.56643254419,226962
2018-07-26,3638.78466796875,3720.739339520288,3638.78466796875,3638.78466796875,167755
2018-07-27,3720.739501953125,3769.912001595225,3540.439173034898,3606.0028695047376,549197
2018-07-30,3835.475830078125,3884.6483286156777,3720.7394183752513,3720.7394183752513,438932
2018-07-31,3802.69384765625,3851.866782196111,3720.739393092915,3720.739393092915,192724
2018-08-01,3687.95751953125,3802.693933030436,3687.95751953125,3769.9119759345417,272158
2018-08-02,3655.175537109375,3687.95749397813,3556.830102839552,3671.566515543752,151726
2018-08-03,3655.175537109375,3704.3484724125074,3606.002819974464,3655.175537109375,110564
2018-08-06,3655.175537109375,3687.95749397813,3606.002819974464,3687.95749397813,38326
2018-08-07,3573.22119140625,3655.1756497676615,3556.8302124666766,3606.002931117169,294620
2018-08-08,3606.0029296875,3655.175648318497,3573.221189989578,3606.0029296875,353474
2018-08-09,3802.69384765625,3851.866782196111,3802.69384765625,3835.475804016157,802329
2018-08-10,3671.56640625,3802.693793485229,3671.56640625,3769.911837592315,181902
2018-08-13,3720.739501953125,3753.521022935709,3655.175587315061,3704.348523293609,161376
2018-08-14,3737.13037109375,3802.693847473988,3720.739392914582,3737.13037109375,508117
2018-08-15,3737.13037109375,3802.693847473988,3671.5664583770767,3671.5664583770767,112281
2018-08-16,3704.348388671875,3737.13034479956,3638.784694584721,3737.13034479956,139486
2018-08-17,3671.56640625,3753.520859645858,3671.56640625,3704.3483621429145,101105
2018-08-20,3737.13037109375,3737.13037109375,3638.7847201869577,3638.7847201869577,77008
2018-08-21,3786.302978515625,3786.302978515625,3671.5665642881618,3704.348521592136,267143
2018-08-22,3884.6484375,3933.8213737522783,3753.521043830376,3769.9120225811353,780248
2018-08-23,3802.69384765625,3933.821236759446,3769.911891296342,3884.648302219584,304843
2018-08-24,3835.475830078125,3868.257786660785,3786.302895204134,3835.475830078125,52120
2018-08-27,3868.2578125,3868.2578125,3786.302920495906,3835.4758556983625,204064
2018-08-28,3868.2578125,3966.603246568472,3868.2578125,3868.2578125,314711
2018-08-29,3868.2578125,3966.603246568472,3868.2578125,3933.821289766834,362905
2018-08-30,3868.2578125,3901.039332965197,3851.866834099181,3868.2578125,131499
2018-08-31,3802.69384765625,3901.039280399538,3802.69384765625,3835.475804016157,289468
2018-09-03,3802.69384765625,3802.69384765625,3802.69384765625,3802.69384765625,0
2018-09-04,3720.739501953125,3851.866894892804,3687.957544634093,3802.6939589142567,332129
2018-09-05,3687.95751953125,3769.9119759345417,3687.95751953125,3769.9119759345417,183674
2018-09-06,3622.393798828125,3704.3484728412777,3606.0028203918505,3687.957494405003,186318
2018-09-07,3751.882080078125,3805.480339407413,3680.417588860261,3680.417588860261,201970
2018-09-10,3680.417724609375,3787.614247221805,3680.417724609375,3787.614247221805,110738
2018-09-11,3769.748291015625,3787.614086468468,3680.4175684056568,3680.4175684056568,101960
2018-09-12,3769.748291015625,3823.346550047031,3751.882059226344,3823.346550047031,267418
2018-09-13,3769.748291015625,3859.078577289155,3769.748291015625,3859.078577289155,241484
2018-09-14,3769.748291015625,3769.748291015625,3734.0158274370624,3751.882059226344,162256
2018-09-17,3751.882080078125,3751.882080078125,3716.150052637413,3751.882080078125,88305
2018-09-18,3859.07861328125,3859.07861328125,3626.819343200156,3734.015862262747,376231
2018-09-19,3805.48046875,3930.543223547848,3805.48046875,3930.543223547848,151552
2018-09-20,3823.3466796875,3841.212912082582,3787.614214897336,3805.480447292418,238758
2018-09-21,4073.47216796875,4073.47216796875,3841.212893313376,3859.078689284708,1743783
2018-09-24,4180.66845703125,4287.86497225348,4180.66845703125,4198.5346883470975,375405
2018-09-25,4162.80224609375,4198.534708900367,4073.471961750064,4180.668477497058,356524
2018-09-26,4162.80224609375,4287.864993244053,4091.337756816944,4109.2039882202525,1036036
2018-09-27,4198.53466796875,4198.53466796875,4162.80220551049,4162.80220551049,460160
2018-09-28,4484.392578125,4484.392578125,4216.40083159714,4252.1332971803,1746034
2018-10-01,4395.06201171875,4537.990556094994,4395.06201171875,4537.990556094994,764391
2018-10-02,4430.7939453125,4591.5887179718375,4323.597430206275,4323.597430206275,595032
2018-10-03,4537.99072265625,4555.856954985201,4430.794201355445,4502.258694334799,562846
2018-10-04,4555.85693359375,4609.455193992489,4466.526208704886,4609.455193992489,489670
2018-10-05,4502.2587890625,4609.455312618725,4448.660527284387,4555.857050840612,720526
2018-10-08,4555.85693359375,4555.85693359375,4430.794180551209,4430.794180551209,330390
2018-10-09,4484.392578125,4573.723305746441,4484.392578125,4573.723305746441,339743
2018-10-10,4466.5263671875,4555.857095246023,4430.794337765969,4502.258832945495,361401
2018-10-11,4234.26708984375,4395.0623132617,4162.802594584268,4395.0623132617,1127968
2018-10-12,4359.32958984375,4448.660312723108,4144.936553071592,4162.802348578312,273945
2018-10-15,4377.19580078125,4502.258550413184,4359.32956902342,4377.19580078125,287075
2018-10-16,4430.7939453125,4466.5259715691,4377.195687759388,4377.195687759388,132121
2018-10-17,4466.5263671875,4502.258832945495,4430.794337765969,4430.794337765969,139598
2018-10-18,4448.66015625,4448.66015625,4395.061898942176,4430.793925035251,170334
2018-10-19,4591.5888671875,4591.5888671875,4305.731338835739,4430.794089302717,302680
2018-10-22,4502.2587890625,4716.6518361749495,4502.2587890625,4609.455312618725,382908
2018-10-23,4430.7939453125,4502.258434162125,4323.597430206275,4502.258434162125,159030
2018-10-24,4395.06201171875,4484.392297411848,4287.865058016023,4430.794038728702,91281
2018-10-25,4359.32958984375,4359.32958984375,4216.400607771352,4216.400607771352,204846
2018-10-26,4377.19580078125,4395.062032539079,4234.266819391486,4234.266819391486,129195
2018-10-29,4287.865234375,4377.195960078687,4127.070451712108,4377.195960078687,204671
2018-10-30,4269.99951171875,4359.329802621865,4216.400813573128,4234.267046288335,102085
2018-10-31,4287.865234375,4323.597699191056,4180.668712599738,4216.400741079341,570749
2018-11-01,4252.13330078125,4323.597795671631,4216.4008351678285,4323.597795671631,142424
2018-11-02,4252.13330078125,4287.865330058209,4198.535038697581,4234.267067974539,161631
2018-11-05,4127.0703125,4252.133062464741,4127.0703125,4252.133062464741,149777
2018-11-06,4127.0703125,4180.668571579683,4127.0703125,4127.0703125,257939
2018-11-07,4144.9365234375,4234.266809341755,4109.204060006648,4127.070291722074,125768
2018-11-08,4037.73974609375,4198.534965892955,4037.73974609375,4144.936704738706,168683
2018-11-09,3966.275146484375,4109.20412996836,3859.078627039608,4002.007610523593,363076
2018-11-12,3894.81103515625,4073.4720437777546,3823.346544440361,3876.944803393169,71700
2018-11-13,3751.882080078125,3876.944830625277,3751.882080078125,3787.614107518837,187440
2018-11-14,3751.882080078125,3751.882080078125,3573.2210702016846,3751.882080078125,1040888
2018-11-15,3644.685302734375,3716.150011326006,3591.087044000924,3608.953275690886,260490
2018-11-16,3698.283935546875,3734.015964096741,3644.6854563856223,3644.6854563856223,165732
2018-11-19,3751.882080078125,3751.882080078125,3680.417588860261,3698.283820748837,134021
2018-11-20,3698.283935546875,3751.882196539901,3644.6854563856223,3716.1501679900352,51793
2018-11-21,3716.150146484375,3716.150146484375,3644.6854352935343,3644.6854352935343,43565
2018-11-22,3716.150146484375,3751.8821748274568,3662.551449465075,3751.8821748274568,135822
2018-11-23,3751.882080078125,3751.882080078125,3644.685343251329,3662.551356971685,128794
2018-11-26,3680.417724609375,3751.882218463147,3680.417724609375,3751.882218463147,12029
2018-11-27,3716.150146484375,3716.150146484375,3662.551449465075,3698.283914144608,62271
2018-11-28,3662.55126953125,3716.1499639173535,3662.55126953125,3716.1499639173535,64747
2018-11-29,3662.55126953125,3716.1499639173535,3662.55126953125,3716.1499639173535,90606
2018-11-30,3644.685302734375,3734.015806679533,3644.685302734375,3716.150011326006,39088
2018-12-03,3769.748291015625,3769.748291015625,3644.685322995313,3716.150031984219,710672
2018-12-04,3805.48046875,3876.9449623968353,3769.74844009481,3859.0787299010126,333541
2018-12-05,3805.48046875,3841.212933741645,3734.0159751031647,3769.74844009481,147101
2018-12-06,3751.882080078125,3805.480339407413,3734.0158481895487,3805.480339407413,122267
2018-12-07,3859.07861328125,3876.9448452371626,3734.015862262747,3734.015862262747,412468
2018-12-10,3841.212890625,3912.676947133214,3787.614193739164,3823.346658329721,94833
2018-12-11,3823.3466796875,3841.212912082582,3769.748418838706,3805.480447292418,51492
2018-12-12,3823.3466796875,3823.3466796875,3823.3466796875,3823.3466796875,0
2018-12-13,3769.748291015625,3876.944809078436,3769.748291015625,3823.346550047031,103836
2018-12-14,3769.748291015625,3823.346550047031,3716.150031984219,3769.748291015625,162131
2018-12-17,3662.55126953125,3734.0157590429576,3662.55126953125,3734.0157590429576,332115
2018-12-18,3644.685302734375,3680.4175479460814,3626.8192892126303,3662.551316256119,99809
2018-12-19,3644.685302734375,3734.015806679533,3573.22103047918,3644.685302734375,103436
2018-12-20,3644.685302734375,3644.685302734375,3573.22103047918,3573.22103047918,61546
2018-12-21,3566.074462890625,3626.8192574008967,3555.3547676043163,3573.2209991375694,117791
2018-12-24,3562.50146484375,3626.8194212999697,3537.4889141014296,3537.4889141014296,40564
2018-12-25,3483.890625,3483.890625,3323.0956260868443,3323.0956260868443,214349
2018-12-26,3537.48876953125,3537.48876953125,3323.0955173829384,3483.890511036226,58470
2018-12-27,3533.915771484375,3608.953424063469,3501.7566840212376,3537.488930701981,127669
2018-12-28,3533.915771484375,3537.488930701981,3501.7566840212376,3533.915771484375,97058
2018-12-31,3533.915771484375,3533.915771484375,3533.915771484375,3533.915771484375,0
2019-01-01,3533.915771484375,3533.915771484375,3533.915771484375,3533.915771484375,0
2019-01-02,3530.34228515625,3530.34228515625,3394.560057395025,3501.756575961068,160030
2019-01-03,3466.0244140625,3516.0495154459245,3305.229414163175,3394.560139349197,197268
2019-01-04,3387.41357421875,3387.41357421875,3251.6311261565493,3326.668777598695,417770
2019-01-07,3376.69384765625,3394.560079646518,3323.0955880218894,3394.560079646518,47066
2019-01-08,3330.241943359375,3358.827871228409,3215.898886387909,3323.0956250182844,108437
2019-01-09,3351.681396484375,3351.681396484375,3215.89894565097,3215.89894565097,157054
2019-01-10,3351.681396484375,3358.827933125387,3269.49742503799,3280.217120915394,127069
2019-01-11,3323.095703125,3358.8279501749835,3280.2171375659577,3358.8279501749835,111413
2019-01-14,3255.20458984375,3348.108257736044,3251.631212417264,3348.108257736044,38088
2019-01-15,3219.47216796875,3287.3632810309214,3215.8987907362653,3287.3632810309214,199069
2019-01-16,3269.497314453125,3287.363328199028,3208.752518647904,3219.472214162733,153628
2019-01-17,3269.497314453125,3269.497314453125,3223.04537327827,3269.497314453125,54919
2019-01-18,3262.350830078125,3262.350830078125,3212.3257289899893,3251.6311343923494,150927
2019-01-21,3205.179443359375,3269.497399962279,3190.8863701869727,3262.350863376078,201320
2019-01-22,3215.89892578125,3251.6311724290795,3208.75260735262,3215.89892578125,111663
2019-01-23,3251.631103515625,3251.631103515625,3176.593452595962,3176.593452595962,36562
2019-01-24,3215.89892578125,3215.89892578125,3144.4346506538177,3208.75260735262,244235
2019-01-25,3162.300537109375,3180.166768795453,3126.568291905437,3180.166768795453,272370
2019-01-28,3140.861083984375,3162.300474314653,3072.9699721627785,3162.300474314653,152128
2019-01-29,3083.689697265625,3108.7022468377104,3008.6520485493684,3083.689697265625,268893
2019-01-30,3051.53076171875,3087.2630083195413,3037.2379067120787,3072.97015331287,98859
2019-01-31,3090.836181640625,3090.836181640625,3040.8110798047687,3040.8110798047687,62171
2019-02-01,3105.129150390625,3108.70230949631,3055.1040502381547,3108.70230949631,30585
2019-02-04,3105.129150390625,3105.129150390625,3105.129150390625,3105.129150390625,0
2019-02-05,3105.129150390625,3105.129150390625,3105.129150390625,3105.129150390625,0
2019-02-06,3105.129150390625,3105.129150390625,3105.129150390625,3105.129150390625,0
2019-02-07,3105.129150390625,3105.129150390625,3105.129150390625,3105.129150390625,0
2019-02-08,3105.129150390625,3105.129150390625,3105.129150390625,3105.129150390625,0
2019-02-11,3137.2880859375,3140.8612451197887,3040.8110426699054,3140.8612451197887,117165
2019-02-12,3251.631103515625,3283.790190267576,3151.580902289408,3251.631103515625,372579
2019-02-13,3262.350830078125,3283.790221449676,3251.6311343923494,3283.790221449676,165607
2019-02-14,3251.631103515625,3273.070494683592,3233.765089654467,3262.3507990996086,176611
2019-02-15,3223.04541015625,3251.631119744059,3215.898873675186,3251.631119744059,273395
2019-02-18,3223.04541015625,3223.04541015625,3223.04541015625,3223.04541015625,0
2019-02-19,3262.350830078125,3276.643684936417,3251.6311343923494,3251.6311343923494,273545
2019-02-20,3262.350830078125,3283.790221449676,3226.618583848282,3283.790221449676,165107
2019-02-21,3251.631103515625,3262.3507990996086,3233.765089654467,3262.3507990996086,151752
2019-02-22,3269.497314453125,3280.2170099679547,3237.338227908636,3244.4847643079293,407017
2019-02-25,3301.65625,3358.827887852814,3273.0705401577056,3323.095641465833,542064
2019-02-26,3355.25439453125,3394.560016916196,3305.2292949521016,3351.681235466516,394537
2019-02-27,3344.534912109375,3358.8277665141886,3326.668680477195,3358.8277665141886,343319
2019-02-28,3301.65625,3358.827887852814,3287.3633950788526,3358.827887852814,344420
2019-03-01,3298.0830078125,3340.961571496864,3280.2169941527363,3340.961571496864,90881
2019-03-04,3380.26708984375,3380.26708984375,3305.2294372446027,3305.2294372446027,281048
2019-03-05,3387.41357421875,3408.8529655359985,3340.9616324207864,3358.827864574568,240809
2019-03-06,3387.41357421875,3394.560110713908,3358.827864574568,3387.41357421875,175086
2019-03-07,3573.22119140625,3608.953438227229,3387.413638838096,3387.413638838096,674760
2019-03-08,3573.22119140625,3573.22119140625,3573.22119140625,3573.22119140625,0
2019-03-11,3501.756591796875,3533.915678413051,3448.1583322714687,3533.915678413051,243284
2019-03-12,3498.183349609375,3537.488753539252,3458.8779456794987,3537.488753539252,144325
2019-03-13,3562.50146484375,3608.953407127552,3498.1835083875303,3498.1835083875303,476516
2019-03-14,3555.354736328125,3566.0744315201337,3505.329637544229,3562.501272512202,431525
2019-03-15,3537.48876953125,3555.354782973519,3505.329683533306,3537.48876953125,217700
2019-03-18,3516.049560546875,3537.488952319985,3508.90324206799,3523.1960971939875,220176
2019-03-19,3533.915771484375,3566.0746407792853,3516.04953905989,3537.488930701981,346320
2019-03-20,3501.756591796875,3533.915678413051,3487.463737134648,3533.915678413051,97509
2019-03-21,3430.2919921875,3519.622712804912,3430.2919921875,3519.622712804912,161056
2019-03-22,3390.98681640625,3430.2922226714,3380.267120485168,3430.2922226714,185614
2019-03-25,3323.095703125,3390.986819802208,3269.49744163414,3390.986819802208,187415
2019-03-26,3340.961669921875,3430.292177188815,3340.961669921875,3358.8279022761985,178012
2019-03-27,3430.2919921875,3483.89046819159,3340.9614897383017,3340.9614897383017,52268
2019-03-28,3412.426025390625,3412.426025390625,3394.5600119250057,3394.5600119250057,47141
2019-03-29,3412.426025390625,3412.426025390625,3376.6937802911693,3412.426025390625,59370
2019-04-01,3412.426025390625,3423.145720737283,3358.82776682555,3412.426025390625,68423
2019-04-02,3394.56005859375,3412.426072304993,3376.693826714287,3394.56005859375,46641
2019-04-03,3358.827880859375,3394.560127171957,3323.095634546793,3323.095634546793,45790
2019-04-04,3358.827880859375,3394.560127171957,3358.827880859375,3387.413590642151,69949
2019-04-05,3537.48876953125,3555.354782973519,3358.8277624356933,3376.6937758779623,697893
2019-04-08,3573.22119140625,3573.22119140625,3466.024450943313,3537.488944585271,456884
2019-04-09,3551.78173828125,3573.221129636865,3501.7566372302963,3573.221129636865,248561
2019-04-10,3573.22119140625,3644.68546687998,3519.6229302588954,3558.928336311504,773144
2019-04-11,3519.622802734375,3591.0870756187805,3501.756570887109,3591.0870756187805,432425
2019-04-12,3537.48876953125,3573.221014584005,3394.560007488448,3573.221014584005,234506
2019-04-15,3537.48876953125,3537.48876953125,3537.48876953125,3537.48876953125,0
2019-04-16,3483.890625,3501.756639026696,3412.42613255677,3412.42613255677,101535
2019-04-17,3469.59765625,3501.7565240760314,3430.292033978736,3483.890510635816,164057
2019-04-18,3458.8779296875,3458.8779296875,3380.266904022986,3433.8653801961127,342419
2019-04-19,3458.8779296875,3466.024247731774,3398.1331354701,3466.024247731774,43590
2019-04-22,3444.585205078125,3458.8780598728417,3401.706422525752,3430.292132115185,67498
2019-04-23,3430.2919921875,3462.451077789954,3376.693734351624,3398.13312475326,94532
2019-04-24,3458.8779296875,3458.8779296875,3394.5599764479634,3448.1582344528747,255239
2019-04-25,3412.426025390625,3466.0242839556995,3412.426025390625,3458.8779658367384,34712
2019-04-26,3444.585205078125,3455.304682547995,3376.693872092941,3455.304682547995,85129
2019-04-29,3444.585205078125,3444.585205078125,3444.585205078125,3444.585205078125,0
2019-04-30,3444.585205078125,3444.585205078125,3444.585205078125,3444.585205078125,0
2019-05-01,3444.585205078125,3444.585205078125,3444.585205078125,3444.585205078125,0
2019-05-02,3437.438720703125,3444.5852572929257,3398.133314879786,3419.5727064809626,69549
2019-05-03,3430.2919921875,3448.158223578268,3401.706283764128,3401.706283764128,64922
2019-05-06,3376.69384765625,3412.426093468564,3340.961601843936,3394.560079646518,205946
2019-05-07,3390.98681640625,3394.5601938254304,3340.961714220018,3344.535091639198,92007
2019-05-08,3390.98681640625,3390.98681640625,3358.827946811232,3358.827946811232,22907
2019-05-09,3390.98681640625,3430.2922226714,3358.827946811232,3390.98681640625,80077
2019-05-10,3387.41357421875,3419.572661194623,3358.827864574568,3376.693878560126,25633
2019-05-13,3394.56005859375,3394.56005859375,3383.8403630997163,3390.986681316925,164657
2019-05-14,3387.41357421875,3394.560110713908,3358.827864574568,3394.560110713908,86955
2019-05-15,3394.56005859375,3430.292086016236,3383.8403630997163,3394.56005859375,73975
2019-05-16,3394.56005859375,3412.426072304993,3394.56005859375,3398.1332177023546,44215
2019-05-17,3390.98681640625,3398.1333530763814,3365.9742653131343,3394.5601938254304,17531
2019-05-20,3394.56005859375,3423.1457677990265,3387.413522208321,3394.56005859375,69024
2019-05-21,3412.426025390625,3412.426025390625,3358.82776682555,3387.413475637828,210198
2019-05-22,3415.999267578125,3415.999267578125,3394.560094531305,3394.560094531305,67373
2019-05-23,3412.426025390625,3412.426025390625,3365.974084944511,3412.426025390625,62796
2019-05-24,3394.56005859375,3394.56005859375,3358.827813003044,3394.56005859375,87280
2019-05-27,3394.56005859375,3394.56005859375,3358.827813003044,3394.56005859375,52318
2019-05-28,3383.84033203125,3394.5600274268613,3369.5474775598404,3394.5600274268613,41139
2019-05-29,3383.84033203125,3387.413491107048,3358.8277821642287,3387.413491107048,39513
2019-05-30,3376.69384765625,3383.840384086001,3326.6687471526548,3326.6687471526548,97584
2019-05-31,3330.241943359375,3376.6938852493604,3330.241943359375,3376.6938852493604,56044
2019-06-03,3340.961669921875,3358.8279022761985,3273.070554212833,3330.241974142926,62546
2019-06-04,3323.095703125,3323.095703125,3287.363456075017,3287.363456075017,152928
2019-06-05,3287.36328125,3323.0955263997093,3287.36328125,3323.0955263997093,81203
2019-06-06,3305.229248046875,3305.229248046875,3233.764976925269,3287.363234808527,75351
2019-06-07,3323.095703125,3323.095703125,3305.2294705158943,3305.2294705158943,72425
2019-06-10,3351.681396484375,3351.681396484375,3305.2294537383664,3326.6688454931746,47941
2019-06-11,3340.961669921875,3340.961669921875,3294.509945770731,3298.083104974305,28760
2019-06-12,3340.961669921875,3340.961669921875,3294.509945770731,3294.509945770731,126744
2019-06-13,3340.961669921875,3351.681365700824,3298.083104974305,3351.681365700824,19006
2019-06-14,3294.509765625,3323.0954740269635,3290.9363884485942,3323.0954740269635,39688
2019-06-17,3305.229248046875,3323.0954794534373,3276.643539598233,3323.0954794534373,39263
2019-06-18,3258.777587890625,3287.36329687901,3258.777587890625,3269.497283303324,58070
2019-06-19,3283.790283203125,3294.50997909049,3258.777732188683,3258.777732188683,22357
2019-06-20,3333.815185546875,3333.815185546875,3223.0452922365125,3223.0452922365125,29885
2019-06-21,3319.5224609375,3333.8153157667634,3290.9365331107497,3333.8153157667634,13429
2019-06-24,3305.229248046875,3305.229248046875,3233.764976925269,3294.509771004795,122192
2019-06-25,3301.65625,3301.65625,3255.204526048328,3287.3633950788526,43915
2019-06-26,3301.65625,3305.229409188231,3258.777685236558,3258.777685236558,17531
2019-06-27,3287.36328125,3287.36328125,3265.923890526531,3287.36328125,21507
2019-06-28,3258.777587890625,3287.36329687901,3258.777587890625,3287.36329687901,52743
2019-07-01,3301.65625,3301.65625,3251.631148691872,3258.777685236558,53293
2019-07-02,3287.36328125,3287.36328125,3269.497267759254,3269.497267759254,25208
2019-07-03,3287.36328125,3287.36328125,3269.497267759254,3287.36328125,43265
2019-07-04,3298.0830078125,3312.3758623739545,3287.363312349354,3287.363312349354,27434
2019-07-05,3287.36328125,3301.6561356762404,3287.36328125,3298.0829766117345,13929
2019-07-08,3305.229248046875,3305.229248046875,3251.630990163617,3290.936393822554,93732
2019-07-09,3301.65625,3301.65625,3258.777685236558,3262.3508444247886,14405
2019-07-10,3315.948974609375,3315.948974609375,3269.4972524831846,3301.656120249915,192942
2019-07-11,3312.3759765625,3323.095672395189,3280.21710723266,3323.095672395189,58970
2019-07-12,3319.5224609375,3323.09562010276,3319.5224609375,3319.5224609375,5126
2019-07-15,3323.095703125,3323.095703125,3287.363456075017,3323.095703125,77276
2019-07-16,3319.5224609375,3323.09562010276,3287.36337394549,3323.09562010276,131545
2019-07-17,3319.5224609375,3319.5224609375,3287.36337394549,3319.5224609375,192217
2019-07-18,3315.948974609375,3315.948974609375,3287.363265890456,3290.936424938266,97609
2019-07-19,3315.948974609375,3315.948974609375,3287.363265890456,3315.948974609375,39913
2019-07-22,3301.65625,3301.65625,3240.911452958955,3240.911452958955,49317
2019-07-23,3287.36328125,3290.936440314505,3251.6310361002907,3287.36328125,43790
2019-07-24,3287.36328125,3287.36328125,3233.7650226095448,3269.497267759254,88305
2019-07-25,3287.36328125,3287.36328125,3287.36328125,3287.36328125,0
2019-07-26,3287.36328125,3287.36328125,3287.36328125,3287.36328125,0
2019-07-29,3287.36328125,3287.36328125,3287.36328125,3287.36328125,0
2019-07-30,3287.36328125,3287.36328125,3287.36328125,3287.36328125,0
2019-07-31,3258.777587890625,3269.497283303324,3226.6185016525283,3269.497283303324,82328
2019-08-01,3244.48486328125,3255.204559123085,3226.618630822116,3255.204559123085,45215
2019-08-02,3240.911376953125,3244.4847542257776,3208.752508676789,3244.4847542257776,104236
2019-08-05,3208.75244140625,3212.3256004357727,3144.434488033766,3183.7398918631607,126244
2019-08-06,3208.75244140625,3208.75244140625,3208.75244140625,3208.75244140625,0
2019-08-07,3176.593505859375,3176.593505859375,3115.8487086437467,3176.593505859375,7952
2019-08-08,3215.89892578125,3215.89892578125,3144.4346506538177,3176.5935199191053,114765
2019-08-09,3215.89892578125,3248.0580132147643,3180.166897301647,3248.0580132147643,46441
2019-08-12,3212.32568359375,3215.8988427157715,3144.434569434235,3215.8988427157715,47416
2019-08-13,3208.75244140625,3212.3256004357727,3037.237753634148,3144.434488033766,243484
2019-08-14,3201.60595703125,3208.752493374254,3090.8360618081133,3180.1667843386763,84204
2019-08-15,3173.020263671875,3173.020263671875,3080.116599763151,3080.116599763151,155454
2019-08-16,3287.36328125,3287.36328125,3108.7022736696704,3108.7022736696704,129045
2019-08-19,3212.32568359375,3273.070479509222,3187.313133403157,3215.8988427157715,498373
2019-08-20,3212.32568359375,3215.8988427157715,3162.300583212564,3215.8988427157715,110163
2019-08-21,3205.179443359375,3208.7526025683624,3112.275558579893,3112.275558579893,39113
2019-08-22,3205.179443359375,3233.7651533677267,3180.16689256001,3205.179443359375,272445
2019-08-23,3201.60595703125,3205.1793342868614,3173.0202479956724,3173.0202479956724,159705
2019-08-26,3198.03271484375,3198.03271484375,3126.568225943575,3180.1667017028126,325313
2019-08-27,3180.166748046875,3215.8987748494665,3165.873675523979,3215.8987748494665,226053
2019-08-28,3205.179443359375,3205.179443359375,3133.7149501702697,3148.007805174446,593732
2019-08-29,3194.459716796875,3194.459716796875,3144.4346156799616,3180.16686193036,124793
2019-08-30,3394.56005859375,3408.8529131963883,3205.179353314408,3205.179353314408,727928
2019-09-02,3394.56005859375,3394.56005859375,3394.56005859375,3394.56005859375,0
2019-09-03,3394.56005859375,3426.718926907631,3380.2669858228915,3426.718926907631,295052
2019-09-04,3369.547607421875,3394.560158252877,3340.9616792091388,3394.560158252877,166157
2019-09-05,3351.681396484375,3358.827933125387,3323.0956862567828,3358.827933125387,221552
2019-09-06,3348.108154296875,3358.827849908693,3323.095603925374,3358.827849908693,94958
2019-09-09,3373.12060546875,3376.6937645115327,3326.668665239711,3348.1080558328395,312534
2019-09-10,3365.97412109375,3394.560048381246,3348.108107436257,3373.1206574576786,164482
2019-09-11,3358.827880859375,3358.827880859375,3323.095634546793,3358.827880859375,157279
2019-09-12,3358.827880859375,3430.2921553163155,3358.827880859375,3376.693894931554,321037
2019-09-13,3430.802490234375,3438.7998046875,3338.834716796875,3338.834716796875,115265
2019-09-16,3418.806884765625,3450.795654296875,3366.824951171875,3366.824951171875,139348
2019-09-17,3358.82763671875,3434.80126953125,3358.82763671875,3382.8193359375,224253
2019-09-18,3354.8291015625,3394.815185546875,3278.855712890625,3278.855712890625,51793
2019-09-19,3358.82763671875,3378.82080078125,3326.8388671875,3354.8291015625,50817
2019-09-20,3358.82763671875,3358.82763671875,3318.841796875,3354.8291015625,143950
2019-09-23,3354.8291015625,3362.826416015625,3330.83740234375,3358.82763671875,169709
2019-09-24,3302.84716796875,3358.82763671875,3278.855712890625,3358.82763671875,70224
2019-09-25,3358.82763671875,3358.82763671875,3282.854248046875,3282.854248046875,217150
2019-09-26,3374.822265625,3470.78857421875,3330.83740234375,3470.78857421875,114614
2019-09-27,3374.822265625,3398.813720703125,3358.82763671875,3374.822265625,236207
2019-09-30,3418.806884765625,3446.797119140625,3374.822265625,3374.822265625,578251
2019-10-01,3398.813720703125,3438.7998046875,3382.8193359375,3438.7998046875,52393
2019-10-02,3378.82080078125,3386.81787109375,3262.861328125,3386.81787109375,13404
2019-10-03,3358.82763671875,3370.823486328125,3298.8486328125,3358.82763671875,97408
2019-10-04,3354.8291015625,3358.82763671875,3302.84716796875,3350.83056640625,61221
2019-10-07,3342.833251953125,3354.8291015625,3302.84716796875,3306.845947265625,134646
2019-10-08,3338.834716796875,3338.834716796875,3242.8681640625,3242.8681640625,64397
2019-10-09,3318.841796875,3326.8388671875,3306.845947265625,3326.8388671875,31285
2019-10-10,3314.843017578125,3382.8193359375,3278.855712890625,3382.8193359375,41114
2019-10-11,3314.843017578125,3314.843017578125,3278.855712890625,3282.854248046875,44040
2019-10-14,3306.845947265625,3314.843017578125,3266.85986328125,3314.843017578125,84904
2019-10-15,3306.845947265625,3306.845947265625,3266.85986328125,3278.855712890625,116815
2019-10-16,3302.84716796875,3306.845947265625,3266.85986328125,3306.845947265625,86330
2019-10-17,3258.862548828125,3302.84716796875,3258.862548828125,3302.84716796875,30335
2019-10-18,3278.855712890625,3282.854248046875,3254.864013671875,3258.862548828125,43315
2019-10-21,3274.85693359375,3274.85693359375,3234.87109375,3250.865478515625,104011
2019-10-22,3238.86962890625,3250.865478515625,3238.86962890625,3250.865478515625,75076
2019-10-23,3206.880859375,3246.86669921875,3206.880859375,3246.86669921875,22007
2019-10-24,3206.880859375,3222.875244140625,3174.891845703125,3186.8876953125,68673
2019-10-25,3206.880859375,3206.880859375,3182.88916015625,3206.880859375,164857
2019-10-28,3194.885009765625,3206.880859375,3194.885009765625,3206.880859375,45515
2019-10-29,3190.88623046875,3194.885009765625,3158.8974609375,3190.88623046875,100985
2019-10-30,3190.88623046875,3190.88623046875,3138.904541015625,3158.8974609375,70124
2019-10-31,3186.8876953125,3194.885009765625,3138.904541015625,3194.885009765625,58420
2019-11-01,3178.890625,3186.8876953125,3158.8974609375,3178.890625,55819
2019-11-04,3170.893310546875,3174.891845703125,3138.904541015625,3170.893310546875,50317
2019-11-05,3166.894775390625,3170.893310546875,3138.904541015625,3138.904541015625,34336
2019-11-06,3166.894775390625,3378.82080078125,3146.901611328125,3146.901611328125,63747
2019-11-07,3158.8974609375,3170.893310546875,3146.901611328125,3166.894775390625,67548
2019-11-08,3154.89892578125,3174.891845703125,3154.89892578125,3158.8974609375,7077
2019-11-11,3142.903076171875,3154.89892578125,3118.911376953125,3118.911376953125,146075
2019-11-12,3142.903076171875,3142.903076171875,3118.911376953125,3138.904541015625,136222
2019-11-13,3126.90869140625,3138.904541015625,3118.911376953125,3138.904541015625,53443
2019-11-14,3126.90869140625,3126.90869140625,3106.91552734375,3126.90869140625,68648
2019-11-15,3114.912841796875,3114.912841796875,3078.925537109375,3110.914306640625,61121
2019-11-18,3158.8974609375,3158.8974609375,3038.939453125,3078.925537109375,83129
2019-11-19,3158.8974609375,3158.8974609375,3062.930908203125,3062.930908203125,27384
2019-11-20,3158.8974609375,3158.8974609375,3158.8974609375,3158.8974609375,12504
2019-11-21,3158.8974609375,3158.8974609375,3158.8974609375,3158.8974609375,15005
2019-11-22,3138.904541015625,3138.904541015625,3082.924072265625,3138.904541015625,20482
2019-11-25,3142.903076171875,3158.8974609375,3078.925537109375,3158.8974609375,7752
2019-11-26,3118.911376953125,3158.8974609375,3118.911376953125,3126.90869140625,25158
2019-11-27,3118.911376953125,3194.885009765625,3118.911376953125,3194.885009765625,13804
2019-11-28,3150.900390625,3150.900390625,3102.9169921875,3118.911376953125,21957
2019-11-29,3150.900390625,3150.900390625,3082.924072265625,3146.901611328125,53643
2019-12-02,3154.89892578125,3158.8974609375,3038.939453125,3154.89892578125,12854
2019-12-06,3118.911376953125,3118.911376953125,3062.930908203125,3062.930908203125,32461
2019-12-09,3118.911376953125,3118.911376953125,3058.932373046875,3062.930908203125,19781
2019-12-10,3110.914306640625,3118.911376953125,3038.939453125,3038.939453125,35612
2019-12-11,3078.925537109375,3078.925537109375,3050.935302734375,3078.925537109375,21032
2019-12-12,3078.925537109375,3078.925537109375,3018.9462890625,3070.92822265625,46991
2019-12-13,3078.925537109375,3078.925537109375,2966.964599609375,3002.951904296875,97684
2019-12-16,3074.9267578125,3078.925537109375,3050.935302734375,3050.935302734375,16955
2019-12-17,3066.9296875,3066.9296875,3002.951904296875,3018.9462890625,15855
2019-12-18,3066.9296875,3070.92822265625,3066.9296875,3070.92822265625,5126
2019-12-19,2910.984130859375,3050.935302734375,2910.984130859375,3050.935302734375,39388
2019-12-20,2914.982666015625,2958.96728515625,2914.982666015625,2958.96728515625,23783
2019-12-23,2954.96875,2954.96875,2914.982666015625,2946.971435546875,20307
2019-12-24,2954.96875,2954.96875,2898.98828125,2934.9755859375,54443
2019-12-25,2938.974365234375,2938.974365234375,2934.9755859375,2934.9755859375,18781
2019-12-26,2926.978515625,2934.9755859375,2918.981201171875,2922.979736328125,14329
2019-12-27,2918.981201171875,2982.958984375,2735.04541015625,2735.04541015625,58320
2019-12-30,2918.981201171875,2950.969970703125,2799.023193359375,2918.981201171875,105611
2019-12-31,2958.96728515625,2958.96728515625,2839.009033203125,2878.9951171875,29510
2020-01-01,2958.96728515625,2958.96728515625,2958.96728515625,2958.96728515625,0
2020-01-02,2942.972900390625,2990.9560546875,2878.9951171875,2990.9560546875,21057
2020-01-03,2934.9755859375,2958.96728515625,2839.009033203125,2938.974365234375,41339
2020-01-06,2859.002197265625,2926.978515625,2859.002197265625,2878.9951171875,28059
2020-01-07,2859.002197265625,2998.953369140625,2859.002197265625,2998.953369140625,94658
2020-01-08,2851.0048828125,2906.9853515625,2723.049560546875,2723.049560546875,35662
2020-01-09,2878.9951171875,2878.9951171875,2839.009033203125,2878.9951171875,26259
2020-01-10,2878.9951171875,2878.9951171875,2763.03564453125,2811.018798828125,38738
2020-01-13,2918.981201171875,2918.981201171875,2783.02880859375,2831.011962890625,63747
2020-01-14,2906.9853515625,2918.981201171875,2831.011962890625,2918.981201171875,12904
2020-01-15,2890.990966796875,2890.990966796875,2831.011962890625,2878.9951171875,12679
2020-01-16,2890.990966796875,2890.990966796875,2819.01611328125,2843.0078125,27334
2020-01-17,2839.009033203125,2906.9853515625,2807.020263671875,2906.9853515625,54268
2020-01-20,2874.99658203125,2878.9951171875,2835.010498046875,2878.9951171875,9903
2020-01-21,2878.9951171875,2878.9951171875,2874.99658203125,2874.99658203125,33261
2020-01-22,2954.96875,2958.96728515625,2839.009033203125,2839.009033203125,133871
2020-01-23,2954.96875,2954.96875,2954.96875,2954.96875,0
2020-01-24,2954.96875,2954.96875,2954.96875,2954.96875,0
2020-01-27,2954.96875,2954.96875,2954.96875,2954.96875,0
2020-01-28,2954.96875,2954.96875,2954.96875,2954.96875,0
2020-01-29,2954.96875,2954.96875,2954.96875,2954.96875,0
2020-01-30,2878.9951171875,2898.98828125,2878.9951171875,2898.98828125,25158
2020-01-31,2958.96728515625,2958.96728515625,2799.023193359375,2799.023193359375,300204
2020-02-03,2859.002197265625,2859.002197265625,2755.03857421875,2799.023193359375,282373
2020-02-04,2839.009033203125,2839.009033203125,2691.060791015625,2799.023193359375,114214
2020-02-05,2819.01611328125,2819.01611328125,2799.023193359375,2799.023193359375,27684
2020-02-06,2874.99658203125,2874.99658203125,2759.037109375,2799.023193359375,111388
2020-02-07,2775.031494140625,2874.99658203125,2775.031494140625,2874.99658203125,89581
2020-02-10,2827.013427734375,2835.010498046875,2759.037109375,2775.031494140625,25658
2020-02-11,2803.021728515625,2819.01611328125,2775.031494140625,2799.023193359375,66523
2020-02-12,2819.01611328125,2819.01611328125,2759.037109375,2795.0244140625,33361
2020-02-13,2819.01611328125,2819.01611328125,2779.030029296875,2799.023193359375,28785
2020-02-14,2815.017578125,2819.01611328125,2759.037109375,2819.01611328125,16230
2020-02-17,2799.023193359375,2815.017578125,2679.06494140625,2815.017578125,279022
2020-02-18,2791.02587890625,2799.023193359375,2711.0537109375,2763.03564453125,161456
2020-02-19,2799.023193359375,2799.023193359375,2719.051025390625,2791.02587890625,407192
2020-02-20,2795.0244140625,2799.023193359375,2739.0439453125,2799.023193359375,162231
2020-02-21,2787.02734375,2787.02734375,2739.0439453125,2751.039794921875,85529
2020-02-24,2699.05810546875,2759.037109375,2679.06494140625,2731.046875,175261
2020-02-25,2715.052490234375,2715.052490234375,2623.08447265625,2623.08447265625,15030
2020-02-26,2715.052490234375,2715.052490234375,2639.078857421875,2679.06494140625,54994
2020-02-27,2735.04541015625,2739.0439453125,2655.0732421875,2739.0439453125,49167
2020-02-28,2719.051025390625,2719.051025390625,2679.06494140625,2719.051025390625,69999
2020-03-02,2719.051025390625,2719.051025390625,2687.062255859375,2687.062255859375,93182
2020-03-03,2759.037109375,2803.021728515625,2699.05810546875,2803.021728515625,73325
2020-03-05,2799.023193359375,2835.010498046875,2759.037109375,2759.037109375,262391
2020-03-06,2791.02587890625,2791.02587890625,2727.04833984375,2763.03564453125,156554
2020-03-09,2679.06494140625,2759.037109375,2599.0927734375,2759.037109375,369829
2020-03-10,2743.042724609375,2743.042724609375,2559.10693359375,2639.078857421875,153778
2020-03-11,2679.06494140625,2719.051025390625,2587.09716796875,2719.051025390625,505776
2020-03-12,2591.095703125,2599.0927734375,2495.129150390625,2599.0927734375,357774
2020-03-13,2555.108154296875,2555.108154296875,2411.158447265625,2439.148681640625,255114
2020-03-16,2519.120849609375,2519.120849609375,2439.148681640625,2439.148681640625,105361
2020-03-17,2519.120849609375,2519.120849609375,2343.18212890625,2403.161376953125,364627
2020-03-18,2695.059326171875,2695.059326171875,2519.120849609375,2519.120849609375,546390
2020-03-19,2671.06787109375,2679.06494140625,2507.125,2559.10693359375,244235
2020-03-20,2591.095703125,2679.06494140625,2487.132080078125,2679.06494140625,513079
2020-03-23,2411.158447265625,2463.140380859375,2411.158447265625,2459.141845703125,292326
2020-03-24,2319.190673828125,2399.16259765625,2243.217041015625,2283.203125,180237
2020-03-25,2355.177978515625,2371.17236328125,2279.20458984375,2319.190673828125,354273
2020-03-26,2331.186279296875,2355.177978515625,2247.215576171875,2355.177978515625,217600
2020-03-27,2203.23095703125,2319.190673828125,2199.232421875,2199.232421875,356324
2020-03-30,2079.2744140625,2199.232421875,2051.2841796875,2199.232421875,1153902
2020-03-31,2119.26025390625,2119.26025390625,1975.310546875,1983.307861328125,75951
2020-04-01,2263.210205078125,2263.210205078125,2039.2882080078125,2039.2882080078125,66948
2020-04-02,2263.210205078125,2263.210205078125,2263.210205078125,2263.210205078125,0
2020-04-03,2299.197509765625,2303.196044921875,2195.23388671875,2199.232421875,184764
2020-04-06,2407.159912109375,2415.156982421875,2347.180908203125,2347.180908203125,215150
2020-04-07,2391.16552734375,2515.1220703125,2279.20458984375,2515.1220703125,160455
2020-04-08,2375.171142578125,2391.16552734375,2263.210205078125,2391.16552734375,325563
2020-04-09,2455.14306640625,2459.141845703125,2375.171142578125,2379.169677734375,173435
2020-04-10,2455.14306640625,2467.138916015625,2319.190673828125,2455.14306640625,225478
2020-04-13,2459.141845703125,2459.141845703125,2359.176513671875,2455.14306640625,119491
2020-04-14,2451.14453125,2455.14306640625,2359.176513671875,2455.14306640625,181788
2020-04-15,2535.115234375,2535.115234375,2439.148681640625,2439.148681640625,231230
2020-04-16,2515.1220703125,2519.120849609375,2447.14599609375,2499.127685546875,477666
2020-04-17,2499.127685546875,2499.127685546875,2451.14453125,2479.134765625,1043614
2020-04-20,2479.134765625,2499.127685546875,2439.148681640625,2463.140380859375,581827
2020-04-21,2363.17529296875,2471.137451171875,2319.190673828125,2419.15576171875,609412
2020-04-22,2363.17529296875,2391.16552734375,2299.197509765625,2339.18359375,496948
2020-04-23,2315.19189453125,2375.171142578125,2307.19482421875,2339.18359375,303080
2020-04-24,2319.190673828125,2319.190673828125,2287.20166015625,2315.19189453125,720401
2020-04-27,2275.205810546875,2359.176513671875,2259.21142578125,2359.176513671875,219401
2020-04-28,2275.205810546875,2295.198974609375,2199.232421875,2295.198974609375,471764
2020-04-29,2271.207275390625,2279.20458984375,2235.219970703125,2275.205810546875,298104
2020-04-30,2271.207275390625,2271.207275390625,2271.207275390625,2271.207275390625,0
2020-05-01,2271.207275390625,2271.207275390625,2271.207275390625,2271.207275390625,0
2020-05-04,2179.239501953125,2219.225341796875,2119.26025390625,2219.225341796875,468938
2020-05-05,2171.2421875,2179.239501953125,2123.259033203125,2123.259033203125,255589
2020-05-06,2227.22265625,2227.22265625,2143.251953125,2167.24365234375,398464
2020-05-07,2227.22265625,2231.22119140625,2163.2451171875,2227.22265625,248686
2020-05-08,2259.21142578125,2279.20458984375,2219.225341796875,2227.22265625,373155
2020-05-11,2287.20166015625,2307.19482421875,2239.218505859375,2243.217041015625,425623
2020-05-12,2419.15576171875,2439.148681640625,2279.20458984375,2287.20166015625,612538
2020-05-13,2399.16259765625,2419.15576171875,2379.169677734375,2419.15576171875,298904
2020-05-14,2439.148681640625,2451.14453125,2379.169677734375,2379.169677734375,302055
2020-05-15,2439.148681640625,2439.148681640625,2439.148681640625,2439.148681640625,0
2020-05-18,2439.148681640625,2439.148681640625,2439.148681640625,2439.148681640625,0
2020-05-19,2439.148681640625,2439.148681640625,2399.16259765625,2439.148681640625,293677
2020-05-20,2439.148681640625,2439.148681640625,2439.148681640625,2439.148681640625,0
2020-05-21,2503.12646484375,2511.12353515625,2459.141845703125,2459.141845703125,329014
2020-05-22,2515.1220703125,2515.1220703125,2451.14453125,2503.12646484375,317160
2020-05-25,2503.12646484375,2507.125,2471.137451171875,2507.125,323387
2020-05-26,2599.0927734375,2599.0927734375,2491.130615234375,2499.127685546875,552842
2020-05-27,2559.10693359375,2687.062255859375,2519.120849609375,2687.062255859375,499449
2020-05-28,2579.099853515625,2607.090087890625,2539.11376953125,2559.10693359375,246460
2020-05-29,2591.095703125,2595.09423828125,2479.134765625,2591.095703125,567197
2020-06-01,2739.0439453125,2767.0341796875,2591.095703125,2591.095703125,939652
2020-06-02,2739.0439453125,2779.030029296875,2679.06494140625,2779.030029296875,501750
2020-06-03,2739.0439453125,2739.0439453125,2647.076171875,2739.0439453125,223603
2020-06-04,2926.978515625,2926.978515625,2759.037109375,2759.037109375,1851821
2020-06-05,3038.939453125,3070.92822265625,2918.981201171875,2930.97705078125,931750
2020-06-08,3038.939453125,3038.939453125,3038.939453125,3038.939453125,0
2020-06-09,3038.939453125,3038.939453125,3038.939453125,3038.939453125,0
2020-06-10,3098.91845703125,3130.9072265625,2978.960205078125,3046.9365234375,918520
2020-06-11,2958.96728515625,3122.91015625,2958.96728515625,3022.945068359375,1049216
2020-06-12,2874.99658203125,2878.9951171875,2755.03857421875,2763.03564453125,692641
2020-06-15,2719.051025390625,2878.9951171875,2695.059326171875,2839.009033203125,702595
2020-06-16,2843.0078125,2874.99658203125,2691.060791015625,2874.99658203125,384609
2020-06-17,2819.01611328125,2855.003662109375,2799.023193359375,2843.0078125,375506
2020-06-18,2839.009033203125,2851.0048828125,2799.023193359375,2819.01611328125,306631
2020-06-19,2859.002197265625,2863.000732421875,2811.018798828125,2859.002197265625,185964
2020-06-22,2954.96875,2998.953369140625,2894.989501953125,2894.989501953125,600384
2020-06-23,3018.9462890625,3110.914306640625,2954.96875,2954.96875,747810
2020-06-24,3034.940673828125,3126.90869140625,2958.96728515625,3078.925537109375,1020130
2020-06-25,3074.9267578125,3074.9267578125,2938.974365234375,2938.974365234375,393187
2020-06-26,3058.932373046875,3058.932373046875,2898.98828125,3038.939453125,372730
2020-06-29,2918.981201171875,2998.953369140625,2847.00634765625,2926.978515625,467838
2020-06-30,2918.981201171875,2958.96728515625,2803.021728515625,2958.96728515625,251587
2020-07-01,2958.96728515625,2958.96728515625,2819.01611328125,2878.9951171875,198644
2020-07-02,2950.969970703125,2950.969970703125,2859.002197265625,2886.992431640625,192892
2020-07-03,2946.971435546875,2954.96875,2882.993896484375,2954.96875,64847
2020-07-06,2950.969970703125,2954.96875,2878.9951171875,2946.971435546875,115390
2020-07-07,2950.969970703125,2958.96728515625,2918.981201171875,2930.97705078125,182888
2020-07-08,2950.969970703125,2958.96728515625,2918.981201171875,2918.981201171875,317685
2020-07-09,2958.96728515625,2962.9658203125,2922.979736328125,2962.9658203125,417870
2020-07-10,2958.96728515625,2958.96728515625,2958.96728515625,2958.96728515625,0
2020-07-13,2946.971435546875,2950.969970703125,2918.981201171875,2946.971435546875,168383
2020-07-14,2946.971435546875,2950.969970703125,2843.0078125,2946.971435546875,199719
2020-07-15,2946.971435546875,2946.971435546875,2946.971435546875,2946.971435546875,0
2020-07-16,2926.978515625,2954.96875,2918.981201171875,2954.96875,259790
2020-07-17,2938.974365234375,2938.974365234375,2898.98828125,2906.9853515625,95158
2020-07-20,2898.98828125,2954.96875,2863.000732421875,2954.96875,179512
2020-07-21,2902.98681640625,2922.979736328125,2843.0078125,2918.981201171875,139298
2020-07-22,2878.9951171875,2898.98828125,2823.0146484375,2878.9951171875,304506
2020-07-23,2874.99658203125,2878.9951171875,2819.01611328125,2823.0146484375,89181
2020-07-24,2675.06640625,2874.99658203125,2675.06640625,2874.99658203125,1004175
2020-07-27,2491.130615234375,2539.11376953125,2491.130615234375,2491.130615234375,369703
2020-07-28,2559.10693359375,2579.099853515625,2359.176513671875,2359.176513671875,337842
2020-07-29,2511.12353515625,2519.120849609375,2383.168212890625,2519.120849609375,735506
2020-07-30,2519.120849609375,2539.11376953125,2479.134765625,2511.12353515625,148576
2020-07-31,2511.12353515625,2519.120849609375,2439.148681640625,2439.148681640625,195493
2020-08-03,2547.111083984375,2551.109619140625,2479.134765625,2511.12353515625,171059
2020-08-04,2539.11376953125,2579.099853515625,2511.12353515625,2579.099853515625,273820
2020-08-05,2559.10693359375,2579.099853515625,2527.117919921875,2571.1025390625,286024
2020-08-06,2563.10546875,2599.0927734375,2559.10693359375,2559.10693359375,414594
2020-08-07,2563.10546875,2591.095703125,2539.11376953125,2591.095703125,116315
2020-08-10,2575.101318359375,2595.09423828125,2567.10400390625,2595.09423828125,220426
2020-08-11,2575.101318359375,2579.099853515625,2523.119384765625,2579.099853515625,112414
2020-08-12,2559.10693359375,2579.099853515625,2551.109619140625,2575.101318359375,110688
2020-08-13,2591.095703125,2591.095703125,2559.10693359375,2559.10693359375,334491
2020-08-14,2551.109619140625,2579.099853515625,2547.111083984375,2579.099853515625,251512
2020-08-17,2551.109619140625,2559.10693359375,2531.11669921875,2559.10693359375,93882
2020-08-18,2547.111083984375,2551.109619140625,2487.132080078125,2551.109619140625,166383
2020-08-19,2599.0927734375,2619.0859375,2519.120849609375,2539.11376953125,538362
2020-08-20,2607.090087890625,2635.080322265625,2599.0927734375,2635.080322265625,569073
2020-08-21,2659.072021484375,2671.06787109375,2583.098388671875,2607.090087890625,400339
2020-08-24,2699.05810546875,2711.0537109375,2659.072021484375,2659.072021484375,276196
2020-08-25,2699.05810546875,2719.051025390625,2679.06494140625,2699.05810546875,326138
2020-08-26,2707.05517578125,2719.051025390625,2683.0634765625,2699.05810546875,177111
2020-08-27,2715.052490234375,2719.051025390625,2679.06494140625,2679.06494140625,148151
2020-08-28,2719.051025390625,2727.04833984375,2703.056640625,2719.051025390625,429024
2020-08-31,2699.05810546875,2751.039794921875,2691.060791015625,2719.051025390625,350297
2020-09-01,2719.051025390625,2719.051025390625,2671.06787109375,2699.05810546875,287225
2020-09-02,2719.051025390625,2719.051025390625,2719.051025390625,2719.051025390625,0
2020-09-03,2719.051025390625,2739.0439453125,2687.062255859375,2739.0439453125,377156
2020-09-04,2906.9853515625,2906.9853515625,2679.06494140625,2679.06494140625,1570397
2020-09-07,2922.979736328125,3038.939453125,2922.979736328125,2982.958984375,1207596
2020-09-08,2918.981201171875,2974.961669921875,2839.009033203125,2974.961669921875,468413
2020-09-09,2898.98828125,2914.982666015625,2799.023193359375,2878.9951171875,353673
2020-09-10,2902.98681640625,3010.94921875,2898.98828125,2898.98828125,549566
2020-09-11,2902.98681640625,2902.98681640625,2902.98681640625,2902.98681640625,0
2020-09-14,2938.974365234375,2958.96728515625,2918.981201171875,2958.96728515625,571474
2020-09-15,2970.963134765625,2990.9560546875,2922.979736328125,2938.974365234375,1098608
2020-09-16,2954.96875,2970.963134765625,2934.9755859375,2970.963134765625,499549
2020-09-17,2982.958984375,2986.95751953125,2938.974365234375,2986.95751953125,382858
2020-09-18,3070.92822265625,3074.9267578125,2958.96728515625,2982.958984375,1216474
2020-09-21,3082.924072265625,3114.912841796875,3050.935302734375,3114.912841796875,459060
2020-09-22,3026.943603515625,3070.92822265625,2982.958984375,3002.951904296875,695567
2020-09-23,3018.9462890625,3058.932373046875,3002.951904296875,3026.943603515625,419046
2020-09-24,3018.9462890625,3026.943603515625,2962.9658203125,3006.950439453125,424973
2020-09-25,3002.951904296875,3018.9462890625,2910.984130859375,3018.9462890625,669258
2020-09-28,3010.94921875,3030.942138671875,2938.974365234375,3002.951904296875,893786
2020-09-29,2998.953369140625,3058.932373046875,2978.960205078125,3050.935302734375,850946
2020-09-30,2990.9560546875,2998.953369140625,2962.9658203125,2998.953369140625,326914
2020-10-01,3118.911376953125,3166.894775390625,2990.9560546875,2990.9560546875,1815233
2020-10-02,3150.900390625,3162.89599609375,2998.953369140625,3154.89892578125,1355447
2020-10-05,3158.8974609375,3174.891845703125,3122.91015625,3122.91015625,842218
2020-10-06,3150.900390625,3158.8974609375,3118.911376953125,3158.8974609375,657904
2020-10-07,3106.91552734375,3146.901611328125,3098.91845703125,3142.903076171875,634071
2020-10-08,3102.9169921875,3118.911376953125,3038.939453125,3102.9169921875,685339
2020-10-09,3078.925537109375,3126.90869140625,3078.925537109375,3102.9169921875,626368
2020-10-12,3022.945068359375,3122.91015625,2914.982666015625,3118.911376953125,538312
2020-10-13,3022.945068359375,3038.939453125,2982.958984375,3006.950439453125,452557
2020-10-14,3038.939453125,3078.925537109375,2990.9560546875,3034.940673828125,435426
2020-10-15,3022.945068359375,3094.919921875,3006.950439453125,3038.939453125,374080
2020-10-16,3038.939453125,3042.93798828125,2998.953369140625,3038.939453125,378156
2020-10-19,3098.91845703125,3110.914306640625,3038.939453125,3038.939453125,897062
2020-10-20,3094.919921875,3110.914306640625,3038.939453125,3110.914306640625,399014
2020-10-21,3066.9296875,3098.91845703125,3046.9365234375,3098.91845703125,435426
2020-10-22,3038.939453125,3066.9296875,2978.960205078125,3066.9296875,553318
2020-10-23,3014.94775390625,3070.92822265625,3002.951904296875,3070.92822265625,352447
2020-10-26,2962.9658203125,3014.94775390625,2962.9658203125,3014.94775390625,866402
2020-10-27,2934.9755859375,2978.960205078125,2918.981201171875,2958.96728515625,321587
2020-10-28,2839.009033203125,2922.979736328125,2803.021728515625,2839.009033203125,319586
2020-10-29,2859.002197265625,2863.000732421875,2779.030029296875,2799.023193359375,224028
2020-10-30,2859.002197265625,2878.9951171875,2807.020263671875,2807.020263671875,77376
2020-11-02,2859.002197265625,2942.972900390625,2799.023193359375,2942.972900390625,148301
2020-11-03,2874.99658203125,2894.989501953125,2859.002197265625,2859.002197265625,116040
2020-11-04,2898.98828125,2898.98828125,2851.0048828125,2874.99658203125,125168
2020-11-05,2874.99658203125,2898.98828125,2839.009033203125,2851.0048828125,124618
2020-11-06,2866.999267578125,2898.98828125,2839.009033203125,2874.99658203125,213249
2020-11-09,2878.9951171875,2886.992431640625,2847.00634765625,2866.999267578125,103611
2020-11-10,2918.981201171875,2954.96875,2851.0048828125,2890.990966796875,435176
2020-11-11,2910.984130859375,2938.974365234375,2906.9853515625,2938.974365234375,413294
2020-11-12,2906.9853515625,2918.981201171875,2863.000732421875,2863.000732421875,95933
2020-11-13,2886.992431640625,2906.9853515625,2870.998046875,2906.9853515625,207222
2020-11-16,2942.972900390625,2998.953369140625,2898.98828125,2998.953369140625,408042
2020-11-17,3146.901611328125,3146.901611328125,2942.972900390625,2942.972900390625,2305454
2020-11-18,3366.824951171875,3366.824951171875,3278.855712890625,3290.8515625,2715022
2020-11-19,3558.758056640625,3598.743896484375,3478.785888671875,3598.743896484375,2981665
2020-11-20,3430.802490234375,3494.7802734375,3398.813720703125,3442.79833984375,1800753
2020-11-23,3514.773193359375,3578.7509765625,3430.802490234375,3430.802490234375,1255963
2020-11-24,3398.813720703125,3494.7802734375,3278.855712890625,3458.792724609375,1124042
2020-11-25,3346.83203125,3398.813720703125,3318.841796875,3398.813720703125,890460
2020-11-26,3458.792724609375,3518.77197265625,3322.84033203125,3346.83203125,746035
2020-11-27,3478.785888671875,3514.773193359375,3426.803955078125,3514.773193359375,440828
2020-11-30,3422.805419921875,3510.774658203125,3414.80810546875,3510.774658203125,844544
2020-12-01,3438.7998046875,3438.7998046875,3330.83740234375,3330.83740234375,2118389
2020-12-02,3678.716064453125,3678.716064453125,3438.7998046875,3438.7998046875,3498695
2020-12-03,3762.686767578125,3914.6337890625,3718.7021484375,3870.649169921875,1889809
2020-12-04,3698.708984375,3818.667236328125,3678.716064453125,3814.668701171875,1171233
2020-12-07,3798.67431640625,3858.6533203125,3678.716064453125,3698.708984375,2347193
2020-12-08,3902.637939453125,3906.636474609375,3778.68115234375,3798.67431640625,2606284
2020-12-09,4158.548828125,4158.548828125,3962.616943359375,3994.605712890625,3887131
2020-12-10,3958.618408203125,4198.53466796875,3958.618408203125,4118.5625,3492893
2020-12-11,4158.548828125,4158.548828125,3982.610107421875,4018.597412109375,1574924
2020-12-14,4438.45068359375,4438.45068359375,4198.53466796875,4398.46484375,2504998
2020-12-15,4398.46484375,4598.39501953125,4318.49267578125,4578.40185546875,3541360
2020-12-16,4398.46484375,4478.43701171875,4338.48583984375,4438.45068359375,3002572
2020-12-17,4438.45068359375,4498.43017578125,4338.48583984375,4478.43701171875,2487317
2020-12-18,4658.3740234375,4658.3740234375,4438.45068359375,4458.44384765625,3369825
2020-12-21,4978.2626953125,4978.2626953125,4918.28369140625,4978.2626953125,3183935
2020-12-22,5318.14404296875,5318.14404296875,5078.2275390625,5138.20654296875,3564893
2020-12-23,5198.185546875,5678.01806640625,5198.185546875,5518.07421875,3602631
2020-12-24,5298.15087890625,5438.10205078125,4838.3115234375,5198.185546875,3283445
2020-12-25,5658.025390625,5658.025390625,5198.185546875,5298.15087890625,4741254
2020-12-28,6037.892578125,6037.892578125,5917.9345703125,6017.89990234375,3663203
2020-12-29,6157.85107421875,6397.76708984375,5897.94140625,5997.90673828125,3446952
2020-12-30,5917.9345703125,6157.85107421875,5897.94140625,6157.85107421875,3212745
2020-12-31,6317.794921875,6317.794921875,5917.9345703125,5917.9345703125,3101432
2021-01-01,6317.794921875,6317.794921875,6317.794921875,6317.794921875,0
2021-01-04,6757.6416015625,6757.6416015625,6597.697265625,6717.6552734375,129670
2021-01-05,7177.4951171875,7217.48095703125,6877.599609375,6997.5576171875,479067
2021-01-06,7117.51611328125,7597.3486328125,6997.5576171875,7437.404296875,363251
2021-01-07,7137.5087890625,7297.453125,7117.51611328125,7257.46728515625,327789
2021-01-08,6997.5576171875,7377.42529296875,6957.57177734375,7377.42529296875,363826
2021-01-11,6837.61376953125,7117.51611328125,6837.61376953125,7037.5439453125,304906
2021-01-12,6817.62060546875,7077.52978515625,6577.7041015625,6597.697265625,267193
2021-01-13,6437.7529296875,7037.5439453125,6437.7529296875,7017.55078125,189266
2021-01-14,6877.599609375,6877.599609375,6397.76708984375,6677.66943359375,356099
2021-01-15,7277.4599609375,7357.43212890625,7117.51611328125,7357.43212890625,299429
2021-01-18,7137.5087890625,7277.4599609375,7017.55078125,7277.4599609375,281198
2021-01-19,6657.67626953125,7137.5087890625,6657.67626953125,7057.53662109375,269243
2021-01-20,6397.76708984375,6717.6552734375,6197.8369140625,6397.76708984375,472914
2021-01-21,6677.66943359375,6717.6552734375,6357.78125,6717.6552734375,184814
2021-01-22,6397.76708984375,6757.6416015625,6317.794921875,6757.6416015625,200995
2021-01-25,6297.8017578125,6417.76025390625,6037.892578125,6077.87890625,280047
2021-01-26,5857.95556640625,6137.85791015625,5857.95556640625,6117.86474609375,249912
2021-01-27,5458.09521484375,5797.9765625,5458.09521484375,5558.06005859375,206096
2021-01-28,5078.2275390625,5078.2275390625,5078.2275390625,5078.2275390625,101510
2021-01-29,5138.20654296875,5318.14404296875,4738.34619140625,4738.34619140625,329164
2021-02-01,4798.3251953125,5158.19970703125,4798.3251953125,4998.25537109375,220426
2021-02-02,4778.33251953125,4838.3115234375,4478.43701171875,4598.39501953125,174961
2021-02-03,5098.220703125,5098.220703125,4798.3251953125,4898.29052734375,236807
2021-02-04,5438.10205078125,5438.10205078125,5138.20654296875,5278.15771484375,294452
2021-02-05,5817.96923828125,5817.96923828125,5518.07421875,5518.07421875,276046
2021-02-08,5638.0322265625,6117.86474609375,5518.07421875,5877.94873046875,354223
2021-02-09,5638.0322265625,5638.0322265625,5638.0322265625,5638.0322265625,0
2021-02-10,5638.0322265625,5638.0322265625,5638.0322265625,5638.0322265625,0
2021-02-11,5638.0322265625,5638.0322265625,5638.0322265625,5638.0322265625,0
2021-02-12,5638.0322265625,5638.0322265625,5638.0322265625,5638.0322265625,0
2021-02-15,5638.0322265625,5638.0322265625,5638.0322265625,5638.0322265625,0
2021-02-16,5638.0322265625,5638.0322265625,5638.0322265625,5638.0322265625,0
2021-02-17,5997.90673828125,6037.892578125,5857.95556640625,5877.94873046875,263691
2021-02-18,5797.9765625,5997.90673828125,5718.00439453125,5957.92041015625,280172
2021-02-19,5797.9765625,5957.92041015625,5698.01123046875,5757.990234375,180738
2021-02-22,5797.9765625,5937.927734375,5757.990234375,5797.9765625,216475
2021-02-23,5937.927734375,5957.92041015625,5718.00439453125,5797.9765625,238608
2021-02-24,5937.927734375,5937.927734375,5937.927734375,5937.927734375,0
2021-02-25,6037.892578125,6217.830078125,5897.94140625,6177.84375,300955
2021-02-26,5977.91357421875,6037.892578125,5817.96923828125,5877.94873046875,165207
2021-03-01,6277.80908203125,6297.8017578125,5957.92041015625,6097.87158203125,327039
2021-03-02,6177.84375,6417.76025390625,6157.85107421875,6397.76708984375,270294
2021-03-03,6217.830078125,6297.8017578125,6157.85107421875,6177.84375,216475
2021-03-04,5897.94140625,6257.81591796875,5877.94873046875,6217.830078125,228804
2021-03-05,6157.85107421875,6197.8369140625,5797.9765625,5837.96240234375,301530
2021-03-08,6297.8017578125,6437.7529296875,6157.85107421875,6357.78125,418696
2021-03-09,6237.82275390625,6297.8017578125,6117.86474609375,6257.81591796875,264567
2021-03-10,6237.82275390625,6317.794921875,6157.85107421875,6197.8369140625,270194
2021-03-11,6657.67626953125,6657.67626953125,6277.80908203125,6437.7529296875,817935
2021-03-12,6717.6552734375,6957.57177734375,6517.72509765625,6757.6416015625,412418
2021-03-15,6757.6416015625,6917.58544921875,6617.6904296875,6757.6416015625,399839
2021-03-16,6557.71142578125,6797.62744140625,6497.732421875,6717.6552734375,406016
2021-03-17,6717.6552734375,6797.62744140625,6557.71142578125,6557.71142578125,367853
2021-03-18,6877.599609375,6997.5576171875,6797.62744140625,6837.61376953125,484544
2021-03-19,6897.5927734375,6997.5576171875,6757.6416015625,6877.599609375,247786
2021-03-22,6737.6484375,6937.57861328125,6717.6552734375,6917.58544921875,222202
2021-03-23,6517.72509765625,6717.6552734375,6317.794921875,6717.6552734375,448056
2021-03-24,6217.830078125,6477.7392578125,6177.84375,6357.78125,300479
2021-03-25,6137.85791015625,6357.78125,6077.87890625,6317.794921875,221677
2021-03-26,6257.81591796875,6277.80908203125,5797.9765625,6137.85791015625,248661
2021-03-29,6397.76708984375,6457.74609375,6277.80908203125,6437.7529296875,214724
2021-03-30,6497.732421875,6497.732421875,6337.7880859375,6477.7392578125,212824
2021-03-31,6617.6904296875,6777.634765625,6517.72509765625,6597.697265625,429199
2021-04-01,6877.599609375,6997.5576171875,6597.697265625,6717.6552734375,561520
2021-04-02,6917.58544921875,7037.5439453125,6837.61376953125,7037.5439453125,403290
2021-04-05,7017.55078125,7117.51611328125,6957.57177734375,6997.5576171875,341244
2021-04-06,6857.6064453125,6997.5576171875,6797.62744140625,6897.5927734375,343644
2021-04-07,6897.5927734375,6917.58544921875,6737.6484375,6837.61376953125,246686
2021-04-08,6877.599609375,6957.57177734375,6777.634765625,6957.57177734375,185789
2021-04-09,6797.62744140625,6877.599609375,6797.62744140625,6877.599609375,226554
2021-04-12,7017.55078125,7037.5439453125,6757.6416015625,6877.599609375,494247
2021-04-13,6877.599609375,7157.501953125,6837.61376953125,7157.501953125,455233
2021-04-14,6937.57861328125,6957.57177734375,6797.62744140625,6797.62744140625,236482
2021-04-15,6837.61376953125,6977.56494140625,6777.634765625,6917.58544921875,355474
2021-04-16,6617.6904296875,6897.5927734375,6437.7529296875,6837.61376953125,321987
2021-04-19,6697.66259765625,6757.6416015625,6497.732421875,6597.697265625,180588
2021-04-20,6617.6904296875,6877.599609375,6597.697265625,6797.62744140625,239258
2021-04-21,6617.6904296875,6617.6904296875,6617.6904296875,6617.6904296875,0
2021-04-22,6157.85107421875,6597.697265625,6157.85107421875,6357.78125,384409
2021-04-23,6357.78125,6357.78125,5957.92041015625,6157.85107421875,249311
2021-04-26,5997.90673828125,6357.78125,5997.90673828125,6357.78125,146976
2021-04-27,5837.96240234375,5997.90673828125,5777.9833984375,5957.92041015625,276021
2021-04-28,5837.96240234375,5957.92041015625,5797.9765625,5797.9765625,120767
2021-04-29,5837.96240234375,5977.91357421875,5837.96240234375,5977.91357421875,87405
2021-04-30,5837.96240234375,5837.96240234375,5837.96240234375,5837.96240234375,0
2021-05-03,5837.96240234375,5837.96240234375,5837.96240234375,5837.96240234375,0
2021-05-04,5777.9833984375,5797.9765625,5618.0390625,5638.0322265625,163957
2021-05-05,6177.84375,6177.84375,5797.9765625,5917.9345703125,244485
2021-05-06,6057.8857421875,6317.794921875,5957.92041015625,6177.84375,137097
2021-05-07,5897.94140625,6037.892578125,5777.9833984375,6017.89990234375,142824
2021-05-10,6197.8369140625,6197.8369140625,5757.990234375,5757.990234375,247486
2021-05-11,6177.84375,6317.794921875,6117.86474609375,6257.81591796875,218101
2021-05-12,6197.8369140625,6197.8369140625,5997.90673828125,5997.90673828125,100435
2021-05-13,6257.81591796875,6337.7880859375,6117.86474609375,6157.85107421875,347546
2021-05-14,6297.8017578125,6397.76708984375,6197.8369140625,6357.78125,172010
2021-05-17,6157.85107421875,6357.78125,6137.85791015625,6357.78125,165832
2021-05-18,6017.89990234375,6157.85107421875,5937.927734375,6157.85107421875,213174
2021-05-19,5957.92041015625,6017.89990234375,5917.9345703125,5997.90673828125,175711
2021-05-20,6357.78125,6357.78125,5857.95556640625,5957.92041015625,527484
2021-05-21,6477.7392578125,6717.6552734375,6437.7529296875,6517.72509765625,505876
2021-05-24,6617.6904296875,6677.66943359375,6397.76708984375,6477.7392578125,361726
2021-05-25,6897.5927734375,6997.5576171875,6597.697265625,6677.66943359375,716424
2021-05-26,6957.57177734375,7057.53662109375,6897.5927734375,6997.5576171875,463411
2021-05-27,6677.66943359375,7017.55078125,6597.697265625,6997.5576171875,384509
2021-05-28,7137.5087890625,7137.5087890625,6597.697265625,6677.66943359375,750911
2021-05-31,7617.34130859375,7617.34130859375,7617.34130859375,7617.34130859375,370979
2021-06-01,8137.16015625,8137.16015625,8137.16015625,8137.16015625,332491
2021-06-02,8437.0556640625,8517.02734375,7797.27880859375,7797.27880859375,1181637
2021-06-03,9016.8525390625,9016.8525390625,8756.943359375,8796.9296875,406991
2021-06-04,9596.650390625,9636.63671875,9196.7900390625,9596.650390625,792351
2021-06-07,8936.880859375,9356.734375,8936.880859375,9276.7626953125,8020048
2021-06-08,8936.880859375,8936.880859375,8936.880859375,8936.880859375,0
2021-06-09,8876.9013671875,8896.89453125,7737.2998046875,8317.09765625,9786914
2021-06-10,8477.041015625,8996.8603515625,8317.09765625,8796.9296875,3433948
2021-06-11,8597.0,8796.9296875,8197.138671875,8397.0693359375,4376276
2021-06-14,9036.845703125,9156.8037109375,8317.09765625,8477.041015625,8488461
2021-06-15,9136.8115234375,9376.7275390625,8876.9013671875,9036.845703125,5847790
2021-06-16,8916.8876953125,9196.7900390625,8816.9228515625,8996.8603515625,4226724
2021-06-17,8796.9296875,8916.8876953125,8557.013671875,8597.0,3392183
2021-06-18,8796.9296875,9036.845703125,8776.9365234375,8876.9013671875,2949529
2021-06-21,8756.943359375,9036.845703125,8696.96484375,8716.9580078125,3619512
2021-06-22,8796.9296875,8956.8740234375,8716.9580078125,8756.943359375,3333412
2021-06-23,8916.8876953125,9196.7900390625,8756.943359375,8796.9296875,5007747
2021-06-24,9236.7763671875,9416.7138671875,9036.845703125,9076.83203125,8045557
2021-06-25,9556.6650390625,9556.6650390625,9056.8388671875,9456.69921875,5939322
2021-06-28,9656.6298828125,9796.5810546875,9536.671875,9736.6015625,4701390
2021-06-29,9596.650390625,9836.5673828125,9456.69921875,9656.6298828125,5825532
2021-06-30,9276.7626953125,9596.650390625,9276.7626953125,9596.650390625,4100180
2021-07-01,9916.5390625,9916.5390625,9276.7626953125,9396.720703125,6439246
2021-07-02,10356.3857421875,10516.330078125,9996.5107421875,10356.3857421875,6711591
2021-07-05,10356.3857421875,10356.3857421875,10356.3857421875,10356.3857421875,0
2021-07-06,10356.3857421875,10356.3857421875,10356.3857421875,10356.3857421875,0
2021-07-07,10356.3857421875,10356.3857421875,10356.3857421875,10356.3857421875,0
2021-07-08,10356.3857421875,10356.3857421875,10356.3857421875,10356.3857421875,0
2021-07-09,8557.013671875,9236.7763671875,8557.013671875,8876.9013671875,5123537
2021-07-12,8557.013671875,8557.013671875,8557.013671875,8557.013671875,0
2021-07-13,8117.1669921875,8157.15283203125,7757.29248046875,8017.20166015625,5063266
2021-07-14,8117.1669921875,8117.1669921875,8117.1669921875,8117.1669921875,0
2021-07-15,8417.0625,8417.0625,7697.3134765625,7717.306640625,2967535
2021-07-16,8417.0625,8417.0625,8417.0625,8417.0625,0
2021-07-19,7717.306640625,8037.19482421875,7717.306640625,7917.23681640625,4320757
2021-07-20,8237.125,8237.125,7557.3623046875,7757.29248046875,3161102
2021-07-21,7997.208984375,8317.09765625,7937.22998046875,8317.09765625,1841392
2021-07-22,8157.15283203125,8217.1318359375,8037.19482421875,8157.15283203125,2457857
2021-07-23,8077.18115234375,8397.0693359375,8077.18115234375,8117.1669921875,4753908
2021-07-26,8137.16015625,8177.14599609375,7917.23681640625,8017.20166015625,2173508
2021-07-27,8237.125,8437.0556640625,8157.15283203125,8257.1181640625,2356822
2021-07-28,8177.14599609375,8277.111328125,8097.173828125,8137.16015625,1898412
2021-07-29,8477.041015625,8477.041015625,8197.138671875,8257.1181640625,3627765
2021-07-30,8676.9716796875,8716.9580078125,8557.013671875,8597.0,3792823
2021-08-02,8597.0,8776.9365234375,8437.0556640625,8597.0,3150849
2021-08-03,8916.8876953125,8916.8876953125,8517.02734375,8577.0068359375,4935221
2021-08-04,8916.8876953125,8916.8876953125,8916.8876953125,8916.8876953125,0
2021-08-05,8976.8671875,8996.8603515625,8736.951171875,8816.9228515625,2353321
2021-08-06,8756.943359375,8976.8671875,8716.9580078125,8976.8671875,3802826
2021-08-09,9176.796875,9196.7900390625,8616.9921875,8616.9921875,5485663
2021-08-10,9176.796875,9176.796875,9176.796875,9176.796875,0
2021-08-11,8996.8603515625,9316.748046875,8996.8603515625,9316.748046875,2984541
2021-08-12,8996.8603515625,9176.796875,8836.916015625,8916.8876953125,3347918
2021-08-13,9196.7900390625,9196.7900390625,8896.89453125,8916.8876953125,4932470
2021-08-16,9836.5673828125,9836.5673828125,9496.685546875,9576.6572265625,7995789
2021-08-17,9836.5673828125,9836.5673828125,9836.5673828125,9836.5673828125,0
2021-08-18,10036.4970703125,10276.4130859375,9756.5947265625,9796.5810546875,5767262
2021-08-19,10736.2529296875,10736.2529296875,9956.525390625,10016.50390625,8336408
2021-08-20,11356.0361328125,11475.9951171875,10796.232421875,11475.9951171875,15145534
2021-08-23,12135.7646484375,12135.7646484375,11356.0361328125,11356.0361328125,7678428
2021-08-24,11296.0576171875,12395.673828125,11296.0576171875,12375.6806640625,12503362
2021-08-25,11555.966796875,11595.953125,10676.2734375,10996.162109375,5918815
2021-08-26,11436.0087890625,11915.8408203125,11236.078125,11535.9736328125,3977637
2021-08-27,11715.9111328125,11715.9111328125,11116.1201171875,11236.078125,3792323
2021-08-30,11895.8486328125,11995.8134765625,11595.953125,11835.869140625,3994643
2021-08-31,11755.8974609375,12195.7431640625,11675.9248046875,11915.8408203125,4595853
2021-09-01,12135.7646484375,12195.7431640625,11555.966796875,11635.9384765625,6857642
2021-09-02,12135.7646484375,12135.7646484375,12135.7646484375,12135.7646484375,0
2021-09-03,12135.7646484375,12135.7646484375,12135.7646484375,12135.7646484375,0
2021-09-06,12795.5341796875,12975.4716796875,12315.7021484375,12395.673828125,4342014
2021-09-07,12635.58984375,12955.478515625,12435.66015625,12755.5478515625,4341014
2021-09-08,12635.58984375,12635.58984375,12635.58984375,12635.58984375,0
2021-09-09,12275.7158203125,12315.7021484375,12055.7919921875,12155.7578125,2440851
2021-09-10,12055.7919921875,12515.6318359375,12055.7919921875,12355.6875,2452355
2021-09-13,11635.9384765625,12155.7578125,11515.98046875,12035.7998046875,4465307
2021-09-14,11116.1201171875,11795.8828125,10996.162109375,11475.9951171875,4097429
2021-09-15,11376.029296875,11555.966796875,10796.232421875,10796.232421875,3286896
2021-09-16,11356.0361328125,11515.98046875,11276.064453125,11396.0224609375,1312958
2021-09-17,11835.869140625,11975.8203125,11356.0361328125,11356.0361328125,2300302
2021-09-20,11515.98046875,11995.8134765625,11436.0087890625,11915.8408203125,2750959
2021-09-21,11515.98046875,11515.98046875,11515.98046875,11515.98046875,0
2021-09-22,11515.98046875,11515.98046875,11515.98046875,11515.98046875,0
2021-09-23,11256.0712890625,11456.001953125,11196.0927734375,11396.0224609375,1890409
2021-09-24,11036.1484375,11276.064453125,11036.1484375,11276.064453125,142174603
2021-09-27,10516.330078125,11076.134765625,10516.330078125,11076.134765625,2697941
2021-09-28,11036.1484375,11036.1484375,10216.4345703125,10476.34375,1710846
2021-09-29,10796.232421875,10956.17578125,10716.259765625,10916.1904296875,803780
2021-09-30,10836.2177734375,10996.162109375,10816.224609375,10916.1904296875,777521
2021-10-01,10556.3154296875,10856.2109375,10436.357421875,10716.259765625,1833139
2021-10-04,10436.357421875,10776.2392578125,10196.44140625,10436.357421875,202145526
2021-10-05,11156.1064453125,11156.1064453125,10576.30859375,10596.3017578125,2516127
2021-10-06,11156.1064453125,11156.1064453125,11156.1064453125,11156.1064453125,0
2021-10-07,11376.029296875,11515.98046875,11036.1484375,11116.1201171875,1704344
2021-10-08,11376.029296875,11376.029296875,11376.029296875,11376.029296875,0
2021-10-11,11376.029296875,11376.029296875,11376.029296875,11376.029296875,0
2021-10-12,11396.0224609375,11595.953125,11336.0439453125,11555.966796875,1577300
2021-10-13,11276.064453125,11555.966796875,11136.11328125,11416.015625,1521030
2021-10-14,11276.064453125,11276.064453125,11276.064453125,11276.064453125,0
2021-10-15,11396.0224609375,11535.9736328125,11236.078125,11535.9736328125,1873903
2021-10-18,11396.0224609375,11396.0224609375,11396.0224609375,11396.0224609375,0
2021-10-19,11835.869140625,11955.8271484375,11595.953125,11755.8974609375,2799226
2021-10-20,11495.9873046875,11835.869140625,11396.0224609375,11835.869140625,1610811
2021-10-21,11316.05078125,11475.9951171875,11216.0859375,11475.9951171875,1882406
2021-10-22,10916.1904296875,11316.05078125,10796.232421875,11156.1064453125,4111934
2021-10-25,10916.1904296875,10916.1904296875,10916.1904296875,10916.1904296875,0
2021-10-26,10916.1904296875,10916.1904296875,10916.1904296875,10916.1904296875,0
2021-10-27,10916.1904296875,10916.1904296875,10916.1904296875,10916.1904296875,0
2021-10-28,11475.9951171875,11715.9111328125,11276.064453125,11276.064453125,3251884
2021-10-29,11535.9736328125,11695.91796875,11276.064453125,11475.9951171875,3020303
2021-11-01,11535.9736328125,11535.9736328125,11535.9736328125,11535.9736328125,0
2021-11-02,12795.5341796875,12675.576171875,12435.66015625,12795.5341796875,5418640
2021-11-03,11835.869140625,12795.5341796875,11835.869140625,12795.5341796875,6686082
2021-11-04,12655.5830078125,12655.5830078125,11995.8134765625,12115.771484375,8068565
2021-11-05,12975.4716796875,13315.3525390625,12835.5205078125,13155.408203125,5797522
2021-11-08,13875.1572265625,13875.1572265625,12875.505859375,12875.505859375,6410986
2021-11-09,14474.9482421875,14474.9482421875,13595.2548828125,13875.1572265625,5757758
2021-11-10,14494.94140625,14754.8505859375,14175.052734375,14394.9755859375,4082174
2021-11-11,15194.697265625,15494.591796875,14235.0322265625,14474.9482421875,7045458
2021-11-12,16254.3271484375,16254.3271484375,14994.7666015625,15314.6552734375,9108177
2021-11-15,16794.138671875,17373.935546875,15454.6064453125,17094.033203125,5917064
2021-11-16,17194.0,17873.76171875,15994.41796875,15994.41796875,7341061
2021-11-17,17114.02734375,17793.7890625,16794.138671875,17194.0,6148395
2021-11-18,18293.615234375,18293.615234375,17074.041015625,17353.943359375,4900959
2021-11-19,17793.7890625,18993.37109375,17014.0625,18293.615234375,7624410
2021-11-22,17034.0546875,18193.650390625,17034.0546875,17793.7890625,6242177
2021-11-23,17793.7890625,17933.740234375,16234.333984375,16834.125,4879202
2021-11-24,17993.720703125,18173.65625,17593.859375,18153.6640625,4962231
2021-11-25,18993.37109375,19073.34375,17433.916015625,17993.720703125,5740252
2021-11-26,18793.44140625,19493.197265625,18313.607421875,19113.330078125,4418041
2021-11-29,18953.384765625,18953.384765625,18233.63671875,18593.509765625,3163853
2021-11-30,18393.580078125,19193.30078125,18313.607421875,19033.357421875,5274340
2021-12-01,17833.775390625,18593.509765625,17793.7890625,18473.552734375,3892358
2021-12-02,17553.873046875,17993.720703125,17513.88671875,17833.775390625,3393183
2021-12-03,16334.298828125,17533.880859375,16334.298828125,17533.880859375,5476660
2021-12-06,15194.697265625,16314.3056640625,15194.697265625,16314.3056640625,4942974
2021-12-07,15394.626953125,15594.5576171875,14195.0458984375,15234.6826171875,6406235
2021-12-08,15794.4873046875,16234.333984375,15474.599609375,15554.5712890625,2665930
2021-12-09,16234.333984375,16234.333984375,15674.529296875,15714.515625,1708346
2021-12-10,15834.4736328125,16194.34765625,15754.501953125,16194.34765625,2658677
2021-12-13,16234.333984375,16554.22265625,15594.5576171875,15994.41796875,2959032
2021-12-14,16294.3134765625,16754.15234375,16034.4033203125,16314.3056640625,3453454
2021-12-15,16034.4033203125,16354.2919921875,16034.4033203125,16074.3896484375,2094480
2021-12-16,15634.54296875,16114.3759765625,15634.54296875,16074.3896484375,2440351
2021-12-17,16554.22265625,16634.1953125,15594.5576171875,15594.5576171875,3807078
2021-12-20,17054.048828125,17393.9296875,16474.25,16794.138671875,3237379
2021-12-21,16694.173828125,16994.068359375,16614.201171875,16794.138671875,1827387
2021-12-22,16314.3056640625,16874.111328125,16234.333984375,16694.173828125,3196615
2021-12-23,15314.6552734375,16154.3623046875,15174.7041015625,16154.3623046875,3949377
2021-12-24,15874.4599609375,15874.4599609375,15314.6552734375,15534.578125,1795876
2021-12-27,16034.4033203125,16554.22265625,15914.4453125,16554.22265625,1617314
2021-12-28,16094.3828125,16234.333984375,15914.4453125,16034.4033203125,2293800
2021-12-29,17213.9921875,17213.9921875,15974.4248046875,15974.4248046875,5522676
2021-12-30,18413.57421875,18413.57421875,17553.873046875,18013.712890625,4892456
2021-12-31,18533.53125,19153.314453125,18113.677734375,18953.384765625,5572944
2022-01-03,18533.53125,18533.53125,18533.53125,18533.53125,0
2022-01-04,19113.330078125,19113.330078125,18393.580078125,18533.53125,5430894
2022-01-05,19953.037109375,20432.869140625,19113.330078125,19193.30078125,6073368
2022-01-06,19673.134765625,20712.771484375,19433.216796875,19953.037109375,4933971
2022-01-07,19193.30078125,19893.056640625,19073.34375,19673.134765625,4980487
2022-01-10,17853.76953125,19633.1484375,17853.76953125,18993.37109375,8006543
2022-01-11,16794.138671875,18113.677734375,16794.138671875,17533.880859375,5395382
2022-01-12,17953.734375,17953.734375,16594.208984375,16794.138671875,6088624
2022-01-13,17313.95703125,18433.56640625,17194.0,18393.580078125,3608759
2022-01-14,17793.7890625,18033.705078125,16594.208984375,16994.068359375,2237780
2022-01-17,16554.22265625,17753.802734375,16554.22265625,17673.83203125,4551087
2022-01-18,15414.6201171875,15914.4453125,15414.6201171875,15414.6201171875,3895859
2022-01-19,15434.61328125,15954.431640625,14794.8359375,15794.4873046875,3312655
2022-01-20,15834.4736328125,16154.3623046875,14834.822265625,15514.5849609375,1749110
2022-01-21,15274.6689453125,15874.4599609375,15254.67578125,15874.4599609375,2198767
2022-01-24,14215.0390625,14834.822265625,14215.0390625,14794.8359375,2486367
2022-01-25,13515.283203125,13915.1435546875,13235.380859375,13235.380859375,3053565
2022-01-26,13875.1572265625,14374.9833984375,13555.26953125,13595.2548828125,2328812
2022-01-27,14195.0458984375,14794.8359375,13835.1708984375,13875.1572265625,2138996
2022-01-28,13955.1298828125,14354.990234375,13435.310546875,14015.1083984375,2059218
2022-01-31,13955.1298828125,13955.1298828125,13955.1298828125,13955.1298828125,0
2022-02-01,13955.1298828125,13955.1298828125,13955.1298828125,13955.1298828125,0
2022-02-02,13955.1298828125,13955.1298828125,13955.1298828125,13955.1298828125,0
2022-02-03,13955.1298828125,13955.1298828125,13955.1298828125,13955.1298828125,0
2022-02-04,13955.1298828125,13955.1298828125,13955.1298828125,13955.1298828125,0
2022-02-07,14235.0322265625,14634.892578125,14215.0390625,14315.00390625,1403989
2022-02-08,14614.8994140625,14774.84375,14035.1015625,14235.0322265625,1567046
2022-02-09,15174.7041015625,15414.6201171875,14514.9345703125,14514.9345703125,1993195
2022-02-10,14974.7734375,15434.61328125,14834.822265625,15194.697265625,1699342
2022-02-11,15034.7529296875,15194.697265625,14794.8359375,14814.8291015625,1278195
2022-02-14,14195.0458984375,14994.7666015625,14195.0458984375,14994.7666015625,2675183
2022-02-15,14195.0458984375,14195.0458984375,14195.0458984375,14195.0458984375,0
2022-02-16,14654.8857421875,14774.84375,14354.990234375,14354.990234375,1224677
2022-02-17,14574.9130859375,14794.8359375,14474.9482421875,14794.8359375,1063871
2022-02-18,14874.80859375,14974.7734375,14394.9755859375,14394.9755859375,2003448
2022-02-21,15434.61328125,15554.5712890625,14994.7666015625,14994.7666015625,2922769
2022-02-22,15054.74609375,15314.6552734375,14834.822265625,15074.73828125,2837740
2022-02-23,15174.7041015625,15374.6337890625,15094.7314453125,15254.67578125,1261940
2022-02-24,15354.640625,15674.529296875,14594.90625,14994.7666015625,3930871
2022-02-25,16234.333984375,16394.27734375,15434.61328125,15594.5576171875,4524578
2022-02-28,16314.3056640625,16594.208984375,16234.333984375,16234.333984375,2483616
2022-03-01,16194.34765625,16354.2919921875,15914.4453125,16354.2919921875,2960532
2022-03-02,15754.501953125,16234.333984375,15354.640625,15914.4453125,3757560
2022-03-03,15994.41796875,15994.41796875,15514.5849609375,15834.4736328125,2019204
2022-03-04,15994.41796875,16494.244140625,15994.41796875,16234.333984375,2668931
2022-03-07,15714.515625,15914.4453125,15614.55078125,15794.4873046875,2091729
2022-03-08,15474.599609375,16114.3759765625,15394.626953125,15394.626953125,1983191
2022-03-09,15234.6826171875,15634.54296875,14474.9482421875,15594.5576171875,2183761
2022-03-10,15434.61328125,15874.4599609375,15394.626953125,15874.4599609375,1035111
2022-03-11,14874.80859375,15434.61328125,14874.80859375,15434.61328125,1728853
2022-03-14,14235.0322265625,14914.794921875,14195.0458984375,14874.80859375,2054466
2022-03-15,14394.9755859375,14634.892578125,14175.052734375,14175.052734375,737757
2022-03-16,14594.90625,14714.8642578125,14434.9619140625,14514.9345703125,601709
2022-03-17,14574.9130859375,14754.8505859375,14554.919921875,14714.8642578125,697993
2022-03-18,14774.84375,14914.794921875,14554.919921875,14594.90625,991345
2022-03-21,14994.7666015625,15114.724609375,14914.794921875,14994.7666015625,668983
2022-03-22,15354.640625,15374.6337890625,15074.73828125,15074.73828125,1631819
2022-03-23,15074.73828125,15474.599609375,14994.7666015625,15474.599609375,1595056
2022-03-24,14974.7734375,15194.697265625,14874.80859375,15074.73828125,1100634
2022-03-25,14834.822265625,15274.6689453125,14814.8291015625,15274.6689453125,1651826
2022-03-28,14531.728515625,15287.46484375,14207.8408203125,14898.7998046875,1573465
2022-03-29,14769.2451171875,14898.7998046875,14553.3203125,14553.3203125,831771
2022-03-30,14596.505859375,15071.5400390625,14510.1357421875,14510.1357421875,1186756
2022-03-31,14531.728515625,14898.7998046875,14466.951171875,14639.6904296875,653468
2022-04-01,14963.5771484375,14963.5771484375,14294.2109375,14466.951171875,1281928
2022-04-04,16000.015625,16000.015625,15071.5400390625,15244.279296875,5042963
2022-04-05,15676.12890625,16410.2734375,15654.5361328125,15935.23828125,2425614
2022-04-06,15762.4990234375,15978.4228515625,15568.1669921875,15568.1669921875,1601253
2022-04-07,15330.6494140625,15956.8310546875,15330.6494140625,15935.23828125,2584003
2022-04-08,14466.951171875,15438.611328125,14466.951171875,15330.6494140625,1712171
2022-04-11,14466.951171875,14466.951171875,14466.951171875,14466.951171875,0
2022-04-12,14164.65625,14834.0224609375,14164.65625,14834.0224609375,1118677
2022-04-13,14466.951171875,14898.7998046875,13689.6220703125,14229.43359375,1173789
2022-04-14,14099.87890625,14682.8759765625,14078.2861328125,14423.765625,869516
2022-04-15,13775.9921875,14315.8037109375,13775.9921875,13883.9541015625,958204
2022-04-18,12825.923828125,13646.4375,12825.923828125,13387.328125,2728961
2022-04-19,11940.6328125,12955.478515625,11940.6328125,12869.1083984375,1354176
2022-04-20,11271.2666015625,12134.96484375,11271.2666015625,11875.85546875,1219406
2022-04-21,11573.560546875,11875.85546875,10796.232421875,10796.232421875,1994445
2022-04-22,11573.560546875,12091.7802734375,11228.0810546875,11789.4853515625,975571
2022-04-25,10774.6396484375,11832.669921875,10774.6396484375,11832.669921875,1035083
2022-04-26,10753.046875,10882.6015625,10040.49609375,10083.6806640625,1710318
2022-04-27,10753.046875,10796.232421875,10148.4580078125,10774.6396484375,841497
2022-04-28,10709.8623046875,11120.119140625,10709.8623046875,10839.4169921875,697928
2022-04-29,10882.6015625,11012.15625,10537.1220703125,10709.8623046875,977887
2022-05-02,10882.6015625,10882.6015625,10882.6015625,10882.6015625,0
2022-05-03,10882.6015625,10882.6015625,10882.6015625,10882.6015625,0
2022-05-04,10364.3828125,10968.9716796875,10148.4580078125,10796.232421875,878315
2022-05-05,10256.419921875,10580.3076171875,9824.5712890625,10558.71484375,1114972
2022-05-06,9543.869140625,10083.6806640625,9543.869140625,10083.6806640625,1082553
2022-05-09,8896.0947265625,9435.9072265625,8896.0947265625,8982.46484375,810699
2022-05-10,8550.6162109375,8896.0947265625,8291.505859375,8291.505859375,2549269
2022-05-11,8766.5400390625,8809.7255859375,8507.4306640625,8809.7255859375,913513
2022-05-12,8161.951171875,8636.9853515625,8161.951171875,8636.9853515625,905640
2022-05-13,7600.54736328125,8248.3212890625,7600.54736328125,7859.65673828125,1886537
2022-05-16,7773.287109375,8118.7666015625,7773.287109375,7989.21142578125,1991667
2022-05-17,8313.0986328125,8313.0986328125,7773.287109375,7773.287109375,1510249
2022-05-18,8593.80078125,8852.91015625,8421.060546875,8421.060546875,2161633
2022-05-19,9155.205078125,9176.796875,8334.69140625,8464.24609375,2792872
2022-05-20,9198.3896484375,9500.6845703125,9068.8349609375,9198.3896484375,1855508
2022-05-23,8636.9853515625,9284.759765625,8572.2080078125,9241.57421875,1839299
2022-05-24,8852.91015625,8852.91015625,8118.7666015625,8464.24609375,1642239
2022-05-25,9371.12890625,9371.12890625,8852.91015625,8852.91015625,1639924
2022-05-26,9630.2392578125,9824.5712890625,9371.12890625,9500.6845703125,1732085
2022-05-27,9522.2763671875,9716.6083984375,9414.314453125,9500.6845703125,1237237
2022-05-30,9479.091796875,9716.6083984375,9327.9443359375,9543.869140625,1319210
2022-05-31,9349.537109375,9587.0537109375,9198.3896484375,9435.9072265625,1288412
2022-06-01,9349.537109375,9587.0537109375,9068.8349609375,9435.9072265625,1048050
2022-06-02,9349.537109375,9349.537109375,9349.537109375,9349.537109375,0
2022-06-03,9155.205078125,9327.9443359375,9068.8349609375,9198.3896484375,1018410
2022-06-06,9068.8349609375,9500.6845703125,8917.6875,9155.205078125,1467410
2022-06-07,8766.5400390625,9198.3896484375,8550.6162109375,8874.5029296875,1406046
2022-06-08,9112.01953125,9241.57421875,8723.35546875,9068.8349609375,1442864
2022-06-09,9219.982421875,9284.759765625,9068.8349609375,9284.759765625,726179
2022-06-10,8723.35546875,9198.3896484375,8636.9853515625,9198.3896484375,1001506
2022-06-13,8118.7666015625,8421.060546875,8118.7666015625,8248.3212890625,1535952
2022-06-14,7643.732421875,8118.7666015625,7600.54736328125,7773.287109375,945931
2022-06-15,7125.51318359375,7773.287109375,7125.51318359375,7773.287109375,1678826
2022-06-16,6736.8486328125,7470.99267578125,6628.88623046875,7341.43798828125,1265024
2022-06-17,6283.4072265625,6434.55419921875,6283.4072265625,6326.591796875,996412
2022-06-20,5851.5576171875,6477.7392578125,5851.5576171875,6218.62939453125,1477830
2022-06-21,5873.150390625,6240.22216796875,5462.8935546875,5570.85546875,1430591
2022-06-22,6283.4072265625,6283.4072265625,6045.89013671875,6175.44482421875,1259004
2022-06-23,6261.814453125,6304.99951171875,6153.85205078125,6175.44482421875,681719
2022-06-24,6391.369140625,6520.92431640625,6261.814453125,6261.814453125,1170547
2022-06-27,6823.21875,6823.21875,6434.55419921875,6434.55419921875,1668869
2022-06-28,6909.58837890625,7125.51318359375,6909.58837890625,7017.55078125,1548225
2022-06-29,7060.73583984375,7168.6982421875,6758.44140625,6823.21875,1059860
2022-06-30,6585.70166015625,7060.73583984375,6585.70166015625,6974.36572265625,1714023
2022-07-01,6909.58837890625,7039.14306640625,6283.4072265625,6434.55419921875,1427581
2022-07-04,7211.8828125,7298.2529296875,7039.14306640625,7125.51318359375,1617462
2022-07-05,7060.73583984375,7298.2529296875,6974.36572265625,7211.8828125,1601947
2022-07-06,6693.6640625,7060.73583984375,6650.47900390625,6823.21875,1313884
2022-07-07,6585.70166015625,6823.21875,6391.369140625,6650.47900390625,1066344
2022-07-08,6995.95849609375,7039.14306640625,6693.6640625,6866.4033203125,1376406
2022-07-11,6995.95849609375,7190.29052734375,6909.58837890625,6995.95849609375,1863844
2022-07-12,6995.95849609375,6995.95849609375,6995.95849609375,6995.95849609375,0
2022-07-13,7255.06787109375,7470.99267578125,7255.06787109375,7341.43798828125,1054766
2022-07-14,7751.6943359375,7751.6943359375,7125.51318359375,7168.6982421875,2651619
2022-07-15,7643.732421875,7924.43408203125,7643.732421875,7859.65673828125,1383584
2022-07-18,7622.1396484375,7838.064453125,7622.1396484375,7773.287109375,1121919
2022-07-19,7470.99267578125,7622.1396484375,7255.06787109375,7600.54736328125,1448422
2022-07-20,7967.619140625,7989.21142578125,7557.3623046875,7686.9169921875,2312843
2022-07-21,7816.47216796875,7946.02685546875,7773.287109375,7946.02685546875,921617
2022-07-22,7622.1396484375,7946.02685546875,7622.1396484375,7816.47216796875,1355333
2022-07-25,7622.1396484375,7838.064453125,7363.0302734375,7470.99267578125,1256225
2022-07-26,7427.8076171875,7751.6943359375,7427.8076171875,7600.54736328125,719695
2022-07-27,7600.54736328125,7686.9169921875,7276.66015625,7341.43798828125,1558414
2022-07-28,7881.24951171875,8032.396484375,7773.287109375,7773.287109375,1968742
2022-07-29,7989.21142578125,8183.5439453125,7838.064453125,7967.619140625,1975920
2022-08-01,8529.0234375,8529.0234375,8032.396484375,8032.396484375,2667828
2022-08-02,8701.7626953125,8852.91015625,8507.4306640625,8636.9853515625,3434994
2022-08-03,8982.46484375,9068.8349609375,8572.2080078125,8572.2080078125,2247311
2022-08-04,9004.0576171875,9198.3896484375,8809.7255859375,9112.01953125,1935165
2022-08-05,9500.6845703125,9500.6845703125,8809.7255859375,8896.0947265625,3002667
2022-08-08,9457.4990234375,9716.6083984375,9371.12890625,9565.4619140625,2117173
2022-08-09,9500.6845703125,9716.6083984375,9284.759765625,9457.4990234375,1505617
2022-08-10,9457.4990234375,9630.2392578125,9371.12890625,9479.091796875,1336808
2022-08-11,9068.8349609375,9695.0166015625,8896.0947265625,9587.0537109375,4012511
2022-08-12,9522.2763671875,9522.2763671875,8982.46484375,9068.8349609375,2775505
2022-08-15,9587.0537109375,9716.6083984375,9500.6845703125,9716.6083984375,1489176
2022-08-16,9975.71875,9997.310546875,9479.091796875,9543.869140625,3317129
2022-08-17,10170.05078125,10364.3828125,10062.087890625,10191.642578125,3008225
2022-08-18,10515.5302734375,10709.8623046875,9997.310546875,10083.6806640625,2706499
2022-08-19,10364.3828125,10645.0849609375,10105.2734375,10537.1220703125,3005678
2022-08-22,9889.3486328125,10407.5673828125,9889.3486328125,10364.3828125,2911200
2022-08-23,10364.3828125,10364.3828125,9651.8310546875,9651.8310546875,3099692
2022-08-24,10817.3076171875,10817.3076171875,10489.5107421875,10516.8271484375,3080197
2022-08-25,10981.2060546875,11199.7373046875,10899.2568359375,11199.7373046875,1738696
2022-08-26,10708.0419921875,11063.1552734375,10680.7255859375,10899.2568359375,1979577
2022-08-29,10434.8779296875,10598.7763671875,9997.814453125,10189.029296875,3484349
2022-08-30,10161.712890625,10708.0419921875,10161.712890625,10598.7763671875,1299584
2022-08-31,10434.8779296875,10626.0927734375,10107.080078125,10107.080078125,1284208
2022-09-01,10434.8779296875,10434.8779296875,10434.8779296875,10434.8779296875,0
2022-09-02,10434.8779296875,10434.8779296875,10434.8779296875,10434.8779296875,0
2022-09-05,10544.1435546875,10653.4091796875,10407.5615234375,10544.1435546875,1124414
2022-09-06,10653.4091796875,10817.3076171875,10407.5615234375,10571.4599609375,1437962
2022-09-07,10270.9794921875,10789.9912109375,10243.662109375,10626.0927734375,2437726
2022-09-08,10161.712890625,10489.5107421875,10107.080078125,10489.5107421875,1123316
2022-09-09,10352.9287109375,10352.9287109375,9560.751953125,10352.9287109375,1677927
2022-09-12,10189.029296875,10434.8779296875,10161.712890625,10352.9287109375,703239
2022-09-13,10189.029296875,10243.662109375,9997.814453125,10216.345703125,941374
2022-09-14,10489.5107421875,10489.5107421875,9806.599609375,9833.916015625,1671704
2022-09-15,10380.2451171875,10598.7763671875,10325.6123046875,10489.5107421875,851319
2022-09-16,9833.916015625,10325.6123046875,9833.916015625,10216.345703125,1212273
2022-09-19,9151.0048828125,9833.916015625,9151.0048828125,9833.916015625,1804042
2022-09-20,9451.486328125,9506.119140625,8768.5751953125,9287.587890625,1268467
2022-09-21,9342.220703125,9478.802734375,9151.0048828125,9396.853515625,369191
2022-09-22,9751.966796875,9833.916015625,9178.3212890625,9287.587890625,1478780
2022-09-23,9724.650390625,10025.130859375,9670.017578125,9697.333984375,1016055
2022-09-26,9069.0556640625,9560.751953125,9069.0556640625,9396.853515625,1437962
2022-09-27,9069.0556640625,9287.587890625,8987.1064453125,9287.587890625,668462
2022-09-28,9069.0556640625,9342.220703125,8959.7900390625,9014.4228515625,1219229
2022-09-29,8522.7275390625,9342.220703125,8522.7275390625,9342.220703125,834479
2022-09-30,8987.1064453125,9096.3720703125,8003.71484375,8304.1962890625,1471641
2022-10-03,8358.8291015625,8959.7900390625,8358.8291015625,8823.2080078125,883168
2022-10-04,8003.71484375,8631.9931640625,8003.71484375,8413.4619140625,1095311
2022-10-05,8386.1455078125,8468.0947265625,8140.29736328125,8140.29736328125,644483
2022-10-06,7812.5,8468.0947265625,7812.5,8468.0947265625,992259
2022-10-07,7266.17138671875,7757.8671875,7266.17138671875,7484.70263671875,1038019
2022-10-10,7539.33544921875,7621.28515625,6856.4248046875,6856.4248046875,918311
2022-10-11,7020.3232421875,7593.96875,7020.3232421875,7539.33544921875,767486
2022-10-12,7211.53857421875,7457.38623046875,6829.1083984375,6829.1083984375,974871
2022-10-13,7238.85498046875,7348.12060546875,7129.58935546875,7238.85498046875,364249
2022-10-14,7484.70263671875,7648.6015625,7430.06982421875,7484.70263671875,1108307
2022-10-17,7375.43701171875,7484.70263671875,7156.90576171875,7375.43701171875,526240
2022-10-18,7430.06982421875,7703.234375,7430.06982421875,7593.96875,885181
2022-10-19,7430.06982421875,7593.96875,7430.06982421875,7539.33544921875,623617
2022-10-20,7184.22216796875,7430.06982421875,7129.58935546875,7293.48779296875,1318254
2022-10-21,6692.5263671875,7211.53857421875,6692.5263671875,7211.53857421875,1167063
2022-10-24,6228.14697265625,6774.4755859375,6228.14697265625,6583.26025390625,1184451
2022-10-25,6009.615234375,6555.94384765625,5818.400390625,5845.716796875,3438223
2022-10-26,5599.86865234375,6146.19775390625,5599.86865234375,6146.19775390625,1590251
2022-10-27,5982.298828125,5982.298828125,5572.55224609375,5818.400390625,2047668
2022-10-28,6118.88134765625,6282.77978515625,6064.248046875,6064.248046875,1576157
2022-10-31,6091.564453125,6364.72900390625,5763.767578125,6064.248046875,1553460
2022-11-01,6473.99462890625,6501.31103515625,6118.88134765625,6337.41259765625,2581962
2022-11-02,6473.99462890625,6637.8935546875,6337.41259765625,6501.31103515625,1251993
2022-11-03,6364.72900390625,6555.94384765625,6228.14697265625,6364.72900390625,1640038
2022-11-04,5927.666015625,6337.41259765625,5927.666015625,6255.46337890625,2094526
2022-11-07,5517.91943359375,5982.298828125,5517.91943359375,5927.666015625,2031011
2022-11-08,5545.23583984375,5681.818359375,5255.681640625,5255.681640625,910990
2022-11-09,5490.60302734375,5763.767578125,5354.02099609375,5681.818359375,691708
2022-11-10,5108.1728515625,5463.28662109375,5108.1728515625,5463.28662109375,1182438
2022-11-11,4753.0595703125,5277.53515625,4753.0595703125,5135.48974609375,1668226
2022-11-14,4425.26220703125,4561.84423828125,4425.26220703125,4452.57861328125,1667494
2022-11-15,4119.318359375,4212.19384765625,4119.318359375,4152.09814453125,613550
2022-11-16,4403.4091796875,4403.4091796875,3835.227294921875,3835.227294921875,2272624
2022-11-17,4709.35302734375,4709.35302734375,4507.21142578125,4507.21142578125,975237
2022-11-18,4922.42138671875,4971.5908203125,4452.57861328125,4796.765625,1503124
2022-11-21,4851.3984375,5108.1728515625,4807.6923828125,4971.5908203125,1309468
2022-11-22,4889.6416015625,5184.6591796875,4807.6923828125,4851.3984375,1716732
2022-11-23,4550.91796875,5020.76025390625,4550.91796875,4835.0087890625,1108124
2022-11-24,4600.08740234375,4698.4267578125,4425.26220703125,4479.89501953125,806291
2022-11-25,4916.9580078125,4916.9580078125,4703.8896484375,4753.0595703125,1063462
2022-11-28,5261.14501953125,5261.14501953125,5080.8564453125,5255.681640625,1539549
2022-11-29,5627.185546875,5627.185546875,5381.33740234375,5627.185546875,4016263
2022-11-30,6009.615234375,6009.615234375,5627.185546875,5900.349609375,2294589
2022-12-01,6146.19775390625,6419.36181640625,6118.88134765625,6392.04541015625,3766048
2022-12-02,6555.94384765625,6555.94384765625,5982.298828125,6064.248046875,3664094
2022-12-05,6993.0068359375,6993.0068359375,6938.3740234375,6993.0068359375,2350050
2022-12-06,7047.6396484375,7457.38623046875,7047.6396484375,7156.90576171875,7909524
2022-12-07,6829.1083984375,7320.80419921875,6665.2099609375,6993.0068359375,3803937
2022-12-08,7293.48779296875,7293.48779296875,7156.90576171875,7156.90576171875,2435713
2022-12-09,7785.18359375,7785.18359375,7375.43701171875,7675.91796875,4858613
2022-12-12,7266.17138671875,8249.5625,7266.17138671875,8249.5625,5631225
2022-12-13,7757.8671875,7757.8671875,7211.53857421875,7348.12060546875,4010406
2022-12-14,8249.5625,8276.87890625,8003.71484375,8276.87890625,5495592
2022-12-15,8276.87890625,8713.9423828125,8085.66455078125,8194.9296875,3053473
2022-12-16,8140.29736328125,8468.0947265625,8031.03125,8222.24609375,4194544
2022-12-19,8003.71484375,8577.3603515625,8003.71484375,8194.9296875,3537431
2022-12-20,7539.33544921875,7976.3984375,7457.38623046875,7921.765625,5875767
2022-12-21,7211.53857421875,7894.44921875,7020.3232421875,7703.234375,2269512
2022-12-22,7484.70263671875,7484.70263671875,7102.27294921875,7402.75341796875,2178176
2022-12-23,7348.12060546875,7512.01904296875,7238.85498046875,7484.70263671875,1256386
2022-12-26,6856.4248046875,7348.12060546875,6856.4248046875,7320.80419921875,2892764
2022-12-27,7320.80419921875,7320.80419921875,6692.5263671875,6692.5263671875,2408257
2022-12-28,7430.06982421875,7593.96875,7238.85498046875,7375.43701171875,2096723
2022-12-29,6938.3740234375,7539.33544921875,6938.3740234375,7348.12060546875,1566273
2022-12-30,6911.0576171875,7129.58935546875,6911.0576171875,7047.6396484375,1349736
2023-01-02,6911.0576171875,6911.0576171875,6911.0576171875,6911.0576171875,0
2023-01-03,7375.43701171875,7375.43701171875,6911.0576171875,6911.0576171875,1707397
2023-01-04,7512.01904296875,7730.55078125,7512.01904296875,7675.91796875,2738827
2023-01-05,7539.33544921875,7703.234375,7238.85498046875,7539.33544921875,1912218
2023-01-06,7484.70263671875,7839.81640625,7430.06982421875,7648.6015625,2599534
2023-01-09,7484.70263671875,7703.234375,7484.70263671875,7648.6015625,1415997
2023-01-10,7512.01904296875,7593.96875,7238.85498046875,7512.01904296875,1288601
2023-01-11,7839.81640625,8003.71484375,7566.65185546875,7593.96875,2962502
2023-01-12,7757.8671875,7921.765625,7621.28515625,7921.765625,1910937
2023-01-13,7867.1328125,8003.71484375,7757.8671875,7921.765625,2273539
2023-01-16,7921.765625,7949.08203125,7703.234375,7921.765625,1880003
2023-01-17,8358.8291015625,8358.8291015625,7976.3984375,7976.3984375,3243285
2023-01-18,8440.7783203125,8468.0947265625,8304.1962890625,8358.8291015625,2147791
2023-01-19,8440.7783203125,8659.3095703125,8276.87890625,8276.87890625,1940773
2023-01-20,8440.7783203125,8440.7783203125,8440.7783203125,8440.7783203125,0
2023-01-23,8440.7783203125,8440.7783203125,8440.7783203125,8440.7783203125,0
2023-01-24,8440.7783203125,8440.7783203125,8440.7783203125,8440.7783203125,0
2023-01-25,8440.7783203125,8440.7783203125,8440.7783203125,8440.7783203125,0
2023-01-26,8440.7783203125,8440.7783203125,8440.7783203125,8440.7783203125,0
2023-01-27,8031.03125,8604.6767578125,8031.03125,8550.0439453125,3783619
2023-01-30,7976.3984375,8331.5126953125,7921.765625,7976.3984375,4317547
2023-01-31,8276.87890625,8276.87890625,7976.3984375,7976.3984375,2731322
2023-02-01,7703.234375,8413.4619140625,7703.234375,8413.4619140625,4410897
2023-02-02,7402.75341796875,7757.8671875,7375.43701171875,7593.96875,2927724
2023-02-03,7375.43701171875,7593.96875,7238.85498046875,7539.33544921875,1736683
2023-02-06,7430.06982421875,7457.38623046875,7211.53857421875,7211.53857421875,1480061
2023-02-07,7375.43701171875,7703.234375,7211.53857421875,7512.01904296875,1534973
2023-02-08,7539.33544921875,7593.96875,7266.17138671875,7430.06982421875,1609653
2023-02-09,7539.33544921875,7648.6015625,7430.06982421875,7539.33544921875,931673
2023-02-10,7348.12060546875,7539.33544921875,7211.53857421875,7457.38623046875,1166330
2023-02-13,6856.4248046875,7211.53857421875,6856.4248046875,7211.53857421875,3246214
2023-02-14,6965.6904296875,7047.6396484375,6856.4248046875,6993.0068359375,864680
2023-02-15,7020.3232421875,7211.53857421875,6938.3740234375,6965.6904296875,1230944
2023-02-16,7320.80419921875,7320.80419921875,7047.6396484375,7074.9560546875,1480427
2023-02-17,7266.17138671875,7348.12060546875,7129.58935546875,7266.17138671875,1549433
2023-02-20,7757.8671875,7757.8671875,7266.17138671875,7266.17138671875,2693433
2023-02-21,7812.5,7976.3984375,7757.8671875,7949.08203125,2497763
2023-02-22,7320.80419921875,7757.8671875,7320.80419921875,7593.96875,4482466
2023-02-23,7375.43701171875,7375.43701171875,6993.0068359375,7266.17138671875,2184948
2023-02-24,7102.27294921875,7402.75341796875,7102.27294921875,7375.43701171875,1208613
2023-02-27,6665.2099609375,7020.3232421875,6665.2099609375,6856.4248046875,2030828
2023-02-28,6747.1591796875,6883.7412109375,6665.2099609375,6829.1083984375,1328138
2023-03-01,7184.22216796875,7184.22216796875,6665.2099609375,6747.1591796875,1342964
2023-03-02,7129.58935546875,7266.17138671875,6965.6904296875,7211.53857421875,1013858
2023-03-03,6856.4248046875,7211.53857421875,6856.4248046875,7211.53857421875,999947
2023-03-06,6883.7412109375,7129.58935546875,6883.7412109375,6993.0068359375,902021
2023-03-07,7020.3232421875,7129.58935546875,6911.0576171875,6938.3740234375,1022278
2023-03-08,7266.17138671875,7266.17138671875,6911.0576171875,6965.6904296875,1946996
2023-03-09,7320.80419921875,7430.06982421875,7293.48779296875,7348.12060546875,2215516
2023-03-10,7320.80419921875,7375.43701171875,7156.90576171875,7211.53857421875,1444551
2023-03-13,7156.90576171875,7375.43701171875,7047.6396484375,7102.27294921875,1963470
2023-03-14,6911.0576171875,7266.17138671875,6856.4248046875,7266.17138671875,2184582
2023-03-15,7375.43701171875,7375.43701171875,7156.90576171875,7238.85498046875,2297152
2023-03-16,7593.96875,7730.55078125,7402.75341796875,7430.06982421875,6302067
2023-03-17,7566.65185546875,7812.5,7512.01904296875,7812.5,2167010
2023-03-20,7348.12060546875,7757.8671875,7348.12060546875,7539.33544921875,3172998
2023-03-21,7757.8671875,7757.8671875,7293.48779296875,7457.38623046875,2728760
2023-03-22,7812.5,7976.3984375,7730.55078125,7867.1328125,3954945
2023-03-23,8194.9296875,8249.5625,7648.6015625,7675.91796875,5313285
2023-03-24,8140.29736328125,8440.7783203125,8112.98095703125,8358.8291015625,3741154
2023-03-27,8386.1455078125,8522.7275390625,8112.98095703125,8140.29736328125,4446224
2023-03-28,8413.4619140625,8631.9931640625,8276.87890625,8468.0947265625,5599925
2023-03-29,8741.2587890625,8741.2587890625,8413.4619140625,8440.7783203125,4685640
2023-03-30,8631.9931640625,8987.1064453125,8631.9931640625,8987.1064453125,4146771
2023-03-31,9151.0048828125,9151.0048828125,8522.7275390625,8659.3095703125,6497370
2023-04-03,9342.220703125,9506.119140625,9178.3212890625,9396.853515625,3870563
2023-04-04,9451.486328125,9533.435546875,9151.0048828125,9151.0048828125,6166983
2023-04-05,9451.486328125,9506.119140625,9232.9541015625,9424.169921875,4156472
2023-04-06,9014.4228515625,9670.017578125,8959.7900390625,9560.751953125,5400595
2023-04-07,9615.384765625,9642.701171875,9014.4228515625,9178.3212890625,6772296
2023-04-10,9506.119140625,9997.814453125,9232.9541015625,9833.916015625,4219255
2023-04-11,9724.650390625,9724.650390625,9069.0556640625,9506.119140625,4375571
2023-04-12,9287.587890625,9697.333984375,9232.9541015625,9588.068359375,3170984
2023-04-13,9123.6884765625,9342.220703125,9041.7392578125,9342.220703125,3175560
2023-04-14,8959.7900390625,9396.853515625,8959.7900390625,9232.9541015625,3775200
2023-04-17,9096.3720703125,9232.9541015625,8932.4736328125,8959.7900390625,2158407
2023-04-18,9642.701171875,9642.701171875,9014.4228515625,9178.3212890625,6184921
2023-04-19,9396.853515625,9915.865234375,9314.904296875,9724.650390625,5274663
2023-04-20,9205.6376953125,9424.169921875,9096.3720703125,9342.220703125,3011557
2023-04-21,9533.435546875,9779.283203125,9178.3212890625,9232.9541015625,5307976
2023-04-24,9396.853515625,9642.701171875,9342.220703125,9560.751953125,2420887
2023-04-25,8741.2587890625,9451.486328125,8741.2587890625,9451.486328125,7649973
2023-04-26,8959.7900390625,8959.7900390625,8631.9931640625,8741.2587890625,2473419
2023-04-27,8877.8408203125,8987.1064453125,8795.8916015625,8987.1064453125,2364876
2023-04-28,9069.0556640625,9123.6884765625,8823.2080078125,9014.4228515625,2616190
2023-05-01,9069.0556640625,9069.0556640625,9069.0556640625,9069.0556640625,0
2023-05-02,9069.0556640625,9069.0556640625,9069.0556640625,9069.0556640625,0
2023-05-03,9069.0556640625,9069.0556640625,9069.0556640625,9069.0556640625,0
2023-05-04,9232.9541015625,9342.220703125,8932.4736328125,9014.4228515625,3426691
2023-05-05,9151.0048828125,9314.904296875,9014.4228515625,9232.9541015625,2080249
2023-05-08,9287.587890625,9396.853515625,9151.0048828125,9178.3212890625,4433594
2023-05-09,9232.9541015625,9396.853515625,9123.6884765625,9396.853515625,2191354
2023-05-10,9287.587890625,9396.853515625,9232.9541015625,9287.587890625,3584289
2023-05-11,9478.802734375,9642.701171875,9287.587890625,9314.904296875,5476190
2023-05-12,9697.333984375,9697.333984375,9424.169921875,9478.802734375,3826085
2023-05-15,9287.587890625,9779.283203125,9287.587890625,9751.966796875,3642312
2023-05-16,9451.486328125,9451.486328125,9205.6376953125,9342.220703125,2565305
2023-05-17,9096.3720703125,9478.802734375,9069.0556640625,9424.169921875,4322855
2023-05-18,9369.537109375,9588.068359375,9069.0556640625,9205.6376953125,3920899
2023-05-19,9478.802734375,9533.435546875,9287.587890625,9396.853515625,3387155
2023-05-22,9642.701171875,9751.966796875,9533.435546875,9697.333984375,4372093
2023-05-23,9779.283203125,10025.130859375,9642.701171875,9724.650390625,6676017
2023-05-24,9779.283203125,9779.283203125,9779.283203125,9779.283203125,0
2023-05-25,10161.712890625,10380.2451171875,9997.814453125,10380.2451171875,3823522
2023-05-26,10270.9794921875,10516.8271484375,10161.712890625,10189.029296875,3175194
2023-05-29,10407.5615234375,10516.8271484375,10216.345703125,10325.6123046875,3783619
2023-05-30,10571.4599609375,10817.3076171875,10243.662109375,10544.1435546875,4422978
2023-05-31,10462.1943359375,10680.7255859375,10325.6123046875,10598.7763671875,3043223
2023-06-01,10571.4599609375,10626.0927734375,10216.345703125,10325.6123046875,4355802
2023-06-02,10598.7763671875,10817.3076171875,10571.4599609375,10653.4091796875,3619066
2023-06-05,10216.345703125,10708.0419921875,10161.712890625,10626.0927734375,5128414
2023-06-06,10489.5107421875,10571.4599609375,10025.130859375,10161.712890625,5521584
2023-06-07,10434.8779296875,10598.7763671875,10325.6123046875,10544.1435546875,2252673
2023-06-08,9997.814453125,10489.5107421875,9997.814453125,10434.8779296875,4304002
2023-06-09,10270.9794921875,10270.9794921875,9997.814453125,10025.130859375,2793007
2023-06-12,10161.712890625,10352.9287109375,9915.865234375,10270.9794921875,2318384
2023-06-13,10544.1435546875,10598.7763671875,10189.029296875,10216.345703125,5289123
2023-06-14,10325.6123046875,10598.7763671875,10325.6123046875,10544.1435546875,3049995
2023-06-15,10243.662109375,10380.2451171875,10134.396484375,10325.6123046875,2470856
2023-06-16,10352.9287109375,10871.9404296875,10270.9794921875,10462.1943359375,7221294
2023-06-19,10653.4091796875,10653.4091796875,10298.2958984375,10380.2451171875,3120648
2023-06-20,10817.3076171875,10817.3076171875,10544.1435546875,10708.0419921875,3793504
2023-06-21,11554.8515625,11554.8515625,10926.5732421875,10926.5732421875,9317468
2023-06-22,11554.8515625,11554.8515625,11554.8515625,11554.8515625,0
2023-06-23,11855.33203125,12019.23046875,11500.21875,11746.06640625,5026095
2023-06-26,12292.3955078125,12292.3955078125,11035.8388671875,11718.75,7576391
2023-06-27,12101.1796875,12510.9267578125,12019.23046875,12510.9267578125,2680254
2023-06-28,11937.28125,12265.0791015625,11746.06640625,12101.1796875,3284652
2023-06-29,11472.90234375,11909.96484375,11472.90234375,11909.96484375,3340113
2023-06-30,11746.06640625,11882.6484375,11390.953125,11472.90234375,3275500
2023-07-03,11882.6484375,11964.59765625,11746.06640625,11964.59765625,1480976
2023-07-04,12401.6611328125,12401.6611328125,11882.6484375,11937.28125,5957402
2023-07-05,12155.8125,12510.9267578125,12128.49609375,12510.9267578125,2321679
2023-07-06,11991.9140625,12374.3447265625,11746.06640625,12183.12890625,5908348
2023-07-07,12210.4462890625,12210.4462890625,11691.43359375,11909.96484375,2757314
2023-07-10,12374.3447265625,12483.6103515625,12265.0791015625,12292.3955078125,3435111
2023-07-11,12292.3955078125,12510.9267578125,12210.4462890625,12510.9267578125,4292288
2023-07-12,12538.2431640625,12838.7236328125,12292.3955078125,12292.3955078125,3561775
2023-07-13,12565.5595703125,12674.8251953125,12456.2939453125,12565.5595703125,2516800
2023-07-14,12620.1923828125,12702.1416015625,12265.0791015625,12674.8251953125,3604240
2023-07-17,12565.5595703125,12784.0908203125,12538.2431640625,12784.0908203125,2475799
2023-07-18,12401.6611328125,12538.2431640625,12347.0283203125,12510.9267578125,2269879
2023-07-19,12347.0283203125,12756.7744140625,12237.7626953125,12347.0283203125,3988441
2023-07-20,12347.0283203125,12401.6611328125,12183.12890625,12347.0283203125,2728577
2023-07-21,13193.837890625,13193.837890625,12456.2939453125,12510.9267578125,7445884
2023-07-24,13630.900390625,13876.748046875,13467.001953125,13876.748046875,4519440
2023-07-25,13439.685546875,13740.166015625,13357.736328125,13630.900390625,3538346
2023-07-26,13658.216796875,13740.166015625,13385.052734375,13385.052734375,2973484
2023-07-27,13603.583984375,13876.748046875,13303.103515625,13658.216796875,3744083
2023-07-28,13767.482421875,13849.431640625,13576.267578125,13685.533203125,3482702
2023-07-31,14095.279296875,14259.1787109375,13685.533203125,13849.431640625,3919801
2023-08-01,13876.748046875,14204.5458984375,13849.431640625,14149.912109375,2920037
2023-08-02,14204.5458984375,14204.5458984375,13822.115234375,13904.064453125,2624244
2023-08-03,14177.2294921875,14750.8740234375,14067.962890625,14204.5458984375,3586851
2023-08-04,14395.7607421875,14477.7099609375,14122.595703125,14204.5458984375,2531992
2023-08-07,14641.6083984375,14832.8232421875,14450.3935546875,14532.3427734375,1968229
2023-08-08,14341.1279296875,14805.5068359375,14313.8115234375,14668.9248046875,2691054
2023-08-09,14067.962890625,14341.1279296875,14040.646484375,14341.1279296875,3319796
2023-08-10,13658.216796875,14122.595703125,13658.216796875,13986.013671875,3144444
2023-08-11,14122.595703125,14122.595703125,13385.052734375,13767.482421875,3701617
2023-08-14,14477.7099609375,14668.9248046875,14095.279296875,14313.8115234375,3875505
2023-08-15,14259.1787109375,14586.9755859375,14231.8623046875,14532.3427734375,1865360
2023-08-16,14149.912109375,14313.8115234375,13986.013671875,14204.5458984375,2419239
2023-08-17,14231.8623046875,14668.9248046875,14204.5458984375,14204.5458984375,3864340
2023-08-18,13248.470703125,14204.5458984375,13248.470703125,14095.279296875,5204376
2023-08-21,13166.5205078125,13576.267578125,13057.2548828125,13385.052734375,3464764
2023-08-22,13658.216796875,13658.216796875,12292.3955078125,13221.154296875,4158302
2023-08-23,13467.001953125,13876.748046875,13439.685546875,13876.748046875,1673717
2023-08-24,13849.431640625,13931.380859375,13357.736328125,13439.685546875,2567868
2023-08-25,13986.013671875,14040.646484375,13658.216796875,13794.798828125,2612346
2023-08-28,14368.4443359375,14368.4443359375,14013.330078125,14122.595703125,3181052
2023-08-29,14395.7607421875,14668.9248046875,14286.4951171875,14505.0263671875,3434013
2023-08-30,15379.15234375,15379.15234375,14395.7607421875,14395.7607421875,6698165
2023-08-31,15679.6328125,16171.3291015625,15461.1015625,15679.6328125,3406557
2023-09-01,15679.6328125,15679.6328125,15679.6328125,15679.6328125,0
2023-09-04,15679.6328125,15679.6328125,15679.6328125,15679.6328125,0
2023-09-05,15706.94921875,15843.53125,15488.41796875,15843.53125,3183980
2023-09-06,16389.859375,16799.607421875,15433.78515625,15679.6328125,3577333
2023-09-07,16389.859375,16717.658203125,16253.2783203125,16417.17578125,2741939
2023-09-08,16335.2275390625,16581.07421875,16280.5947265625,16389.859375,2001542
2023-09-11,16526.44140625,17345.935546875,16280.5947265625,16499.125,6055695
2023-09-12,17673.732421875,17673.732421875,16744.974609375,17209.353515625,3440785
2023-09-13,17810.314453125,18356.642578125,17291.302734375,17837.630859375,4086368
2023-09-14,17482.517578125,18028.845703125,17263.986328125,17701.048828125,3643594
2023-09-15,17182.037109375,17810.314453125,17045.455078125,17810.314453125,2735349
2023-09-18,17263.986328125,17482.517578125,16881.556640625,17127.404296875,2253771
2023-09-19,17646.416015625,17701.048828125,16936.189453125,17263.986328125,2669089
2023-09-20,17919.580078125,18274.693359375,17728.365234375,17864.947265625,2544988
2023-09-21,16990.822265625,17974.212890625,16990.822265625,17892.263671875,4176606
2023-09-22,15816.21484375,16663.025390625,15816.21484375,16225.9619140625,7578222
2023-09-25,14723.5576171875,15898.1640625,14723.5576171875,15297.203125,3222785
2023-09-26,14750.8740234375,15706.94921875,14204.5458984375,14204.5458984375,5721464
2023-09-27,15761.58203125,15761.58203125,14641.6083984375,15024.0380859375,5405720
2023-09-28,16116.6962890625,16444.4921875,15461.1015625,15816.21484375,4142378
2023-09-29,15788.8984375,16389.859375,15570.3671875,16389.859375,3182882
2023-10-02,15461.1015625,15952.796875,15461.1015625,15788.8984375,2983002
2023-10-03,14395.7607421875,15187.9375,14395.7607421875,15187.9375,6072901
2023-10-04,14641.6083984375,15269.88671875,13603.583984375,13603.583984375,4828595
2023-10-05,13931.380859375,14832.8232421875,13931.380859375,14641.6083984375,2843343
2023-10-06,14313.8115234375,14341.1279296875,13467.001953125,13876.748046875,3572757
2023-10-09,14532.3427734375,14614.2919921875,14122.595703125,14286.4951171875,2401850
2023-10-10,14532.3427734375,14969.4052734375,14532.3427734375,14750.8740234375,3995763
2023-10-11,15024.0380859375,15024.0380859375,14313.8115234375,14532.3427734375,2700938
2023-10-12,15078.6708984375,15406.46875,14969.4052734375,15242.5703125,3531024
2023-10-13,14969.4052734375,15133.3037109375,14477.7099609375,14805.5068359375,2822293
2023-10-16,14586.9755859375,14969.4052734375,14477.7099609375,14969.4052734375,2970373
2023-10-17,13576.267578125,14860.1396484375,13576.267578125,14750.8740234375,2136625
2023-10-18,12674.8251953125,13876.748046875,12647.5087890625,13658.216796875,6277356
2023-10-19,11800.69921875,12729.4580078125,11800.69921875,12674.8251953125,4967705
2023-10-20,12620.1923828125,12620.1923828125,11445.5859375,11800.69921875,5720549
2023-10-23,12893.3564453125,13221.154296875,12647.5087890625,12729.4580078125,3755614
2023-10-24,13111.8876953125,13111.8876953125,12592.8759765625,13029.9384765625,2425280
2023-10-25,12729.4580078125,13221.154296875,12620.1923828125,13193.837890625,2471406
2023-10-26,11855.33203125,12265.0791015625,11855.33203125,12073.86328125,4647568
2023-10-27,12183.12890625,12237.7626953125,11309.00390625,12019.23046875,3330412
2023-10-30,11363.63671875,12183.12890625,11363.63671875,11991.9140625,1766702
2023-10-31,10598.7763671875,11636.80078125,10598.7763671875,11472.90234375,3769708
2023-11-01,11336.3203125,11336.3203125,10380.2451171875,10817.3076171875,3783070
2023-11-02,12128.49609375,12128.49609375,11472.90234375,11636.80078125,3438772
2023-11-03,12155.8125,12428.9775390625,11991.9140625,12428.9775390625,4284234
2023-11-06,12620.1923828125,12702.1416015625,12155.8125,12292.3955078125,2914912
2023-11-07,12729.4580078125,12920.6728515625,12374.3447265625,12620.1923828125,3351096
2023-11-08,13603.583984375,13603.583984375,12538.2431640625,12565.5595703125,4804067
2023-11-09,13958.697265625,14423.0771484375,13712.849609375,14149.912109375,4130663
2023-11-10,13685.533203125,14368.4443359375,13576.267578125,13658.216796875,4419134
2023-11-13,14040.646484375,14095.279296875,13658.216796875,13712.849609375,3039562
2023-11-14,14177.2294921875,14532.3427734375,13986.013671875,14477.7099609375,3739690
2023-11-15,14149.912109375,14805.5068359375,14149.912109375,14805.5068359375,3016499
2023-11-16,14532.3427734375,14532.3427734375,13958.697265625,13958.697265625,2152001
2023-11-17,14095.279296875,14696.2412109375,13931.380859375,14532.3427734375,5021153
2023-11-20,14887.4560546875,14996.7216796875,13822.115234375,13822.115234375,5176371
2023-11-21,15051.3544921875,15133.3037109375,14832.8232421875,15105.9873046875,3317233
2023-11-22,15488.41796875,15515.734375,14914.7724609375,15051.3544921875,4074836
2023-11-23,14423.0771484375,15652.31640625,14423.0771484375,15570.3671875,4129016
2023-11-24,14914.7724609375,15024.0380859375,13931.380859375,14532.3427734375,4987840
2023-11-27,14477.7099609375,14969.4052734375,14477.7099609375,14914.7724609375,2083727
2023-11-28,14750.8740234375,14750.8740234375,14013.330078125,14423.0771484375,2859267
2023-11-29,14914.7724609375,15024.0380859375,14750.8740234375,14860.1396484375,2470490
2023-11-30,14778.1904296875,15187.9375,14696.2412109375,15024.0380859375,3266348
2023-12-01,15051.3544921875,15078.6708984375,14586.9755859375,14942.0888671875,3479590
2023-12-04,15625.0,16007.4296875,15351.8359375,15515.734375,4722248
2023-12-05,15625.0,15679.6328125,15406.46875,15625.0,2652798
2023-12-06,15679.6328125,15788.8984375,15461.1015625,15570.3671875,2683732
2023-12-07,15078.6708984375,15761.58203125,14750.8740234375,15679.6328125,6672540
2023-12-08,14805.5068359375,15105.9873046875,14696.2412109375,15078.6708984375,2841329
2023-12-11,14914.7724609375,15078.6708984375,14505.0263671875,14805.5068359375,2234735
2023-12-12,14969.4052734375,15051.3544921875,14832.8232421875,14914.7724609375,1087806
2023-12-13,14668.9248046875,15133.3037109375,14614.2919921875,15078.6708984375,2374760
2023-12-14,14668.9248046875,14914.7724609375,14586.9755859375,14750.8740234375,1628506
2023-12-15,14750.8740234375,15024.0380859375,14641.6083984375,14750.8740234375,1878173
2023-12-18,14805.5068359375,14969.4052734375,14750.8740234375,14969.4052734375,1671338
2023-12-19,15187.9375,15187.9375,14723.5576171875,14750.8740234375,2359385
2023-12-20,15215.25390625,15324.51953125,15078.6708984375,15215.25390625,2053525
2023-12-21,15187.9375,15215.25390625,14996.7216796875,15024.0380859375,1331249
2023-12-22,15215.25390625,15515.734375,15187.9375,15242.5703125,4008942
2023-12-25,15269.88671875,15461.1015625,15051.3544921875,15242.5703125,2032110
2023-12-26,15515.734375,15570.3671875,15297.203125,15297.203125,2867687
2023-12-27,15379.15234375,15816.21484375,15379.15234375,15625.0,3095389
2023-12-28,15488.41796875,15679.6328125,15351.8359375,15515.734375,2174149
2023-12-29,15461.1015625,15652.31640625,15461.1015625,15652.31640625,1234055
2024-01-01,15461.1015625,15461.1015625,15461.1015625,15461.1015625,0
2024-01-02,15133.3037109375,15706.94921875,15078.6708984375,15706.94921875,3152497
2024-01-03,15297.203125,15297.203125,15051.3544921875,15105.9873046875,1573411
2024-01-04,15324.51953125,15706.94921875,15297.203125,15324.51953125,3352377
2024-01-05,15324.51953125,15406.46875,15187.9375,15324.51953125,1580916
2024-01-08,15761.58203125,15788.8984375,15379.15234375,15461.1015625,4152262
2024-01-09,16034.74609375,16171.3291015625,15734.265625,15843.53125,4587165
2024-01-10,15679.6328125,16089.37890625,15461.1015625,15952.796875,3109117
2024-01-11,15734.265625,16062.0625,15597.68359375,15597.68359375,3154145
2024-01-12,15515.734375,15925.48046875,15406.46875,15570.3671875,3694479
2024-01-15,15078.6708984375,15679.6328125,15024.0380859375,15652.31640625,2901367
2024-01-16,15488.41796875,15488.41796875,15024.0380859375,15024.0380859375,2019297
2024-01-17,15679.6328125,16335.2275390625,15406.46875,15515.734375,3844572
2024-01-18,15625.0,16089.37890625,15570.3671875,15734.265625,1982689
2024-01-19,15515.734375,15898.1640625,15488.41796875,15898.1640625,2129304
2024-01-22,15679.6328125,15734.265625,15351.8359375,15570.3671875,2054074
2024-01-23,15570.3671875,15870.84765625,15570.3671875,15679.6328125,1977381
2024-01-24,15679.6328125,16116.6962890625,15625.0,15625.0,3429071
2024-01-25,15679.6328125,15679.6328125,15679.6328125,15679.6328125,0
2024-01-26,15870.84765625,16062.0625,15843.53125,16062.0625,1627042
2024-01-29,15706.94921875,16062.0625,15706.94921875,16062.0625,1929241
2024-01-30,15925.48046875,15925.48046875,15570.3671875,15706.94921875,2220092
2024-01-31,16171.3291015625,16635.708984375,15980.11328125,16089.37890625,6867111
2024-02-01,16881.556640625,16963.505859375,16198.6455078125,16198.6455078125,5040738
2024-02-02,16881.556640625,16881.556640625,16881.556640625,16881.556640625,0
2024-02-05,17018.138671875,17209.353515625,16744.974609375,17100.087890625,3160185
2024-02-06,17018.138671875,17318.619140625,16826.923828125,17182.037109375,2583792
2024-02-07,17072.771484375,17154.720703125,16936.189453125,17154.720703125,1699343
2024-02-08,17072.771484375,17072.771484375,17072.771484375,17072.771484375,0
2024-02-09,17072.771484375,17072.771484375,17072.771484375,17072.771484375,0
2024-02-12,17072.771484375,17072.771484375,17072.771484375,17072.771484375,0
2024-02-13,17072.771484375,17072.771484375,17072.771484375,17072.771484375,0
2024-02-14,17072.771484375,17072.771484375,17072.771484375,17072.771484375,0
2024-02-15,16881.556640625,17100.087890625,16826.923828125,17100.087890625,3114242
2024-02-16,16936.189453125,17182.037109375,16826.923828125,16881.556640625,2117406
2024-02-19,16826.923828125,16936.189453125,16608.392578125,16936.189453125,3661166
2024-02-20,17018.138671875,17455.201171875,16936.189453125,17072.771484375,3971052
2024-02-21,16936.189453125,17018.138671875,16772.291015625,16990.822265625,2131317
2024-02-22,16826.923828125,16936.189453125,16799.607421875,16908.873046875,1989644
2024-02-23,16335.2275390625,17100.087890625,16335.2275390625,16826.923828125,4582589
2024-02-26,17045.455078125,17209.353515625,16253.2783203125,16335.2275390625,4146954
2024-02-27,17154.720703125,17646.416015625,17127.404296875,17263.986328125,3905890
2024-02-28,17236.669921875,17482.517578125,17072.771484375,17209.353515625,3121198
2024-02-29,17564.466796875,17919.580078125,17209.353515625,17427.884765625,5384121
2024-03-01,18165.427734375,18575.17578125,17755.681640625,17755.681640625,5634703
2024-03-04,18028.845703125,18465.908203125,17919.580078125,18302.009765625,3464947
2024-03-05,19285.40234375,19285.40234375,17646.416015625,18028.845703125,8682685
2024-03-06,19886.36328125,19940.99609375,19449.30078125,19531.25,6144835
2024-03-07,19777.09765625,20705.857421875,19695.1484375,19940.99609375,5648431
2024-03-08,19940.99609375,20514.642578125,19613.19921875,20077.578125,5979001
2024-03-11,20214.16015625,20487.32421875,19558.56640625,19886.36328125,4622126
2024-03-12,20132.2109375,20460.0078125,19940.99609375,20214.16015625,3960070
2024-03-13,21252.185546875,21306.818359375,20022.9453125,20214.16015625,5161178
2024-03-14,20979.021484375,21579.982421875,20815.123046875,21252.185546875,3794236
2024-03-15,20760.490234375,21142.919921875,20323.42578125,20979.021484375,3579347
2024-03-18,19667.83203125,20979.021484375,19312.71875,20979.021484375,7697564
2024-03-19,19886.36328125,20268.79296875,19667.83203125,19831.73046875,1649373
2024-03-20,20405.375,20405.375,19722.46484375,19722.46484375,2801244
2024-03-21,20405.375,20815.123046875,20350.7421875,20733.173828125,3256464
2024-03-22,20787.806640625,21170.236328125,20378.05859375,20541.958984375,4769290
2024-03-25,20378.05859375,21252.185546875,19995.62890625,21252.185546875,3525899
2024-03-26,20569.275390625,20705.857421875,20077.578125,20268.79296875,1657427
2024-03-27,20514.642578125,20787.806640625,20350.7421875,20651.224609375,1847788
2024-03-28,21306.818359375,21579.982421875,20678.541015625,20760.490234375,4989853
2024-03-29,21033.654296875,21306.818359375,20979.021484375,21306.818359375,1675914
2024-04-01,21033.654296875,21142.919921875,20487.32421875,20979.021484375,3069763
2024-04-02,21579.982421875,21579.982421875,20760.490234375,20760.490234375,4161048
2024-04-03,21443.400390625,22235.576171875,21142.919921875,21689.248046875,4167088
2024-04-04,20924.388671875,21443.400390625,20924.388671875,21197.552734375,3136573
2024-04-05,19667.83203125,20678.541015625,19667.83203125,20460.0078125,4983996
2024-04-08,19940.99609375,20323.42578125,19558.56640625,19640.515625,3384775
2024-04-09,20760.490234375,20760.490234375,19995.62890625,20104.89453125,1927411
2024-04-10,20432.69140625,20760.490234375,20432.69140625,20760.490234375,2047302
2024-04-11,20869.755859375,20979.021484375,19886.36328125,19886.36328125,3118635
2024-04-12,22126.310546875,22126.310546875,20842.439453125,21060.970703125,7213057
2024-04-15,20596.591796875,22945.8046875,20596.591796875,22126.310546875,8307819
2024-04-16,21716.564453125,21853.146484375,20241.4765625,20678.541015625,8680122
2024-04-17,20460.0078125,22180.943359375,20460.0078125,22180.943359375,4927802
2024-04-18,20460.0078125,20460.0078125,20460.0078125,20460.0078125,0
2024-04-19,19039.5546875,20296.109375,19039.5546875,19667.83203125,10678919
2024-04-22,19777.09765625,20214.16015625,19176.13671875,19585.8828125,3874590
2024-04-23,18684.44140625,19940.99609375,18465.908203125,19722.46484375,4382526
2024-04-24,19667.83203125,19749.78125,19012.23828125,19066.87109375,3345056
2024-04-25,19394.66796875,19640.515625,19176.13671875,19585.8828125,2559265
2024-04-26,19394.66796875,19804.4140625,19039.5546875,19039.5546875,2471223
2024-04-29,19394.66796875,19394.66796875,19394.66796875,19394.66796875,0
2024-04-30,19394.66796875,19394.66796875,19394.66796875,19394.66796875,0
2024-05-01,19394.66796875,19394.66796875,19394.66796875,19394.66796875,0
2024-05-02,19066.87109375,19531.25,18739.07421875,19421.984375,3086237
2024-05-03,19066.87109375,19531.25,18902.97265625,19394.66796875,2828700
2024-05-06,20378.05859375,20378.05859375,19121.50390625,19394.66796875,8006169
2024-05-07,20733.173828125,20760.490234375,20241.4765625,20541.958984375,3578432
2024-05-08,21197.552734375,21443.400390625,20323.42578125,20651.224609375,5065448
2024-05-09,20924.388671875,21525.349609375,20815.123046875,21525.349609375,3737859
2024-05-10,21853.146484375,21853.146484375,20596.591796875,20924.388671875,6315978
2024-05-13,21771.197265625,22399.474609375,21525.349609375,22071.677734375,3936458
2024-05-14,21579.982421875,22017.044921875,21443.400390625,21771.197265625,3525899
2024-05-15,23082.38671875,23082.38671875,21579.982421875,21962.412109375,8327587
2024-05-16,23137.01953125,23437.5,22973.12109375,23437.5,2809664
2024-05-17,23492.1328125,23874.5625,23000.4375,23109.703125,3574588
2024-05-20,23218.96875,23683.34765625,23164.3359375,23683.34765625,3525899
2024-05-21,23956.51171875,23956.51171875,23055.0703125,23328.234375,3833955
2024-05-22,23710.6640625,24448.208984375,22945.8046875,24065.77734375,3975628
2024-05-23,23929.1953125,23929.1953125,23109.703125,23683.34765625,3599115
2024-05-24,22945.8046875,23765.296875,22262.892578125,23218.96875,7310617
2024-05-27,23109.703125,23273.6015625,22672.640625,22945.8046875,1931804
2024-05-28,23956.51171875,24038.4609375,23109.703125,23109.703125,3983682
2024-05-29,23410.18359375,23983.828125,23246.28515625,23929.1953125,2855973
2024-05-30,23765.296875,23765.296875,22481.42578125,23000.4375,3928953
2024-05-31,23218.96875,23765.296875,23218.96875,23656.03125,2219176
2024-06-03,23218.96875,23218.96875,23218.96875,23218.96875,0
2024-06-04,23983.828125,24202.359375,23546.765625,23546.765625,3844572
2024-06-05,24475.525390625,24967.220703125,23983.828125,24093.09375,4680881
2024-06-06,24229.67578125,24584.791015625,23983.828125,24475.525390625,2167193
2024-06-07,24229.67578125,24666.740234375,23874.5625,24366.2578125,2089218
2024-06-10,24475.525390625,24803.322265625,24038.4609375,24120.41015625,2134978
2024-06-11,24639.423828125,24748.689453125,24311.625,24748.689453125,2403864
2024-06-12,24994.537109375,25376.966796875,24639.423828125,24694.056640625,2137907
2024-06-13,24694.056640625,25349.650390625,24694.056640625,25349.650390625,1837538
2024-06-14,23382.8671875,25049.169921875,23382.8671875,24830.638671875,4139449
2024-06-17,23328.234375,23710.6640625,23055.0703125,23382.8671875,3513269
2024-06-18,23492.1328125,23601.3984375,23328.234375,23464.81640625,1612582
2024-06-19,23546.765625,24011.14453125,23273.6015625,23546.765625,2225583
2024-06-20,23300.91796875,23737.98046875,22945.8046875,23492.1328125,2272624
2024-06-21,23328.234375,23546.765625,23164.3359375,23164.3359375,1530214
2024-06-24,21716.564453125,23300.91796875,21716.564453125,23055.0703125,9267864
2024-06-25,21798.513671875,21880.462890625,21361.451171875,21716.564453125,2073843
2024-06-26,21661.931640625,21880.462890625,20623.908203125,21798.513671875,1848887
2024-06-27,21033.654296875,21634.615234375,21033.654296875,21306.818359375,2086656
2024-06-28,21060.970703125,21853.146484375,20869.755859375,20897.072265625,2973118
2024-07-01,21634.615234375,21689.248046875,21115.603515625,21252.185546875,1591166
2024-07-02,21935.095703125,22126.310546875,21661.931640625,21716.564453125,2167010
2024-07-03,21661.931640625,21962.412109375,21579.982421875,21853.146484375,1380853
2024-07-04,21607.298828125,22098.994140625,21579.982421875,21853.146484375,1721857
2024-07-05,21470.716796875,21743.880859375,21197.552734375,21743.880859375,2061762
2024-07-08,21716.564453125,21880.462890625,21443.400390625,21552.666015625,2496665
2024-07-09,22945.8046875,22945.8046875,21771.197265625,21880.462890625,5600657
2024-07-10,22618.0078125,23000.4375,22481.42578125,22945.8046875,2514237
2024-07-11,23027.75390625,23382.8671875,22645.32421875,22781.90625,3882095
2024-07-12,22781.90625,23137.01953125,22672.640625,22891.171875,2198493
2024-07-15,22973.12109375,23137.01953125,22672.640625,22891.171875,2028083
2024-07-16,23000.4375,23546.765625,22945.8046875,23109.703125,2946577
2024-07-17,22454.107421875,23218.96875,21470.716796875,23055.0703125,4355802
2024-07-18,22563.375,22618.0078125,21743.880859375,22399.474609375,3113510
2024-07-19,21798.513671875,22727.2734375,21743.880859375,22208.259765625,3166408
2024-07-22,20296.109375,21525.349609375,20296.109375,21306.818359375,7008418
2024-07-23,18957.60546875,20186.84375,18957.60546875,20159.52734375,4022120
2024-07-24,19340.03515625,19503.93359375,18465.908203125,18629.80859375,3299112
2024-07-25,19503.93359375,19777.09765625,18930.2890625,19394.66796875,1807520
2024-07-26,19203.453125,19695.1484375,19176.13671875,19503.93359375,2301361
2024-07-29,19613.19921875,19859.046875,19285.40234375,19285.40234375,1810448
2024-07-30,19230.76953125,19613.19921875,19066.87109375,19531.25,1557853
2024-07-31,19039.5546875,19558.56640625,19012.23828125,19312.71875,1760478
2024-08-01,17728.365234375,19230.76953125,17728.365234375,19121.50390625,5406269
2024-08-02,18957.60546875,18957.60546875,17127.404296875,17591.783203125,4539575
2024-08-05,18902.97265625,19394.66796875,18329.326171875,18602.4921875,5430613
2024-08-06,19968.3125,20104.89453125,18629.80859375,19230.76953125,4566664
2024-08-07,19667.83203125,20050.26171875,19176.13671875,20050.26171875,3591610
2024-08-08,19094.1875,19749.78125,18657.125,19667.83203125,3922730
2024-08-09,19722.46484375,20159.52734375,19176.13671875,19340.03515625,5368563
2024-08-12,20050.26171875,20050.26171875,19667.83203125,19777.09765625,2782208
2024-08-13,19859.046875,20159.52734375,19449.30078125,20159.52734375,2954448
2024-08-14,19749.78125,20268.79296875,19749.78125,20022.9453125,3224249
2024-08-15,19394.66796875,20022.9453125,19394.66796875,19667.83203125,2578667
2024-08-16,20733.173828125,20733.173828125,19476.6171875,19667.83203125,5877414
2024-08-19,20869.755859375,21197.552734375,20815.123046875,21033.654296875,3078732
2024-08-20,21334.134765625,22044.361328125,20596.591796875,20869.755859375,5154040
2024-08-21,21361.451171875,21470.716796875,21033.654296875,21361.451171875,3126689
2024-08-22,21334.134765625,21743.880859375,21224.869140625,21416.083984375,2364510
2024-08-23,21607.298828125,21853.146484375,21224.869140625,21334.134765625,3388802
2024-08-26,21388.767578125,22017.044921875,21361.451171875,22017.044921875,2861281
2024-08-27,21416.083984375,21579.982421875,21252.185546875,21416.083984375,2510576
2024-08-28,21224.869140625,21579.982421875,20787.806640625,21579.982421875,3114974
2024-08-29,21170.236328125,21416.083984375,21088.287109375,21252.185546875,1143450
2024-08-30,21306.818359375,21552.666015625,21142.919921875,21170.236328125,1715267
2024-09-02,21306.818359375,21306.818359375,21306.818359375,21306.818359375,0
2024-09-03,21306.818359375,21306.818359375,21306.818359375,21306.818359375,0
2024-09-04,21416.083984375,21443.400390625,20842.439453125,20979.021484375,1981591
2024-09-05,21416.083984375,21935.095703125,21279.501953125,21525.349609375,3580811
2024-09-06,21470.716796875,21579.982421875,21033.654296875,21306.818359375,1693120
2024-09-09,21170.236328125,21470.716796875,20869.755859375,21361.451171875,1494521
2024-09-10,20705.857421875,21306.818359375,20651.224609375,21279.501953125,3392463
2024-09-11,20869.755859375,21197.552734375,20405.375,20569.275390625,2415029
2024-09-12,20787.806640625,21197.552734375,20787.806640625,21033.654296875,978348
2024-09-13,20979.021484375,21306.818359375,20815.123046875,20815.123046875,1997332
2024-09-16,20787.806640625,21197.552734375,20760.490234375,20869.755859375,1840833
2024-09-17,21552.666015625,21552.666015625,20733.173828125,20760.490234375,2996913
2024-09-18,21743.880859375,22180.943359375,21525.349609375,21607.298828125,4122792
2024-09-19,21689.248046875,21907.779296875,21607.298828125,21825.830078125,2225949
2024-09-20,21579.982421875,22098.994140625,21579.982421875,22098.994140625,2206730
2024-09-23,21716.564453125,21907.779296875,21443.400390625,21579.982421875,2246083
2024-09-24,22044.361328125,22071.677734375,21689.248046875,21853.146484375,2456579
2024-09-25,22153.626953125,22699.95703125,22126.310546875,22208.259765625,4680881
2024-09-26,21907.779296875,22235.576171875,21853.146484375,22235.576171875,3725413
2024-09-27,22017.044921875,22071.677734375,21853.146484375,21935.095703125,2466280
2024-09-30,22235.576171875,22481.42578125,21825.830078125,21989.728515625,2329367
2024-10-01,22290.208984375,22945.8046875,22262.892578125,22399.474609375,4582955
2024-10-02,22235.576171875,22399.474609375,22126.310546875,22235.576171875,2730224
2024-10-03,21880.462890625,22426.791015625,21771.197265625,22399.474609375,3614307
2024-10-04,21798.513671875,22098.994140625,21798.513671875,21880.462890625,1649007
2024-10-07,22180.943359375,22180.943359375,21743.880859375,21935.095703125,1562246
2024-10-08,21771.197265625,22399.474609375,21743.880859375,22372.158203125,2810762
2024-10-09,21962.412109375,22126.310546875,21743.880859375,21825.830078125,1489213
2024-10-10,21853.146484375,22180.943359375,21825.830078125,22180.943359375,1467614
2024-10-11,22017.044921875,22017.044921875,21798.513671875,21853.146484375,1013492
2024-10-14,22180.943359375,22399.474609375,22017.044921875,22098.994140625,2783855
2024-10-15,21935.095703125,22317.525390625,21907.779296875,22317.525390625,1852181
2024-10-16,21743.880859375,21935.095703125,21579.982421875,21935.095703125,1662186
2024-10-17,21853.146484375,21962.412109375,21252.185546875,21743.880859375,2754752
2024-10-18,21743.880859375,22017.044921875,21743.880859375,21880.462890625,1647909
2024-10-21,20979.021484375,21716.564453125,20979.021484375,21607.298828125,2163898
2024-10-22,20460.0078125,20979.021484375,20104.89453125,20979.021484375,3942864
2024-10-23,20733.173828125,20815.123046875,20296.109375,20405.375,1533509
2024-10-24,20132.2109375,20760.490234375,20132.2109375,20651.224609375,2308866
2024-10-25,20132.2109375,20268.79296875,20104.89453125,20214.16015625,1723321
2024-10-28,20432.69140625,20541.958984375,20268.79296875,20268.79296875,902204
2024-10-29,20460.0078125,20678.541015625,20323.42578125,20541.958984375,1054493
2024-10-30,20323.42578125,20487.32421875,20214.16015625,20432.69140625,1011662
2024-10-31,20541.958984375,20541.958984375,20323.42578125,20323.42578125,851136
2024-11-01,20323.42578125,20541.958984375,20186.84375,20487.32421875,1175482
2024-11-04,20541.958984375,20787.806640625,19940.99609375,20323.42578125,1945349
2024-11-05,20405.375,20651.224609375,20378.05859375,20596.591796875,569437
2024-11-06,20842.439453125,20842.439453125,20487.32421875,20541.958984375,1832962
2024-11-07,20678.541015625,21033.654296875,20678.541015625,21033.654296875,1062181
2024-11-08,20623.908203125,20979.021484375,20541.958984375,20760.490234375,1345710
2024-11-11,20323.42578125,20596.591796875,20268.79296875,20323.42578125,1856025
2024-11-12,20323.42578125,20651.224609375,20323.42578125,20487.32421875,1266636
2024-11-13,20104.89453125,20405.375,19968.3125,20323.42578125,1668775
2024-11-14,19503.93359375,20186.84375,18739.07421875,20104.89453125,2041445
2024-11-15,18602.4921875,19367.3515625,18602.4921875,19176.13671875,3146457
2024-11-18,19340.03515625,19503.93359375,18575.17578125,18602.4921875,1856025
2024-11-19,18821.0234375,19394.66796875,18821.0234375,19394.66796875,1166330
2024-11-20,19094.1875,19667.83203125,18602.4921875,18602.4921875,2164814
2024-11-21,19203.453125,19285.40234375,18930.2890625,19285.40234375,633501
2024-11-22,19012.23828125,19285.40234375,18902.97265625,19230.76953125,1067489
2024-11-25,19039.5546875,19203.453125,18821.0234375,19094.1875,920325
2024-11-26,19285.40234375,19531.25,19094.1875,19094.1875,1585126
2024-11-27,19230.76953125,19340.03515625,19148.8203125,19340.03515625,570718
2024-11-28,19258.0859375,19531.25,19148.8203125,19531.25,949611
2024-11-29,19176.13671875,19394.66796875,19039.5546875,19039.5546875,858274
2024-12-02,19203.453125,19421.984375,19148.8203125,19230.76953125,766937
2024-12-03,19012.23828125,19367.3515625,19012.23828125,19367.3515625,882618
2024-12-04,18575.17578125,18984.921875,18520.541015625,18984.921875,2283057
2024-12-05,19859.046875,19859.046875,18138.111328125,18575.17578125,4231518
2024-12-06,19777.09765625,20077.578125,19640.515625,19995.62890625,1787385
2024-12-09,19831.73046875,20050.26171875,19722.46484375,19831.73046875,1323196
2024-12-10,19695.1484375,19886.36328125,19640.515625,19722.46484375,1329785
2024-12-11,19859.046875,19968.3125,19695.1484375,19831.73046875,1654681
2024-12-12,19722.46484375,19995.62890625,19695.1484375,19940.99609375,1063096
2024-12-13,19667.83203125,19777.09765625,19585.8828125,19722.46484375,943754
2024-12-16,19749.78125,19777.09765625,19585.8828125,19667.83203125,574196
2024-12-17,19667.83203125,19859.046875,19667.83203125,19804.4140625,634965
2024-12-18,19695.1484375,19777.09765625,19558.56640625,19613.19921875,809768
2024-12-19,19421.984375,19558.56640625,19367.3515625,19421.984375,1331249
2024-12-20,19340.03515625,19503.93359375,19340.03515625,19503.93359375,633318
2024-12-23,19340.03515625,19476.6171875,19285.40234375,19285.40234375,448631
2024-12-24,19230.76953125,19421.984375,19148.8203125,19421.984375,783411
2024-12-25,19585.8828125,19913.6796875,19285.40234375,19394.66796875,1511178
2024-12-26,19558.56640625,19667.83203125,19531.25,19585.8828125,353633
2024-12-27,19503.93359375,19640.515625,19421.984375,19585.8828125,692440
2024-12-30,19476.6171875,19749.78125,19476.6171875,19531.25,850769
2024-12-31,19394.66796875,19531.25,19312.71875,19476.6171875,368276
2025-01-01,19394.66796875,19394.66796875,19394.66796875,19394.66796875,0
2025-01-02,19312.71875,19476.6171875,19230.76953125,19449.30078125,474988
2025-01-03,18848.33984375,19394.66796875,18848.33984375,19394.66796875,1297021
2025-01-06,18302.009765625,18875.65625,17755.681640625,18657.125,992625
2025-01-07,18056.162109375,18575.17578125,17974.212890625,18356.642578125,1163951
2025-01-08,18247.376953125,18383.958984375,18028.845703125,18028.845703125,844363
2025-01-09,18110.794921875,18383.958984375,18110.794921875,18247.376953125,430510
2025-01-10,17782.998046875,18274.693359375,17782.998046875,18083.478515625,966268
2025-01-13,18220.060546875,18302.009765625,17591.783203125,17782.998046875,1310749
2025-01-14,18028.845703125,18220.060546875,18028.845703125,18220.060546875,273644
2025-01-15,18247.376953125,18329.326171875,18083.478515625,18302.009765625,582067
2025-01-16,18247.376953125,18329.326171875,18083.478515625,18302.009765625,582067
2025-01-17,18438.591796875,18575.17578125,18356.642578125,18520.541015625,442224
2025-01-20,18302.009765625,18602.4921875,18302.009765625,18602.4921875,401406
2025-01-21,18274.693359375,18547.857421875,18220.060546875,18356.642578125,560834
2025-01-22,18056.162109375,18302.009765625,18056.162109375,18302.009765625,661872
2025-01-23,18411.275390625,18684.44140625,18110.794921875,18110.794921875,791831
2025-01-24,18356.642578125,18438.591796875,18274.693359375,18274.693359375,645948
2025-01-27,18356.642578125,18356.642578125,18356.642578125,18356.642578125,0
2025-01-28,18356.642578125,18356.642578125,18356.642578125,18356.642578125,0
2025-01-29,18356.642578125,18356.642578125,18356.642578125,18356.642578125,0
2025-01-30,18356.642578125,18356.642578125,18356.642578125,18356.642578125,0
2025-01-31,18356.642578125,18356.642578125,18356.642578125,18356.642578125,0
2025-02-03,18247.376953125,18383.958984375,18138.111328125,18302.009765625,522762
2025-02-04,18739.07421875,18793.70703125,18192.744140625,18274.693359375,1208430
2025-02-05,18821.0234375,18957.60546875,18711.7578125,18957.60546875,796407
2025-02-06,18930.2890625,19230.76953125,18821.0234375,18957.60546875,1158094
2025-02-07,18821.0234375,18930.2890625,18766.390625,18848.33984375,639907
2025-02-10,18766.390625,19066.87109375,18547.857421875,18657.125,1266270
2025-02-11,18766.390625,18957.60546875,18629.80859375,18848.33984375,674136
2025-02-12,18848.33984375,19012.23828125,18629.80859375,18629.80859375,946316
2025-02-13,18766.390625,18875.65625,18684.44140625,18848.33984375,702507
2025-02-14,18875.65625,19285.40234375,18848.33984375,18984.921875,1793425
2025-02-17,19312.71875,19476.6171875,18848.33984375,19039.5546875,2246449
2025-02-18,19258.0859375,19503.93359375,19176.13671875,19285.40234375,1217948
2025-02-19,19394.66796875,19449.30078125,19258.0859375,19394.66796875,1097873
2025-02-20,19367.3515625,19722.46484375,19367.3515625,19667.83203125,1892267
2025-02-21,19203.453125,19421.984375,19176.13671875,19367.3515625,997751
2025-02-24,20077.578125,20104.89453125,19176.13671875,19176.13671875,3426508
2025-02-25,20350.7421875,20487.32421875,20022.9453125,20214.16015625,4621576
2025-02-26,20815.123046875,21252.185546875,20296.109375,20460.0078125,5011635
2025-02-27,21142.919921875,21197.552734375,20760.490234375,20815.123046875,3757079
2025-02-28,21033.654296875,21470.716796875,20979.021484375,21252.185546875,4427188
2025-03-03,21361.451171875,21743.880859375,20842.439453125,21033.654296875,3557565
2025-03-04,21306.818359375,21743.880859375,20651.224609375,21416.083984375,2810762
2025-03-05,20979.021484375,21607.298828125,20951.705078125,21252.185546875,2263472
2025-03-06,21634.615234375,21743.880859375,21006.337890625,21252.185546875,4122243
2025-03-07,21334.134765625,21798.513671875,21334.134765625,21716.564453125,1932353
2025-03-10,21416.083984375,21798.513671875,21197.552734375,21579.982421875,2486049
2025-03-11,21689.248046875,21689.248046875,21060.970703125,21060.970703125,3243468
2025-03-12,21689.248046875,21798.513671875,21498.033203125,21716.564453125,2516250
2025-03-13,21416.083984375,21907.779296875,21361.451171875,21579.982421875,3082759
2025-03-14,21279.501953125,21552.666015625,21115.603515625,21416.083984375,1806238
2025-03-17,21498.033203125,21634.615234375,21060.970703125,21279.501953125,2103312
2025-03-18,21334.134765625,21771.197265625,21334.134765625,21634.615234375,1923567
2025-03-19,21634.615234375,21771.197265625,21252.185546875,21252.185546875,2785136
2025-03-20,22153.626953125,22781.90625,21661.931640625,21661.931640625,5143424
2025-03-21,22126.310546875,22344.841796875,21962.412109375,22235.576171875,1169808
2025-03-24,22126.310546875,22126.310546875,21552.666015625,22071.677734375,3429437
2025-03-25,21853.146484375,22235.576171875,21716.564453125,22208.259765625,2335224
2025-03-26,21388.767578125,21825.830078125,21252.185546875,21689.248046875,2373296
2025-03-27,21142.919921875,21470.716796875,21142.919921875,21170.236328125,2002640
2025-03-28,21306.818359375,21607.298828125,21033.654296875,21115.603515625,2018016
2025-03-31,21361.451171875,21607.298828125,21033.654296875,21142.919921875,2454200
2025-04-01,21498.033203125,21579.982421875,21197.552734375,21525.349609375,1277619
2025-04-02,21552.666015625,21771.197265625,21443.400390625,21498.033203125,1982506
2025-04-03,20050.26171875,20924.388671875,20050.26171875,20159.52734375,4584968
2025-04-04,19230.76953125,19421.984375,18657.125,18657.125,6279553
2025-04-07,19230.76953125,19230.76953125,19230.76953125,19230.76953125,0
2025-04-08,17892.263671875,18575.17578125,17892.263671875,17892.263671875,2783672
2025-04-09,16663.025390625,17564.466796875,16663.025390625,16663.025390625,5504928
2025-04-10,17810.314453125,17810.314453125,17810.314453125,17810.314453125,186151
2025-04-11,18575.17578125,18793.70703125,17482.517578125,18684.44140625,5283266
2025-04-14,18766.390625,19066.87109375,18247.376953125,18575.17578125,2927724
2025-04-15,18138.111328125,18739.07421875,18110.794921875,18629.80859375,2443950
2025-04-16,17646.416015625,18302.009765625,17646.416015625,18192.744140625,1926496
2025-04-17,18028.845703125,18138.111328125,17100.087890625,17100.087890625,1563344
2025-04-18,18247.376953125,18848.33984375,18192.744140625,18302.009765625,3053839
2025-04-21,17646.416015625,18465.908203125,17482.517578125,18356.642578125,2080981
2025-04-22,16936.189453125,17946.896484375,16417.17578125,17619.099609375,4926704
2025-04-23,17400.568359375,17564.466796875,17127.404296875,17564.466796875,1459194
2025-04-24,17646.416015625,18001.529296875,17427.884765625,17537.150390625,1821980
2025-04-25,17427.884765625,17755.681640625,17400.568359375,17755.681640625,2028815
2025-04-28,17537.150390625,17728.365234375,16225.9619140625,17455.201171875,1281463
2025-04-29,17591.783203125,17646.416015625,17427.884765625,17482.517578125,705802
2025-04-30,17591.783203125,17591.783203125,17591.783203125,17591.783203125,0
2025-05-01,17591.783203125,17591.783203125,17591.783203125,17591.783203125,0
2025-05-02,17591.783203125,17591.783203125,17591.783203125,17591.783203125,0
2025-05-05,17755.681640625,17892.263671875,17564.466796875,17892.263671875,906048
2025-05-06,17755.681640625,17892.263671875,17564.466796875,17892.263671875,906048
2025-05-07,17919.580078125,18302.009765625,17755.681640625,17810.314453125,2574823
2025-05-08,17701.048828125,17919.580078125,17591.783203125,17919.580078125,1199278
2025-05-09,18110.794921875,18220.060546875,17701.048828125,18083.478515625,2008314
2025-05-12,18110.794921875,18138.111328125,17864.947265625,18138.111328125,1515205
2025-05-13,18110.794921875,18138.111328125,17864.947265625,18138.111328125,1515205
2025-05-14,18247.376953125,18848.33984375,18220.060546875,18438.591796875,2560363
2025-05-15,18493.224609375,18575.17578125,18165.427734375,18165.427734375,2741939
2025-05-16,18493.224609375,18739.07421875,18465.908203125,18739.07421875,1948826
2025-05-19,18629.80859375,18957.60546875,18575.17578125,18848.33984375,2362131
2025-05-20,18629.80859375,18957.60546875,18575.17578125,18848.33984375,2362131
2025-05-21,18821.0234375,19012.23828125,18575.17578125,18739.07421875,1649922
2025-05-22,18657.125,18930.2890625,18465.908203125,18848.33984375,2130951
2025-05-23,18575.17578125,19121.50390625,18356.642578125,18602.4921875,4558428
2025-05-26,18984.921875,19094.1875,18056.162109375,18575.17578125,3089166
2025-05-27,18984.921875,19094.1875,18056.162109375,18575.17578125,3089166
2025-05-28,19230.76953125,19285.40234375,18902.97265625,19121.50390625,3312291
2025-05-29,19203.453125,19667.83203125,19121.50390625,19667.83203125,3212352
2025-05-30,19176.13671875,19531.25,19121.50390625,19394.66796875,2515701
2025-06-02,20869.755859375,20924.388671875,20050.26171875,20214.16015625,5335066
2025-06-03,20787.806640625,21306.818359375,20733.173828125,21142.919921875,8258398
2025-06-04,20787.806640625,21306.818359375,20733.173828125,21142.919921875,8258398
2025-06-05,29296.875,29843.75,29179.6875,29843.75,3989120
2025-06-06,20742.1875,21250.0,20703.125,21250.0,3708672
2025-06-09,20742.1875,20742.1875,20742.1875,20742.1875,0
2025-06-10,20742.1875,20742.1875,20742.1875,20742.1875,0
2025-06-11,20117.1875,20468.75,20078.125,20312.5,1012480
2025-06-12,20078.125,20429.6875,20000.0,20117.1875,1064320
2025-06-13,20273.4375,20390.625,20078.125,20078.125,1289216
2025-06-16,20703.125,20703.125,19843.75,19843.75,1985792
2025-06-17,20703.125,20703.125,19843.75,19843.75,1985792
2025-06-18,20781.25,21015.625,20390.625,20976.5625,1826560
2025-06-19,20664.0625,21093.75,20546.875,20781.25,2274560
2025-06-20,20546.875,20781.25,20312.5,20703.125,1232640
2025-06-23,20234.375,20312.5,20039.0625,20312.5,1081856
2025-06-24,20234.375,20312.5,20039.0625,20312.5,1081856
2025-06-25,20898.4375,21250.0,20429.6875,20664.0625,4090240
2025-06-26,20781.25,21171.875,20742.1875,20937.5,2884224
2025-06-27,20859.375,20859.375,20507.8125,20820.3125,1036288
2025-06-30,20937.5,21484.375,20937.5,21093.75,2229248
2025-07-01,20937.5,21484.375,20937.5,21093.75,2229248
2025-07-02,20625.0,21132.8125,20585.9375,21093.75,2036480
2025-07-03,22031.25,22031.25,20625.0,20625.0,6731136
2025-07-04,21875.0,22539.0625,21093.75,22031.25,4235136
2025-07-07,21796.875,22187.5,21601.5625,22109.375,3281024
2025-07-08,21796.875,22187.5,21601.5625,22109.375,3281024
2025-07-09,22148.4375,22421.875,21875.0,21953.125,3475328
2025-07-10,23203.125,23671.875,22421.875,22578.125,6068480
2025-07-11,23046.875,23359.375,22812.5,23320.3125,2107264
2025-07-14,23398.4375,24179.6875,22773.4375,23125.0,3520640
2025-07-15,23398.4375,24179.6875,22773.4375,23125.0,3520640
2025-07-16,23203.125,24179.6875,23203.125,23281.25,5254400
2025-07-17,23828.125,23828.125,22968.75,23203.125,3276032
2025-07-18,24101.5625,24179.6875,23437.5,23984.375,3977344
2025-07-21,25117.1875,25781.25,24726.5625,25781.25,6288512
2025-07-22,25117.1875,25781.25,24726.5625,25781.25,6288512
2025-07-23,26875.0,26875.0,24765.625,25000.0,4906112
2025-07-24,28750.0,28750.0,27968.75,28085.9375,8467072
2025-07-25,29804.6875,29960.9375,28906.25,29960.9375,4653312
2025-07-28,33203.125,33984.375,32421.875,32734.375,5462400
2025-07-29,33203.125,33984.375,32421.875,32734.375,5462400
2025-07-30,30898.4375,33867.1875,30898.4375,33867.1875,11163904
2025-07-31,31640.625,32031.25,28945.3125,30898.4375,8341760
2025-08-01,31875.0,32187.5,30585.9375,31718.75,4285952
2025-08-04,31757.8125,31796.875,29687.5,30078.125,4190208
2025-08-05,31757.8125,31796.875,29687.5,30078.125,4190208
2025-08-06,31640.625,32812.5,29687.5,31992.1875,9472128
2025-08-07,32031.25,32265.625,31289.0625,31953.125,3726080
2025-08-08,31992.1875,32578.125,31367.1875,32578.125,3542656
2025-08-11,31640.625,32031.25,30937.5,31171.875,5176192
2025-08-12,31640.625,32031.25,30937.5,31171.875,5176192
2025-08-13,32773.4375,32773.4375,31484.375,31953.125,7346688
2025-08-14,35039.0625,35039.0625,32421.875,33515.625,10634112
2025-08-15,34960.9375,36601.5625,34375.0,35546.875,4824832
2025-08-18,32734.375,33750.0,32617.1875,33750.0,6096256
2025-08-19,32734.375,33750.0,32617.1875,33750.0,6096256
2025-08-20,33359.375,34023.4375,32578.125,32812.5,5951872
2025-08-21,32421.875,33515.625,31054.6875,33476.5625,5097856
2025-08-22,32500.0,33750.0,32421.875,32421.875,4519296
2025-08-25,29492.1875,31562.5,29492.1875,31171.875,4600064
2025-08-26,29492.1875,31562.5,29492.1875,31171.875,4600064
2025-08-27,31523.4375,31523.4375,29179.6875,29335.9375,4641664
2025-08-28,31718.75,32578.125,31640.625,31875.0,3570304
2025-08-29,32343.75,32421.875,31562.5,31718.75,3219968
2025-09-01,32343.75,32343.75,32343.75,32343.75,0
2025-09-02,32343.75,32343.75,32343.75,32343.75,0
2025-09-03,32968.75,33750.0,32617.1875,33593.75,2988928
2025-09-04,32968.75,33750.0,32617.1875,33593.75,2988928
2025-09-05,34414.0625,34453.125,33046.875,33085.9375,5159168
2025-09-08,30195.3125,32148.4375,30195.3125,31992.1875,6984192
2025-09-09,30195.3125,32148.4375,30195.3125,31992.1875,6984192
2025-09-10,30820.3125,30820.3125,29843.75,30312.5,2869760
2025-09-11,30781.25,31054.6875,30273.4375,30898.4375,1558400
2025-09-12,31171.875,31250.0,29375.0,30703.125,3175680
2025-09-15,31406.25,31835.9375,31250.0,31250.0,2112128
2025-09-16,31406.25,31835.9375,31250.0,31250.0,2112128
2025-09-17,30937.5,32148.4375,30859.375,32148.4375,2249344
2025-09-18,30234.375,31093.75,30234.375,30937.5,1538048
2025-09-19,30625.0,30937.5,30156.25,30507.8125,1305472
2025-09-22,29843.75,30781.25,29492.1875,30703.125,1879424
2025-09-23,29843.75,30781.25,29492.1875,30703.125,1879424
2025-09-24,30156.25,30429.6875,29843.75,30039.0625,956800
2025-09-25,31015.625,31015.625,29765.625,29765.625,1185536
2025-09-26,32187.5,32421.875,31093.75,31132.8125,4413952
2025-09-29,32578.125,32812.5,31328.125,31640.625,3734016
2025-09-30,32578.125,32812.5,31328.125,31640.625,3734016
2025-10-01,32421.875,32695.3125,31484.375,32617.1875,3235200
2025-10-02,32031.25,33046.875,32031.25,32500.0,1967616
2025-10-03,30859.375,32421.875,30546.875,32421.875,2157184
2025-10-06,32421.875,32421.875,30390.625,31171.875,3636480
2025-10-07,32421.875,32421.875,30390.625,31171.875,3636480
2025-10-08,32890.625,33203.125,32421.875,32421.875,4520192
2025-10-09,32656.25,34023.4375,32421.875,33984.375,4159488
2025-10-10,32968.75,32968.75,32500.0,32968.75,1907968
2025-10-13,35000.0,35000.0,32539.0625,32812.5,6027520
2025-10-14,35000.0,35000.0,32539.0625,32812.5,6027520
2025-10-15,34140.625,35937.5,33945.3125,35937.5,6160640
2025-10-16,34375.0,34687.5,33906.25,34257.8125,3385984
2025-10-17,34765.625,35625.0,34414.0625,34921.875,3553536
2025-10-20,32656.25,36484.375,32656.25,34765.625,7062272
2025-10-21,32656.25,36484.375,32656.25,34765.625,7062272
2025-10-22,32304.6875,32812.5,31250.0,32656.25,4821760
2025-10-23,31953.125,32539.0625,30468.75,32500.0,3842688
2025-10-24,30898.4375,32070.3125,30859.375,32031.25,2268544
2025-10-27,30039.0625,31328.125,29726.5625,30546.875,2019712
2025-10-28,30039.0625,31328.125,29726.5625,30546.875,2019712
2025-10-29,31250.0,31250.0,29765.625,30078.125,1661184
2025-10-30,30898.4375,31289.0625,30742.1875,31210.9375,1483904
2025-10-31,30390.625,31210.9375,30234.375,31210.9375,1531776
2025-11-03,27851.5625,30039.0625,27851.5625,29921.875,3838208
2025-11-04,29765.625,29765.625,26953.125,27734.375,3414528
2025-11-05,29765.625,29765.625,26953.125,27734.375,3414528
2025-11-06,28632.8125,29335.9375,28515.625,29218.75,962432
2025-11-07,27421.875,28906.25,27343.75,28632.8125,1611776
2025-11-10,27031.25,28437.5,26757.8125,27343.75,1389184
2025-11-11,27460.9375,27617.1875,26953.125,27265.625,1060352
2025-11-12,27890.625,28125.0,27460.9375,27734.375,1341440
2025-11-13,27617.1875,28085.9375,27617.1875,28085.9375,963200
2025-11-14,27617.1875,28242.1875,27421.875,27617.1875,1356032
2025-11-17,28203.125,28242.1875,27617.1875,27734.375,1234176
2025-11-18,28515.625,29062.5,28359.375,28437.5,1588096
2025-11-19,27851.5625,28789.0625,27734.375,28554.6875,1093248
2025-11-20,27578.125,27968.75,27460.9375,27851.5625,582912
2025-11-21,27343.75,27773.4375,27187.5,27500.0,778624
2025-11-24,27343.75,27734.375,27343.75,27382.8125,387968
2025-11-25,26015.625,27460.9375,25781.25,27343.75,1387776
2025-11-26,27265.625,27460.9375,26015.625,26015.625,972544
2025-11-27,26875.0,27343.75,26796.875,27343.75,784384
2025-11-28,26601.5625,27109.375,26562.5,26914.0625,659072
2025-12-01,26210.9375,26914.0625,26210.9375,26601.5625,758016
2025-12-02,26796.875,26835.9375,25781.25,26210.9375,1158400
2025-12-03,27539.0625,27812.5,26796.875,27109.375,1548544
2025-12-04,27890.625,27968.75,27578.125,27890.625,994304
2025-12-05,27421.875,27968.75,27265.625,27890.625,968064
2025-12-08,27109.375,27656.25,26757.8125,27343.75,796160
2025-12-09,27343.75,27460.9375,26406.25,26953.125,1048704
2025-12-10,27656.25,27695.3125,27070.3125,27421.875,847872
2025-12-11,27460.9375,28125.0,27343.75,27734.375,825088
2025-12-12,25937.5,27578.125,25937.5,27578.125,1124864
2025-12-15,26054.6875,26562.5,25781.25,25937.5,1076608
2025-12-16,26757.8125,27265.625,25000.0,26210.9375,1491456
2025-12-17,26171.875,26757.8125,26171.875,26757.8125,625024
2025-12-18,26171.875,26757.8125,26171.875,26757.8125,625024
2025-12-19,26328.125,26523.4375,25976.5625,26523.4375,699904
2025-12-22,27343.75,27343.75,26562.5,26601.5625,1364224
2025-12-23,26992.1875,27539.0625,26796.875,27539.0625,967936
2025-12-24,27187.5,27343.75,26679.6875,26679.6875,885888
2025-12-25,27187.5,27343.75,26679.6875,26679.6875,885888
2025-12-26,26406.25,26914.0625,25703.125,26484.375,1254528
2025-12-29,26171.875,26953.125,26132.8125,26406.25,514560
2025-12-30,26250.0,26445.3125,26171.875,26210.9375,553344
2025-12-31,25898.4375,26523.4375,25898.4375,26523.4375,624640
2026-01-01,25898.4375,25898.4375,25898.4375,25898.4375,0
2026-01-02,25898.4375,25898.4375,25898.4375,25898.4375,0
2026-01-05,24101.5625,26015.625,24101.5625,25937.5,2061440
2026-01-06,24257.8125,24648.4375,23632.8125,24375.0,1222144
2026-01-07,24921.875,25664.0625,24257.8125,24257.8125,833280
2026-01-08,25078.125,25703.125,24921.875,25234.375,1532416
2026-01-09,25078.125,25468.75,25000.0,25429.6875,1197952
2026-01-12,26796.875,26796.875,25468.75,25468.75,2444800
2026-01-13,26953.125,27890.625,26718.75,27851.5625,2104192
2026-01-14,26523.4375,27109.375,26328.125,27031.25,2521728
2026-01-15,26289.0625,26875.0,26289.0625,26523.4375,1807104
2026-01-16,26406.25,27304.6875,26015.625,26328.125,1804544
2026-01-19,26523.4375,27109.375,26484.375,26484.375,1080064
2026-01-20,26445.3125,26992.1875,26445.3125,26718.75,2048256
2026-01-21,25468.75,26367.1875,25000.0,26367.1875,2470912
2026-01-22,25781.25,26093.75,25390.625,25859.375,1425536
2026-01-23,25664.0625,26328.125,25625.0,25859.375,931584
2026-01-26,24765.625,25898.4375,24765.625,25664.0625,1279360
2026-01-27,24570.3125,25000.0,24453.125,24765.625,944768
2026-01-28,24140.625,24921.875,24023.4375,24921.875,1506816
2026-01-29,24375.0,24609.375,24218.75,24218.75,532352
2026-01-30,24414.0625,24804.6875,24296.875,24414.0625,703360
2026-02-02,24218.75,24609.375,24062.5,24453.125,849152
2026-02-03,24609.375,24843.75,24218.75,24218.75,1166720
2026-02-04,24921.875,25429.6875,24843.75,25000.0,1117184
2026-02-05,24296.875,25000.0,24296.875,24921.875,710912
2026-02-06,23437.5,24257.8125,23437.5,24218.75,1168256
2026-02-09,23437.5,23671.875,23398.4375,23632.8125,459264
2026-02-10,23281.25,23984.375,23203.125,23437.5,680704
2026-02-11,23710.9375,23945.3125,23046.875,23281.25,848256
2026-02-12,23828.125,24335.9375,23789.0625,23789.0625,385536
2026-02-13,24062.5,24218.75,23750.0,23828.125,555136
2026-02-16,24062.5,24062.5,24062.5,24062.5,0
2026-02-17,24062.5,24062.5,24062.5,24062.5,0
2026-02-18,24062.5,24062.5,24062.5,24062.5,0
2026-02-19,24062.5,24062.5,24062.5,24062.5,0
2026-02-20,24062.5,24062.5,24062.5,24062.5,0
2026-02-23,24492.1875,24687.5,24140.625,24687.5,583936
2026-02-24,24843.75,25312.5,24492.1875,24609.375,1236480
2026-02-25,24804.6875,25156.25,24687.5,25000.0,700288
2026-02-26,24843.75,25078.125,24609.375,25000.0,564224
2026-02-27,24804.6875,25312.5,24648.4375,25000.0,861440
2026-03-02,24023.4375,24609.375,23359.375,23359.375,1539584
2026-03-03,24023.4375,24609.375,23359.375,23359.375,1539584
2026-03-04,24375.0,24531.25,22812.5,23945.3125,1855488
2026-03-05,25039.0625,25976.5625,24609.375,25000.0,2838144
2026-03-06,23828.125,25039.0625,23750.0,25039.0625,1250176
2026-03-09,22187.5,22382.8125,22187.5,22187.5,747904
2026-03-10,21718.75,22656.25,21015.625,22265.625,2737024
2026-03-11,22187.5,22539.0625,21640.625,21718.75,1421312
2026-03-12,21640.625,22343.75,21640.625,21718.75,749824
2026-03-13,21054.6875,21679.6875,20937.5,20937.5,1333760
2026-03-16,21210.9375,21601.5625,21093.75,21171.875,642816
2026-03-17,21328.125,22148.4375,21289.0625,21445.3125,774144
2026-03-18,21015.625,21562.5,20898.4375,21328.125,957824
2026-03-19,20546.875,20703.125,20312.5,20703.125,998912
2026-03-20,20507.8125,20781.25,20351.5625,20351.5625,1142656
2026-03-23,19101.5625,20351.5625,19101.5625,20351.5625,1474944
2026-03-24,19609.375,20039.0625,19375.0,19687.5,827264
2026-03-25,20351.5625,20546.875,19882.8125,19921.875,838656
2026-03-26,20351.5625,20507.8125,20195.3125,20351.5625,548096
2026-03-27,20976.5625,20976.5625,20312.5,20312.5,928896
2026-03-30,20703.125,20859.375,20312.5,20703.125,869248
2026-03-31,21367.1875,22031.25,20859.375,20898.4375,1528832
2026-04-01,21953.125,22265.625,21718.75,22148.4375,1950592
2026-04-02,21796.875,22187.5,21562.5,21601.5625,1283968
2026-04-03,21250.0,21875.0,21171.875,21796.875,940416
2026-04-06,20898.4375,21562.5,20898.4375,21210.9375,759936
2026-04-07,21445.3125,21445.3125,20937.5,21054.6875,840832
2026-04-08,22695.3125,22851.5625,21953.125,22304.6875,1989632
2026-04-09,22031.25,22500.0,22031.25,22421.875,1010560
2026-04-10,21601.5625,22304.6875,21601.5625,22226.5625,1271680
2026-04-13,21914.0625,22070.3125,21328.125,21484.375,1011456
2026-04-14,21914.0625,22265.625,21835.9375,22265.625,582528
2026-04-15,21718.75,22265.625,21718.75,22031.25,982656
2026-04-16,21367.1875,21914.0625,21171.875,21718.75,847488
2026-04-17,21250.0,21601.5625,21250.0,21406.25,695168
2026-04-20,21484.375,21601.5625,21171.875,21367.1875,541696
2026-04-21,21015.625,21679.6875,21015.625,21523.4375,929024
2026-04-22,20781.25,21093.75,20703.125,20859.375,617472
2026-04-23,20859.375,20937.5,20468.75,20468.75,803584
2026-04-24,20625.0,20937.5,20507.8125,20742.1875,427776
2026-04-27,20625.0,20625.0,20625.0,20625.0,0
2026-04-28,20234.375,20781.25,20234.375,20664.0625,504064
2026-04-29,20390.625,20546.875,20117.1875,20117.1875,474368
2026-04-30,20390.625,20390.625,20390.625,20390.625,0
2026-05-01,20390.625,20390.625,20390.625,20390.625,0
2026-05-04,20585.9375,20976.5625,20585.9375,20664.0625,488832
2026-05-05,20507.8125,20625.0,20390.625,20507.8125,337920
2026-05-06,21171.875,21367.1875,20507.8125,20585.9375,1280512
2026-05-07,21054.6875,21445.3125,20976.5625,21406.25,423296
2026-05-08,20976.5625,21250.0,20898.4375,21054.6875,634112
2026-05-11,21328.125,21835.9375,20859.375,20898.4375,1425920
2026-05-12,21367.1875,21484.375,21132.8125,21328.125,523776
2026-05-13,21679.6875,21875.0,21367.1875,21406.25,1310464
2026-05-14,21953.125,22304.6875,21640.625,21640.625,1276032
2026-05-15,21914.0625,22226.5625,21718.75,22070.3125,1191168
2026-05-18,22343.75,22421.875,21796.875,21796.875,1486464
2026-05-19,21875.0,22656.25,21484.375,22500.0,1339904
2026-05-20,21328.125,21992.1875,20390.625,21953.125,1991424
2026-05-21,21328.125,21757.8125,21093.75,21406.25,450560
2026-05-22,21992.1875,22109.375,20859.375,21328.125,1567488
2026-05-25,21757.8125,22265.625,21679.6875,22265.625,570368
2026-05-26,22265.625,22343.75,21835.9375,21875.0,1519232
2026-05-27,22187.5,22500.0,22109.375,22382.8125,877184
2026-05-28,21562.5,22500.0,21562.5,22226.5625,994560
2026-05-29,21328.125,21718.75,21328.125,21523.4375,785152
2026-06-01,21718.75,22070.3125,21328.125,21367.1875,659840
2026-06-02,21093.75,21875.0,21093.75,21875.0,684032
2026-06-03,21328.125,21640.625,20781.25,20781.25,598144
2026-06-04,21562.5,21796.875,21445.3125,21484.375,617216
2026-06-05,21484.375,21796.875,21406.25,21601.5625,588800
2026-06-08,20898.4375,21367.1875,20742.1875,21250.0,1028864
2026-06-09,20898.4375,21132.8125,20859.375,20937.5,312064
2026-06-10,21289.0625,21328.125,20820.3125,20820.3125,775424
2026-06-11,21328.125,21640.625,21250.0,21250.0,1608192
2026-06-12,21450.0,22000.0,21400.0,22000.0,605100
2026-06-15,22950.0,22950.0,21750.0,21800.0,1721400
2026-06-16,24550.0,24550.0,23150.0,23500.0,3642800
2026-06-17,25500.0,25900.0,24550.0,24650.0,3981100
2026-06-18,25000.0,25700.0,24850.0,25400.0,1821700
2026-06-19,25900.0,26750.0,24800.0,24800.0,3059200
2026-06-22,25900.0,26500.0,25100.0,26500.0,2003300
2026-06-23,25500.0,27200.0,25300.0,26000.0,3607400
2026-06-24,25850.0,26100.0,25300.0,25400.0,2197900
2026-06-25,25400.0,26250.0,25400.0,26000.0,1520600
2026-06-26,24900.0,25600.0,24650.0,25100.0,2202700
2026-06-29,25150.0,25600.0,24800.0,24900.0,1084200
2026-06-30,26150.0,26900.0,25200.0,25200.0,4090600
2026-07-01,26150.0,26900.0,25200.0,25200.0,4090600
2026-07-02,28400.0,28500.0,26850.0,27150.0,4398000
2026-07-03,28200.0,29050.0,28100.0,28700.0,2968200
2026-07-06,27050.0,28100.0,26250.0,28100.0,4454100
2026-07-07,28900.0,28900.0,26950.0,27000.0,3171300
2026-07-08,28150.0,29400.0,28050.0,29050.0,2379900
2026-07-09,28600.0,29350.0,27300.0,27750.0,3112500
2026-07-10,27900.0,29000.0,27600.0,28500.0,1879400
2026-07-13,26900.0,27950.0,26000.0,27400.0,3506200
2026-07-14,27150.0,27150.0,26050.0,27000.0,1881000
2026-07-15,27300.0,27900.0,26950.0,27350.0,2405600
2026-07-16,27200.0,27500.0,25500.0,27000.0,3080400
2026-07-17,26100.0,27950.0,26100.0,27200.0,2461600
2026-07-20,24300.0,25100.0,24300.0,24400.0,4175800
2026-07-21,22600.0,24200.0,22600.0,23500.0,3947300
2026-07-22,22900.0,23700.0,22100.0,22800.0,2745100
2026-07-23,22750.0,23850.0,21500.0,22900.0,2920100
2026-07-24,21500.0,22800.0,21500.0,22650.0,1625200
2026-07-27,20000.0,21700.0,20000.0,21600.0,3195900
2026-07-28,20450.0,21000.0,19500.0,19600.0,1974900
2026-07-29,20200.0,20600.0,20050.0,20300.0,1110100
2026-07-30,21600.0,21600.0,20250.0,20300.0,2982500
2026-07-31,21850.0,22400.0,21350.0,21600.0,2331800
2026-08-03,22300.0,22550.0,22150.0,22350.0,1848400
2026-08-04,22250.0,22400.0,21800.0,22250.0,1959000
2026-08-05,22250.0,23000.0,22250.0,22500.0,1990100
2026-08-06,21850.0,22450.0,21850.0,22300.0,1191600
2026-08-07,21750.0,22250.0,21650.0,21700.0,1384100
2026-08-10,22600.0,22900.0,21900.0,21900.0,1833700
2026-08-11,23050.0,23850.0,22500.0,22650.0,3396900
2026-08-12,22800.0,23200.0,22800.0,23100.0,1086900
2026-08-13,22700.0,23600.0,22700.0,23100.0,2719500
2026-08-14,22400.0,22900.0,22250.0,22650.0,1831400
2026-08-17,22100.0,22650.0,21800.0,22400.0,1025200
2026-08-18,21950.0,22450.0,21800.0,22250.0,1165500
2026-08-19,21700.0,22000.0,21650.0,21950.0,835400
2026-08-20,21800.0,22100.0,21700.0,21900.0,444300
2026-08-21,23300.0,23300.0,21800.0,21800.0,2702600
2026-08-24,23100.0,23950.0,23100.0,23700.0,2288400
2026-08-25,22900.0,23450.0,22800.0,23200.0,1711300
2026-08-26,23300.0,23350.0,22750.0,23000.0,1208700
2026-08-27,22950.0,23450.0,22800.0,23450.0,1296900
2026-08-28,23300.0,24000.0,22850.0,23000.0,2724200
2026-08-31,23300.0,23300.0,23300.0,23300.0,0
2026-09-01,23300.0,23300.0,23300.0,23300.0,0
2026-09-02,23300.0,23300.0,23300.0,23300.0,0
2026-09-03,23400.0,23950.0,22850.0,23100.0,2238533
