Price,Close,High,Low,Open,Volume
Ticker,EIB.VN,EIB.VN,EIB.VN,EIB.VN,EIB.VN
Date,,,,,
2010-02-22,8614.0771484375,8686.769928495904,8541.384368379096,8650.423185640511,952720
2010-02-23,8468.69140625,8541.384184745562,8432.345369828403,8505.038148323963,703019
2010-02-24,8432.345703125,8432.345703125,8359.652921756186,8432.345703125,1109280
2010-02-25,8396.0,8541.384862881465,8359.653255040317,8432.34603930726,824788
2010-02-26,8396.0,8432.34603930726,8359.653255040317,8396.0,1031308
2010-03-01,8505.0380859375,8614.076900054835,8505.0380859375,8541.384122092491,2002576
2010-03-02,8432.345703125,8541.384522352026,8395.99966526679,8541.384522352026,905026
2010-03-03,8505.0380859375,8505.0380859375,8432.345307975158,8432.345307975158,1435163
2010-03-04,8468.69140625,8541.384184745562,8432.345369828403,8541.384184745562,1969654
2010-03-05,8396.0,8468.69207861452,8396.0,8432.34603930726,2391044
2010-03-08,8396.0,8468.69207861452,8396.0,8432.34603930726,3246588
2010-03-09,8396.0,8432.34603930726,8359.653255040317,8396.0,3061280
2010-03-10,8359.6533203125,8432.346105147028,8359.6533203125,8432.346105147028,2284722
2010-03-11,8323.3076171875,8432.346446020925,8323.3076171875,8359.653658247824,2621978
2010-03-12,8359.6533203125,8396.000065555978,8323.307280721448,8359.6533203125,2455815
2010-03-15,8432.345703125,8468.691740983211,8395.99966526679,8432.345703125,3274003
2010-03-16,8432.345703125,8468.691740983211,8359.652921756186,8395.99966526679,4242210
2010-03-17,8432.345703125,8468.691740983211,8395.99966526679,8395.99966526679,3495732
2010-03-18,8359.6533203125,8432.346105147028,8359.6533203125,8396.000065555978,1397449
2010-03-19,8359.6533203125,8396.000065555978,8323.307280721448,8359.6533203125,4380440
2010-03-22,8359.6533203125,8396.000065555978,8286.96053547797,8359.6533203125,2834522
2010-03-23,8359.6533203125,8396.000065555978,8323.307280721448,8359.6533203125,3425891
2010-03-24,8323.3076171875,8359.653658247824,8323.3076171875,8359.653658247824,2400487
2010-03-25,8286.9609375,8359.653725861044,8286.9609375,8323.307684506754,4241256
2010-03-26,8286.9609375,8323.307684506754,8250.614896145707,8286.9609375,3695970
2010-03-29,8177.92138671875,8250.614168670307,8105.228604767193,8177.92138671875,1459875
2010-03-30,8468.69140625,8468.69140625,8068.882183002958,8105.228219424556,2199991
2010-03-31,8505.0380859375,8505.0380859375,8214.267679740487,8468.691344130148,7713509
2010-04-01,8396.0,8468.69207861452,8214.268392158854,8286.960470773374,1520133
2010-04-02,8214.2685546875,8359.653420445567,8214.2685546875,8359.653420445567,635762
2010-04-05,8214.2685546875,8286.960634740315,8177.921809008655,8214.2685546875,1586037
2010-04-06,8177.92138671875,8286.960206819886,8177.92138671875,8214.268130520728,810851
2010-04-07,8141.57470703125,8214.267483254778,8105.227966093314,8177.920742316842,1913412
2010-04-08,8105.22802734375,8141.574768556355,8105.22802734375,8105.22802734375,843774
2010-04-09,8105.22802734375,8141.574768556355,8068.881991783493,8105.22802734375,1070771
2010-04-12,8105.22802734375,8141.574768556355,8068.881991783493,8105.22802734375,1349875
2010-04-13,8105.22802734375,8105.22802734375,8032.535956223238,8105.22802734375,1047829
2010-04-14,8032.5361328125,8068.882169171796,7996.18939080084,8032.5361328125,1109458
2010-04-15,7996.1904296875,8068.8832175029,7996.1904296875,8032.537176421428,1261784
2010-04-16,8068.8828125,8068.882812500001,7996.190028333282,8068.882812500001,912461
2010-04-19,7923.49560546875,8068.881143734275,7923.49560546875,8068.881143734275,1133633
2010-04-20,7850.8046875,7996.189541326369,7850.8046875,7996.189541326369,1194568
2010-04-21,7814.4580078125,7923.496825474557,7814.458007812501,7850.804750801442,1140790
2010-04-22,7996.1904296875,8177.922046399772,7850.805559709156,7887.151600790628,1212321
2010-04-23,7996.1904296875,7996.1904296875,7996.1904296875,7996.1904296875,0
2010-04-26,7923.49560546875,8068.881143734275,7923.49560546875,7996.188374601512,1012202
2010-04-27,7850.8046875,7923.4967615869955,7850.8046875,7887.150724543498,890314
2010-04-28,7814.4580078125,7887.150788137999,7778.111970475943,7850.804750801442,1097769
2010-04-29,7850.8046875,7923.4967615869955,7850.8046875,7887.150724543498,1220830
2010-04-30,7850.8046875,7850.8046875,7850.8046875,7850.8046875,0
2010-05-03,7850.8046875,7850.8046875,7850.8046875,7850.8046875,0
2010-05-04,8214.2685546875,8214.2685546875,7959.844157545333,7996.190197571742,5715425
2010-05-05,8141.57470703125,8286.959553825962,8105.227966093314,8214.267483254778,1868501
2010-05-06,8068.8828125,8214.268380833437,8032.536773242852,8141.575596666718,1005065
2010-05-07,7923.49560546875,8032.535111994031,7850.803541988263,7959.842342861269,1543353
2010-05-10,7814.4580078125,7850.804750801442,7669.073152813887,7778.111970475943,3352790
2010-05-11,7814.4580078125,7887.150788137999,7778.111970475943,7814.458007812501,1826772
2010-05-12,7778.1123046875,7778.1123046875,7669.073482340241,7705.419521238522,2412933
2010-05-13,7669.072265625,7778.111070673012,7669.072265625,7741.764331888807,1067610
2010-05-14,7632.7265625,7705.41934427955,7632.726562500001,7632.726562500001,1204567
2010-05-17,7560.03369140625,7632.726472327008,7487.341616137882,7596.380434692824,2244921
2010-05-18,7560.03369140625,7596.380434692824,7487.341616137882,7596.380434692824,1752359
2010-05-19,7378.302734375,7560.034349674456,7378.302734375,7523.688308875546,1826036
2010-05-20,7450.99462890625,7450.99462890625,7196.570256839629,7196.570256839629,2418161
2010-05-21,7341.95556640625,7341.955566406251,7232.916755097192,7232.916755097192,2128918
2010-05-24,7232.9169921875,7269.263028597805,7160.224213714526,7269.263028597805,2457764
2010-05-25,7232.9169921875,7232.916992187501,7232.916992187501,7232.916992187501,0
2010-05-26,7160.224609375,7196.570647793718,7123.878570956283,7160.224609375001,1578363
2010-05-27,7123.87890625,7160.224946379387,7087.532160468175,7123.87890625,1096238
2010-05-28,7269.26318359375,7305.609926431409,7160.224366385534,7269.26318359375,1934088
2010-05-31,7196.5712890625,7269.264078029817,7160.225247405076,7232.918036372393,1093256
2010-06-01,7160.224609375,7269.263430283559,7160.224609375001,7160.224609375001,884191
2010-06-02,7160.224609375,7160.224609375001,7087.53182688516,7160.224609375001,1179319
2010-06-03,7196.5712890625,7196.5712890625,7123.879205747651,7160.225247405076,1303474
2010-06-04,7160.224609375,7196.570647793718,7123.878570956283,7160.224609375001,956059
2010-06-07,7014.8388671875,7123.878390993923,7014.8388671875,7051.185610340436,1596176
2010-06-08,7014.8388671875,7087.531647840986,6978.49282968695,7014.8388671875,1283613
2010-06-09,6978.49267578125,7051.185454831549,6942.146639082286,7051.185454831549,1564984
2010-06-10,7014.8388671875,7014.8388671875,6942.1467921864005,6942.1467921864005,820831
2010-06-11,7087.53173828125,7087.53173828125,7051.185700316907,7051.185700316907,1118802
2010-06-14,7087.53173828125,7160.22451986233,7087.53173828125,7087.53173828125,609580
2010-06-15,7087.53173828125,7087.53173828125,7087.53173828125,7087.53173828125,0
2010-06-16,7051.18603515625,7123.878820189289,7051.18603515625,7087.532074846555,968207
2010-06-17,7123.87890625,7160.224946379387,7087.532160468175,7087.532160468175,1057630
2010-06-18,7051.18603515625,7123.878820189289,7014.839289813515,7014.839289813515,1569576
2010-06-21,7051.18603515625,7123.878820189289,7051.18603515625,7051.18603515625,684888
2010-06-22,7014.8388671875,7087.531647840986,7014.8388671875,7051.185610340436,1002361
2010-06-23,7014.8388671875,7051.185610340436,6978.49282968695,7014.8388671875,838108
2010-06-24,7051.18603515625,7051.18603515625,6978.49325012321,7051.18603515625,1284229
2010-06-25,6978.49267578125,7051.185454831549,6978.49267578125,7014.838712480214,1044409
2010-06-28,7014.8388671875,7087.531647840986,6942.1467921864005,6942.1467921864005,1437588
2010-06-29,7051.18603515625,7087.532074846555,7014.839289813515,7014.839289813515,1043813
2010-06-30,6869.4541015625,7014.838959122469,6869.4541015625,6942.1468831686825,1583453
2010-07-01,6942.1474609375,6942.1474609375,6869.454673281371,6905.800714283208,1319378
2010-07-02,6905.80029296875,6978.493076189982,6905.80029296875,6978.493076189982,2151542
2010-07-05,7087.53173828125,7196.5705578266725,6869.454099190404,6869.454099190404,1509258
2010-07-06,7014.8388671875,7196.570465995023,6869.454011532915,6869.454011532915,1887209
2010-07-07,6942.1474609375,7014.839542941175,6942.1474609375,7014.839542941175,501648
2010-07-08,6942.1474609375,7051.186289595467,6942.1474609375,7014.839542941175,1108703
2010-07-09,6905.80029296875,6978.493076189982,6905.80029296875,6978.493076189982,540276
2010-07-12,6942.1474609375,6978.493501939337,6905.800714283208,6905.800714283208,933972
2010-07-13,6978.49267578125,6978.49267578125,6942.146639082286,6978.49267578125,411111
2010-07-14,7014.8388671875,7087.531647840986,7014.8388671875,7014.8388671875,1112520
2010-07-15,6978.49267578125,7051.185454831549,6978.49267578125,6978.49267578125,1420690
2010-07-16,6978.49267578125,6978.49267578125,6905.799896730951,6978.49267578125,1271844
2010-07-19,6978.49267578125,6978.49267578125,6942.146639082286,6942.146639082286,949976
2010-07-20,6905.80029296875,6978.493076189982,6869.45425418434,6942.1470374055725,876000
2010-07-21,6942.1474609375,7014.839542941175,6905.800714283208,6905.800714283208,1964565
2010-07-22,6942.1474609375,6978.493501939337,6905.800714283208,6942.1474609375,978366
2010-07-23,6942.1474609375,6978.493501939337,6905.800714283208,6942.1474609375,1573294
2010-07-26,6942.1474609375,6942.1474609375,6942.1474609375,6942.1474609375,0
2010-07-27,6869.4541015625,6942.1468831686825,6869.4541015625,6905.800139539393,828784
2010-07-28,6869.4541015625,6905.800139539393,6869.4541015625,6905.800139539393,1012958
2010-07-29,6905.80029296875,6905.80029296875,6833.107509747519,6869.45425418434,629202
2010-07-30,6869.4541015625,6905.800139539393,6869.4541015625,6869.4541015625,653198
2010-08-02,6796.76171875,6905.800544730827,6796.76171875,6869.454504621363,592900
2010-08-03,6760.41552734375,6833.107605935842,6760.41552734375,6796.761566639796,449441
2010-08-04,6687.72265625,6760.415439550498,6687.722656250001,6760.415439550498,567472
2010-08-05,6687.72265625,6724.068695074043,6651.375911773545,6724.068695074043,655623
2010-08-06,6578.68359375,6687.722411890422,6578.683593749999,6651.375668742023,583377
2010-08-09,6542.3369140625,6578.683657563463,6505.99087621393,6542.3369140625,1957805
2010-08-10,6360.60498046875,6542.336571500781,6324.258944523286,6542.336571500781,1007908
2010-08-11,6251.56591796875,6324.258692616549,6178.873143320951,6251.56591796875,595246
2010-08-12,5997.142578125,6178.874192784922,5997.142578125,6142.528152113918,1230452
2010-08-13,5997.142578125,6033.489324448454,5815.411316291302,5815.411316291302,2340070
2010-08-16,6178.87353515625,6215.220277611254,6033.488682293353,6069.834719095984,1186536
2010-08-17,6106.18115234375,6142.527187305876,5960.795601190572,6069.834411729286,838287
2010-08-18,6033.4892578125,6106.182044004115,5997.142511890473,6033.4892578125,1017511
2010-08-19,5924.44970703125,5997.14177868313,5924.44970703125,5997.14177868313,4062449
2010-08-20,5960.79638671875,5960.79638671875,5851.757561810635,5960.79638671875,566280
2010-08-23,5924.44970703125,5960.79574285719,5888.102965552956,5960.79574285719,177673
2010-08-24,5851.75732421875,5924.450106423512,5815.410933116368,5888.10336249493,738386
2010-08-25,5779.06396484375,5851.756739788495,5706.371189899006,5706.371189899006,1857905
2010-08-26,5815.41064453125,5888.103070302508,5779.064255232529,5815.41064453125,1419517
2010-08-27,5815.41064453125,5851.757033829971,5706.371476635088,5706.371476635088,743158
2010-08-30,6106.18115234375,6106.18115234375,5997.141636152697,6106.18115234375,1641126
2010-08-31,6142.52734375,6251.566157065826,6033.488530434173,6033.488530434173,880493
2010-09-01,6106.18115234375,6178.873222268001,6069.834411729286,6142.527187305876,647751
2010-09-02,6106.18115234375,6106.18115234375,6106.18115234375,6106.18115234375,0
2010-09-03,6106.18115234375,6106.18115234375,6106.18115234375,6106.18115234375,0
2010-09-06,6360.60498046875,6396.95172206657,6287.912908577822,6396.95172206657,2672017
2010-09-07,6287.91357421875,6505.991224282028,6215.22078898018,6505.991224282028,1326118
2010-09-08,6215.220703125,6251.566742415996,6178.873958181582,6178.873958181582,754589
2010-09-09,6324.25927734375,6324.25927734375,6178.873714606122,6215.220458116726,588069
2010-09-10,6178.87353515625,6360.60513047415,6178.87353515625,6324.25909367152,988505
2010-09-13,6178.87353515625,6251.566314413884,6106.181461550988,6106.181461550988,1054568
2010-09-14,6251.56591796875,6287.912658118813,6142.527108823217,6142.527108823217,1276933
2010-09-15,6287.91357421875,6324.259614011819,6215.22078898018,6215.22078898018,1247649
2010-09-16,6287.91357421875,6324.259614011819,6251.566828773249,6287.91357421875,1891603
2010-09-17,6287.91357421875,6324.259614011819,6287.91357421875,6324.259614011819,1224925
2010-09-20,6396.95166015625,6469.644436996006,6287.912847722791,6360.604918910197,1771623
2010-09-21,6396.95166015625,6433.297695749953,6360.604918910197,6396.95166015625,3218775
2010-09-22,6396.95166015625,6469.644436996006,6360.604918910197,6360.604918910197,2347307
2010-09-23,6396.95166015625,6396.95166015625,6396.95166015625,6396.95166015625,0
2010-09-24,6433.29736328125,6433.29736328125,6324.258556482847,6324.258556482847,1553890
2010-09-27,6396.95166015625,6433.297695749953,6324.258883316494,6396.95166015625,3284818
2010-09-28,6396.95166015625,6469.644436996006,6396.95166015625,6469.644436996006,1013793
2010-09-29,6469.64501953125,6542.337097263946,6433.298275012489,6433.298275012489,1828124
2010-09-30,6505.9912109375,6542.337250656019,6469.64517121898,6542.337250656019,939479
2010-10-01,6469.64501953125,6542.337097263946,6469.64501953125,6505.991058397598,2048024
2010-10-04,6433.29736328125,6469.644102648927,6433.29736328125,6433.29736328125,2403509
2010-10-05,6469.64501953125,6469.64501953125,6433.298275012489,6433.298275012489,1918859
2010-10-06,6505.9912109375,6542.337250656019,6469.64517121898,6469.64517121898,1421306
2010-10-07,6469.64501953125,6542.337097263946,6469.64501953125,6505.991058397598,3575473
2010-10-08,6498.72119140625,6673.183865199582,6498.72119140625,6542.336859854583,1487419
2010-10-11,6498.72119140625,6542.336859854583,6455.106228610305,6498.72119140625,404421
2010-10-12,6367.87451171875,6498.720803603273,6367.87451171875,6455.105843409997,451025
2010-10-13,6367.87451171875,6411.490177564373,6237.027514181881,6367.87451171875,638085
2010-10-14,6324.25927734375,6411.490614986327,6324.25927734375,6367.874946165039,337954
2010-10-15,6324.25927734375,6367.874946165039,6280.643608522461,6324.25927734375,614659
2010-10-18,6280.64404296875,6324.259714807033,6280.64404296875,6280.64404296875,263600
2010-10-19,6193.41162109375,6280.642949584391,6193.41162109375,6237.027285339071,382039
2010-10-20,6062.56640625,6149.797044516138,6062.56640625,6149.797044516138,519911
2010-10-21,6106.18115234375,6106.18115234375,6062.565486997796,6062.565486997796,627515
2010-10-22,6062.56640625,6106.182078209292,6018.950734290708,6106.182078209292,268719
2010-10-25,6106.18115234375,6106.18115234375,6018.949821651842,6106.18115234375,554090
2010-10-26,6237.02783203125,6367.874836236302,6106.181533478581,6106.181533478581,552184
2010-10-27,6149.796875,6280.643887271142,6106.181909895378,6237.028216514095,141384
2010-10-28,6237.02783203125,6237.02783203125,6106.181533478581,6193.4121639629,1098604
2010-10-29,6280.64404296875,6367.875386645315,6193.412699292184,6193.412699292184,607966
2010-11-01,6237.02783203125,6324.259168167951,6193.4121639629,6280.643500099601,529802
2010-11-02,6237.02783203125,6280.643500099601,6193.4121639629,6237.02783203125,610252
2010-11-03,6237.02783203125,6280.643500099601,6193.4121639629,6280.643500099601,731226
2010-11-04,6280.64404296875,6280.64404296875,6237.028371130466,6237.028371130466,394067
2010-11-05,6280.64404296875,6367.875386645315,6280.64404296875,6324.259714807033,693850
2010-11-08,6280.64404296875,6367.875386645315,6280.64404296875,6280.64404296875,609805
2010-11-09,6193.41162109375,6280.642949584391,6193.41162109375,6237.027285339071,1249597
2010-11-10,6193.41162109375,6237.027285339071,6193.41162109375,6193.41162109375,640670
2010-11-11,6106.18115234375,6237.0274427292725,6062.565486997796,6237.0274427292725,644845
2010-11-12,5975.33447265625,6062.56580796642,5888.10313734608,6062.56580796642,623771
2010-11-15,5888.103515625,5975.3348565393135,5888.103515625,5975.3348565393135,626190
2010-11-16,5800.873046875,5844.488721236962,5757.257372513038,5800.873046875,613665
2010-11-17,5800.873046875,5888.104042772682,5757.257372513038,5757.257372513038,908909
2010-11-18,5800.873046875,5888.104042772682,5800.873046875,5800.873046875,421867
2010-11-19,5844.48876953125,5888.104091427373,5800.873094808881,5800.873094808881,402980
2010-11-22,5888.103515625,5888.103515625,5757.25685707974,5800.872527536897,552400
2010-11-23,5888.103515625,5931.719186082157,5931.719186082157,5888.103515625,2074263
2010-11-24,5931.7197265625,5975.335400993785,5844.488730526173,5844.488730526173,769380
2010-11-25,6062.56640625,6149.797044516138,5931.7193903721245,5931.7193903721245,1205992
2010-11-26,6106.18115234375,6149.796112037366,6018.949821651842,6018.949821651842,1013465
2010-11-29,6062.56640625,6280.644060394014,6062.56640625,6280.644060394014,1167490
2010-11-30,6149.796875,6280.643887271142,6106.181909895378,6106.181909895378,1215187
2010-12-01,6106.18115234375,6193.411777383319,6062.565486997796,6062.565486997796,1124531
2010-12-02,6237.02783203125,6237.02783203125,6062.56586541023,6106.181533478581,1325028
2010-12-03,6411.490234375,6498.720861186829,6324.258901910818,6367.874568142909,1256423
2010-12-06,6411.490234375,6455.10590060709,6324.258901910818,6455.10590060709,2150389
2010-12-07,6367.87451171875,6411.490177564373,6324.258845873127,6367.87451171875,1832415
2010-12-08,6455.10595703125,6455.10595703125,6237.027623964571,6324.258957191242,2678419
2010-12-09,6455.10595703125,6455.10595703125,6324.258957191242,6411.490290417914,2095899
2010-12-10,6542.3369140625,6585.95258287222,6411.490613285734,6411.490613285734,5484140
2010-12-13,6847.6455078125,6847.6455078125,6760.414880715051,6847.6455078125,4161929
2010-12-14,7152.9560546875,7152.956054687499,6978.49336766954,7152.956054687499,12327935
2010-12-15,7501.8798828125,7501.8798828125,7327.417215335474,7414.648549073987,5576652
2010-12-16,7152.9560546875,7414.649379561997,7152.956054687499,7414.649379561997,3572203
2010-12-17,7240.1865234375,7371.03353564482,7022.108875411056,7327.417864909047,3938255
2010-12-20,7196.5712890625,7414.649655964449,7196.5712890625,7371.033982584059,4160951
2010-12-21,7065.72412109375,7196.570419777319,6978.492784869783,7109.339789205734,2170800
2010-12-22,7065.72412109375,7196.570419777319,7065.72412109375,7196.570419777319,2813342
2010-12-23,7065.72412109375,7065.72412109375,7065.72412109375,7065.72412109375,0
2010-12-24,7065.72412109375,7152.955457317718,7022.108452981766,7065.72412109375,1545537
2010-12-27,7196.5712890625,7196.5712890625,7065.724974573798,7196.5712890625,1543367
2010-12-28,7240.1865234375,7327.417864909047,7196.570852701726,7283.802194173273,2812099
2010-12-29,7156.68994140625,7343.792565546952,7063.138250945655,7343.792565546952,1528025
2010-12-30,7156.68994140625,7203.465786636548,7109.914096175953,7109.914096175953,1443036
2010-12-31,7250.2421875,7250.2421875,7156.69048986993,7156.69048986993,1812203
2011-01-03,7250.2421875,7250.2421875,7250.2421875,7250.2421875,0
2011-01-04,7156.68994140625,7297.017477097143,7156.68994140625,7250.241631866846,434507
2011-01-05,7016.361328125,7156.688842264041,7016.361328125,7156.688842264041,1246466
2011-01-06,7109.91259765625,7109.91259765625,6782.482506835411,6969.585091541464,4464363
2011-01-07,7016.361328125,7063.137166171347,6969.585490078653,7063.137166171347,3084994
2011-01-10,7016.361328125,7016.361328125,7016.361328125,7016.361328125,0
2011-01-11,6782.4833984375,7016.36184926001,6782.4833984375,7016.36184926001,1050625
2011-01-12,6876.03466796875,6969.585588603545,6829.25882926116,6876.03466796875,1071665
2011-01-13,6922.81103515625,6969.586120654216,6876.035192877844,6876.035192877844,473507
2011-01-14,6969.58642578125,7016.362270107494,6922.811338235481,6922.811338235481,724019
2011-01-17,7063.13818359375,7109.914028378007,6922.811406021458,6922.811406021458,1502876
2011-01-18,7016.361328125,7063.137166171347,7016.361328125,7016.361328125,1297095
2011-01-19,7016.361328125,7063.137166171347,6969.585490078653,7016.361328125,825477
2011-01-20,7063.13818359375,7063.13818359375,7016.362338809492,7016.362338809492,816895
2011-01-21,7156.68994140625,7297.017477097143,7063.138250945655,7109.914096175953,1386277
2011-01-24,7063.13818359375,7203.465717946523,7063.13818359375,7156.689873162265,953574
2011-01-25,7063.13818359375,7109.914028378007,7016.362338809492,7063.13818359375,1470007
2011-01-26,7109.91259765625,7156.688433027845,7063.136762284655,7109.91259765625,787902
2011-01-27,7156.68994140625,7156.68994140625,7109.914096175953,7156.68994140625,670458
2011-01-28,7156.68994140625,7203.465786636548,7156.68994140625,7156.68994140625,1045655
2011-01-31,7156.68994140625,7156.68994140625,7156.68994140625,7156.68994140625,0
2011-02-01,7156.68994140625,7156.68994140625,7156.68994140625,7156.68994140625,0
2011-02-02,7156.68994140625,7156.68994140625,7156.68994140625,7156.68994140625,0
2011-02-03,7156.68994140625,7156.68994140625,7156.68994140625,7156.68994140625,0
2011-02-04,7156.68994140625,7156.68994140625,7156.68994140625,7156.68994140625,0
2011-02-07,7156.68994140625,7156.68994140625,7156.68994140625,7156.68994140625,0
2011-02-08,7203.46484375,7297.016521965291,7156.689004642354,7156.689004642354,600676
2011-02-09,7297.017578125,7390.568513100327,7250.2417322470865,7297.017578125,1307731
2011-02-10,7297.017578125,7297.017578125,7250.2417322470865,7297.017578125,1472443
2011-02-11,7250.2421875,7297.018036315035,7203.466338684965,7297.018036315035,445989
2011-02-14,7203.46484375,7250.240682857645,7203.46484375,7250.240682857645,643138
2011-02-15,7156.68994140625,7203.465786636548,7156.68994140625,7156.68994140625,912421
2011-02-16,7109.91259765625,7156.688433027845,7109.91259765625,7156.688433027845,658115
2011-02-17,7203.46484375,7203.46484375,7109.913165534709,7109.913165534709,1689539
2011-02-18,7156.68994140625,7203.465786636548,7109.914096175953,7156.68994140625,1454997
2011-02-21,6876.03466796875,7109.913104726314,6829.25882926116,7016.361427311134,3362644
2011-02-22,6735.7080078125,6829.259697116127,6595.38047385706,6595.38047385706,1067225
2011-02-23,6969.58642578125,6969.586425781251,6735.707960930508,6735.707960930508,1177016
2011-02-24,6829.25927734375,6922.810960897059,6735.707593790441,6922.810960897059,1176950
2011-02-25,7016.361328125,7016.361328125,6829.258732719984,6876.034570766331,490720
2011-02-28,6922.81103515625,7016.361962932622,6922.81103515625,6969.586120654216,436413
2011-03-01,6969.58642578125,6969.586425781251,6876.035493909238,6876.035493909238,534027
2011-03-02,6782.4833984375,6969.586007739422,6735.707556916913,6969.586007739422,718685
2011-03-03,6829.25927734375,6876.0351191204045,6735.707593790441,6735.707593790441,468387
2011-03-04,6829.25927734375,6876.0351191204045,6782.483435567096,6876.0351191204045,322911
2011-03-07,6829.25927734375,6876.0351191204045,6782.483435567096,6876.0351191204045,385535
2011-03-08,6782.4833984375,6876.035081478675,6782.4833984375,6829.259239958088,402665
2011-03-09,6735.7080078125,6782.483852464313,6688.932163160686,6688.932163160686,538997
2011-03-10,6829.25927734375,6876.0351191204045,6735.707593790441,6735.707593790441,562456
2011-03-11,6969.58642578125,7016.362270107494,6829.259649582995,6876.035493909238,427483
2011-03-14,6876.03466796875,6969.585588603545,6829.25882926116,6829.25882926116,597115
2011-03-15,6829.25927734375,6876.0351191204045,6782.483435567096,6782.483435567096,325230
2011-03-16,6876.03466796875,6876.03466796875,6782.482990553571,6829.25882926116,435783
2011-03-17,6876.03466796875,6876.03466796875,6829.25882926116,6829.25882926116,533530
2011-03-18,6876.03466796875,6876.03466796875,6782.482990553571,6829.25882926116,574683
2011-03-21,6782.4833984375,6876.035081478675,6782.4833984375,6876.035081478675,483480
2011-03-22,6782.4833984375,6829.259239958088,6735.707556916913,6782.4833984375,1079038
2011-03-23,6829.25927734375,6829.25927734375,6735.707593790441,6735.707593790441,2141608
2011-03-24,6829.25927734375,6829.25927734375,6782.483435567096,6829.25927734375,855563
2011-03-25,6829.25927734375,6829.25927734375,6782.483435567096,6829.25927734375,1749562
2011-03-28,6829.25927734375,6876.0351191204045,6782.483435567096,6829.25927734375,781690
2011-03-29,6829.25927734375,6922.810960897059,6782.483435567096,6829.25927734375,1655891
2011-03-30,6876.03466796875,6922.810506676339,6782.482990553571,6782.482990553571,1031076
2011-03-31,6829.25927734375,6922.810960897059,6829.25927734375,6876.0351191204045,674417
2011-04-01,6829.25927734375,6876.0351191204045,6782.483435567096,6782.483435567096,825295
2011-04-04,6782.4833984375,6829.259239958088,6782.4833984375,6782.4833984375,1065784
2011-04-05,6829.25927734375,6829.25927734375,6782.483435567096,6829.25927734375,2111390
2011-04-06,6829.25927734375,6829.25927734375,6782.483435567096,6829.25927734375,846385
2011-04-07,6829.25927734375,6829.25927734375,6782.483435567096,6829.25927734375,965089
2011-04-08,6829.25927734375,6829.25927734375,6782.483435567096,6782.483435567096,645358
2011-04-11,6829.25927734375,6829.25927734375,6829.25927734375,6829.25927734375,0
2011-04-12,6829.25927734375,6829.25927734375,6829.25927734375,6829.25927734375,0
2011-04-13,6829.25927734375,6829.25927734375,6782.483435567096,6782.483435567096,902945
2011-04-14,6829.25927734375,6876.0351191204045,6782.483435567096,6782.483435567096,895937
2011-04-15,6782.4833984375,6876.035081478675,6782.4833984375,6782.4833984375,713201
2011-04-18,6782.4833984375,6829.259239958088,6782.4833984375,6829.259239958088,1196350
2011-04-19,6829.25927734375,6876.0351191204045,6782.483435567096,6829.25927734375,937206
2011-04-20,6829.25927734375,6829.25927734375,6782.483435567096,6829.25927734375,1284040
2011-04-21,6782.4833984375,6829.259239958088,6782.4833984375,6829.259239958088,375445
2011-04-22,6782.4833984375,6829.259239958088,6782.4833984375,6782.4833984375,1291396
2011-04-25,6829.25927734375,6829.25927734375,6782.483435567096,6782.483435567096,317145
2011-04-26,6782.4833984375,6829.259239958088,6782.4833984375,6829.259239958088,1316959
2011-04-27,6782.4833984375,6782.4833984375,6735.707556916913,6782.4833984375,1307069
2011-04-28,6829.25927734375,6876.0351191204045,6782.483435567096,6782.483435567096,1315071
2011-04-29,6876.03466796875,6876.03466796875,6782.482990553571,6829.25882926116,777498
2011-05-02,6876.03466796875,6876.03466796875,6876.03466796875,6876.03466796875,0
2011-05-03,6876.03466796875,6876.03466796875,6876.03466796875,6876.03466796875,0
2011-05-04,6922.81103515625,6969.586120654216,6829.259350599436,6829.259350599436,1039774
2011-05-05,6969.58642578125,6969.586425781251,6876.035493909238,6922.811338235481,1147941
2011-05-06,7016.361328125,7016.361328125,6969.585490078653,7016.361328125,712704
2011-05-09,6969.58642578125,7016.362270107494,6969.586425781251,6969.586425781251,370044
2011-05-10,6969.58642578125,7016.362270107494,6969.586425781251,6969.586425781251,268156
2011-05-11,6922.81103515625,7016.361962932622,6922.81103515625,6969.586120654216,780232
2011-05-12,6969.58642578125,7016.362270107494,6922.811338235481,6922.811338235481,1906503
2011-05-13,6969.58642578125,7016.362270107494,6969.586425781251,6969.586425781251,1820039
2011-05-16,7016.361328125,7016.361328125,6969.585490078653,6969.585490078653,880828
2011-05-17,7016.361328125,7016.361328125,6969.585490078653,6969.585490078653,986328
2011-05-18,7016.361328125,7016.361328125,6969.585490078653,6969.585490078653,1339424
2011-05-19,7016.361328125,7063.137166171347,6969.585490078653,6969.585490078653,1792935
2011-05-20,7016.361328125,7063.137166171347,6969.585490078653,7063.137166171347,1906188
2011-05-23,6969.58642578125,7156.689803086224,6922.811338235481,7016.362270107494,3072586
2011-05-24,6876.03466796875,6969.585588603545,6782.482990553571,6782.482990553571,3060260
2011-05-25,6829.25927734375,6829.25927734375,6688.9317520137865,6688.9317520137865,2002792
2011-05-26,6922.81103515625,6922.81103515625,6688.9318237642165,6735.707666042623,3388953
2011-05-27,6922.81103515625,6969.586120654216,6829.259350599436,6829.259350599436,5180729
2011-05-30,6922.81103515625,6969.586120654216,6922.81103515625,6969.586120654216,1951500
2011-05-31,6969.58642578125,6969.586425781251,6922.811338235481,6922.811338235481,1373470
2011-06-01,6969.58642578125,7016.362270107494,6922.811338235481,7016.362270107494,2709267
2011-06-02,7083.00341796875,7130.223537524533,6988.563942825533,6988.563942825533,1636855
2011-06-03,7035.7822265625,7130.22245128678,7035.7822265625,7130.22245128678,1564954
2011-06-06,6941.34326171875,7035.782729221864,6941.34326171875,6941.34326171875,73243
2011-06-07,6988.56298828125,7035.782337419153,6941.342875175104,6988.56298828125,184409
2011-06-08,6988.56298828125,7035.782337419153,6988.56298828125,7035.782337419153,469729
2011-06-09,6988.56298828125,7035.782337419153,6988.56298828125,6988.56298828125,329968
2011-06-10,6988.56298828125,7083.0024505253,6988.56298828125,6988.56298828125,1200045
2011-06-13,6988.56298828125,7035.782337419153,6988.56298828125,6988.56298828125,530448
2011-06-14,6988.56298828125,7035.782337419153,6941.342875175104,6988.56298828125,893452
2011-06-15,6941.34326171875,6988.563377454449,6941.34326171875,6988.563377454449,672131
2011-06-16,6988.56298828125,6988.56298828125,6941.342875175104,6988.56298828125,542476
2011-06-17,6941.34326171875,6988.563377454449,6894.12314598305,6988.563377454449,451704
2011-06-20,6894.12255859375,6941.342670306227,6894.122558593749,6894.122558593749,327997
2011-06-21,6941.34326171875,6941.34326171875,6894.12314598305,6894.12314598305,104754
2011-06-22,6894.12255859375,6941.342670306227,6894.122558593749,6894.122558593749,170642
2011-06-23,6894.12255859375,6941.342670306227,6894.122558593749,6894.122558593749,184260
2011-06-24,6894.12255859375,6941.342670306227,6894.122558593749,6894.122558593749,194117
2011-06-27,6894.12255859375,6941.342670306227,6846.902446881272,6894.122558593749,349567
2011-06-28,6894.12255859375,6941.342670306227,6894.122558593749,6894.122558593749,294929
2011-06-29,6894.12255859375,6941.342670306227,6846.902446881272,6894.122558593749,227235
2011-06-30,6894.12255859375,6941.342670306227,6894.122558593749,6894.122558593749,316483
2011-07-01,6894.12255859375,6941.342670306227,6846.902446881272,6894.122558593749,622247
2011-07-04,6941.34326171875,6988.563377454449,6894.12314598305,6894.12314598305,299667
2011-07-05,6941.34326171875,6988.563377454449,6941.34326171875,6941.34326171875,377467
2011-07-06,6894.12255859375,6988.562782018705,6894.122558593749,6941.342670306227,742773
2011-07-07,6941.34326171875,6941.34326171875,6894.12314598305,6894.12314598305,678426
2011-07-08,6941.34326171875,6988.563377454449,6941.34326171875,6988.563377454449,532088
2011-07-11,6941.34326171875,6988.563377454449,6941.34326171875,6941.34326171875,256178
2011-07-12,6941.34326171875,6988.563377454449,6941.34326171875,6988.563377454449,1064757
2011-07-13,6941.34326171875,6988.563377454449,6894.12314598305,6941.34326171875,998803
2011-07-14,6941.34326171875,6941.34326171875,6894.12314598305,6941.34326171875,907700
2011-07-15,6941.34326171875,6941.34326171875,6894.12314598305,6941.34326171875,724964
2011-07-18,6988.56298828125,6988.56298828125,6894.122762068958,6941.342875175104,1128574
2011-07-19,7035.7822265625,7035.7822265625,6941.34276580645,6988.56287816859,621700
2011-07-20,7130.22265625,7130.22265625,6988.563079059707,6988.563079059707,559242
2011-07-21,7319.10302734375,7460.762602912418,7177.44268780684,7460.762602912418,1396366
2011-07-22,7177.44287109375,7319.103214248173,7130.222756708943,7319.103214248173,184707
2011-07-25,7035.7822265625,7130.22245128678,7035.7822265625,7130.22245128678,141401
2011-07-26,7035.7822265625,7083.00233892464,7035.7822265625,7083.00233892464,105019
2011-07-27,7035.7822265625,7083.00233892464,6988.56287816859,7083.00233892464,123906
2011-07-28,7035.7822265625,7035.7822265625,6988.56287816859,6988.56287816859,209856
2011-07-29,7035.7822265625,7083.00233892464,7035.7822265625,7083.00233892464,212888
2011-08-01,7035.7822265625,7083.00233892464,6988.56287816859,7035.7822265625,1463215
2011-08-02,7035.7822265625,7083.00233892464,6988.56287816859,7035.7822265625,743337
2011-08-03,7035.7822265625,7083.00233892464,7035.7822265625,7035.7822265625,859357
2011-08-04,7130.22265625,7130.22265625,7035.78242881097,7035.78242881097,366648
2011-08-05,7083.00341796875,7083.00341796875,7035.783298412968,7035.783298412968,132487
2011-08-08,7035.7822265625,7083.00233892464,7035.7822265625,7083.00233892464,290091
2011-08-09,6988.56298828125,7035.782337419153,6941.342875175104,6988.56298828125,1220041
2011-08-10,7035.7822265625,7035.7822265625,6988.56287816859,6988.56287816859,213070
2011-08-11,7035.7822265625,7083.00233892464,6988.56287816859,7035.7822265625,308083
2011-08-12,7083.00341796875,7083.00341796875,7035.783298412968,7035.783298412968,317659
2011-08-15,7083.00341796875,7083.00341796875,6988.563942825533,7035.783298412968,592277
2011-08-16,7035.7822265625,7083.00233892464,7035.7822265625,7035.7822265625,404554
2011-08-17,7083.00341796875,7083.00341796875,7035.783298412968,7035.783298412968,980943
2011-08-18,7083.00341796875,7083.00341796875,7035.783298412968,7083.00341796875,244631
2011-08-19,7035.7822265625,7035.7822265625,7035.7822265625,7035.7822265625,402102
2011-08-22,7035.7822265625,7083.00233892464,6988.56287816859,6988.56287816859,705746
2011-08-23,7083.00341796875,7130.223537524533,7035.783298412968,7035.783298412968,1042573
2011-08-24,7035.7822265625,7083.00233892464,6988.56287816859,7083.00233892464,1586060
2011-08-25,7035.7822265625,7083.00233892464,6988.56287816859,7083.00233892464,422678
2011-08-26,7035.7822265625,7083.00233892464,6988.56287816859,7035.7822265625,778227
2011-08-29,7177.44287109375,7177.44287109375,7083.002642324135,7083.002642324135,662688
2011-08-30,7130.22265625,7319.103111128061,7130.22265625,7319.103111128061,747561
2011-08-31,7177.44287109375,7177.44287109375,7130.222756708943,7177.44287109375,623407
2011-09-01,7507.98388671875,7507.98388671875,7224.663927438584,7224.663927438584,5609786
2011-09-02,7507.98388671875,7507.98388671875,7507.98388671875,7507.98388671875,0
2011-09-05,7602.4228515625,7791.302538052084,7460.762513719136,7791.302538052084,1359868
2011-09-06,7460.7626953125,7555.202922840064,7413.542581548718,7507.982809076282,586959
2011-09-07,7555.203125,7555.203125,7460.762894945432,7555.203125,837140
2011-09-08,7460.7626953125,7602.423036603846,7460.7626953125,7602.423036603846,2247953
2011-09-09,7460.7626953125,7507.982809076282,7413.542581548718,7460.7626953125,1185118
2011-09-12,7413.54296875,7460.763084980037,7366.323616488255,7366.323616488255,887488
2011-09-13,7460.7626953125,7507.982809076282,7366.323231753189,7366.323231753189,795325
2011-09-14,7413.54296875,7507.983201210074,7413.54296875,7460.763084980037,1536541
2011-09-15,7413.54296875,7460.763084980037,7366.323616488255,7413.54296875,871948
2011-09-16,7366.32373046875,7460.763200421811,7366.32373046875,7413.543083461129,818717
2011-09-19,7413.54296875,7460.763084980037,7366.323616488255,7366.323616488255,935963
2011-09-20,7413.54296875,7460.763084980037,7366.323616488255,7366.323616488255,599401
2011-09-21,7460.7626953125,7507.982809076282,7366.323231753189,7366.323231753189,1352446
2011-09-22,7696.86279296875,7696.86279296875,7413.542127729503,7460.762238602711,1552611
2011-09-23,7555.203125,7602.423240027285,7507.983009972716,7507.983009972716,603278
2011-09-26,7507.98388671875,7555.204007260172,7460.763766177329,7555.204007260172,811743
2011-09-27,7507.98388671875,7555.204007260172,7507.98388671875,7555.204007260172,617509
2011-09-28,7507.98388671875,7555.204007260172,7460.763766177329,7507.98388671875,373126
2011-09-29,7507.98388671875,7507.98388671875,7460.763766177329,7460.763766177329,987885
2011-09-30,7555.203125,7555.203125,7460.762894945432,7460.762894945432,713847
2011-10-03,7507.98388671875,7555.204007260172,7507.98388671875,7555.204007260172,667426
2011-10-04,7507.98388671875,7555.204007260172,7460.763766177329,7507.98388671875,1184074
2011-10-05,7507.98388671875,7555.204007260172,7507.98388671875,7555.204007260172,1116712
2011-10-06,7507.98388671875,7507.98388671875,7460.763766177329,7507.98388671875,346486
2011-10-07,7555.203125,7555.203125,7460.762894945432,7507.983009972716,617674
2011-10-10,7507.98388671875,7555.204007260172,7460.763766177329,7507.98388671875,1381141
2011-10-11,7460.7626953125,7507.982809076282,7413.542581548718,7507.982809076282,1303142
2011-10-12,7460.7626953125,7460.7626953125,7413.542581548718,7460.7626953125,1013862
2011-10-13,7460.7626953125,7460.7626953125,7319.103117989407,7413.542581548718,1045257
2011-10-14,7319.10302734375,7507.982716091387,7319.10302734375,7507.982716091387,1716709
2011-10-17,7035.7822265625,7413.542361491391,6988.56287816859,7413.542361491391,2360643
2011-10-18,6894.12255859375,7083.002241475439,6799.682335168794,7083.002241475439,2538906
2011-10-19,6894.12255859375,6894.122558593749,6799.682335168794,6846.902446881272,1820669
2011-10-20,6846.90283203125,6894.12294639994,6846.90283203125,6846.90283203125,649583
2011-10-21,6516.36328125,7035.783050094707,6516.36328125,6894.123460395386,761213
2011-10-24,6799.68310546875,6799.68310546875,6799.68310546875,6799.68310546875,380101
2011-10-25,6894.12255859375,6941.342670306227,6846.902446881272,6894.122558593749,481277
2011-10-26,6988.56298828125,7035.782337419153,6941.342875175104,6988.56298828125,411413
2011-10-27,6941.34326171875,6988.563377454449,6941.34326171875,6988.563377454449,509706
2011-10-28,6941.34326171875,7083.002844957564,6941.34326171875,6988.563377454449,1053839
2011-10-31,6941.34326171875,6988.563377454449,6894.12314598305,6988.563377454449,1031275
2011-11-01,6941.34326171875,6988.563377454449,6894.12314598305,6941.34326171875,1228325
2011-11-02,6941.34326171875,6941.34326171875,6846.90303024735,6941.34326171875,983379
2011-11-03,6894.12255859375,6941.342670306227,6846.902446881272,6846.902446881272,543039
2011-11-04,6894.12255859375,6941.342670306227,6846.902446881272,6894.122558593749,837471
2011-11-07,6894.12255859375,6894.122558593749,6846.902446881272,6894.122558593749,544182
2011-11-08,6846.90283203125,6894.12294639994,6846.90283203125,6846.90283203125,815702
2011-11-09,6799.68310546875,6846.903222530544,6752.462988406956,6846.903222530544,358348
2011-11-10,6799.68310546875,6799.68310546875,6705.242871345163,6752.462988406956,381310
2011-11-11,6799.68310546875,6846.903222530544,6752.462988406956,6752.462988406956,438003
2011-11-14,6799.68310546875,6799.68310546875,6752.462988406956,6799.68310546875,771650
2011-11-15,6799.68310546875,6846.903222530544,6799.68310546875,6846.903222530544,1745321
2011-11-16,6846.90283203125,6941.34306076863,6799.68271766256,6799.68271766256,1431306
2011-11-17,6894.12255859375,6941.342670306227,6846.902446881272,6846.902446881272,555962
2011-11-18,6894.12255859375,6894.122558593749,6846.902446881272,6894.122558593749,778674
2011-11-21,6941.34326171875,6988.563377454449,6894.12314598305,6894.12314598305,918734
2011-11-22,6894.12255859375,6894.122558593749,6894.122558593749,6894.122558593749,0
2011-11-23,7177.44287109375,7177.44287109375,7035.782527939327,7035.782527939327,962686
2011-11-24,7224.6630859375,7271.883200978903,7177.442970896097,7177.442970896097,671750
2011-11-25,7224.6630859375,7224.6630859375,7177.442970896097,7224.6630859375,1195820
2011-11-28,7347.90771484375,7403.154848320886,7292.660581366614,7403.154848320886,235424
2011-11-29,7237.41259765625,7347.907627261825,7237.41259765625,7347.907627261825,148864
2011-11-30,7126.91796875,7292.660122726094,7126.91796875,7292.660122726094,111736
2011-12-01,7071.67041015625,7182.165439370016,7071.67041015625,7126.91830674729,89873
2011-12-02,7126.91796875,7126.91796875,7016.422944776512,7016.422944776512,102093
2011-12-05,7126.91796875,7182.165098752605,7126.91796875,7182.165098752605,186345
2011-12-06,7126.91796875,7182.165098752605,7071.6700747791165,7182.165098752605,223912
2011-12-07,7071.67041015625,7126.91830674729,7071.67041015625,7126.91830674729,329673
2011-12-08,7182.16552734375,7182.16552734375,7071.670496776541,7071.670496776541,559787
2011-12-09,7237.41259765625,7292.660494443196,7182.165464837621,7182.165464837621,530065
2011-12-12,7347.90771484375,7347.90771484375,7237.412683921151,7237.412683921151,868970
2011-12-13,7403.15478515625,7458.40268213033,7347.907652150489,7347.907652150489,567886
2011-12-14,7403.15478515625,7458.40268213033,7403.15478515625,7458.40268213033,1115354
2011-12-15,7403.15478515625,7458.40268213033,7347.907652150489,7403.15478515625,1092118
2011-12-16,7458.40185546875,7458.40185546875,7403.153964618141,7403.153964618141,442698
2011-12-19,7513.6494140625,7568.897308087485,7458.402284005794,7568.897308087485,203337
2011-12-20,7513.6494140625,7568.897308087485,7458.402284005794,7513.6494140625,1859873
2011-12-21,7624.14501953125,7679.3921538008835,7458.402852754013,7458.402852754013,1074928
2011-12-22,7624.14501953125,7734.640052038853,7624.14501953125,7734.640052038853,604093
2011-12-23,7679.39208984375,7679.39208984375,7624.144956034238,7624.144956034238,458840
2011-12-26,7845.134765625,7845.134765625,7679.391841617229,7734.639737609255,819481
2011-12-27,7789.88671875,7900.381744625558,7734.639587796367,7900.381744625558,329658
2011-12-28,7789.88671875,7789.88671875,7734.639587796367,7734.639587796367,191910
2011-12-29,7900.38232421875,8010.87735820052,7845.13518921204,7845.13518921204,476370
2011-12-30,7900.38232421875,7955.629459225462,7845.13518921204,7845.13518921204,398207
2012-01-02,7900.38232421875,7900.382324218751,7900.382324218751,7900.382324218751,0
2012-01-03,7900.38232421875,8066.12449320723,7900.382324218751,8010.87735820052,516797
2012-01-04,8010.876953125,8010.876953125001,7845.134792517388,7900.381924730489,491861
2012-01-05,7900.38232421875,8066.12449320723,7845.13518921204,8066.12449320723,424261
2012-01-06,7955.62841796875,7955.628417968749,7845.13416241715,7900.38129019295,421968
2012-01-09,7955.62841796875,8010.876309712797,7900.38129019295,8010.876309712797,834916
2012-01-10,8066.1240234375,8121.371155226627,7955.628995890944,8010.876891648373,1200683
2012-01-11,8287.1142578125,8287.1142578125,8066.124197938529,8066.124197938529,1501611
2012-01-12,8413.2587890625,8534.313071064786,8352.732066549124,8413.2587890625,780924
2012-01-13,8413.2587890625,8473.786348551408,8413.2587890625,8413.2587890625,856878
2012-01-16,8171.150390625,8413.25809776049,8171.150390625,8413.25809776049,599477
2012-01-17,8171.150390625,8231.677108165008,8171.150390625,8171.150390625,734153
2012-01-18,8171.150390625,8292.204662680477,8171.150390625,8231.677108165008,416672
2012-01-19,8413.2587890625,8413.2587890625,8171.151062033463,8292.205344035747,320370
2012-01-20,8473.7861328125,8534.312853784893,8413.258574864598,8413.258574864598,422534
2012-01-23,8473.7861328125,8473.7861328125,8473.7861328125,8473.7861328125,0
2012-01-24,8473.7861328125,8473.7861328125,8473.7861328125,8473.7861328125,0
2012-01-25,8473.7861328125,8473.7861328125,8473.7861328125,8473.7861328125,0
2012-01-26,8473.7861328125,8473.7861328125,8473.7861328125,8473.7861328125,0
2012-01-27,8473.7861328125,8473.7861328125,8473.7861328125,8473.7861328125,0
2012-01-30,8776.421875,8836.948599168063,8473.786580208583,8534.313304376645,691970
2012-01-31,8958.001953125,9079.056225850783,8836.947680399217,8836.947680399217,3735861
2012-02-01,9079.0576171875,9139.584344338187,8836.949034633564,8897.47576178425,3536998
2012-02-02,9502.744140625,9502.744140625,9200.10890227608,9200.10890227608,8120717
2012-02-03,9563.2734375,9865.908731134374,9502.745876587796,9684.326885373308,2385181
2012-02-06,9563.2734375,9563.2734375,9381.692428714485,9563.2734375,1065001
2012-02-07,9563.2734375,9684.326885373308,9442.21915265114,9563.2734375,6010013
2012-02-08,9865.908203125,9926.434923822351,9623.799646384588,9623.799646384588,4845098
2012-02-09,9986.9609375,10289.59619351292,9926.434221087597,10168.54276068811,5644204
2012-02-10,9684.326171875,10108.015719142662,9684.326171875,10108.015719142662,3395341
2012-02-13,9260.6376953125,9684.326416298172,9260.6376953125,9623.799695293224,2500641
2012-02-14,9381.6923828125,9502.745830093529,9200.110537939863,9200.110537939863,2051953
2012-02-15,9321.1640625,9381.691618182924,9200.109788109628,9381.691618182924,2727598
2012-02-16,9321.1640625,9381.691618182924,9079.056350694736,9260.637343792552,1757100
2012-02-17,9623.7998046875,9623.7998046875,9381.692080940136,9381.692080940136,3208585
2012-02-20,9986.9609375,9986.9609375,9744.853234874932,9805.379951287336,5287853
2012-02-21,9926.4345703125,10229.069836972523,9805.380296253395,10229.069836972523,5822903
2012-02-22,10168.5439453125,10229.070668776203,9805.381093603648,9865.908654042896,3517428
2012-02-23,10229.0703125,10289.59703385557,10047.489311457772,10168.54359114443,3591627
2012-02-24,10168.5439453125,10471.17839960656,10047.489661409549,10229.070668776203,4472138
2012-02-27,10289.5966796875,10350.124235935227,10108.015684895292,10168.54324114302,4440887
2012-02-28,10350.1240234375,10592.23173253125,10289.59646843246,10471.17745949664,5795050
2012-02-29,10834.3408203125,10834.3408203125,10350.12454093894,10350.12454093894,3713290
2012-03-01,11318.556640625,11318.556640625,10955.394655067928,11076.448092269968,5875564
2012-03-02,11802.771484375,11863.298195714598,11379.08199407168,11802.771484375,7609909
2012-03-05,12347.5146484375,12347.5146484375,12044.879411634827,12165.933673750977,11470038
2012-03-06,11742.2470703125,12771.20638624563,11742.2470703125,12771.20638624563,8793855
2012-03-07,11197.501953125,11560.663925277027,11197.501953125,11379.082939201013,13198946
2012-03-08,10652.7587890625,11015.920754197448,10652.7587890625,10834.339771629971,7519625
2012-03-09,10350.1240234375,10955.39455163508,10168.54303237332,10471.17745949664,6253679
2012-03-12,10229.0703125,10410.651313542228,10168.54359114443,10350.124592186658,5288519
2012-03-13,10471.1767578125,10592.23102273514,10229.06906494263,10410.650043838888,4590827
2012-03-14,10350.1240234375,10592.23173253125,10289.59646843246,10592.23173253125,3791906
2012-03-15,10592.232421875,10652.75998081918,10168.543694143356,10229.070416112014,7437086
2012-03-16,10531.705078125,10834.340344052049,10471.177522754306,10834.340344052049,5511213
2012-03-19,10471.1767578125,10652.758573684168,10350.123329865271,10410.650043838888,2272538
2012-03-20,10773.8125,10773.8125,10410.65052540856,10471.177242181982,3386958
2012-03-21,10894.8671875,11197.502456900736,10773.81291234461,10894.8671875,5598835
2012-03-22,10713.287109375,10955.3956803891,10713.287109375,10773.813833640746,2668636
2012-03-23,10713.287109375,10834.341394882047,10652.760385109254,10713.287109375,3093407
2012-03-26,10652.7587890625,10834.339771629971,10592.231236889722,10773.812219457195,2894771
2012-03-27,10410.6513671875,10652.759927808382,10410.6513671875,10592.232369165402,5672212
2012-03-28,10531.705078125,10592.23179652022,10229.069812197951,10410.650804359086,2817330
2012-03-29,10592.232421875,10834.340983700677,10531.705699906344,10592.232421875,4614149
2012-03-30,10471.1767578125,10652.758573684168,10471.1767578125,10592.23102273514,1660316
2012-04-02,10471.1767578125,10471.1767578125,10471.1767578125,10471.1767578125,0
2012-04-03,10592.232421875,10713.286702787836,10471.178140962164,10471.178140962164,900335
2012-04-04,10531.705078125,10652.759351890914,10471.177522754306,10652.759351890914,1205412
2012-04-05,10834.3408203125,10834.3408203125,10531.705541082089,10531.705541082089,5485470
2012-04-06,10894.8671875,11136.975737810782,10834.340468410048,10894.8671875,4666428
2012-04-09,10955.39453125,11015.921249166946,10894.866976357584,10955.39453125,2130853
2012-04-10,10834.3408203125,11015.921820455647,10773.81326228111,10955.395099399768,2382575
2012-04-11,10955.39453125,10955.39453125,10834.34025844064,10955.39453125,4157914
2012-04-12,11136.9755859375,11379.083295971212,10955.394594168349,10955.394594168349,5772324
2012-04-13,11015.9208984375,11197.501883382556,11015.9208984375,11197.501883382556,4695229
2012-04-16,11136.9755859375,11197.50230420206,10894.867038928318,11015.921312432907,4174991
2012-04-17,11136.9755859375,11197.50230420206,11076.44803069747,11197.50230420206,2935452
2012-04-18,11076.4482421875,11197.50251800346,11015.921522767265,11076.4482421875,6021129
2012-04-19,11015.9208984375,11136.975167392684,11015.9208984375,11015.9208984375,4455543
2012-04-20,11015.9208984375,11136.975167392684,10955.394182447628,11015.9208984375,1698930
2012-04-23,11015.9208984375,11076.447614427372,10955.394182447628,10955.394182447628,1310295
2012-04-24,11015.9208984375,11076.447614427372,10894.866629482316,11015.9208984375,1701239
2012-04-25,11197.501953125,11197.501953125,11015.920967048984,11076.44768341584,2541281
2012-04-26,11076.4482421875,11197.50251800346,11015.921522767265,11197.50251800346,1732518
2012-04-27,11076.4482421875,11136.975798583224,11015.921522767265,11076.4482421875,1435795
2012-04-30,11076.4482421875,11076.4482421875,11076.4482421875,11076.4482421875,0
2012-05-01,11076.4482421875,11076.4482421875,11076.4482421875,11076.4482421875,0
2012-05-02,11015.9208984375,11136.975167392684,11015.9208984375,11076.447614427372,2181517
2012-05-03,11015.9208984375,11076.447614427372,10955.394182447628,11015.9208984375,2239134
2012-05-04,11076.4482421875,11136.975798583224,11015.921522767265,11015.921522767265,2714826
2012-05-07,11076.4482421875,11136.975798583224,11015.921522767265,11076.4482421875,2152489
2012-05-08,11379.083984375,11439.611543276786,11076.448700792642,11136.976259694427,4527589
2012-05-09,11258.029296875,11439.611130045583,11197.502577135134,11379.083573330225,1676558
2012-05-10,11136.9755859375,11318.556577706651,11136.9755859375,11318.556577706651,1723626
2012-05-11,11136.9755859375,11197.50230420206,11076.44803069747,11136.9755859375,2043443
2012-05-14,11015.9208984375,11197.501883382556,10955.394182447628,11197.501883382556,3614863
2012-05-15,10955.39453125,11015.921249166946,10834.34025844064,10955.39453125,4878332
2012-05-16,10955.39453125,11015.921249166946,10894.866976357584,10955.39453125,2860178
2012-05-17,10894.8671875,11015.921462655391,10894.8671875,10894.8671875,2090327
2012-05-18,10713.287109375,10894.868119147795,10652.760385109254,10894.868119147795,4735585
2012-05-21,10955.39453125,11015.921249166946,10713.28598563128,10713.28598563128,1202070
2012-05-22,11015.9208984375,11015.9208984375,10894.866629482316,11015.9208984375,2083219
2012-05-23,11015.9208984375,11015.9208984375,10894.866629482316,10955.394182447628,2216181
2012-05-24,10834.3408203125,11015.921820455647,10834.3408203125,11015.921820455647,2739365
2012-05-25,10955.39453125,11015.921249166946,10834.34025844064,10894.866976357584,974236
2012-05-28,11015.9208984375,11076.447614427372,10955.394182447628,11076.447614427372,1022989
2012-05-29,11015.9208984375,11076.447614427372,10955.394182447628,11015.9208984375,916024
2012-05-30,11136.9755859375,11258.02902246662,11015.921312432907,11076.44803069747,1196081
2012-05-31,11076.4482421875,11136.975798583224,11015.921522767265,11076.4482421875,1515728
2012-06-01,11135.7529296875,11260.17494717378,11073.541490814245,11260.17494717378,367112
2012-06-04,11011.3310546875,11073.54163410553,11011.3310546875,11073.54163410553,3012157
2012-06-05,11135.7529296875,11135.7529296875,10949.120333588193,10949.120333588193,780017
2012-06-06,11197.9638671875,11197.9638671875,11073.54184571358,11073.54184571358,899995
2012-06-07,11260.1748046875,11260.1748046875,11197.963366601469,11197.963366601469,1189737
2012-06-08,11260.1748046875,11384.595960339127,11260.1748046875,11322.385382513314,1615047
2012-06-11,11322.3857421875,11384.596321989537,11260.175162385463,11260.175162385463,1272233
2012-06-12,11322.3857421875,11384.596321989537,11260.175162385463,11260.175162385463,1060527
2012-06-13,11322.3857421875,11322.3857421875,11260.175162385463,11322.3857421875,1190261
2012-06-14,11322.3857421875,11384.596321989537,11260.175162385463,11322.3857421875,642609
2012-06-15,11384.5966796875,11384.5966796875,11260.175516174182,11260.175516174182,649009
2012-06-18,11322.3857421875,11384.596321989537,11322.3857421875,11384.596321989537,1589785
2012-06-19,11384.5966796875,11384.5966796875,11322.38609793084,11322.38609793084,969917
2012-06-20,11446.8076171875,11446.8076171875,11322.3855988978,11384.596177912534,679623
2012-06-21,11446.8076171875,11509.018196202234,11384.596177912534,11384.596177912534,1490467
2012-06-22,11384.5966796875,11446.80812170443,11322.38609793084,11446.80812170443,1312901
2012-06-25,11322.3857421875,11446.807762051814,11322.3857421875,11384.596321989537,1749737
2012-06-26,11384.5966796875,11446.80812170443,11260.175516174182,11322.38609793084,2333610
2012-06-27,11322.3857421875,11446.807762051814,11322.3857421875,11384.596321989537,1217080
2012-06-28,11384.5966796875,11446.80812170443,11322.38609793084,11322.38609793084,1199451
2012-06-29,11820.0712890625,11820.0712890625,11322.384140279037,11322.384140279037,1369427
2012-07-02,11446.8076171875,11633.440214491931,11446.8076171875,11571.228775216969,410739
2012-07-03,11384.5966796875,11446.80812170443,11322.38609793084,11446.80812170443,1432383
2012-07-04,11384.5966796875,11446.80812170443,11384.5966796875,11446.80812170443,301678
2012-07-05,11509.0185546875,11509.0185546875,11322.385951569797,11384.596532522277,1230504
2012-07-06,11571.2294921875,11633.44093531718,11509.018909318109,11571.2294921875,809343
2012-07-09,11509.0185546875,11633.44057685272,11446.807973735018,11509.0185546875,544352
2012-07-10,11509.0185546875,11509.0185546875,11446.807973735018,11446.807973735018,68152
2012-07-11,11509.0185546875,11509.0185546875,11446.807973735018,11446.807973735018,266816
2012-07-12,11509.0185546875,11571.22913563998,11446.807973735018,11446.807973735018,490983
2012-07-13,11571.2294921875,11571.2294921875,11509.018909318109,11509.018909318109,774
2012-07-16,11571.2294921875,11633.44093531718,11571.2294921875,11571.2294921875,1250058
2012-07-17,11571.2294921875,11633.44093531718,11571.2294921875,11571.2294921875,426074
2012-07-18,11571.2294921875,11633.44093531718,11571.2294921875,11571.2294921875,291766
2012-07-19,11633.439453125,11695.650028068274,11571.22801792155,11571.22801792155,641759
2012-07-20,11695.6494140625,11757.860845999936,11633.438842385196,11633.438842385196,1322798
2012-07-23,11633.439453125,11695.650028068274,11633.439453125,11695.650028068274,281500
2012-07-24,11571.2294921875,11633.44093531718,11571.2294921875,11633.44093531718,475011
2012-07-25,11571.2294921875,11633.44093531718,11509.018909318109,11509.018909318109,856042
2012-07-26,11633.439453125,11633.439453125,11571.22801792155,11571.22801792155,497978
2012-07-27,11633.439453125,11695.650028068274,11633.439453125,11633.439453125,184986
2012-07-30,11633.439453125,11695.650028068274,11633.439453125,11633.439453125,184986
2012-07-31,11695.6494140625,11757.860845999936,11633.438842385196,11633.438842385196,604603
2012-08-01,11695.6494140625,11757.860845999936,11633.438842385196,11695.6494140625,553981
2012-08-02,11695.6494140625,11757.860845999936,11633.438842385196,11695.6494140625,220202
2012-08-03,11757.861328125,11820.071902353217,11695.649893636615,11695.649893636615,295490
2012-08-06,11820.0712890625,11820.0712890625,11695.649286801605,11757.860718062111,194813
2012-08-07,11820.0712890625,11882.281860062889,11757.860718062111,11757.860718062111,441990
2012-08-08,11820.0712890625,11882.281860062889,11757.860718062111,11757.860718062111,362481
2012-08-09,11944.494140625,11944.494140625,11820.072129517195,11820.072129517195,846484
2012-08-10,11944.494140625,12006.70471604881,11882.282704941006,11944.494140625,745906
2012-08-13,12193.3369140625,12193.3369140625,11944.493760036,12006.704333477586,1359827
2012-08-14,12255.548828125,12317.759404004952,12131.126816104905,12131.126816104905,411404
2012-08-15,12504.392578125,12566.604017181684,12317.759981475408,12317.759981475408,2477546
2012-08-16,12504.392578125,12566.604017181684,12442.181999328546,12504.392578125,1459527
2012-08-17,12691.0244140625,12691.0244140625,12442.18125353235,12504.391828599842,2967341
2012-08-20,12939.8681640625,12939.8681640625,12691.024148479686,12753.235582505473,1570471
2012-08-21,12317.759765625,12317.759765625,12317.759765625,12317.759765625,354594
2012-08-22,11757.861328125,11757.861328125,11757.861328125,11757.861328125,68789
2012-08-23,11197.9638671875,11197.9638671875,11197.9638671875,11197.9638671875,23958
2012-08-24,11011.3310546875,11197.963653201828,10638.065857658845,10638.065857658845,7864832
2012-08-27,10513.6435546875,10700.27614816263,10513.6435546875,10575.854132425804,1533089
2012-08-28,10015.9560546875,10140.378066730991,10015.9560546875,10015.9560546875,2368458
2012-08-29,9891.533203125,10078.165775220172,9580.478629546342,9767.111201641514,4236402
2012-08-30,10202.5888671875,10327.01088196959,9891.534260362376,9891.534260362376,3190488
2012-08-31,10015.9560546875,10202.58864262264,9953.74461853566,10202.58864262264,1621829
2012-09-03,10015.9560546875,10015.9560546875,10015.9560546875,10015.9560546875,0
2012-09-04,9953.744140625,10140.37757985947,9953.744140625,10015.955573789874,1099538
2012-09-05,9829.3232421875,10078.166400329115,9642.690658516243,10015.955825858757,1382398
2012-09-06,9580.48046875,9767.11307667379,9456.058443380713,9704.902494119287,1902778
2012-09-07,9518.26953125,9704.902132214078,9456.05809075514,9704.902132214078,1199805
2012-09-10,9269.42578125,9518.269830533352,9145.003756608325,9518.269830533352,1969415
2012-09-11,9269.42578125,9269.42578125,9145.003756608325,9207.2151990593,1387750
2012-09-12,9207.21484375,9331.63686359019,9145.003403699782,9269.425423539971,1937031
2012-09-13,9082.79296875,9207.214990574306,9020.582387967976,9145.003549532024,992148
2012-09-14,9145.0029296875,9269.424943078531,9082.792353122082,9207.214366513115,1480413
2012-09-17,9456.05859375,9456.05859375,9145.003955510563,9207.21539931463,2032314
2012-09-18,9020.58203125,9518.26923860598,9020.58203125,9331.636643380016,2998988
2012-09-19,8585.10546875,8833.949504486629,8585.10546875,8585.10546875,4407087
2012-09-20,8274.05078125,8460.683376276658,8211.840202994521,8274.05078125,3787063
2012-09-21,8647.3154296875,8647.3154296875,8398.4722719914,8398.4722719914,2844290
2012-09-24,9020.58203125,9020.58203125,8585.105402215933,8647.315980537847,2738586
2012-09-25,9207.21484375,9393.847443380164,9020.582244119834,9020.582244119834,2839943
2012-09-26,9082.79296875,9331.637012398613,9082.79296875,9331.637012398613,1560545
2012-09-27,8896.16015625,9082.79275445297,8896.16015625,9082.79275445297,1502121
2012-09-28,8958.3701171875,9082.792127487646,8771.73753186737,8833.948967147531,912300
2012-10-01,8958.3701171875,9020.581552467662,8833.948967147531,8958.3701171875,863094
2012-10-02,8896.16015625,8958.370735564244,8833.949576935755,8833.949576935755,2674370
2012-10-03,8958.3701171875,8958.3701171875,8896.159542167516,8896.159542167516,989486
2012-10-04,8896.16015625,8958.370735564244,8896.16015625,8958.370735564244,694717
2012-10-05,8958.3701171875,9020.581552467662,8896.159542167516,8896.159542167516,1632874
2012-10-08,9082.79296875,9082.79296875,8958.370946925694,8958.370946925694,1134017
2012-10-09,9082.79296875,9207.214990574306,9020.582387967976,9082.79296875,725430
2012-10-10,9082.79296875,9145.003549532024,9020.582387967976,9020.582387967976,741771
2012-10-11,9207.21484375,9269.425423539971,9082.79282390981,9082.79282390981,2706740
2012-10-12,9393.84765625,9456.0582374497,9207.215052390637,9207.215052390637,2873531
2012-10-15,9642.69140625,9642.69140625,9456.057947846251,9456.057947846251,2359098
2012-10-16,9767.1123046875,9767.1123046875,9580.47971151503,9704.90172705008,1042699
2012-10-17,9704.9013671875,9891.53395343954,9580.47935626608,9829.32337810892,1425416
2012-10-18,9767.1123046875,9829.323742585131,9580.47971151503,9642.691149412663,2356776
2012-10-19,10140.3779296875,10140.3779296875,9642.690748499786,9767.11189860158,2992277
2012-10-22,9953.744140625,10078.166146694595,9829.322994815551,10078.166146694595,1115085
2012-10-23,9953.744140625,10015.955573789874,9891.533567720277,9891.533567720277,759032
2012-10-24,9829.3232421875,9953.744391128224,9829.3232421875,9891.53381665786,666100
2012-10-25,9642.69140625,9767.112564838848,9580.47996669534,9767.112564838848,795353
2012-10-26,9518.26953125,9642.69155197947,9518.26953125,9642.69155197947,185609
2012-10-29,9518.26953125,9642.69155197947,9518.26953125,9518.26953125,477630
2012-10-30,9518.26953125,9642.69155197947,9456.05809075514,9518.26953125,175003
2012-10-31,9767.1123046875,9829.323742585131,9518.269133877611,9580.47971151503,888299
2012-11-01,9393.84765625,9767.112863968729,9393.84765625,9767.112863968729,1377838
2012-11-02,9082.79296875,9207.214990574306,8958.370946925694,9020.582387967976,1820678
2012-11-05,9207.21484375,9331.63686359019,8958.370804069618,8958.370804069618,547043
2012-11-06,9207.21484375,9331.63686359019,9207.21484375,9331.63686359019,458458
2012-11-07,9269.42578125,9331.637223700976,9145.003756608325,9207.2151990593,376840
2012-11-08,9269.42578125,9269.42578125,9145.003756608325,9207.2151990593,475464
2012-11-09,9207.21484375,9331.63686359019,9145.003403699782,9331.63686359019,256366
2012-11-12,9269.42578125,9269.42578125,9207.2151990593,9269.42578125,407100
2012-11-13,9145.0029296875,9269.424943078531,9145.0029296875,9207.214366513115,313813
2012-11-14,9145.0029296875,9269.424943078531,9082.792353122082,9082.792353122082,217370
2012-11-15,9082.79296875,9269.42557135633,9082.79296875,9269.42557135633,127893
2012-11-16,9020.58203125,9145.003187893826,9020.58203125,9082.792609571914,358177
2012-11-19,8896.16015625,9020.582175138728,8896.16015625,9020.582175138728,551815
2012-11-20,8958.3701171875,8958.3701171875,8896.159542167516,8896.159542167516,247474
2012-11-21,8958.3701171875,9020.581552467662,8833.948967147531,8833.948967147531,254851
2012-11-22,9020.58203125,9020.58203125,8896.16001434595,8958.370592667863,233569
2012-11-23,8896.16015625,9020.582175138728,8896.16015625,9020.582175138728,128077
2012-11-26,8896.16015625,8896.16015625,8709.52755804703,8833.949576935755,157614
2012-11-27,8771.7373046875,8833.948738356445,8771.7373046875,8833.948738356445,175414
2012-11-28,8771.7373046875,8771.7373046875,8709.526731278713,8709.526731278713,506559
2012-11-29,8771.7373046875,8833.948738356445,8709.526731278713,8709.526731278713,224605
2012-11-30,8896.16015625,8896.16015625,8833.949576935755,8833.949576935755,294074
2012-12-03,8709.52734375,8833.949359577335,8709.52734375,8771.73792153356,408374
2012-12-04,8709.52734375,8833.949359577335,8647.315905706224,8709.52734375,252982
2012-12-05,8833.94921875,8833.94921875,8709.527204906151,8771.737781697975,485064
2012-12-06,8833.94921875,8896.159795541824,8771.737781697975,8833.94921875,291342
2012-12-07,8833.94921875,8833.94921875,8771.737781697975,8833.94921875,126009
2012-12-10,8833.94921875,8833.94921875,8709.527204906151,8833.94921875,775132
2012-12-11,8833.94921875,8833.94921875,8771.737781697975,8833.94921875,369830
2012-12-12,8958.3701171875,8958.3701171875,8771.73753186737,8771.73753186737,541818
2012-12-13,8958.3701171875,9020.581552467662,8896.159542167516,9020.581552467662,324688
2012-12-14,9145.0029296875,9331.63637990415,9020.581776556664,9020.581776556664,1786510
2012-12-17,9145.0029296875,9269.424943078531,9145.0029296875,9145.0029296875,896582
2012-12-18,9020.58203125,9207.214626475965,9020.58203125,9207.214626475965,385930
2012-12-19,9082.79296875,9145.003549532024,8958.370946925694,9020.582387967976,812373
2012-12-20,9207.21484375,9269.425423539971,9082.79282390981,9082.79282390981,1349518
2012-12-21,9269.42578125,9269.42578125,9020.582592226923,9269.42578125,740992
2012-12-24,9269.42578125,9269.42578125,9207.2151990593,9269.42578125,534044
2012-12-25,9393.84765625,9456.0582374497,9145.003610930671,9269.425633590336,1584447
2012-12-26,9518.26953125,9580.48011148461,9331.636930285922,9456.05809075514,3433049
2012-12-27,9580.48046875,9704.902494119287,9518.269886195498,9580.48046875,3789683
2012-12-28,9767.1123046875,9767.1123046875,9393.847118342564,9580.47971151503,4171196
2012-12-31,9767.1123046875,9767.1123046875,9767.1123046875,9767.1123046875,0
2013-01-01,9767.1123046875,9767.1123046875,9767.1123046875,9767.1123046875,0
2013-01-02,9953.744140625,10015.955573789874,9767.111561650678,9767.111561650678,1047202
2013-01-03,9829.3232421875,9953.744391128224,9767.111807456968,9953.744391128224,951523
2013-01-04,9891.533203125,9953.743773736684,9767.111201641514,9829.322632513316,493447
2013-01-07,9891.533203125,9953.743773736684,9829.322632513316,9953.743773736684,642269
2013-01-08,10078.166015625,10140.377447980794,9829.322866982233,9829.322866982233,1895485
2013-01-09,10174.474609375,10435.358088088096,10044.032419076446,10435.358088088096,5281595
2013-01-10,10304.916015625,10370.136654869964,10044.031654877252,10044.031654877252,549054
2013-01-11,10044.033203125,10435.358902683976,10044.033203125,10435.358902683976,1401273
2013-01-14,9978.8125,10044.033148946664,9848.370300222598,10044.033148946664,702109
2013-01-15,10109.25390625,10174.47455007716,9978.811716711676,9978.811716711676,1048448
2013-01-16,10239.6953125,10435.35814813164,10109.254023334915,10174.47466791746,944981
2013-01-17,10174.474609375,10304.916799673554,10174.474609375,10239.695253582271,1144963
2013-01-18,10174.474609375,10174.474609375,10044.032419076446,10174.474609375,867512
2013-01-21,10109.25390625,10239.695193904316,10109.25390625,10239.695193904316,1034657
2013-01-22,9978.8125,10109.254699777404,9978.8125,10109.254699777404,1587279
2013-01-23,9978.8125,10109.254699777404,9913.59094916926,9978.8125,1081455
2013-01-24,10109.25390625,10174.47455007716,9978.811716711676,9978.811716711676,617857
2013-01-25,10304.916015625,10304.916015625,10109.253196006162,10174.473835251129,1105244
2013-01-28,11022.34765625,11022.34765625,10304.9169518401,10370.137597010444,5891013
2013-01-29,11348.4521484375,11739.777804695488,11022.347134261185,11348.4521484375,13174563
2013-01-30,11087.568359375,11609.336229117116,11087.568359375,11609.336229117116,6269892
2013-01-31,10826.6845703125,11022.347403215834,10696.242381082277,10957.126759542723,2428808
2013-02-01,10696.2421875,10826.68437436946,10565.80000063054,10826.68437436946,3165241
2013-02-04,10696.2421875,10891.905016862198,10631.021545007265,10696.2421875,1800458
2013-02-05,10500.5791015625,10696.241926143795,10500.5791015625,10696.241926143795,1729644
2013-02-06,10696.2421875,10696.2421875,10500.579358137804,10500.579358137804,1349617
2013-02-07,10631.021484375,10761.462768616522,10565.799940370256,10696.24212649576,1172886
2013-02-08,10761.462890625,10761.462890625,10565.800060160398,10631.021604904594,1371693
2013-02-11,10761.462890625,10761.462890625,10761.462890625,10761.462890625,0
2013-02-12,10761.462890625,10761.462890625,10761.462890625,10761.462890625,0
2013-02-13,10761.462890625,10761.462890625,10761.462890625,10761.462890625,0
2013-02-14,10761.462890625,10761.462890625,10761.462890625,10761.462890625,0
2013-02-15,10761.462890625,10761.462890625,10761.462890625,10761.462890625,0
2013-02-18,10761.462890625,10826.684435369196,10631.021604904594,10826.684435369196,1094992
2013-02-19,10565.7998046875,10696.241989137909,10565.7998046875,10696.241989137909,1702499
2013-02-20,10631.021484375,10761.462768616522,10435.357754244753,10500.579298249497,1844722
2013-02-21,10239.6953125,10696.24253022984,10239.6953125,10565.80033918074,5432639
2013-02-22,10304.916015625,10435.357294114929,10174.473835251129,10435.357294114929,2579626
2013-02-25,10370.13671875,10500.578899927395,10304.916079103275,10370.13671875,1130760
2013-02-26,10109.25390625,10370.13738344264,10109.25390625,10370.13738344264,3417685
2013-02-27,10109.25390625,10174.47455007716,9978.811716711676,10109.25390625,2137890
2013-02-28,10239.6953125,10370.1375035491,10174.47466791746,10174.47466791746,741431
2013-03-01,10239.6953125,10304.91685896656,10174.47466791746,10239.6953125,469319
2013-03-04,10044.033203125,10174.47540360602,9913.59100264398,10109.25475430755,914226
2013-03-05,9848.3701171875,10044.03296227511,9848.3701171875,10044.03296227511,681605
2013-03-06,9848.3701171875,9978.812314540592,9783.149469452985,9913.590764922015,319931
2013-03-07,9848.3701171875,9913.590764922015,9783.149469452985,9913.590764922015,823432
2013-03-08,9978.8125,9978.8125,9848.370300222598,9913.59094916926,265698
2013-03-11,9978.8125,10044.033148946664,9848.370300222598,9848.370300222598,751570
2013-03-12,9913.5908203125,9978.81237029549,9848.370172213574,9978.81237029549,443094
2013-03-13,9848.3701171875,9913.590764922015,9848.3701171875,9913.590764922015,354962
2013-03-14,9848.3701171875,9978.812314540592,9783.149469452985,9783.149469452985,375041
2013-03-15,9848.3701171875,9978.812314540592,9848.3701171875,9913.590764922015,346381
2013-03-18,9848.3701171875,9913.590764922015,9783.149469452985,9783.149469452985,647961
2013-03-19,9783.1494140625,9848.37006142775,9783.1494140625,9848.37006142775,892164
2013-03-20,9783.1494140625,9783.1494140625,9652.707217447947,9717.927864813197,808592
2013-03-21,9652.70703125,9848.36987145552,9652.70703125,9783.14922534836,489327
2013-03-22,9652.70703125,9783.14922534836,9587.4854832588,9717.92767735716,866790
2013-03-25,9652.70703125,9717.92767735716,9522.26483715164,9652.70703125,982548
2013-03-26,9652.70703125,9717.92767735716,9652.70703125,9717.92767735716,582216
2013-03-27,9652.70703125,9717.92767735716,9587.4854832588,9652.70703125,321616
2013-03-28,9522.2646484375,9652.70683995073,9522.2646484375,9652.70683995073,264069
2013-03-29,9457.0439453125,9522.264589724968,9391.82239901602,9522.264589724968,461177
2013-04-01,9457.0439453125,9522.264589724968,9391.82239901602,9522.264589724968,1033014
2013-04-02,9522.2646484375,9652.70683995073,9457.044003622894,9457.044003622894,830823
2013-04-03,9457.0439453125,9587.485234137434,9457.0439453125,9587.485234137434,379488
2013-04-04,9587.4853515625,9587.4853515625,9457.044061139955,9457.044061139955,761170
2013-04-05,9587.4853515625,9587.4853515625,9522.264706351229,9587.4853515625,248791
2013-04-08,9652.70703125,9717.92767735716,9587.4854832588,9587.4854832588,175357
2013-04-09,9652.70703125,9652.70703125,9522.26483715164,9652.70703125,742762
2013-04-10,9522.2646484375,9652.70683995073,9522.2646484375,9652.70683995073,1049680
2013-04-11,9457.0439453125,9522.264589724968,9391.82239901602,9522.264589724968,525251
2013-04-12,9587.4853515625,9587.4853515625,9457.044061139955,9457.044061139955,997543
2013-04-15,9587.4853515625,9783.149090964367,9587.4853515625,9717.927543869073,1526731
2013-04-16,9652.70703125,9652.70703125,9522.26483715164,9587.4854832588,626905
2013-04-17,9457.0439453125,9652.706780433917,9457.0439453125,9652.706780433917,497837
2013-04-18,9326.6015625,9522.264393591273,9326.6015625,9457.043750522182,616016
2013-04-19,9326.6015625,9326.6015625,9326.6015625,9326.6015625,0
2013-04-22,9261.380859375,9391.822144667332,9261.380859375,9326.601502021163,175640
2013-04-23,9326.6015625,9391.822205569091,9261.380919430909,9261.380919430909,889248
2013-04-24,9391.822265625,9391.822265625,9261.38097865271,9391.822265625,380932
2013-04-25,9522.2646484375,9522.2646484375,9391.822456924268,9391.822456924268,681959
2013-04-26,9457.0439453125,9587.485234137434,9457.0439453125,9522.264589724968,454167
2013-04-29,9457.0439453125,9457.0439453125,9457.0439453125,9457.0439453125,0
2013-04-30,9457.0439453125,9457.0439453125,9457.0439453125,9457.0439453125,0
2013-05-01,9457.0439453125,9457.0439453125,9457.0439453125,9457.0439453125,0
2013-05-02,9457.0439453125,9522.264589724968,9391.82239901602,9391.82239901602,1374440
2013-05-03,9522.2646484375,9522.2646484375,9457.044003622894,9457.044003622894,299498
2013-05-06,9652.70703125,9717.92767735716,9522.26483715164,9522.26483715164,1121613
2013-05-07,9652.70703125,9717.92767735716,9652.70703125,9717.92767735716,1501540
2013-05-08,9587.4853515625,9717.927543869073,9587.4853515625,9652.706898657798,722259
2013-05-09,9848.3701171875,9913.590764922015,9587.485722481311,9587.485722481311,3069392
2013-05-10,9717.927734375,9848.3699292387,9652.707087885172,9783.149282748873,456773
2013-05-13,9652.70703125,9783.14922534836,9652.70703125,9783.14922534836,405301
2013-05-14,9587.4853515625,9717.927543869073,9587.4853515625,9717.927543869073,646630
2013-05-15,9652.70703125,9717.92767735716,9587.4854832588,9652.70703125,683758
2013-05-16,9652.70703125,9717.92767735716,9587.4854832588,9652.70703125,970059
2013-05-17,9587.4853515625,9717.927543869073,9587.4853515625,9652.706898657798,521357
2013-05-20,9717.927734375,9717.927734375,9587.4855395113,9717.927734375,1043308
2013-05-21,9717.927734375,9848.3699292387,9717.927734375,9717.927734375,1555206
2013-05-22,9783.1494140625,9848.37006142775,9717.927864813197,9848.37006142775,1125691
2013-05-23,9717.927734375,9848.3699292387,9717.927734375,9717.927734375,931388
2013-05-24,9717.927734375,9783.149282748873,9652.707087885172,9783.149282748873,301650
2013-05-27,9717.927734375,9783.149282748873,9652.707087885172,9652.707087885172,904540
2013-05-28,9783.1494140625,9848.37006142775,9783.1494140625,9848.37006142775,791657
2013-05-29,9717.927734375,9848.3699292387,9717.927734375,9783.149282748873,781801
2013-05-30,9717.927734375,9717.927734375,9652.707087885172,9652.707087885172,487330
2013-05-31,9717.927734375,9783.149282748873,9717.927734375,9783.149282748873,376032
2013-06-03,9978.8125,9978.8125,9783.149651275931,9848.370300222598,1596639
2013-06-04,9783.1494140625,10044.03290540755,9783.1494140625,10044.03290540755,682823
2013-06-05,9783.1494140625,9913.590708792995,9783.1494140625,9783.1494140625,219253
2013-06-06,9913.5908203125,9913.5908203125,9783.14952411465,9783.14952411465,447668
2013-06-07,10239.6953125,10304.91685896656,9848.36964123672,9913.590285819258,1536006
2013-06-10,10044.033203125,10239.696052904488,10044.033203125,10239.696052904488,951155
2013-06-11,9978.8125,10109.254699777404,9913.59094916926,10109.254699777404,385279
2013-06-12,9848.3701171875,9978.812314540592,9848.3701171875,9978.812314540592,774424
2013-06-13,9925.3544921875,10127.9135474161,9857.835429555966,10060.393551117568,1187641
2013-06-14,9925.3544921875,9992.874488486032,9857.835429555966,9925.3544921875,539283
2013-06-17,9925.3544921875,9992.874488486032,9790.316366924431,9925.3544921875,1078184
2013-06-18,9857.8349609375,9992.874013448129,9857.8349609375,9857.8349609375,561882
2013-06-19,9992.8740234375,10060.393082926832,9925.354030281214,9925.354030281214,1242001
2013-06-20,9992.8740234375,10060.393082926832,9925.354030281214,9992.8740234375,1444504
2013-06-21,10060.3935546875,10127.913551009991,9925.354495709513,9992.874492032006,2472633
2013-06-24,10060.3935546875,10127.913551009991,9992.874492032006,10060.3935546875,719526
2013-06-25,9925.3544921875,10060.393551117568,9790.316366924431,9992.874488486032,1410718
2013-06-26,9992.8740234375,9992.8740234375,9857.834970791882,9925.354030281214,332094
2013-06-27,10195.4326171875,10397.990738890954,9925.35449913823,9992.874495484046,2030784
2013-06-28,10195.4326171875,10330.471676212135,10127.913554508685,10195.4326171875,1599938
2013-07-01,10060.3935546875,10195.432613665484,10060.3935546875,10195.432613665484,96953
2013-07-02,10127.9130859375,10127.9130859375,9992.87403316049,10060.393092715518,131447
2013-07-03,9992.8740234375,10127.913076083118,9925.354030281214,10127.913076083118,320780
2013-07-04,9992.8740234375,10060.393082926832,9992.8740234375,10060.393082926832,445048
2013-07-05,9925.3544921875,9992.874488486032,9857.835429555966,9992.874488486032,1018826
2013-07-08,9857.8349609375,9992.874013448129,9857.8349609375,9925.354020359337,286060
2013-07-09,9925.3544921875,9992.874488486032,9857.835429555966,9857.835429555966,910403
2013-07-10,9992.8740234375,9992.8740234375,9925.354030281214,9925.354030281214,738189
2013-07-11,9992.8740234375,9992.8740234375,9925.354030281214,9925.354030281214,181545
2013-07-12,9925.3544921875,9992.874488486032,9925.3544921875,9992.874488486032,197078
2013-07-15,9925.3544921875,9992.874488486032,9925.3544921875,9925.3544921875,363982
2013-07-16,9925.3544921875,9992.874488486032,9925.3544921875,9992.874488486032,745878
2013-07-17,9992.8740234375,9992.8740234375,9925.354030281214,9925.354030281214,445997
2013-07-18,9992.8740234375,9992.8740234375,9925.354030281214,9992.8740234375,470791
2013-07-19,9925.3544921875,9992.874488486032,9925.3544921875,9992.874488486032,430152
2013-07-22,9925.3544921875,9992.874488486032,9925.3544921875,9992.874488486032,1282570
2013-07-23,9925.3544921875,9992.874488486032,9925.3544921875,9925.3544921875,1667155
2013-07-24,9857.8349609375,9925.354020359337,9790.315901515663,9925.354020359337,1341575
2013-07-25,9722.7958984375,9857.834950809383,9722.7958984375,9857.834950809383,656415
2013-07-26,9722.7958984375,9790.31589145692,9722.7958984375,9790.31589145692,290959
2013-07-29,9790.31640625,9857.835469152744,9722.796409680255,9790.31640625,332929
2013-07-30,9857.8349609375,9857.8349609375,9790.315901515663,9790.315901515663,259566
2013-07-31,9925.3544921875,9925.3544921875,9790.316366924431,9857.835429555966,289005
2013-08-01,9857.8349609375,9925.354020359337,9790.315901515663,9790.315901515663,489270
2013-08-02,9790.31640625,9925.35453205549,9790.31640625,9857.835469152744,241399
2013-08-05,9790.31640625,9857.835469152744,9790.31640625,9857.835469152744,119283
2013-08-06,9790.31640625,9790.31640625,9790.31640625,9790.31640625,591477
2013-08-07,9655.27734375,9857.83546606172,9655.27734375,9857.83546606172,550554
2013-08-08,9655.27734375,9722.796406631573,9655.27734375,9722.796406631573,564261
2013-08-09,9722.7958984375,9790.31589145692,9655.276839085034,9655.276839085034,550087
2013-08-12,9655.27734375,9790.316403180146,9655.27734375,9790.316403180146,1088394
2013-08-13,9722.7958984375,9722.7958984375,9655.276839085034,9655.276839085034,187704
2013-08-14,9790.31640625,9790.31640625,9655.27734677751,9655.27734677751,394851
2013-08-15,9722.7958984375,9722.7958984375,9655.276839085034,9722.7958984375,231218
2013-08-16,9722.7958984375,9722.7958984375,9587.757779732568,9722.7958984375,223713
2013-08-19,9655.27734375,9790.316403180146,9655.27734375,9790.316403180146,172171
2013-08-20,9587.7578125,9722.795931666444,9587.7578125,9587.7578125,239672
2013-08-21,9655.27734375,9655.27734375,9587.758280868427,9655.27734375,210615
2013-08-22,9520.23828125,9655.277340636603,9385.199221863397,9587.758277776802,741828
2013-08-23,9587.7578125,9587.7578125,9452.718759666604,9520.237819249824,632470
2013-08-26,9520.23828125,9587.758277776802,9385.199221863397,9587.758277776802,600313
2013-08-27,9587.7578125,9587.7578125,9452.718759666604,9520.237819249824,524344
2013-08-28,9520.23828125,9520.23828125,9385.199221863397,9452.7192183902,608837
2013-08-29,9520.23828125,9520.23828125,9385.199221863397,9520.23828125,481086
2013-08-30,9925.3544921875,9925.3544921875,9452.71918643276,9520.238249064296,1566733
2013-09-02,9925.3544921875,9925.3544921875,9925.3544921875,9925.3544921875,0
2013-09-03,9790.31640625,9925.35453205549,9587.758283874766,9925.35453205549,48738
2013-09-04,9655.27734375,9790.316403180146,9587.758280868427,9790.316403180146,59840
2013-09-05,9655.27734375,9655.27734375,9520.238284319852,9520.238284319852,140042
2013-09-06,9655.27734375,9722.796406631573,9587.758280868427,9722.796406631573,23222
2013-09-09,9317.6796875,9655.27685204954,9317.6796875,9655.27685204954,512804
2013-09-10,9587.7578125,9587.7578125,9385.198766416424,9520.237819249824,182366
2013-09-11,9520.23828125,9587.758277776802,9385.199221863397,9452.7192183902,156071
2013-09-12,9520.23828125,9520.23828125,9452.7192183902,9452.7192183902,122937
2013-09-13,9520.23828125,9520.23828125,9385.199221863397,9452.7192183902,139419
2013-09-16,9587.7578125,9587.7578125,9385.198766416424,9520.237819249824,201751
2013-09-17,9587.7578125,9587.7578125,9452.718759666604,9452.718759666604,117981
2013-09-18,9587.7578125,9587.7578125,9452.718759666604,9520.237819249824,176745
2013-09-19,9520.23828125,9587.758277776802,9452.7192183902,9587.758277776802,87084
2013-09-20,9452.71875,9520.237809514174,9452.71875,9520.237809514174,170528
2013-09-23,9520.23828125,9520.23828125,9385.199221863397,9452.7192183902,178260
2013-09-24,9520.23828125,9520.23828125,9452.7192183902,9452.7192183902,159710
2013-09-25,9520.23828125,9520.23828125,9452.7192183902,9452.7192183902,419461
2013-09-26,9452.71875,9520.237809514174,9452.71875,9520.237809514174,290818
2013-09-27,9520.23828125,9520.23828125,9452.7192183902,9452.7192183902,121124
2013-09-30,9520.23828125,9520.23828125,9385.199221863397,9385.199221863397,452256
2013-10-01,9520.23828125,9520.23828125,9452.7192183902,9452.7192183902,711667
2013-10-02,9520.23828125,9520.23828125,9385.199221863397,9520.23828125,772300
2013-10-03,9452.71875,9452.71875,9385.19875681887,9452.71875,409422
2013-10-04,9520.23828125,9520.23828125,9385.199221863397,9452.7192183902,599095
2013-10-07,9520.23828125,9520.23828125,9452.7192183902,9520.23828125,508273
2013-10-08,9452.71875,9520.237809514174,9452.71875,9520.237809514174,518326
2013-10-09,9452.71875,9520.237809514174,9385.19875681887,9520.237809514174,189064
2013-10-10,9452.71875,9452.71875,9385.19875681887,9452.71875,407100
2013-10-11,9452.71875,9452.71875,9317.679697304697,9317.679697304697,385647
2013-10-14,9452.71875,9452.71875,9317.679697304697,9385.19875681887,572134
2013-10-15,9385.19921875,9452.719215254405,9385.19921875,9385.19921875,450684
2013-10-16,9385.19921875,9452.719215254405,9317.680155912598,9452.719215254405,163562
2013-10-17,9385.19921875,9385.19921875,9317.680155912598,9385.19921875,65178
2013-10-18,9385.19921875,9385.19921875,9317.680155912598,9385.19921875,359394
2013-10-21,9385.19921875,9385.19921875,9317.680155912598,9385.19921875,197305
2013-10-22,9385.19921875,9385.19921875,9317.680155912598,9317.680155912598,83628
2013-10-23,9385.19921875,9385.19921875,9317.680155912598,9385.19921875,214014
2013-10-24,9385.19921875,9385.19921875,9250.161093075194,9317.680155912598,174479
2013-10-25,9385.19921875,9385.19921875,9250.161093075194,9385.19921875,202898
2013-10-28,9385.19921875,9385.19921875,9250.161093075194,9317.680155912598,398929
2013-10-29,9317.6796875,9317.6796875,9182.640634946792,9250.160628056874,597113
2013-10-30,9250.1611328125,9317.680195939956,9250.1611328125,9317.680195939956,232521
2013-10-31,9182.640625,9250.160618036942,9047.60157259307,9250.160618036942,866521
2013-11-01,9047.6015625,9182.640614756288,8980.082503205333,9115.12155546162,800974
2013-11-04,8912.5634765625,9047.601595646558,8845.043483353516,9047.601595646558,1016532
2013-11-05,9047.6015625,9047.6015625,8845.043450949046,8912.563443910665,1037857
2013-11-06,9317.6796875,9452.718740053206,9250.160628056874,9452.718740053206,1988064
2013-11-07,9250.1611328125,9385.199259067407,9182.64113601804,9385.199259067407,697026
2013-11-08,9115.1220703125,9250.161130196218,9115.1220703125,9182.641133420855,895747
2013-11-11,9115.1220703125,9250.161130196218,9047.602073537137,9182.641133420855,1028129
2013-11-12,8980.0830078125,9182.641130745564,8980.0830078125,9182.641130745564,1090150
2013-11-13,8912.5634765625,9047.601595646558,8912.5634765625,8980.082536104528,1045503
2013-11-14,8980.0830078125,9047.602070901186,8912.563944723814,8980.0830078125,390348
2013-11-15,8912.5634765625,8980.082536104528,8845.043483353516,8980.082536104528,983865
2013-11-18,8980.0830078125,9047.602070901186,8912.563944723814,8912.563944723814,814426
2013-11-19,8912.5634765625,9047.601595646558,8912.5634765625,9047.601595646558,1436347
2013-11-20,8845.0439453125,8980.083005116332,8777.524882244084,8912.563942047918,1025538
2013-11-21,8777.5244140625,8980.082526130565,8777.5244140625,8845.043473529537,2215940
2013-11-22,8777.5244140625,8845.043473529537,8777.5244140625,8845.043473529537,688614
2013-11-25,8710.005859375,8845.043986135071,8710.005859375,8845.043986135071,496350
2013-11-26,8574.966796875,8710.005857269434,8574.966796875,8710.005857269434,1386249
2013-11-27,8845.0439453125,8912.563942047918,8574.966759371839,8574.966759371839,2823291
2013-11-28,8980.0830078125,9047.602070901186,8912.563944723814,8912.563944723814,2712432
2013-11-29,8980.0830078125,9047.602070901186,8912.563944723814,8980.0830078125,894373
2013-12-02,8980.0830078125,8980.0830078125,8845.043947968123,8980.0830078125,1096267
2013-12-03,8845.0439453125,8912.563942047918,8777.524882244084,8845.0439453125,967836
2013-12-04,8845.0439453125,8912.563942047918,8777.524882244084,8845.0439453125,758494
2013-12-05,8777.5244140625,8912.563466663529,8710.005354595463,8845.043473529537,871618
2013-12-06,8845.0439453125,8845.0439453125,8777.524882244084,8845.0439453125,455003
2013-12-09,8980.0830078125,9047.602070901186,8912.563944723814,8912.563944723814,1151491
2013-12-10,8912.5634765625,8980.082536104528,8912.5634765625,8980.082536104528,562633
2013-12-11,8710.005859375,8912.563983182115,8710.005859375,8912.563983182115,814015
2013-12-12,8710.005859375,8777.524922755036,8642.485862327956,8710.005859375,638800
2013-12-13,8777.5244140625,8845.043473529537,8710.005354595463,8710.005354595463,559659
2013-12-16,8710.005859375,8777.524922755036,8710.005859375,8777.524922755036,295774
2013-12-17,8777.5244140625,8777.5244140625,8710.005354595463,8710.005354595463,538377
2013-12-18,8710.005859375,8845.043986135071,8710.005859375,8777.524922755036,144403
2013-12-19,8710.005859375,8777.524922755036,8710.005859375,8710.005859375,636860
2013-12-20,8642.4853515625,8710.005344619154,8642.4853515625,8710.005344619154,797760
2013-12-23,8574.966796875,8710.005857269434,8574.966796875,8710.005857269434,582754
2013-12-24,8574.966796875,8710.005857269434,8574.966796875,8642.485860238714,316560
2013-12-25,8574.966796875,8642.485860238714,8507.446799844278,8642.485860238714,481001
2013-12-26,8507.4462890625,8642.485341349275,8507.4462890625,8574.966282039364,462338
2013-12-27,8439.927734375,8574.966794735747,8439.927734375,8507.446797721868,563029
2013-12-30,8304.888671875,8507.446795530437,8237.369608545523,8439.92773220096,690696
2013-12-31,8439.927734375,8439.927734375,8237.369610667385,8372.408671028132,891372
2014-01-01,8439.927734375,8439.927734375,8439.927734375,8439.927734375,0
2014-01-02,8642.4853515625,8642.4853515625,8304.888187280087,8439.927239726443,1084797
2014-01-03,8642.4853515625,8710.005344619154,8507.446299116144,8507.446299116144,966618
2014-01-06,8642.4853515625,8710.005344619154,8574.9662921728,8710.005344619154,761142
2014-01-07,8777.5244140625,8912.563466663529,8710.005354595463,8710.005354595463,2740469
2014-01-08,8710.005859375,8777.524922755036,8642.485862327956,8777.524922755036,1404020
2014-01-09,8710.005859375,8777.524922755036,8642.485862327956,8710.005859375,887832
2014-01-10,8642.4853515625,8710.005344619154,8574.9662921728,8710.005344619154,1543170
2014-01-13,8642.4853515625,8710.005344619154,8574.9662921728,8642.4853515625,876234
2014-01-14,8710.005859375,8710.005859375,8574.96679894792,8574.96679894792,1408764
2014-01-15,8642.4853515625,8710.005344619154,8642.4853515625,8710.005344619154,1780747
2014-01-16,8777.5244140625,8777.5244140625,8574.966301994436,8710.005354595463,1878663
2014-01-17,8845.0439453125,9047.602068184748,8710.00581917567,8710.00581917567,3637548
2014-01-20,8912.5634765625,9047.601595646558,8845.043483353516,8912.5634765625,1655374
2014-01-21,8912.5634765625,9047.601595646558,8845.043483353516,8980.082536104528,1298287
2014-01-22,9317.6796875,9317.6796875,8912.563463507333,8980.082522950459,4432929
2014-01-23,9250.1611328125,9385.199259067407,9115.122072890586,9317.680195939956,1078822
2014-01-24,9115.1220703125,9250.161130196218,9047.602073537137,9250.161130196218,2025446
2014-01-27,8980.0830078125,9115.122067656876,8912.563944723814,9047.602070901186,1191068
2014-01-28,8980.0830078125,8980.0830078125,8980.0830078125,8980.0830078125,0
2014-01-29,8980.0830078125,8980.0830078125,8980.0830078125,8980.0830078125,0
2014-01-30,8980.0830078125,8980.0830078125,8980.0830078125,8980.0830078125,0
2014-01-31,8980.0830078125,8980.0830078125,8980.0830078125,8980.0830078125,0
2014-02-03,8980.0830078125,8980.0830078125,8980.0830078125,8980.0830078125,0
2014-02-04,8980.0830078125,8980.0830078125,8980.0830078125,8980.0830078125,0
2014-02-05,8980.0830078125,8980.0830078125,8980.0830078125,8980.0830078125,0
2014-02-06,8912.5634765625,9047.601595646558,8845.043483353516,9047.601595646558,874295
2014-02-07,8980.0830078125,9115.122067656876,8912.563944723814,8912.563944723814,778346
2014-02-10,9047.6015625,9047.6015625,8912.563443910665,8980.082503205333,584425
2014-02-11,8912.5634765625,9047.601595646558,8912.5634765625,9047.601595646558,1353356
2014-02-12,9047.6015625,9047.6015625,8912.563443910665,8980.082503205333,620689
2014-02-13,9115.1220703125,9182.641133420855,9047.602073537137,9047.602073537137,1341504
2014-02-14,9115.1220703125,9317.680193304575,9115.1220703125,9182.641133420855,1862733
2014-02-17,8980.0830078125,8980.0830078125,8777.524884879436,8845.043947968123,2743528
2014-02-18,8912.5634765625,8980.082536104528,8777.524423811488,8912.5634765625,2161354
2014-02-19,8912.5634765625,8980.082536104528,8845.043483353516,8912.5634765625,1733991
2014-02-20,8980.0830078125,9182.641130745564,8845.043947968123,8912.563944723814,2770517
2014-02-21,8912.5634765625,8980.082536104528,8845.043483353516,8980.082536104528,1172561
2014-02-24,8980.0830078125,8980.0830078125,8912.563944723814,8980.0830078125,905390
2014-02-25,8980.0830078125,9047.602070901186,8912.563944723814,8980.0830078125,683970
2014-02-26,9115.1220703125,9182.641133420855,8980.08301042878,9047.602073537137,1578089
2014-02-27,9452.71875,9722.795921723651,9115.121585095218,9115.121585095218,6278487
2014-02-28,9385.19921875,9520.238278091803,9250.161093075194,9452.719215254405,1448652
2014-03-03,9115.1220703125,9385.199256412934,9115.1220703125,9317.680193304575,1533924
2014-03-04,9047.6015625,9115.12155546162,8912.563443910665,9115.12155546162,2662632
2014-03-05,9182.640625,9182.640625,9047.60157259307,9047.60157259307,1398923
2014-03-06,9115.1220703125,9182.641133420855,9115.1220703125,9182.641133420855,1080294
2014-03-07,9385.19921875,9385.19921875,9115.122033733389,9182.641096570793,2768903
2014-03-10,9385.19921875,9385.19921875,9250.161093075194,9385.19921875,1213554
2014-03-11,9317.6796875,9385.198746943126,9250.160628056874,9385.198746943126,1766729
2014-03-12,9250.1611328125,9385.199259067407,9250.1611328125,9317.680195939956,2000793
2014-03-13,9317.6796875,9317.6796875,9182.640634946792,9250.160628056874,927154
2014-03-14,9250.1611328125,9385.199259067407,9250.1611328125,9317.680195939956,1018967
2014-03-17,9385.19921875,9385.19921875,9317.680155912598,9385.19921875,2113606
2014-03-18,9317.6796875,9452.718740053206,9317.6796875,9385.198746943126,1740179
2014-03-19,9520.23828125,9655.277340636603,9385.199221863397,9452.7192183902,3462842
2014-03-20,9520.23828125,9722.796403496404,9452.7192183902,9655.277340636603,1738678
2014-03-21,9722.7958984375,9857.834950809383,9587.757779732568,9587.757779732568,2592157
2014-03-24,10060.3935546875,10060.3935546875,9790.316370398525,9857.83543305402,3768556
2014-03-25,10330.4716796875,10735.587923230696,9925.354502477305,10060.39356154737,6269226
2014-03-26,9925.3544921875,10397.990731609238,9790.316366924431,10262.95167267917,2694209
2014-03-27,9925.3544921875,9925.3544921875,9587.75824536283,9857.835429555966,2008015
2014-03-28,10060.3935546875,10060.3935546875,9857.83543305402,9992.874492032006,1759422
2014-03-31,9790.31640625,10127.913588097725,9790.31640625,10127.913588097725,617545
2014-04-01,9520.23828125,9857.835462883007,9520.23828125,9790.316400023206,2257967
2014-04-02,9452.71875,9655.27686220948,9385.19875681887,9520.237809514174,1645675
2014-04-03,9520.23828125,9587.758277776802,9385.199221863397,9520.23828125,770870
2014-04-04,9520.23828125,9587.758277776802,9452.7192183902,9520.23828125,569600
2014-04-07,9520.23828125,9655.277340636603,9452.7192183902,9520.23828125,913376
2014-04-08,9452.71875,9587.757802695303,9452.71875,9520.237809514174,1042728
2014-04-09,9452.71875,9452.71875,9452.71875,9452.71875,0
2014-04-10,9452.71875,9520.237809514174,9385.19875681887,9452.71875,599576
2014-04-11,9520.23828125,9520.23828125,9385.199221863397,9452.7192183902,1008163
2014-04-14,9385.19921875,9587.75827459621,9385.19921875,9587.75827459621,465878
2014-04-15,9182.640625,9385.198736776918,9182.640625,9317.67967740693,1152114
2014-04-16,9047.6015625,9182.640614756288,8980.082503205333,9047.6015625,2714302
2014-04-17,9250.1611328125,9250.1611328125,9047.602076096127,9047.602076096127,848368
2014-04-18,9115.1220703125,9182.641133420855,9047.602073537137,9182.641133420855,1516904
2014-04-21,9047.6015625,9115.12155546162,8980.082503205333,9047.6015625,513243
2014-04-22,9047.6015625,9047.6015625,9047.6015625,9047.6015625,0
2014-04-23,8980.0830078125,9115.122067656876,8980.0830078125,8980.0830078125,695581
2014-04-24,8980.0830078125,9047.602070901186,8912.563944723814,8980.0830078125,251028
2014-04-25,9047.6015625,9047.6015625,8912.563443910665,8912.563443910665,486325
2014-04-28,8912.5634765625,9047.601595646558,8912.5634765625,9047.601595646558,381923
2014-04-29,8912.5634765625,9047.601595646558,8845.043483353516,8980.082536104528,601715
2014-04-30,8912.5634765625,8912.5634765625,8912.5634765625,8912.5634765625,0
2014-05-01,8912.5634765625,8912.5634765625,8912.5634765625,8912.5634765625,0
2014-05-02,8912.5634765625,8912.5634765625,8912.5634765625,8912.5634765625,0
2014-05-05,8710.005859375,8912.563983182115,8710.005859375,8845.043986135071,1257592
2014-05-06,8439.927734375,8642.485858082615,8439.927734375,8642.485858082615,949102
2014-05-07,8642.4853515625,8710.005344619154,8507.446299116144,8710.005344619154,282888
2014-05-08,8507.4462890625,8642.485341349275,8169.84912517904,8642.485341349275,3256587
2014-05-09,8777.5244140625,8777.5244140625,8372.408189926371,8372.408189926371,564106
2014-05-12,8439.927734375,8507.446797721868,8304.888674014253,8507.446797721868,1245485
2014-05-13,8710.005859375,8710.005859375,8237.369614713725,8237.369614713725,1059366
2014-05-14,8777.5244140625,8777.5244140625,8439.927249393408,8439.927249393408,651813
2014-05-15,8642.4853515625,8845.043463398559,8237.369127890384,8777.524404008856,1028709
2014-05-16,8642.4853515625,8710.005344619154,8507.446299116144,8507.446299116144,165417
2014-05-19,8710.005859375,8777.524922755036,8642.485862327956,8642.485862327956,402158
2014-05-20,8777.5244140625,8777.5244140625,8642.485361461473,8642.485361461473,300305
2014-05-21,8777.5244140625,8845.043473529537,8710.005354595463,8777.5244140625,672515
2014-05-22,8777.5244140625,8777.5244140625,8710.005354595463,8710.005354595463,495996
2014-05-23,8642.4853515625,8777.524404008856,8642.4853515625,8710.005344619154,214184
2014-05-26,8710.005859375,8710.005859375,8642.485862327956,8642.485862327956,195266
2014-05-27,8777.5244140625,8777.5244140625,8642.485361461473,8710.005354595463,1445594
2014-05-28,8980.0830078125,9115.122067656876,8845.043947968123,8845.043947968123,1798305
2014-05-29,8980.0830078125,9115.122067656876,8980.0830078125,9115.122067656876,958688
2014-05-30,8912.5634765625,9047.601595646558,8912.5634765625,8912.5634765625,962738
2014-06-02,8980.0830078125,8980.0830078125,8845.043947968123,8845.043947968123,38284
2014-06-03,8980.0830078125,8980.0830078125,8845.043947968123,8845.043947968123,382843
2014-06-04,8912.5634765625,8980.082536104528,8912.5634765625,8980.082536104528,1388826
2014-06-05,8912.5634765625,8777.524423811488,8980.082536104528,8777.524423811488,208944
2014-06-06,8980.0830078125,8980.0830078125,8845.043947968123,8845.043947968123,110306
2014-06-09,8980.0830078125,9047.602070901186,8980.0830078125,9047.602070901186,1303413
2014-06-10,9182.640625,9182.640625,8980.082513223082,8980.082513223082,1566860
2014-06-11,9317.6796875,9317.6796875,9115.121575503666,9182.640634946792,1289027
2014-06-12,9438.3173828125,9577.116393657036,9230.119346377443,9577.116393657036,987929
2014-06-13,9507.716796875,9507.716796875,9368.91779436904,9368.91779436904,431639
2014-06-16,9368.91796875,9438.316991462963,9368.91796875,9438.316991462963,158379
2014-06-17,9299.5185546875,9368.918541305107,9230.11952773341,9230.11952773341,264891
2014-06-18,9368.91796875,9438.316991462963,9299.517986373578,9299.517986373578,327138
2014-06-19,9299.5185546875,9368.918541305107,9160.72050077932,9160.72050077932,626721
2014-06-20,9299.5185546875,9368.918541305107,9299.5185546875,9299.5185546875,444255
2014-06-23,9230.119140625,9299.518164668516,9230.119140625,9299.518164668516,374206
2014-06-24,9299.5185546875,9299.5185546875,9230.11952773341,9230.11952773341,286400
2014-06-25,9299.5185546875,9368.918541305107,9230.11952773341,9299.5185546875,844913
2014-06-26,9299.5185546875,9299.5185546875,9230.11952773341,9230.11952773341,527346
2014-06-27,9160.7197265625,9299.517768740185,9160.7197265625,9299.517768740185,500258
2014-06-30,9160.7197265625,9230.118747651342,9091.31974581022,9160.7197265625,361901
2014-07-01,9160.7197265625,9230.118747651342,9160.7197265625,9160.7197265625,832423
2014-07-02,9091.3203125,9230.119322992889,9091.3203125,9230.119322992889,268969
2014-07-03,9160.7197265625,9160.7197265625,9021.920724721378,9021.920724721378,755067
2014-07-04,9230.119140625,9230.119140625,9160.720116581484,9230.119140625,577713
2014-07-07,9230.119140625,9230.119140625,9091.32013287449,9160.720116581484,846159
2014-07-08,9160.7197265625,9230.118747651342,9091.31974581022,9160.7197265625,759528
2014-07-09,9160.7197265625,9160.7197265625,9091.31974581022,9160.7197265625,27980
2014-07-10,9091.3203125,9160.720297578191,9021.921287085304,9160.720297578191,1142683
2014-07-11,9091.3203125,9091.3203125,9021.921287085304,9091.3203125,524543
2014-07-14,9021.9208984375,9091.319920862614,9021.9208984375,9021.9208984375,816819
2014-07-15,8952.5224609375,9091.320514856285,8952.5224609375,9021.921487896892,196880
2014-07-16,8952.5224609375,9091.320514856285,8952.5224609375,9021.921487896892,800946
2014-07-17,9021.9208984375,9021.9208984375,8952.521876012386,8952.521876012386,414873
2014-07-18,9021.9208984375,9160.71990295118,8952.521876012386,9021.9208984375,501618
2014-07-21,8952.5224609375,8952.5224609375,8952.5224609375,9021.921487896892,733289
2014-07-22,8952.5224609375,8952.5224609375,8952.5224609375,8952.5224609375,388012
2014-07-23,8952.5224609375,8952.5224609375,8952.5224609375,8952.5224609375,235933
2014-07-24,8952.5224609375,8952.5224609375,8952.5224609375,8952.5224609375,258802
2014-07-25,8952.5224609375,8952.5224609375,8952.5224609375,8952.5224609375,493589
2014-07-28,8744.3232421875,8744.3232421875,8744.3232421875,9021.921262414164,358375
2014-07-29,8883.1220703125,8883.1220703125,8883.1220703125,8744.32306304274,260005
2014-07-30,8813.72265625,8813.72265625,8813.72265625,8744.322675856318,175654
2014-07-31,8813.72265625,8813.72265625,8813.72265625,8744.322675856318,393775
2014-08-01,8883.1220703125,8883.1220703125,8883.1220703125,8813.723046509358,398646
2014-08-04,8813.72265625,8813.72265625,8813.72265625,8744.322675856318,305162
2014-08-05,8883.1220703125,8883.1220703125,8883.1220703125,8813.723046509358,338098
2014-08-06,8813.72265625,8813.72265625,8813.72265625,8813.72265625,79579
2014-08-07,8813.72265625,8813.72265625,8813.72265625,8813.72265625,179633
2014-08-08,8813.72265625,8813.72265625,8813.72265625,8813.72265625,408204
2014-08-11,8813.72265625,8813.72265625,8813.72265625,8813.72265625,163392
2014-08-12,8813.72265625,8813.72265625,8813.72265625,8813.72265625,237548
2014-08-13,8952.5224609375,8952.5224609375,8952.5224609375,8813.723447355198,408232
2014-08-14,9021.9208984375,9021.9208984375,9021.9208984375,8952.521876012386,527743
2014-08-15,8883.1220703125,8883.1220703125,8883.1220703125,8952.522053779117,109938
2014-08-18,8883.1220703125,8883.1220703125,8883.1220703125,8883.1220703125,321885
2014-08-19,8813.72265625,8813.72265625,8813.72265625,8813.72265625,474190
2014-08-20,8813.72265625,8813.72265625,8813.72265625,8813.72265625,181318
2014-08-21,8744.3232421875,8744.3232421875,8744.3232421875,8813.723227075912,399765
2014-08-22,8744.3232421875,8744.3232421875,8744.3232421875,8744.3232421875,493093
2014-08-25,8813.72265625,8813.72265625,8813.72265625,8813.72265625,430279
2014-08-26,8744.3232421875,8744.3232421875,8744.3232421875,8813.723227075912,74255
2014-08-27,8744.3232421875,8744.3232421875,8744.3232421875,8744.3232421875,532217
2014-08-28,8674.923828125,8674.923828125,8674.923828125,8813.72283201692,638361
2014-08-29,8883.1220703125,8883.1220703125,8883.1220703125,8744.32306304274,677301
2014-09-01,8883.1220703125,8883.1220703125,8883.1220703125,8883.1220703125,0
2014-09-02,8883.1220703125,8883.1220703125,8883.1220703125,8883.1220703125,0
2014-09-03,8813.72265625,8883.12167698025,8813.72265625,8883.12167698025,411574
2014-09-04,8883.1220703125,8883.1220703125,8883.1220703125,8883.1220703125,73518
2014-09-05,8744.3232421875,8813.723227075912,8744.3232421875,8813.723227075912,483790
2014-09-08,8744.3232421875,8744.3232421875,8744.3232421875,8744.3232421875,103622
2014-09-09,8674.923828125,8744.322850239234,8674.923828125,8744.322850239234,663735
2014-09-10,8674.923828125,8674.923828125,8605.524806010764,8605.524806010764,233809
2014-09-11,8674.923828125,8674.923828125,8674.923828125,8744.322850239234,196583
2014-09-12,8744.3232421875,8744.3232421875,8744.3232421875,8674.924216962581,203422
2014-09-15,8744.3232421875,8744.3232421875,8744.3232421875,8744.3232421875,124140
2014-09-16,8744.3232421875,8744.3232421875,8674.924216962581,8674.924216962581,143568
2014-09-17,8605.525390625,8605.525390625,8605.525390625,8744.323444282682,374730
2014-09-18,8536.125,8536.125,8536.125,8605.524983206697,159399
2014-09-19,8536.125,8605.524983206697,8536.125,8605.524983206697,281741
2014-09-22,8466.7255859375,8536.124606279765,8466.7255859375,8536.124606279765,93753
2014-09-23,8466.7255859375,8536.124606279765,8466.7255859375,8536.124606279765,128303
2014-09-24,8536.125,8536.125,8536.125,8536.125,257103
2014-09-25,8536.125,8536.125,8536.125,8536.125,520988
2014-09-26,8536.125,8536.125,8536.125,8536.125,175966
2014-09-29,8397.326171875,8466.726156557948,8397.326171875,8466.726156557948,238029
2014-09-30,8397.326171875,8397.326171875,8397.326171875,8397.326171875,206679
2014-10-01,8466.7255859375,8466.7255859375,8466.7255859375,8466.7255859375,460001
2014-10-02,8536.125,8536.125,8397.325993250075,8397.325993250075,451066
2014-10-03,8536.125,8536.125,8536.125,8536.125,230241
2014-10-06,8536.125,8536.125,8466.725976456773,8466.725976456773,431837
2014-10-07,8466.7255859375,8466.7255859375,8466.7255859375,8466.7255859375,224336
2014-10-08,8466.7255859375,8466.7255859375,8397.325605931808,8397.325605931808,270413
2014-10-09,8536.125,8536.125,8466.725976456773,8466.725976456773,130682
2014-10-10,8466.7255859375,8466.7255859375,8466.7255859375,8466.7255859375,162344
2014-10-13,8397.326171875,8397.326171875,8397.326171875,8397.326171875,135270
2014-10-14,8327.9267578125,8397.32577958995,8327.9267578125,8397.32577958995,173516
2014-10-15,8536.125,8536.125,8327.926969706848,8327.926969706848,680897
2014-10-16,8397.326171875,8536.125181577407,8397.326171875,8536.125181577407,287575
2014-10-17,8258.5283203125,8397.326373687136,8258.5283203125,8397.326373687136,235749
2014-10-20,8397.326171875,8397.326171875,8258.528121836083,8258.528121836083,56781
2014-10-21,8258.5283203125,8258.5283203125,8258.5283203125,8258.5283203125,124197
2014-10-22,8327.9267578125,8327.9267578125,8327.9267578125,8327.9267578125,35046
2014-10-23,8258.5283203125,8258.5283203125,8258.5283203125,8258.5283203125,137422
2014-10-24,8189.1279296875,8189.1279296875,8189.1279296875,8189.1279296875,108026
2014-10-27,8119.72900390625,8119.72900390625,8119.72900390625,8119.72900390625,60165
2014-10-28,8050.330078125,8189.128128008931,8050.330078125,8189.128128008931,101598
2014-10-29,8119.72900390625,8119.72900390625,8050.329979811808,8050.329979811808,176207
2014-10-30,8189.1279296875,8189.1279296875,8189.1279296875,8189.1279296875,283185
2014-10-31,8327.9267578125,8327.9267578125,8258.52773603505,8258.52773603505,453601
2014-11-03,8397.326171875,8397.326171875,8327.927146855542,8327.927146855542,867908
2014-11-04,8397.326171875,8397.326171875,8327.927146855542,8327.927146855542,328667
2014-11-05,8327.9267578125,8397.32577958995,8327.9267578125,8397.32577958995,273712
2014-11-06,8327.9267578125,8327.9267578125,8327.9267578125,8327.9267578125,161990
2014-11-07,8258.5283203125,8327.927346999819,8258.5283203125,8327.927346999819,268785
2014-11-10,8119.72900390625,8258.528011758612,8119.72900390625,8258.528011758612,494651
2014-11-11,8119.72900390625,8119.72900390625,8119.72900390625,8119.72900390625,254228
2014-11-12,8119.72900390625,8119.72900390625,8119.72900390625,8119.72900390625,299554
2014-11-13,8119.72900390625,8119.72900390625,8119.72900390625,8119.72900390625,232153
2014-11-14,8119.72900390625,8119.72900390625,8119.72900390625,8119.72900390625,741899
2014-11-17,8119.72900390625,8119.72900390625,8119.72900390625,8119.72900390625,627273
2014-11-18,7980.93017578125,8050.330161102031,7980.93017578125,8050.330161102031,961237
2014-11-19,8050.330078125,8050.330078125,7980.930093519545,7980.930093519545,466104
2014-11-20,7980.93017578125,8050.330161102031,7980.93017578125,8050.330161102031,178302
2014-11-21,7842.13134765625,7980.929873546311,7842.13134765625,7980.929873546311,995164
2014-11-24,7842.13134765625,7842.13134765625,7842.13134765625,7842.13134765625,494637
2014-11-25,7772.73193359375,7772.73193359375,7703.332429940009,7703.332429940009,293735
2014-11-26,7772.73193359375,7772.73193359375,7772.73193359375,7772.73193359375,342162
2014-11-27,7772.73193359375,7772.73193359375,7703.332429940009,7703.332429940009,360711
2014-11-28,7772.73193359375,7772.73193359375,7703.332429940009,7703.332429940009,532430
2014-12-01,8119.72900390625,8119.72900390625,7772.731964107083,7772.731964107083,1527184
2014-12-02,8189.1279296875,8189.1279296875,7980.929900240182,7980.929900240182,1103913
2014-12-03,8744.3232421875,8744.3232421875,8258.528146286078,8258.528146286078,3818286
2014-12-04,9299.5185546875,9299.5185546875,8744.323460064224,8744.323460064224,4269537
2014-12-05,9091.3203125,9299.518348407584,9091.3203125,9299.518348407584,1181043
2014-12-08,8744.3232421875,8744.3232421875,8744.3232421875,8744.3232421875,594606
2014-12-09,8189.1279296875,8536.124965320852,8189.1279296875,8536.124965320852,1288361
2014-12-10,8327.9267578125,8327.9267578125,8119.728732816705,8119.728732816705,403616
2014-12-11,8258.5283203125,8327.927346999819,8258.5283203125,8327.927346999819,197588
2014-12-12,8327.9267578125,8327.9267578125,8258.52773603505,8258.52773603505,207798
2014-12-15,8189.1279296875,8258.527912612251,8189.1279296875,8258.527912612251,668139
2014-12-16,8258.5283203125,8258.5283203125,8189.128333961668,8189.128333961668,566300
2014-12-17,8189.1279296875,8258.527912612251,8189.1279296875,8258.527912612251,749715
2014-12-18,8536.125,8536.125,8258.527946163622,8258.527946163622,431865
2014-12-19,8119.72900390625,8397.326059947496,8119.72900390625,8397.326059947496,232563
2014-12-22,8536.125,8536.125,8119.728939413699,8119.728939413699,429515
2014-12-23,8466.7255859375,8466.7255859375,8327.926585589541,8327.926585589541,409592
2014-12-24,8536.125,8536.125,8397.325993250075,8397.325993250075,300192
2014-12-25,8674.923828125,8674.923828125,8397.325820341159,8397.325820341159,553641
2014-12-26,8674.923828125,8674.923828125,8466.725802118845,8466.725802118845,359295
2014-12-29,8744.3232421875,8744.3232421875,8674.924216962581,8674.924216962581,1048661
2014-12-30,8883.1220703125,8883.1220703125,8744.32306304274,8744.32306304274,470253
2014-12-31,8883.1220703125,8883.1220703125,8813.723046509358,8813.723046509358,767939
2015-01-01,8883.1220703125,8883.1220703125,8883.1220703125,8883.1220703125,0
2015-01-02,8883.1220703125,8883.1220703125,8883.1220703125,8883.1220703125,0
2015-01-05,8883.1220703125,8883.1220703125,8813.723046509358,8813.723046509358,296751
2015-01-06,9021.9208984375,9021.9208984375,8883.121893923819,8883.121893923819,1279809
2015-01-07,9160.7197265625,9160.7197265625,9021.920724721378,9021.920724721378,1581261
2015-01-08,9091.3203125,9091.3203125,9091.3203125,9091.3203125,546930
2015-01-09,9299.5185546875,9299.5185546875,9091.32051416171,9091.32051416171,1915154
2015-01-12,9230.119140625,9230.119140625,9230.119140625,9230.119140625,1102115
2015-01-13,9299.5185546875,9299.5185546875,9160.72050077932,9160.72050077932,622756
2015-01-14,9091.3203125,9299.518348407584,9091.3203125,9299.518348407584,659572
2015-01-15,9091.3203125,9091.3203125,8952.522261670609,8952.522261670609,480859
2015-01-16,9021.9208984375,9021.9208984375,9021.9208984375,9021.9208984375,596844
2015-01-19,9091.3203125,9091.3203125,9021.921287085304,9021.921287085304,747775
2015-01-20,8952.5224609375,9091.320514856285,8952.5224609375,9091.320514856285,1017381
2015-01-21,8674.923828125,9021.920858023075,8674.923828125,9021.920858023075,855731
2015-01-22,8883.1220703125,8883.1220703125,8744.32306304274,8744.32306304274,1170649
2015-01-23,9299.5185546875,9299.5185546875,9021.92148720762,9021.92148720762,4305135
2015-01-26,9577.1162109375,9577.1162109375,9438.317202741076,9438.317202741076,2778984
2015-01-27,9438.3173828125,9507.717368066518,9438.3173828125,9507.717368066518,1989777
2015-01-28,9715.9150390625,9715.9150390625,9299.51802219059,9299.51802219059,4289786
2015-01-29,9924.11328125,9924.11328125,9715.91524816501,9715.91524816501,5349081
2015-01-30,9646.515625,9854.714625539273,9646.515625,9854.714625539273,1532678
2015-02-02,9299.5185546875,9646.515608784986,9299.5185546875,9507.717554876806,200538
2015-02-03,8674.923828125,9438.316910035386,8674.923828125,9438.316910035386,322778
2015-02-04,8883.1220703125,9021.92107758226,8536.125031969837,8536.125031969837,284778
2015-02-05,9091.3203125,9160.720297578191,8952.522261670609,9021.921287085304,138207
2015-02-06,9299.5185546875,9299.5185546875,9021.92148720762,9091.32051416171,133821
2015-02-09,9091.3203125,9299.518348407584,9021.921287085304,9230.119322992889,64068
2015-02-10,9021.9208984375,9160.71990295118,9021.9208984375,9091.319920862614,139624
2015-02-11,9091.3203125,9160.720297578191,8952.522261670609,9021.921287085304,112165
2015-02-12,9160.7197265625,9230.118747651342,9021.920724721378,9091.31974581022,148487
2015-02-13,9230.119140625,9299.518164668516,9091.32013287449,9091.32013287449,79318
2015-02-16,9230.119140625,9230.119140625,9230.119140625,9230.119140625,0
2015-02-17,9230.119140625,9230.119140625,9230.119140625,9230.119140625,0
2015-02-18,9230.119140625,9230.119140625,9230.119140625,9230.119140625,0
2015-02-19,9230.119140625,9230.119140625,9230.119140625,9230.119140625,0
2015-02-20,9230.119140625,9230.119140625,9230.119140625,9230.119140625,0
2015-02-23,9230.119140625,9230.119140625,9230.119140625,9230.119140625,0
2015-02-24,9230.119140625,9230.119140625,9230.119140625,9230.119140625,0
2015-02-25,9368.91796875,9507.716973839388,9230.118963660612,9230.118963660612,237400
2015-02-26,9299.5185546875,9438.317568259195,9230.11952773341,9368.918541305107,83233
2015-02-27,9160.7197265625,9299.517768740185,9160.7197265625,9299.517768740185,147768
2015-03-02,9091.3203125,9160.720297578191,9091.3203125,9160.720297578191,86671
2015-03-03,9091.3203125,9230.119322992889,9021.921287085304,9091.3203125,80248
2015-03-04,9160.7197265625,9230.118747651342,9091.31974581022,9091.31974581022,77254
2015-03-05,9091.3203125,9160.720297578191,9021.921287085304,9091.3203125,104614
2015-03-06,9160.7197265625,9230.118747651342,9021.920724721378,9091.31974581022,101113
2015-03-09,9160.7197265625,9299.517768740185,9091.31974581022,9160.7197265625,100571
2015-03-10,9230.119140625,9230.119140625,9091.32013287449,9230.119140625,112740
2015-03-11,9160.7197265625,9299.517768740185,9160.7197265625,9160.7197265625,44878
2015-03-12,9160.7197265625,9299.517768740185,9091.31974581022,9091.31974581022,126066
2015-03-13,9160.7197265625,9230.118747651342,9160.7197265625,9160.7197265625,45660
2015-03-16,9160.7197265625,9230.118747651342,9091.31974581022,9091.31974581022,120589
2015-03-17,9091.3203125,9230.119322992889,9091.3203125,9091.3203125,48667
2015-03-18,9160.7197265625,9230.118747651342,9091.31974581022,9160.7197265625,65538
2015-03-19,9021.9208984375,9160.71990295118,9021.9208984375,9021.9208984375,21079
2015-03-20,9091.3203125,9160.720297578191,9021.921287085304,9021.921287085304,52846
2015-03-23,9021.9208984375,9160.71990295118,9021.9208984375,9021.9208984375,46415
2015-03-24,8952.5224609375,9021.921487896892,8952.5224609375,8952.5224609375,35792
2015-03-25,8883.1220703125,9021.92107758226,8883.1220703125,9021.92107758226,50137
2015-03-26,9021.9208984375,9021.9208984375,8813.722871498705,8883.121893923819,19222
2015-03-27,8883.1220703125,9021.92107758226,8744.32306304274,9021.92107758226,51257
2015-03-30,8674.923828125,8813.72283201692,8674.923828125,8674.923828125,23380
2015-03-31,9091.3203125,9091.3203125,8536.125230191943,8536.125230191943,34750
2015-04-01,8813.72265625,9091.319698834435,8744.322675856318,9091.319698834435,7763
2015-04-02,8744.3232421875,8883.122252300833,8674.924216962581,8744.3232421875,36738
2015-04-03,8952.5224609375,8952.5224609375,8744.323460732288,8952.5224609375,8048
2015-04-06,8813.72265625,8952.521657373933,8744.322675856318,8952.521657373933,17988
2015-04-07,8813.72265625,8813.72265625,8605.524634395815,8744.322675856318,27344
2015-04-08,8813.72265625,8883.12167698025,8674.923655126067,8744.322675856318,16905
2015-04-09,8744.3232421875,8813.723227075912,8674.924216962581,8813.723227075912,26915
2015-04-10,8813.72265625,8813.72265625,8744.322675856318,8744.322675856318,39853
2015-04-13,8883.1220703125,8883.1220703125,8744.32306304274,8883.1220703125,17899
2015-04-14,8952.5224609375,8952.5224609375,8744.323460732288,8744.323460732288,35217
2015-04-15,8952.5224609375,9021.921487896892,8883.12247431459,8883.12247431459,40079
2015-04-16,8883.1220703125,9021.92107758226,8883.1220703125,8952.522053779117,47720
2015-04-17,8883.1220703125,8952.522053779117,8883.1220703125,8952.522053779117,36222
2015-04-20,8952.5224609375,8952.5224609375,8744.323460732288,8883.12247431459,28598
2015-04-21,8883.1220703125,8952.522053779117,8883.1220703125,8883.1220703125,20628
2015-04-22,9021.9208984375,9021.9208984375,8883.121893923819,8883.121893923819,60390
2015-04-23,9021.9208984375,9091.319920862614,8813.722871498705,9021.9208984375,44843
2015-04-24,8883.1220703125,9021.92107758226,8883.1220703125,9021.92107758226,21838
2015-04-27,8952.5224609375,9021.921487896892,8813.723447355198,8952.5224609375,9641
2015-04-28,8952.5224609375,8952.5224609375,8952.5224609375,8952.5224609375,0
2015-04-29,8952.5224609375,8952.5224609375,8952.5224609375,8952.5224609375,0
2015-04-30,8952.5224609375,8952.5224609375,8952.5224609375,8952.5224609375,0
2015-05-01,8952.5224609375,8952.5224609375,8952.5224609375,8952.5224609375,0
2015-05-04,8674.923828125,8952.521835908841,8674.923828125,8952.521835908841,12779
2015-05-05,8674.923828125,8813.72283201692,8536.124824233078,8674.923828125,11633
2015-05-06,8466.7255859375,8674.923606627724,8466.7255859375,8674.923606627724,21676
2015-05-07,8744.3232421875,8744.3232421875,8466.72618162433,8466.72618162433,8919
2015-05-08,8605.525390625,8674.92441745384,8536.125404132643,8674.92441745384,20207
2015-05-11,8605.525390625,8605.525390625,8466.726377303803,8605.525390625,8334
2015-05-12,8397.326171875,8536.125181577407,8327.927146855542,8536.125181577407,41466
2015-05-13,8397.326171875,8536.125181577407,8327.927146855542,8397.326171875,9859
2015-05-14,8536.125,8674.924006749923,8397.325993250075,8397.325993250075,8753
2015-05-15,8466.7255859375,8605.524586285459,8466.7255859375,8605.524586285459,13515
2015-05-18,8327.9267578125,8536.124782808296,8327.9267578125,8536.124782808296,60090
2015-05-19,8397.326171875,8466.726156557948,8327.927146855542,8327.927146855542,27279
2015-05-20,8327.9267578125,8466.725761030846,8327.9267578125,8327.9267578125,17787
2015-05-21,8466.7255859375,8466.7255859375,8327.926585589541,8327.926585589541,7728
2015-05-22,8536.125,8605.524983206697,8397.325993250075,8397.325993250075,26830
2015-05-25,8397.326171875,8536.125181577407,8397.326171875,8536.125181577407,3834
2015-05-26,8536.125,8605.524983206697,8327.926969706848,8397.325993250075,32250
2015-05-27,8605.525390625,8605.525390625,8466.726377303803,8466.726377303803,59198
2015-05-28,9160.7197265625,9160.7197265625,8605.524678861448,8674.923699950292,268330
2015-05-29,9368.91796875,9715.915001641735,9299.517986373578,9368.91796875,397690
2015-06-01,9438.3173828125,9646.515419247557,9299.518371967964,9368.91835722198,136607
2015-06-02,9160.7197265625,9507.716751333586,9160.7197265625,9368.917749492464,146166
2015-06-03,9091.3203125,9230.119322992889,9021.921287085304,9091.3203125,118463
2015-06-04,9368.91796875,9438.316991462963,9160.719940947649,9160.719940947649,169398
2015-06-05,9577.1162109375,9646.515235203971,9299.518194544657,9299.518194544657,262043
2015-06-08,9646.515625,9785.314638805008,9577.116597929256,9577.116597929256,295789
2015-06-09,9438.3173828125,9646.515419247557,9368.91835722198,9577.116393657036,105268
2015-06-10,9368.91796875,9438.316991462963,9160.719940947649,9438.316991462963,88291
2015-06-11,9299.5185546875,9438.317568259195,9160.72050077932,9368.918541305107,75549
2015-06-12,9160.7197265625,9299.517768740185,9091.31974581022,9230.118747651342,88290
2015-06-15,9368.91796875,9507.716973839388,9091.319958571226,9091.319958571226,167031
2015-06-16,9368.91796875,9646.515019265316,9368.91796875,9507.716973839388,241153
2015-06-17,9368.91796875,9438.316991462963,9230.118963660612,9438.316991462963,74817
2015-06-18,9299.5185546875,9438.317568259195,9299.5185546875,9299.5185546875,48190
2015-06-19,9299.5185546875,9438.317568259195,9230.11952773341,9299.5185546875,45527
2015-06-22,9230.119140625,9368.91814837551,9230.119140625,9299.518164668516,62156
2015-06-23,9438.3173828125,9438.3173828125,9299.518371967964,9299.518371967964,103472
2015-06-24,9368.91796875,9438.316991462963,9299.517986373578,9438.316991462963,42356
2015-06-25,9299.5185546875,9438.317568259195,9299.5185546875,9368.918541305107,58694
2015-06-26,9160.7197265625,9299.517768740185,9160.7197265625,9299.517768740185,68186
2015-06-29,9021.9208984375,9160.71990295118,9021.9208984375,9091.319920862614,83423
2015-06-30,9021.9208984375,9021.9208984375,8952.521876012386,9021.9208984375,70263
2015-07-01,8952.5224609375,9021.921487896892,8883.12247431459,8952.5224609375,32466
2015-07-02,9230.119140625,9299.518164668516,8883.122101080464,8952.522084787457,32596
2015-07-03,9368.91796875,9507.716973839388,9230.118963660612,9230.118963660612,71298
2015-07-06,9715.9150390625,9924.113067666724,9368.918004834306,9368.918004834306,195638
2015-07-07,9715.9150390625,9854.71404468647,9438.31702781456,9715.9150390625,145165
2015-07-08,9785.314453125,10132.311501221362,9577.116416199882,9646.515441953754,240998
2015-07-09,9715.9150390625,9785.314062042757,9577.11603343853,9715.9150390625,66248
2015-07-10,9715.9150390625,9854.71404468647,9646.515056418784,9715.9150390625,146779
2015-07-13,10340.509765625,10340.509765625,9715.915641109345,9785.31466838991,1566195
2015-07-14,10826.3056640625,11034.503702269316,10618.107625855684,10756.906637881397,612939
2015-07-15,10618.107421875,10826.305456082198,10548.707437363608,10826.305456082198,198647
2015-07-16,10132.3115234375,10409.909546388652,10062.912497531464,10340.509560819111,519251
2015-07-17,10132.3115234375,10271.110534913076,10062.912497531464,10132.3115234375,142568
2015-07-20,9924.11328125,9993.512305723834,9785.314272638849,9924.11328125,331302
2015-07-21,9785.314453125,10132.311501221362,9785.314453125,9924.113464296244,193662
2015-07-22,9854.7138671875,9854.7138671875,9646.514882669806,9715.91486406352,246191
2015-07-23,9715.9150390625,9993.512090646978,9715.9150390625,9854.71404468647,152402
2015-07-24,9854.7138671875,9854.7138671875,9646.514882669806,9785.313885793788,131113
2015-07-27,9785.314453125,9924.113464296244,9785.314453125,9785.314453125,203552
2015-07-28,9646.515625,9785.314638805008,9646.515625,9715.915611734265,169741
2015-07-29,9577.1162109375,9715.915219133924,9577.1162109375,9646.515235203971,208541
2015-07-30,9577.1162109375,9646.515235203971,9438.317202741076,9577.1162109375,139439
2015-07-31,9438.3173828125,9577.116393657036,9438.3173828125,9577.116393657036,91787
2015-08-03,9438.3173828125,9577.116393657036,9230.119346377443,9368.91835722198,188832
2015-08-04,9507.716796875,9646.51483971752,9438.316815790298,9438.316815790298,136972
2015-08-05,9577.1162109375,9646.515235203971,9438.317202741076,9577.1162109375,56780
2015-08-06,9507.716796875,9646.51483971752,9438.316815790298,9646.51483971752,47566
2015-08-07,9507.716796875,9507.716796875,9368.91779436904,9438.316815790298,79970
2015-08-10,9507.716796875,9577.11581829626,9368.91779436904,9368.91779436904,46593
2015-08-11,9577.1162109375,9577.1162109375,9438.317202741076,9438.317202741076,60341
2015-08-12,9577.1162109375,9646.515235203971,9438.317202741076,9438.317202741076,149809
2015-08-13,9577.1162109375,9646.515235203971,9507.717186671029,9577.1162109375,1417670
2015-08-14,9368.91796875,9577.115996552351,9368.91796875,9507.716973839388,94931
2015-08-17,8744.3232421875,9299.518322977334,8744.3232421875,9299.518322977334,3282783
2015-08-18,8466.7255859375,8466.7255859375,8189.127585241583,8189.127585241583,10355505
2015-08-19,8397.326171875,8674.924191279813,8258.528121836083,8674.924191279813,1206148
2015-08-20,8189.1279296875,8536.124965320852,8119.728906426217,8258.527912612251,2364847
2015-08-21,8050.330078125,8119.729103066966,7772.73205903016,7842.13156380387,2685359
2015-08-24,8536.125,8536.125,7772.731902370624,7772.731902370624,2187040
2015-08-25,8327.9267578125,8397.32577958995,8119.728732816705,8397.32577958995,491960
2015-08-26,8258.5283203125,8327.927346999819,8189.128333961668,8327.927346999819,386044
2015-08-27,8258.5283203125,8258.5283203125,8119.7293072743505,8189.128333961668,617659
2015-08-28,8397.326171875,8397.326171875,8189.128137153135,8189.128137153135,648768
2015-08-31,8050.330078125,8327.927137556351,8050.330078125,8327.927137556351,386383
2015-09-01,7980.93017578125,8189.128212416592,7980.93017578125,7980.93017578125,359791
2015-09-02,7980.93017578125,7980.93017578125,7980.93017578125,7980.93017578125,0
2015-09-03,8189.1279296875,8258.527912612251,7980.929900240182,7980.929900240182,468271
2015-09-04,8258.5283203125,8258.5283203125,8189.128333961668,8189.128333961668,249315
2015-09-07,8258.5283203125,8258.5283203125,8119.7293072743505,8119.7293072743505,79565
2015-09-08,8327.9267578125,8397.32577958995,8258.52773603505,8258.52773603505,330522
2015-09-09,8327.9267578125,8397.32577958995,8258.52773603505,8327.9267578125,505866
2015-09-10,8258.5283203125,8327.927346999819,8258.5283203125,8258.5283203125,265273
2015-09-11,8327.9267578125,8327.9267578125,8258.52773603505,8327.9267578125,210714
2015-09-14,8258.5283203125,8327.927346999819,8189.128333961668,8327.927346999819,208265
2015-09-15,8258.5283203125,8258.5283203125,8050.330280587032,8258.5283203125,905956
2015-09-16,8189.1279296875,8189.1279296875,8050.329883164933,8189.1279296875,211876
2015-09-17,8119.72900390625,8119.72900390625,8050.329979811808,8119.72900390625,98496
2015-09-18,8189.1279296875,8189.1279296875,8119.728906426217,8189.1279296875,444808
2015-09-21,8189.1279296875,8258.527912612251,8119.728906426217,8119.728906426217,106695
2015-09-22,8258.5283203125,8258.5283203125,8189.128333961668,8189.128333961668,255885
2015-09-23,8258.5283203125,8258.5283203125,8189.128333961668,8189.128333961668,145253
2015-09-24,8327.9267578125,8327.9267578125,8189.127754594155,8189.127754594155,413925
2015-09-25,8327.9267578125,8397.32577958995,8189.127754594155,8327.9267578125,351366
2015-09-28,8258.5283203125,8327.927346999819,8258.5283203125,8258.5283203125,484810
2015-09-29,8327.9267578125,8327.9267578125,8189.127754594155,8258.52773603505,717827
2015-09-30,8327.9267578125,8327.9267578125,8258.52773603505,8258.52773603505,369193
2015-10-01,8327.9267578125,8327.9267578125,8189.127754594155,8327.9267578125,59528
2015-10-02,8327.9267578125,8327.9267578125,8327.9267578125,8327.9267578125,0
2015-10-05,8258.5283203125,8258.5283203125,8189.128333961668,8258.5283203125,56427
2015-10-06,8258.5283203125,8327.927346999819,8189.128333961668,8258.5283203125,368556
2015-10-07,8119.72900390625,8258.528011758612,8050.329979811808,8258.528011758612,747378
2015-10-08,7911.53076171875,8119.728788132908,7911.53076171875,8050.329765882673,1723385
2015-10-09,8050.330078125,8189.128128008931,7980.930093519545,7980.930093519545,1025637
2015-10-12,8050.330078125,8189.128128008931,7980.930093519545,8050.330078125,224181
2015-10-13,8050.330078125,8119.729103066966,8050.330078125,8050.330078125,315640
2015-10-14,8050.330078125,8119.729103066966,7980.930093519545,8050.330078125,373342
2015-10-15,8050.330078125,8119.729103066966,7980.930093519545,8050.330078125,577600
2015-10-16,8119.72900390625,8119.72900390625,7980.929996053887,8050.329979811808,440942
2015-10-19,8050.330078125,8119.729103066966,8050.330078125,8119.729103066966,761836
2015-10-20,8050.330078125,8119.729103066966,8050.330078125,8050.330078125,314295
2015-10-21,8119.72900390625,8189.128028000692,8050.329979811808,8119.72900390625,225667
2015-10-22,8189.1279296875,8327.926935873535,8119.728906426217,8119.728906426217,360301
2015-10-23,8189.1279296875,8258.527912612251,8119.728906426217,8258.527912612251,195889
2015-10-26,8119.72900390625,8258.528011758612,8119.72900390625,8119.72900390625,361830
2015-10-27,8189.1279296875,8189.1279296875,8119.728906426217,8119.728906426217,226843
2015-10-28,8189.1279296875,8189.1279296875,8119.728906426217,8119.728906426217,252685
2015-10-29,8189.1279296875,8258.527912612251,8119.728906426217,8189.1279296875,104132
2015-10-30,8189.1279296875,8258.527912612251,8119.728906426217,8189.1279296875,38019
2015-11-02,8119.72900390625,8189.128028000692,8050.329979811808,8119.72900390625,184080
2015-11-03,8119.72900390625,8119.72900390625,7980.929996053887,8050.329979811808,310656
2015-11-04,8050.330078125,8050.330078125,7911.53106857758,8050.330078125,51768
2015-11-05,7980.93017578125,8050.330161102031,7911.531150123969,8050.330161102031,127737
2015-11-06,8050.330078125,8050.330078125,7911.53106857758,7911.53106857758,111566
2015-11-09,7980.93017578125,8050.330161102031,7911.531150123969,7980.93017578125,332958
2015-11-10,7980.93017578125,8050.330161102031,7911.531150123969,7911.531150123969,330777
2015-11-11,7911.53076171875,7980.929783968985,7703.332255472865,7980.929783968985,429940
2015-11-12,7911.53076171875,7911.53076171875,7842.131259636788,7911.53076171875,84761
2015-11-13,8050.330078125,8050.330078125,7842.13156380387,7911.53106857758,141175
2015-11-16,7911.53076171875,8050.329765882673,7842.131259636788,8050.329765882673,196455
2015-11-17,7842.13134765625,7911.530850517146,7772.731844795354,7911.530850517146,447002
2015-11-18,7842.13134765625,7911.530850517146,7772.731844795354,7911.530850517146,302514
2015-11-19,7842.13134765625,7911.530850517146,7772.731844795354,7842.13134765625,191896
2015-11-20,7842.13134765625,7842.13134765625,7772.731844795354,7772.731844795354,229519
2015-11-23,7772.73193359375,7842.13143724749,7564.533902464266,7703.332429940009,521611
2015-11-24,7772.73193359375,7842.13143724749,7703.332429940009,7703.332429940009,517732
2015-11-25,7772.73193359375,7842.13143724749,7703.332429940009,7703.332429940009,177665
2015-11-26,7772.73193359375,7772.73193359375,7703.332429940009,7772.73193359375,144786
2015-11-27,7564.53369140625,7703.332215009376,7564.53369140625,7703.332215009376,302684
2015-11-30,7286.9365234375,7633.93356929144,7286.9365234375,7633.93356929144,150832
2015-12-01,7286.9365234375,7425.735053880027,7217.537018300362,7286.9365234375,337121
2015-12-02,7356.33544921875,7564.533961813437,7286.9364248522625,7356.33544921875,495897
2015-12-03,7356.33544921875,7495.134457615208,7286.9364248522625,7356.33544921875,211536
2015-12-04,7286.9365234375,7356.33554874289,7217.537018300362,7356.33554874289,381626
2015-12-07,7356.33544921875,7356.33544921875,7148.137416455804,7286.9364248522625,305615
2015-12-08,7078.73779296875,7217.536799026208,7009.338769771754,7148.137295997479,728857
2015-12-09,7009.3388671875,7148.137395342245,7009.3388671875,7078.737891349003,615676
2015-12-10,7078.73779296875,7078.73779296875,6939.939266743026,7078.73779296875,335238
2015-12-11,7564.53369140625,7564.53369140625,7078.737659215998,7078.737659215998,782382
2015-12-14,7980.93017578125,8050.330161102031,7911.531150123969,8050.330161102031,1918779
2015-12-15,7772.73193359375,8327.927003160197,7772.73193359375,8327.927003160197,686221
2015-12-16,7772.73193359375,7911.530940901231,7564.533902464266,7703.332429940009,740341
2015-12-17,7842.13134765625,7980.929873546311,7772.731844795354,7980.929873546311,649575
2015-12-18,7842.13134765625,7842.13134765625,7633.933318905293,7703.332341934458,648528
2015-12-21,7703.33251953125,7842.131528452989,7633.933494902122,7633.933494902122,222340
2015-12-22,7703.33251953125,7703.33251953125,7633.933494902122,7633.933494902122,265273
2015-12-23,7703.33251953125,7703.33251953125,7633.933494902122,7703.33251953125,150110
2015-12-24,7703.33251953125,7703.33251953125,7633.933494902122,7633.933494902122,123914
2015-12-25,7633.93359375,7703.3326192777395,7564.534088390512,7703.3326192777395,318755
2015-12-28,7564.53369140625,7703.332215009376,7564.53369140625,7633.933193123676,301494
2015-12-29,7564.53369140625,7564.53369140625,7356.335186253975,7425.7346879714,244175
2015-12-30,8050.330078125,8050.330078125,7495.134519767064,7564.534024540775,680232
2015-12-31,7772.73193359375,8050.329948208711,7703.332429940009,8050.329948208711,492654
2016-01-04,7772.73193359375,7842.13143724749,7703.332429940009,7703.332429940009,136913
2016-01-05,7772.73193359375,7842.13143724749,7703.332429940009,7703.332429940009,298308
2016-01-06,7772.73193359375,7842.13143724749,7633.933406118006,7633.933406118006,377236
2016-01-07,7703.33251953125,7772.73202399212,7633.933494902122,7703.33251953125,298832
2016-01-08,7564.53369140625,7633.933193123676,7564.53369140625,7633.933193123676,424686
2016-01-11,7564.53369140625,7842.131218444227,7495.134189688825,7564.53369140625,240422
2016-01-12,7842.13134765625,7842.13134765625,7564.533816044397,7772.731844795354,302839
2016-01-13,8327.9267578125,8327.9267578125,7703.332202993391,7842.131206211736,749941
2016-01-14,7842.13134765625,8050.329856238939,7842.13134765625,7842.13134765625,244670
2016-01-15,7772.73193359375,7980.929964723234,7772.73193359375,7842.13143724749,688728
2016-01-18,7564.53369140625,7703.332215009376,7425.7346879714,7633.933193123676,179449
2016-01-19,7564.53369140625,7564.53369140625,7425.7346879714,7564.53369140625,128402
2016-01-20,7495.13427734375,7564.533779872796,7425.734774814704,7564.533779872796,102093
2016-01-21,7425.73486328125,7495.134366637088,7286.936336401311,7425.73486328125,446068
2016-01-22,7148.13720703125,7356.335233694456,7009.338682533022,7356.335233694456,774325
2016-01-25,7009.3388671875,7148.137395342245,6939.939363194258,7148.137395342245,1069745
2016-01-26,7286.9365234375,7425.735053880027,7009.3389827206975,7078.738008026087,482360
2016-01-27,7148.13720703125,7356.335233694456,7148.13720703125,7356.335233694456,535375
2016-01-28,7009.3388671875,7217.536899335489,7009.3388671875,7148.137395342245,879973
2016-01-29,7286.9365234375,7286.9365234375,7009.3389827206975,7078.738008026087,1146053
2016-02-01,7148.13720703125,7286.936211361205,7148.13720703125,7286.936211361205,305417
2016-02-02,7286.9365234375,7286.9365234375,7078.738008026087,7148.137513163225,368825
2016-02-03,7356.33544921875,7356.33544921875,7078.737912257575,7148.137416455804,514843
2016-02-04,7425.73486328125,7425.73486328125,7356.335359925412,7356.335359925412,520323
2016-02-05,7495.13427734375,7495.13427734375,7425.734774814704,7425.734774814704,79890
2016-02-15,7148.13720703125,7495.134238024411,7148.13720703125,7495.134238024411,122894
2016-02-16,7078.73779296875,7217.536799026208,7078.73779296875,7148.137295997479,423766
2016-02-17,7009.3388671875,7148.137395342245,7009.3388671875,7148.137395342245,463315
2016-02-18,7286.9365234375,7356.33554874289,6939.93947758356,7009.3389827206975,590627
2016-02-19,7286.9365234375,7286.9365234375,7078.738008026087,7148.137513163225,924591
2016-02-22,7148.13720703125,7286.936211361205,7148.13720703125,7217.536709196228,448617
2016-02-23,7148.13720703125,7217.536709196228,7148.13720703125,7148.13720703125,343889
2016-02-24,7217.537109375,7356.335641568959,7078.738097349287,7078.738097349287,448277
2016-02-25,7148.13720703125,7356.335233694456,7148.13720703125,7286.936211361205,401266
2016-02-26,7286.9365234375,7356.33554874289,7286.9365234375,7356.33554874289,217610
2016-02-29,7217.537109375,7286.936615387857,7217.537109375,7286.936615387857,192618
2016-03-01,7356.33544921875,7356.33544921875,7217.536920654033,7217.536920654033,431511
2016-03-02,7286.9365234375,7356.33554874289,7286.9365234375,7356.33554874289,229873
2016-03-03,7356.33544921875,7356.33544921875,7286.9364248522625,7286.9364248522625,125939
2016-03-04,7217.537109375,7356.335641568959,7217.537109375,7286.936615387857,512974
2016-03-07,7217.537109375,7356.335641568959,7217.537109375,7356.335641568959,99728
2016-03-08,7356.33544921875,7356.33544921875,7217.536920654033,7217.536920654033,482742
2016-03-09,7356.33544921875,7356.33544921875,7217.536920654033,7356.33544921875,130909
2016-03-10,7356.33544921875,7356.33544921875,7217.536920654033,7217.536920654033,86772
2016-03-11,7148.13720703125,7356.335233694456,7148.13720703125,7356.335233694456,482148
2016-03-14,7217.537109375,7286.936615387857,7148.137603362144,7148.137603362144,349157
2016-03-15,7217.537109375,7286.936615387857,7148.137603362144,7148.137603362144,194261
2016-03-16,7148.13720703125,7217.536709196228,7148.13720703125,7217.536709196228,47860
2016-03-17,7286.9365234375,7356.33554874289,7148.137513163225,7148.137513163225,850449
2016-03-18,7217.537109375,7286.936615387857,7217.537109375,7217.537109375,98128
2016-03-21,7148.13720703125,7286.936211361205,7148.13720703125,7217.536709196228,377208
2016-03-22,7148.13720703125,7148.13720703125,7078.737704866273,7148.13720703125,182225
2016-03-23,7148.13720703125,7217.536709196228,7078.737704866273,7217.536709196228,94220
2016-03-24,7148.13720703125,7217.536709196228,7078.737704866273,7148.13720703125,89675
2016-03-25,7148.13720703125,7148.13720703125,7078.737704866273,7148.13720703125,275242
2016-03-28,7217.537109375,7217.537109375,7078.738097349287,7148.137603362144,603867
2016-03-29,7148.13720703125,7217.536709196228,7078.737704866273,7217.536709196228,308702
2016-03-30,7148.13720703125,7217.536709196228,7078.737704866273,7078.737704866273,579455
2016-03-31,7286.9365234375,7286.9365234375,7148.137513163225,7148.137513163225,838682
2016-04-01,7286.9365234375,7356.33554874289,7078.738008026087,7148.137513163225,483153
2016-04-04,7009.3388671875,7286.936403328731,6870.539859201014,7286.936403328731,1271794
2016-04-05,7078.73779296875,7078.73779296875,6870.539763714297,6870.539763714297,1399220
2016-04-06,7078.73779296875,7148.137295997479,6870.539763714297,6870.539763714297,1973196
2016-04-07,7286.9365234375,7286.9365234375,7009.3389827206975,7009.3389827206975,597113
2016-04-08,7217.537109375,7286.936615387857,7078.738097349287,7148.137603362144,240620
2016-04-11,7286.9365234375,7286.9365234375,7217.537018300362,7217.537018300362,265160
2016-04-12,7286.9365234375,7286.9365234375,7217.537018300362,7286.9365234375,430818
2016-04-13,7217.537109375,7286.936615387857,7078.738097349287,7286.936615387857,122016
2016-04-14,7148.13720703125,7217.536709196228,7078.737704866273,7217.536709196228,113265
2016-04-15,7217.537109375,7217.537109375,7078.738097349287,7148.137603362144,53723
2016-04-19,7217.537109375,7217.537109375,7078.738097349287,7148.137603362144,115673
2016-04-20,7217.537109375,7217.537109375,7078.738097349287,7148.137603362144,388762
2016-04-21,7286.9365234375,7286.9365234375,7148.137513163225,7217.537018300362,532854
2016-04-22,7286.9365234375,7356.33554874289,7148.137513163225,7148.137513163225,259821
2016-04-25,7286.9365234375,7286.9365234375,7148.137513163225,7286.9365234375,298974
2016-04-26,7286.9365234375,7286.9365234375,7148.137513163225,7217.537018300362,195818
2016-04-27,7356.33544921875,7356.33544921875,7217.536920654033,7286.9364248522625,164171
2016-04-28,7356.33544921875,7356.33544921875,7217.536920654033,7356.33544921875,102433
2016-04-29,7356.33544921875,7356.33544921875,7217.536920654033,7356.33544921875,87763
2016-05-04,7217.537109375,7356.335641568959,7217.537109375,7286.936615387857,425777
2016-05-05,7425.73486328125,7425.73486328125,7217.536833045472,7217.536833045472,487104
2016-05-06,7356.33544921875,7495.134457615208,7286.9364248522625,7356.33544921875,498729
2016-05-09,7425.73486328125,7495.134366637088,7286.936336401311,7286.936336401311,452567
2016-05-10,7633.93359375,7633.93359375,7425.735077671535,7425.735077671535,365172
2016-05-11,7633.93359375,7703.3326192777395,7495.134583031023,7633.93359375,269294
2016-05-12,7772.73193359375,7911.530940901231,7564.533902464266,7564.533902464266,854725
2016-05-13,7842.13134765625,7980.929873546311,7633.933318905293,7633.933318905293,297331
2016-05-16,7842.13134765625,7911.530850517146,7772.731844795354,7772.731844795354,305162
2016-05-17,7842.13134765625,7911.530850517146,7772.731844795354,7772.731844795354,222878
2016-05-18,8327.9267578125,8327.9267578125,7772.731704602564,7842.131206211736,2663934
2016-05-19,8397.326171875,8466.726156557948,8119.729112133677,8119.729112133677,674171
2016-05-20,8327.9267578125,8466.725761030846,8258.52773603505,8258.52773603505,714456
2016-05-23,8536.125,8536.125,8119.728939413699,8119.728939413699,1071232
2016-05-24,8397.326171875,8536.125181577407,8327.927146855542,8327.927146855542,613227
2016-05-25,8536.125,8605.524983206697,8327.926969706848,8327.926969706848,776591
2016-05-26,8813.72265625,8883.12167698025,8536.124654002133,8536.124654002133,1452150
2016-05-27,8744.3232421875,8883.122252300833,8674.924216962581,8813.723227075912,500343
2016-05-30,8744.3232421875,8744.3232421875,8605.525191737663,8674.924216962581,304949
2016-05-31,9021.9208984375,9021.9208984375,8674.923866985022,8744.322889410136,988410
2016-06-01,8952.5224609375,9021.921487896892,8883.12247431459,9021.921487896892,145267
2016-06-02,8674.923828125,8883.121854131155,8674.923828125,8883.121854131155,256324
2016-06-03,8466.7255859375,8674.923606627724,8466.7255859375,8674.923606627724,255078
2016-06-06,8258.5283203125,8536.125386725287,8189.128333961668,8536.125386725287,188115
2016-06-07,8258.5283203125,8327.927346999819,8189.128333961668,8258.5283203125,213816
2016-06-08,8327.9267578125,8327.9267578125,8189.127754594155,8189.127754594155,181998
2016-06-09,8327.9267578125,8327.9267578125,8258.52773603505,8258.52773603505,34054
2016-06-10,8189.1279296875,8327.926935873535,7842.131373885881,7842.131373885881,718195
2016-06-13,8050.330078125,8189.128128008931,8050.330078125,8189.128128008931,34663
2016-06-14,8050.330078125,8119.729103066966,7980.930093519545,7980.930093519545,82722
2016-06-15,8050.330078125,8189.128128008931,7911.53106857758,8050.330078125,121223
2016-06-16,7980.93017578125,8119.729186759311,7980.93017578125,7980.93017578125,36235
2016-06-17,8189.1279296875,8189.1279296875,7911.530876978898,8119.728906426217,78262
2016-06-20,8189.1279296875,8189.1279296875,8189.1279296875,8189.1279296875,22825
2016-06-21,8119.72900390625,8189.128028000692,8050.329979811808,8119.72900390625,42692
2016-06-22,8050.330078125,8119.729103066966,7980.930093519545,7980.930093519545,64541
2016-06-23,8050.330078125,8119.729103066966,8050.330078125,8050.330078125,71083
2016-06-24,7911.53076171875,8050.329765882673,7911.53076171875,8050.329765882673,158294
2016-06-27,7980.93017578125,7980.93017578125,7772.732139145909,7772.732139145909,27059
2016-06-28,7842.13134765625,7980.929873546311,7842.13134765625,7980.929873546311,256720
2016-06-29,7911.53076171875,7911.53076171875,7842.131259636788,7842.131259636788,98751
2016-06-30,7980.93017578125,7980.93017578125,7911.531150123969,7911.531150123969,44561
2016-07-01,7911.53076171875,7980.929783968985,7911.53076171875,7911.53076171875,86191
2016-07-04,7911.53076171875,7911.53076171875,7633.933233222629,7911.53076171875,136049
2016-07-05,7842.13134765625,7911.530850517146,7772.731844795354,7911.530850517146,42734
2016-07-06,7842.13134765625,7842.13134765625,7772.731844795354,7772.731844795354,157246
2016-07-07,7842.13134765625,7842.13134765625,7772.731844795354,7842.13134765625,41616
2016-07-08,7703.33251953125,7842.131528452989,7633.933494902122,7842.131528452989,67458
2016-07-11,7703.33251953125,7772.73202399212,7633.933494902122,7633.933494902122,48087
2016-07-12,7495.13427734375,7703.332305099159,7495.13427734375,7703.332305099159,100790
2016-07-13,7842.13134765625,7980.929873546311,7495.134313183501,7564.533816044397,408204
2016-07-14,8327.9267578125,8327.9267578125,7772.731704602564,7842.131206211736,893892
2016-07-15,8536.125,8605.524983206697,8397.325993250075,8605.524983206697,391254
2016-07-18,8536.125,8605.524983206697,8397.325993250075,8536.125,442061
2016-07-19,8327.9267578125,8397.32577958995,8189.127754594155,8397.32577958995,248111
2016-07-20,8189.1279296875,8327.926935873535,8119.728906426217,8327.926935873535,59599
2016-07-21,7980.93017578125,8119.729186759311,7980.93017578125,8119.729186759311,258873
2016-07-22,7495.13427734375,7842.131310157251,7495.13427734375,7842.131310157251,1869558
2016-07-25,7633.93359375,7772.732124637228,7633.93359375,7772.732124637228,2562
2016-07-26,7842.13134765625,7911.530850517146,7633.933318905293,7842.13134765625,170755
2016-07-27,7842.13134765625,7842.13134765625,7842.13134765625,7842.13134765625,0
2016-07-28,8258.5283203125,8327.927346999819,7980.9302942362,8050.330280587032,507975
2016-07-29,8258.5283203125,8327.927346999819,8119.7293072743505,8258.5283203125,240408
2016-08-01,8119.72900390625,8258.528011758612,7980.929996053887,8258.528011758612,75656
2016-08-02,7842.13134765625,8050.329856238939,7842.13134765625,7842.13134765625,143483
2016-08-03,7772.73193359375,7842.13143724749,7772.73193359375,7772.73193359375,40313
2016-08-04,7703.33251953125,7911.531032913859,7703.33251953125,7911.531032913859,90822
2016-08-05,7633.93359375,7772.732124637228,7633.93359375,7633.93359375,20532
2016-08-08,7703.33251953125,7703.33251953125,7633.933494902122,7633.933494902122,27484
2016-08-09,7633.93359375,7633.93359375,7564.534088390512,7633.93359375,57914
2016-08-10,7564.53369140625,7633.933193123676,7425.7346879714,7633.933193123676,199641
2016-08-11,7425.73486328125,7495.134366637088,7356.335359925412,7495.134366637088,108989
2016-08-12,7425.73486328125,7495.134366637088,7356.335359925412,7425.73486328125,31987
2016-08-15,7564.53369140625,7633.933193123676,7425.7346879714,7564.53369140625,18818
2016-08-16,7564.53369140625,7564.53369140625,7356.335186253975,7356.335186253975,38331
2016-08-17,7495.13427734375,7564.533779872796,7495.13427734375,7564.533779872796,175753
2016-08-18,7495.13427734375,7564.533779872796,7356.335272285658,7564.533779872796,345348
2016-08-19,7633.93359375,7633.93359375,7425.735077671535,7425.735077671535,91501
2016-08-22,7772.73193359375,7842.13143724749,7564.533902464266,7564.533902464266,159370
2016-08-23,7703.33251953125,7703.33251953125,7633.933494902122,7703.33251953125,108791
2016-08-24,7703.33251953125,7772.73202399212,7633.933494902122,7633.933494902122,34040
2016-08-25,7772.73193359375,7772.73193359375,7703.332429940009,7703.332429940009,79834
2016-08-26,7772.73193359375,7772.73193359375,7633.933406118006,7633.933406118006,163604
2016-08-29,7772.73193359375,7772.73193359375,7633.933406118006,7703.332429940009,48767
2016-08-30,7772.73193359375,7772.73193359375,7703.332429940009,7703.332429940009,38444
2016-08-31,7772.73193359375,7772.73193359375,7703.332429940009,7703.332429940009,55960
2016-09-01,7703.33251953125,7703.33251953125,7564.533990441253,7703.33251953125,191655
2016-09-05,7217.537109375,7564.53415960753,7217.537109375,7564.53415960753,1271015
2016-09-06,7217.537109375,7217.537109375,7009.339071168184,7217.537109375,36589
2016-09-07,7217.537109375,7217.537109375,6939.939565155328,7148.137603362144,70715
2016-09-08,7148.13720703125,7217.536709196228,6939.939180368045,7009.338682533022,115078
2016-09-09,7286.9365234375,7286.9365234375,7148.137513163225,7148.137513163225,65150
2016-09-12,7217.537109375,7286.936615387857,7217.537109375,7217.537109375,103849
2016-09-13,7217.537109375,7286.936615387857,7148.137603362144,7148.137603362144,43442
2016-09-14,7078.73779296875,7356.335325251933,7078.73779296875,7217.536799026208,217554
2016-09-15,7425.73486328125,7425.73486328125,7078.737826333797,7078.737826333797,128431
2016-09-16,7425.73486328125,7425.73486328125,7356.335359925412,7425.73486328125,72541
2016-09-19,7425.73486328125,7425.73486328125,7148.1373296896345,7217.536833045472,99431
2016-09-20,7286.9365234375,7425.735053880027,7286.9365234375,7286.9365234375,164454
2016-09-21,7286.9365234375,7356.33554874289,7217.537018300362,7286.9365234375,70474
2016-09-22,7356.33544921875,7425.734953416979,7286.9364248522625,7286.9364248522625,110462
2016-09-23,7356.33544921875,7425.734953416979,7356.33544921875,7425.734953416979,43414
2016-09-26,7217.537109375,7356.335641568959,7217.537109375,7217.537109375,34238
2016-09-27,7286.9365234375,7286.9365234375,7217.537018300362,7217.537018300362,14967
2016-09-28,7217.537109375,7217.537109375,7148.137603362144,7217.537109375,21395
2016-09-29,7148.13720703125,7217.536709196228,7078.737704866273,7217.536709196228,26762
2016-09-30,7148.13720703125,7148.13720703125,7078.737704866273,7078.737704866273,40568
2016-10-03,7148.13720703125,7217.536709196228,7078.737704866273,7148.13720703125,148439
2016-10-04,7148.13720703125,7286.936211361205,7078.737704866273,7078.737704866273,65433
2016-10-05,7217.537109375,7217.537109375,7078.738097349287,7078.738097349287,52165
2016-10-06,7217.537109375,7217.537109375,7078.738097349287,7217.537109375,71819
2016-10-07,7217.537109375,7217.537109375,7113.438090271592,7113.438090271592,67713
2016-10-10,7217.537109375,7286.936615387857,7217.537109375,7217.537109375,42210
2016-10-11,7182.83740234375,7252.23642665104,7182.83740234375,7217.536914497396,100847
2016-10-12,7217.537109375,7217.537109375,7113.438090271592,7182.837596284448,64498
2016-10-13,7182.83740234375,7217.536914497396,7148.137410358365,7148.137410358365,20248
2016-10-14,7182.83740234375,7217.536914497396,7113.43789820472,7113.43789820472,44589
2016-10-17,7182.83740234375,7286.9364186364255,7182.83740234375,7286.9364186364255,16298
2016-10-18,7356.33544921875,7425.734953416979,7182.837408470789,7182.837408470789,182451
2016-10-19,7356.33544921875,7425.734953416979,7321.635937035506,7356.33544921875,10365
2016-10-20,7356.33544921875,7356.33544921875,7217.536920654033,7217.536920654033,9940
2016-10-21,7286.9365234375,7356.33554874289,7182.837505647668,7286.9365234375,74764
2016-10-24,7286.9365234375,7286.9365234375,7078.738008026087,7252.236530953058,116890
2016-10-25,7217.537109375,7217.537109375,7078.738097349287,7078.738097349287,18124
2016-10-26,7217.537109375,7217.537109375,7148.137603362144,7148.137603362144,9912
2016-10-27,7148.13720703125,7286.936211361205,6717.861061339152,7148.13720703125,79055
2016-10-28,7148.13720703125,7148.13720703125,6801.140176038089,6835.840167036441,146924
2016-10-31,7078.73779296875,7182.83728742771,7009.338769771754,7182.83728742771,77030
2016-11-01,7113.43798828125,7113.43798828125,6939.939465652556,6939.939465652556,20673
2016-11-02,7009.3388671875,7078.737891349003,6870.539859201014,7078.737891349003,69483
2016-11-03,6801.14013671875,7009.338642010028,6801.14013671875,6939.939140246269,79961
2016-11-04,7009.3388671875,7148.137395342245,7009.3388671875,7078.737891349003,76775
2016-11-07,7113.43798828125,7113.43798828125,6939.939465652556,7009.338970670383,41446
2016-11-08,6939.939453125,7009.338958017552,6939.939453125,7009.338958017552,137819
2016-11-09,6939.939453125,6939.939453125,6870.539948232448,6939.939453125,55039
2016-11-10,6939.939453125,7044.038470547955,6939.939453125,6939.939453125,129238
2016-11-11,6939.939453125,7009.338958017552,6939.939453125,6939.939453125,198254
2016-11-14,6939.939453125,7009.338958017552,6801.140443339897,6801.140443339897,56965
2016-11-15,6870.5400390625,7009.339050682556,6454.143484034083,6939.939544872528,223048
2016-11-16,6801.14013671875,6932.99933401941,6731.741114786715,6870.539638482509,33318
2016-11-17,6801.14013671875,6801.14013671875,6731.741114786715,6801.14013671875,74354
2016-11-18,6662.341796875,6801.140324401038,6523.542789517224,6738.681106972255,86050
2016-11-21,6697.04150390625,6801.140522541473,6697.04150390625,6731.741496672492,31888
2016-11-22,6717.861328125,6731.741421041905,6592.942411199837,6731.741421041905,156722
2016-11-23,6717.861328125,6766.440933586549,6565.1827051977725,6592.942411199837,127270
2016-11-24,6724.80126953125,6731.741556044761,6592.942543419124,6592.942543419124,84152
2016-11-25,6717.861328125,6731.741421041905,6717.861328125,6731.741421041905,15830
2016-11-28,6662.341796875,6697.041308798575,6662.341796875,6697.041308798575,14740
2016-11-29,6592.9423828125,6697.041399829957,6592.9423828125,6697.041399829957,42947
2016-11-30,6558.24267578125,6592.942187146673,6558.24267578125,6592.942187146673,16453
2016-12-01,6454.14306640625,6523.542567725649,6454.14306640625,6523.542567725649,16765
2016-12-02,6454.14306640625,6523.542567725649,6454.14306640625,6454.14306640625,1741
2016-12-05,6176.5458984375,6384.744414445508,6107.146872933246,6384.744414445508,43966
2016-12-06,6107.14697265625,6176.545999293714,5968.347959717809,6176.545999293714,29580
2016-12-07,6530.48291015625,6530.48291015625,5898.948066475164,5898.948066475164,379700
2016-12-08,6592.9423828125,6592.9423828125,6384.7443487775845,6523.54287819028,388989
2016-12-09,6801.14013671875,6870.539638482509,6592.942111259196,6662.341613022956,538901
2016-12-12,6939.939453125,6939.939453125,6801.140443339897,6801.140443339897,349072
2016-12-13,6939.939453125,7009.338958017552,6801.140443339897,6801.140443339897,258660
2016-12-14,6835.84033203125,7217.536883403942,6835.84033203125,6939.939347875463,429331
2016-12-15,6454.14306640625,6870.539594490923,6454.14306640625,6835.8400837470845,100422
2016-12-16,6662.341796875,6662.341796875,6384.744261991186,6592.942293196112,2874
2016-12-19,6662.341796875,6662.341796875,6419.443773914762,6419.443773914762,906
2016-12-20,6523.54296875,6544.362868408862,6454.143463164377,6537.423061799825,73008
2016-12-21,6662.341796875,6731.741300553887,6419.443773914762,6731.741300553887,39662
2016-12-22,6662.341796875,6662.341796875,6384.744261991186,6662.341796875,17374
2016-12-23,6662.341796875,6662.341796875,6398.623874827921,6454.143285838337,61057
2016-12-26,6384.744140625,6586.002361585885,6384.744140625,6419.44365188898,29098
2016-12-27,6592.9423828125,6592.9423828125,6454.14337356806,6592.9423828125,185354
2016-12-28,6592.9423828125,6662.341887434719,6384.7443487775845,6662.341887434719,93710
2016-12-29,6662.341796875,6662.341796875,6558.242781272537,6592.942293196112,145904
2016-12-30,6245.9453125,6676.221471564689,6245.9453125,6426.383639871419,177608
2017-01-03,6558.24267578125,6558.24267578125,6280.645145362675,6280.645145362675,122866
2017-01-04,6835.84033203125,6835.84033203125,6523.542804666874,6558.242796502771,98751
2017-01-05,6627.6416015625,6662.341592252059,6454.143087609873,6648.461500009891,43556
2017-01-06,6766.44091796875,6794.200623906741,6468.023479345659,6468.023479345659,146697
2017-01-09,6752.560546875,6766.440639188001,6606.822216662973,6606.822216662973,13466
2017-01-10,6662.341796875,6787.260711564303,6481.903471175282,6481.903471175282,12305
2017-01-11,6662.341796875,6662.341796875,6523.542789517224,6662.341796875,9982
2017-01-12,6662.341796875,6662.341796875,6523.542789517224,6523.542789517224,13706
2017-01-13,6662.341796875,6662.341796875,6599.88209961448,6599.88209961448,29297
2017-01-16,6662.341796875,6662.341796875,6523.542789517224,6662.341796875,56994
2017-01-17,6565.1826171875,6655.401540526833,6523.542818826737,6523.542818826737,182239
2017-01-18,6627.6416015625,6627.6416015625,6530.482875194214,6530.482875194214,20602
2017-01-19,6627.6416015625,6683.16149069945,6523.542589157269,6683.16149069945,32525
2017-01-20,6655.4013671875,6662.341653288027,6592.94215110484,6627.64166228057,18068
2017-01-23,6572.12255859375,6655.401677193649,6572.12255859375,6655.401677193649,53538
2017-01-24,6648.4619140625,6655.40172069992,6565.182794918206,6592.942501299637,104260
2017-01-25,6648.4619140625,6648.4619140625,6627.642014318489,6648.4619140625,65065
2017-01-26,6648.4619140625,6648.4619140625,6648.4619140625,6648.4619140625,0
2017-02-03,7564.53369140625,7599.233202349101,7286.936164368273,7495.134189688825,577742
2017-02-06,7495.13427734375,7564.533779872796,7321.635760936999,7564.533779872796,251835
2017-02-07,7495.13427734375,7495.13427734375,7182.837235710636,7495.13427734375,315498
2017-02-08,7495.13427734375,7495.13427734375,7286.936249588341,7495.13427734375,207571
2017-02-09,7356.33544921875,7495.134457615208,7356.33544921875,7495.134457615208,55563
2017-02-10,7286.9365234375,7425.735053880027,7286.9365234375,7425.735053880027,83430
2017-02-13,7391.03564453125,7460.435150638379,7217.537119179305,7217.537119179305,175470
2017-02-14,7425.73486328125,7425.73486328125,7356.335359925412,7356.335359925412,102688
2017-02-15,7321.6357421875,7495.13425814995,7252.236239836175,7495.13425814995,196710
2017-02-16,6815.0205078125,7807.431552290916,6815.0205078125,7321.635979733738,863306
2017-02-17,7148.13720703125,7286.936211361205,7148.13720703125,7252.236220362854,752773
2017-02-20,7460.43505859375,7633.933581805121,7182.8375174219045,7252.236542841054,8021413
2017-02-21,7599.2333984375,7599.2333984375,7391.035367744667,7564.5338865992735,385010
2017-02-22,7495.13427734375,7564.533779872796,7425.734774814704,7495.13427734375,212980
2017-02-23,7425.73486328125,7460.434854875037,7356.335359925412,7425.73486328125,185920
2017-02-24,7356.33544921875,7425.734953416979,7252.236432837277,7356.33544921875,197687
2017-02-27,7286.9365234375,7356.33554874289,7286.9365234375,7286.9365234375,129592
2017-02-28,7391.03564453125,7391.03564453125,7148.137613072176,7286.936625286434,340109
2017-03-01,7495.13427734375,7495.13427734375,7252.236258407953,7425.734774814704,457056
2017-03-02,7564.53369140625,7564.53369140625,7356.335186253975,7356.335186253975,293480
2017-03-03,7564.53369140625,7564.53369140625,7391.035177028549,7425.7346879714,342318
2017-03-06,7529.833984375,7564.533976457158,7425.734967792007,7564.533976457158,175258
2017-03-07,7391.03564453125,7529.834176913753,7356.335651561808,7425.735157668937,139900
2017-03-08,7564.53369140625,7564.53369140625,7321.635675311124,7321.635675311124,335705
2017-03-09,7495.13427734375,7564.533779872796,7356.335272285658,7356.335272285658,387091
2017-03-10,7564.53369140625,7564.53369140625,7495.134189688825,7495.134189688825,171180
2017-03-13,7529.833984375,7564.533976457158,7425.734967792007,7425.734967792007,100422
2017-03-14,7529.833984375,7529.833984375,7495.134472124583,7495.134472124583,32879
2017-03-15,7529.833984375,7529.833984375,7495.134472124583,7529.833984375,189928
2017-03-16,7564.53369140625,7599.233202349101,7495.134189688825,7495.134189688825,306323
2017-03-17,7564.53369140625,7599.233202349101,7529.833700631676,7564.53369140625,317070
2017-03-20,7911.53076171875,7980.929783968985,7564.533731140667,7564.533731140667,511091
2017-03-21,8189.1279296875,8432.026430428927,7772.731870792863,7911.530876978898,1777193
2017-03-22,8466.7255859375,8466.7255859375,8050.32954455705,8189.127585241583,1142386
2017-03-23,8536.125,8674.924006749923,8119.728939413699,8327.926969706848,656726
2017-03-24,8189.1279296875,8536.124965320852,8189.1279296875,8466.72594205957,697280
2017-03-27,8258.5283203125,8258.5283203125,8189.128333961668,8189.128333961668,403885
2017-03-28,8293.2275390625,8362.626563284612,8258.528026951444,8327.927051173556,308914
2017-03-29,8189.1279296875,8293.227424242892,8189.1279296875,8293.227424242892,266703
2017-03-30,8189.1279296875,8258.527912612251,8189.1279296875,8258.527912612251,322947
2017-03-31,8085.029296875,8189.127830506152,8085.029296875,8119.728808085384,127864
2017-04-03,8223.828125,8258.52763546617,7980.92963240995,8085.02912347189,269733
2017-04-04,8189.1279296875,8327.926935873535,8189.1279296875,8189.1279296875,408657
2017-04-05,8189.1279296875,8189.1279296875,7876.830885516522,8189.1279296875,289458
2017-04-07,8466.7255859375,8674.923606627724,7980.929564551358,7980.929564551358,344923
2017-04-10,8293.2275390625,8536.125083503373,8189.128043065852,8466.726059281262,196300
2017-04-11,8223.828125,8327.926656398506,8119.728633938059,8258.52763546617,252897
2017-04-12,8085.029296875,8119.728808085384,8050.329785664615,8119.728808085384,226121
2017-04-13,8085.029296875,8119.728808085384,7911.530781159623,8085.029296875,60817
2017-04-14,7946.23046875,8050.329964355272,7703.332445390596,8050.329964355272,122172
2017-04-17,7911.53076171875,8015.629774925829,7633.933233222629,7911.53076171875,629780
2017-04-18,7911.53076171875,7911.53076171875,7564.533731140667,7703.332255472865,653668
2017-04-19,7633.93359375,7911.531135356205,7391.0355649076655,7911.531135356205,1303994
2017-04-20,7772.73193359375,7842.13143724749,7633.933406118006,7842.13143724749,37538
2017-04-21,7599.2333984375,7772.731917292106,7564.5338865992735,7633.933390107463,287731
2017-04-24,8119.72900390625,8119.72900390625,7321.635908334513,7495.134428234097,1139483
2017-04-25,7980.93017578125,8189.128212416592,7807.431651974549,8189.128212416592,253393
2017-04-26,7703.33251953125,7980.930057542987,7703.33251953125,7980.930057542987,336823
2017-04-27,7911.53076171875,8050.329765882673,7633.933233222629,7633.933233222629,202516
2017-04-28,7911.53076171875,7911.53076171875,7911.53076171875,7911.53076171875,0
2017-05-03,7738.0322265625,7772.731737598528,7633.933213622692,7772.731737598528,218120
2017-05-04,7876.8310546875,7911.531046895128,7703.33253314459,7703.33253314459,201369
2017-05-05,7703.33251953125,7911.531032913859,7633.933494902122,7911.531032913859,168404
2017-05-08,7703.33251953125,7911.531032913859,7668.633007216687,7703.33251953125,191783
2017-05-09,7772.73193359375,7807.431445504751,7633.933406118006,7668.632918029008,114129
2017-05-10,7807.431640625,7876.831146013145,7738.032615068604,7842.131633234947,279744
2017-05-11,7772.73193359375,7842.13143724749,7738.0324216827485,7807.431445504751,140084
2017-05-12,7772.73193359375,7772.73193359375,7738.0324216827485,7738.0324216827485,141500
2017-05-15,7738.0322265625,7772.731737598528,7668.63272465872,7772.731737598528,371813
2017-05-16,7633.93359375,7738.032611873358,7633.93359375,7703.3326192777395,529272
2017-05-17,7633.93359375,7703.3326192777395,7564.534088390512,7599.233601154381,418767
2017-05-18,7703.33251953125,7703.33251953125,7564.533990441253,7633.933494902122,147618
2017-05-19,7703.33251953125,7703.33251953125,7599.233502755816,7633.933494902122,114766
2017-05-22,7946.23046875,8223.82848392174,7633.933421429399,7633.933421429399,874252
2017-05-23,7842.13134765625,7946.230362031729,7807.431356309936,7842.13134765625,450486
2017-05-24,7946.23046875,7980.929980730598,7738.032437202933,7842.131452976467,439483
2017-05-25,7980.93017578125,8015.63016844164,7842.131644634939,7911.531150123969,200718
2017-05-26,8119.72900390625,8223.828499711391,7842.131468033264,7946.230484006666,530051
2017-05-29,8154.4287109375,8189.128223814436,8050.330172306692,8189.128223814436,521328
2017-05-30,8189.1279296875,8327.926935873535,8119.728906426217,8189.1279296875,782538
2017-05-31,8258.5283203125,8327.927346999819,8050.330280587032,8154.428820618009,449636
2017-06-01,8189.1279296875,8258.527912612251,8119.728906426217,8119.728906426217,337446
2017-06-02,8050.330078125,8189.128128008931,8050.330078125,8050.330078125,363657
2017-06-05,8050.330078125,8050.330078125,7980.930093519545,7980.930093519545,116097
2017-06-06,8258.5283203125,8327.927346999819,7911.531267548881,7980.9302942362,516358
2017-06-07,8327.9267578125,8536.124782808296,8258.52773603505,8327.9267578125,677145
2017-06-08,8189.1279296875,8327.926935873535,8189.1279296875,8327.926935873535,158577
2017-06-09,8536.125,8744.32303029315,8397.325993250075,8605.524983206697,1627847
2017-06-12,8501.42578125,8744.323331686799,8397.326282683656,8605.525279816344,413033
2017-06-13,8570.82421875,8605.524688998736,8432.026176408812,8501.425197579405,466713
2017-06-14,8432.0263671875,8570.824412669062,8432.0263671875,8570.824412669062,616710
2017-06-15,8432.0263671875,8501.425389928281,8362.62638478326,8432.0263671875,262328
2017-06-16,8466.7255859375,8466.7255859375,8327.926585589541,8432.026075766367,203663
2017-06-19,8536.125,8605.524983206697,8466.725976456773,8466.725976456773,833485
2017-06-20,9091.3203125,9126.020784870843,8536.125230191943,8536.125230191943,3509655
2017-06-21,9299.5185546875,9577.116581830896,9021.92148720762,9438.317568259195,2509421
2017-06-22,9091.3203125,9403.617846193123,9091.3203125,9368.918333485775,694236
2017-06-23,8917.8212890625,9021.920781008672,8813.72275677977,8813.72275677977,814922
2017-06-26,8813.72265625,8952.521657373933,8779.023145884874,8813.72265625,918276
2017-06-27,8813.72265625,8917.821187345377,8674.923655126067,8813.72265625,635132
2017-06-28,8744.3232421875,8813.723227075912,8674.924216962581,8813.723227075912,247771
2017-06-29,8744.3232421875,8779.023714463454,8570.824719461709,8744.3232421875,650680
2017-06-30,8952.5224609375,8952.5224609375,8640.2249202932,8744.323460732288,736674
2017-07-03,8883.1220703125,9160.72008485202,8813.723046509358,9021.92107758226,572757
2017-07-04,8813.72265625,8952.521657373933,8779.023145884874,8883.12167698025,662503
2017-07-05,8952.5224609375,8952.5224609375,8744.323460732288,8744.323460732288,785596
2017-07-06,8952.5224609375,9091.320514856285,8917.821987794287,9091.320514856285,693599
2017-07-07,9021.9208984375,9299.517947801409,8883.121893923819,8952.521876012386,3423902
2017-07-10,8952.5224609375,9091.320514856285,8744.323460732288,9091.320514856285,464632
2017-07-11,8813.72265625,9021.920678104185,8813.72265625,8813.72265625,451491
2017-07-12,9021.9208984375,9021.9208984375,8744.322889410136,8883.121893923819,466005
2017-07-13,9021.9208984375,9021.9208984375,9021.9208984375,9021.9208984375,0
2017-07-14,8917.8212890625,8917.8212890625,8779.023246018862,8917.8212890625,256423
2017-07-17,8327.9267578125,8813.722789244988,8327.9267578125,8813.722789244988,1352988
2017-07-18,8327.9267578125,8466.725761030846,8050.329711039255,8327.9267578125,568311
2017-07-19,7772.73193359375,8466.726010467679,7772.73193359375,8466.726010467679,876178
2017-07-20,7946.23046875,8085.02947633587,7772.7319491835315,7772.7319491835315,743513
2017-07-21,8085.029296875,8258.527812590375,7842.131278907127,7842.131278907127,251184
2017-07-24,8119.72900390625,8119.72900390625,7980.929996053887,8085.029491859029,450684
2017-07-25,8189.1279296875,8223.828400981609,8050.329883164933,8223.828400981609,332221
2017-07-26,8432.0263671875,8432.0263671875,8258.527850672088,8258.527850672088,312185
2017-07-27,8258.5283203125,8536.125386725287,8258.5283203125,8501.425873381628,181488
2017-07-28,8432.0263671875,8432.0263671875,8293.227362042478,8327.92687341287,170911
2017-07-31,8050.330078125,8813.723191140576,8050.330078125,8432.026634632788,792308
2017-08-01,8119.72900390625,8605.525051557779,8119.72900390625,8536.12506779986,2034551
2017-08-02,8674.923828125,8674.923828125,8189.127794335003,8501.425313175961,3102909
2017-08-03,9091.3203125,9160.720297578191,8709.62375339218,8813.72325117772,1801152
2017-08-04,9021.9208984375,9091.319920862614,8813.722871498705,9091.319920862614,840778
2017-08-07,8952.5224609375,9021.921487896892,8813.723447355198,9021.921487896892,1344888
2017-08-08,8779.0234375,8987.221466269952,8779.0234375,8813.722949017747,619273
2017-08-09,8709.6240234375,8813.723524450686,8605.52548208784,8813.723524450686,701231
2017-08-10,8674.923828125,8744.322850239234,8605.524806010764,8709.623339182117,276856
2017-08-11,8640.224609375,8640.224609375,8466.72608855634,8640.224609375,326642
2017-08-14,8466.7255859375,8744.32262696999,8466.7255859375,8709.623116798857,1514893
2017-08-15,8397.326171875,8744.323216299272,8397.326171875,8536.125181577407,857005
2017-08-16,8397.326171875,8536.125181577407,8397.326171875,8397.326171875,307059
2017-08-17,7842.13134765625,8570.8244482846,7842.13134765625,8432.02640222627,1433445
2017-08-18,8362.626953125,8362.626953125,8119.729397360978,8189.128424818263,738557
2017-08-21,8536.125,8536.125,8223.82843439201,8362.626481478463,301183
2017-08-22,8327.9267578125,8536.124782808296,8258.52773603505,8536.124782808296,313785
2017-08-23,8189.1279296875,8327.926935873535,8154.428418056858,8327.926935873535,10072008
2017-08-24,8293.2275390625,8293.2275390625,8189.128043065852,8189.128043065852,14130264
2017-08-25,8327.9267578125,8327.9267578125,8189.127754594155,8327.9267578125,443689
2017-08-28,8362.626953125,8466.726453974454,8223.82889821043,8258.528411939073,356421
2017-08-29,8466.7255859375,8536.124606279765,8293.227075418408,8293.227075418408,992120
2017-08-30,8432.0263671875,8432.0263671875,8327.92687341287,8327.92687341287,285281
2017-08-31,8432.0263671875,8432.0263671875,8327.92687341287,8397.32589615365,266632
2017-09-01,8432.0263671875,8466.72587855789,8362.62638478326,8432.0263671875,384401
2017-09-04,8432.0263671875,8432.0263671875,8432.0263671875,8432.0263671875,0
2017-09-05,8397.326171875,8466.726156557948,8327.927146855542,8432.02664404822,810872
2017-09-06,8432.0263671875,8432.0263671875,8258.527850672088,8397.32589615365,176603
2017-09-07,8432.0263671875,8466.72587855789,8362.62638478326,8466.72587855789,422845
2017-09-08,8397.326171875,8432.02664404822,8327.927146855542,8432.02664404822,173120
2017-09-11,8362.626953125,8397.326466853643,8223.82889821043,8397.326466853643,109485
2017-09-12,8466.7255859375,8605.524586285459,8362.626095760674,8362.626095760674,1055599
2017-09-13,8674.923828125,8674.923828125,8466.725802118845,8466.725802118845,802872
2017-09-14,8674.923828125,8779.023320959803,8605.524806010764,8640.224317067883,883003
2017-09-15,8883.1220703125,8952.522053779117,8570.82454387141,8570.82454387141,754133
2017-09-18,8883.1220703125,9021.92107758226,8744.32306304274,8883.1220703125,578365
2017-09-19,8744.3232421875,8813.723227075912,8674.924216962581,8744.3232421875,174210
2017-09-20,8570.82421875,8744.322731339924,8570.82421875,8744.322731339924,134831
2017-09-21,8605.525390625,8744.323444282682,8605.525390625,8640.22490403942,89165
2017-09-22,8605.525390625,8744.323444282682,8536.125404132643,8605.525390625,291157
2017-09-25,8640.224609375,8709.62363383707,8536.12511301841,8709.62363383707,81745
2017-09-26,8605.525390625,8640.22490403942,8570.824917547063,8640.22490403942,131418
2017-09-27,8605.525390625,8674.92441745384,8605.525390625,8605.525390625,247332
2017-09-28,8536.125,8605.524983206697,8501.425488228386,8605.524983206697,443845
2017-09-29,8674.923828125,8674.923828125,8397.325820341159,8536.124824233078,474062
2017-10-02,8536.125,8536.125,8466.725976456773,8466.725976456773,3016
2017-10-03,8466.7255859375,8536.124606279765,8327.926585589541,8466.7255859375,157968
2017-10-04,8466.7255859375,8466.7255859375,8327.926585589541,8327.926585589541,118646
2017-10-05,8327.9267578125,8466.725761030846,8293.227246923776,8466.725761030846,804585
2017-10-06,8258.5283203125,8327.927346999819,8223.82880696884,8327.927346999819,349879
2017-10-09,8327.9267578125,8327.9267578125,8293.227246923776,8327.9267578125,84393
2017-10-10,8189.1279296875,8258.527912612251,8119.728906426217,8258.527912612251,378780
2017-10-11,8327.9267578125,8327.9267578125,8154.42824370543,8189.127754594155,223954
2017-10-12,8293.2275390625,8293.2275390625,8154.428530954796,8189.128043065852,115616
2017-10-13,8154.4287109375,8293.227722108744,8015.630179598005,8293.227722108744,270979
2017-10-16,7842.13134765625,8189.127902297268,7772.731844795354,8154.428390782686,582372
2017-10-17,7980.93017578125,8258.528197737372,7980.93017578125,7980.93017578125,566810
2017-10-18,8015.6298828125,8223.828391860641,8015.6298828125,8189.127920605018,511629
2017-10-19,8085.029296875,8189.127830506152,8015.629794622504,8189.127830506152,144290
2017-10-20,7980.93017578125,8085.0296739306705,7946.23066295261,8085.0296739306705,146782
2017-10-23,7946.23046875,8015.629972542935,7876.830964957065,7980.929980730598,90354
2017-10-24,8015.6298828125,8119.728897420704,7911.530868204296,8119.728897420704,360768
2017-10-25,7980.93017578125,8015.63016844164,7876.831157463579,7980.93017578125,53581
2017-10-26,7911.53076171875,7980.929783968985,7876.830770761906,7980.929783968985,60066
2017-10-27,7911.53076171875,7980.929783968985,7738.032246429709,7738.032246429709,68336
2017-10-30,7738.0322265625,7911.530741406087,7703.332235694747,7807.431248634554,188058
2017-10-31,7911.53076171875,7911.53076171875,7703.332255472865,7842.131259636788,121152
2017-11-01,7738.0322265625,7911.530741406087,7738.0322265625,7911.530741406087,20376
2017-11-02,7703.33251953125,7911.531032913859,7703.33251953125,7738.032511677556,77398
2017-11-03,7842.13134765625,7911.530850517146,7633.933318905293,7633.933318905293,397287
2017-11-06,7911.53076171875,8050.329765882673,7772.731757554827,8050.329765882673,52760
2017-11-07,7911.53076171875,7946.230272843868,7772.731757554827,7911.53076171875,105619
2017-11-08,7842.13134765625,7911.530850517146,7738.032333280772,7807.431356309936,213037
2017-11-09,7738.0322265625,7911.530741406087,7738.0322265625,7842.131239502307,283596
2017-11-10,7842.13134765625,7842.13134765625,7703.332341934458,7842.13134765625,48582
2017-11-13,7738.0322265625,7842.131239502307,7633.933213622692,7842.131239502307,473170
2017-11-14,7633.93359375,7807.431637401098,7633.93359375,7807.431637401098,490063
2017-11-15,7807.431640625,7842.131633234947,7633.93359690226,7633.93359690226,208392
2017-11-16,8119.72900390625,8154.428515953471,7738.032452059861,7738.032452059861,755549
2017-11-17,8050.330078125,8119.729103066966,7946.230581048563,8119.729103066966,362226
2017-11-20,8050.330078125,8050.330078125,7980.930093519545,8050.330078125,262087
2017-11-21,8258.5283203125,8327.927346999819,7980.9302942362,8119.7293072743505,1161700
2017-11-22,8640.224609375,8744.323146068105,8258.528055506644,8258.528055506644,1652656
2017-11-23,8709.6240234375,8883.122552017127,8605.52548208784,8744.32353722072,1055104
2017-11-24,8640.224609375,8709.62363383707,8570.824625249446,8709.62363383707,943367
2017-11-27,8709.6240234375,8883.122552017127,8397.326480061467,8640.22499587106,1932471
2017-11-28,8570.82421875,8709.623220754627,8293.227174404185,8709.623220754627,195677
2017-11-29,8640.224609375,8674.924121606035,8327.927079968715,8570.824625249446,397145
2017-11-30,8640.224609375,8744.323146068105,8570.824625249446,8605.525097143965,922708
2017-12-01,8640.224609375,8744.323146068105,8605.525097143965,8674.924121606035,140084
2017-12-04,8501.42578125,8674.924305751572,8501.42578125,8640.224792783958,1266725
2017-12-05,8640.224609375,8744.323146068105,8536.12511301841,8570.824625249446,2170374
2017-12-06,8709.6240234375,8779.024010667466,8536.125494857873,8640.22499587106,1573898
2017-12-07,9021.9208984375,9299.517947801409,8744.322889410136,8744.322889410136,2397429
2017-12-08,8883.1220703125,9160.72008485202,8883.1220703125,9021.92107758226,448192
2017-12-11,8501.42578125,8883.122343220757,8501.42578125,8883.122343220757,659346
2017-12-12,8640.224609375,8674.924121606035,8189.12807138109,8501.425600787376,980636
2017-12-13,8570.82421875,8640.224199584032,8362.626195574778,8640.224199584032,217143
2017-12-14,8570.82421875,8570.82421875,8327.926684989481,8536.124708164703,304638
2017-12-15,8709.6240234375,8744.32353722072,8536.125494857873,8570.825008641094,224237
2017-12-18,8536.125,8709.623518521537,8501.425488228386,8709.623518521537,359918
2017-12-19,8536.125,8709.623518521537,8397.325993250075,8709.623518521537,268870
2017-12-20,8605.525390625,8744.323444282682,8327.927363982606,8397.326390811446,1601651
2017-12-21,8605.525390625,8709.62393086826,8570.824917547063,8605.525390625,663891
2017-12-22,8605.525390625,8605.525390625,8501.425890718223,8570.824917547063,384599
2017-12-25,8501.42578125,8605.525279816344,8501.42578125,8605.525279816344,204767
2017-12-26,8466.7255859375,8570.824116450898,8466.7255859375,8466.7255859375,308334
2017-12-27,8466.7255859375,8640.224096456592,8466.7255859375,8466.7255859375,687014
2017-12-28,8709.6240234375,8744.32353722072,8466.726467291433,8466.726467291433,688983
2017-12-29,8779.0234375,8848.422460535496,8674.923943283291,8709.62345480104,854117
2018-01-01,8779.0234375,8779.0234375,8779.0234375,8779.0234375,0
2018-01-02,8779.0234375,8883.121972053244,8674.923943283291,8883.121972053244,989486
2018-01-03,8952.5224609375,9056.621001376589,8813.723447355198,8813.723447355198,1801279
2018-01-04,8397.326171875,9299.518295445409,8397.326171875,9021.921235704083,3880972
2018-01-05,8952.5224609375,8952.5224609375,8952.5224609375,8952.5224609375,2051571
2018-01-08,9577.1162109375,9577.1162109375,9091.32016208176,9160.720146011712,4132723
2018-01-09,9924.11328125,10062.912289861151,9368.918206468868,9924.11328125,3178254
2018-01-10,10340.509765625,10444.60926620937,9924.113682614565,9924.113682614565,3642150
2018-01-11,10409.9091796875,10479.308203148876,10062.912143053683,10340.509196562654,2950660
2018-01-12,10167.0107421875,10409.909245156876,10097.611718289663,10409.909245156876,2769285
2018-01-15,10167.0107421875,10271.110237697729,10062.912206340749,10132.311230238583,1291052
2018-01-16,10167.0107421875,10271.110237697729,10097.611718289663,10167.0107421875,2186190
2018-01-17,9715.9150390625,10201.710119251202,9715.9150390625,10167.010607761074,1545153
2018-01-18,10271.1103515625,10271.1103515625,9646.515290903866,9715.91527523454,1339592
2018-01-19,10548.70703125,10687.506035265686,10340.509005058197,10340.509005058197,3351332
2018-01-22,10548.70703125,10548.70703125,10548.70703125,10548.70703125,0
2018-01-23,10548.70703125,10548.70703125,10548.70703125,10548.70703125,0
2018-01-24,10548.70703125,10548.70703125,10548.70703125,10548.70703125,0
2018-01-25,10722.2060546875,10861.005065283567,10548.707531358288,10791.606039817285,3524749
2018-01-26,10861.0048828125,10861.0048828125,10583.407825947648,10722.205874548334,1512217
2018-01-29,11173.302734375,11450.8997992618,10895.704709824691,10895.704709824691,2321050
2018-01-30,11242.701171875,11450.899199552172,10965.104121526589,10999.803632862207,1642772
2018-01-31,10756.90625,11381.50034209832,10548.707259637087,11381.50034209832,1914842
2018-02-01,10756.90625,10965.10428069944,10548.707259637087,10756.90625,1130690
2018-02-02,10826.3056640625,10895.704690243603,10618.107625855684,10722.206165127338,590174
2018-02-05,10097.611328125,10756.905868333655,10097.611328125,10583.407355629452,1228592
2018-02-06,10132.3115234375,10479.308572294687,9403.617912770103,9438.317425723122,2171322
2018-02-07,10514.0078125,10514.0078125,10132.311260591525,10132.311260591525,982279
2018-02-08,10028.212890625,10375.20897656771,10028.212890625,10271.110438683943,440064
2018-02-09,10201.7099609375,10201.7099609375,9507.716862914203,9507.716862914203,808394
2018-02-12,10409.9091796875,10479.308203148876,10201.710189976437,10444.608691418189,451236
2018-02-13,11103.90234375,11103.90234375,10340.509243551984,10409.909226992198,815516
2018-02-14,11103.90234375,11103.90234375,11103.90234375,11103.90234375,0
2018-02-15,11103.90234375,11103.90234375,11103.90234375,11103.90234375,0
2018-02-16,11103.90234375,11103.90234375,11103.90234375,11103.90234375,0
2018-02-19,11103.90234375,11103.90234375,11103.90234375,11103.90234375,0
2018-02-20,11103.90234375,11103.90234375,11103.90234375,11103.90234375,0
2018-02-21,11138.6025390625,11208.00156111813,10375.20849813332,11034.503046315604,2041815
2018-02-22,11242.701171875,11520.299181886869,10965.104121526589,11069.202655533443,2817160
2018-02-23,10965.1044921875,11242.701551919714,10861.00499499824,10965.1044921875,1371396
2018-02-26,10652.806640625,11103.902209027656,10479.308123624718,10965.1041631582,1926283
2018-02-27,10895.7041015625,10965.104083657518,10618.107052172798,10756.906056699378,745651
2018-02-28,10895.7041015625,10895.7041015625,10895.7041015625,10895.7041015625,0
2018-03-01,10618.107421875,10756.906431234294,10618.107421875,10687.506446722902,793002
2018-03-02,10444.6083984375,10618.106911887618,10409.908887680163,10618.106911887618,1126173
2018-03-05,10097.611328125,10479.307864141558,10097.611328125,10444.608353533404,958079
2018-03-06,10271.1103515625,10340.509376229687,10062.91231789745,10340.509376229687,691970
2018-03-07,9889.4140625,10340.509654294005,9889.4140625,10340.509654294005,859710
2018-03-08,9889.4140625,10062.912588496964,9854.71454923331,9854.71454923331,377576
2018-03-09,9889.4140625,10062.912588496964,9854.71454923331,9889.4140625,349737
2018-03-12,10548.70703125,10548.70703125,9854.713930498474,10062.911956690275,2092961
2018-03-13,10409.9091796875,10548.70722661025,10236.410661370592,10548.70722661025,808875
2018-03-14,10409.9091796875,10514.007714879564,10305.809684831967,10305.809684831967,1230263
2018-03-15,10409.9091796875,10479.308203148876,10375.208708293345,10409.9091796875,730811
2018-03-16,10409.9091796875,10756.906216321317,10375.208708293345,10479.308203148876,2087184
2018-03-19,10201.7099609375,10548.706989780872,10132.310939034203,10409.90894597428,780371
2018-03-20,10062.912109375,10305.80965034035,10062.912109375,10132.311132604107,886543
2018-03-21,10062.912109375,10236.41062711124,10028.212597760445,10236.41062711124,633985
2018-03-22,10271.1103515625,10271.1103515625,10062.91231789745,10236.410839228904,503798
2018-03-23,10236.4111328125,10236.4111328125,9924.113593526388,10062.91260650505,380040
2018-03-26,9785.314453125,10167.011014098298,9715.915427371128,10062.91247546749,1407546
2018-03-27,9715.9150390625,9993.512090646978,9542.416521948404,9750.614550552627,1906290
2018-03-28,9646.515625,9715.915611734265,9577.116597929256,9646.515625,771748
2018-03-29,9715.9150390625,9715.9150390625,9611.815544928657,9715.9150390625,407255
2018-03-30,9715.9150390625,9750.614550552627,9507.717010458276,9715.9150390625,576467
2018-04-02,9646.515625,9785.314638805008,9577.116597929256,9715.915611734265,568085
2018-04-03,10062.912109375,10062.912109375,9646.515091009944,9715.91507390252,570279
2018-04-04,10201.7099609375,10271.109942504245,10062.911917130908,10132.310939034203,738741
2018-04-05,10201.7099609375,10305.809453455891,10167.010449985852,10201.7099609375,640032
2018-04-06,10375.208984375,10479.308482000592,10201.710461441342,10201.710461441342,982888
2018-04-09,10271.1103515625,10375.208888563282,10201.710367231826,10340.509376229687,694151
2018-04-10,10201.7099609375,10340.508964407538,10097.611428082557,10167.010449985852,644733
2018-04-11,10132.3115234375,10271.110534913076,10062.912497531464,10167.01103639052,812784
2018-04-12,10236.4111328125,10305.810159470077,10028.213093176262,10028.213093176262,618551
2018-04-13,10305.8095703125,10409.909064011266,10201.710076613736,10271.1100589674,1338261
2018-04-16,10479.30859375,10548.707619798124,10201.710570230494,10305.810068966184,1500082
2018-04-17,10965.1044921875,11103.902542221862,10583.407935266025,10583.407935266025,2508840
2018-04-18,11416.2001953125,11450.899708189436,11034.503634339202,11069.203147216138,3381733
2018-04-19,11034.5029296875,11346.800444963936,10756.905884735566,11173.301931995187,1520868
2018-04-20,11242.701171875,11242.701171875,10548.707106508784,11034.503144197826,911550
2018-04-23,10548.70703125,11173.302069488862,10548.70703125,11173.302069488862,1808274
2018-04-24,10479.30859375,10618.107605509753,10097.612031158307,10618.107605509753,578492
2018-04-25,10479.30859375,10479.30859375,10479.30859375,10479.30859375,0
2018-04-26,10097.611328125,10479.307864141558,10062.911817516848,10201.709859949458,698980
2018-04-27,10479.30859375,10479.30859375,10028.213005110185,10097.612031158307,498771
2018-04-30,10479.30859375,10479.30859375,10479.30859375,10479.30859375,0
2018-05-01,10479.30859375,10479.30859375,10479.30859375,10479.30859375,0
2018-05-02,10305.8095703125,10652.80660309044,10062.912031233323,10618.107091745338,481029
2018-05-03,10409.9091796875,10409.9091796875,10028.212631322998,10062.912143053683,495217
2018-05-04,10409.9091796875,10583.407698004406,10271.11017310128,10583.407698004406,549719
2018-05-07,10687.505859375,10687.505859375,10409.90881557566,10548.706857643612,429557
2018-05-08,10687.505859375,10791.6053505894,10514.007347126624,10687.505859375,347543
2018-05-09,10687.505859375,10756.905840072412,10548.706857643612,10687.505859375,363274
2018-05-10,10305.8095703125,10687.506114435542,10305.8095703125,10687.506114435542,349652
2018-05-11,10514.0078125,10548.707324552866,10271.110268466464,10305.809780519328,794588
2018-05-14,10514.0078125,10618.107308322076,10375.20880462506,10618.107308322076,106539
2018-05-15,10444.6083984375,10514.00741995217,10305.809395744718,10514.00741995217,341978
2018-05-16,10409.9091796875,10409.9091796875,10271.11017310128,10340.509196562654,108239
2018-05-17,10201.7099609375,10409.90894597428,10201.7099609375,10271.109942504245,236188
2018-05-18,10236.4111328125,10340.509672798862,10062.91260650505,10340.509672798862,252642
2018-05-21,10236.4111328125,10409.909659119949,10201.7106598202,10409.909659119949,645724
2018-05-22,10062.912109375,10271.110138725797,10062.912109375,10271.110138725797,778361
2018-05-23,10132.3115234375,10201.710549343536,10028.212984578446,10201.710549343536,155335
2018-05-24,10271.1103515625,10271.1103515625,10028.212805563857,10028.212805563857,351975
2018-05-25,10201.7099609375,10340.508964407538,10201.7099609375,10305.809453455891,138937
2018-05-28,10062.912109375,10201.71015583322,9785.31409713163,10062.912109375,1373732
2018-05-29,10062.912109375,10132.311132604107,9924.113103253314,9993.512126482425,496237
2018-05-30,9958.8125,10062.911993306418,9785.313984264943,10062.911993306418,240181
2018-05-31,10028.212890625,10167.010941136688,9854.714367821898,9958.812905705665,342105
2018-06-01,10028.212890625,10201.710453764608,10028.212890625,10167.010941136688,600384
2018-06-04,10340.509765625,10409.909752569089,10097.6122104795,10201.710751400347,873303
2018-06-05,10722.2060546875,10791.606039817285,10132.31145923358,10340.509495295932,946652
2018-06-06,10618.107421875,10756.906431234294,10548.707437363608,10756.906431234294,258462
2018-06-07,10548.70703125,10618.10701308957,10340.509005058197,10618.10701308957,271758
2018-06-08,10548.70703125,10618.10701308957,10409.908986897766,10409.908986897766,377930
2018-06-11,10514.0078125,10548.707324552866,10409.909276341405,10548.707324552866,188342
2018-06-12,10271.1103515625,10409.90936056036,10236.410839228904,10409.90936056036,254186
2018-06-13,10167.0107421875,10271.110237697729,10132.311230238583,10271.110237697729,217313
2018-06-14,10236.4111328125,10305.810159470077,10132.311633162624,10132.311633162624,208690
2018-06-15,10132.3115234375,10271.110534913076,10132.3115234375,10201.710549343536,85469
2018-06-18,9993.5126953125,10201.710736513916,9993.5126953125,10201.710736513916,125287
2018-06-19,9889.4140625,10132.311615030349,9785.314563036416,9854.71454923331,408544
2018-06-20,9993.5126953125,10028.21316856567,9889.414154543554,9889.414154543554,203479
2018-06-21,9854.7138671875,9958.8123997829,9820.01339665892,9889.413378052634,310146
2018-06-22,9924.11328125,9993.512305723834,9715.91524816501,9854.714256776164,244925
2018-06-25,10062.912109375,10062.912109375,9924.113103253314,9924.113103253314,118080
2018-06-26,9958.8125,10062.911993306418,9924.11298878568,10028.212482092096,114681
2018-06-27,10028.212890625,10062.912403252922,9958.812905705665,10062.912403252922,53850
2018-06-28,9993.5126953125,10062.912682155318,9889.414154543554,10028.21316856567,120147
2018-06-29,10062.912109375,10340.509161954904,9924.113103253314,9993.512126482425,680940
2018-07-02,9924.11328125,10167.010826571906,9785.314272638849,9785.314272638849,324901
2018-07-03,9785.314453125,10062.91247546749,9230.119368103522,9889.413951419308,614685
2018-07-04,9854.7138671875,10028.212381176614,9715.91486406352,9785.313885793788,394922
2018-07-05,9854.7138671875,9854.7138671875,9681.215353198386,9854.7138671875,394837
2018-07-06,9715.9150390625,9785.314062042757,9577.11603343853,9715.9150390625,310047
2018-07-09,9750.6142578125,9958.812280166048,9715.914747364148,9715.914747364148,835907
2018-07-10,9715.9150390625,9750.614550552627,9715.9150390625,9750.614550552627,32044
2018-07-11,9715.9150390625,9715.9150390625,9577.11603343853,9715.9150390625,99927
2018-07-12,9715.9150390625,9854.71404468647,9438.31702781456,9854.71404468647,70176
2018-07-13,9715.9150390625,9785.314062042757,9577.11603343853,9715.9150390625,814766
2018-07-16,9715.9150390625,9750.614550552627,9715.9150390625,9715.9150390625,579795
2018-07-17,9820.013671875,9854.714143376095,9577.116129348162,9715.91513636213,191570
2018-07-18,9820.013671875,9924.113167051342,9715.91513636213,9924.113167051342,638162
2018-07-19,9750.6142578125,9854.713748820992,9715.914747364148,9854.713748820992,201794
2018-07-20,9715.9150390625,9715.9150390625,9646.515056418784,9715.9150390625,344512
2018-07-23,9715.9150390625,9715.9150390625,9611.815544928657,9715.9150390625,162047
2018-07-24,9715.9150390625,9715.9150390625,9715.9150390625,9715.9150390625,0
2018-07-25,9785.314453125,9785.314453125,9577.116416199882,9715.915427371128,196399
2018-07-26,9820.013671875,9924.113167051342,9785.314160037376,9854.714143376095,150634
2018-07-27,9715.9150390625,9820.01357353288,9715.9150390625,9785.314062042757,86687
2018-07-30,9785.314453125,9785.314453125,9715.915427371128,9785.314453125,480788
2018-07-31,9750.6142578125,9854.713748820992,9715.914747364148,9785.313768260852,314394
2018-08-01,9715.9150390625,9750.614550552627,9646.515056418784,9715.9150390625,153494
2018-08-02,9715.9150390625,9715.9150390625,9646.515056418784,9715.9150390625,162047
2018-08-03,9750.6142578125,9750.6142578125,9646.514766804008,9646.514766804008,135879
2018-08-06,9854.7138671875,9889.413378052634,9715.91486406352,9750.614374928651,273925
2018-08-07,9715.9150390625,9854.71404468647,9681.215527572374,9854.71404468647,73320
2018-08-08,9715.9150390625,9750.614550552627,9646.515056418784,9715.9150390625,153112
2018-08-09,9715.9150390625,9750.614550552627,9646.515056418784,9715.9150390625,191584
2018-08-10,9715.9150390625,9715.9150390625,9577.11603343853,9715.9150390625,73334
2018-08-13,9646.515625,9750.615125269636,9646.515625,9750.615125269636,100946
2018-08-14,9715.9150390625,9820.01357353288,9646.515056418784,9646.515056418784,205518
2018-08-15,9681.2158203125,9750.614845391236,9681.2158203125,9715.91533285187,195252
2018-08-16,9715.9150390625,9715.9150390625,9681.215527572374,9715.9150390625,135780
2018-08-17,9715.9150390625,9715.9150390625,9646.515056418784,9715.9150390625,363827
2018-08-20,9750.6142578125,9750.6142578125,9646.514766804008,9715.914747364148,553514
2018-08-21,9958.8125,10062.911993306418,9715.914961836304,9715.914961836304,586252
2018-08-22,9715.9150390625,9958.812579156853,9715.9150390625,9958.812579156853,170953
2018-08-23,9785.314453125,9785.314453125,9715.915427371128,9715.915427371128,170528
2018-08-24,9715.9150390625,9785.314062042757,9681.215527572374,9785.314062042757,536267
2018-08-27,9715.9150390625,9750.614550552627,9646.515056418784,9646.515056418784,500740
2018-08-28,9750.6142578125,9750.6142578125,9681.215236915796,9715.914747364148,427391
2018-08-29,9681.2158203125,9750.614845391236,9681.2158203125,9715.91533285187,452298
2018-08-30,9715.9150390625,9715.9150390625,9577.11603343853,9681.215527572374,633914
2018-08-31,9750.6142578125,9750.6142578125,9577.115745907304,9715.914747364148,172143
2018-09-03,9750.6142578125,9750.6142578125,9750.6142578125,9750.6142578125,0
2018-09-04,9715.9150390625,9715.9150390625,9646.515056418784,9715.9150390625,243311
2018-09-05,9681.2158203125,9681.2158203125,9611.81583557027,9646.51534810964,328908
2018-09-06,9715.9150390625,9715.9150390625,9577.11603343853,9611.815544928657,196441
2018-09-07,9715.9150390625,9715.9150390625,9577.11603343853,9611.815544928657,197135
2018-09-10,9715.9150390625,9715.9150390625,9611.815544928657,9715.9150390625,318359
2018-09-11,9715.9150390625,9715.9150390625,9577.11603343853,9577.11603343853,367522
2018-09-12,9646.515625,9646.515625,9577.116597929256,9577.116597929256,267326
2018-09-13,9646.515625,9646.515625,9542.417084393885,9611.816111464628,222042
2018-09-14,9646.515625,9646.515625,9542.417084393885,9611.816111464628,188384
2018-09-17,9646.515625,9646.515625,9577.116597929256,9646.515625,191117
2018-09-18,9577.1162109375,9577.1162109375,9507.717186671029,9577.1162109375,125032
2018-09-19,9611.8154296875,9646.514940761595,9507.716896465212,9507.716896465212,296991
2018-09-20,9854.7138671875,9889.413378052634,9577.11586093954,9646.514882669806,860644
2018-09-21,9750.6142578125,9924.112769717696,9750.6142578125,9924.112769717696,138187
2018-09-24,9785.314453125,9924.113464296244,9750.614940248064,9924.113464296244,110377
2018-09-25,9750.6142578125,9785.313768260852,9646.514766804008,9785.313768260852,288212
2018-09-26,9785.314453125,9854.714438542373,9577.116416199882,9577.116416199882,373908
2018-09-27,9715.9150390625,9889.413556176598,9715.9150390625,9854.71404468647,86885
2018-09-28,9820.013671875,9854.714143376095,9681.215624524506,9750.614648199751,628180
2018-10-01,10062.912109375,10236.41062711124,9854.714080024203,9854.714080024203,956592
2018-10-02,10062.912109375,10097.611620989555,9993.512126482425,10062.912109375,287759
2018-10-03,10340.509765625,10409.909752569089,9993.512709895129,10062.912696839216,792577
2018-10-04,10305.8095703125,10340.509081657605,10201.710076613736,10340.509081657605,553032
2018-10-05,10028.212890625,10305.809951311869,10028.212890625,10167.010941136688,558923
2018-10-08,9924.11328125,10028.212777624236,9750.614760401928,9750.614760401928,642510
2018-10-09,9785.314453125,9993.512490050116,9785.314453125,9993.512490050116,355005
2018-10-10,9750.6142578125,9924.112769717696,9750.6142578125,9820.013278709204,363048
2018-10-11,9368.91796875,9646.515019265316,9334.218457393516,9577.115996552351,798270
2018-10-12,9577.1162109375,9681.215707000689,9230.119170278183,9368.918178474609,242164
2018-10-15,9577.1162109375,9715.915219133924,9473.016714874311,9715.915219133924,71281
2018-10-16,9577.1162109375,9715.915219133924,9438.317202741076,9438.317202741076,200576
2018-10-17,9715.9150390625,9820.01357353288,9577.11603343853,9577.11603343853,370638
2018-10-18,9646.515625,9750.615125269636,9438.317584124248,9715.915611734265,53581
2018-10-19,9646.515625,9646.515625,9368.918557053505,9577.116597929256,265046
2018-10-22,9403.6171875,9646.514719100742,9403.6171875,9646.514719100742,461191
2018-10-23,9299.5185546875,9507.717554876806,9230.11952773341,9403.618054782151,267992
2018-10-24,9577.1162109375,9577.1162109375,9230.119170278183,9438.317202741076,136162
2018-10-25,9542.4169921875,9577.116505387576,9091.320441595955,9577.116505387576,185524
2018-10-26,9542.4169921875,9577.116505387576,9368.9184665236,9542.4169921875,108139
2018-10-29,9507.716796875,9542.41630758563,9230.118791863077,9542.41630758563,189474
2018-10-30,9507.716796875,9507.716796875,9299.517813284338,9299.517813284338,225568
2018-10-31,9507.716796875,9507.716796875,9368.91779436904,9507.716796875,217837
2018-11-01,9507.716796875,9507.716796875,9438.316815790298,9507.716796875,728121
2018-11-02,9507.716796875,9507.716796875,9403.617305079668,9438.316815790298,188611
2018-11-05,9507.716796875,9507.716796875,9368.91779436904,9507.716796875,169509
2018-11-06,9507.716796875,9507.716796875,9438.316815790298,9438.316815790298,175385
2018-11-07,9438.3173828125,9507.717368066518,9403.61787001724,9473.01689560776,319152
2018-11-08,9507.716796875,9507.716796875,9368.91779436904,9403.617305079668,161480
2018-11-09,9473.0166015625,9473.0166015625,9368.91806640797,9368.91806640797,205305
2018-11-12,9299.5185546875,9473.017081736243,9299.5185546875,9473.017081736243,175286
2018-11-13,9264.818359375,9299.517870298369,9160.719826604896,9195.419337528265,153975
2018-11-14,9473.0166015625,9473.0166015625,9160.720036435445,9264.818571589973,251821
2018-11-15,9473.0166015625,9473.0166015625,9299.518083308149,9438.317089844324,103268
2018-11-16,9403.6171875,9403.6171875,9299.517697006291,9368.91767722324,110518
2018-11-19,9368.91796875,9403.617480106484,9230.118963660612,9403.617480106484,97718
2018-11-20,9368.91796875,9368.91796875,9195.419452304131,9368.91796875,211309
2018-11-21,9368.91796875,9368.91796875,9195.419452304131,9195.419452304131,174408
2018-11-22,9334.21875,9334.21875,9195.41974055958,9299.51827789228,142704
2018-11-23,9368.91796875,9368.91796875,9160.719940947649,9299.517986373578,186926
2018-11-26,9299.5185546875,9368.918541305107,9091.32051416171,9264.819041210454,133486
2018-11-27,9368.91796875,9368.91796875,9160.719940947649,9160.719940947649,153805
2018-11-28,9403.6171875,9403.6171875,9264.818186729535,9264.818186729535,148510
2018-11-29,9403.6171875,9403.6171875,9299.517697006291,9299.517697006291,139136
2018-11-30,9438.3173828125,9473.01689560776,9299.518371967964,9403.61787001724,345291
2018-12-03,9611.8154296875,9681.215411499144,9473.016425727665,9473.016425727665,240663
2018-12-04,9820.013671875,10132.311197740555,9542.416617510538,9646.515153023409,52776769
2018-12-05,9542.4169921875,9820.014057451634,9542.4169921875,9820.014057451634,228768
2018-12-06,9924.11328125,10062.912289861151,9403.617718705787,9403.617718705787,13172070
2018-12-07,9646.515625,9958.813166145388,9646.515625,9958.813166145388,242376
2018-12-10,9577.1162109375,9715.915219133924,9577.1162109375,9715.915219133924,150166
2018-12-11,9611.8154296875,9681.215411499144,9438.31691465357,9681.215411499144,175286
2018-12-12,9611.8154296875,9611.8154296875,9611.8154296875,9611.8154296875,0
2018-12-13,9473.0166015625,9542.416584662322,9473.0166015625,9473.0166015625,77228
2018-12-14,9889.4140625,10097.612101763656,9438.317511042484,9438.317511042484,10988938
2018-12-17,9611.8154296875,9889.41343760717,9611.8154296875,9889.41343760717,95721
2018-12-18,9577.1162109375,9646.515235203971,9542.416698804263,9646.515235203971,149727
2018-12-19,9715.9150390625,9750.614550552627,9577.11603343853,9577.11603343853,67203
2018-12-20,9715.9150390625,9750.614550552627,9715.9150390625,9715.9150390625,59500
2018-12-21,9715.9150390625,9750.614550552627,9681.215527572374,9715.9150390625,674086
2018-12-24,9611.8154296875,9715.91492257324,9611.8154296875,9715.91492257324,269748
2018-12-25,9646.515625,9715.915611734265,9577.116597929256,9611.816111464628,221108
2018-12-26,9646.515625,9715.915611734265,9577.116597929256,9646.515625,280368
2018-12-27,9889.4140625,9958.81308903338,9715.915536503036,9715.915536503036,367664
2018-12-28,9750.6142578125,9924.112769717696,9715.914747364148,9889.413259269344,326019
2018-12-31,9750.6142578125,9750.6142578125,9750.6142578125,9750.6142578125,0
2019-01-01,9750.6142578125,9750.6142578125,9750.6142578125,9750.6142578125,0
2019-01-02,9715.9150390625,9785.314062042757,9715.9150390625,9715.9150390625,391226
2019-01-03,9681.2158203125,9750.614845391236,9681.2158203125,9715.91533285187,585954
2019-01-04,9750.6142578125,9750.6142578125,9681.215236915796,9681.215236915796,118717
2019-01-07,9715.9150390625,9993.512090646978,9715.9150390625,9715.9150390625,99658
2019-01-08,9715.9150390625,9924.113067666724,9715.9150390625,9715.9150390625,155406
2019-01-09,10132.3115234375,10132.3115234375,9785.314474580313,9785.314474580313,431710
2019-01-10,10132.3115234375,10201.710549343536,10062.912497531464,10132.3115234375,32978
2019-01-11,10062.912109375,10201.71015583322,10028.212597760445,10201.71015583322,66906
2019-01-14,10062.912109375,10167.010644218664,10028.212597760445,10167.010644218664,143058
2019-01-15,10201.7099609375,10201.7099609375,9854.713891757576,9958.81242461252,164694
2019-01-16,10062.912109375,10236.41062711124,10062.912109375,10062.912109375,53708
2019-01-17,10340.509765625,10340.509765625,10132.311724119782,10236.411224704152,213575
2019-01-18,10201.7099609375,10305.809453455891,10167.010449985852,10201.7099609375,122243
2019-01-21,10409.9091796875,10409.9091796875,10167.010678245748,10167.010678245748,257641
2019-01-22,11103.90234375,11138.602815301843,10479.308250768936,10479.308250768936,729197
2019-01-23,11242.701171875,11312.101154209697,11103.902166869064,11103.902166869064,400742
2019-01-24,11173.302734375,11346.801259803064,11034.503722099846,11242.701760680822,204626
2019-01-25,11103.90234375,11173.302327190211,10409.909226992198,11103.90234375,415794
2019-01-28,11103.90234375,11173.302327190211,10965.104296196523,11103.90234375,265698
2019-01-29,11381.5,11381.5,10999.803461913254,11069.202483505956,363883
2019-01-30,11450.8994140625,11485.599885711625,11103.902374879077,11381.500390091203,336668
2019-01-31,11589.6982421875,11589.6982421875,11381.50021383435,11450.899236730913,1324951
2019-02-01,12387.7919921875,12387.7919921875,11589.698418423688,11659.098402039028,1257068
2019-02-04,12387.7919921875,12387.7919921875,12387.7919921875,12387.7919921875,0
2019-02-05,12387.7919921875,12387.7919921875,12387.7919921875,12387.7919921875,0
2019-02-06,12387.7919921875,12387.7919921875,12387.7919921875,12387.7919921875,0
2019-02-07,12387.7919921875,12387.7919921875,12387.7919921875,12387.7919921875,0
2019-02-08,12387.7919921875,12387.7919921875,12387.7919921875,12387.7919921875,0
2019-02-11,12387.7919921875,12387.7919921875,12075.49446507716,12387.7919921875,232393
2019-02-12,12491.890625,12595.990121398649,12353.091616356298,12387.792088264838,435235
2019-02-13,12838.8876953125,12838.8876953125,12491.890652763772,12630.68966171596,394370
2019-02-14,12422.4912109375,12908.286286460578,12353.091228960307,12838.88726414684,372747
2019-02-15,12353.091796875,12422.49178204275,12144.893760698742,12353.091796875,433678
2019-02-18,12353.091796875,12353.091796875,12353.091796875,12353.091796875,0
2019-02-19,12144.8935546875,12318.392075168613,12040.79501819692,12144.8935546875,301494
2019-02-20,12248.9931640625,12353.091701515292,12110.194154461951,12179.593179430482,230496
2019-02-21,11797.896484375,12214.293508291868,11659.09843606619,12110.19401239678,1014592
2019-02-22,11659.0986328125,11797.896683463516,11277.401114531722,11277.401114531722,135369
2019-02-25,12353.091796875,12457.19129479488,11659.09866284197,11659.09866284197,277380
2019-02-26,12144.8935546875,12387.792059159148,11693.797977234692,12040.79501819692,337192
2019-02-27,12422.4912109375,12422.4912109375,12144.89320235564,12144.89320235564,483280
2019-02-28,12110.1943359375,12422.491872302746,12006.094837261253,12422.491872302746,122753
2019-03-01,12006.0947265625,12214.29372199536,11797.896690793135,12110.19422427893,101102
2019-03-04,12353.091796875,12491.890807547006,11936.695724522482,12006.094750026736,743824
2019-03-05,12040.794921875,12353.091488511962,12040.794921875,12353.091488511962,275227
2019-03-06,12075.494140625,12318.39167759367,12040.794629581398,12318.39167759367,40228
2019-03-07,11867.296875,12075.494914263656,11797.896888803109,11867.296875,462819
2019-03-08,11867.296875,11867.296875,11867.296875,11867.296875,0
2019-03-11,12040.794921875,12179.592969418773,11867.29640278181,11867.29640278181,36136
2019-03-12,12283.6923828125,12283.6923828125,12040.794841567458,12040.794841567458,808790
2019-03-13,12353.091796875,12422.49178204275,12248.99325861862,12353.091796875,400997
2019-03-14,12214.2939453125,12422.491984888404,12214.2939453125,12353.091998587428,163434
2019-03-15,12283.6923828125,12353.09140612152,12214.29335950348,12214.29335950348,514914
2019-03-18,12075.494140625,12318.39167759367,11901.995625743535,12075.494140625,537400
2019-03-19,12214.2939453125,12491.891011525868,12075.49493237406,12491.891011525868,150747
2019-03-20,12075.494140625,12214.293144462865,12006.094158874344,12075.494140625,128898
2019-03-21,12040.794921875,12248.992952854132,12006.094450325583,12006.094450325583,101314
2019-03-22,12144.8935546875,12248.99305084156,11936.69552204286,12006.094546369914,306280
2019-03-25,12110.1943359375,12144.893848941749,12006.094837261253,12144.893848941749,191174
2019-03-26,12214.2939453125,12318.392485268696,11936.69591943562,11936.69591943562,409620
2019-03-27,12283.6923828125,12283.6923828125,12040.794841567458,12283.6923828125,93073
2019-03-28,11936.6953125,12283.692347370865,11867.296289391212,12144.893341489824,141415
2019-03-29,12214.2939453125,12214.2939453125,11901.996406116888,11936.69591943562,451307
2019-04-01,11936.6953125,12214.293324262077,11936.6953125,12214.293324262077,50069
2019-04-02,11659.0986328125,12144.893729418043,11659.0986328125,12144.893729418043,463966
2019-04-03,12075.494140625,12075.494140625,11659.098088774865,11659.098088774865,680628
2019-04-04,12110.1943359375,12144.893848941749,11867.296785244258,12144.893848941749,19639
2019-04-05,12144.8935546875,12144.8935546875,11901.996009879334,11901.996009879334,51641
2019-04-08,12214.2939453125,12214.2939453125,11936.69591943562,12144.893959011522,455187
2019-04-09,12179.5927734375,12248.992755756148,12006.094257136068,12248.992755756148,46232
2019-04-10,12075.494140625,12075.494140625,11901.995625743535,12040.794629581398,550328
2019-04-11,12144.8935546875,12179.593066851026,12075.494530360447,12075.494530360447,473878
2019-04-12,11971.39453125,12144.89304444189,11867.295999132932,11867.295999132932,5579
2019-04-15,11971.39453125,11971.39453125,11971.39453125,11971.39453125,0
2019-04-16,12075.494140625,12075.494140625,11867.296114699931,12075.494140625,258391
2019-04-17,11901.99609375,12075.494615453716,11901.99609375,11936.695606158046,55408
2019-04-18,11936.6953125,12075.494318381036,11901.995800945606,11936.6953125,143228
2019-04-19,11901.99609375,12075.494615453716,11867.296581341954,11936.695606158046,264622
2019-04-22,12075.494140625,12075.494140625,11867.296114699931,11867.296114699931,203847
2019-04-23,12075.494140625,12075.494140625,11797.896132949276,12075.494140625,173743
2019-04-24,11936.6953125,12006.094335608786,11832.59677783682,11832.59677783682,134321
2019-04-25,11971.39453125,12006.09404195569,11797.89601805811,11867.295999132932,83671
2019-04-26,11797.896484375,11971.39500442449,11797.896484375,11797.896484375,159030
2019-04-29,11797.896484375,11797.896484375,11797.896484375,11797.896484375,0
2019-04-30,11797.896484375,11797.896484375,11797.896484375,11797.896484375,0
2019-05-01,11797.896484375,11797.896484375,11797.896484375,11797.896484375,0
2019-05-02,11971.39453125,11971.39453125,11797.89601805811,11797.89601805811,62516
2019-05-03,12075.494140625,12075.494140625,11797.896132949276,11971.39464783074,812968
2019-05-06,11936.6953125,12075.494318381036,11936.6953125,12075.494318381036,3809
2019-05-07,11867.296875,12006.094928066765,11867.296875,11867.296875,86177
2019-05-08,12006.0947265625,12214.29372199536,11797.896690793135,11797.896690793135,544721
2019-05-09,12630.689453125,12700.088476623254,11901.99586773946,12110.19389789769,309126
2019-05-10,12700.0888671875,12838.887878115946,12491.890830626582,12561.290815922554,532331
2019-05-13,12353.091796875,12838.887854395269,12318.392284122874,12700.088843723264,310401
2019-05-14,12075.494140625,12838.887222238069,12075.494140625,12353.091188637274,372889
2019-05-15,12248.9931640625,12353.091701515292,12075.49464197769,12075.49464197769,60434
2019-05-16,12491.890625,12491.890625,12144.893583222489,12144.893583222489,143568
2019-05-17,12353.091796875,12491.890807547006,12214.293745866493,12491.890807547006,116281
2019-05-20,12977.6865234375,12977.6865234375,12040.794905475694,12040.794905475694,750904
2019-05-21,12769.48828125,12977.686308497336,12769.48828125,12977.686308497336,101527
2019-05-22,12700.0888671875,12838.887878115946,12491.890830626582,12769.488852483471,183456
2019-05-23,12700.0888671875,12769.488852483471,12353.091819698137,12700.0888671875,49588
2019-05-24,12353.091796875,13255.283926747788,12353.091796875,12457.19129479488,1224585
2019-05-27,12769.48828125,12838.88730377796,12353.091267091871,12353.091267091871,79664
2019-05-28,12491.890625,12804.188154532458,12387.792088264838,12387.792088264838,96925
2019-05-29,12353.091796875,12561.290792714755,12283.692771370746,12491.890807547006,159045
2019-05-30,12561.2900390625,12561.2900390625,12283.692034373811,12283.692034373811,197333
2019-05-31,12283.6923828125,12561.29039537552,12283.6923828125,12491.89041240303,40823
2019-06-03,12908.2861328125,12977.68611396362,12110.193547050434,12214.293038945394,876872
2019-06-04,12769.48828125,12873.58681504194,12283.692244563912,12422.491249283288,200519
2019-06-05,12318.3916015625,12769.488121335447,12283.692090733068,12769.488121335447,28065
2019-06-06,12734.7880859375,12838.887581645888,12283.692510415933,12353.091534445872,438662
2019-06-07,12769.48828125,12769.48828125,12422.491249283288,12422.491249283288,398816
2019-06-10,12665.388671875,12769.488164377628,12526.589668425975,12769.488164377628,5780862
2019-06-11,12734.7880859375,12838.887581645888,12561.290525862649,12665.38906190756,356902
2019-06-12,12595.990234375,12873.587294488752,12595.990234375,12734.78828460013,616229
2019-06-13,12665.388671875,12734.787693767788,12561.290139035818,12700.088182821391,245463
2019-06-14,12630.689453125,12804.187971534104,12595.989941375874,12665.388964874126,182451
2019-06-17,12873.5869140625,13116.48541410559,12561.290350621117,12561.290350621117,1658829
2019-06-18,12908.2861328125,12942.98660321978,12734.787619429862,12734.787619429862,76945
2019-06-19,12873.5869140625,12908.28642559338,12700.088396744635,12908.28642559338,234942
2019-06-20,12838.8876953125,13012.386216586863,12769.488670668148,12769.488670668148,498318
2019-06-21,12700.0888671875,12942.987376228151,12700.0888671875,12908.286903748418,430548
2019-06-24,12977.6865234375,13012.386035276182,12630.689485723724,12630.689485723724,215614
2019-06-25,12908.2861328125,12977.68611396362,12734.787619429862,12769.488089837145,231317
2019-06-26,12804.1884765625,12942.987488697048,12769.48896344474,12769.48896344474,66537
2019-06-27,12977.6865234375,12977.6865234375,12734.788021239772,12873.587028257978,239119
2019-06-28,13047.0859375,13047.0859375,12630.689863649766,12734.788402280574,308206
2019-07-01,13047.0859375,13081.785450376936,12838.887900574882,12838.887900574882,167017
2019-07-02,12977.6865234375,13047.085547114866,12734.788021239772,12908.28654009666,91289
2019-07-03,12700.0888671875,12977.68688904439,12700.0888671875,12977.68688904439,75416
2019-07-04,12942.9873046875,12977.68681731194,12700.088796989436,12700.088796989436,165856
2019-07-05,12734.7880859375,12977.686589369248,12734.7880859375,12942.987077354275,21806
2019-07-08,12769.48828125,12908.28632630592,12700.088299058583,12734.787810322565,284828
2019-07-09,12838.8876953125,12873.587207634677,12526.590165085949,12873.587207634677,153211
2019-07-10,12838.8876953125,12908.286719956852,12630.68966171596,12700.088686360312,47436
2019-07-11,12873.5869140625,12942.986896787725,12804.18789100074,12838.88740253162,61808
2019-07-12,12630.689453125,12908.286506781484,12630.689453125,12873.586995032356,61440
2019-07-15,12665.388671875,12769.488164377628,12491.890157479584,12630.689160928609,171590
2019-07-16,12665.388671875,12700.088182821391,12561.290139035818,12700.088182821391,20305
2019-07-17,12700.0888671875,12769.488852483471,12491.890830626582,12561.290815922554,94801
2019-07-18,12006.0947265625,12630.68979353409,12006.0947265625,12526.59029581766,544848
2019-07-19,12700.0888671875,12700.0888671875,12144.89378313722,12353.091819698137,525052
2019-07-22,12491.890625,12700.08865813381,12491.890625,12561.290609153592,134095
2019-07-23,12491.890625,12595.990121398649,12387.792088264838,12491.890625,313559
2019-07-24,12457.19140625,12561.29090510126,12422.491893187414,12422.491893187414,130866
2019-07-25,12457.19140625,12457.19140625,12457.19140625,12457.19140625,0
2019-07-26,12457.19140625,12457.19140625,12457.19140625,12457.19140625,0
2019-07-29,12457.19140625,12457.19140625,12457.19140625,12457.19140625,0
2019-07-30,12457.19140625,12457.19140625,12457.19140625,12457.19140625,0
2019-07-31,12457.19140625,12526.590432375173,12214.2938551484,12214.2938551484,332236
2019-08-01,12283.6923828125,12491.89041240303,12248.992871157989,12248.992871157989,46458
2019-08-02,12318.3916015625,12526.589626202534,12144.893087751898,12283.692090733068,463584
2019-08-05,12353.091796875,12353.091796875,12144.893760698742,12353.091796875,307342
2019-08-06,12353.091796875,12353.091796875,12353.091796875,12353.091796875,0
2019-08-07,12144.8935546875,12491.890595649727,12144.8935546875,12491.890595649727,135242
2019-08-08,12214.2939453125,12387.792471569672,11936.69591943562,12144.893959011522,273429
2019-08-09,12283.6923828125,12283.6923828125,11971.394858594973,12248.992871157989,315923
2019-08-12,12040.794921875,12283.692464740076,12040.794921875,12075.494433760943,118802
2019-08-13,11936.6953125,12248.992835816469,11936.6953125,11971.394824054392,99629
2019-08-14,11867.296875,12179.593454063728,11867.296875,12179.593454063728,74778
2019-08-15,12491.890625,12491.890625,11693.798004709812,11867.296525598567,176376
2019-08-16,12110.1943359375,12283.692860622248,12075.494822933251,12283.692860622248,135836
2019-08-19,12075.494140625,12248.992655506465,11936.69513678714,12248.992655506465,46402
2019-08-20,12075.494140625,12214.293144462865,11797.896132949276,12214.293144462865,35343
2019-08-21,12110.1943359375,12318.392373626495,11832.59727224001,11867.296785244258,224790
2019-08-22,12144.8935546875,12179.593066851026,11971.395034206387,11971.395034206387,64428
2019-08-23,12110.1943359375,12214.29383461375,12075.494822933251,12214.29383461375,40540
2019-08-26,11693.7978515625,12006.094417341496,11659.098339771886,12006.094417341496,283709
2019-08-27,11901.99609375,12006.094630974138,11797.896596862374,11797.896596862374,27781
2019-08-28,11936.6953125,12006.094335608786,11728.497283510174,11763.196795064569,730882
2019-08-29,11867.296875,11936.69590153338,11659.098835736344,11659.098835736344,73334
2019-08-30,11728.4970703125,11936.695095517753,11554.99855603088,11554.99855603088,480038
2019-09-02,11728.4970703125,11728.4970703125,11728.4970703125,11728.4970703125,0
2019-09-03,11728.4970703125,11728.4970703125,11520.299045107246,11728.4970703125,33417
2019-09-04,11693.7978515625,11763.196875143729,11554.998844736574,11728.497363353114,36801
2019-09-05,11589.6982421875,11867.296253100672,11554.998730739218,11693.797736195806,3426
2019-09-06,11728.4970703125,11728.4970703125,11520.299045107246,11520.299045107246,729169
2019-09-09,11797.896484375,11797.896484375,11520.2994280939,11728.497460220597,65858
2019-09-10,11693.7978515625,11728.497363353114,11554.998844736574,11589.698356527188,236528
2019-09-11,11659.0986328125,11693.798145475252,11520.299622497989,11589.698647823498,30288
2019-09-12,11659.0986328125,11659.0986328125,11520.299622497989,11554.999135160742,70247
2019-09-13,11659.0986328125,11659.0986328125,11485.600109835235,11659.0986328125,174776
2019-09-16,11659.0986328125,11659.0986328125,11173.30257654346,11173.30257654346,94263
2019-09-17,11589.6982421875,11728.497247644087,11312.101190937788,11312.101190937788,225228
2019-09-18,11416.2001953125,11520.299693606808,11312.101656681692,11520.299693606808,36589
2019-09-19,11659.0986328125,11659.0986328125,11312.10158685797,11416.200124846231,159682
2019-09-20,11659.0986328125,11728.497658138009,11485.600109835235,11520.299622497989,66212
2019-09-23,11589.6982421875,11659.098224747524,11450.899236730913,11659.098224747524,46699
2019-09-24,11520.2998046875,11624.398344322044,11381.500792177932,11450.89981860096,28107
2019-09-25,11589.6982421875,11624.397753635782,11381.50021383435,11416.199725282631,46289
2019-09-26,11381.5,11659.098005697691,11346.800489203648,11450.8990215927,110632
2019-09-27,11450.8994140625,11520.29939769727,11277.400894470788,11346.80087810556,130555
2019-09-30,11450.8994140625,11520.29939769727,11416.199902076853,11450.8994140625,69766
2019-10-01,11554.9990234375,11554.9990234375,11312.10147748326,11485.599998782998,294386
2019-10-02,11520.2998046875,11554.999317899015,11450.89981860096,11520.2998046875,86404
2019-10-03,11659.0986328125,11659.0986328125,11381.500612183478,11381.500612183478,99176
2019-10-04,11728.4970703125,11901.99558459412,11520.299045107246,11901.99558459412,20093
2019-10-07,11728.4970703125,11797.896092159768,11485.599534183611,11797.896092159768,77880
2019-10-08,11659.0986328125,11728.497658138009,11520.299622497989,11520.299622497989,4871
2019-10-09,11589.6982421875,11797.896270540648,11520.299219290937,11728.497247644087,26210
2019-10-10,11589.6982421875,11589.6982421875,11450.899236730913,11485.599707842655,90680
2019-10-11,11520.2998046875,11763.197356831612,11381.500792177932,11763.197356831612,24213
2019-10-14,11659.0986328125,11693.798145475252,11416.200124846231,11520.299622497989,43683
2019-10-15,11589.6982421875,11659.098224747524,11450.899236730913,11659.098224747524,18577
2019-10-16,11554.9990234375,11589.69853576475,11416.200014465012,11450.899526792262,129903
2019-10-17,11346.80078125,11554.998811050193,11346.80078125,11554.998811050193,253959
2019-10-18,11485.599609375,11520.2991205258,11208.001600841711,11450.89913856075,57064
2019-10-21,11520.2998046875,11520.2998046875,11346.801278966415,11450.89981860096,19937
2019-10-22,11520.2998046875,11520.2998046875,11277.401292879878,11520.2998046875,61326
2019-10-23,11450.8994140625,11520.29939769727,11312.101366119912,11520.29939769727,70247
2019-10-24,11450.8994140625,11450.8994140625,11312.101366119912,11312.101366119912,11597
2019-10-25,11450.8994140625,11450.8994140625,11346.80087810556,11346.80087810556,15391
2019-10-28,11520.2998046875,11728.497843620098,11346.801278966415,11346.801278966415,811495
2019-10-29,11520.2998046875,11520.2998046875,11381.500792177932,11520.2998046875,41460
2019-10-30,11450.8994140625,11520.29939769727,11381.500390091203,11381.500390091203,28617
2019-10-31,11450.8994140625,11485.599885711625,11381.500390091203,11381.500390091203,15491
2019-11-01,11450.8994140625,11520.29939769727,10652.806799738715,11346.80087810556,75274
2019-11-04,11450.8994140625,11485.599885711625,11312.101366119912,11416.199902076853,72966
2019-11-05,12075.494140625,12248.992655506465,11381.50008109914,11485.5995738934,723505
2019-11-06,12075.494140625,12075.494140625,11520.299084937002,12075.494140625,125344
2019-11-07,12769.48828125,12769.48828125,11693.797674085885,11832.59667880526,259666
2019-11-08,12769.48828125,13151.184824480692,12353.091267091871,12353.091267091871,268034
2019-11-11,12769.48828125,12769.48828125,12422.491249283288,12422.491249283288,93894
2019-11-12,12838.8876953125,12838.8876953125,12561.290637071608,12769.488670668148,165162
2019-11-13,12908.2861328125,12977.68611396362,12422.49106307187,12630.689087198343,244628
2019-11-14,13012.3857421875,13012.3857421875,12630.689201232306,12630.689201232306,802815
2019-11-15,13081.78515625,13081.78515625,12873.587124005946,12908.286636102708,442811
2019-11-18,13012.3857421875,13081.784764301734,12734.78773440366,13081.784764301734,356619
2019-11-19,12734.7880859375,13012.386101384216,12734.7880859375,12977.686589369248,20107
2019-11-20,12491.890625,12769.488642287404,12491.890625,12561.290609153592,59571
2019-11-21,11624.3974609375,12457.19051304412,11624.3974609375,12422.49100246956,698272
2019-11-22,11797.896484375,12075.494500319575,11485.599916016698,12075.494500319575,262498
2019-11-25,12040.794921875,12040.794921875,11589.698388367318,11797.89641934645,97250
2019-11-26,11971.39453125,12040.79451232482,11693.797485941042,12040.79451232482,61964
2019-11-27,11797.896484375,11971.39500442449,11728.497460220597,11971.39500442449,33941
2019-11-28,11867.296875,11901.99638826669,11624.39836280614,11797.896888803109,144403
2019-11-29,11867.296875,11971.395414800072,11693.798349003036,11971.395414800072,17445
2019-12-02,11554.9990234375,11867.296553709726,11554.9990234375,11867.296553709726,30812
2019-12-06,11763.197265625,11867.296764115912,11450.899729815765,11485.600202421738,144715
2019-12-09,11659.0986328125,11763.197170800762,11450.899637508986,11763.197170800762,70927
2019-12-10,11589.6982421875,11693.797736195806,11485.599707842655,11659.098224747524,452907
2019-12-11,11589.6982421875,11659.098224747524,11381.50021383435,11520.299219290937,46897
2019-12-12,11624.3974609375,11728.496952324616,11416.199437826705,11485.599418639262,90751
2019-12-13,11659.0986328125,11693.798145475252,11485.600109835235,11624.398160486253,45496
2019-12-16,11728.4970703125,11763.196581236134,11520.299045107246,11520.299045107246,77837
2019-12-17,11797.896484375,11797.896484375,11554.998940171105,11554.998940171105,122583
2019-12-18,11763.197265625,11797.89677856747,11624.398254191618,11797.89677856747,34366
2019-12-19,11520.2998046875,11763.197356831612,11485.600291475988,11589.698831110529,278654
2019-12-20,11763.197265625,11763.197265625,11485.600202421738,11485.600202421738,108762
2019-12-23,11901.99609375,12353.091674381574,11554.999050342563,11763.197084454328,203082
2019-12-24,11971.39453125,12110.1935337362,11867.295999132932,11901.995509838622,164057
2019-12-25,11936.6953125,11936.6953125,11693.79777195578,11901.995800945606,27994
2019-12-26,11867.296875,11971.395414800072,11693.798349003036,11797.896888803109,34210
2019-12-27,11728.4970703125,11901.99558459412,11693.797559388864,11867.296073670484,31902
2019-12-30,12353.091796875,12422.49178204275,11520.299652169966,11797.896713850478,276672
2019-12-31,12353.091796875,12353.091796875,11693.798175594096,12353.091796875,212187
2020-01-01,12353.091796875,12353.091796875,12353.091796875,12353.091796875,0
2020-01-02,12283.6923828125,12353.09140612152,11797.89634065895,11797.89634065895,87707
2020-01-03,11971.39453125,12283.692046928089,11971.39453125,12214.293025516708,24595
2020-01-06,12144.8935546875,12248.99305084156,11867.296497715808,11867.296497715808,79550
2020-01-07,12110.1943359375,12248.993347618,11867.296785244258,12144.893848941749,75033
2020-01-08,12006.0947265625,12144.893736963242,11901.996188509564,11901.996188509564,210049
2020-01-09,12110.1943359375,12144.893848941749,11936.695811252754,12075.494822933251,265500
2020-01-10,12491.890625,12630.689633643702,12144.893583222489,12144.893583222489,693216
2020-01-13,12491.890625,12561.290609153592,12006.094574578789,12491.890625,50494
2020-01-14,12491.890625,12491.890625,11971.395062333731,12006.094574578789,42975
2020-01-15,12491.890625,12491.890625,12144.893583222489,12491.890625,81986
2020-01-16,12179.5927734375,12491.89029471277,12075.494239454716,12110.19375078231,109017
2020-01-17,12353.091796875,12491.890807547006,12144.893760698742,12144.893760698742,1064095
2020-01-20,12353.091796875,12387.792269290623,12110.194247946614,12179.593273450868,122101
2020-01-21,12144.8935546875,12353.09158733214,11936.69552204286,12353.09158733214,48356
2020-01-22,12110.1943359375,12144.893848941749,11936.695811252754,12144.893848941749,67288
2020-01-23,12110.1943359375,12110.1943359375,12110.1943359375,12110.1943359375,0
2020-01-24,12110.1943359375,12110.1943359375,12110.1943359375,12110.1943359375,0
2020-01-27,12110.1943359375,12110.1943359375,12110.1943359375,12110.1943359375,0
2020-01-28,12110.1943359375,12110.1943359375,12110.1943359375,12110.1943359375,0
2020-01-29,12110.1943359375,12110.1943359375,12110.1943359375,12110.1943359375,0
2020-01-30,12457.19140625,12769.48894314028,11797.896819406857,12006.094857445874,389923
2020-01-31,12387.7919921875,12491.890528115297,12006.09448146182,12457.191016139364,89859
2020-02-03,12283.6923828125,12353.09140612152,11554.99879941391,12040.794841567458,161254
2020-02-04,12179.5927734375,12318.391778411338,11867.296211825687,12075.494239454716,129719
2020-02-05,11936.6953125,12179.592853044218,11901.995800945606,11936.6953125,196356
2020-02-06,12283.6923828125,12283.6923828125,11797.89634065895,11832.59681197693,99983
2020-02-07,12144.8935546875,12283.692563005086,11971.395034206387,12283.692563005086,65362
2020-02-10,12110.1943359375,12144.893848941749,11901.996298248505,12144.893848941749,116494
2020-02-11,12179.5927734375,12179.5927734375,11936.695234480878,12110.19375078231,347911
2020-02-12,12110.1943359375,12248.993347618,12006.094837261253,12248.993347618,150053
2020-02-13,12075.494140625,12144.893162712206,12006.094158874344,12006.094158874344,67217
2020-02-14,12006.0947265625,12144.893736963242,11936.695701193878,12006.0947265625,78842
2020-02-17,12040.794921875,12110.193945646886,11971.39493843964,12075.494433760943,48554
2020-02-18,12075.494140625,12179.59267375581,12006.094158874344,12144.893162712206,219225
2020-02-19,12006.0947265625,12075.494711594618,11971.395213878188,12006.0947265625,35598
2020-02-20,11936.6953125,12110.193829935431,11936.6953125,12110.193829935431,90383
2020-02-21,12006.0947265625,12006.0947265625,11728.497665424513,12006.0947265625,559419
2020-02-24,11936.6953125,12006.094335608786,11450.899271748098,12006.094335608786,114115
2020-02-25,11936.6953125,12040.794806826643,11450.899271748098,11450.899271748098,39591
2020-02-26,11971.39453125,12006.09404195569,11797.89601805811,11936.69502054431,78545
2020-02-27,12006.0947265625,12006.0947265625,11797.896690793135,11797.896690793135,58183
2020-02-28,11936.6953125,12006.094335608786,11728.497283510174,11832.59677783682,198933
2020-03-02,12283.6923828125,12353.09140612152,11763.19682900444,11763.19682900444,515778
2020-03-03,12144.8935546875,12318.392075168613,11971.395034206387,11971.395034206387,170783
2020-03-05,12006.0947265625,12283.692747363984,11624.39816770808,12040.795198910308,1183761
2020-03-06,11936.6953125,12075.494318381036,11693.79777195578,12075.494318381036,574272
2020-03-09,11797.896484375,11901.995980270089,11173.302387994916,11173.302387994916,193836
2020-03-10,11763.197265625,11797.89677856747,11242.70169249744,11242.70169249744,178600
2020-03-11,11659.0986328125,11763.197170800762,11034.503566228948,11763.197170800762,281330
2020-03-12,11589.6982421875,11624.397753635782,10861.004663119746,11173.3021854812,345588
2020-03-13,11381.5,11554.998513645198,10791.605437471706,10791.605437471706,1211784
2020-03-16,11103.90234375,11381.5003581839,10652.806769874256,11381.5003581839,443151
2020-03-17,11173.302734375,11242.701760680822,10479.308632662738,10479.308632662738,526341
2020-03-18,11346.80078125,11346.80078125,11034.503256717975,11173.30226313926,1202014
2020-03-19,10861.0048828125,11346.800931905342,10826.305370662329,11103.90242752718,191188
2020-03-20,11069.203125,11103.902637807294,10618.107539178189,10861.00508849274,45113
2020-03-23,11103.90234375,11312.101334407163,10305.809731663618,11103.90234375,563822
2020-03-24,11103.90234375,11173.302327190211,10479.308250768936,10479.308250768936,197447
2020-03-25,11103.90234375,11138.602815301843,10722.205793650994,10895.704312756312,96811
2020-03-26,10687.505859375,11103.901904905726,10514.007347126624,11103.901904905726,261280
2020-03-27,10895.7041015625,10895.7041015625,10062.911993729938,10548.707070077782,507565
2020-03-30,10895.7041015625,10895.7041015625,10167.010527377282,10271.11002068808,539835
2020-03-31,10167.0107421875,10861.004819819756,10167.0107421875,10618.107276513856,885467
2020-04-01,10548.70703125,10548.70703125,9715.914926482788,9715.914926482788,754558
2020-04-02,10548.70703125,10548.70703125,10548.70703125,10548.70703125,0
2020-04-03,10548.70703125,10548.70703125,9889.413441586532,10305.80949397014,1859590
2020-04-06,10756.90625,10756.90625,10201.710221916865,10548.707259637087,288226
2020-04-07,10756.90625,10756.90625,10409.909212279776,10409.909212279776,1944267
2020-04-08,10548.70703125,10722.205546353744,10271.10998288208,10271.10998288208,373059
2020-04-09,10548.70703125,10618.10701308957,10444.608497985824,10548.70703125,367735
2020-04-10,10514.0078125,10514.0078125,10167.010772644388,10444.60878839427,707631
2020-04-13,10548.70703125,10548.70703125,10305.80949397014,10514.007520161942,143171
2020-04-14,10514.0078125,10652.80682037494,10375.20880462506,10548.707324552866,195818
2020-04-15,10514.0078125,10548.707324552866,10340.509292572197,10514.0078125,172709
2020-04-16,10514.0078125,10548.707324552866,10375.20880462506,10409.909276341405,307484
2020-04-17,10548.70703125,10826.305039281371,10409.908986897766,10548.70703125,1238773
2020-04-20,10548.70703125,10756.906017105255,10479.308009073882,10618.10701308957,1192144
2020-04-21,10514.0078125,10618.107308322076,10305.809780519328,10548.707324552866,352286
2020-04-22,10687.505859375,10826.304861106388,10375.208345395236,10375.208345395236,1162578
2020-04-23,10618.107421875,10895.7044809301,10618.107421875,10826.305456082198,313813
2020-04-24,10618.107421875,10687.506446722902,10514.007924939657,10514.007924939657,271475
2020-04-27,10479.30859375,10618.107605509753,10305.810068966184,10479.30859375,620887
2020-04-28,10514.0078125,10514.0078125,10305.809780519328,10409.909276341405,316518
2020-04-29,10409.9091796875,10514.007714879564,10340.509196562654,10340.509196562654,628505
2020-04-30,10409.9091796875,10409.9091796875,10409.9091796875,10409.9091796875,0
2020-05-01,10409.9091796875,10409.9091796875,10409.9091796875,10409.9091796875,0
2020-05-04,10444.6083984375,10479.307909194837,10271.109884987383,10271.109884987383,402922
2020-05-05,10409.9091796875,10444.608691418189,10201.710189976437,10444.608691418189,694675
2020-05-06,10409.9091796875,10409.9091796875,10271.11017310128,10409.9091796875,1166203
2020-05-07,10479.30859375,10514.00810677406,10305.810068966184,10514.00810677406,315371
2020-05-08,10583.408203125,10791.606243109389,10444.609189914238,10444.609189914238,655692
2020-05-11,10687.505859375,10756.905840072412,10514.007347126624,10583.407327824036,263531
2020-05-12,10583.408203125,10722.206256672249,10409.909676527426,10652.807229898624,296524
2020-05-13,10583.408203125,10618.107716511811,9854.714583347892,10583.408203125,709033
2020-05-14,10652.806640625,10722.20566355973,10444.608612157355,10444.608612157355,1047273
2020-05-15,10652.806640625,10652.806640625,10652.806640625,10652.806640625,0
2020-05-18,10652.806640625,10652.806640625,10652.806640625,10652.806640625,0
2020-05-19,11416.2001953125,11416.2001953125,10965.10460858533,10965.10460858533,609248
2020-05-20,11416.2001953125,11416.2001953125,11416.2001953125,11416.2001953125,0
2020-05-21,12075.494140625,12075.494140625,11312.101059011937,11381.50008109914,1371325
2020-05-22,11589.6982421875,12144.893304350386,11485.599707842655,11589.6982421875,907
2020-05-25,11728.4970703125,11901.99558459412,11450.89906359653,11589.698066954514,551163
2020-05-26,11867.296875,11867.296875,11659.098835736344,11659.098835736344,541450
2020-05-27,11936.6953125,12214.293324262077,11797.89630661896,11797.89630661896,667559
2020-05-28,11728.4970703125,12214.293102233723,11728.4970703125,11936.695095517753,711086
2020-05-29,12006.0947265625,12214.29372199536,11797.896690793135,11797.896690793135,513229
2020-06-01,12110.1943359375,12561.290883983243,11867.296785244258,12110.1943359375,325056
2020-06-02,12214.2939453125,12491.891011525868,12110.194445692792,12110.194445692792,602706
2020-06-03,12248.9931640625,12595.99020823212,12214.293651578237,12283.692676546763,302231
2020-06-04,12248.9931640625,12457.191198631574,12214.293651578237,12214.293651578237,464943
2020-06-05,12283.6923828125,12491.89041240303,12248.992871157989,12353.09140612152,634339
2020-06-08,12283.6923828125,12283.6923828125,12283.6923828125,12283.6923828125,0
2020-06-09,12283.6923828125,12283.6923828125,12283.6923828125,12283.6923828125,0
2020-06-10,12561.2900390625,12595.989549732723,12353.091055714263,12595.989549732723,134958
2020-06-11,12491.890625,12595.990121398649,12387.792088264838,12561.290609153592,262880
2020-06-12,12422.4912109375,12630.68923754217,12179.592713512508,12179.592713512508,280169
2020-06-15,12630.689453125,12769.488459784976,12353.091439805046,12422.49142296677,178416
2020-06-16,12422.4912109375,12595.9897263853,12387.791699780631,12422.4912109375,72442
2020-06-17,12561.2900390625,12630.68906040295,12283.692034373811,12630.68906040295,102405
2020-06-18,12561.2900390625,12561.2900390625,12353.091055714263,12561.2900390625,382150
2020-06-19,12665.388671875,12665.388671875,12422.491135586795,12422.491135586795,150761
2020-06-22,12630.689453125,12665.388964874126,12353.091439805046,12491.890446465024,148920
2020-06-23,12491.890625,12665.389145888756,12457.191112754948,12665.389145888756,50735
2020-06-24,12491.890625,12630.689633643702,12422.491600509891,12630.689633643702,28362
2020-06-25,12318.3916015625,12665.388629183706,12179.592598581328,12422.49109371424,153112
2020-06-26,12318.3916015625,12387.791582884807,12144.893087751898,12318.3916015625,28886
2020-06-29,12491.890625,12491.890625,11971.395062333731,12214.29356737608,74934
2020-06-30,12353.091796875,12526.590320299132,11971.39523727461,12179.593273450868,156878
2020-07-01,12318.3916015625,12353.091112391932,12144.893087751898,12214.293069074203,36391
2020-07-02,12283.6923828125,12318.391894467011,11936.69534694046,12318.391894467011,67543
2020-07-03,12387.7919921875,12387.7919921875,11901.995945534029,12144.893489029026,111963
2020-07-06,12353.091796875,12387.792269290623,11936.695724522482,12387.792269290623,132877
2020-07-07,12353.091796875,12353.091796875,12075.494735194488,12353.091796875,97519
2020-07-08,12248.9931640625,12283.692676546763,12110.194154461951,12283.692676546763,100436
2020-07-09,12248.9931640625,12387.792173663043,12006.094657345671,12144.893666946218,263715
2020-07-10,12248.9931640625,12248.9931640625,12248.9931640625,12248.9931640625,0
2020-07-13,12075.494140625,12283.692166550069,11728.49711086207,12214.293144462865,311704
2020-07-14,11797.896484375,12110.19401239678,11659.09843606619,12006.094516501693,537952
2020-07-15,11797.896484375,11797.896484375,11797.896484375,11797.896484375,0
2020-07-16,12214.2939453125,12214.2939453125,11797.89690649718,12006.094946073084,316660
2020-07-17,12110.1943359375,12179.593361945996,11901.996298248505,11971.395324257002,235664
2020-07-20,12040.794921875,12040.794921875,11936.695426553695,11936.695426553695,132721
2020-07-21,12006.0947265625,12214.29372199536,11901.996188509564,11901.996188509564,140934
2020-07-22,12040.794921875,12075.494433760943,11797.89641934645,11901.995914667754,214495
2020-07-23,12006.0947265625,12006.0947265625,11763.197178108823,11901.996188509564,197999
2020-07-24,11659.0986328125,12075.494704092538,11346.801099520724,12006.094719103534,406802
2020-07-27,11381.5,11832.596519342893,10930.404440320552,11381.5,291766
2020-07-28,11450.8994140625,11450.8994140625,10826.305319330426,10999.803838922136,708240
2020-07-29,12248.9931640625,12248.9931640625,10861.00498738402,10861.00498738402,967538
2020-07-30,11867.296875,12075.494914263656,11485.60030973938,11485.60030973938,207741
2020-07-31,11485.599609375,11554.998631676595,11208.001600841711,11381.500116259154,206948
2020-08-03,11520.2998046875,11520.2998046875,11242.701779668365,11277.401292879878,162854
2020-08-04,11693.7978515625,11693.7978515625,11346.80081432942,11520.29933294596,337262
2020-08-05,11797.896484375,11797.896484375,11485.599916016698,11693.797948143392,282293
2020-08-06,11763.197265625,11797.89677856747,11589.698741249147,11624.398254191618,104090
2020-08-07,11728.4970703125,11728.4970703125,11485.599534183611,11485.599534183611,147632
2020-08-10,11693.7978515625,11763.196875143729,11485.599821155343,11728.497363353114,240238
2020-08-11,11797.896484375,11797.896484375,11520.2994280939,11589.698452248304,245166
2020-08-12,11728.4970703125,11763.196581236134,11624.39757787815,11624.39757787815,55677
2020-08-13,11589.6982421875,11728.497247644087,11589.6982421875,11728.497247644087,351323
2020-08-14,11797.896484375,11797.896484375,11554.998940171105,11659.09843606619,407100
2020-08-17,11797.896484375,12144.893524473982,11624.397964325508,11659.09843606619,191372
2020-08-18,11693.7978515625,11797.896386934342,11554.998844736574,11659.098339771886,217837
2020-08-19,11693.7978515625,11693.7978515625,11520.29933294596,11589.698356527188,176391
2020-08-20,11763.197265625,11763.197265625,11450.899729815765,11589.698741249147,628449
2020-08-21,11763.197265625,11763.197265625,11589.698741249147,11624.398254191618,688147
2020-08-24,11763.197265625,11797.89677856747,11624.398254191618,11693.79823974006,590273
2020-08-25,11763.197265625,11797.89677856747,11624.398254191618,11659.09872679759,207444
2020-08-26,11763.197265625,11797.89677856747,11659.09872679759,11659.09872679759,170925
2020-08-27,11763.197265625,11832.597251173444,11659.09872679759,11728.49775268253,479443
2020-08-28,12110.1943359375,12283.692860622248,11693.79826055951,11763.197286568007,758367
2020-08-31,11971.39453125,12144.89304444189,11936.69502054431,12144.89304444189,138527
2020-09-01,11936.6953125,11936.6953125,11832.59677783682,11867.296289391212,129082
2020-09-02,11936.6953125,11936.6953125,11936.6953125,11936.6953125,0
2020-09-03,11936.6953125,12214.293324262077,11901.995800945606,11936.6953125,857288
2020-09-04,11832.5966796875,11936.6952134872,11763.19669749091,11797.896208757476,296184
2020-09-07,11728.4970703125,11936.695095517753,11728.4970703125,11867.296073670484,192859
2020-09-08,11867.296875,11867.296875,11554.99933627276,11728.497862269724,577685
2020-09-09,11659.0986328125,11832.597155789765,11589.698647823498,11797.896683463516,580206
2020-09-10,11659.0986328125,11797.896683463516,11659.0986328125,11659.0986328125,192901
2020-09-11,11659.0986328125,11659.0986328125,11659.0986328125,11659.0986328125,0
2020-09-14,11867.296875,11867.296875,11485.60030973938,11693.798349003036,732992
2020-09-15,11728.4970703125,11797.896092159768,11693.797559388864,11797.896092159768,377930
2020-09-16,11763.197265625,11763.197265625,11624.398254191618,11728.49775268253,146017
2020-09-17,11797.896484375,11797.896484375,11589.698452248304,11659.09843606619,809598
2020-09-18,11797.896484375,11797.896484375,11624.397964325508,11659.09843606619,564884
2020-09-21,11832.5966796875,11832.5966796875,11659.09816369121,11763.19669749091,898933
2020-09-22,11832.5966796875,11832.5966796875,11728.497186224342,11832.5966796875,308546
2020-09-23,11867.296875,11936.69590153338,11763.197375536416,11832.59736173331,721098
2020-09-24,11901.99609375,11901.99609375,11797.896596862374,11832.597068933908,119850
2020-09-25,11867.296875,11936.69590153338,11832.59736173331,11936.69590153338,175668
2020-09-28,11936.6953125,12040.794806826643,11797.89630661896,11832.59677783682,440857
2020-09-29,11797.896484375,11936.69549234729,11763.196972297796,11936.69549234729,230949
2020-09-30,11797.896484375,11832.596956115682,11693.797948143392,11728.497460220597,153791
2020-10-01,11797.896484375,11832.596956115682,11693.797948143392,11763.196972297796,234163
2020-10-02,11797.896484375,11936.69549234729,11693.797948143392,11797.896484375,323626
2020-10-05,12040.794921875,12144.89345753283,11693.79788368862,11936.695426553695,996665
2020-10-06,12179.5927734375,12387.791760729986,12006.094257136068,12144.893262109905,1085930
2020-10-07,12110.1943359375,12179.593361945996,11971.395324257002,12110.1943359375,444170
2020-10-08,11901.99609375,12075.494615453716,11832.597068933908,12075.494615453716,672146
2020-10-09,11901.99609375,11936.695606158046,11763.197084454328,11936.695606158046,342275
2020-10-12,11936.6953125,12040.794806826643,11867.296289391212,11936.6953125,561670
2020-10-13,12075.494140625,12075.494140625,11867.296114699931,11867.296114699931,669626
2020-10-14,12075.494140625,12214.293144462865,12040.794629581398,12144.893162712206,827028
2020-10-15,12214.2939453125,12214.2939453125,11971.39543275435,12179.593472330254,713975
2020-10-16,12040.794921875,12214.29344096819,11867.29640278181,12214.29344096819,543998
2020-10-19,11936.6953125,12214.293324262077,11867.296289391212,12006.094335608786,172525
2020-10-20,12144.8935546875,12214.293538678034,11936.69552204286,11936.69552204286,799402
2020-10-21,11971.39453125,12110.1935337362,11971.39453125,12040.79451232482,172624
2020-10-22,12144.8935546875,12144.8935546875,11936.69552204286,11971.395034206387,683956
2020-10-23,12144.8935546875,12179.593066851026,12006.094546369914,12179.593066851026,470041
2020-10-26,12006.0947265625,12214.29372199536,12006.0947265625,12144.893736963242,618466
2020-10-27,12006.0947265625,12075.494711594618,11867.296675825251,11901.996188509564,411418
2020-10-28,12006.0947265625,12075.494711594618,11797.896690793135,11832.597163140945,559150
2020-10-29,11971.39453125,12075.49402303051,11763.196507352422,11797.89601805811,726408
2020-10-30,11936.6953125,11971.394824054392,11728.497283510174,11971.394824054392,425522
2020-11-02,11936.6953125,11936.6953125,11797.89630661896,11832.59677783682,146343
2020-11-03,12006.0947265625,12075.494711594618,11832.597163140945,12075.494711594618,459053
2020-11-04,11971.39453125,12075.49402303051,11832.596488427242,12006.09404195569,164921
2020-11-05,11936.6953125,12006.094335608786,11797.89630661896,12006.094335608786,414689
2020-11-06,12006.0947265625,12006.0947265625,11763.197178108823,11832.597163140945,257499
2020-11-09,12006.0947265625,12040.795198910308,11832.597163140945,11832.597163140945,255219
2020-11-10,12006.0947265625,12075.494711594618,11901.996188509564,12006.0947265625,212456
2020-11-11,11971.39453125,12006.09404195569,11832.596488427242,11901.995509838622,262129
2020-11-12,12006.0947265625,12006.0947265625,11867.296675825251,12006.0947265625,456560
2020-11-13,11936.6953125,12006.094335608786,11867.296289391212,11901.995800945606,124664
2020-11-16,11901.99609375,11971.395118566092,11763.197084454328,11901.99609375,739675
2020-11-17,12006.0947265625,12006.0947265625,11728.497665424513,11901.996188509564,853862
2020-11-18,11936.6953125,12006.094335608786,11763.196795064569,11832.59677783682,602210
2020-11-19,11901.99609375,11936.695606158046,11728.49757204628,11936.695606158046,568099
2020-11-20,11971.39453125,11971.39453125,11797.89601805811,11797.89601805811,418668
2020-11-23,11901.99609375,11901.99609375,11763.197084454328,11867.296581341954,335124
2020-11-24,11901.99609375,11901.99609375,11797.896596862374,11797.896596862374,324079
2020-11-25,11971.39453125,11971.39453125,11832.596488427242,11901.995509838622,517406
2020-11-26,11971.39453125,12006.09404195569,11832.596488427242,11971.39453125,1098235
2020-11-27,11867.296875,11971.395414800072,11867.296875,11971.395414800072,131758
2020-11-30,11936.6953125,11936.6953125,11832.59677783682,11936.6953125,153890
2020-12-01,11901.99609375,11936.695606158046,11797.896596862374,11867.296581341954,456645
2020-12-02,11936.6953125,11971.394824054392,11763.196795064569,11763.196795064569,307810
2020-12-03,11936.6953125,11936.6953125,11797.89630661896,11936.6953125,334827
2020-12-04,11832.5966796875,11936.6952134872,11832.5966796875,11936.6952134872,462437
2020-12-07,11936.6953125,11936.6953125,11832.59677783682,11901.995800945606,127595
2020-12-08,11832.5966796875,11901.995702220634,11832.5966796875,11901.995702220634,184632
2020-12-09,11867.296875,11901.99638826669,11797.896888803109,11832.59736173331,424573
2020-12-10,11936.6953125,11936.6953125,11832.59677783682,11901.995800945606,311038
2020-12-11,11867.296875,11936.69590153338,11832.59736173331,11832.59736173331,255361
2020-12-14,11936.6953125,11936.6953125,11867.296289391212,11867.296289391212,382943
2020-12-15,11901.99609375,11936.695606158046,11832.597068933908,11867.296581341954,389768
2020-12-16,11901.99609375,11901.99609375,11797.896596862374,11867.296581341954,214906
2020-12-17,11832.5966796875,11901.995702220634,11450.899176764891,11901.995702220634,450174
2020-12-18,11936.6953125,11936.6953125,11797.89630661896,11867.296289391212,579936
2020-12-21,12769.48828125,12769.48828125,11867.29619006924,11936.6952125972,1823029
2020-12-22,13636.98046875,13636.98046875,13532.881930627957,13532.881930627957,1799098
2020-12-23,13532.8818359375,14504.47298326244,13532.8818359375,14504.47298326244,780031
2020-12-24,13185.884765625,13428.782312055151,12595.990175915493,13047.08575638056,1019350
2020-12-25,13255.283203125,13532.881209314584,12595.989617835774,13047.085178314535,640131
2020-12-28,13047.0859375,13602.281022521478,12908.286926328754,13602.281022521478,571256
2020-12-29,13047.0859375,13185.884948671244,12838.887900574882,12838.887900574882,622077
2020-12-30,13949.27734375,13949.27734375,12734.78773869726,13012.385746574697,719016
2020-12-31,13359.3828125,13602.28035029808,13151.184785864009,13532.8813279739,664882
2021-01-01,13359.3828125,13359.3828125,13359.3828125,13359.3828125,0
2021-01-04,13532.8818359375,13671.680845459205,13255.283816894094,13359.383313951244,95424
2021-01-05,13532.8818359375,13602.280860866606,13359.383313951244,13602.280860866606,57942
2021-01-06,14226.8759765625,14226.8759765625,13324.683850825986,13532.88188604772,146485
2021-01-07,13949.27734375,14226.875351627434,13879.878321612368,14226.875351627434,67330
2021-01-08,14157.4755859375,14226.875568797965,13879.878533486051,13914.578045084549,67755
2021-01-11,14018.677734375,14226.875766522988,13879.878726388515,14157.475782698006,70998
2021-01-12,14018.677734375,14157.475782698006,13879.878726388515,14157.475782698006,49460
2021-01-13,14920.8701171875,14990.26914260665,13949.278003338415,14018.677988421065,274916
2021-01-14,14990.2685546875,15510.764103907752,14712.670544571316,15198.466582442908,71932
2021-01-15,15267.8671875,15371.96572579161,14990.269166062046,14990.269166062046,74580
2021-01-18,14886.1689453125,15267.86644617233,14573.872385937662,15267.86644617233,78559
2021-01-19,14018.677734375,14747.3713267247,13845.179214307764,14296.27479068449,93257
2021-01-20,14018.677734375,14018.677734375,13047.08563813308,13602.280710415544,98383
2021-01-21,13879.87890625,14192.176438350609,13532.881861618987,14018.677916035103,67656
2021-01-22,14226.8759765625,14226.8759765625,13879.878931305111,14088.076966526844,57206
2021-01-25,13879.87890625,14122.776453626311,13671.68087140409,14122.776453626311,132594
2021-01-26,13047.0859375,13949.27807061784,12908.286926328754,13949.27807061784,110547
2021-01-27,12283.6923828125,13081.78498952011,12214.29335950348,13081.78498952011,242433
2021-01-28,12561.2900390625,12561.2900390625,11450.898979971196,11589.69798231554,298790
2021-01-29,11693.7978515625,12491.890461400504,11693.7978515625,11797.896386934342,338962
2021-02-01,12144.8935546875,12144.8935546875,11693.797977234692,11693.797977234692,159441
2021-02-02,12144.8935546875,12214.293538678034,11589.698481080632,11797.896513725273,183541
2021-02-03,12422.4912109375,12491.89023325124,11971.39468690784,12075.4941800419,228882
2021-02-04,12353.091796875,12422.49178204275,11971.39523727461,12353.091796875,51032
2021-02-05,12422.4912109375,12422.4912109375,12179.592713512508,12353.091228960307,63082
2021-02-08,12318.3916015625,12387.791582884807,12006.094084770726,12387.791582884807,64116
2021-02-09,12318.3916015625,12318.3916015625,12318.3916015625,12318.3916015625,0
2021-02-10,12318.3916015625,12318.3916015625,12318.3916015625,12318.3916015625,0
2021-02-11,12318.3916015625,12318.3916015625,12318.3916015625,12318.3916015625,0
2021-02-12,12318.3916015625,12318.3916015625,12318.3916015625,12318.3916015625,0
2021-02-15,12318.3916015625,12318.3916015625,12318.3916015625,12318.3916015625,0
2021-02-16,12318.3916015625,12318.3916015625,12318.3916015625,12318.3916015625,0
2021-02-17,12491.890625,12700.08865813381,12179.593095467542,12353.091616356298,65263
2021-02-18,12838.8876953125,12838.8876953125,12283.692619167232,12491.890652763772,67514
2021-02-19,12838.8876953125,12838.8876953125,12457.191140441597,12491.890652763772,46798
2021-02-22,12700.0888671875,12804.188365299708,12526.590343442818,12804.188365299708,69582
2021-02-23,12700.0888671875,12700.0888671875,12491.890830626582,12700.0888671875,69299
2021-02-24,12700.0888671875,12700.0888671875,12700.0888671875,12700.0888671875,0
2021-02-25,12561.2900390625,12630.68906040295,12387.791526047931,12630.68906040295,33403
2021-02-26,12561.2900390625,12561.2900390625,12353.091055714263,12353.091055714263,32808
2021-03-01,12804.1884765625,12838.88798968026,12491.890939175644,12561.290925074672,91870
2021-03-02,13047.0859375,13151.185435794308,12838.887900574882,12908.286926328754,180299
2021-03-03,13012.3857421875,13081.784764301734,12838.88722723846,13081.784764301734,33134
2021-03-04,12908.2861328125,13047.085135451298,12561.290065710667,13047.085135451298,47945
2021-03-05,12838.8876953125,12908.286719956852,12526.590165085949,12908.286719956852,30316
2021-03-08,12804.1884765625,12873.58750279802,12630.689951310193,12838.88798968026,78134
2021-03-09,12769.48828125,12769.48828125,12595.989765266644,12595.989765266644,24595
2021-03-10,12769.48828125,12769.48828125,12526.589783075227,12595.989765266644,31180
2021-03-11,12769.48828125,12769.48828125,12665.388787794604,12769.48828125,46614
2021-03-12,12769.48828125,12804.18779251398,12700.088299058583,12769.48828125,41460
2021-03-15,12804.1884765625,12838.88798968026,12769.48896344474,12838.88798968026,55436
2021-03-16,12769.48828125,12804.18779251398,12561.290254002664,12804.18779251398,39237
2021-03-17,12804.1884765625,12838.88798968026,12630.689951310193,12769.48896344474,27286
2021-03-18,13289.984375,13359.383400378074,12908.2868564301,12908.2868564301,157530
2021-03-19,13671.6806640625,13741.079688070817,13324.683624693966,13324.683624693966,152574
2021-03-22,13428.7822265625,13810.478779807068,13289.984177865188,13810.478779807068,50338
2021-03-23,13185.884765625,13428.782312055151,12873.587234740882,13394.082799659916,108932
2021-03-24,12838.8876953125,13047.08572890904,12595.990149393783,12595.990149393783,86673
2021-03-25,13185.884765625,13289.9842624742,12700.088713101206,12700.088713101206,72527
2021-03-26,13185.884765625,13185.884765625,12630.68968831073,13185.884765625,38869
2021-03-29,13116.4853515625,13185.884374293346,12873.58685267762,13185.884374293346,52066
2021-03-30,13532.8818359375,13671.680845459205,13081.78529490784,13116.485767035882,248281
2021-03-31,13949.27734375,14365.674355566152,13532.881291597298,13636.979824803748,305870
2021-04-01,14088.0771484375,14469.773711216543,14018.678122355312,14469.773711216543,121025
2021-04-02,14157.4755859375,14261.57508039646,14018.677539543509,14122.776074339004,182777
2021-04-05,15129.0673828125,15129.0673828125,14573.872328736546,14573.872328736546,252147
2021-04-06,16031.259765625,16100.65974847278,15406.66471831231,15684.262730376498,350969
2021-04-07,15961.8603515625,16065.95984971192,15614.863303949098,16065.95984971192,180894
2021-04-08,15823.0615234375,16031.259549851658,15718.962030398694,15996.56003872654,96684
2021-04-09,15580.1630859375,15823.061584071009,15476.064552163243,15823.061584071009,159158
2021-04-12,16239.4580078125,16239.4580078125,15580.163440261387,15614.862952308607,224138
2021-04-13,16378.255859375,17072.249930641705,16308.856836113717,16725.252895008354,256409
2021-04-14,17523.34765625,17523.34765625,15961.860015228462,15961.860015228462,245831
2021-04-15,17905.044921875,18390.84002991778,17315.149354066096,17523.348354271307,188837
2021-04-16,18182.640625,18529.63767140048,17453.94701949171,17905.044523341217,199641
2021-04-19,18807.234375,18911.33290583028,18182.63935136462,18252.040291245,219763
2021-04-20,18807.234375,19605.32695001917,18321.43931179852,19084.83237654093,336654
2021-04-21,18807.234375,18807.234375,18807.234375,18807.234375,0
2021-04-22,17558.046875,18876.63407065521,17523.34736348225,18807.23504761972,240295
2021-04-23,18703.13671875,18703.13671875,17106.949574745242,17315.148565468277,151483
2021-04-26,18147.94140625,18703.13745721453,17558.047761343092,18599.03699807929,201015
2021-04-27,18113.2421875,18147.941701333617,17558.048046835098,17766.245129836792,162273
2021-04-28,19084.833984375,19084.833984375,17558.047726263485,17696.845779063795,279815
2021-04-29,19050.134765625,19050.134765625,18390.840165979032,18390.840165979032,309976
2021-04-30,19050.134765625,19050.134765625,19050.134765625,19050.134765625,0
2021-05-03,19050.134765625,19050.134765625,19050.134765625,19050.134765625,0
2021-05-04,18321.439453125,18599.03553748037,17905.04340726507,18390.83847421384,97704
2021-05-05,18182.640625,18668.43764155686,18182.640625,18252.04156974169,295986
2021-05-06,17905.044921875,18529.63808383657,17905.044921875,18182.64102971257,135426
2021-05-07,17835.642578125,18043.841562017344,17627.44551355954,18043.841562017344,57489
2021-05-10,17280.44921875,17800.943821542496,17211.05019428793,17349.84824321207,103495
2021-05-11,17835.642578125,18182.639605060984,17141.648524253036,17211.04946510174,63068
2021-05-12,17592.74609375,17974.442633420196,17523.3470718694,17766.2436484515,63068
2021-05-13,18737.8359375,18737.8359375,17592.746304755343,17592.746304755343,264522
2021-05-14,18946.033203125,19084.833169324644,18599.036166616297,18807.235156252293,110009
2021-05-17,18703.13671875,19293.03034036587,18390.83919232892,19293.03034036587,97760
2021-05-18,18043.841796875,18460.23785075259,17974.442774449886,18390.83882832748,105945
2021-05-19,18252.041015625,18425.5385738945,17905.043979759066,18043.842026374667,117471
2021-05-20,18043.841796875,18252.04078347725,17835.642810272748,18252.04078347725,124537
2021-05-21,18078.541015625,18252.04048820793,17905.043462368943,18043.84150497379,127723
2021-05-24,18078.541015625,18252.04048820793,17974.442483671366,18078.541015625,78828
2021-05-25,18599.037109375,18911.33464999544,17419.247893174357,18113.242001369334,298039
2021-05-26,19882.92578125,19882.92578125,18633.737601179026,18633.737601179026,242192
2021-05-27,21270.9140625,21270.9140625,20819.818487889643,21270.9140625,305643
2021-05-28,22138.40625,22277.20622055617,21097.415107800207,21860.81014754165,276063
2021-05-31,22763.0,22763.0,21097.41388514073,21722.008918128813,231770
2021-06-01,22554.802734375,22901.799788103555,22416.00468061439,22693.602707462644,128105
2021-06-02,21617.912109375,22069.007705021115,21305.61456798091,21513.813568685982,164907
2021-06-03,22207.8046875,22381.3041662688,21166.81549219504,21722.00960173589,215161
2021-06-04,23179.396484375,23248.795507271563,22069.00636004923,22207.80440584235,197914
2021-06-07,22728.30078125,23109.99732424134,21722.009197244864,23109.99732424134,1486941
2021-06-08,22728.30078125,22728.30078125,22728.30078125,22728.30078125,0
2021-06-09,21583.2109375,21860.80894400228,20195.22282431549,21028.01492449544,1284028
2021-06-10,21028.015625,21513.81263239403,20819.81855268281,20819.81855268281,974491
2021-06-11,21097.4140625,21583.211056386623,20819.81797379553,21028.015040323884,1403256
2021-06-14,21097.4140625,21513.81203421051,20854.517484883592,21513.81203421051,1446302
2021-06-15,20819.818359375,21166.815396008813,20750.41741658669,21097.4144532205,799615
2021-06-16,20195.22265625,20819.817685850503,20125.823635033696,20264.621677466304,1123171
2021-06-17,20125.82421875,20195.22324197911,19674.72672910692,20056.42519552089,574329
2021-06-18,20681.01953125,20750.418558530564,20334.022475520127,20334.022475520127,419985
2021-06-21,20438.12109375,20750.416688366407,20334.020642884327,20750.416688366407,363204
2021-06-22,20507.521484375,20611.620022866045,20195.22394957486,20542.22099720535,976615
2021-06-23,20334.021484375,20611.61949929329,20334.021484375,20403.42050827284,399453
2021-06-24,20229.923828125,20472.8223416556,20160.524801209696,20472.8223416556,349610
2021-06-25,20299.322265625,20472.821747202528,19778.827659546376,20160.52421582456,470112
2021-06-28,20681.01953125,20750.418558530564,20334.022475520127,20472.822449408304,658298
2021-06-29,21166.81640625,21513.813459445148,20785.11983966804,20785.11983966804,944188
2021-06-30,21028.015625,21236.21461664416,20854.518064735672,21166.81559253842,397754
2021-07-01,21305.61328125,21513.81226938111,20681.0182361836,21028.015270184165,823545
2021-07-02,21756.708984375,21791.40849605724,21270.91390149683,21444.411459907988,2645654
2021-07-05,21756.708984375,21756.708984375,21756.708984375,21756.708984375,0
2021-07-06,21756.708984375,21756.708984375,21756.708984375,21756.708984375,0
2021-07-07,21756.708984375,21756.708984375,21756.708984375,21756.708984375,0
2021-07-08,21756.708984375,21756.708984375,21756.708984375,21756.708984375,0
2021-07-09,20056.42578125,20611.619902623734,19431.83071529344,20125.824806505843,826377
2021-07-12,20056.42578125,20056.42578125,20056.42578125,20056.42578125,0
2021-07-13,19501.228515625,20681.01762884959,19084.832470917903,19501.228515625,314493
2021-07-14,19501.228515625,19501.228515625,19501.228515625,19501.228515625,0
2021-07-15,18807.234375,18911.33290583028,18460.23735290555,18460.23735290555,480873
2021-07-16,18807.234375,18807.234375,18807.234375,18807.234375,0
2021-07-19,18009.142578125,18703.1366523002,17453.946551054072,18633.737628748066,1152482
2021-07-20,17905.044921875,18043.842975793785,17349.848867545792,17558.047867751004,320299
2021-07-21,17870.341796875,18217.338818140863,17835.6422866811,17835.6422866811,378072
2021-07-22,18737.8359375,18737.8359375,17835.642884250716,17870.342395607197,432871
2021-07-23,18043.841796875,18737.83585977996,18043.841796875,18078.541308087555,510751
2021-07-26,18043.841796875,18043.841796875,17349.847733970044,18043.841796875,690866
2021-07-27,17280.44921875,18182.64037541085,17280.44921875,18182.64037541085,1429452
2021-07-28,17176.349609375,17523.346629341973,17176.349609375,17349.847159695062,355274
2021-07-29,18043.841796875,18043.841796875,17141.648747367795,17141.648747367795,485971
2021-07-30,18321.439453125,18390.83847421384,17696.844424671668,17939.74291780949,1027732
2021-08-02,17905.044921875,18321.44100295839,17905.044921875,18321.44100295839,565692
2021-08-03,18737.8359375,18841.93447156945,17905.043826290595,17905.043826290595,1470657
2021-08-04,18737.8359375,18737.8359375,18737.8359375,18737.8359375,0
2021-08-05,19119.533203125,19293.030766453445,18668.437619144057,18841.93518247249,515424
2021-08-06,18703.13671875,19223.63131656717,18703.13671875,19223.63131656717,675998
2021-08-09,18807.234375,18807.234375,18564.33588373583,18703.135844169723,554505
2021-08-10,18807.234375,18807.234375,18807.234375,18807.234375,0
2021-08-11,18494.9375,18703.13648815612,18460.237988528468,18529.63701147153,424516
2021-08-12,18529.63671875,18703.13619269373,18390.83867505653,18425.53818597989,821280
2021-08-13,18252.041015625,18599.036132164,18113.241049682467,18390.8390622406,258703
2021-08-16,18425.5390625,18529.63760022217,18113.24153000651,18460.238575074058,690866
2021-08-17,18425.5390625,18425.5390625,18425.5390625,18425.5390625,0
2021-08-18,18252.041015625,18529.6371088562,18217.339584644164,18252.041015625,417720
2021-08-19,17974.443359375,18286.74088977772,17905.044334691498,18286.74088977772,721168
2021-08-20,17280.44921875,18043.842326486712,17141.649250498893,17974.44330202464,680529
2021-08-23,16655.853515625,17419.246593830732,16586.454493847552,17002.85054383914,757843
2021-08-24,16725.25390625,17002.85193540619,16655.854878792714,16725.25390625,398745
2021-08-25,17072.25,17072.25,16725.252962956925,16794.65198650015,232507
2021-08-26,16829.353515625,17488.64616245279,16829.353515625,17280.44909061042,304440
2021-08-27,17072.25,17211.049966413393,16759.95247472854,16759.95247472854,360938
2021-08-30,17696.845703125,18043.842752963807,16968.152090396212,17106.95014260093,1399857
2021-08-31,17592.74609375,17974.442633420196,17592.74609375,17974.442633420196,1735591
2021-09-01,17384.546875,17627.44536764258,17349.847364526326,17592.74585716891,294244
2021-09-02,17384.546875,17384.546875,17384.546875,17384.546875,0
2021-09-03,17384.546875,17384.546875,17384.546875,17384.546875,0
2021-09-06,17315.1484375,17523.347426684337,17141.648959958566,17523.347426684337,299342
2021-09-07,18043.841796875,18286.740294689807,17072.24972494268,17280.44871154493,1868695
2021-09-08,18043.841796875,18043.841796875,18043.841796875,18043.841796875,0
2021-09-09,17662.146484375,17766.245025263113,17349.848942383618,17766.245025263113,235056
2021-09-10,17905.044921875,18182.64102971257,17488.646921464577,17662.146408190092,759542
2021-09-13,17696.845703125,18009.143239912624,17592.747163971464,17905.04470075909,175584
2021-09-14,17766.244140625,17766.244140625,17523.347557314002,17662.145604920286,302740
2021-09-15,17696.845703125,17766.24472922736,17419.247679388554,17766.24472922736,286456
2021-09-16,17488.646484375,17800.944017214122,17488.646484375,17558.047428926908,848467
2021-09-17,18043.841796875,18043.841796875,17419.246756395158,17419.246756395158,947587
2021-09-20,17558.046875,18043.8419555754,17488.645932637577,17974.442932539903,891513
2021-09-21,17558.046875,17558.046875,17558.046875,17558.046875,0
2021-09-22,17558.046875,17558.046875,17558.046875,17558.046875,0
2021-09-23,16864.052734375,17592.74631180704,16864.052734375,17072.249802597344,1091736
2021-09-24,16690.552734375,17211.049227249285,16690.552734375,17176.349716967914,114087120
2021-09-27,16517.056640625,16933.452720075937,16447.65761393768,16933.452720075937,608880
2021-09-28,16551.755859375,16551.755859375,15371.965709044292,16517.056346648933,256012
2021-09-29,16308.857421875,16482.356905586683,16239.458396121128,16239.458396121128,217780
2021-09-30,16378.255859375,16655.85387174707,16100.659766329863,16655.85387174707,173601
2021-10-01,15857.76171875,16412.955840032788,15614.86321106735,16378.25632741055,231374
2021-10-04,15337.265625,15718.962170095392,15198.46661960255,15649.5631472284,57999360
2021-10-05,15545.4638671875,15788.361410227984,15267.866812236012,15267.866812236012,817456
2021-10-06,15545.4638671875,15545.4638671875,15545.4638671875,15545.4638671875,0
2021-10-07,15302.56640625,15545.463950593708,15267.866894152825,15545.463950593708,544876
2021-10-08,15302.56640625,15302.56640625,15302.56640625,15302.56640625,0
2021-10-11,15302.56640625,15302.56640625,15302.56640625,15302.56640625,0
2021-10-12,16100.66015625,16447.657200286805,15996.560659173563,16447.657200286805,314352
2021-10-13,16031.259765625,16239.457794841408,15996.560254032842,16239.457794841408,426357
2021-10-14,16031.259765625,16031.259765625,16031.259765625,16031.259765625,0
2021-10-15,16170.05859375,16517.05562518075,16170.05859375,16378.255661012305,299908
2021-10-18,16170.05859375,16170.05859375,16170.05859375,16170.05859375,0
2021-10-19,16447.65625,16447.65625,16031.259245415671,16100.659226011445,255021
2021-10-20,16239.4580078125,16482.356511470003,16135.359471670838,16482.356511470003,370142
2021-10-21,16100.66015625,16308.857231075895,15961.86018703909,16308.857231075895,324264
2021-10-22,16239.4580078125,16274.15751985972,15996.560463818474,16274.15751985972,238171
2021-10-25,16239.4580078125,16239.4580078125,16239.4580078125,16239.4580078125,0
2021-10-26,16239.4580078125,16239.4580078125,16239.4580078125,16239.4580078125,0
2021-10-27,16239.4580078125,16239.4580078125,16239.4580078125,16239.4580078125,0
2021-10-28,16378.255859375,16586.454848485784,16239.457812852434,16308.856836113717,296368
2021-10-29,15614.86328125,16551.75588424234,15614.86328125,16100.660298798766,873247
2021-11-01,15614.86328125,15614.86328125,15614.86328125,15614.86328125,0
2021-11-02,17280.44921875,17280.44921875,15996.560548557309,16239.45809383804,1311499
2021-11-03,18009.142578125,18217.33964878139,17349.848015725875,17523.347493933143,1848304
2021-11-04,17731.544921875,17974.443428528735,17627.44638444925,17974.443428528735,1188732
2021-11-05,17558.046875,17974.442932539903,17488.645932637577,17627.445898035494,697663
2021-11-08,17488.646484375,17696.845479376745,17002.85138847358,17002.85138847358,806836
2021-11-09,17696.845703125,17800.94424227854,17558.047650920285,17662.14619007382,952118
2021-11-10,18043.841796875,18217.339352937783,17835.642810272748,17835.642810272748,1095417
2021-11-11,18321.439453125,18529.63651639153,17766.243445760512,18113.2404705316,1701324
2021-11-12,19570.62890625,19570.62890625,18390.83971045317,18529.63776196092,2007746
2021-11-15,19848.2265625,20334.021653143813,19362.431471856187,20334.021653143813,707008
2021-11-16,19570.62890625,19917.62595434636,19501.22988049613,19570.62890625,645554
2021-11-17,19223.630859375,19570.62788944286,18946.03285145533,19431.82984514648,932719
2021-11-18,18599.037109375,19362.4321638511,18599.037109375,19293.031217569973,1018812
2021-11-19,19293.03125,19535.929764074644,18737.83711410701,18807.23614117775,1845897
2021-11-22,19223.630859375,20091.124394208106,19223.630859375,20021.72345273301,1783735
2021-11-23,19084.833984375,19362.432009302644,18737.8369330472,19223.63203717531,335592
2021-11-24,20403.419921875,20403.419921875,19050.133236780053,19050.133236780053,4139251
2021-11-25,20299.322265625,20923.91732838093,20125.82470337445,20923.91732838093,1393202
2021-11-26,19987.025390625,20785.11996116805,19917.626363445703,20472.822419534168,1338544
2021-11-29,19674.7265625,20091.12453700244,19431.829983254986,19917.625061071936,778516
2021-11-30,19015.43359375,20125.823694470808,18460.23758372616,19709.427646616365,1346616
2021-12-01,18980.734375,19431.8299405038,18807.234899451207,18807.234899451207,433154
2021-12-02,19293.03125,19778.82827814929,19015.435141717026,19119.53368232314,690583
2021-12-03,18737.8359375,19570.628048709405,18737.8359375,18980.73443632229,394780
2021-12-06,17488.646484375,18737.83661573149,17453.94697176254,18460.23859550483,1250328
2021-12-07,17766.244140625,18043.84215516452,17523.347557314002,17558.047069215572,537513
2021-12-08,18529.63671875,18703.13619269373,17870.342172552224,18009.14213557259,785455
2021-12-09,18807.234375,19293.029438201484,18529.63637345907,18529.63637345907,701486
2021-12-10,18599.037109375,19015.435109753613,18564.33759589796,18599.037109375,453403
2021-12-13,18356.140625,18841.93573591587,18356.140625,18599.037220794413,763365
2021-12-14,18599.037109375,18737.83708261021,17974.44394746115,18356.140515035684,994881
2021-12-15,18356.140625,18668.43816749129,18286.741597630167,18668.43816749129,247375
2021-12-16,18043.841796875,18668.43683735484,18043.841796875,18390.83882832748,470678
2021-12-17,18043.841796875,18147.94033051267,17870.342321485306,18147.94033051267,1214644
2021-12-20,18356.140625,18460.239166054747,18043.84308250871,18043.84308250871,515990
2021-12-21,18564.3359375,18633.736877581367,18252.04034410473,18564.3359375,800323
2021-12-22,18946.033203125,19188.93170447917,18529.637143179945,18564.33665489812,994598
2021-12-23,20264.623046875,20264.623046875,18807.23582554021,19223.63190030344,5669947
2021-12-24,21652.611328125,21652.611328125,20542.22115124631,21409.712817164127,4962655
2021-12-27,23144.697265625,23144.697265625,21652.61057717161,21652.61057717161,2024880
2021-12-28,24636.783203125,24740.881735613297,23595.79212026138,24740.881735613297,3651580
2021-12-29,23734.59375,26024.773141563728,23734.59375,26024.773141563728,2719711
2021-12-30,23456.994140625,24289.78624144601,23387.59511877773,24289.78624144601,2138018
2021-12-31,23387.595703125,24012.18883468299,23387.595703125,23595.792773868685,2347869
2022-01-03,23387.595703125,23387.595703125,23387.595703125,23387.595703125,0
2022-01-04,23526.39453125,23942.790605886647,23109.99845661336,23248.796508383235,2139292
2022-01-05,23803.9921875,24220.388255723527,23352.896606868424,23561.093681316703,2181489
2022-01-06,23734.59375,23942.790829600144,23387.59669800607,23942.790829600144,1317446
2022-01-07,23179.396484375,23942.78957489104,23179.396484375,23387.59547239161,1195812
2022-01-10,22693.6015625,23456.994658321863,22242.50599121016,23248.7956688582,2100069
2022-01-11,22936.498046875,23526.393581743283,22554.8015005858,22554.8015005858,1412743
2022-01-12,23456.994140625,23456.994140625,22554.80109862982,23005.898579290857,1097116
2022-01-13,23734.59375,24532.68639378793,23734.59375,24012.18985613353,1568644
2022-01-14,23491.6953125,23734.59382546617,22901.799746436587,23318.197745614896,722584
2022-01-17,22832.400390625,23561.09399969465,22416.004316774764,23456.99546106385,762232
2022-01-18,22450.703125,22867.099185780968,21652.610515225897,21652.610515225897,698796
2022-01-19,22450.703125,22797.700162205296,21930.208528855524,22450.703125,373257
2022-01-20,22624.203125,22901.799225704293,21930.209034585296,22450.70364273283,384302
2022-01-21,23179.396484375,23248.795507271563,22207.80440584235,22693.601404772136,678688
2022-01-24,23456.994140625,23665.1931254937,22867.098616269424,22901.79812719306,862910
2022-01-25,24220.388671875,24220.388671875,23387.59652111902,23456.99554712752,911620
2022-01-26,24463.287109375,24567.38564807772,23942.790577207405,24289.787625543468,1120056
2022-01-27,24497.986328125,24532.68584060926,23803.99223978576,24289.78733389244,426074
2022-01-28,25990.072265625,26198.2712536362,23665.193482689097,24636.783641869544,4167854
2022-01-31,25990.072265625,25990.072265625,25990.072265625,25990.072265625,0
2022-02-01,25990.072265625,25990.072265625,25990.072265625,25990.072265625,0
2022-02-02,25990.072265625,25990.072265625,25990.072265625,25990.072265625,0
2022-02-03,25990.072265625,25990.072265625,25990.072265625,25990.072265625,0
2022-02-04,25990.072265625,25990.072265625,25990.072265625,25990.072265625,0
2022-02-07,24949.08203125,26163.57073209477,24289.78745218425,26163.57073209477,1198927
2022-02-08,24775.583984375,25261.379071365,24359.186002009912,24949.08154425466,1548537
2022-02-09,24150.98828125,24706.18237727455,23665.19320731266,24706.18237727455,2706400
2022-02-10,24289.787109375,24983.78119129945,24220.388085047947,24983.78119129945,1194962
2022-02-11,24844.982421875,24844.982421875,24150.9883600838,24185.68787124067,1231353
2022-02-14,25365.478515625,25538.97800104459,24671.484412600686,24844.98389802028,3196336
2022-02-15,25365.478515625,25365.478515625,25365.478515625,25365.478515625,0
2022-02-16,24844.982421875,26232.9705454574,24844.982421875,26232.9705454574,1319004
2022-02-17,25053.1796875,25330.77769828335,24324.48610877304,24706.182653852546,797349
2022-02-18,24949.08203125,25122.581513843248,24775.584467983743,25053.180569209755,721452
2022-02-21,24497.986328125,24983.78142223168,24289.78733389244,24914.382397263147,833599
2022-02-22,24289.787109375,24914.3821669724,24289.787109375,24428.587077356067,611995
2022-02-23,22901.798828125,24775.58399131165,22901.798828125,24289.78698485869,491918
2022-02-24,23318.197265625,24428.58742881409,22971.20021967047,23734.59333690504,1430726
2022-02-25,24220.388671875,24428.5876692275,23456.99554712752,23456.99554712752,693981
2022-02-28,23491.6953125,24636.785011922773,22554.80269333935,24636.785011922773,725841
2022-03-01,23491.6953125,23769.2933388432,23387.59677236893,23561.09433925404,558328
2022-03-02,22207.8046875,23803.99183099972,22207.8046875,23803.99183099972,955375
2022-03-03,22242.505859375,22901.798496893825,22242.505859375,22450.702928277704,960048
2022-03-04,21860.810546875,23595.79389624075,21860.810546875,22311.90614093701,2419802
2022-03-07,23144.697265625,23144.697265625,21999.607615369627,22069.00663914384,1564255
2022-03-08,23005.8984375,23214.09550175864,22762.999943204704,22762.999943204704,727399
2022-03-09,24116.2890625,24428.586585004425,22971.199426201714,23005.898937665883,792676
2022-03-10,23803.9921875,24081.590206091343,23595.79319372475,23734.59316268391,240436
2022-03-11,24567.384765625,24636.783788934023,23942.789717189946,24150.98870644394,892363
2022-03-14,25400.177734375,25538.977704966943,24220.388540641965,24255.0880534582,1581530
2022-03-15,25677.775390625,25747.17441526935,24914.38228088319,25538.977341336296,1170607
2022-03-16,25990.072265625,26094.17079996713,24983.78067567025,25677.774743271668,850166
2022-03-17,25573.67578125,25677.77431385125,25191.979242385187,25469.57532932185,391807
2022-03-18,24983.78125,25816.573382535244,24983.78125,25573.676796819866,397612
2022-03-21,25122.580078125,25955.372172864176,24740.88162209876,25191.97909946545,885283
2022-03-22,25157.28125,26024.772912692275,24983.781765865344,25643.07635078844,1168908
2022-03-23,25643.076171875,25781.87422275272,25157.28107447599,25434.877176231428,680246
2022-03-24,25157.28125,25677.775863749965,25122.581737038472,25122.581737038472,332335
2022-03-25,25538.9765625,25885.97359446671,25053.17956615045,25053.17956615045,651076
2022-03-28,25504.27734375,25608.375878735867,25122.58079614155,25608.375878735867,375240
2022-03-29,26024.771484375,26024.771484375,25330.77742457885,25643.074943419808,3925435
2022-03-30,25955.373046875,25955.373046875,25365.477506963496,25885.974023197632,1817152
2022-03-31,25608.376953125,25885.974977394097,25608.376953125,25885.974977394097,396763
2022-04-01,25816.572265625,25885.97320643956,25469.575238859725,25538.97617967429,573763
2022-04-04,25469.576171875,26094.17122679837,25469.576171875,26094.17122679837,517831
2022-04-05,25191.98046875,25469.57656920026,25191.98046875,25191.98046875,521229
2022-04-06,25296.078125,25330.777636347208,24983.780603548195,25330.777636347208,451420
2022-04-07,25018.48046875,25330.777994618853,25018.48046875,25157.280435428904,402993
2022-04-08,24359.185546875,25296.07811070081,24220.38750156462,24706.182579477863,851865
2022-04-11,24359.185546875,24359.185546875,24359.185546875,24359.185546875,0
2022-04-12,23456.994140625,24359.18526329328,23456.994140625,24289.78624144601,474643
2022-04-13,23665.193359375,23734.592381908136,23248.79538552237,23248.79538552237,336016
2022-04-14,23456.994140625,23734.59214734097,23456.994140625,23734.59214734097,207585
2022-04-15,23109.998046875,23595.79313878348,23040.5990222205,23595.79313878348,408940
2022-04-18,21964.908203125,23040.598834485965,21722.009699486407,22450.703291075224,552948
2022-04-19,21756.708984375,22277.205498262338,21583.211425963847,21583.211425963847,318741
2022-04-20,21722.009765625,22485.402871582693,21722.009765625,21826.10830207552,321715
2022-04-21,21305.61328125,22693.60141725225,21097.41429311889,21166.815235380545,266208
2022-04-22,22069.005859375,22207.80390201925,21166.814743533632,21375.011807500003,284616
2022-04-25,21028.015625,22034.307232513973,20542.220536932928,21756.70921676409,503671
2022-04-26,21340.3125,21340.3125,19813.526339070664,20403.41994525141,245251
2022-04-27,21375.01171875,21409.711229266988,20368.720155776733,21166.81465564807,93739
2022-04-28,20819.818359375,21791.40852648813,20472.821322741183,21375.01246639294,208576
2022-04-29,20819.818359375,21270.91393120088,20819.818359375,21270.91393120088,181672
2022-05-02,20819.818359375,20819.818359375,20819.818359375,20819.818359375,0
2022-05-03,20819.818359375,20819.818359375,20819.818359375,20819.818359375,0
2022-05-04,20368.720703125,21166.815224442733,20334.021191675565,21166.815224442733,125032
2022-05-05,20785.119140625,20819.8186528448,20368.721155333453,20819.8186528448,86376
2022-05-06,20542.220703125,20750.417777126564,20368.72122213005,20646.31924012578,243268
2022-05-09,20403.419921875,20681.01792881508,19119.53225868335,20056.424812358524,499564
2022-05-10,20403.419921875,20681.01792881508,19570.627820381666,19848.22582732174,201638
2022-05-11,21826.107421875,21826.107421875,19709.42766944093,20403.41980378409,413613
2022-05-12,21930.208984375,22520.10261634802,21722.00998999648,21826.108527522247,391807
2022-05-13,21722.009765625,21930.20875785299,20819.81861106662,21826.10830207552,296227
2022-05-16,21583.2109375,22554.801081267644,21583.2109375,21722.008981087696,346778
2022-05-17,21860.810546875,22173.10616784537,20091.125764741064,21236.21546628019,222170
2022-05-18,21860.810546875,22554.80273502508,21583.212520018747,22554.80273502508,161848
2022-05-19,21097.4140625,21895.508575506057,20819.81797379553,21513.81203421051,203479
2022-05-20,21444.412109375,21513.81305416828,20403.42096939973,21513.81305416828,145706
2022-05-23,21409.712890625,21687.31091562892,20646.31976135949,21444.412403834613,349468
2022-05-24,21930.208984375,21999.60800939218,21444.411970600773,21722.00998999648,387417
2022-05-25,22554.802734375,22554.802734375,21756.71008659743,22173.106167206293,241852
2022-05-26,22554.802734375,22693.602707462644,22277.206626853786,22554.802734375,130413
2022-05-27,23665.193359375,23977.488960774102,22520.10181027064,22554.8013215372,806978
2022-05-30,23595.79296875,24289.787048947965,23318.19687213238,24289.787048947965,195974
2022-05-31,23040.599609375,23422.29617402868,22763.001584355865,22763.001584355865,87084
2022-06-01,22554.802734375,22971.200734310893,22381.30516717424,22971.200734310893,106766
2022-06-02,22554.802734375,22554.802734375,22554.802734375,22554.802734375,0
2022-06-03,21860.810546875,22450.704194701622,21548.5130065776,22416.00468126047,137776
2022-06-06,21826.107421875,21930.20787345433,21305.612841285907,21305.612841285907,173318
2022-06-07,21166.81640625,21826.109079926457,20889.218379828475,21826.109079926457,155052
2022-06-08,21583.2109375,21583.2109375,20889.216880907745,21513.811915706152,317042
2022-06-09,21062.71484375,21652.610379088204,20889.21728590166,21652.610379088204,379063
2022-06-10,21097.4140625,21340.312559443315,21028.015040323884,21097.4140625,299767
2022-06-13,21444.412109375,21860.810100826704,20819.81896085144,21236.215032976143,514574
2022-06-14,21722.009765625,21791.408789925343,21513.81269272397,21756.70927777517,236330
2022-06-15,21305.61328125,21791.40836112002,21166.815235380545,21791.40836112002,224436
2022-06-16,21236.21484375,21375.012893445804,21166.815818902098,21166.815818902098,676423
2022-06-17,21756.708984375,21756.708984375,21201.51487813237,21236.2143898146,1795771
2022-06-20,21791.408203125,22589.50271906869,21756.70869190922,22207.80425704128,244826
2022-06-21,21860.810546875,21964.90908719845,21479.112060368258,21583.212520018747,437119
2022-06-22,21999.607421875,22069.006445038824,21305.6133515829,21305.6133515829,777950
2022-06-23,22103.70703125,22173.10605778784,21860.810438367567,22173.10605778784,401152
2022-06-24,21826.107421875,22138.40493795921,21548.51133586849,22138.40493795921,135652
2022-06-27,21826.107421875,22034.306405706768,21513.811825117675,22034.306405706768,161565
2022-06-28,23283.49609375,23283.49609375,21652.61130307296,22034.30786595441,386992
2022-06-29,22207.8046875,23214.096290243546,22207.8046875,23214.096290243546,389683
2022-06-30,22207.8046875,22763.0007163678,22069.006639946525,22763.0007163678,896611
2022-07-01,22485.40234375,22485.40234375,21791.408278383784,21895.50873171756,587923
2022-07-04,22485.40234375,22728.300842426248,22242.505764400667,22728.300842426248,99120
2022-07-05,22554.802734375,22658.90319402249,22346.60565373409,22554.802734375,591463
2022-07-06,22207.8046875,22554.80172571064,20993.31601342624,22554.80172571064,156326
2022-07-07,21756.708984375,22173.10504388871,21722.00947269277,21722.00947269277,197532
2022-07-08,21617.912109375,21895.51013720609,21583.212595812,21583.212595812,205603
2022-07-11,21270.9140625,21652.610613220604,21166.815526665367,21652.610613220604,287164
2022-07-12,21270.9140625,21270.9140625,21270.9140625,21270.9140625,0
2022-07-13,21444.412109375,21652.61110510085,21444.412109375,21548.512566901423,186770
2022-07-14,21340.3125,21583.21099626672,21305.6129890086,21583.21099626672,231374
2022-07-15,21479.111328125,21513.81275971018,21236.21474231751,21340.313279092148,319732
2022-07-18,21270.9140625,21479.111134169263,21270.9140625,21305.61357444488,174876
2022-07-19,21305.61328125,21444.41132711946,21166.815235380545,21236.214258315274,288297
2022-07-20,21340.3125,21513.81197428391,21132.11351472468,21201.514456034387,230666
2022-07-21,21305.61328125,21479.11083858682,21166.815235380545,21479.11083858682,225285
2022-07-22,21375.01171875,21479.110250300964,21201.51416616506,21375.01171875,127015
2022-07-25,21166.81640625,21444.41251334449,21062.71594676253,21375.01348657087,199231
2022-07-26,20889.216796875,21340.31235604724,20819.81777536033,21028.01483990434,288297
2022-07-27,20819.818359375,20923.91689456706,20785.11884764432,20854.517871105687,109598
2022-07-28,20785.119140625,21097.414750603213,20750.417709078232,20819.8186528448,509476
2022-07-29,20819.818359375,20958.61640629775,20646.31888139462,20889.21738283637,600242
2022-08-01,20923.91796875,21166.81648266157,20750.41848186258,21166.81648266157,300758
2022-08-02,21028.015625,21097.414649105733,20819.81855268281,20958.61660089427,441792
2022-08-03,21375.01171875,21617.910211695787,21028.01469425325,21028.01469425325,567957
2022-08-04,21201.515625,21513.813160468348,21132.11467986381,21375.013189522968,156751
2022-08-05,21097.4140625,21236.21402617914,20854.517484883592,21236.21402617914,309396
2022-08-08,20958.6171875,21097.41523959625,20750.418190028617,21097.41523959625,601658
2022-08-09,20958.6171875,21062.715726572187,20750.418190028617,20923.91767447594,475209
2022-08-10,20819.818359375,21062.71494148981,20819.818359375,20889.21738283637,398320
2022-08-11,20819.818359375,21028.015429759125,20785.11884764432,20993.31591802844,164680
2022-08-12,20785.119140625,20819.8186528448,20750.417709078232,20750.417709078232,205178
2022-08-15,20819.818359375,20958.61640629775,20819.818359375,20923.91689456706,333892
2022-08-16,20819.818359375,20958.61640629775,20750.41741658669,20750.41741658669,162556
2022-08-17,20819.818359375,20854.517871105687,20785.11884764432,20854.517871105687,257004
2022-08-18,20750.41796875,20854.51842603909,20750.41796875,20819.818913385057,220471
2022-08-19,20611.619140625,20819.818128022533,20576.9196292799,20750.41718600541,355416
2022-08-22,20750.41796875,21097.41501461732,20681.018943441934,20681.018943441934,399878
2022-08-23,20889.216796875,20923.91630763233,20681.017813004102,20750.41683451877,162273
2022-08-24,20819.818359375,20958.61640629775,20750.41741658669,20958.61640629775,209992
2022-08-25,20750.41796875,20819.818913385057,20681.018943441934,20819.818913385057,217497
2022-08-26,21652.611328125,21860.810325995324,20785.119662207184,20785.119662207184,2544552
2022-08-29,21479.111328125,21617.91129648482,20958.61672492484,21617.91129648482,747648
2022-08-30,21166.81640625,21513.813459445148,21166.81640625,21513.813459445148,576736
2022-08-31,21062.71484375,21270.91383249493,20958.616309041,21097.414355319663,587215
2022-09-01,21062.71484375,21062.71484375,21062.71484375,21062.71484375,0
2022-09-02,21062.71484375,21062.71484375,21062.71484375,21062.71484375,0
2022-09-05,21028.015625,21375.01266485561,20854.518064735672,21340.313152802748,567249
2022-09-06,21028.015625,21201.515104591286,20923.917088841405,20993.316112947134,414321
2022-09-07,21062.71484375,21166.81529778593,20819.81826276233,20958.616309041,612561
2022-09-08,21270.9140625,21270.9140625,20958.61653566916,21132.11409539354,663820
2022-09-09,21236.21484375,21340.313381021853,21097.414874727216,21270.91435617395,422109
2022-09-12,21132.11328125,21305.612753617035,21097.413770641968,21305.612753617035,166804
2022-09-13,21444.412109375,21930.20912629299,21028.01603725029,21132.11457544972,564700
2022-09-14,22936.498046875,22936.498046875,21132.11385005506,21132.11385005506,3782136
2022-09-15,24497.986328125,24532.68584060926,23109.99815144652,23595.793245553195,2775501
2022-09-16,23665.193359375,24983.78054548529,23526.39339498182,24602.084002226136,1960168
2022-09-19,24220.388671875,24428.5876692275,23734.59357048852,23873.391622505507,2921491
2022-09-20,24497.986328125,24636.784378062053,24255.08782140817,24289.78733389244,1320136
2022-09-21,23942.7890625,24567.384093856177,23734.591998265863,24497.9850724448,1120480
2022-09-22,24324.486328125,24324.486328125,23942.78977960345,23942.78977960345,891655
2022-09-23,24081.58984375,24567.38492948015,24046.89033186406,24567.38492948015,589764
2022-09-26,24359.185546875,24914.38156677035,23734.59242365137,23734.59242365137,1893050
2022-09-27,24636.783203125,24914.381209087343,24567.38418146613,24567.38418146613,872964
2022-09-28,24289.787109375,24810.283630481823,24289.787109375,24810.283630481823,999554
2022-09-29,25504.27734375,25504.27734375,24081.589688302065,24081.589688302065,3974853
2022-09-30,23734.59375,25261.380011042485,23734.59375,24983.781985581936,1545564
2022-10-03,23109.998046875,24012.189206037456,23109.998046875,23734.59310741945,1128976
2022-10-04,22554.802734375,23734.59386864831,22554.802734375,23179.397814951808,986244
2022-10-05,24116.2890625,24116.2890625,23109.99747205838,23179.39649498672,619783
2022-10-06,25643.076171875,25643.076171875,23803.992401110267,24636.78454503056,9791073
2022-10-07,25816.572265625,25816.572265625,23873.3900673356,24220.387094100868,10542828
2022-10-10,25816.572265625,25816.572265625,24359.185137076223,24359.185137076223,809102
2022-10-11,25677.775390625,25816.573439913704,24706.183287623167,25816.573439913704,1425487
2022-10-12,25677.775390625,25816.573439913704,25053.180330171894,25053.180330171894,600667
2022-10-13,26232.970703125,26232.970703125,24949.081105296667,25677.77468262439,3137572
2022-10-14,25608.376953125,26371.77008036975,25608.376953125,26371.77008036975,271022
2022-10-17,25677.775390625,25677.775390625,24983.781305527544,25608.37636598065,1483401
2022-10-18,25677.775390625,25677.775390625,25191.98029878757,25677.775390625,910346
2022-10-19,25712.474609375,25990.0726241099,25053.180044127213,25330.77805886212,1889085
2022-10-20,25677.775390625,25677.775390625,25157.280786465395,25677.775390625,577586
2022-10-21,25538.9765625,25608.37558502796,25053.17956615045,25226.67904179727,1753291
2022-10-24,25330.77734375,25538.976328755256,23769.291673854703,25330.77734375,2277069
2022-10-25,27065.763671875,27065.763671875,24289.787320094903,25261.37942708333,4062645
2022-10-26,27690.357421875,27759.75644351336,25677.774278401303,27065.762388476007,3248870
2022-10-27,29147.74609375,29147.74609375,26718.76677277242,27412.7608644803,2367835
2022-10-28,27343.361328125,29425.341645009248,27343.361328125,29147.745548975985,425649
2022-10-31,25677.775390625,27065.76356081992,25677.775390625,26788.165542915536,492626
2022-11-01,24983.78125,25990.072863087484,24983.78125,25157.28073055224,195832
2022-11-02,23630.4921875,24983.78081902025,23595.792675853525,24983.78081902025,267482
2022-11-03,24289.787109375,24289.787109375,22485.40288023681,22728.30138470846,2156851
2022-11-04,22658.90234375,23803.992002286777,22624.202831611943,23803.992002286777,1021502
2022-11-07,21097.4140625,22901.79823571356,21097.4140625,22901.79823571356,535106
2022-11-08,20819.818359375,20819.818359375,19640.027283223862,19640.027283223862,2229350
2022-11-09,19362.431640625,20750.41790018071,19362.431640625,19362.431640625,2657548
2022-11-10,18009.142578125,18009.142578125,18009.142578125,18009.142578125,159866
2022-11-11,16759.953125,17349.84868665874,16759.953125,16759.953125,16620724
2022-11-14,15614.86328125,15614.86328125,15614.86328125,15614.86328125,176716
2022-11-15,14539.171875,14539.171875,14539.171875,14539.171875,104217
2022-11-16,13532.8818359375,13532.8818359375,13532.8818359375,13532.8818359375,317608
2022-11-17,12595.990234375,13879.878916601898,12595.990234375,12595.990234375,72190228
2022-11-18,13463.482421875,13463.482421875,12630.68934847839,13463.482421875,7909634
2022-11-21,12526.58984375,14018.677472299436,12526.58984375,13775.77897294814,17840325
2022-11-22,13394.0830078125,13394.0830078125,11797.896775854417,12006.094813124862,19632415
2022-11-23,13498.1826171875,13810.479195827407,13047.086066342175,13185.885078884085,9616905
2022-11-24,13151.185546875,13359.383585558648,12769.488982677723,13220.584573215046,7110585
2022-11-25,13255.283203125,13359.382695361955,12908.286175219746,13151.18467055149,3723088
2022-11-28,13498.1826171875,13498.1826171875,13185.885078884085,13324.684091425992,6135103
2022-11-29,14435.07421875,14435.07421875,13463.483053897022,13498.182566987574,10915944
2022-11-30,15267.8671875,15441.364751319348,14782.071129815333,15267.8671875,6934718
2022-12-01,14573.873046875,15823.062220016483,14573.873046875,15823.062220016483,8286148
2022-12-02,14920.8701171875,15024.968655316225,14192.176511632437,14504.473085682108,4678322
2022-12-05,15233.166015625,15684.262539833206,15024.967988937926,15129.06748211319,5229288
2022-12-06,14226.8759765625,15337.26613752075,14226.8759765625,15198.467127485095,5932473
2022-12-07,13532.8818359375,14226.875923882524,13463.482811008393,14053.377401896269,4005439
2022-12-08,14469.7734375,14469.7734375,13879.878847969592,13879.878847969592,3225506
2022-12-09,15476.064453125,15476.064453125,14747.37088271462,14782.070393750648,5172931
2022-12-12,16551.755859375,16551.755859375,16551.755859375,16551.755859375,1786142
2022-12-13,17696.845703125,17696.845703125,17696.845703125,17696.845703125,1569352
2022-12-14,18876.634765625,18911.33427842026,17835.643623786225,18911.33427842026,10792893
2022-12-15,19431.830078125,20056.425123601133,18252.04092947992,18252.04092947992,7141737
2022-12-16,19015.43359375,19466.52915231508,18807.234610159336,19327.72919014567,5544772
2022-12-19,19362.431640625,19778.82771042441,18946.033651498605,18946.033651498605,3967065
2022-12-20,19778.828125,20576.92076878793,19154.23304754552,19397.131559739377,4428964
2022-12-21,19987.025390625,20646.319987482413,19605.32882181182,19778.82830908711,3338078
2022-12-22,19431.830078125,20750.4172727306,19327.72962432769,20299.321704032023,6653217
2022-12-23,19327.73046875,19640.028005132244,18668.43780230638,19431.830927095423,14278802
2022-12-26,18182.640625,19258.331276908768,18113.241599585304,19258.331276908768,4535448
2022-12-27,18807.234375,18807.234375,17905.04326915055,18043.841310257587,3077534
2022-12-28,19362.431640625,19535.929203321844,18737.83657626239,19084.833620983063,2775926
2022-12-29,18737.8359375,19431.83000328348,18737.8359375,19084.832970391737,2101768
2022-12-30,19397.130859375,19397.130859375,18390.839252993665,18390.839252993665,5462503
2023-01-02,19397.130859375,19397.130859375,19397.130859375,19397.130859375,0
2023-01-03,19015.43359375,19431.829641604443,18980.73408303937,19327.72919014567,3023160
2023-01-04,18841.935546875,19154.233086233016,18807.236033538225,18807.236033538225,2890480
2023-01-05,19154.232421875,19258.330958274702,18807.235381215683,18841.93489334892,1351005
2023-01-06,19501.228515625,19640.02655741841,19015.433450021195,19293.029533608016,3380841
2023-01-09,19987.025390625,20542.221446713465,19778.82830908711,19778.82830908711,3921753
2023-01-10,19501.228515625,20368.72011548755,19501.228515625,20368.72011548755,2327904
2023-01-11,18182.640625,19778.82780617297,18182.640625,19501.229785187195,7261531
2023-01-12,17349.84765625,18529.6367901727,17280.448634135766,18321.43972383,7324118
2023-01-13,17870.341796875,17974.442246783557,17280.448204251825,17453.94575522133,4212316
2023-01-16,18564.3359375,18772.534919090376,17870.34189130123,17905.043321005345,5064465
2023-01-17,18564.3359375,18737.835408713123,18390.838385613737,18599.035447877253,6342830
2023-01-18,18529.63671875,18737.8357036171,18217.339201112794,18529.63671875,2321532
2023-01-19,18807.234375,19154.23139709445,18217.33886164138,18217.33886164138,4729581
2023-01-20,18807.234375,18807.234375,18807.234375,18807.234375,0
2023-01-23,18807.234375,18807.234375,18807.234375,18807.234375,0
2023-01-24,18807.234375,18807.234375,18807.234375,18807.234375,0
2023-01-25,18807.234375,18807.234375,18807.234375,18807.234375,0
2023-01-26,18807.234375,18807.234375,18807.234375,18807.234375,0
2023-01-27,18703.13671875,19015.434245171084,18703.13671875,18876.63427824674,1295498
2023-01-30,18043.841796875,18703.1363485674,17905.043752024772,18703.1363485674,2245492
2023-01-31,18043.841796875,18217.339352937783,17835.642810272748,18217.339352937783,2578677
2023-02-01,17835.642578125,18390.838588953327,17731.54404584227,18113.24058353917,2798016
2023-02-02,17558.046875,17974.442932539903,17523.34736348225,17766.24394410649,1416991
2023-02-03,17558.046875,17974.442932539903,17558.046875,17696.84492107099,2231757
2023-02-06,17905.044921875,17974.443948834392,17696.84592166979,17974.443948834392,1093293
2023-02-07,17349.84765625,18043.84171604615,17349.84765625,17974.442693931916,2240678
2023-02-08,16968.15234375,17558.047913081882,16968.15234375,17384.54842590843,2453503
2023-02-09,17106.94921875,17141.648729927252,16933.45166286374,17002.850685218244,1178961
2023-02-10,15927.16015625,17176.350241860855,15927.16015625,17176.350241860855,7066831
2023-02-13,14816.7705078125,16100.66014570598,14816.7705078125,15927.160664137707,7964716
2023-02-14,15337.265625,15718.962170095392,14816.770074507156,14920.86956847111,2528551
2023-02-15,14573.873046875,15649.563697089516,14400.37452394803,15649.563697089516,3358327
2023-02-16,15267.8671875,15337.26621302774,14469.773595613507,14920.870140534307,3399674
2023-02-17,15989.6201171875,16072.899713517258,15573.224054865665,15823.06188419146,2116802
2023-02-20,15947.98046875,16156.17850186558,15781.422234190231,15989.620267305812,3483596
2023-02-21,16822.4140625,17030.611144653394,16197.818977385725,16239.458777681812,5382688
2023-02-22,16406.017578125,16780.773852308772,16239.4583810091,16780.773852308772,3355448
2023-02-23,16322.7373046875,16406.016899802173,15864.70049122026,16281.097507130164,3182932
2023-02-24,15947.98046875,16364.377494644648,15906.340670194186,16239.458098977208,2227604
2023-02-27,15156.8271484375,15864.70084364691,15073.548511136292,15823.062004828049,2428912
2023-02-28,14990.2685546875,15573.223800133412,14906.988959719953,15240.106379926685,2037742
2023-03-01,14990.2685546875,15365.024812714544,14698.790931964544,14948.628757203724,3495160
2023-03-02,15281.74609375,15614.862552469613,14990.268472622747,15240.106296494185,4909980
2023-03-03,14990.2685546875,15406.66461019832,14948.628757203724,15406.66461019832,2495818
2023-03-06,15198.466796875,15489.944423710356,15073.54836232469,15073.54836232469,2202352
2023-03-07,16239.4580078125,16239.4580078125,15323.386283381167,15406.664920361804,5772088
2023-03-08,16988.970703125,17155.529898022734,16239.458164739135,16239.458164739135,5759462
2023-03-09,16988.970703125,17405.36869036934,16988.970703125,17072.25030057387,4724956
2023-03-10,17072.25,17322.088787947945,16739.133535396348,16905.692727361642,4948802
2023-03-13,16739.1328125,17280.448243683022,16739.1328125,16822.412404886134,3101394
2023-03-14,16114.5390625,16947.333132852127,16072.900222679547,16822.413734400256,5282152
2023-03-15,16655.853515625,16822.412703352395,16406.016653360803,16530.934124829455,2585616
2023-03-16,16697.494140625,16988.97081427606,16239.45827098648,16322.73786898021,3522890
2023-03-17,16281.09765625,17030.61018049306,16281.09765625,16822.413110126403,5633674
2023-03-20,15614.86328125,16364.37774750927,15573.22444171426,16281.098149110796,2920382
2023-03-21,15448.3046875,15906.340548791077,15156.827059497457,15739.782315502542,7781510
2023-03-22,15823.0615234375,15989.619752636136,15489.944105376777,15698.142131790932,1959154
2023-03-23,15823.0615234375,15823.0615234375,15531.583902592296,15781.421726221975,1602912
2023-03-24,15906.3408203125,16072.900016107678,15823.062182078404,15864.701021363706,2340176
2023-03-27,15989.6201171875,15989.6201171875,15781.42208602658,15906.340520857742,1696250
2023-03-28,15823.0615234375,16114.53818461925,15781.421726221975,16031.259549851658,2514580
2023-03-29,15739.7822265625,15989.620054915293,15698.14242855979,15781.42202456521,1494942
2023-03-30,15781.421875,15989.619903376928,15698.142279783844,15906.340308160772,1831714
2023-03-31,15739.7822265625,15781.42202456521,15614.862832554369,15781.42202456521,2235746
2023-04-03,16322.7373046875,16364.377102244838,15781.421855769047,15823.061653326384,6317366
2023-04-04,16281.09765625,16447.656848004874,16239.457858311282,16322.737454188718,3312496
2023-04-05,16322.7373046875,16614.213968261934,16197.817912015493,16322.7373046875,5307994
2023-04-06,16072.8994140625,16530.934306352076,16031.259616673413,16489.29450896299,3609974
2023-04-07,15906.3408203125,16156.178654341777,15906.3408203125,16072.900016107678,2070782
2023-04-10,15906.3408203125,16072.900016107678,15864.701021363706,15947.980619261296,2644852
2023-04-11,16031.259765625,16031.259765625,15823.061736408592,15947.98017007305,1858736
2023-04-12,16281.09765625,16655.85391837153,16031.259828281158,16072.899626219876,4706430
2023-04-13,16322.7373046875,16489.294575589927,16281.097507130164,16447.65669735951,3728682
2023-04-14,16447.65625,17072.24935771791,16322.73686072567,16406.016453575223,9440708
2023-04-17,16447.65625,16572.57371994746,16364.376657150447,16489.294127097906,3565960
2023-04-18,16239.4580078125,16489.294878417884,16072.899774187752,16447.656999422783,3757828
2023-04-19,16614.21484375,16780.774042756202,16197.818765561517,16197.818765561517,7418070
2023-04-20,16447.65625,16614.213516372238,16447.65625,16572.57371994746,1740500
2023-04-21,16031.259765625,16572.574257722274,16031.259765625,16447.656783721282,3399344
2023-04-24,15906.3408203125,16156.178654341777,15739.782584180815,16031.260217158884,2192794
2023-04-25,15656.5029296875,16072.899958006745,15656.5029296875,15906.34076281365,2191496
2023-04-26,15739.7822265625,15781.42202456521,15489.944398209704,15489.944398209704,3037910
2023-04-27,15906.3408203125,15947.980619261296,15698.14278523202,15823.062182078404,1336350
2023-04-28,15739.7822265625,16114.538489259954,15739.7822265625,16031.259852918003,6759512
2023-05-01,15739.7822265625,15739.7822265625,15739.7822265625,15739.7822265625,0
2023-05-02,15739.7822265625,15739.7822265625,15739.7822265625,15739.7822265625,0
2023-05-03,15739.7822265625,15739.7822265625,15739.7822265625,15739.7822265625,0
2023-05-04,15614.86328125,15906.34091598116,15573.22444171426,15781.422478046949,2239876
2023-05-05,15698.142578125,15823.06197332331,15531.584344190733,15698.142578125,1310154
2023-05-08,15781.421875,15864.700510552697,15573.223846623072,15781.421875,1766106
2023-05-09,15906.3408203125,16156.178654341777,15781.42238312961,15781.42238312961,1668638
2023-05-10,16281.09765625,16281.09765625,15947.98023240372,16031.259828281158,2378880
2023-05-11,16114.5390625,16406.017658887697,16072.900222679547,16364.37785940374,1849650
2023-05-12,16114.5390625,16156.178861983955,15989.620623711631,16114.5390625,1359242
2023-05-15,16156.1787109375,16489.29518436779,16114.53891184284,16281.098108221482,3212196
2023-05-16,16072.8994140625,16197.8178465663,16031.259616673413,16156.178049177215,1937678
2023-05-17,15698.142578125,16114.53864279241,15698.142578125,15989.620207257578,3873822
2023-05-18,15823.0615234375,15906.340158205092,15698.142131790932,15698.142131790932,1254340
2023-05-19,15864.701171875,15947.980770562675,15739.782733506983,15947.980770562675,1302956
2023-05-22,16322.7373046875,16322.7373046875,15781.421855769047,15864.70049122026,4312310
2023-05-23,16364.376953125,16697.493411221258,16239.457561591316,16364.376953125,6344388
2023-05-24,16364.376953125,16364.376953125,16364.376953125,16364.376953125,0
2023-05-25,16114.5390625,16322.738059919784,15989.620623711631,16239.45846095187,2502072
2023-05-26,16281.09765625,16447.656848004874,16072.899626219876,16072.899626219876,2824566
2023-05-29,16864.052734375,17072.249802597344,16281.097488563984,16489.294556786328,9796360
2023-05-30,17030.609375,17238.808354846453,16697.492926572526,16988.96957903071,7378894
2023-05-31,16905.693359375,17155.53023733607,16739.13416118295,17030.610838692028,7233046
2023-06-01,17363.728515625,17571.925585411587,16905.692658902186,16905.692658902186,12604170
2023-06-02,17655.205078125,18071.60113459747,17447.006090225303,17655.205078125,10513210
2023-06-05,17197.169921875,17905.04459013018,17072.25052406638,17863.404790860637,8088074
2023-06-06,17447.005859375,17571.925250461944,17030.60980841208,17238.80879355699,9322944
2023-06-07,17863.404296875,17863.404296875,17322.088840667246,17488.646113812516,8277346
2023-06-08,17322.08984375,17905.04513183342,17322.08984375,17905.04513183342,13208448
2023-06-09,17238.80859375,17447.005657154896,16739.132954520624,17363.72798338906,10816942
2023-06-12,17780.125,18279.80066650266,17488.646408266046,17613.565804723454,17512852
2023-06-13,17905.044921875,18238.161402876307,17780.125521751874,18071.602202712136,12984484
2023-06-14,17571.92578125,18029.961643077604,17530.28598296322,17905.044167544223,8941450
2023-06-15,17280.44921875,17696.84528484939,17280.44921875,17530.28609067885,10954058
2023-06-16,17322.08984375,17655.2063286575,17238.81024269136,17488.64712654022,18177782
2023-06-19,17072.25,17322.088787947945,17072.25,17322.088787947945,4842602
2023-06-20,17280.44921875,17280.44921875,17030.610427494186,17113.890024579458,5523580
2023-06-21,17363.728515625,17363.728515625,17197.169324334183,17363.728515625,6441266
2023-06-22,17363.728515625,17363.728515625,17363.728515625,17363.728515625,0
2023-06-23,17571.92578125,17905.044167544223,17488.646184676443,17738.484974397114,9904330
2023-06-26,17571.92578125,17738.484974397114,16988.97052456206,17488.646184676443,7627992
2023-06-27,17280.44921875,17571.925889221482,17197.16962166473,17488.64629213621,4779708
2023-06-28,17322.08984375,17488.64712654022,17197.17044216204,17280.45004322068,6712312
2023-06-29,17488.646484375,18029.96195205255,17405.36880570129,17447.00668537465,13232874
2023-06-30,17696.845703125,17696.845703125,17322.089426710656,17655.205903598184,5080844
2023-07-03,17155.529296875,17613.565147466743,17113.889499609668,17530.28555293608,8764922
2023-07-04,16905.693359375,17155.53023733607,16905.693359375,17113.890437788054,10165346
2023-07-05,16822.4140625,17155.530545541656,16822.4140625,17072.250944949483,4572382
2023-07-06,16614.21484375,16947.333241762408,16614.21484375,16947.333241762408,5622464
2023-07-07,16864.052734375,16905.69253188485,16322.737286073838,16530.93435429618,5067628
2023-07-10,16947.33203125,16988.969908700423,16822.41264091808,16905.69223447269,4124572
2023-07-11,16947.33203125,17113.889299032344,16905.69223447269,17030.609705477727,5691494
2023-07-12,16947.33203125,17072.249502255036,16905.69223447269,17030.609705477727,3843496
2023-07-13,16864.052734375,17030.610005087492,16822.41293686515,16947.332329394707,4406356
2023-07-14,16905.693359375,17238.809836432094,16739.13416118295,16947.333158923015,11480102
2023-07-17,17488.646484375,17571.9260823757,17030.61061469815,17155.530011699197,8975788
2023-07-18,17280.44921875,17696.84528484939,17238.809420207363,17571.925889221482,7161302
2023-07-19,17030.609375,17405.36753872361,16988.96957903071,17322.08794678503,10332434
2023-07-20,16489.294921875,17072.2501805932,16489.294921875,16988.970583729606,15957022
2023-07-21,16739.1328125,16822.412404886134,16572.57362772773,16697.493016306933,7092272
2023-07-24,16739.1328125,16947.33179346534,16697.493016306933,16947.33179346534,7430224
2023-07-25,16905.693359375,17155.53023733607,16780.77396073096,16780.77396073096,8123356
2023-07-26,16780.7734375,16988.97050942139,16697.49384100066,16988.97050942139,6743936
2023-07-27,16739.1328125,16905.69199727227,16614.213423920795,16864.052201079205,8366790
2023-07-28,17030.609375,17072.24917096929,16697.492926572526,16739.132722541817,8191206
2023-07-31,17530.28515625,17696.844341542324,17072.24931602297,17113.889112346053,19788010
2023-08-01,17863.404296875,18154.88096437443,17530.28591193057,17655.20530628473,20447158
2023-08-02,19112.591796875,19112.591796875,17738.484266248735,17863.40365612209,22594168
2023-08-03,18737.8359375,19320.79118307735,18737.8359375,19112.59219561153,16431146
2023-08-04,19820.466796875,19903.74447237981,18821.115497548075,18904.395092379804,17138438
2023-08-07,19945.384765625,20236.86335478202,19404.07122441589,19820.46728959896,13501678
2023-08-08,20070.3046875,20403.42116452,19778.82801002337,19862.10760911013,10102924
2023-08-09,20153.583984375,20528.340255318744,19778.827713431256,19987.02478869912,10958188
2023-08-10,20195.22265625,20736.538092660187,20070.303266464525,20153.58285965484,15306724
2023-08-11,20195.22265625,20320.142046035475,19987.02367327421,20236.86245284516,12491362
2023-08-14,20819.818359375,20903.096035932485,20111.94371368432,20320.142703395384,21819026
2023-08-15,20569.98046875,20944.736747245577,20486.700869233868,20819.8192672984,4785372
2023-08-16,20903.095703125,21152.93448680048,20278.50258259011,20445.05985238019,11698756
2023-08-17,20569.98046875,20903.09694748751,20569.98046875,20903.09694748751,6836094
2023-08-18,19154.232421875,20486.70021350292,19154.232421875,20403.420616652365,23640238
2023-08-21,19154.232421875,19487.34888995024,18737.83635694921,19154.232421875,5920532
2023-08-22,19612.267578125,19903.74423726606,18654.556087526948,19279.15112205995,7173102
2023-08-23,19612.267578125,19903.74423726606,19404.070512831928,19903.74423726606,4252602
2023-08-24,19653.908203125,19737.187800481795,19487.34900841141,19737.187800481795,4223810
2023-08-25,19987.025390625,20195.224391489934,19653.908908568148,19653.908908568148,7422436
2023-08-28,21236.21484375,21236.21484375,20070.30431672811,20278.5033105988,12171346
2023-08-29,20819.818359375,21402.7716919121,20778.178561432786,21402.7716919121,8744154
2023-08-30,21069.65625,21277.85524981287,20778.17956958901,20944.73685011228,8506266
2023-08-31,21652.611328125,21652.611328125,21069.65605341511,21194.575452137306,10867092
2023-09-01,21652.611328125,21652.611328125,21652.611328125,21652.611328125,0
2023-09-04,21652.611328125,21652.611328125,21652.611328125,21652.611328125,0
2023-09-05,21277.853515625,21985.72621864164,21194.573922487307,21652.609765417747,14057694
2023-09-06,21277.853515625,21444.410782573512,20986.374939643072,21402.770986004663,7534536
2023-09-07,21277.853515625,21569.33017228005,21236.213719056155,21319.49331219385,6720690
2023-09-08,21236.21484375,21944.08758425638,21236.21484375,21319.49444129828,10381404
2023-09-11,20819.818359375,21444.41148985432,20819.818359375,21361.133813296827,8319236
2023-09-12,21152.935546875,21152.935546875,20694.899673175827,20903.096750678906,6697798
2023-09-13,21152.935546875,21652.61121994019,21069.65594814297,21236.21514560703,10104340
2023-09-14,21152.935546875,21527.69182184214,21028.01614877695,21236.21514560703,6504750
2023-09-15,21152.935546875,21402.772423744093,21111.295747508982,21319.494744339067,6845770
2023-09-18,19778.828125,21236.215359509104,19737.188325214567,21152.935759938235,19167094
2023-09-19,19154.232421875,19987.02455172658,18946.033429748622,19945.384753301303,18502872
2023-09-20,19570.62890625,19570.62890625,19112.59303308204,19404.07162830611,6983948
2023-09-21,19154.232421875,19653.90808365134,19070.95282502445,19570.62848680079,10540940
2023-09-22,19260.830078125,19506.503931162308,18425.53897779815,19506.503931162308,8008600
2023-09-25,17934.19140625,19260.83022260274,17934.19140625,19162.560680650684,10014600
2023-09-26,17197.169921875,18032.46103236607,17197.169921875,17639.382862723214,8999100
2023-09-27,17835.921875,17835.921875,16804.091683884297,17393.708935950413,8054700
2023-09-28,17148.03515625,18032.46103823424,16902.361300143268,18032.46103823424,8822900
2023-09-29,17639.3828125,17737.652354630918,17295.439415041783,17344.574186107242,4097500
2023-10-02,17393.708984375,17688.517611228814,17246.30467094809,17688.517611228814,2260100
2023-10-03,16460.1484375,17295.439552238804,16460.1484375,17148.035237873133,6163200
2023-10-04,16656.6875,16853.226585545723,16214.474557522124,16214.474557522124,3872900
2023-10-05,16361.87890625,16804.091849662163,16312.74413475976,16804.091849662163,2585100
2023-10-06,16754.95703125,16804.091802602637,16214.474546370968,16361.878860428886,5750300
2023-10-09,17000.630859375,17098.90040191474,16705.82223175578,16754.95700302565,3819300
2023-10-10,17295.439453125,17393.7089954723,17049.765597256745,17197.1699107777,4182200
2023-10-11,17344.57421875,17491.978532223795,17148.035134118272,17246.304676434134,4082900
2023-10-12,17148.03515625,17491.97855479943,17148.03515625,17442.843783578082,4228400
2023-10-13,17148.03515625,17246.304698692693,17000.63084258596,17098.900385028654,2507000
2023-10-16,16951.49609375,17295.439492753623,16902.361322463767,17197.16995018116,4596300
2023-10-17,16902.361328125,17393.709041151888,16902.361328125,17049.765642033068,4181100
2023-10-18,16656.6875,17148.035213864307,16558.41795722714,16951.496128318584,4478300
2023-10-19,16804.091796875,17000.630882218567,16607.552711531433,16705.822254203216,3347100
2023-10-20,17393.708984375,17393.708984375,16754.95695952507,16902.361272951977,4998800
2023-10-23,17442.84375,17541.11329225352,17295.43943661972,17393.708978873237,3349600
2023-10-24,17983.326171875,18130.73048475922,17295.4393784153,17491.97846226093,6360400
2023-10-25,17786.787109375,18278.13481957873,17786.787109375,17983.32619345649,5185300
2023-10-26,16902.361328125,17491.978583757267,16705.822242914244,17491.978583757267,14848800
2023-10-27,17491.978515625,17491.978515625,16705.8221778441,17098.90034673455,6402900
2023-10-30,17000.630859375,17442.84380080383,17000.630859375,17393.70902953396,3800300
2023-10-31,16558.41796875,17148.035225797477,16558.41796875,16951.496140114985,5567900
2023-11-01,16853.2265625,16853.2265625,16312.744077988338,16509.283163265307,4572900
2023-11-02,17295.439453125,17393.7089954723,16902.361283735794,17098.900368430397,3158500
2023-11-03,17491.978515625,17491.978515625,17197.169888957163,17393.708973402387,3587500
2023-11-06,17688.517578125,17885.056662326388,17393.708951822915,17541.11326497396,5838900
2023-11-07,17393.708984375,17688.517611228814,17246.30467094809,17541.113297801905,3229100
2023-11-08,17885.056640625,17885.056640625,17049.76553378262,17246.304617745536,6111500
2023-11-09,17835.921875,18081.595730027548,17786.78710399449,18081.595730027548,9949200
2023-11-10,17442.84375,17983.326232394367,17442.84375,17688.517605633802,6333700
2023-11-13,17491.978515625,17590.248057847613,17197.169888957163,17541.113286736305,4268600
2023-11-14,18671.212890625,18671.212890625,17491.97839226974,17639.382704564145,23898500
2023-11-15,18867.751953125,19359.09966023763,18622.078099568684,19162.56057739257,12857700
2023-11-16,18769.482421875,19015.156275564463,18523.808568185537,19015.156275564463,11627000
2023-11-17,18278.134765625,19113.42587050571,18228.99999474966,18867.75201612903,16374400
2023-11-20,18081.595703125,18229.00001592221,17737.652306598167,17835.921848462975,12314100
2023-11-21,18229.0,18720.34770889488,18179.86522911052,18229.0,9936100
2023-11-22,18769.482421875,18867.751963350784,18228.99994375818,18228.99994375818,11444300
2023-11-23,18081.595703125,19211.695434570312,18081.595703125,18867.75203804348,14736200
2023-11-24,18376.404296875,18376.404296875,17639.38273416611,18376.404296875,11783500
2023-11-27,17983.326171875,18376.404339566256,17983.326171875,18327.26956860485,6463700
2023-11-28,17835.921875,18032.46095902204,17541.113248966944,17983.32618801653,8755300
2023-11-29,17786.787109375,17934.19142243612,17737.652338354626,17835.921880395374,8689400
2023-11-30,17885.056640625,18572.94343449519,17786.787098643545,17835.921869634272,8296800
2023-12-01,17983.326171875,18179.86525572063,17688.51754610656,18179.86525572063,5589400
2023-12-04,18376.404296875,18622.07815111129,17934.191359249664,18179.86521348596,12438200
2023-12-05,18229.0,18572.943396226416,18179.86522911052,18474.67385444744,8409000
2023-12-06,18572.943359375,18622.078130167,18179.865193039022,18278.134734623018,12419500
2023-12-07,18720.34765625,19015.15628075788,18376.404260990814,18671.212885498688,23875900
2023-12-08,18769.482421875,19015.156275564463,18572.94333892343,18818.61719261289,10310600
2023-12-11,18671.212890625,18916.886744449013,18474.67380756579,18867.75197368421,7070100
2023-12-12,18671.212890625,18818.61720291941,18474.67380756579,18720.3476613898,13212600
2023-12-13,18671.212890625,19309.96491056744,18671.212890625,18966.02151521381,24905800
2023-12-14,18179.865234375,18867.75202702703,18130.730463471285,18867.75202702703,18502000
2023-12-15,17934.19140625,18327.26957405822,17934.19140625,18179.865261130137,13808600
2023-12-18,17590.248046875,18032.46098660091,17590.248046875,17934.191444439595,16840900
2023-12-19,17983.326171875,17983.326171875,17590.248004183744,17688.51754610656,12877000
2023-12-20,18130.73046875,18229.00001058604,17983.326155995936,17983.326155995936,8116500
2023-12-21,17983.326171875,18130.73048475922,17835.92185899078,17983.326171875,4388000
2023-12-22,17983.326171875,18179.86525572063,17934.191400913594,17983.326171875,10195800
2023-12-25,17934.19140625,18229.000032106163,17934.19140625,18081.595719178084,7699300
2023-12-26,17934.19140625,18081.595719178084,17786.787093321916,18032.460948202053,7303700
2023-12-27,17934.19140625,18130.73049015411,17885.056635273973,18032.460948202053,8386700
2023-12-28,18032.4609375,18081.59570844687,17885.0566246594,18032.4609375,4986300
2023-12-29,18032.4609375,18278.13479223433,18032.4609375,18081.59570844687,7671300
2024-01-01,18032.4609375,18032.4609375,18032.4609375,18032.4609375,0
2024-01-02,18130.73046875,18474.67386517615,18081.595697831977,18179.865239668023,9160200
2024-01-03,18474.673828125,18474.673828125,18081.59566156915,18130.73043238863,8073800
2024-01-04,18572.943359375,19015.156296502977,18474.673817791005,18622.078130167,16982800
2024-01-05,18572.943359375,18966.02152571098,18523.808588583004,18671.212900958995,8593200
2024-01-08,18523.80859375,18818.61721858421,18425.5390521386,18769.482447778515,9138100
2024-01-09,18327.26953125,18622.07815641756,18278.13476038874,18622.07815641756,8244700
2024-01-10,18769.482421875,18867.751963350784,18278.134714496075,18425.53902670975,16782100
2024-01-11,19555.638671875,19948.7168361338,19015.15619601916,19015.15619601916,27827800
2024-01-12,19408.234375,19653.9082278481,19064.29098101266,19162.560522151896,23760900
2024-01-15,18916.88671875,19604.77350852273,18916.88671875,19457.36919642857,13512800
2024-01-16,19162.560546875,19211.695317508013,18769.482381810896,18916.886693709937,14675700
2024-01-17,18966.021484375,19309.964879169365,18916.88671369009,19260.830108484457,11304600
2024-01-18,19064.291015625,19260.83009826031,18966.021474307345,18966.021474307345,9960200
2024-01-19,19506.50390625,19506.50390625,19064.290971347607,19162.560512437027,22284100
2024-01-22,19604.7734375,19850.44729010025,19408.2343554198,19653.90820802005,15496600
2024-01-23,19309.96484375,19752.17777910305,19211.695302560434,19653.908237913485,12135600
2024-01-24,19260.830078125,19506.503931162308,19162.56053691008,19359.09961933992,13826500
2024-01-25,19260.830078125,19260.830078125,19260.830078125,19260.830078125,0
2024-01-26,19162.560546875,19359.09962940705,19064.29100560897,19359.09962940705,11438100
2024-01-29,18867.751953125,19211.69534810384,18867.751953125,19162.56057739257,11114500
2024-01-30,19015.15625,19113.42579134367,18769.482396640826,18867.751937984496,7194000
2024-01-31,18425.5390625,19064.291083333334,18425.5390625,19015.1563125,16621400
2024-02-01,18278.134765625,18474.673849126342,18278.134765625,18425.539078251008,7534200
2024-02-02,18278.134765625,18278.134765625,18278.134765625,18278.134765625,0
2024-02-05,18474.673828125,18572.94336976396,18130.73043238863,18179.86520320811,17694200
2024-02-06,18376.404296875,18622.07815111129,18327.26952602774,18572.94338026404,4999800
2024-02-07,18376.404296875,18474.67383856952,18228.999984333223,18425.53906772226,11577400
2024-02-08,18376.404296875,18376.404296875,18376.404296875,18376.404296875,0
2024-02-09,18376.404296875,18376.404296875,18376.404296875,18376.404296875,0
2024-02-15,18671.212890625,18916.886744449013,18376.404266036185,18523.80857833059,19255100
2024-02-16,18523.80859375,18818.61721858421,18425.5390521386,18769.482447778515,11007500
2024-02-19,18474.673828125,18622.07814058344,18278.13474484708,18622.07814058344,12460900
2024-02-20,18327.26953125,18622.07815641756,18278.13476038874,18572.9433855563,15672800
2024-02-21,18474.673828125,18622.07814058344,18278.13474484708,18425.53905730552,15012100
2024-02-22,18376.404296875,18572.94338026404,18327.26952602774,18474.67383856952,10575700
2024-02-23,18032.4609375,18769.482501703,18032.4609375,18376.404334128067,33968100
2024-02-26,17835.921875,18130.730501033056,17688.51756198347,18032.46095902204,14075500
2024-02-27,17885.056640625,17983.326182606455,17639.38278567136,17885.056640625,18153800
2024-02-28,17983.326171875,18081.59571379781,17835.92185899078,17983.326171875,9089100
2024-02-29,17786.787109375,18130.73050651761,17737.652338354626,18081.59573549724,9707100
2024-03-01,17934.19140625,17934.19140625,17737.65232234589,17885.056635273973,9288700
2024-03-04,17983.326171875,18081.59571379781,17885.056629952185,17983.326171875,11745400
2024-03-05,17983.326171875,18032.46094283641,17835.92185899078,17983.326171875,6061300
2024-03-06,17737.65234375,18081.59574099723,17737.65234375,17885.056656855955,11765900
2024-03-07,17835.921875,17835.921875,17639.38279097796,17737.652332988982,12527400
2024-03-08,17393.708984375,17934.191466940323,17393.708984375,17885.056695798023,19472100
2024-03-11,17639.3828125,17983.326209958217,17393.7089571727,17393.7089571727,13730700
2024-03-12,17835.921875,17885.05664600551,17688.51756198347,17688.51756198347,9115900
2024-03-13,17835.921875,17934.191417011018,17639.38279097796,17885.05664600551,15273300
2024-03-14,17639.3828125,17885.0566678273,17590.24804143454,17885.0566678273,9972700
2024-03-15,17541.11328125,17983.326221113446,17541.11328125,17639.382823441876,30799500
2024-03-18,18081.595703125,18081.595703125,17393.70891007133,17590.247993800953,30580400
2024-03-19,18278.134765625,18671.212932627688,17983.326140372985,18130.730452998992,32201300
2024-03-20,18179.865234375,18376.404317989865,17983.326150760135,18278.13477618244,8954400
2024-03-21,17885.056640625,18327.26957954156,17737.652327652817,18229.000037560098,25813700
2024-03-22,18081.595703125,18376.40432871943,17885.056619395382,17983.32616126019,19831600
2024-03-25,18130.73046875,18278.134781504064,17983.326155995936,18179.865239668023,11715600
2024-03-26,18327.26953125,18425.53907297252,17983.326135221178,17983.326135221178,12433100
2024-03-27,18278.134765625,18523.80862000168,18179.865223874327,18327.26953650033,13620300
2024-03-28,18179.865234375,18425.539088893584,18130.730463471285,18425.539088893584,16055300
2024-03-29,18081.595703125,18278.13478685461,18032.4609321926,18179.86524498981,5074100
2024-04-01,17885.056640625,18179.865266569366,17835.921869634272,18032.460953597183,15318800
2024-04-02,17885.056640625,18032.460953597183,17737.652327652817,17885.056640625,7536400
2024-04-03,17737.65234375,17934.191427891274,17737.65234375,17885.056656855955,8251300
2024-04-04,17590.248046875,17835.92190227828,17590.248046875,17737.65236011697,7030200
2024-04-05,17491.978515625,17639.38282895892,17442.843744513695,17541.113286736305,8931200
2024-04-08,17393.708984375,17639.38284008651,17393.708984375,17590.24806894421,7012400
2024-04-09,17639.3828125,17688.51758356546,17393.7089571727,17541.113270369082,6281300
2024-04-10,17639.3828125,17835.92189676184,17590.24804143454,17639.3828125,10902400
2024-04-11,17835.921875,17934.191417011018,17442.843706955922,17590.248019972452,11286700
2024-04-12,17835.921875,17934.191417011018,17737.652332988982,17885.05664600551,4548400
2024-04-15,16705.822265625,17934.19154986213,16705.822265625,17688.517693014706,10056500
2024-04-16,16656.6875,16902.361356932153,16312.744100294984,16705.82227138643,13285100
2024-04-17,16558.41796875,16902.36136869436,16509.283197329376,16902.36136869436,8584700
2024-04-19,16214.4736328125,16558.41701290246,15968.799789891098,16411.01270714962,9153300
2024-04-22,16902.361328125,16951.496099427688,16312.744072492733,16411.01361509811,10408800
2024-04-23,17049.765625,17344.574252521612,16754.956997478384,16853.22653998559,11716500
2024-04-24,17344.57421875,17688.517616855523,17000.630820644477,17148.035134118272,10237200
2024-04-25,17639.3828125,17639.3828125,17246.304643976324,17344.574186107242,7251300
2024-04-26,17639.3828125,17786.787125696377,17393.7089571727,17590.24804143454,6319800
2024-04-29,17639.3828125,17639.3828125,17639.3828125,17639.3828125,0
2024-04-30,17639.3828125,17639.3828125,17639.3828125,17639.3828125,0
2024-05-02,17442.84375,17639.382834507043,17344.57420774648,17639.382834507043,3024100
2024-05-03,17295.439453125,17491.978537819603,17295.439453125,17491.978537819603,2381900
2024-05-06,17639.3828125,17639.3828125,17295.439415041783,17295.439415041783,5191800
2024-05-07,17442.84375,17835.921919014083,17442.84375,17639.382834507043,8124200
2024-05-08,17688.517578125,18081.59574652778,17491.97849392361,17491.97849392361,13181700
2024-05-09,17491.978515625,17786.787142292837,17442.843744513695,17786.787142292837,3555200
2024-05-10,17344.57421875,17590.24807453966,17246.304676434134,17541.113303381728,3001500
2024-05-13,17393.708984375,17491.978526659605,17295.439442090395,17491.978526659605,3129800
2024-05-14,17344.57421875,17491.978532223795,17295.439447592067,17491.978532223795,3867100
2024-05-15,17344.57421875,17541.113303381728,17295.439447592067,17344.57421875,4310000
2024-05-16,17491.978515625,17639.38282895892,17344.57420229108,17491.978515625,4929900
2024-05-17,17442.84375,17590.24806338028,17393.708978873237,17590.24806338028,4858900
2024-05-20,18179.865234375,18376.404317989865,17541.11321262669,17590.247983530408,26589000
2024-05-21,18130.73046875,18572.9434070122,18130.73046875,18229.00001058604,12038200
2024-05-22,17885.056640625,18327.26957954156,17885.056640625,18327.26957954156,11291900
2024-05-23,18179.865234375,18179.865234375,17835.921838048987,17983.326150760135,8021000
2024-05-24,17590.248046875,18229.000070923536,17541.113275794345,18130.730528762226,11035700
2024-05-27,18474.673828125,18523.80859894448,17590.247953374335,17688.517495013297,23321600
2024-05-28,18425.5390625,18622.078145833333,18228.999979166667,18572.943375000003,13683500
2024-05-29,19309.96484375,19359.099614344785,18278.134661259544,18425.53897304389,33138400
2024-05-30,19359.099609375,19408.23437995717,18966.02144471764,19064.29098588198,13582200
2024-05-31,19604.7734375,20096.1211427005,19309.9648143797,19457.36912593985,20075700
2024-06-03,19604.7734375,19604.7734375,19604.7734375,19604.7734375,0
2024-06-04,19162.560546875,19555.638711939104,19162.560546875,19408.234400040063,11181200
2024-06-05,19162.560546875,19604.77348257212,19162.560546875,19162.560546875,11878400
2024-06-06,19162.560546875,19506.503941306088,19015.15623497596,19211.695317508013,8742800
2024-06-07,19457.369140625,19555.638681739267,19211.69528783933,19359.099599510733,8910000
2024-06-10,19211.6953125,19555.63870684144,19064.291000639387,19408.23439498082,7672100
2024-06-11,18622.078125,19359.09968667546,18572.94335422164,19162.560603562008,15342100
2024-06-12,18867.751953125,18966.021494547527,18474.67378743489,18671.21287027995,9145000
2024-06-13,18769.482421875,19015.156275564463,18720.34765113711,18916.88673408868,5091100
2024-06-14,18179.865234375,19113.42588154561,18179.865234375,18867.75202702703,8460400
2024-06-17,18376.404296875,18572.94338026404,18081.595671791445,18327.26952602774,6185800
2024-06-18,18179.865234375,18769.4824852196,18179.865234375,18523.808630701013,6837300
2024-06-19,18425.5390625,18572.943375000003,18081.595666666668,18278.13475,5208700
2024-06-20,18229.0,18572.943396226416,18130.730458221024,18425.53908355796,4938900
2024-06-21,18229.0,18523.80862533693,18179.86522911052,18229.0,5616500
2024-06-24,17885.056640625,18376.40435053228,17737.652327652817,18229.000037560098,6240100
2024-06-25,17983.326171875,18032.46094283641,17786.78708802937,17885.056629952185,3698000
2024-06-26,17934.19140625,18032.460948202053,17786.787093321916,17934.19140625,2668600
2024-06-27,18032.4609375,18130.730479393733,17885.0566246594,17983.32616655313,2710500
2024-06-28,18572.943359375,18572.943359375,17885.056568287036,18130.730422247023,6178700
2024-07-01,18179.865234375,18278.13477618244,17983.326150760135,18179.865234375,2541400
2024-07-02,18572.943359375,18572.943359375,18081.595651455027,18228.99996383102,5329200
2024-07-03,18867.751953125,19064.29103597005,18622.078099568684,18671.21287027995,10060500
2024-07-04,18720.34765625,19015.15628075788,18720.34765625,18867.751968503937,9358800
2024-07-05,18720.34765625,19064.291051509183,18720.34765625,19064.291051509183,24982200
2024-07-08,18474.673828125,18818.61722386137,18474.673828125,18720.347682222407,9117100
2024-07-09,18572.943359375,18720.34767175099,18523.808588583004,18622.078130167,10096500
2024-07-10,18769.482421875,19064.291046302355,18769.482421875,18769.482421875,21655700
2024-07-11,18818.6171875,18966.02149967363,18720.34764605092,18818.6171875,21178200
2024-07-12,18622.078125,18867.75197889182,18278.134729551453,18278.134729551453,9523700
2024-07-15,18622.078125,18720.34766655673,18523.80858344327,18720.34766655673,2956300
2024-07-16,18425.5390625,18671.212916666667,18425.5390625,18671.212916666667,3339200
2024-07-17,18229.0,18720.34770889488,18229.0,18572.943396226416,5983900
2024-07-18,18425.5390625,18523.80860416667,18179.865208333333,18278.13475,10292300
2024-07-19,18278.134765625,18523.80862000168,18228.99999474966,18425.539078251008,9091400
2024-07-22,18032.4609375,18376.404334128067,17934.191395606267,18278.13479223433,4570200
2024-07-23,17639.3828125,18179.865294220057,17590.24804143454,18179.865294220057,5506800
2024-07-24,17983.326171875,17983.326171875,17541.113233222335,17639.38277514515,3479200
2024-07-25,17983.326171875,18032.46094283641,17835.92185899078,17983.326171875,1211000
2024-07-26,18130.73046875,18179.865239668023,17885.05661415989,17983.326155995936,2212500
2024-07-29,17934.19140625,18229.000032106163,17934.19140625,18229.000032106163,2072700
2024-07-30,17934.19140625,18081.595719178084,17885.056635273973,17934.19140625,2110400
2024-07-31,17885.056640625,18081.59572458791,17885.056640625,18081.59572458791,4044100
2024-08-01,17688.517578125,17983.32620442708,17541.11326497396,17934.191433376734,5016400
2024-08-02,17737.65234375,17737.65234375,17442.84371753809,17639.382801679363,2737800
2024-08-05,17786.787109375,18474.673903660223,17442.84371223239,17688.517567334256,8137000
2024-08-06,18081.595703125,18081.595703125,17541.113222868546,17737.652306598167,1699300
2024-08-07,18081.595703125,18081.595703125,17786.78707753057,18081.595703125,1098500
2024-08-08,18032.4609375,18229.000021287466,17835.921853712534,17983.32616655313,11307500
2024-08-09,18032.4609375,18130.730479393733,17983.32616655313,17983.32616655313,5532800
2024-08-12,18523.80859375,18622.078135361404,18032.46088569297,18081.59565649868,5269000
2024-08-13,18425.5390625,18572.943375000003,18228.999979166667,18474.67383333333,4363300
2024-08-14,18130.73046875,18474.67386517615,18081.595697831977,18474.67386517615,3210200
2024-08-15,17983.326171875,18179.86525572063,17835.92185899078,18130.73048475922,1645700
2024-08-16,18229.0,18327.269541778976,17983.32614555256,18032.46091644205,3175200
2024-08-19,18769.482421875,18966.02150482657,18130.7304022824,18278.134714496075,14473100
2024-08-20,18720.34765625,18867.751968503937,18572.943343996063,18867.751968503937,5125600
2024-08-21,18818.6171875,18867.751958224544,18622.078104601827,18720.34764605092,6807300
2024-08-22,18523.80859375,18916.886760195623,18523.80859375,18916.886760195623,5015500
2024-08-23,18523.80859375,18572.943364555704,18376.40428133289,18523.80859375,3833600
2024-08-26,18474.673828125,18818.61722386137,18425.53905730552,18671.212911402927,5560500
2024-08-27,18425.5390625,18622.078145833333,18376.404291666666,18572.943375000003,2973100
2024-08-28,18376.404296875,18474.67383856952,18327.26952602774,18425.53906772226,3574800
2024-08-29,17934.19140625,18671.21297089041,17885.056635273973,18425.53911601028,14867600
2024-08-30,18229.0,18425.53908355796,18081.595687331537,18081.595687331537,6273800
2024-09-02,18229.0,18229.0,18229.0,18229.0,0
2024-09-03,18229.0,18229.0,18229.0,18229.0,0
2024-09-04,18278.134765625,18278.134765625,18081.59568212365,18179.865223874327,5429700
2024-09-05,18278.134765625,18327.26953650033,18130.730452998992,18327.26953650033,5322700
2024-09-06,18130.73046875,18425.53909425813,17885.05661415989,18179.865239668023,8893900
2024-09-09,17983.326171875,18130.73048475922,17934.191400913594,18130.73048475922,2484100
2024-09-10,16806.84765625,16898.68745184634,16760.92583912486,16852.76755404817,4478913
2024-09-11,16852.767578125,16944.60737385255,16715.005965206703,16715.005965206703,3218774
2024-09-12,16852.767578125,16944.60737385255,16806.847680261224,16852.767578125,2848126
2024-09-13,16852.767578125,16898.687475988776,16806.847680261224,16852.767578125,2744443
2024-09-16,16852.767578125,16990.527271716324,16806.847680261224,16898.687475988776,6117083
2024-09-17,17082.369140625,17128.289038902356,16852.767729911222,16852.767729911222,5630126
2024-09-18,17036.44921875,17174.208913391256,17036.44921875,17082.369116963753,4846030
2024-09-19,17150.0,17500.0,17050.0,17500.0,2146000
2024-09-20,17200.0,17350.0,17100.0,17300.0,2835500
2024-09-23,17200.0,17350.0,16950.0,17150.0,4127800
2024-09-24,17300.0,17300.0,17050.0,17100.0,3036600
2024-09-25,17450.0,17450.0,17300.0,17350.0,4204400
2024-09-26,17900.0,17950.0,17500.0,17550.0,12801100
2024-09-27,18550.0,19000.0,18000.0,18050.0,22744700
2024-09-30,18800.0,18900.0,18550.0,18550.0,10689100
2024-10-01,18900.0,19200.0,18750.0,18850.0,12446500
2024-10-02,19200.0,19200.0,18700.0,18850.0,8941000
2024-10-03,19300.0,19750.0,19300.0,19400.0,15638300
2024-10-04,18650.0,19350.0,18650.0,19300.0,6370800
2024-10-07,18850.0,19100.0,18800.0,18800.0,8050100
2024-10-08,18850.0,19050.0,18800.0,18900.0,8217800
2024-10-09,19200.0,19250.0,18850.0,18900.0,9211500
2024-10-10,18850.0,19400.0,18850.0,19400.0,6386700
2024-10-11,19100.0,19100.0,18850.0,18900.0,4839800
2024-10-14,18250.0,19150.0,17850.0,19100.0,42671800
2024-10-15,18200.0,18500.0,18200.0,18250.0,15637200
2024-10-16,18450.0,18900.0,18200.0,18250.0,10752700
2024-10-17,18800.0,18850.0,18550.0,18600.0,19868900
2024-10-18,19450.0,19850.0,18800.0,18900.0,27198900
2024-10-21,20800.0,20800.0,19350.0,19350.0,34702100
2024-10-22,21600.0,22000.0,20800.0,20800.0,29012000
2024-10-23,21600.0,21800.0,21050.0,21350.0,6990300
2024-10-24,21400.0,22100.0,21250.0,21300.0,21987900
2024-10-25,20850.0,21600.0,20850.0,21350.0,10408100
2024-10-28,19850.0,21000.0,19800.0,20850.0,9875600
2024-10-29,19950.0,20150.0,19550.0,20000.0,10503500
2024-10-30,20000.0,20000.0,19650.0,20000.0,5558900
2024-10-31,19950.0,20200.0,19800.0,20200.0,8166500
2024-11-01,19650.0,19950.0,19650.0,19800.0,2679200
2024-11-04,18700.0,19700.0,18650.0,19650.0,16095700
2024-11-05,19300.0,19450.0,18750.0,18750.0,5013100
2024-11-06,19450.0,19550.0,19000.0,19550.0,9081400
2024-11-07,19200.0,19550.0,19150.0,19550.0,2378200
2024-11-08,19000.0,19300.0,18750.0,19300.0,6386400
2024-11-11,18700.0,19000.0,18450.0,18900.0,3213200
2024-11-12,18550.0,18950.0,18500.0,18550.0,3299900
2024-11-13,18650.0,18700.0,18150.0,18500.0,4353400
2024-11-14,18550.0,18650.0,18250.0,18650.0,2130200
2024-11-15,18000.0,18500.0,18000.0,18400.0,4901200
2024-11-18,18050.0,18150.0,17450.0,17950.0,5143500
2024-11-19,17900.0,18000.0,17600.0,18000.0,2644100
2024-11-20,18100.0,18100.0,17600.0,17850.0,2234000
2024-11-21,18050.0,18050.0,17800.0,17800.0,1509200
2024-11-22,18000.0,18050.0,17850.0,18050.0,2671300
2024-11-25,18250.0,18350.0,17850.0,18000.0,2358200
2024-11-26,18300.0,18350.0,18150.0,18250.0,3037000
2024-11-27,18700.0,18750.0,18200.0,18300.0,3126900
2024-11-28,18800.0,19200.0,18450.0,18750.0,5309400
2024-11-29,18500.0,18800.0,18500.0,18800.0,2884800
2024-12-02,18500.0,18600.0,18350.0,18500.0,2661100
2024-12-03,18500.0,18500.0,18350.0,18500.0,1480400
2024-12-04,18400.0,18450.0,18350.0,18400.0,2143300
2024-12-05,18700.0,18700.0,18000.0,18300.0,4160700
2024-12-06,18600.0,18700.0,18550.0,18700.0,2818200
2024-12-09,18950.0,19000.0,18600.0,18650.0,3718100
2024-12-10,19000.0,19200.0,19000.0,19000.0,4868100
2024-12-11,19250.0,19350.0,19000.0,19000.0,6350400
2024-12-12,19750.0,20100.0,19250.0,19300.0,8513700
2024-12-13,19700.0,20000.0,19700.0,20000.0,4244100
2024-12-16,19400.0,19800.0,19250.0,19800.0,2804300
2024-12-17,19550.0,19600.0,19300.0,19300.0,1942200
2024-12-18,19550.0,19650.0,19500.0,19550.0,1497200
2024-12-19,19150.0,19350.0,19100.0,19300.0,5742000
2024-12-20,19000.0,19200.0,18950.0,19200.0,3858200
2024-12-23,19500.0,19650.0,19100.0,19100.0,5135800
2024-12-24,19600.0,19750.0,19450.0,19500.0,10562400
2024-12-25,19500.0,19800.0,19350.0,19600.0,4804900
2024-12-26,19250.0,19550.0,19200.0,19550.0,3419400
2024-12-27,19450.0,19700.0,19250.0,19250.0,5564300
2024-12-30,19300.0,19700.0,19150.0,19500.0,3831900
2024-12-31,19300.0,19300.0,18900.0,19300.0,4828000
2025-01-02,18750.0,19250.0,18650.0,19250.0,6098900
2025-01-03,18250.0,18850.0,18250.0,18850.0,4675900
2025-01-06,18250.0,18450.0,17900.0,18400.0,4576300
2025-01-07,18200.0,18350.0,18050.0,18100.0,2009600
2025-01-08,18350.0,18400.0,18100.0,18200.0,1333100
2025-01-09,18400.0,18450.0,18250.0,18400.0,675500
2025-01-10,18100.0,18400.0,18100.0,18400.0,2321600
2025-01-13,18300.0,18300.0,17900.0,17950.0,1520800
2025-01-14,18250.0,18400.0,18100.0,18300.0,2170000
2025-01-15,18250.0,18350.0,18100.0,18250.0,1715500
2025-01-16,18250.0,18350.0,18100.0,18250.0,1715500
2025-01-17,18300.0,18350.0,18150.0,18350.0,1800800
2025-01-20,18400.0,18650.0,18300.0,18400.0,7065600
2025-01-21,18150.0,18500.0,18100.0,18500.0,4994700
2025-01-22,17900.0,18250.0,17750.0,18150.0,8721200
2025-01-23,18350.0,18350.0,17900.0,18000.0,5096700
2025-01-24,18550.0,18550.0,18000.0,18300.0,10330800
2025-01-27,18550.0,18550.0,18550.0,18550.0,0
2025-01-28,18550.0,18550.0,18550.0,18550.0,0
2025-01-29,18550.0,18550.0,18550.0,18550.0,0
2025-01-30,18550.0,18550.0,18550.0,18550.0,0
2025-01-31,18550.0,18550.0,18550.0,18550.0,0
2025-02-03,18200.0,18500.0,18200.0,18500.0,3402700
2025-02-04,18600.0,18750.0,18250.0,18250.0,9002100
2025-02-05,18500.0,18650.0,18450.0,18650.0,2349500
2025-02-06,18600.0,18900.0,18550.0,18550.0,2831800
2025-02-07,18650.0,18850.0,18450.0,18600.0,3068100
2025-02-10,18750.0,19150.0,18450.0,18600.0,5766200
2025-02-11,18950.0,18950.0,18750.0,18750.0,3229800
2025-02-12,19200.0,19400.0,19000.0,19100.0,5971800
2025-02-13,19150.0,19200.0,19050.0,19200.0,2346300
2025-02-14,19100.0,19300.0,19050.0,19150.0,4095300
2025-02-17,19400.0,19700.0,18950.0,19100.0,16261600
2025-02-18,19450.0,19650.0,19400.0,19550.0,13528300
2025-02-19,20450.0,20450.0,19500.0,19550.0,13361500
2025-02-20,20450.0,20700.0,20150.0,20600.0,6902600
2025-02-21,20200.0,20450.0,20100.0,20350.0,8721500
2025-02-24,20500.0,20700.0,20100.0,20100.0,7252000
2025-02-25,20700.0,20800.0,20550.0,20700.0,7345900
2025-02-26,20800.0,21100.0,20600.0,20750.0,8219600
2025-02-27,20800.0,20850.0,20500.0,20800.0,7792900
2025-02-28,21300.0,21300.0,20600.0,20700.0,8575100
2025-03-03,21650.0,22000.0,21200.0,21500.0,15236700
2025-03-04,22250.0,22350.0,21050.0,21650.0,13345900
2025-03-05,22000.0,22550.0,22000.0,22400.0,14659000
2025-03-06,22200.0,22350.0,20500.0,22000.0,41521400
2025-03-07,21650.0,22200.0,21500.0,22200.0,9353300
2025-03-10,21050.0,21700.0,21000.0,21550.0,11129700
2025-03-11,21300.0,21400.0,20700.0,20900.0,14057500
2025-03-12,20950.0,21350.0,20950.0,21300.0,10098600
2025-03-13,20350.0,21050.0,20300.0,21000.0,15367400
2025-03-14,20150.0,20550.0,20150.0,20350.0,6380100
2025-03-17,20350.0,20550.0,20150.0,20150.0,9470600
2025-03-18,20300.0,20600.0,20200.0,20450.0,9041100
2025-03-19,19900.0,20300.0,19900.0,20200.0,12600200
2025-03-20,19950.0,20000.0,19750.0,20000.0,6768900
2025-03-21,20000.0,20300.0,19900.0,19900.0,6057800
2025-03-24,20100.0,20200.0,19900.0,20150.0,4933400
2025-03-25,19900.0,20350.0,19800.0,20200.0,12049700
2025-03-26,19500.0,20000.0,19300.0,19900.0,8635700
2025-03-27,19450.0,19800.0,19350.0,19600.0,5553600
2025-03-28,19500.0,19650.0,19250.0,19400.0,5999700
2025-03-31,19500.0,19500.0,19000.0,19250.0,10124500
2025-04-01,19550.0,19650.0,19350.0,19500.0,5651600
2025-04-02,19800.0,20100.0,19700.0,19700.0,9402600
2025-04-03,18450.0,19400.0,18450.0,19100.0,14463700
2025-04-04,18000.0,18100.0,17250.0,17650.0,27078400
2025-04-08,16750.0,17500.0,16750.0,17300.0,8767800
2025-04-09,15600.0,16450.0,15600.0,15600.0,33903300
2025-04-10,16650.0,16650.0,16650.0,16650.0,322700
2025-04-11,17800.0,17800.0,16900.0,17450.0,11231200
2025-04-14,18350.0,18400.0,17650.0,17800.0,8023900
2025-04-15,18250.0,18450.0,17800.0,18150.0,9367400
2025-04-16,18100.0,18350.0,17950.0,18100.0,6328700
2025-04-17,18100.0,18100.0,17800.0,17800.0,5318900
2025-04-18,18950.0,19350.0,18150.0,18200.0,16376500
2025-04-21,18800.0,19250.0,18650.0,19000.0,5975800
2025-04-22,18400.0,19250.0,17500.0,18700.0,23564100
2025-04-23,18850.0,18950.0,18600.0,18950.0,5860500
2025-04-24,18950.0,19100.0,18450.0,18900.0,7551600
2025-04-25,19050.0,19050.0,18750.0,19000.0,5318700
2025-04-28,19350.0,19400.0,18900.0,19100.0,6789200
2025-04-29,18950.0,19350.0,18950.0,19350.0,8881500
2025-04-30,18950.0,18950.0,18950.0,18950.0,0
2025-05-01,18950.0,18950.0,18950.0,18950.0,0
2025-05-02,18950.0,18950.0,18950.0,18950.0,0
2025-05-05,18950.0,18950.0,18950.0,18950.0,0
2025-05-06,19250.0,19550.0,18850.0,19100.0,7109300
2025-05-07,19000.0,19400.0,18850.0,19250.0,11160700
2025-05-08,19000.0,19150.0,18900.0,18950.0,6537400
2025-05-09,19250.0,19300.0,18950.0,19100.0,6425300
2025-05-12,19250.0,19250.0,19250.0,19250.0,0
2025-05-13,19250.0,19350.0,19000.0,19150.0,5100400
2025-05-14,19700.0,19850.0,19300.0,19450.0,13250500
2025-05-15,19900.0,19900.0,19500.0,19700.0,7853700
2025-05-16,19850.0,20150.0,19600.0,19900.0,6673300
2025-05-19,19350.0,19750.0,19250.0,19350.0,6763100
2025-05-20,19350.0,19750.0,19250.0,19350.0,6763100
2025-05-21,19900.0,20150.0,19300.0,19450.0,10900100
2025-05-22,20250.0,20500.0,20000.0,20100.0,14041100
2025-05-23,21100.0,21650.0,20150.0,20250.0,36259500
2025-05-26,21900.0,22200.0,21300.0,21600.0,14836700
2025-05-27,21900.0,22200.0,21300.0,21600.0,14836700
2025-05-28,22050.0,22300.0,21700.0,22050.0,13866800
2025-05-29,21750.0,22300.0,21750.0,22250.0,11241900
2025-05-30,22900.0,23250.0,21800.0,21800.0,22324900
2025-06-02,23300.0,23400.0,22450.0,22500.0,15503600
2025-06-03,23300.0,23400.0,22450.0,22500.0,15503600
2025-06-04,23150.0,23450.0,23100.0,23450.0,8900100
2025-06-05,24650.0,24750.0,23050.0,23250.0,27568600
2025-06-06,24300.0,24750.0,24150.0,24650.0,7439700
2025-06-09,23100.0,24350.0,23100.0,24150.0,15837700
2025-06-10,23100.0,24350.0,23100.0,24150.0,15837700
2025-06-11,22900.0,23700.0,21600.0,23000.0,26958700
2025-06-12,22700.0,23000.0,22400.0,23000.0,11573500
2025-06-13,23100.0,23100.0,22650.0,22700.0,12098700
2025-06-16,23300.0,23300.0,22600.0,22800.0,9229100
2025-06-17,23300.0,23300.0,22600.0,22800.0,9229100
2025-06-18,23450.0,23800.0,23250.0,23500.0,11342900
2025-06-19,23050.0,23750.0,23000.0,23550.0,10472300
2025-06-20,23150.0,23300.0,22700.0,23050.0,11677300
2025-06-23,22900.0,23350.0,22900.0,23300.0,12386100
2025-06-24,22900.0,23350.0,22900.0,23300.0,12386100
2025-06-25,23350.0,23450.0,22950.0,23050.0,12314300
2025-06-26,23350.0,24400.0,23350.0,23400.0,13113900
2025-06-27,23250.0,23400.0,22900.0,23400.0,7566600
2025-06-30,22850.0,23050.0,22850.0,23000.0,7522300
2025-07-01,22850.0,23050.0,22850.0,23000.0,7522300
2025-07-02,22550.0,23050.0,22500.0,22750.0,10513400
2025-07-03,22650.0,22700.0,22400.0,22550.0,11390200
2025-07-04,23200.0,23700.0,22550.0,22650.0,24413000
2025-07-07,23650.0,24050.0,23350.0,23550.0,24206200
2025-07-08,23650.0,24050.0,23350.0,23550.0,24206200
2025-07-09,23750.0,23750.0,23050.0,23650.0,27149100
2025-07-10,23750.0,24200.0,23700.0,24050.0,18046400
2025-07-11,23700.0,24000.0,23700.0,23750.0,13485900
2025-07-14,25300.0,25600.0,24800.0,25000.0,24622300
2025-07-15,25300.0,25600.0,24800.0,25000.0,24622300
2025-07-16,24600.0,25450.0,24600.0,25450.0,23867600
2025-07-17,24700.0,25050.0,24250.0,24500.0,15896500
2025-07-18,24550.0,25000.0,24550.0,25000.0,13663400
2025-07-21,25400.0,25950.0,25100.0,25500.0,19635100
2025-07-22,25400.0,25950.0,25100.0,25500.0,19635100
2025-07-23,27150.0,27150.0,25000.0,25300.0,26788800
2025-07-24,26950.0,28000.0,26750.0,28000.0,15708700
2025-07-25,27050.0,27850.0,26600.0,27100.0,16214600
2025-07-28,29350.0,29600.0,27900.0,28100.0,23971400
2025-07-29,29350.0,29600.0,27900.0,28100.0,23971400
2025-07-30,27300.0,29350.0,27300.0,28900.0,42513300
2025-07-31,26600.0,27450.0,25750.0,27100.0,29645900
2025-08-01,27000.0,27000.0,25350.0,26700.0,23255800
2025-08-04,27050.0,27200.0,25750.0,26050.0,15745100
2025-08-05,27050.0,27200.0,25750.0,26050.0,15745100
2025-08-06,26850.0,28000.0,25300.0,27350.0,29015800
2025-08-07,27400.0,27400.0,26800.0,27000.0,11440100
2025-08-08,27100.0,27900.0,26950.0,27600.0,15063600
2025-08-11,27900.0,28450.0,26700.0,26800.0,28596600
2025-08-12,27900.0,28450.0,26700.0,26800.0,28596600
2025-08-13,27600.0,28150.0,27300.0,28000.0,11561900
2025-08-14,27700.0,28000.0,26800.0,27800.0,22828500
2025-08-15,28300.0,28900.0,27500.0,27900.0,32415700
2025-08-18,30500.0,31500.0,30000.0,30500.0,23964100
2025-08-19,30500.0,31500.0,30000.0,30500.0,23964100
2025-08-20,31100.0,31650.0,30450.0,31100.0,30094400
2025-08-21,30200.0,31150.0,29150.0,31100.0,30998900
2025-08-22,31100.0,31500.0,30500.0,30700.0,20553900
2025-08-25,26950.0,29200.0,26950.0,29050.0,24455800
2025-08-26,26950.0,29200.0,26950.0,29050.0,24455800
2025-08-27,28600.0,28600.0,26550.0,26700.0,14952900
2025-08-28,28300.0,28900.0,27950.0,28900.0,17278600
2025-08-29,29250.0,29250.0,27850.0,28100.0,14800600
2025-09-01,29250.0,29250.0,29250.0,29250.0,0
2025-09-02,29250.0,29250.0,29250.0,29250.0,0
2025-09-03,30200.0,30550.0,29450.0,29700.0,15675600
2025-09-04,30200.0,30550.0,29450.0,29700.0,15675600
2025-09-05,29800.0,30400.0,29300.0,30400.0,19988000
2025-09-08,26750.0,28600.0,26750.0,28400.0,22738600
2025-09-09,26750.0,28600.0,26750.0,28400.0,22738600
2025-09-10,27200.0,27250.0,26400.0,26750.0,10766300
2025-09-11,26900.0,27650.0,26850.0,27450.0,7021400
2025-09-12,27000.0,27000.0,25950.0,27000.0,10651600
2025-09-15,27000.0,27000.0,27000.0,27000.0,0
2025-09-16,27500.0,27500.0,26850.0,27450.0,13013800
2025-09-17,27500.0,27800.0,27350.0,27600.0,7974800
2025-09-18,26800.0,27500.0,26800.0,27350.0,6685200
2025-09-19,26650.0,26900.0,26350.0,26850.0,7158700
2025-09-22,25000.0,26400.0,25000.0,26100.0,11632900
2025-09-23,25000.0,26400.0,25000.0,26100.0,11632900
2025-09-24,25200.0,25800.0,24950.0,24950.0,6802100
2025-09-25,26000.0,26000.0,25000.0,25500.0,8141200
2025-09-26,26200.0,26500.0,25950.0,26150.0,5181600
2025-09-29,25650.0,25950.0,25400.0,25600.0,4457700
2025-09-30,25650.0,25950.0,25400.0,25600.0,4457700
2025-10-01,26000.0,26250.0,25350.0,25700.0,6976100
2025-10-02,26300.0,26550.0,26050.0,26050.0,7769500
2025-10-03,25650.0,26450.0,25550.0,26300.0,6741000
2025-10-06,26300.0,26400.0,25400.0,25500.0,7102300
2025-10-07,26300.0,26400.0,25400.0,25500.0,7102300
2025-10-08,25650.0,26650.0,25650.0,26650.0,5532600
2025-10-09,26000.0,26200.0,25650.0,26200.0,6529500
2025-10-10,26750.0,26850.0,26200.0,26250.0,10419800
2025-10-13,26500.0,26650.0,26250.0,26450.0,9931300
2025-10-14,26500.0,26650.0,26250.0,26450.0,9931300
2025-10-15,26500.0,27400.0,26500.0,26500.0,17842200
2025-10-16,26750.0,27350.0,26700.0,26700.0,11112700
2025-10-17,26600.0,27050.0,26500.0,26800.0,8048200
2025-10-20,24000.0,26350.0,24000.0,25800.0,12582200
2025-10-21,24000.0,26350.0,24000.0,25800.0,12582200
2025-10-22,23800.0,24450.0,22350.0,24000.0,13644100
2025-10-23,23400.0,23900.0,22700.0,23900.0,8050000
2025-10-24,23100.0,23750.0,23100.0,23550.0,4229600
2025-10-27,22450.0,23000.0,22000.0,22850.0,4165600
2025-10-28,22450.0,23000.0,22000.0,22850.0,4165600
2025-10-29,22850.0,22900.0,22250.0,22450.0,4453600
2025-10-30,23200.0,23500.0,22950.0,23150.0,6319600
2025-10-31,22650.0,23400.0,22650.0,23400.0,5646400
2025-11-03,21500.0,22400.0,21500.0,22150.0,5213700
2025-11-04,22500.0,22850.0,21150.0,21500.0,8532500
2025-11-05,22500.0,22850.0,21150.0,21500.0,8532500
2025-11-06,21750.0,22450.0,21650.0,22450.0,4666500
2025-11-07,21450.0,21950.0,21400.0,21750.0,6607900
2025-11-10,20800.0,21550.0,20650.0,21500.0,6444300
2025-11-11,20900.0,21200.0,20200.0,21200.0,5938600
2025-11-12,21600.0,21600.0,20850.0,21000.0,6395700
2025-11-13,21350.0,21700.0,21350.0,21700.0,3122200
2025-11-14,21350.0,21650.0,21050.0,21300.0,6176300
2025-11-17,22150.0,22200.0,21300.0,21400.0,7987300
2025-11-18,22500.0,22750.0,22150.0,22250.0,11518600
2025-11-19,22500.0,22600.0,22300.0,22600.0,6418000
2025-11-20,22450.0,22500.0,22050.0,22450.0,4000000
2025-11-21,22300.0,22400.0,21750.0,22200.0,5506300
2025-11-24,22150.0,22450.0,22000.0,22400.0,3392100
2025-11-25,21050.0,22200.0,21050.0,22100.0,5262800
2025-11-26,22200.0,22300.0,21200.0,21200.0,5698400
2025-11-27,22250.0,22750.0,22200.0,22200.0,5665100
2025-11-28,22000.0,22250.0,21850.0,22250.0,4210100
2025-12-01,21750.0,22200.0,21700.0,22000.0,3243800
2025-12-02,22250.0,22400.0,21650.0,21700.0,4943300
2025-12-03,22550.0,22700.0,22200.0,22400.0,7941900
2025-12-04,22550.0,22700.0,22200.0,22400.0,7941900
2025-12-05,22750.0,23450.0,22500.0,22500.0,13578100
2025-12-08,22300.0,22900.0,22300.0,22750.0,3454400
2025-12-09,22550.0,22750.0,21850.0,22250.0,8570700
2025-12-10,22450.0,23000.0,22450.0,22600.0,6475400
2025-12-11,22250.0,22550.0,22150.0,22500.0,4221600
2025-12-12,20700.0,22250.0,20700.0,22150.0,8868700
2025-12-15,20150.0,20850.0,20100.0,20500.0,6651200
2025-12-16,21550.0,21550.0,19800.0,20600.0,7671900
2025-12-17,21650.0,21850.0,21250.0,21600.0,4611900
2025-12-18,21650.0,21850.0,21250.0,21600.0,4611900
2025-12-19,21500.0,21600.0,21250.0,21500.0,4525600
2025-12-22,22500.0,22600.0,21250.0,21550.0,11028500
2025-12-23,22450.0,22750.0,22250.0,22750.0,9174500
2025-12-24,22400.0,22800.0,22250.0,22450.0,4940000
2025-12-25,22400.0,22800.0,22250.0,22450.0,4940000
2025-12-26,21550.0,21950.0,21000.0,21950.0,8216700
2025-12-29,21300.0,21750.0,21300.0,21550.0,3121400
2025-12-30,21650.0,21650.0,21300.0,21350.0,4800700
2025-12-31,21300.0,21750.0,21300.0,21650.0,4140300
2026-01-01,21300.0,21300.0,21300.0,21300.0,0
2026-01-02,21300.0,21300.0,21300.0,21300.0,0
2026-01-05,20950.0,21500.0,20500.0,21500.0,7289700
2026-01-06,21200.0,21500.0,20600.0,20950.0,5987500
2026-01-07,21750.0,22000.0,21400.0,21500.0,7080600
2026-01-08,21850.0,22200.0,21450.0,21700.0,9955200
2026-01-09,21300.0,22050.0,21300.0,21950.0,7257700
2026-01-12,22000.0,22150.0,20950.0,21300.0,10663900
2026-01-13,23500.0,23500.0,21900.0,22300.0,34166600
2026-01-14,23050.0,24200.0,22950.0,23500.0,15903000
2026-01-15,23100.0,23350.0,22400.0,22950.0,16863200
2026-01-16,23000.0,23450.0,22700.0,23450.0,9040500
2026-01-19,23100.0,23400.0,22700.0,23000.0,7030000
2026-01-20,22900.0,23400.0,22850.0,23200.0,8531500
2026-01-21,22200.0,22900.0,22150.0,22550.0,9812500
2026-01-22,22400.0,22950.0,22250.0,22250.0,5322900
2026-01-23,22550.0,22950.0,22400.0,22500.0,6637000
2026-01-26,21600.0,22900.0,21300.0,22600.0,9672700
2026-01-27,21000.0,21800.0,21000.0,21700.0,6750500
2026-01-28,20850.0,21350.0,20700.0,21050.0,7699900
2026-01-29,20950.0,21300.0,20850.0,21300.0,3257800
2026-01-30,20850.0,21200.0,20700.0,21200.0,9228500
2026-02-02,20650.0,20800.0,20400.0,20750.0,9487100
2026-02-03,21500.0,21600.0,20750.0,20750.0,10283500
2026-02-04,21450.0,21650.0,21300.0,21600.0,5333800
2026-02-05,21000.0,21600.0,21000.0,21600.0,4545000
2026-02-06,20600.0,20950.0,20500.0,20900.0,7748100
2026-02-09,20500.0,21100.0,20500.0,21000.0,7314200
2026-02-10,20000.0,21450.0,20000.0,21000.0,24655700
2026-02-11,21400.0,21400.0,20500.0,21000.0,6526200
2026-02-12,22350.0,22700.0,21900.0,22500.0,19915800
2026-02-13,23100.0,23200.0,22300.0,22300.0,14234900
2026-02-16,23100.0,23100.0,23100.0,23100.0,0
2026-02-17,23100.0,23100.0,23100.0,23100.0,0
2026-02-18,23100.0,23100.0,23100.0,23100.0,0
2026-02-19,23100.0,23100.0,23100.0,23100.0,0
2026-02-20,23100.0,23100.0,23100.0,23100.0,0
2026-02-23,23400.0,23850.0,22550.0,23100.0,13645700
2026-02-24,24200.0,24350.0,23300.0,23400.0,18062200
2026-02-25,23600.0,24550.0,23600.0,24350.0,15154700
2026-02-26,23900.0,24050.0,23300.0,23600.0,12732900
2026-02-27,23400.0,24000.0,23400.0,23900.0,8495300
2026-03-02,22700.0,23350.0,22700.0,22700.0,16426400
2026-03-03,22700.0,23350.0,22700.0,22700.0,16426400
2026-03-04,22500.0,23250.0,21850.0,22800.0,14089400
2026-03-05,22350.0,23300.0,22350.0,22600.0,11494400
2026-03-06,22050.0,22550.0,22000.0,22350.0,6059400
2026-03-09,20550.0,20950.0,20550.0,20600.0,20427200
2026-03-10,21050.0,21500.0,20600.0,21000.0,10427800
2026-03-11,22450.0,22500.0,21100.0,21200.0,12062300
2026-03-12,22550.0,23300.0,22050.0,22100.0,13211300
2026-03-13,22500.0,22900.0,22300.0,22300.0,6430000
2026-03-16,22350.0,22850.0,22000.0,22550.0,6779800
2026-03-17,23000.0,23250.0,22500.0,22800.0,7822400
2026-03-18,22850.0,23550.0,22500.0,23150.0,9512700
2026-03-19,22350.0,22650.0,22200.0,22400.0,5942300
2026-03-20,22250.0,22850.0,22250.0,22250.0,9054700
2026-03-23,21250.0,22000.0,21000.0,21900.0,11502200
2026-03-24,22150.0,22200.0,21550.0,21950.0,4580100
2026-03-25,22550.0,22700.0,22150.0,22450.0,6167700
2026-03-26,22400.0,22750.0,22250.0,22700.0,5525400
2026-03-27,22750.0,22850.0,22300.0,22450.0,5592900
2026-03-30,23000.0,23300.0,22100.0,22350.0,10282800
2026-03-31,23600.0,23900.0,23000.0,23100.0,16665300
2026-04-01,23400.0,24050.0,23350.0,23900.0,14700700
2026-04-02,22850.0,23350.0,22850.0,23100.0,8547300
2026-04-03,22150.0,23100.0,22150.0,22850.0,12603900
2026-04-06,22100.0,22450.0,21800.0,22200.0,8088900
2026-04-07,22100.0,22450.0,21800.0,22450.0,7262800
2026-04-08,23050.0,23200.0,22600.0,22850.0,15475400
2026-04-09,22600.0,23000.0,22600.0,22900.0,13137000
2026-04-10,23100.0,24050.0,22650.0,22750.0,30032900
2026-04-13,22950.0,23500.0,22750.0,22900.0,12969000
2026-04-14,23000.0,23550.0,22950.0,23200.0,14493000
2026-04-15,22700.0,23300.0,22700.0,23150.0,12013700
2026-04-16,22350.0,22800.0,22250.0,22800.0,14998800
2026-04-17,22400.0,22800.0,22300.0,22400.0,9883800
2026-04-20,22550.0,22900.0,22450.0,22700.0,7546700
2026-04-21,22950.0,23400.0,22550.0,22800.0,18291600
2026-04-22,22650.0,23100.0,22650.0,23000.0,6568200
2026-04-23,22400.0,23300.0,22100.0,22800.0,17990900
2026-04-24,22350.0,22550.0,22150.0,22400.0,6601000
2026-04-27,22350.0,22350.0,22350.0,22350.0,0
2026-04-28,21850.0,22500.0,21800.0,22350.0,10046600
2026-04-29,21750.0,21900.0,21600.0,21850.0,9045100
2026-04-30,21750.0,21750.0,21750.0,21750.0,0
2026-05-01,21750.0,21750.0,21750.0,21750.0,0
2026-05-04,21850.0,22050.0,21700.0,21700.0,4034900
2026-05-05,21500.0,21900.0,21400.0,21850.0,7106800
2026-05-06,21950.0,22250.0,21500.0,21500.0,7209400
2026-05-07,22050.0,22450.0,22000.0,22150.0,9140500
2026-05-08,22150.0,22750.0,22000.0,22050.0,10698700
2026-05-11,22750.0,23200.0,22250.0,22450.0,25038300
2026-05-12,22550.0,22950.0,22450.0,22900.0,6210800
2026-05-13,22100.0,22900.0,22050.0,22500.0,12142200
2026-05-14,22100.0,22350.0,22000.0,22100.0,7246200
2026-05-15,21850.0,22300.0,21800.0,22100.0,10697300
2026-05-18,21700.0,21900.0,21550.0,21850.0,9602200
2026-05-19,21700.0,22250.0,21700.0,21800.0,7016700
2026-05-20,21400.0,21900.0,20700.0,21700.0,10321900
2026-05-21,21400.0,21650.0,21200.0,21600.0,5665000
2026-05-22,21200.0,21450.0,21050.0,21450.0,5693300
2026-05-25,21500.0,21850.0,21200.0,21200.0,4991800
2026-05-26,21550.0,21700.0,21350.0,21400.0,5044200
2026-05-27,21950.0,22100.0,21600.0,21600.0,10080300
2026-05-28,21350.0,22000.0,21350.0,22000.0,5220300
2026-05-29,21300.0,21450.0,21250.0,21450.0,4173700
2026-06-01,21400.0,21700.0,21250.0,21300.0,3547000
2026-06-02,21050.0,21500.0,21050.0,21350.0,4441800
2026-06-03,21100.0,21450.0,20850.0,20950.0,5235900
2026-06-04,21150.0,21400.0,21000.0,21200.0,4824500
2026-06-05,21100.0,21350.0,21100.0,21300.0,2846000
2026-06-08,20700.0,21000.0,20700.0,20900.0,5128200
2026-06-09,20750.0,20900.0,20700.0,20900.0,3360200
2026-06-10,20800.0,21000.0,20750.0,20800.0,3402100
2026-06-11,20550.0,20800.0,20550.0,20700.0,4434800
2026-06-12,20700.0,20850.0,20550.0,20700.0,5344600
2026-06-15,21150.0,21200.0,20750.0,20750.0,4009600
2026-06-16,21200.0,21250.0,21050.0,21250.0,3400500
2026-06-17,21450.0,21600.0,21150.0,21200.0,5526800
2026-06-18,21000.0,21500.0,21000.0,21500.0,4313400
2026-06-19,21000.0,21150.0,20900.0,21050.0,2539000
2026-06-22,20950.0,21050.0,20800.0,20900.0,3282200
2026-06-23,20800.0,21400.0,20800.0,20950.0,6025500
2026-06-24,20750.0,20900.0,20500.0,20850.0,4463800
2026-06-25,20550.0,20850.0,20550.0,20750.0,2102700
2026-06-26,20600.0,20800.0,20450.0,20650.0,3227800
2026-06-29,20700.0,20950.0,20600.0,20600.0,3523000
2026-06-30,21000.0,21000.0,20700.0,20700.0,4514900
2026-07-01,21000.0,21000.0,20700.0,20700.0,4514900
2026-07-02,20900.0,21200.0,20900.0,21200.0,3671900
2026-07-03,20650.0,21000.0,20600.0,21000.0,3750100
2026-07-06,20000.0,20850.0,19250.0,20800.0,8011300
2026-07-07,20200.0,20300.0,20000.0,20100.0,3376300
2026-07-08,20300.0,20450.0,20100.0,20200.0,3004700
2026-07-09,20000.0,20250.0,19900.0,20250.0,5740700
2026-07-10,19750.0,20000.0,19750.0,20000.0,3307400
2026-07-13,19350.0,19700.0,19150.0,19450.0,9374500
2026-07-14,19500.0,19550.0,19050.0,19300.0,2695300
2026-07-15,19450.0,19550.0,19300.0,19500.0,6821900
2026-07-16,19050.0,19400.0,18650.0,19200.0,8060600
2026-07-17,19000.0,19050.0,18650.0,19050.0,2292800
2026-07-20,17850.0,18950.0,17850.0,18800.0,7595700
2026-07-21,17600.0,18500.0,17600.0,17600.0,5255600
2026-07-22,16500.0,18100.0,16400.0,17600.0,19029800
2026-07-23,17650.0,17650.0,16250.0,16250.0,10307800
2026-07-24,17500.0,18100.0,17450.0,17750.0,9792900
2026-07-27,17200.0,17900.0,16900.0,17550.0,5909900
2026-07-28,17350.0,17650.0,16850.0,16950.0,4424300
2026-07-29,17400.0,17400.0,16950.0,17350.0,3078900
2026-07-30,17900.0,18100.0,17400.0,17400.0,7657800
2026-07-31,17800.0,18200.0,17600.0,17900.0,6237200
2026-08-03,18250.0,18400.0,17850.0,17900.0,6367700
2026-08-04,18200.0,18400.0,18050.0,18350.0,3821000
2026-08-05,18200.0,18650.0,18150.0,18300.0,6254300
2026-08-06,18150.0,18500.0,18050.0,18250.0,4875400
2026-08-07,18000.0,18250.0,17950.0,18100.0,3756400
2026-08-10,18150.0,18400.0,18000.0,18000.0,3537600
2026-08-11,18100.0,18400.0,18050.0,18200.0,3647400
2026-08-12,18200.0,18350.0,18100.0,18150.0,4978800
2026-08-13,17500.0,18350.0,17500.0,18250.0,9963000
2026-08-14,17150.0,17650.0,17100.0,17500.0,5245900
2026-08-17,17100.0,17400.0,17050.0,17150.0,2951400
2026-08-18,17000.0,17250.0,16800.0,17150.0,7906000
2026-08-19,16950.0,17000.0,16800.0,16900.0,2606400
2026-08-20,16900.0,17100.0,16800.0,16950.0,2296600
2026-08-21,17400.0,17500.0,16800.0,16850.0,5583300
2026-08-24,17350.0,17700.0,17350.0,17600.0,4216300
2026-08-25,17250.0,17700.0,17200.0,17400.0,5089300
2026-08-26,17350.0,17550.0,17150.0,17250.0,5108022
