Price,Close,High,Low,Open,Volume
Ticker,GAS.VN,GAS.VN,GAS.VN,GAS.VN,GAS.VN
Date,,,,,
2012-05-21,16148.9912109375,16188.378301281875,14573.479471146908,14573.479471146908,3154422
2012-05-22,16936.75,16936.75,16739.81158783043,16936.75,2438925
2012-05-23,16109.6083984375,16936.75114318772,16109.6083984375,16897.365009875917,1331042
2012-05-24,15321.8505859375,15755.11641837427,15321.8505859375,15361.237683531544,1272545
2012-05-25,15361.23828125,15676.340893439967,14612.870789627355,15321.851182123371,1105979
2012-05-28,14809.810546875,15440.015828788011,14770.42344415262,15440.015828788011,576653
2012-05-29,14455.314453125,14573.477649110084,14218.988061154832,14297.763201857393,527359
2012-05-30,14888.580078125,14927.968133213024,14455.314381744181,14573.477577145772,214675
2012-05-31,14652.2578125,14888.584269838233,14455.318451476303,14652.2578125,339171
2012-06-01,14652.2578125,14731.032974991826,14573.48168014542,14573.48168014542,174445
2012-06-04,14022.0498046875,14494.703593886401,14022.0498046875,14494.703593886401,483170
2012-06-05,14022.0498046875,14140.213009521585,13785.723395019328,13785.723395019328,416730
2012-06-06,14100.826171875,14179.601319877553,13903.886847074758,14022.050054009873,127710
2012-06-07,14770.4208984375,14770.4208984375,14100.828629207836,14297.767018465696,353266
2012-06-08,14770.4208984375,15479.401233463832,14731.032832640829,14888.584125964764,378291
2012-06-11,14494.705078125,14927.970853457527,14494.705078125,14573.480232793341,133774
2012-06-12,14297.7646484375,14770.418450061195,14297.7646484375,14770.418450061195,159808
2012-06-13,14337.154296875,14455.317517912816,14218.991075837184,14455.317517912816,42297
2012-06-14,14337.154296875,14494.705581546319,14218.991075837184,14258.378169607995,112027
2012-06-15,14612.87109375,14691.646263505547,14337.15654481132,14337.15654481132,101437
2012-06-18,14927.9697265625,14967.356815992058,14691.642340672235,14691.642340672235,228921
2012-06-19,14927.9697265625,15046.13293457634,14809.805548686076,14927.9697265625,332250
2012-06-20,15124.9111328125,15243.074364650643,14927.972736369853,14927.972736369853,282590
2012-06-21,15164.30078125,15282.4640254092,15006.749465750108,15282.4640254092,109644
2012-06-22,15203.685546875,15282.460702565535,15085.521358545191,15124.909421321794,230447
2012-06-25,14927.9697265625,15243.071291311879,14809.805548686076,15243.071291311879,272693
2012-06-26,14927.9697265625,14927.9697265625,14652.25525124268,14652.25525124268,135413
2012-06-27,14967.357421875,15124.908695558703,14888.582269964461,14888.582269964461,71218
2012-06-28,15164.30078125,15164.30078125,14967.361394409414,15164.30078125,396799
2012-06-29,15124.9111328125,15243.074364650643,15124.9111328125,15243.074364650643,745249
2012-07-02,15164.30078125,15755.117971908876,15124.912709909308,15243.075954068505,141074
2012-07-03,15203.685546875,15282.460702565535,15046.134265631257,15085.521358545191,124659
2012-07-04,15085.5205078125,15203.68468947856,15046.133417119763,15164.296628923206,228392
2012-07-05,15085.5205078125,15124.908568367853,14770.418932957524,15085.5205078125,40910
2012-07-06,15085.5205078125,15085.5205078125,14770.418932957524,15085.5205078125,34770
2012-07-09,14967.357421875,15085.52063467212,14849.19420907788,15085.52063467212,18797
2012-07-10,14770.4208984375,14967.359287695359,14770.4208984375,14849.196060168095,69213
2012-07-11,14888.580078125,14888.580078125,14573.477577145772,14573.477577145772,41528
2012-07-12,14927.9697265625,14927.9697265625,14809.805548686076,14927.9697265625,3567
2012-07-13,15006.7470703125,15046.135135365912,14927.971910068403,14967.359005259088,97
2012-07-16,15085.5205078125,15085.5205078125,14809.80602365026,14809.80602365026,95713
2012-07-17,15085.5205078125,15203.68468947856,14967.357296009057,15203.68468947856,229879
2012-07-18,15124.9111328125,15203.687267279782,14849.19660190257,15203.687267279782,184771
2012-07-19,15794.5029296875,15794.5029296875,14927.972266841756,15124.910657090119,1032844
2012-07-20,15597.56640625,15755.117719223032,15518.79026483205,15755.117719223032,362595
2012-07-23,15518.7919921875,15597.568142373813,15361.24066167785,15597.568142373813,64838
2012-07-24,15203.685546875,15518.787139499811,15006.746202854654,15518.787139499811,42158
2012-07-25,15203.685546875,15361.23585825607,14967.358140078051,14967.358140078051,74622
2012-07-26,15321.8505859375,15321.8505859375,15203.687353429797,15321.8505859375,35615
2012-07-27,15440.0107421875,15440.0107421875,15046.133055683495,15046.133055683495,46394
2012-07-30,15440.0107421875,15440.0107421875,15046.133055683495,15046.133055683495,46394
2012-07-31,15321.8505859375,15518.788983496077,15282.46251848067,15518.788983496077,47213
2012-08-01,15361.23828125,15400.62635023945,15321.851182123371,15321.851182123371,159052
2012-08-02,15479.4033203125,15597.566563769888,15282.463934641602,15361.239106992236,478304
2012-08-03,15479.4033203125,15518.79042155638,15361.239106992236,15400.62717809899,427169
2012-08-06,15518.7919921875,15636.955247603995,15361.24066167785,15636.955247603995,387356
2012-08-07,15518.7919921875,15558.180067280657,15400.628736771007,15518.7919921875,50138
2012-08-08,15400.6259765625,15558.177278834699,15400.6259765625,15558.177278834699,111535
2012-08-09,15400.6259765625,15518.78921080095,15400.6259765625,15400.6259765625,176462
2012-08-10,15400.6259765625,15518.78921080095,15400.6259765625,15400.6259765625,104551
2012-08-13,15400.6259765625,15440.01404459625,15164.299508085604,15164.299508085604,66402
2012-08-14,15440.0107421875,15479.398801796677,15361.234622969143,15361.234622969143,82224
2012-08-15,15518.7919921875,15558.180067280657,15479.404886957318,15518.7919921875,217638
2012-08-16,15794.5029296875,15873.279061677045,15558.176473444366,15558.176473444366,899006
2012-08-17,16385.318359375,16464.094487946633,15873.278372972916,15873.278372972916,3056678
2012-08-20,16503.482421875,16542.8704858497,16385.318229950903,16542.8704858497,359897
2012-08-21,15715.728515625,16464.09598597126,15715.728515625,16464.09598597126,981621
2012-08-22,15952.0498046875,16148.989110241504,15164.294522196446,15164.294522196446,536121
2012-08-23,15164.30078125,15755.117971908876,15164.30078125,15755.117971908876,767375
2012-08-24,15558.177734375,15873.280348145538,14494.70762522797,14494.70762522797,594038
2012-08-27,14809.810546875,15518.791004095681,14809.810546875,15518.791004095681,426968
2012-08-28,15085.5205078125,15243.071780171296,14652.255721154079,14652.255721154079,182388
2012-08-29,15833.8876953125,15833.8876953125,15676.33643403569,15676.33643403569,1631396
2012-08-30,16148.9912109375,16227.766361488857,15952.051879765198,16070.215090523538,1518020
2012-08-31,16471.970703125,16512.34346541397,16270.108879898522,16350.853410367276,1512990
2012-09-03,16471.970703125,16471.970703125,16471.970703125,16471.970703125,0
2012-09-04,16593.0859375,16714.20420934211,16471.96865976695,16714.20420934211,798338
2012-09-05,16391.228515625,16673.83590382543,16270.11120555472,16593.090367705692,195033
2012-09-06,15745.267578125,16431.600631462745,15745.267578124998,16229.737793285296,219869
2012-09-07,16512.341796875,16512.341796875,15704.892597341837,16027.87168068965,454729
2012-09-10,16108.62109375,16431.601249335123,15866.386474115823,16431.601249335123,573337
2012-09-11,16229.7353515625,16552.71544641116,15785.637969672882,15866.383490439615,199080
2012-09-12,16471.970703125,16512.34346541397,16148.991587140797,16229.736117609553,713605
2012-09-13,16673.833984375,16714.206747787255,16512.343924835182,16552.71668824744,672266
2012-09-14,16875.693359375,17117.92791640753,16754.577074967805,17117.92791640753,1039186
2012-09-17,16673.833984375,16956.441340042373,16673.833984375,16754.579511199514,142625
2012-09-18,16229.7353515625,16714.205493835485,15947.12801709721,16714.205493835485,181102
2012-09-19,16431.599609375,16552.716907103946,16108.619486024996,16108.619486024996,331317
2012-09-20,16148.9912109375,16431.59855215836,15987.501159652842,16431.59855215836,58673
2012-09-21,16148.9912109375,16471.970319397653,16027.872926892134,16471.970319397653,124243
2012-09-24,15664.5205078125,16148.990644678694,15543.403222123232,15745.265033568967,547429
2012-09-25,16068.24609375,16148.991618484662,15826.011507764397,15826.011507764397,382716
2012-09-26,16148.9912109375,16310.480268112995,16027.872926892134,16027.872926892134,148437
2012-09-27,15826.009765625,16108.617082868304,15826.009765625,16068.244324945237,113477
2012-09-28,16189.36328125,16229.736043354256,15745.26588043075,15745.26588043075,250883
2012-10-01,15624.1455078125,16148.988329363652,15583.773747777015,16148.988329363652,163464
2012-10-02,15624.1455078125,15745.262776136924,15583.773747777015,15745.262776136924,286662
2012-10-03,15624.1455078125,15745.262776136924,15583.773747777015,15624.145507812498,298639
2012-10-04,15664.5205078125,15704.893267745298,15624.1477478797,15704.893267745298,204501
2012-10-05,15987.50390625,16068.248448709377,15664.523748193824,15664.523748193824,273992
2012-10-08,16027.8740234375,16189.364085770485,15906.756725215071,15906.756725215071,305497
2012-10-09,16027.8740234375,16108.619551658609,15664.522128770212,16108.619551658609,300442
2012-10-10,16027.8740234375,16027.874023437502,15826.012191103195,15826.012191103195,42536
2012-10-11,16027.8740234375,16068.246787548054,15947.129489325625,16027.874023437502,138906
2012-10-12,15906.7607421875,16068.250845301967,15906.7607421875,16068.250845301967,99748
2012-10-15,15624.1455078125,16068.242821074713,15583.773747777015,16068.242821074713,57375
2012-10-16,15745.267578125,15947.130416302445,15664.523039319592,15704.895805776941,110552
2012-10-17,15704.896484375,15906.758337165475,15664.523716173175,15745.268258467497,44314
2012-10-18,15704.896484375,15866.38656307298,15704.896484375002,15866.38656307298,75744
2012-10-19,16068.24609375,16068.246093750002,15624.148690036933,15826.011507764397,342600
2012-10-22,15906.7607421875,16068.250845301967,15745.270639073033,16068.250845301967,5105
2012-10-23,16148.9912109375,16310.480268112995,15947.128398304387,16068.24568824059,217512
2012-10-24,16068.24609375,16229.736149110135,16068.246093750002,16229.736149110135,67473
2012-10-25,15866.3828125,16108.617376231714,15866.3828125,15866.3828125,16313
2012-10-26,15866.3828125,15987.500094365856,15785.637295183365,15866.3828125,33295
2012-10-29,15947.1318359375,16068.249151982278,15866.387289944108,16068.249151982278,37733
2012-10-30,15987.50390625,16068.248448709377,15987.50390625,15987.50390625,100088
2012-10-31,15947.1318359375,16108.621922033664,15947.1318359375,15947.1318359375,96861
2012-11-01,15947.1318359375,16027.876381930893,15906.759065886115,16027.876381930893,282388
2012-11-02,15583.77734375,15745.266409373682,15341.54175709605,15341.54175709605,120096
2012-11-05,15704.896484375,15785.641026669324,15583.779173878851,15704.896484375002,127004
2012-11-06,15745.267578125,15866.38587749704,15664.523039319592,15866.38587749704,14346
2012-11-07,15745.267578125,15826.013111039692,15664.523039319592,15826.013111039692,82942
2012-11-08,15745.267578125,15826.013111039692,15704.895805776941,15826.013111039692,131896
2012-11-09,15745.267578125,15906.757649845098,15704.895805776941,15745.267578124998,313994
2012-11-12,15745.267578125,15906.757649845098,15745.267578124998,15906.757649845098,139120
2012-11-13,15745.267578125,15826.013111039692,15745.267578124998,15826.013111039692,125643
2012-11-14,15745.267578125,15826.013111039692,15704.895805776941,15745.267578124998,150857
2012-11-15,15704.896484375,15826.01379487115,15704.896484375002,15826.01379487115,56543
2012-11-16,15745.267578125,15785.640344582345,15664.523039319592,15664.523039319592,55988
2012-11-19,15664.5205078125,15785.637793501764,15664.520507812498,15704.893267745298,75819
2012-11-20,15704.896484375,15745.268258467497,15664.523716173175,15664.523716173175,17133
2012-11-21,15664.5205078125,15785.637793501764,15664.520507812498,15704.893267745298,111914
2012-11-22,15745.267578125,15785.640344582345,15704.895805776941,15704.895805776941,186649
2012-11-23,15745.267578125,15785.640344582345,15664.523039319592,15745.267578124998,103454
2012-11-26,15664.5205078125,15704.893267745298,15624.1477478797,15704.893267745298,56051
2012-11-27,15664.5205078125,15704.893267745298,15624.1477478797,15624.1477478797,37493
2012-11-28,15704.896484375,15745.268258467497,15624.150947971346,15624.150947971346,54299
2012-11-29,15664.5205078125,15704.893267745298,15664.520507812498,15704.893267745298,30433
2012-11-30,15664.5205078125,15745.265033568967,15664.520507812498,15704.893267745298,51059
2012-12-03,15704.896484375,15745.268258467497,15664.523716173175,15704.896484375002,76160
2012-12-04,16119.2734375,16119.2734375,15787.771381620045,15912.08439749025,170235
2012-12-05,16160.7099609375,16160.7099609375,16036.396948669546,16119.272970407572,45486
2012-12-06,15994.958984375,16119.271989074845,15994.958984375,16119.271989074845,3479
2012-12-07,15953.5224609375,16077.835477208047,15829.209444666953,15994.960473140722,23159
2012-12-10,15994.958984375,16077.833980728556,15870.644959336134,15994.958984375,50529
2012-12-11,16119.2734375,16285.024465439978,15994.960421629794,16160.71042923066,8282
2012-12-12,16119.2734375,16160.71042923066,15953.522409560022,15994.960421629794,86258
2012-12-13,15994.958984375,16160.708977082111,15994.958984375,16119.271989074845,160527
2012-12-14,15994.958984375,16160.708977082111,15994.958984375,16160.708977082111,74231
2012-12-17,16077.83203125,16160.707017554749,15953.519041623425,15994.95704494525,141881
2012-12-18,16119.2734375,16119.2734375,16036.397413360453,16077.835425430227,245310
2012-12-19,16077.83203125,16119.270034571822,15994.95704494525,16119.270034571822,44276
2012-12-20,15953.5224609375,16119.27348941127,15953.5224609375,16119.27348941127,98147
2012-12-21,15829.20703125,16036.395019998736,15787.769025364667,15953.520028567034,29551
2012-12-24,16077.83203125,16077.83203125,15746.330045353205,16077.83203125,46520
2012-12-25,16077.83203125,16119.270034571822,15994.95704494525,16077.83203125,55849
2012-12-26,16119.2734375,16119.2734375,15953.522409560022,15953.522409560022,41893
2012-12-27,16119.2734375,16160.71042923066,16077.835425430227,16119.2734375,137670
2012-12-28,15994.958984375,16160.708977082111,15994.958984375,15994.958984375,97768
2012-12-31,15994.958984375,15994.958984375,15994.958984375,15994.958984375,0
2013-01-01,15994.958984375,15994.958984375,15994.958984375,15994.958984375,0
2013-01-02,16160.7099609375,16160.7099609375,15994.959958139618,16036.396948669546,114435
2013-01-03,16160.7099609375,16367.89899494348,16077.834959538559,16160.7099609375,2040487
2013-01-04,16533.650390625,16657.963405694038,16160.710325078782,16450.77436701957,1662864
2013-01-07,16533.650390625,16699.401417496752,16533.650390625,16575.088402427715,884521
2013-01-08,16906.587890625,17155.21491837848,16409.335875796063,16492.21087148788,1098944
2013-01-09,16616.5234375,17279.526446587446,16533.648443991187,17072.338452645927,1503648
2013-01-10,16906.587890625,16906.587890625,16533.648879503296,16616.523875195115,360578
2013-01-11,17735.341796875,17735.341796875,16989.462802756472,16989.462802756472,1272885
2013-01-14,18315.47265625,18605.536698225274,17693.906560491807,17735.344572299447,636398
2013-01-15,17942.525390625,18315.465306561025,17859.649400266462,18315.465306561025,600632
2013-01-16,18108.283203125,18356.91128229008,17901.09517783238,17901.09517783238,1966912
2013-01-17,17403.841796875,18149.719856450443,17403.841796875,18108.28184636101,637054
2013-01-18,17238.08984375,17611.029895764033,17196.653874129006,17403.84188494652,693446
2013-01-21,16865.150390625,17320.964383591963,16823.712383868373,17320.964383591963,940232
2013-01-22,16865.150390625,17320.964383591963,16699.399383937478,16782.27437711175,1089993
2013-01-23,16865.150390625,17072.33838373017,16740.836370355122,17072.33838373017,190961
2013-01-24,17362.400390625,17445.276394592966,16865.148448172666,16865.148448172666,1277575
2013-01-25,18564.099609375,18564.099609375,17403.843383789062,17486.71941152472,1230866
2013-01-28,18854.162109375,19848.666197394083,18854.162109375,19475.728184726002,1095124
2013-01-29,18854.162109375,19351.414153384543,18605.53608737023,18688.410067586392,1047721
2013-01-30,19061.345703125,19682.911634416985,18895.595740430053,19185.659705654467,532452
2013-01-31,18522.66015625,19061.35021331757,18522.66015625,19019.91220266958,515697
2013-02-01,18646.970703125,18646.970703125,18191.154711866042,18439.7806886083,446925
2013-02-04,19061.345703125,19434.285670035726,18895.595740430053,19061.345703125,471269
2013-02-05,18854.162109375,19144.226141826926,18771.286088480698,19061.35012093262,333977
2013-02-06,19185.662109375,19185.662109375,18854.160101774425,18854.160101774425,595501
2013-02-07,19144.2265625,19309.976567252637,19061.350539784587,19309.976567252637,470778
2013-02-08,19351.41796875,19351.417968750004,18978.47784187413,19185.667934959918,460591
2013-02-11,19351.41796875,19351.417968750004,19351.417968750004,19351.417968750004,0
2013-02-12,19351.41796875,19351.417968750004,19351.417968750004,19351.417968750004,0
2013-02-13,19351.41796875,19351.417968750004,19351.417968750004,19351.417968750004,0
2013-02-14,19351.41796875,19351.417968750004,19351.417968750004,19351.417968750004,0
2013-02-15,19351.41796875,19351.417968750004,19351.417968750004,19351.417968750004,0
2013-02-18,19351.41796875,19558.606021157244,19227.105953577076,19558.606021157244,437368
2013-02-19,19061.345703125,19351.409668349414,19061.345703125,19351.409668349414,816770
2013-02-20,19227.1015625,19392.85155843617,19102.787535039308,19144.225544192872,881734
2013-02-21,19061.345703125,19848.66159711193,19061.345703125,19351.409668349414,1134055
2013-02-22,19102.7890625,19392.853109090407,18978.475025099146,19144.227074966948,869606
2013-02-25,19185.662109375,19351.412092836323,19102.786097305376,19351.412092836323,138174
2013-02-26,18646.970703125,19227.098662416196,18481.218691511644,19227.098662416196,702107
2013-02-27,19102.7890625,19102.7890625,18315.472947662674,18646.975006720033,460377
2013-02-28,19061.345703125,19227.09770649762,18937.033741273208,19144.221704811313,231745
2013-03-01,19185.662109375,19434.288104905947,19061.34809127056,19061.34809127056,396799
2013-03-04,18937.037109375,19309.97510193802,18937.037109375,19227.10112618959,332867
2013-03-05,18729.845703125,18937.035729089468,18646.971733417104,18729.845703125,112910
2013-03-06,19019.91015625,19019.91015625,18729.846153601233,18854.16017216982,50353
2013-03-07,18895.599609375,19061.349606007883,18895.599609375004,19019.91159668014,294378
2013-03-08,18895.599609375,19061.349606007883,18688.409562736284,18688.409562736284,44263
2013-03-11,18895.599609375,19061.349606007883,18771.28558139177,18937.037618702747,107892
2013-03-12,18978.474609375,19144.226655611998,18895.6006269347,19061.3506324935,296269
2013-03-13,18978.474609375,19019.91262093425,18895.6006269347,19019.91262093425,252131
2013-03-14,18978.474609375,19019.91262093425,18771.286592256954,18895.6006269347,197655
2013-03-15,18937.037109375,19102.787101549893,18937.037109375,18978.473076910195,253076
2013-03-18,19475.728515625,19600.040508400412,19019.91243364,19061.3504447912,541000
2013-03-19,20304.486328125,20387.362365576526,19475.732075645406,19475.732075645406,672669
2013-03-20,21340.421875,21547.611903011315,20304.47989765507,20594.543896193,528708
2013-03-21,20718.857421875,21340.42347103974,20677.42145385167,21340.42347103974,680839
2013-03-22,20926.052734375,21754.80699504155,20677.426660242894,20718.862638699433,847153
2013-03-25,20718.857421875,21547.613514546694,20677.42145385167,21340.42347103974,596106
2013-03-26,20677.42578125,21133.23989100254,20677.42578125,20718.861757945106,322605
2013-03-27,21547.611328125,21547.611328125,20511.667337740957,20677.419355727776,891429
2013-03-28,21961.990234375,22790.744313318453,21340.424164997876,21340.424164997876,3204964
2013-03-29,22169.181640625,22376.371722614393,21547.617516692146,21961.99359931405,344037
2013-04-01,23619.498046875,23619.498046875,21961.98991322576,22169.17791976239,858991
2013-04-02,23205.123046875,24241.065165462696,23205.123046875,23826.689134298893,2052300
2013-04-03,22790.74609375,23619.500237436398,22376.370042245944,23412.31221168437,1023326
2013-04-04,21754.80078125,22790.742801018958,21754.80078125,22790.742801018958,1670290
2013-04-05,22169.181640625,22376.371722614393,21754.8055580031,22169.181640625,704049
2013-04-08,22376.37109375,22790.747164726297,21961.99298209532,22376.37109375,485868
2013-04-09,23412.3125,23619.500528303488,22169.180248822457,22376.370317804256,1739301
2013-04-10,22790.74609375,24862.63247330514,22790.74609375,23619.500237436398,2581210
2013-04-11,23826.6875,23826.6875,22997.933453839363,23412.309456580657,904150
2013-04-12,22997.93359375,24033.875647583558,22583.55554780974,24033.875647583558,767828
2013-04-15,22997.93359375,23619.4976016433,22376.36754517864,22790.74355044084,951251
2013-04-16,22790.74609375,23205.12418593234,22376.370042245944,22790.74609375,1409762
2013-04-17,22997.93359375,23205.121596381097,22583.55554780974,23205.121596381097,439776
2013-04-18,22376.37109375,22790.747164726297,22169.18101758347,22790.747164726297,448072
2013-04-19,22376.37109375,22376.37109375,22376.37109375,22376.37109375,0
2013-04-22,21961.990234375,22583.55630375212,21754.802224808667,22376.368294185788,758373
2013-04-23,22376.37109375,22583.55912923815,21754.804946607168,22376.37109375,828759
2013-04-24,22583.552734375,22583.552734375,22376.364757555155,22583.552734375,101903
2013-04-25,22376.37109375,22790.747164726297,22169.18101758347,22583.55912923815,330964
2013-04-26,21961.990234375,22376.368294185788,21961.990234375,22376.368294185788,618383
2013-04-29,21961.990234375,21961.990234375,21961.990234375,21961.990234375,0
2013-04-30,21961.990234375,21961.990234375,21961.990234375,21961.990234375,0
2013-05-01,21961.990234375,21961.990234375,21961.990234375,21961.990234375,0
2013-05-02,21961.990234375,22376.368294185788,21961.990234375,22169.17824394133,464234
2013-05-03,21961.990234375,22376.368294185788,21961.990234375,21961.990234375,287292
2013-05-06,22997.93359375,22997.93359375,22169.17750186948,22169.17750186948,826881
2013-05-07,22376.37109375,22790.747164726297,22376.37109375,22790.747164726297,71732
2013-05-08,22583.552734375,22790.74071119484,22376.364757555155,22583.552734375,625544
2013-05-09,22583.552734375,22997.930728692492,22583.552734375,22790.74071119484,1289086
2013-05-10,22790.74609375,23619.500237436398,22790.74609375,23205.12418593234,2252843
2013-05-13,22583.552734375,23205.118705512337,22583.552734375,22997.930728692492,1142161
2013-05-14,22790.74609375,22790.74609375,22376.370042245944,22583.558067997972,626729
2013-05-15,23001.767578125,23212.792377626014,22579.71590065476,23001.767578125,1099814
2013-05-16,23212.791015625,23423.81788121231,22790.741441386563,23001.76622850578,879932
2013-05-17,23001.767578125,23212.792377626014,22790.74277862399,23212.792377626014,546118
2013-05-20,23212.791015625,23423.81788121231,22790.741441386563,23001.76622850578,1410266
2013-05-21,24056.896484375,24478.948211499326,23423.822011391207,23423.822011391207,1613633
2013-05-22,24056.896484375,24478.948211499326,23845.87166004707,24056.896484375004,869972
2013-05-23,24478.9453125,25112.0217889781,23845.8688360219,24056.89363535853,1568398
2013-05-24,24689.970703125,24689.970703125,24056.89421148565,24478.945898734637,696535
2013-05-27,25745.09765625,26167.1472449363,24900.99640040924,24900.99640040924,1155449
2013-05-28,26167.150390625,26378.17728880495,25745.100751201928,25745.100751201928,1092817
2013-05-29,25534.068359375,26589.19638785904,25534.068359375004,26167.144760771833,1490334
2013-05-30,25956.1171875,25956.117187499996,25112.016102816677,25534.065605924465,860365
2013-05-31,25534.068359375,26378.17161354942,25534.068359375004,26378.17161354942,1109647
2013-06-03,25323.044921875,25745.096571242415,25323.044921875,25745.096571242415,659293
2013-06-04,24900.994140625,25534.068466202472,24900.994140625,25534.068466202472,1042350
2013-06-05,25534.068359375,25534.068359375004,24900.99403644614,25112.018810755762,721169
2013-06-06,26167.150390625,26167.150390625,25323.04903331044,25534.073853021975,1422104
2013-06-07,27222.28125,27644.3309297932,26167.152893579776,26167.152893579776,988580
2013-06-10,26800.228515625,27644.3299229363,26800.228515625,27222.28025851492,917060
2013-06-11,26378.177734375,26800.227380927176,26167.150832630465,26589.20255765109,999839
2013-06-12,26378.177734375,26800.227380927176,26167.150832630465,26167.150832630465,552182
2013-06-13,26378.177734375,26589.20255765109,25956.12600935438,26378.177734375004,871170
2013-06-14,26167.150390625,26800.22692822802,26167.150390625,26800.22692822802,347757
2013-06-17,25323.044921875,26378.173006059504,25323.044921875,26378.173006059504,1091354
2013-06-18,25112.0234375,25534.07306387943,24900.998624310283,25323.048250689713,849422
2013-06-19,25534.068359375,25745.09521215259,25323.04358506538,25534.068359375004,224307
2013-06-20,25112.0234375,25534.07306387943,24900.998624310283,25534.07306387943,577674
2013-06-21,25112.0234375,25323.048250689713,24689.97173265222,24900.998624310283,332199
2013-06-24,24478.9453125,25323.04658831473,24056.89363535853,25323.04658831473,727057
2013-06-25,23423.8203125,24689.971245104207,23001.76861598639,24267.921627058906,1211009
2013-06-26,24056.896484375,24056.896484375004,23212.79510859481,23845.87166004707,581280
2013-06-27,24900.994140625,25112.01891581749,24056.890882919088,24267.917736579555,972494
2013-06-28,24478.9453125,25112.0217889781,24478.9453125,25112.0217889781,461360
2013-07-01,25112.0234375,25112.0234375,24056.895214614724,24267.92210627279,453329
2013-07-02,25534.068359375,25745.09521215259,24900.99403644614,24900.99403644614,528329
2013-07-03,25323.044921875,25745.096571242415,25112.02013642533,25323.044921875,443899
2013-07-04,25323.044921875,25534.069707324667,25112.02013642533,25534.069707324667,187872
2013-07-05,24900.994140625,25534.068466202472,24900.994140625,25323.04369100998,363339
2013-07-08,24478.9453125,24900.996989641473,24478.9453125,24900.996989641473,280661
2013-07-09,24900.994140625,24900.994140625,24478.942511772046,24689.967286964536,133901
2013-07-10,25323.044921875,25534.069707324667,25112.02013642533,25112.02013642533,408952
2013-07-11,25323.044921875,25534.069707324667,25112.02013642533,25323.044921875,279766
2013-07-12,26589.205078125,26589.205078125,25323.051861508957,25323.051861508957,1271297
2013-07-15,26800.228515625,27433.30509072561,26589.20368341431,26800.228515625,636764
2013-07-16,27222.28125,27222.28125,26800.229491738188,27011.254331634787,741177
2013-07-17,27222.28125,27433.3060898966,26800.229491738188,27011.254331634787,487381
2013-07-18,27222.28125,27433.3060898966,26800.229491738188,27011.254331634787,600203
2013-07-19,27644.32421875,28066.37587455292,27222.27464141519,27433.299430082596,1299146
2013-07-22,27644.32421875,27855.351085885515,27222.27464141519,27644.32421875,985189
2013-07-23,27433.306640625,27855.358407359574,27222.28179649204,27644.331484757957,618710
2013-07-24,26589.205078125,27644.331372992605,26589.205078125,27433.306529712812,1335430
2013-07-25,26589.205078125,27011.25476468458,26589.205078125,26589.205078125,476350
2013-07-26,27011.251953125,27222.27885290797,26378.17748918137,27011.251953124996,493609
2013-07-29,26589.205078125,27222.28168643302,26378.180234845207,27222.28168643302,293949
2013-07-30,26800.228515625,27011.253347835693,26589.20368341431,26589.20368341431,356292
2013-07-31,27644.32421875,27855.351085885515,26800.222985612272,26800.222985612272,692778
2013-08-01,27644.32421875,27855.351085885515,27433.299430082596,27644.32421875,453770
2013-08-02,27644.32421875,27855.351085885515,27433.299430082596,27855.351085885515,302673
2013-08-05,27433.306640625,27855.358407359574,27222.28179649204,27644.331484757957,306380
2013-08-06,27644.32421875,27644.32421875,27222.27464141519,27222.27464141519,120537
2013-08-07,28488.42578125,28699.452650825253,27644.324538353398,27644.324538353398,954188
2013-08-08,28488.42578125,28699.452650825253,28066.376199035767,28277.400990142884,261687
2013-08-09,28910.482421875,29121.50724933196,28488.430688492583,28488.430688492583,373072
2013-08-12,29121.509765625,29121.509765624996,28488.43315008357,28910.48491993408,604149
2013-08-13,29121.505859375,29763.892312682143,29121.505859375004,29335.63397413271,860075
2013-08-14,29978.01953125,30192.14763960637,29121.504988790566,29121.504988790566,1690877
2013-08-15,30192.14453125,30620.40281290644,30192.14453125,30192.14453125,959168
2013-08-16,29978.01953125,30406.27574796274,29763.89142289363,30192.14763960637,531166
2013-08-19,30620.412109375,30834.540260696438,29763.897395054875,29978.02554637631,1034798
2013-08-20,29978.01953125,30620.405965353064,29763.89142289363,30406.27574796274,927612
2013-08-21,29549.76953125,29978.02797765995,29121.513193874598,29978.02797765995,932151
2013-08-22,29121.505859375,29763.892312682143,28693.247520825567,29121.505859375004,781394
2013-08-23,28907.373046875,29335.63134707312,28479.116855710712,29121.503251490973,760012
2013-08-26,29335.63671875,29549.764853541357,28264.993935759012,28693.250205341723,728986
2013-08-27,28693.24609375,29335.632515107674,28693.24609375,29335.632515107674,188540
2013-08-28,27836.736328125,28693.251000047178,27622.608187403024,28479.1228593252,1032391
2013-08-29,27836.736328125,28264.994718603226,27836.736328125,27836.736328125,686298
2013-08-30,27408.478515625,28050.865060371576,27194.350370387583,27836.736915134155,1449777
2013-09-02,27408.478515625,27408.478515625004,27408.478515625004,27408.478515625004,0
2013-09-03,27836.736328125,28050.864468846976,27622.608187403024,27836.736328125,492248
2013-09-04,27836.736328125,28264.994718603226,27622.608187403024,27836.736328125,517525
2013-09-05,28050.857421875,28050.857421875004,27622.60124801811,27836.729334946554,716265
2013-09-06,28264.998046875,28264.998046875,27836.73960596831,28050.867771904395,498665
2013-09-09,27622.607421875,28050.863691450337,27408.47717805312,28050.863691450337,1035114
2013-09-10,27836.736328125,28050.864468846976,27622.608187403024,27622.608187403024,542248
2013-09-11,28050.857421875,28264.987617837192,27836.729334946554,28050.857421875004,506242
2013-09-12,28050.857421875,28264.987617837192,27836.729334946554,27836.729334946554,242133
2013-09-13,28050.857421875,28479.115704765638,28050.857421875004,28050.857421875004,306821
2013-09-16,27836.736328125,28264.994718603226,27836.736328125,28050.864468846976,504641
2013-09-17,28050.857421875,28479.115704765638,27836.729334946554,27836.729334946554,700077
2013-09-18,28050.857421875,28479.115704765638,27836.729334946554,28264.987617837192,697619
2013-09-19,28050.857421875,28479.115704765638,27836.729334946554,28479.115704765638,1121498
2013-09-20,27836.736328125,28050.864468846976,27836.736328125,28050.864468846976,606318
2013-09-23,28050.857421875,28050.857421875004,27622.60124801811,28050.857421875004,655927
2013-09-24,28479.119140625,28693.247253386904,28050.860806067198,28050.860806067198,834117
2013-09-25,28693.24609375,28907.37419785792,28264.98988553416,28479.11798964208,866013
2013-09-26,28264.998046875,28693.25437874717,27836.73960596831,28693.25437874717,2738674
2013-09-27,28693.24609375,28907.37419785792,28264.98988553416,28264.98988553416,693812
2013-09-30,28693.24609375,28907.37419785792,28479.11798964208,28907.37419785792,502283
2013-10-01,28479.119140625,28907.375366148808,28264.9910278631,28479.119140625,1605741
2013-10-02,28050.857421875,28693.243791694087,27622.60124801811,28693.243791694087,1811326
2013-10-03,28050.857421875,28479.115704765638,28050.857421875004,28264.987617837192,653821
2013-10-04,29335.63671875,29335.636718750004,27836.73555714209,28264.993935759012,2937477
2013-10-07,29121.505859375,29549.76208889042,29121.505859375004,29335.63397413271,848981
2013-10-08,29121.505859375,29335.63397413271,28907.375635583277,29121.505859375004,497164
2013-10-09,28907.373046875,29121.503251490973,28693.244951292854,28907.373046875,562230
2013-10-10,28264.998046875,28907.382544683256,28050.867771904395,28907.382544683256,1351580
2013-10-11,28050.857421875,28693.243791694087,28050.857421875004,28264.987617837192,1393688
2013-10-14,27836.736328125,28264.994718603226,27836.736328125,28050.864468846976,1017111
2013-10-15,27836.736328125,28264.994718603226,27622.608187403024,27836.736328125,895350
2013-10-16,27836.736328125,28264.994718603226,27622.608187403024,27836.736328125,656935
2013-10-17,28050.857421875,28264.987617837192,27836.729334946554,28050.857421875004,462217
2013-10-18,28050.857421875,28264.987617837192,27836.729334946554,28264.987617837192,391415
2013-10-21,28050.86328125,28485.75915779504,28050.86328125,28268.311219522522,781520
2013-10-22,28268.314453125,28268.314453125004,27833.41638509983,28050.86648997869,532351
2013-10-23,28268.314453125,28485.76241627132,28050.86648997869,28050.86648997869,738592
2013-10-24,27833.412109375,28268.31011059183,27833.412109375,28268.31011059183,510251
2013-10-25,27833.412109375,28268.31011059183,27615.964179632694,28050.86218084952,466680
2013-10-28,27833.412109375,28268.31011059183,27833.412109375,28050.86218084952,290053
2013-10-29,27615.96875,27833.416715729352,27398.520784270648,27833.416715729352,494038
2013-10-30,28050.86328125,28268.311219522522,27833.413201245185,27833.413201245185,913089
2013-10-31,27833.412109375,28268.31011059183,27833.412109375,28268.31011059183,207174
2013-11-01,27833.412109375,28268.31011059183,27833.412109375,28050.86218084952,379741
2013-11-04,27833.412109375,28050.86218084952,27615.964179632694,28050.86218084952,470803
2013-11-05,28050.86328125,28050.86328125,27615.965262972666,27833.413201245185,621976
2013-11-06,28050.86328125,28050.86328125,27833.413201245185,28050.86328125,175693
2013-11-07,27615.96875,28050.866823191267,27615.96875,27833.416715729352,537608
2013-11-08,27615.96875,27833.416715729352,27398.520784270648,27615.96875,437469
2013-11-11,27615.96875,27833.416715729352,27398.520784270648,27615.96875,248500
2013-11-12,27398.5234375,27833.419411073337,27398.523437500004,27615.97142428667,285616
2013-11-13,27398.5234375,27615.97142428667,27181.075450713335,27398.523437500004,338692
2013-11-14,27615.96875,28050.866823191267,27615.96875,27833.416715729352,234330
2013-11-15,27833.412109375,28050.86218084952,27615.964179632694,27615.964179632694,326992
2013-11-18,28268.314453125,28268.314453125004,27833.41638509983,28050.86648997869,640130
2013-11-19,27833.412109375,28268.31011059183,27833.412109375,28268.31011059183,260439
2013-11-20,27833.412109375,28050.86218084952,27615.964179632694,27833.412109375,290419
2013-11-21,28050.86328125,28485.75915779504,27833.413201245185,28050.86328125,1288745
2013-11-22,28268.314453125,28268.314453125004,27833.41638509983,28268.314453125004,288049
2013-11-25,28050.86328125,28485.75915779504,28050.86328125,28268.311219522522,330434
2013-11-26,28050.86328125,28268.311219522522,27833.413201245185,28268.311219522522,435263
2013-11-27,28050.86328125,28268.311219522522,27833.413201245185,28050.86328125,584318
2013-11-28,27833.412109375,28268.31011059183,27833.412109375,28050.86218084952,235250
2013-11-29,27833.412109375,28050.86218084952,27833.412109375,28050.86218084952,339814
2013-12-02,28268.314453125,28485.76241627132,28050.86648997869,28268.314453125004,602573
2013-12-03,28268.314453125,28703.212521150173,28050.86648997869,28268.314453125004,678078
2013-12-04,28268.314453125,28703.212521150173,28268.314453125004,28268.314453125004,731419
2013-12-05,28268.314453125,28485.76241627132,28050.86648997869,28268.314453125004,384317
2013-12-06,28268.314453125,28485.76241627132,28050.86648997869,28485.76241627132,172655
2013-12-09,28050.86328125,28485.75915779504,28050.86328125,28485.75915779504,309582
2013-12-10,28268.314453125,28485.76241627132,28050.86648997869,28050.86648997869,293747
2013-12-11,27833.412109375,28268.31011059183,27833.412109375,28268.31011059183,381733
2013-12-12,28050.86328125,28050.86328125,27833.413201245185,27833.413201245185,174004
2013-12-13,28050.86328125,28268.311219522522,27833.413201245185,28050.86328125,215419
2013-12-16,28050.86328125,28050.86328125,27833.413201245185,27833.413201245185,152244
2013-12-17,28050.86328125,28050.86328125,27833.413201245185,28050.86328125,141061
2013-12-18,27833.412109375,28050.86218084952,27833.412109375,28050.86218084952,233144
2013-12-19,27833.412109375,28268.31011059183,27833.412109375,28050.86218084952,797241
2013-12-20,28050.86328125,28268.311219522522,27833.413201245185,28050.86328125,340949
2013-12-23,28485.755859375,28485.755859375,28050.86003318738,28268.30794628119,498350
2013-12-24,28268.314453125,28703.212521150173,28268.314453125004,28485.76241627132,362797
2013-12-25,28268.314453125,28485.76241627132,28050.86648997869,28485.76241627132,159619
2013-12-26,28920.65625,28920.65625,28050.862383029416,28268.310314339004,655196
2013-12-27,29138.10546875,29790.451433234302,29138.10546875,29138.10546875,1110202
2013-12-30,28920.65625,29355.552112619178,28920.65625,29138.104181309587,505649
2013-12-31,28920.65625,29138.104181309587,28703.20831869041,28703.20831869041,429855
2014-01-01,28920.65625,28920.65625,28920.65625,28920.65625,0
2014-01-02,28920.65625,28920.65625,28485.758245648594,28920.65625,289902
2014-01-03,28703.21484375,28920.662824491723,28485.76472127557,28920.662824491723,323967
2014-01-06,29138.10546875,29138.10546875,28703.20958691535,28703.20958691535,222668
2014-01-07,29138.10546875,29355.55340966733,28920.657527832675,29138.10546875,193520
2014-01-08,29355.548828125,29355.548828125,28920.65301416486,29355.548828125,228618
2014-01-09,29573.001953125,29790.44988272477,29355.551881793017,29355.551881793017,424711
2014-01-10,30225.34375,30877.687449583955,29790.445808545443,29790.445808545443,1459081
2014-01-13,31312.58984375,31312.58984375,30442.79597888642,30442.79597888642,886197
2014-01-14,31095.150390625,31530.046370758984,31095.150390624996,31312.59838069199,669076
2014-01-15,31964.9375,31964.937499999996,30877.693504044102,31095.143588274685,1315548
2014-01-16,33487.078125,33704.52607232971,32399.83410488669,32399.83410488669,2464039
2014-01-17,33487.078125,34574.320003380926,33487.078125,33704.52607232971,1679468
2014-01-20,33704.5234375,34356.869370224784,33269.62757683829,33704.5234375,720161
2014-01-21,33487.078125,33921.974019659414,32834.73214127849,33487.078125,518458
2014-01-22,32617.28125,34139.42102738845,32617.28125,33704.52303024938,699964
2014-01-23,32834.7265625,33487.0724353848,32834.7265625,33052.17447288426,305724
2014-01-24,34356.87109375,34356.87109375,32834.73122161087,33052.17916285008,887244
2014-01-27,33487.078125,34791.77009244302,33487.078125,34791.77009244302,408750
2014-01-28,33487.078125,33487.078125,33487.078125,33487.078125,0
2014-01-29,33487.078125,33487.078125,33487.078125,33487.078125,0
2014-01-30,33487.078125,33487.078125,33487.078125,33487.078125,0
2014-01-31,33487.078125,33487.078125,33487.078125,33487.078125,0
2014-02-03,33487.078125,33487.078125,33487.078125,33487.078125,0
2014-02-04,33487.078125,33487.078125,33487.078125,33487.078125,0
2014-02-05,33487.078125,33487.078125,33487.078125,33487.078125,0
2014-02-06,33487.078125,33921.974019659414,33269.63017767029,33704.52607232971,355170
2014-02-07,33052.17578125,33921.96959894973,33052.17578125,33921.96959894973,287746
2014-02-10,33052.17578125,33269.62584197401,32834.7278622581,33269.62584197401,266554
2014-02-11,33052.17578125,33921.96959894973,32834.7278622581,33487.07376096592,675645
2014-02-12,34356.87109375,34356.87109375,33269.62924582162,33269.62924582162,744190
2014-02-13,35879.0078125,35879.0078125,34574.31599626883,34574.31599626883,960164
2014-02-14,36313.90625,36966.25220470084,35879.01037468764,36531.35632938847,803393
2014-02-17,35879.0078125,36313.903656755625,35879.0078125,36313.903656755625,348324
2014-02-18,36096.4609375,36313.90673633605,35879.01085519932,35879.01085519932,604111
2014-02-19,36096.4609375,36531.356818636734,35661.56291463095,36531.356818636734,486562
2014-02-20,35879.0078125,37183.69962873116,35444.10982651223,36313.903656755625,1221751
2014-02-21,35879.0078125,36313.903656755625,35661.559890372184,36096.45787635995,326677
2014-02-24,36096.4609375,36096.4609375,35879.01085519932,35879.01085519932,248462
2014-02-25,37401.1484375,37401.1484375,36096.46079909248,36096.46079909248,1128710
2014-02-26,37401.1484375,37836.048600433794,36748.80676002855,37836.048600433794,376930
2014-02-27,36096.4609375,37183.70278207415,36096.4609375,36966.25269977347,497291
2014-02-28,36096.4609375,36748.806900937416,35879.01085519932,36313.90673633605,644719
2014-03-03,35661.55859375,36748.802448322145,35661.55859375,36096.45656392527,561474
2014-03-04,35444.1171875,35661.5672965197,34791.77328563863,35661.5672965197,252408
2014-03-05,35661.55859375,36096.45656392527,35444.10853779633,36096.45656392527,214902
2014-03-06,36313.90625,36313.90625,35661.562437031454,36096.46045407611,276009
2014-03-07,36313.90625,36748.806408776945,36096.46045407611,36313.90625,208800
2014-03-10,36313.90625,36531.35632938847,36313.90625,36531.35632938847,338881
2014-03-11,36966.25,37183.70006641955,36096.458301250444,36531.35415062522,464487
2014-03-12,37183.69921875,37836.04511967293,37183.69921875,37183.69921875,561953
2014-03-13,37183.69921875,37618.59505821054,36966.24915728762,37401.14499674816,419277
2014-03-14,36966.25,37618.59591579433,36966.25,37183.70006641955,328757
2014-03-17,36966.25,37836.04598221388,36966.25,37836.04598221388,276917
2014-03-18,36748.80859375,37183.704494919955,36748.80859375,36966.254402602564,249093
2014-03-19,36966.25,37401.14584937478,36748.80421704477,37183.70006641955,163250
2014-03-20,36531.359375,37183.70538408678,36313.909277482766,37183.70538408678,295184
2014-03-21,36313.90625,36748.806408776945,36313.90625,36531.35632938847,271344
2014-03-24,36531.359375,36531.359375,36313.909277482766,36313.909277482766,447681
2014-03-25,36313.90625,36748.806408776945,36313.90625,36748.806408776945,462028
2014-03-26,35661.55859375,36531.35239236848,35661.55859375,36313.902336414816,436562
2014-03-27,35661.55859375,35879.0065079716,35226.66062357473,35661.55859375,113237
2014-03-28,35879.0078125,36096.45787635995,35444.10982651223,36096.45787635995,256985
2014-03-31,36313.90625,36748.806408776945,36096.46045407611,36313.90625,461436
2014-04-01,36096.4609375,36531.356818636734,35879.01085519932,36313.90673633605,462457
2014-04-02,36096.4609375,36313.90673633605,35879.01085519932,36096.4609375,229980
2014-04-03,36748.80859375,36748.80859375,36096.46260026264,36313.9084091152,359065
2014-04-04,37618.6015625,37836.0516615597,36748.809733191134,36748.809733191134,510755
2014-04-07,38923.2890625,39575.63500033541,38053.49305089797,38705.838988733376,1124108
2014-04-08,40227.9765625,40227.9765625,38705.83477862871,38923.28482874289,983954
2014-04-09,40227.9765625,40227.9765625,40227.9765625,40227.9765625,0
2014-04-10,40227.9765625,41315.21824614292,40227.9765625,40445.42232915018,983701
2014-04-11,41097.77734375,41097.77734375,39575.63950453868,40227.985516619236,562697
2014-04-14,40880.3359375,41315.23189796738,40880.3359375,41315.23189796738,378127
2014-04-15,40445.42578125,41097.771703807615,40445.42578125,40880.32591859799,801843
2014-04-16,39358.17578125,40445.41733052128,39358.17578125,40010.521567505464,705965
2014-04-17,40010.53515625,40445.43106696915,39358.1891484388,40445.43106696915,615395
2014-04-18,39575.63671875,40227.98268491094,39358.18663554147,40227.98268491094,494013
2014-04-21,39140.734375,40010.52599733194,39140.734375,40010.52599733194,460793
2014-04-22,39140.734375,39140.734375,39140.734375,39140.734375,0
2014-04-23,39793.08984375,39793.08984375,39358.189644089085,39575.63974391954,280573
2014-04-24,40227.9765625,40227.9765625,39575.63069562145,39575.63069562145,364360
2014-04-25,42185.02734375,42837.37341445258,40445.43496623291,40445.43496623291,854314
2014-04-28,42185.02734375,43272.26936709918,42185.02734375,42402.47317834063,337709
2014-04-29,43272.26171875,43272.26171875,41750.11972832667,41750.11972832667,523930
2014-04-30,43272.26171875,43272.26171875,43272.26171875,43272.26171875,0
2014-05-01,43272.26171875,43272.26171875,43272.26171875,43272.26171875,0
2014-05-02,43272.26171875,43272.26171875,43272.26171875,43272.26171875,0
2014-05-05,43272.26171875,44359.50354992977,43054.81163912822,43924.60767415078,636562
2014-05-06,42619.921875,43054.817813142596,41750.12571524961,43054.817813142596,1045792
2014-05-07,42837.36328125,43054.80906440371,42185.01736486022,43054.80906440371,183762
2014-05-08,40010.53515625,41967.57317968357,40010.53515625,41750.123082591526,2108037
2014-05-09,42185.02734375,42185.02734375,38923.29699023713,39575.64306093971,1206836
2014-05-12,40271.56640625,42719.009450575504,39826.57795715547,42719.009450575504,578708
2014-05-13,40049.0703125,40494.05871647646,39604.077525653585,39826.57391907679,389789
2014-05-14,40271.56640625,40494.06282223246,39604.08154117301,39604.08154117301,814828
2014-05-15,40049.0703125,41161.543513876124,38269.10793085426,40494.05871647646,1290914
2014-05-16,39604.078125,40271.56293250101,38936.593317498984,40049.07091858069,534104
2014-05-19,38936.59375,39604.07856491532,38491.60533434648,39604.07856491532,550556
2014-05-20,40049.0703125,40271.56232305325,38936.59272825392,38936.59272825392,384683
2014-05-21,40716.5546875,40716.5546875,39604.077114794934,40049.06989702493,458549
2014-05-22,40939.04296875,41384.03132759938,40494.054609900624,40716.550980760076,618509
2014-05-23,41161.5390625,41606.52741835361,40939.04269313846,40939.04269313846,383031
2014-05-26,41161.5390625,41161.5390625,40716.55070664639,41161.5390625,215810
2014-05-27,41384.03125,41384.03125,40716.55090441228,40939.04289198502,417020
2014-05-28,41829.0390625,41829.0390625,41161.554093538165,41829.0390625,348021
2014-05-29,42719.00390625,42941.500293355566,41606.53073646184,41829.02712356741,375278
2014-05-30,43386.484375,44276.4654521482,42718.9996628562,42941.496027860594,1322583
2014-06-02,43608.984375,43608.984375,43163.99599076891,43163.99599076891,39262
2014-06-03,43608.984375,43831.480758550424,42719.003223668056,43163.99599076891,392626
2014-06-04,43831.484375,43831.484375,43163.99955214562,43608.98797309183,579338
2014-06-05,43386.484375,43386.484375,43831.477105008795,43608.980740004394,291339
2014-06-06,44498.95703125,44498.95703125,43386.48398204262,43608.980345031836,457754
2014-06-09,46278.92578125,47613.89100130242,44498.963388773474,44498.963388773474,626981
2014-06-10,47613.890625,48948.86021737187,46278.925415498095,46723.913818665395,403001
2014-06-11,47613.890625,48503.87181420456,47168.9022218327,47613.89062500001,556368
2014-06-12,48058.8828125,48058.8828125,47168.90163437949,47613.89003200479,335477
2014-06-13,48058.8828125,48948.859607750615,47613.89003200479,47613.89003200479,405144
2014-06-16,47168.8984375,48503.867922768055,47168.8984375,48058.8795553019,374496
2014-06-17,46723.91015625,47168.89852453725,45833.92903680588,47168.89852453725,645879
2014-06-18,46278.92578125,47168.90259461828,46278.92578125,46723.91418793414,201576
2014-06-19,46723.91015625,46723.91015624999,44498.959549074505,45833.92903680588,498992
2014-06-20,46278.92578125,47613.89100130242,45833.93299169588,46723.91418793414,361914
2014-06-23,46723.91015625,47168.89852453725,45833.92903680588,46278.92178796274,332779
2014-06-24,47613.890625,48058.883411037255,46723.913818665395,46723.913818665395,657931
2014-06-25,47168.8984375,48058.8795553019,47168.8984375,47613.886804966154,253505
2014-06-26,48058.8828125,48058.8828125,46723.913236754175,47168.90163437949,317877
2014-06-27,49838.8515625,49838.8515625,48058.893204249405,48058.893204249405,412129
2014-06-30,49838.8515625,50728.82855018988,49393.86306865507,49393.86306865507,194302
2014-07-01,49393.859375,50283.83629613772,48948.86653156063,49838.847835568864,714815
2014-07-02,48503.87109375,49838.84066629283,48503.87109375,49393.85226973518,458208
2014-07-03,49393.859375,49393.859375,48058.889610422906,48948.86653156063,324698
2014-07-04,49838.8515625,50283.84005634494,48948.870191939284,49393.86306865507,417046
2014-07-07,48948.8671875,49838.848503434434,48948.8671875,49393.86003690251,288893
2014-07-08,49393.859375,49838.847835568864,48503.87807099176,48948.86653156063,258321
2014-07-09,49393.859375,49838.847835568864,48948.86653156063,49393.859375,173714
2014-07-10,48948.8671875,49393.86003690251,48058.89025443615,49393.86003690251,279968
2014-07-11,48503.87109375,49393.85226973518,48503.87109375,48948.85949030765,132375
2014-07-14,48948.8671875,48948.8671875,48058.89025443615,48503.878720968074,282981
2014-07-15,48948.8671875,48948.8671875,48503.878720968074,48948.8671875,362494
2014-07-16,48503.87109375,49393.85226973518,48503.87109375,49393.85226973518,392903
2014-07-17,48948.8671875,48948.8671875,48058.89025443615,48503.878720968074,269025
2014-07-18,48948.8671875,49393.86003690251,48058.89025443615,48948.8671875,418042
2014-07-21,50283.828125,50283.828125,50283.828125,48948.858577355866,800658
2014-07-22,50283.828125,50283.828125,50283.828125,49838.83973674189,174244
2014-07-23,50283.828125,50283.828125,50283.828125,50283.828125,138943
2014-07-24,50728.83203125,50728.83203125,50728.83203125,50283.84350686953,432250
2014-07-25,50728.83203125,50728.83203125,50728.83203125,51173.82493850161,389625
2014-07-28,49393.859375,49393.859375,49393.859375,50728.824756706585,317045
2014-07-29,49393.859375,49393.859375,49393.859375,49393.859375,221395
2014-07-30,49393.859375,49393.859375,49393.859375,49393.859375,296206
2014-07-31,50283.828125,50283.828125,50283.828125,48948.858577355866,408939
2014-08-01,49393.859375,49393.859375,49393.859375,49838.847835568864,236448
2014-08-04,49838.8515625,49838.8515625,49838.8515625,49393.86306865507,432502
2014-08-05,52063.7890625,52063.78906250001,52063.78906250001,50728.81943789179,879654
2014-08-06,51618.796875,51618.79687500001,51618.79687500001,52063.78525638189,413730
2014-08-07,51618.796875,51618.79687500001,51618.79687500001,51173.80849361812,282993
2014-08-08,51618.796875,51618.79687500001,51618.79687500001,52063.78525638189,570248
2014-08-11,51618.796875,51618.79687500001,51618.79687500001,51173.80849361812,152521
2014-08-12,51173.8046875,51173.80468750001,51173.80468750001,51173.80468750001,286511
2014-08-13,50283.828125,50283.828125,50283.828125,50728.816513258105,579263
2014-08-14,50283.828125,50283.828125,50283.828125,50728.816513258105,273210
2014-08-15,50728.83203125,50728.83203125,50728.83203125,50728.83203125,209493
2014-08-18,50728.83203125,50728.83203125,50728.83203125,50728.83203125,421546
2014-08-19,51173.8046875,51173.80468750001,51173.80468750001,51173.80468750001,568168
2014-08-20,51618.796875,51618.79687500001,51618.79687500001,51618.79687500001,357325
2014-08-21,52508.77734375,52508.77734375,52508.77734375,52063.784585234716,1276466
2014-08-22,54288.74609375,54288.74609375,54288.74609375,52953.77631678238,781116
2014-08-25,55178.71484375,55178.71484374999,55178.71484374999,54288.738046277365,532099
2014-08-26,54733.7265625,54733.7265625,54733.7265625,54733.7265625,518080
2014-08-27,54733.7265625,54733.7265625,54733.7265625,54733.7265625,281594
2014-08-28,56068.69140625,56068.69140625,56068.69140625,54288.73357503295,539487
2014-08-29,55178.71484375,55178.71484374999,55178.71484374999,56513.684422828854,579754
2014-09-01,55178.71484375,55178.71484374999,55178.71484374999,55178.71484374999,0
2014-09-02,55178.71484375,55178.71484374999,55178.71484374999,55178.71484374999,0
2014-09-03,55623.69921875,55623.69921875,55623.69921875,55623.69921875,411700
2014-09-04,55623.69921875,55623.69921875,55623.69921875,55623.69921875,336347
2014-09-05,54733.7265625,55623.70774475289,54733.7265625,55623.70774475289,293054
2014-09-08,54733.7265625,55178.714962191494,54733.7265625,55178.714962191494,286612
2014-09-09,53398.76171875,54733.7314191493,53398.76171875,54733.7314191493,445248
2014-09-10,53843.73828125,53843.73828125,53398.749940227746,53398.749940227746,146999
2014-09-11,53843.73828125,53843.73828125,53843.73828125,53843.73828125,270336
2014-09-12,53843.73828125,53843.73828125,53843.73828125,53843.73828125,185565
2014-09-15,53843.73828125,53843.73828125,53843.73828125,53843.73828125,365923
2014-09-16,53398.76171875,53398.76171875,53398.76171875,53398.76171875,370525
2014-09-17,52953.7734375,52953.7734375,52953.7734375,53398.76187800344,363137
2014-09-18,50728.83203125,50728.83203125,50728.83203125,52953.78341889463,585566
2014-09-19,51173.8046875,51173.80468750001,51173.80468750001,51173.80468750001,491151
2014-09-22,50948.3671875,51850.11012532165,50948.36718750001,51850.11012532165,221609
2014-09-23,49144.88671875,50497.49893167602,49144.88671875,50497.49893167602,478783
2014-09-24,47341.40234375,49144.883703398686,47341.40234375,49144.883703398686,1133525
2014-09-25,48243.14453125,48243.14453125,47341.40600213856,47341.40600213856,1051743
2014-09-26,48694.01953125,48694.01953125,48694.01953125,48694.01953125,532540
2014-09-29,48243.14453125,48694.01823659865,48243.14453125,48694.01823659865,328480
2014-09-30,47792.28125,47792.28125,47792.28125,47792.28125,597556
2014-10-01,49144.88671875,49144.88671875,48243.143763201704,48243.143763201704,708423
2014-10-02,48694.01953125,49595.758084336405,48694.01953125,49595.758084336405,660390
2014-10-03,47792.28125,49144.893653799016,47792.28125,49144.893653799016,399673
2014-10-06,47792.28125,47792.28125,47792.28125,47792.28125,338251
2014-10-07,48243.14453125,48243.14453125,47792.27526669428,47792.27526669428,328783
2014-10-08,49144.88671875,49144.88671875,48694.01746137228,48694.01746137228,437419
2014-10-09,52300.98046875,52300.98046875001,50046.62973819052,50046.62973819052,1328067
2014-10-10,50948.3671875,52300.97937383608,50948.36718750001,52300.97937383608,537495
2014-10-13,50046.640625,50497.50998103241,50046.640625,50497.50998103241,891429
2014-10-14,49144.88671875,50046.629674298296,49144.88671875,50046.629674298296,301059
2014-10-15,48694.01953125,48694.01953125,48694.01953125,48694.01953125,624005
2014-10-16,46439.66796875,48694.023412751434,46439.66796875001,48694.023412751434,1380639
2014-10-17,45087.05078125,45988.79375082388,45087.05078124999,45988.79375082388,1507039
2014-10-20,45988.796875,45988.796875,45988.796875,45988.796875,399232
2014-10-21,49144.88671875,49144.88671875,46439.66229289797,46439.66229289797,1048805
2014-10-22,48694.01953125,48694.01953125,48694.01953125,48694.01953125,307073
2014-10-23,47341.40234375,48243.14080317805,47341.40234375,48243.14080317805,437280
2014-10-24,46890.5390625,47341.40834941063,46890.5390625,47341.40834941063,457074
2014-10-27,46890.5390625,46890.5390625,46890.5390625,46890.5390625,331518
2014-10-28,46890.5390625,46890.5390625,46439.66533479622,46439.66533479622,225681
2014-10-29,47792.28125,47792.28125,47341.41192899815,47341.41192899815,174521
2014-10-30,46890.5390625,47792.27763632126,46890.5390625,47792.27763632126,303946
2014-10-31,47792.28125,47792.28125,47341.41192899815,47341.41192899815,552006
2014-11-03,47341.40234375,47792.27157346403,47341.40234375,47792.27157346403,310351
2014-11-04,46890.5390625,47341.40834941063,46890.5390625,47341.40834941063,269365
2014-11-05,46890.5390625,47341.40834941063,46890.5390625,47341.40834941063,202862
2014-11-06,46890.5390625,47341.40834941063,46890.5390625,47341.40834941063,286372
2014-11-07,47341.40234375,47341.40234375,46890.53311403598,46890.53311403598,174370
2014-11-10,46890.5390625,47341.40834941063,46890.5390625,47341.40834941063,419844
2014-11-11,48243.14453125,48243.14453125,47341.40600213856,47341.40600213856,922355
2014-11-12,47792.28125,48243.15057100185,47792.28125,48243.15057100185,355876
2014-11-13,47792.28125,47792.28125,47792.28125,47792.28125,366743
2014-11-14,46890.5390625,47341.40834941063,46890.5390625,47341.40834941063,358195
2014-11-17,46890.5390625,47341.40834941063,46890.5390625,47341.40834941063,203089
2014-11-18,46439.66796875,46890.541722026326,46439.66796875001,46890.541722026326,187229
2014-11-19,45537.93359375,46439.672302873354,45537.93359375,46439.672302873354,600342
2014-11-20,45988.796875,45988.796875,45988.796875,45988.796875,331430
2014-11-21,44861.6171875,46439.66179168703,44861.6171875,46439.66179168703,465180
2014-11-24,44636.18359375,44636.18359375,44636.18359375,44636.18359375,365570
2014-11-25,44410.75390625,44636.18634241999,44410.75390625,44636.18634241999,346143
2014-11-26,42381.84375,44861.6321257345,42381.84375,44861.6321257345,1164375
2014-11-27,41029.21875,42381.83099154184,41029.21875,42381.83099154184,969027
2014-11-28,38774.86328125,40127.47551398082,38774.86328125,40127.47551398082,1454795
2014-12-01,38323.9921875,38323.9921875,38098.559786670034,38098.559786670034,1235745
2014-12-02,38774.86328125,39225.73698602222,38774.86328125,39225.73698602222,494303
2014-12-03,39451.171875,39451.171875,39000.30258270781,39000.30258270781,390835
2014-12-04,39451.171875,39676.608741542695,39451.171875,39676.608741542695,716227
2014-12-05,39000.30859375,39225.74549503884,39000.30859375,39225.74549503884,432590
2014-12-08,36520.5078125,38774.858282568646,36520.5078125,38774.858282568646,1101251
2014-12-09,34040.7265625,35167.901997646484,34040.7265625,35167.901997646484,1481762
2014-12-10,33364.41796875,33364.41796875,32011.805769358503,32011.805769358503,1880855
2014-12-11,32011.806640625,32011.806640625,31786.372008056223,31786.372008056223,944417
2014-12-12,32011.806640625,32011.806640625,31110.065889953425,31110.065889953425,828406
2014-12-15,31919.298828125,32150.599729322817,31919.298828125004,32150.599729322817,624674
2014-12-16,29837.59765625,31225.391253686514,29837.597656250004,31225.391253686514,1708590
2014-12-17,28681.103515625,30068.89954516982,28681.103515625,30068.89954516982,1190296
2014-12-18,30531.5,30531.5,29606.301097324806,29606.301097324806,717425
2014-12-19,31456.69140625,31456.69140625,30762.793483429057,30762.793483429057,1117968
2014-12-22,33307.08984375,33307.08984375,31687.9951827472,31687.9951827472,1085517
2014-12-23,32381.888671875,32381.888671874996,32381.888671874996,32381.888671874996,674106
2014-12-24,32844.484375,33075.785197158824,32844.484375,33075.785197158824,254299
2014-12-25,31456.69140625,32381.887877293746,31456.69140625,32381.887877293746,376879
2014-12-26,32613.18359375,32613.183593750004,31456.688674900623,31456.688674900623,644732
2014-12-29,32381.888671875,32613.187225773367,32381.888671874996,32613.187225773367,174370
2014-12-30,32381.888671875,32381.888671874996,31919.289285925675,31919.289285925675,296949
2014-12-31,32613.18359375,32613.183593750004,32381.885065610593,32381.885065610593,273475
2015-01-01,32613.18359375,32613.183593750004,32613.183593750004,32613.183593750004,0
2015-01-02,32613.18359375,32613.183593750004,32613.183593750004,32613.183593750004,0
2015-01-05,31919.298828125,32381.898352367363,31919.298828125004,32381.898352367363,403228
2015-01-06,31456.69140625,31456.69140625,30994.092031651864,30994.092031651864,435011
2015-01-07,31919.298828125,31919.298828125004,30994.102057793545,30994.102057793545,642021
2015-01-08,32150.595703125,32381.894297204177,32150.595703125,32381.894297204177,365886
2015-01-09,34232.28515625,34232.28515625,32381.891979737247,32381.891979737247,1083740
2015-01-12,36545.26953125,36545.26953125,36545.26953125,36545.26953125,846207
2015-01-13,37239.16796875,37239.16796875,36082.67076729804,36082.67076729804,1601202
2015-01-14,35851.37109375,36545.26893683873,35851.37109375,36545.26893683873,889160
2015-01-15,36313.97265625,36313.97265625,36082.6718421779,36082.6718421779,508196
2015-01-16,35851.37109375,36082.66961539549,35851.37109375,36082.66961539549,421370
2015-01-19,35388.78125,35851.37838740235,35388.78125,35851.37838740235,326097
2015-01-20,35851.37109375,35851.37109375,35620.07257210452,35620.07257210452,575972
2015-01-21,35851.37109375,35851.37109375,35851.37109375,35851.37109375,341743
2015-01-22,36313.97265625,36313.97265625,35851.37330625821,35851.37330625821,339537
2015-01-23,37470.4765625,37470.4765625,36545.2799197183,36545.2799197183,809054
2015-01-26,37007.87109375,37701.76671185133,37007.87109375,37701.76671185133,412772
2015-01-27,36776.5703125,37007.871130247666,36776.5703125,37007.871130247666,395210
2015-01-28,36313.97265625,37007.87054216149,36313.97265625,37007.87054216149,319302
2015-01-29,35851.37109375,36082.66961539549,35851.37109375,36082.66961539549,140935
2015-01-30,35620.08203125,36313.98005860788,35620.08203125,36313.98005860788,338251
2015-02-02,35388.78125,36082.676956103525,35388.78125,35851.37838740235,10363
2015-02-03,35388.78125,36545.276371658605,35388.78125,35851.37838740235,42251
2015-02-04,36313.97265625,36545.27119216969,35851.37330625821,36082.6718421779,60417
2015-02-05,36313.97265625,36545.27119216969,35851.37330625821,36082.6718421779,33873
2015-02-06,36776.5703125,37239.169669842886,36545.27177290478,36776.5703125,51641
2015-02-09,36545.26953125,37007.86886021745,36545.26953125,37007.86886021745,31625
2015-02-10,36313.97265625,37007.87054216149,36313.97265625,37007.87054216149,21398
2015-02-11,36082.6796875,36313.98055186298,35851.381101289924,36313.98055186298,22981
2015-02-12,36545.26953125,36545.26953125,35388.77462605984,36082.670202282556,50489
2015-02-13,36545.26953125,37007.86886021745,36545.26953125,36776.568056657576,24741
2015-02-16,36545.26953125,36545.26953125,36545.26953125,36545.26953125,0
2015-02-17,36545.26953125,36545.26953125,36545.26953125,36545.26953125,0
2015-02-18,36545.26953125,36545.26953125,36545.26953125,36545.26953125,0
2015-02-19,36545.26953125,36545.26953125,36545.26953125,36545.26953125,0
2015-02-20,36545.26953125,36545.26953125,36545.26953125,36545.26953125,0
2015-02-23,36545.26953125,36545.26953125,36545.26953125,36545.26953125,0
2015-02-24,36545.26953125,36545.26953125,36545.26953125,36545.26953125,0
2015-02-25,36313.97265625,36776.56972808939,36313.97265625,36776.56972808939,29401
2015-02-26,36313.97265625,36545.27119216969,35851.37330625821,36545.27119216969,23348
2015-02-27,36545.26953125,36545.26953125,35851.37167687498,36313.97100584243,36524
2015-03-02,36313.97265625,36545.27119216969,36082.6718421779,36313.97265625,12084
2015-03-03,36082.6796875,36545.27913807306,36082.6796875,36313.98055186298,53001
2015-03-04,36776.5703125,36776.5703125,36082.672415561894,36313.97323330956,101721
2015-03-05,37239.16796875,37701.76502680891,37007.86943972055,37239.16796875,128684
2015-03-06,36776.5703125,37470.468209438106,36776.5703125,37470.468209438106,45539
2015-03-09,36082.6796875,37007.87858864612,36082.6796875,36776.57772428314,41911
2015-03-10,36313.97265625,36545.27119216969,36082.6718421779,36082.6718421779,54453
2015-03-11,35851.37109375,36313.97041519324,35620.07257210452,36313.97041519324,45336
2015-03-12,35851.37109375,36082.66961539549,35620.07257210452,35620.07257210452,25172
2015-03-13,35388.78125,36082.676956103525,35388.78125,35620.079818701175,25467
2015-03-16,35388.78125,36313.97780295743,35388.78125,35851.37838740235,36780
2015-03-17,35620.08203125,35851.38061431833,35388.78344818166,35620.08203125,37229
2015-03-18,35157.4765625,35620.075927520156,34926.17801906616,35620.075927520156,19262
2015-03-19,34926.1796875,35620.0776291017,34926.1796875,35620.0776291017,27120
2015-03-20,34926.1796875,35388.779074618666,34694.88113301696,34926.1796875,48455
2015-03-23,35157.4765625,35851.374470954,34926.17801906616,35388.77738408632,60073
2015-03-24,34694.890625,35388.78875644145,34000.99249355855,35157.48786052549,48422
2015-03-25,32381.888671875,34926.1795992148,32381.888671874996,34694.88104531644,163482
2015-03-26,30994.095703125,31919.292283764924,30300.197698106862,31456.695132521363,145872
2015-03-27,30300.189453125,32150.584389046842,30300.189453125,31687.985085528337,90746
2015-03-30,29606.30078125,30994.096842293868,29606.30078125,30300.198811771934,56073
2015-03-31,30531.5,30762.798586592344,29375.00251073246,29606.301097324806,131261
2015-04-01,28681.103515625,30762.79755994223,28449.804936751807,30531.49898106904,129662
2015-04-02,29143.701171875,29374.999736624028,28218.504634726174,28912.402607125965,68929
2015-04-03,29606.30078125,29606.30078125,28912.40502888095,29606.30078125,36747
2015-04-06,28912.39453125,29606.290031676624,28912.394531250004,29606.290031676624,66131
2015-04-07,28912.39453125,29374.99153153442,28449.795252813532,28912.394531250004,51592
2015-04-08,28912.39453125,29606.290031676624,28681.093752955738,29374.99153153442,51291
2015-04-09,28681.103515625,28912.404372651024,28449.804936751807,28912.404372651024,40254
2015-04-10,28681.103515625,28912.404372651024,28449.804936751807,28681.103515625,52732
2015-04-13,29143.701171875,29606.298301373063,28681.10176422424,28681.10176422424,51030
2015-04-14,29606.30078125,30068.900227648915,29143.703613003963,29375.00219712698,69126
2015-04-15,31225.392578125,31456.693419302293,29837.59892182462,29837.59892182462,150303
2015-04-16,31225.392578125,32150.591386528824,31225.392578125,32150.591386528824,81772
2015-04-17,30762.80078125,31919.29607487049,30762.80078125,31225.397987436965,165313
2015-04-20,30300.189453125,30994.08726932667,30068.890940441837,30762.788756643506,75006
2015-04-21,30068.890625,30762.788433922236,30068.890625,30068.890625,62193
2015-04-22,30068.890625,30300.189135256693,29837.592114743304,30068.890625,42560
2015-04-23,29837.59765625,30068.89620946399,29374.998271669447,30068.89620946399,40948
2015-04-24,30531.5,30994.09717318469,29606.301097324806,30068.900548662405,109608
2015-04-27,30531.5,30762.798586592344,30300.19913525475,30762.798586592344,29756
2015-04-28,30531.5,30531.5,30531.5,30531.5,0
2015-04-29,30531.5,30531.5,30531.5,30531.5,0
2015-04-30,30531.5,30531.5,30531.5,30531.5,0
2015-05-01,30531.5,30531.5,30531.5,30531.5,0
2015-05-04,28912.39453125,30994.085588833987,28912.394531250004,30994.085588833987,64431
2015-05-05,29143.701171875,29374.999736624028,28449.80319947521,28912.402607125965,54482
2015-05-06,29606.30078125,30531.499674047835,29375.00219712698,29606.30078125,68614
2015-05-07,29375.0,29837.599411798416,29374.999999999996,29606.29856682285,17435
2015-05-08,29375.0,29606.29856682285,29143.701433177146,29374.999999999996,19243
2015-05-11,29143.701171875,29606.298301373063,28912.402607125965,29374.999736624028,43719
2015-05-12,28681.103515625,29375.00153039741,28681.103515625,29143.702951524217,34131
2015-05-13,28681.103515625,28912.404372651024,28449.804936751807,28912.404372651024,48830
2015-05-14,28681.103515625,29143.702951524217,28449.804936751807,28681.103515625,36970
2015-05-15,28218.50390625,28912.40186073643,28218.50390625,28681.101023805866,50403
2015-05-18,26830.701171875,28218.496727809656,26830.701171875,28218.496727809656,57751
2015-05-19,28218.50390625,28218.50390625,26830.707997277135,27293.307392985633,57016
2015-05-20,29375.0,29374.999999999996,27755.9054759346,27987.204042757454,49947
2015-05-21,29143.701171875,29606.298301373063,28912.402607125965,29374.999736624028,35832
2015-05-22,29606.30078125,29606.30078125,28912.40502888095,29375.00219712698,43961
2015-05-25,29606.30078125,29837.6016435259,29143.703613003963,29606.30078125,22513
2015-05-26,29375.0,29837.599411798416,29143.701433177146,29606.29856682285,42261
2015-05-27,29234.671875,29702.425298157563,29234.671875,29702.425298157563,20448
2015-05-28,29702.4296875,29702.429687500004,29000.797145532455,29234.67619521913,27916
2015-05-29,29234.671875,29702.425298157563,29234.671875,29702.425298157563,20951
2015-06-01,29000.796875,29468.552666463678,29000.796875000004,29468.552666463678,27871
2015-06-02,28766.91796875,29234.673725054392,28766.91796875,29234.673725054392,21835
2015-06-03,29234.671875,29468.54858657878,29000.79285987532,29000.79285987532,12207
2015-06-04,29000.796875,29468.552666463678,29000.796875000004,29000.796875000004,11200
2015-06-05,29936.306640625,29936.306640625,29000.79734604875,29000.79734604875,60208
2015-06-08,29702.4296875,30404.06222946755,29468.552941359565,29936.30643364044,54784
2015-06-09,29234.671875,29936.302009736344,29234.671875,29702.425298157563,21166
2015-06-10,29702.4296875,29936.30643364044,29234.67619521913,29468.552941359565,26635
2015-06-11,30871.81640625,31339.56987399996,29936.30486365784,29936.30486365784,147006
2015-06-12,30871.81640625,31339.56987399996,30637.937368828898,31339.56987399996,64759
2015-06-15,30404.05859375,30871.814333642873,30170.18187557654,30871.814333642873,15065
2015-06-16,29702.4296875,30404.06222946755,29702.429687500004,30404.06222946755,29653
2015-06-17,29468.544921875,29936.298286862824,29468.544921875,29702.421604368912,18251
2015-06-18,29468.544921875,29936.298286862824,29234.668239381088,29468.544921875,25321
2015-06-19,29468.544921875,29936.298286862824,29468.544921875,29936.298286862824,23628
2015-06-22,29702.4296875,29702.429687500004,29234.67619521913,29468.552941359565,30532
2015-06-23,29702.4296875,30170.185483327114,29702.429687500004,29702.429687500004,25650
2015-06-24,29702.4296875,30170.185483327114,29468.552941359565,29936.30643364044,24046
2015-06-25,29234.671875,29702.425298157563,29000.79285987532,29702.425298157563,64526
2015-06-26,29000.796875,29468.552666463678,29000.796875000004,29234.67592250495,38101
2015-06-29,29468.544921875,29468.544921875,28766.91257084765,29000.78925334156,53566
2015-06-30,29000.796875,29936.306154381135,29000.796875000004,29234.67592250495,79678
2015-07-01,29000.796875,29468.552666463678,29000.796875000004,29468.552666463678,59305
2015-07-02,29468.544921875,29702.421604368912,29000.78925334156,29000.78925334156,73883
2015-07-03,29702.4296875,29936.30643364044,29468.552941359565,29702.429687500004,55409
2015-07-06,30404.05859375,30404.058593749996,29468.549417510207,29702.426135683665,98254
2015-07-07,30404.05859375,30637.935311923455,30170.18187557654,30404.058593749996,75570
2015-07-08,29702.4296875,30404.06222946755,29468.552941359565,30170.185483327114,68420
2015-07-09,29468.544921875,29468.544921875,29000.78925334156,29234.668239381088,53387
2015-07-10,29234.671875,29936.302009736344,29234.671875,29702.425298157563,28011
2015-07-13,29702.4296875,29702.429687500004,29234.67619521913,29468.552941359565,34334
2015-07-14,29468.544921875,29936.298286862824,29468.544921875,29468.544921875,50941
2015-07-15,29234.671875,29702.425298157563,29234.671875,29702.425298157563,30833
2015-07-16,29000.796875,29468.552666463678,29000.796875000004,29234.67592250495,38272
2015-07-17,29000.796875,29468.552666463678,29000.796875000004,29000.796875000004,25528
2015-07-20,28065.291015625,28766.9236365476,27597.5374707076,28766.9236365476,73343
2015-07-21,27597.53515625,28299.165414784125,27363.656099858985,28065.288661939416,68507
2015-07-22,27831.404296875,27831.404296875,27129.77192669936,27363.648615576014,19609
2015-07-23,28766.91796875,28766.91796875,27831.408759687256,27831.408759687256,37816
2015-07-24,28533.041015625,29000.794464666218,28299.161987558367,29000.794464666218,20360
2015-07-27,28299.166015625,28533.045076981674,28299.166015625,28533.045076981674,19537
2015-07-28,28065.291015625,28299.1677880837,27597.5374707076,28299.1677880837,46826
2015-07-29,27597.53515625,28299.165414784125,27597.53515625,28299.165414784125,40287
2015-07-30,27831.404296875,27831.404296875,27597.527607998345,27831.404296875,26833
2015-07-31,27597.53515625,28299.165414784125,27597.53515625,27831.411909094706,33702
2015-08-03,27129.77734375,27597.533118446612,26895.900608174765,27597.533118446612,30747
2015-08-04,27129.77734375,27129.77734375,26895.900608174765,26895.900608174765,17883
2015-08-05,27363.654296875,27597.533337855784,27129.77755944037,27129.77755944037,13878
2015-08-06,27129.77734375,27597.533118446612,27129.77734375,27363.65407932524,9619
2015-08-07,27129.77734375,27363.65407932524,26895.900608174765,27129.77734375,32137
2015-08-10,26895.900390625,27129.777124308504,26662.021353395376,27129.777124308504,30277
2015-08-11,26895.900390625,27129.777124308504,26662.021353395376,27129.777124308504,32367
2015-08-12,26662.021484375,26895.900522753574,26428.144749542553,26662.021484375,25806
2015-08-13,26194.26953125,26662.02302799589,25960.392782877057,26428.146279622946,349786
2015-08-14,24557.119140625,26194.260416666664,24557.119140624996,25960.3837496737,113854
2015-08-17,23060.3046875,24790.99768265597,22873.203800463565,24323.244313292067,1135127
2015-08-18,23153.859375,23153.859375,22686.105943167404,22686.105943167404,880310
2015-08-19,22873.208984375,23060.309913815396,22592.556438441326,22919.98479262164,386347
2015-08-20,21282.841796875,22826.43186244839,21282.841796875,22826.43186244839,1449991
2015-08-21,20066.6796875,21048.964674950406,19832.80066414563,21048.964674950406,1347217
2015-08-24,18663.416015625,20066.681035858106,18663.416015625,20066.681035858106,1200861
2015-08-25,18148.884765625,18897.29189799414,17540.803898589264,17540.803898589264,1711679
2015-08-26,19411.826171875,19411.826171875,18382.76521315402,18382.76521315402,827057
2015-08-27,20768.3125,20768.3125,20113.455758044212,20253.78318998314,852057
2015-08-28,22218.349609375,22218.349609375,22171.57380674238,22218.349609375,1611074
2015-08-31,22919.982421875,23621.614865908345,22919.982421875,23387.735848866618,2446061
2015-09-01,22265.126953125,23387.737079827682,22265.126953125,23387.737079827682,975318
2015-09-02,22265.126953125,22265.126953125,22265.126953125,22265.126953125,0
2015-09-03,21376.396484375,22218.354194891264,21282.844859802186,21610.27324226068,914740
2015-09-04,21469.943359375,22171.575856642852,21423.167552417664,21516.719166332336,522946
2015-09-07,21423.1640625,21797.36815365328,21236.063168696222,21469.939861837374,388793
2015-09-08,21703.8203125,21703.8203125,21329.616196278155,21423.16549767421,428279
2015-09-09,21984.4765625,22405.45424923917,21890.924941648515,22031.252372925745,437797
2015-09-10,21703.8203125,21984.472823779914,21563.492905087107,21750.593811425093,335502
2015-09-11,21750.59375,22124.797865165066,21703.820251207,21844.14535467773,470387
2015-09-14,21282.841796875,21750.59524532947,21048.965072647763,21750.59524532947,391503
2015-09-15,21423.1640625,21657.04305918687,21048.962274892445,21048.962274892445,262771
2015-09-16,21563.494140625,21750.59505768343,21423.16672517167,21610.26994577611,304779
2015-09-17,22732.8828125,22873.2102449737,22078.02606804862,22124.801878873186,1245641
2015-09-18,22452.228515625,23060.30940224942,22311.90339754419,22919.984284168608,1009975
2015-09-21,22358.67578125,22545.77667789137,22078.020980969315,22358.67578125,433095
2015-09-22,22218.349609375,22639.329529522707,22218.349609375,22358.67701727286,555158
2015-09-23,22498.998046875,22545.77384103615,22171.56979129243,22218.34558545358,388616
2015-09-24,22218.349609375,22452.226318992223,22171.57380674238,22358.67701727286,412469
2015-09-25,22218.349609375,22405.450516359604,22218.349609375,22218.349609375,308939
2015-09-28,21657.04296875,22405.448844385595,21657.04296875,22405.448844385595,629074
2015-09-29,21376.396484375,21516.721617687865,21048.968101916504,21516.721617687865,528695
2015-09-30,21423.1640625,21657.04305918687,21376.390566708345,21563.491460512123,421345
2015-10-01,21853.546875,22331.7412886528,21853.546875,21901.364432393555,411751
2015-10-02,21853.546875,21853.546875,21853.546875,21853.546875,0
2015-10-05,21901.361328125,21949.181233705283,21710.084060768186,21757.90396634847,490470
2015-10-06,22140.458984375,22331.736235562123,22092.639082837184,22188.278885912812,853734
2015-10-07,22714.296875,23192.493615037318,22666.476965499816,22714.296875,1544697
2015-10-08,22762.1171875,22809.93709784683,22475.20008038359,22714.29727715317,610087
2015-10-09,23096.85546875,23527.23233045575,22953.395729859854,23049.035555786617,1182580
2015-10-12,23192.4921875,23240.309739092412,22953.392654716063,23096.852374386424,1254391
2015-10-13,22714.296875,22905.574158036216,22666.476965499816,22809.936694000367,890648
2015-10-14,22475.201171875,22714.298380256158,22283.921521198336,22427.38125920583,793522
2015-10-15,22618.66015625,22618.66015625,22331.74301488682,22331.74301488682,226488
2015-10-16,22666.474609375,22905.571777057834,22666.474609375,22714.294513904424,223689
2015-10-19,22570.8359375,22714.29565831618,22523.018385525666,22714.29565831618,344794
2015-10-20,22427.37890625,22570.836274242076,22283.9191832935,22475.19881390217,651779
2015-10-21,22331.740234375,22475.199964676925,22283.920324274357,22475.199964676925,352598
2015-10-22,22331.740234375,22427.380054576282,22236.100414173718,22331.740234375,332073
2015-10-23,22523.01953125,22618.656995028046,22331.739893764887,22331.739893764887,420134
2015-10-26,22379.560546875,22714.297568633738,22379.560546874996,22475.200368795948,458549
2015-10-27,22092.646484375,22331.743717202935,21997.00664925786,22140.46640193357,706772
2015-10-28,22140.458984375,22236.096432486498,22044.819181299372,22092.639082837184,542336
2015-10-29,22331.740234375,22570.83742991366,22236.100414173718,22475.199964676925,580170
2015-10-30,22379.560546875,22523.020279756423,22283.92072495405,22379.560546874996,478884
2015-11-02,22331.740234375,22570.83742991366,22331.740234375,22379.560144475643,582452
2015-11-03,22331.740234375,22427.380054576282,22283.920324274357,22427.380054576282,423261
2015-11-04,22714.296875,23096.85379603695,22475.1996824636,22570.83714649945,1727703
2015-11-05,22953.396484375,23096.856227980898,22570.83952305737,22857.759010269165,1668046
2015-11-06,22714.296875,22905.574158036216,22666.476965499816,22905.574158036216,517878
2015-11-09,22475.201171875,22714.298380256158,22427.38125920583,22618.658554917823,536234
2015-11-10,21997.005859375,22379.562831141542,21853.54846681557,22379.562831141542,995590
2015-11-11,21901.361328125,21949.181233705283,21710.084060768186,21805.723871928752,823577
2015-11-12,21423.173828125,21805.730840050815,21231.894144679554,21805.730840050815,1305979
2015-11-13,20849.3359375,21088.433146128325,20562.416461188393,21088.433146128325,1416406
2015-11-16,20610.236328125,20801.51597857451,20514.598857864916,20753.696065962133,653078
2015-11-17,20801.515625,21088.432740832708,20801.515625,20849.335536799557,545072
2015-11-18,20705.875,20801.514819897468,20610.235180102536,20658.055090051268,218772
2015-11-19,20705.875,20944.972194779126,20610.235180102536,20705.875,500694
2015-11-20,20753.6953125,20849.335134252553,20658.055490747443,20705.87540162372,392638
2015-11-23,20658.0546875,20801.514414550686,20610.234778483107,20753.694505533793,323563
2015-11-24,20610.236328125,20897.153448834593,20514.598857864916,20753.696065962133,276110
2015-11-25,20801.515625,20897.153093634483,20658.05588960133,20753.695713200443,201248
2015-11-26,20801.515625,20897.153093634483,20705.875801400885,20897.153093634483,154841
2015-11-27,20514.59765625,20753.69485034242,20514.59765625,20753.69485034242,303001
2015-11-30,19701.6640625,20323.318185265827,19653.8441522927,20323.318185265827,624081
2015-12-01,19606.02734375,19988.58313050653,19606.02734375,19797.305825869462,357174
2015-12-02,19606.02734375,19749.485910969,19510.387513949077,19606.02734375,685087
2015-12-03,19271.28515625,19510.382312038808,19127.826627280298,19510.382312038808,629023
2015-12-04,19271.28515625,19510.382312038808,19223.465254099407,19271.28515625,640798
2015-12-07,18840.912109375,19175.64913551224,18840.912109375,19127.83040140857,880310
2015-12-08,18793.091796875,18793.091796875,18171.436530915846,18601.813344078506,981936
2015-12-09,18506.173828125,18793.0921006994,18506.173828125,18793.0921006994,339612
2015-12-10,18219.255859375,18506.17294070879,18219.255859375,18410.534306091587,495967
2015-12-11,18362.716796875,18458.356621457973,18123.61959038222,18219.258237482867,453985
2015-12-14,17884.51953125,18171.43662316012,17741.060985294942,18171.43662316012,832819
2015-12-15,18219.255859375,18410.534306091587,18075.797318708104,18123.617224757792,514411
2015-12-16,18362.716796875,18506.175356267133,18314.89688458351,18410.536709166485,328001
2015-12-17,18123.6171875,18362.714362292576,18123.6171875,18171.43591596921,445021
2015-12-18,17980.16015625,18171.438631154284,17932.34142063569,18123.619895539974,283699
2015-12-21,17549.779296875,18027.974754414965,17501.959397876402,17980.154855416367,841568
2015-12-22,17645.421875,17788.881604171707,17549.78323303446,17549.78323303446,459393
2015-12-23,17693.240234375,17788.88004544248,17597.60160078968,17645.42032884126,249534
2015-12-24,17884.51953125,18314.89516911518,17884.51953125,18075.797985017485,629452
2015-12-25,17932.34375,18123.62224975086,17884.52383069166,17980.162491825842,332754
2015-12-28,17597.599609375,18027.975178029163,17597.599609375,18027.975178029163,300063
2015-12-29,17454.142578125,17693.239744205486,17215.04423456238,17501.96130485182,351829
2015-12-30,17454.142578125,17693.239744205486,17310.68286549815,17454.142578125,210855
2015-12-31,17310.685546875,17501.96401585717,17310.685546875,17501.96401585717,204312
2016-01-04,17310.685546875,17693.24248483934,17310.685546875,17454.145281723362,230182
2016-01-05,17262.869140625,17454.147635400917,17215.049222560403,17310.687881207126,294869
2016-01-06,17358.501953125,17406.321855084396,17262.863326688283,17262.863326688283,132854
2016-01-07,16497.751953125,17215.045874668507,16497.751953125,17215.045874668507,957126
2016-01-08,16736.853515625,16784.673433521773,16449.936363209275,16545.575021520362,418937
2016-01-11,16736.853515625,16880.31209183286,16641.213679831446,16736.853515625,408687
2016-01-12,16593.392578125,16641.211311734554,16306.474289056188,16306.474289056188,425152
2016-01-13,16736.853515625,17071.590585937498,16593.394939417136,16593.394939417136,596408
2016-01-14,16449.9296875,16736.846723479073,16402.109789009493,16736.846723479073,548917
2016-01-15,16402.115234375,16689.032365608167,16402.115234375,16545.573799991584,270096
2016-01-18,15254.4453125,16210.836521172907,15254.445312499998,15732.640916836453,1561023
2016-01-19,15254.4453125,15541.362439605398,15206.625398821645,15302.264048695992,648161
2016-01-20,14680.611328125,15254.44681639091,14680.611328125,15254.44681639091,1101528
2016-01-21,14345.8720703125,14680.609093136341,14250.233425569531,14393.691981425134,1272734
2016-01-22,15302.2626953125,15350.0826047615,14441.511390124033,14537.150031539777,1499323
2016-01-25,16354.291015625,16354.291015624998,16163.012585985807,16163.012585985807,950002
2016-01-26,16975.9453125,17454.141983329428,15780.457167872692,15828.275892969963,1336010
2016-01-27,17454.142578125,17788.879552623384,17310.68286549815,17454.142578125,1219746
2016-01-28,17549.779296875,17980.154855416367,17358.50087836261,17693.237816388788,1272104
2016-01-29,18745.26953125,18745.26953125,17741.058663504464,17932.337092239148,1624450
2016-02-01,17932.34375,18888.7350712718,17932.34375,18840.91515196346,1419419
2016-02-02,17215.046875,17597.60381238378,16975.94849476456,17454.14525523544,966606
2016-02-03,18267.078125,18267.078125,16545.573059664497,16689.03161886207,1096259
2016-02-04,18171.43359375,18697.44895954655,18027.97507171131,18697.44895954655,451022
2016-02-05,18171.43359375,18171.43359375,17932.336449512855,18171.43359375,244554
2016-02-15,18267.078125,18410.536684197574,17932.341094378226,17980.159829122535,1007453
2016-02-16,19127.83203125,19127.83203125,18314.89817494924,18506.17666010928,1720857
2016-02-17,18840.912109375,19080.01048982259,18649.63364051339,19032.190578236612,965194
2016-02-18,19940.76171875,20084.221452682563,19319.1075816381,19366.92749294896,1799476
2016-02-19,20323.318359375,20562.415557495297,19510.385766297873,19510.385766297873,1537674
2016-02-22,20514.59765625,20705.87494053103,20227.678197381658,20227.678197381658,871636
2016-02-23,20705.875,21518.808759199386,20658.055090051268,20658.055090051268,1866344
2016-02-24,20466.775390625,20753.692461503426,20084.21851113235,20610.232748582082,1903069
2016-02-25,19988.580078125,20944.971165192994,19988.580078125,20944.971165192994,864942
2016-02-26,20323.318359375,20514.598001842896,20084.221161254703,20323.318359375,993182
2016-02-29,20418.955078125,20705.872143267698,20371.135174773844,20466.774981476152,772632
2016-03-01,20849.3359375,21136.253058846927,20418.959077997268,20562.416461188393,1146397
2016-03-02,21088.435546875,21279.71286456009,20944.97579238747,21040.61562871249,982226
2016-03-03,21614.4453125,21710.085128363666,21375.34812780527,21375.34812780527,977247
2016-03-04,22140.458984375,22188.278885912812,21423.165171236058,21518.804974311683,1368322
2016-03-07,23622.8671875,23670.687095172012,22809.935821969066,22905.57328234866,2478071
2016-03-08,23049.03125,24627.076308173764,22953.391441939693,23909.782457649984,2187172
2016-03-09,22666.474609375,23096.85139517552,22523.01725075101,22523.01725075101,1233324
2016-03-10,23096.85546875,23431.592504528988,22857.75825889778,23240.31285267546,1130462
2016-03-11,23001.212890625,23144.672612349546,22809.93561662334,23096.85270510803,1167918
2016-03-14,23049.03125,23288.128415186507,23001.21134596985,23192.490962090455,674737
2016-03-15,22236.1015625,22809.938158377467,22140.464092324313,22714.29833323711,1807683
2016-03-16,22427.37890625,22570.836274242076,22188.28172295359,22283.9191832935,768219
2016-03-17,23426.37109375,23825.968393453186,23426.37109375,23776.018423507463,1552677
2016-03-18,23076.724609375,23776.019294507576,23076.724609375,23776.019294507576,932264
2016-03-21,22477.328125,23076.722820107,22477.328125,22976.822884301666,845489
2016-03-22,22727.078125,23226.572941891594,22277.530821907334,22826.97807232343,1275646
2016-03-23,23176.623046875,23226.570555542217,22677.125821440073,22727.07578996982,771850
2016-03-24,22527.275390625,22976.822637048936,22527.275390625,22876.922702318625,1078646
2016-03-25,22577.2265625,22677.12650256004,22327.4791722125,22427.37911227254,945628
2016-03-28,22577.2265625,22727.07647259006,22477.32908230256,22627.17653253002,345361
2016-03-29,21728.0859375,22427.38064601787,21728.0859375,22427.38064601787,1039804
2016-03-30,21478.337890625,21877.935252196992,21378.440395129237,21628.187823663113,765937
2016-03-31,20479.345703125,21378.439097106486,20479.345703125,21378.439097106486,1027095
2016-04-01,20729.091796875,20828.989274018564,20429.393215787986,20479.343184291032,593572
2016-04-04,20179.6484375,20729.0957355704,20079.74971144361,20079.74971144361,878810
2016-04-05,20479.345703125,20479.345703125,19780.050977798448,19979.84964645338,1025683
2016-04-06,21478.337890625,21478.337890625,20878.9430781985,21028.793011236616,1064678
2016-04-07,22027.787109375,22227.584577681933,21778.03965902554,22027.787109375,1287762
2016-04-08,22027.787109375,22727.08193824405,21827.987181204877,22727.08193824405,873741
2016-04-11,22477.328125,22826.975440456165,22427.378157097333,22577.225600942835,1221171
2016-04-12,22727.078125,22777.028098661714,22477.3307165542,22477.3307165542,1152941
2016-04-13,23076.724609375,23476.321923716856,22826.977210359848,23126.674581150568,1605955
2016-04-14,22926.875,23126.67488976854,22727.077570094185,22727.077570094185,901339
2016-04-15,23126.671875,23376.41924479115,22976.821977207874,22976.821977207874,1109710
2016-04-19,22127.68359375,22527.278467525186,22027.7836453748,22477.330953200395,1945870
2016-04-20,22377.43359375,22427.38357371649,22177.633673884036,22377.43359375,1083046
2016-04-21,23776.015625,23776.015625,22826.973687324105,22826.973687324105,1804002
2016-04-22,24725.064453125,24725.064453125,23476.324842910435,23476.324842910435,2713914
2016-04-25,24125.66796875,24775.012717949205,24125.667968750004,24775.012717949205,872506
2016-04-26,24725.064453125,24725.064453125,23825.972228954073,23975.819703051064,1060757
2016-04-27,25224.5625,25973.807271664187,24974.812602869893,25474.30993726704,1404656
2016-04-28,25474.306640625,26223.55131532908,25224.55923567789,25474.306640625,1590801
2016-04-29,25474.306640625,25973.80391038197,25224.55923567789,25724.054045572113,735239
2016-05-04,25224.5625,25224.5625,24375.41776948377,24475.317728335813,1633615
2016-05-05,24974.80078125,25724.0451982654,24974.800781249996,25224.55056016307,675972
2016-05-06,25224.5625,25973.807271664187,24874.915103880918,24974.812602869893,1029289
2016-05-09,25474.306640625,25724.054045572113,24974.80937086803,25724.054045572113,727183
2016-05-10,25474.306640625,25474.306640625,24725.06196592092,24974.80937086803,1228155
2016-05-11,25973.80859375,25973.80859375,25224.563783948706,25474.311233928074,794972
2016-05-12,26223.546875,26972.791422837476,25973.79951234162,26223.546875,991455
2016-05-13,26972.798828125,26972.798828125,25973.806643359334,26223.554074585,983399
2016-05-16,27722.044921875,27722.044921875,26723.05022895037,26723.05022895037,1031294
2016-05-17,29470.27734375,29470.277343750004,28221.535402481433,28471.282806790052,1974098
2016-05-18,28970.779296875,29969.77134713101,28721.031899276666,29470.276551934345,1422369
2016-05-19,28721.029296875,28970.776671843818,28221.53208707491,28471.279462043727,982378
2016-05-20,28721.029296875,29220.524046812636,28471.279462043727,29220.524046812636,845955
2016-05-23,28221.53515625,28721.03242037189,27971.787754120418,28721.03242037189,615685
2016-05-24,28221.53515625,28471.282558379586,27472.29048999853,27971.787754120418,592790
2016-05-25,28721.029296875,28970.776671843818,28471.279462043727,28721.029296875,477926
2016-05-26,28471.28125,28970.778491167814,28221.5338593474,28721.03110051521,505800
2016-05-27,28221.53515625,28471.282558379586,27971.787754120418,28221.53515625,353140
2016-05-30,28471.28125,28721.03110051521,27971.786468694798,28471.28125,505220
2016-05-31,29969.771484375,30219.51888311703,28471.282172197443,28471.282172197443,1225684
2016-06-01,29969.771484375,30219.51888311703,29470.276686890942,29969.771484375,513617
2016-06-02,30719.017578125,30719.017578125,29720.025476540995,29720.025476540995,684886
2016-06-03,30219.515625,31218.510031986916,30219.515625000004,30719.012828493458,425127
2016-06-06,30219.515625,30469.265456677942,29720.020881368968,29969.768253184484,405497
2016-06-07,30719.017578125,30968.7649885553,30219.520297401596,30968.7649885553,214990
2016-06-08,30219.515625,31468.257403802436,30219.515625000004,31218.510031986916,751162
2016-06-09,30968.763671875,30968.763671875,30469.26887225112,30469.26887225112,533473
2016-06-10,30219.515625,30968.760200308978,30219.515625000004,30469.265456677942,700027
2016-06-13,29969.771484375,29969.771484375,29220.526828286223,29470.276686890942,947746
2016-06-14,29969.771484375,30469.26874172175,29470.276686890942,29969.771484375,644454
2016-06-15,30719.017578125,30968.7649885553,29470.278066110695,29720.025476540995,712079
2016-06-16,29969.771484375,30719.01614046378,29969.771484375,30469.26874172175,501930
2016-06-17,29720.021484375,30219.51623814056,29470.274107492216,29470.274107492216,415016
2016-06-20,30719.017578125,30719.017578125,29969.772886971296,30219.520297401596,406746
2016-06-21,30219.515625,30968.760200308978,30219.515625000004,30719.012828493458,350076
2016-06-22,30219.515625,30719.012828493458,30219.515625000004,30219.515625000004,163565
2016-06-23,30469.267578125,30469.267578125,30219.517729058025,30219.517729058025,171256
2016-06-24,29969.771484375,30719.01614046378,28471.282172197443,30469.26874172175,1250583
2016-06-27,30219.515625,30469.265456677942,28970.77630605999,29220.52367787551,315041
2016-06-28,30219.515625,30219.515625000004,29470.273509553448,29470.273509553448,155471
2016-06-29,30968.763671875,30968.763671875,30219.519012576482,30219.519012576482,570551
2016-06-30,31218.515625,32217.507751100846,31218.515625,31468.263041559498,424370
2016-07-01,32716.998046875,33216.495270584266,31468.25867739562,31468.25867739562,892829
2016-07-04,33216.49609375,33216.49609375,32716.998857662275,32966.74870563743,257602
2016-07-05,32716.998046875,33715.99003443101,32467.25066495163,33216.495270584266,543055
2016-07-06,32217.50390625,32716.99867975907,31967.754059632894,32467.251293004534,581595
2016-07-07,33466.25,33466.25,32217.510356360683,32467.257793115936,590256
2016-07-08,32966.75390625,33466.24876127208,32467.256591364952,32966.75390625,963253
2016-07-11,31967.75390625,32966.74836820005,31718.006520693765,32467.251137225026,781759
2016-07-12,32217.50390625,32467.251293004534,31967.754059632894,31967.754059632894,651678
2016-07-13,32966.75390625,33466.24876127208,32467.256591364952,32717.004018875992,865232
2016-07-14,32217.50390625,33216.495913130704,32217.50390625,32716.99867975907,533574
2016-07-15,31967.75390625,32467.251137225026,31967.75390625,32467.251137225026,389486
2016-07-18,32467.25390625,32467.25390625,31967.7566326745,32217.506499393632,275593
2016-07-19,31967.75390625,32467.251137225026,31218.5117495813,32217.50375166879,642740
2016-07-20,31218.515625,31967.75787467849,31218.515625,31718.01045811899,467538
2016-07-21,31468.263671875,32217.50839642387,31218.516250313016,31468.263671875,459696
2016-07-22,30719.017578125,30968.7649885553,29720.025476540995,30968.7649885553,664752
2016-07-25,30968.763671875,31468.260931361576,30219.519012576482,30719.016272063058,325870
2016-07-26,29470.27734375,30719.016825155828,29470.277343750004,30719.016825155828,600972
2016-07-27,29470.27734375,29470.277343750004,29470.277343750004,29470.277343750004,0
2016-07-28,28970.779296875,29969.77134713101,28471.28204181566,29969.77134713101,547442
2016-07-29,29220.529296875,29470.279176578915,27971.789737807,28221.53715764802,431607
2016-08-01,29969.771484375,30219.51888311703,29220.526828286223,29969.771484375,198954
2016-08-02,29720.021484375,29720.021484374996,28970.776893864182,28970.776893864182,637520
2016-08-03,29470.27734375,29720.02474805862,28970.780075270028,29220.527479578643,429111
2016-08-04,29720.021484375,30219.51623814056,29720.021484374996,29969.76886125778,358309
2016-08-05,29720.021484375,30219.51623814056,29720.021484374996,29720.021484374996,305548
2016-08-08,30219.515625,30219.515625000004,29470.273509553448,29720.020881368968,294768
2016-08-09,30719.017578125,30968.7649885553,30219.520297401596,30219.520297401596,196130
2016-08-10,30968.763671875,30968.763671875,30469.26887225112,30719.016272063058,356329
2016-08-11,30968.763671875,30968.763671875,30219.519012576482,30469.26887225112,414058
2016-08-12,31468.263671875,32717.00323954784,31468.263671875,31967.75851499897,612621
2016-08-15,31967.75390625,32217.50375166879,31468.259135137534,31468.259135137534,329426
2016-08-16,31718.013671875,32467.25845733188,31468.26623001041,32217.51101546729,502296
2016-08-17,31718.013671875,31967.76111373959,31468.26623001041,31718.013671875,525165
2016-08-18,30968.763671875,31718.008331173518,30719.016272063058,31718.008331173518,498728
2016-08-19,32217.50390625,32716.99867975907,31218.511899369292,31718.00667287836,840610
2016-08-22,32716.998046875,33216.495270584266,32217.503283028258,32217.503283028258,583511
2016-08-23,31718.013671875,32217.51101546729,31468.26623001041,32217.51101546729,353694
2016-08-24,31718.013671875,32217.51101546729,31718.013671875,31718.013671875,267373
2016-08-25,30968.763671875,31718.008331173518,30719.016272063058,31468.260931361576,421584
2016-08-26,31718.013671875,31718.013671875,30968.76888641812,30968.76888641812,190507
2016-08-29,31468.263671875,31967.75851499897,31468.263671875,31468.263671875,254224
2016-08-30,32217.50390625,32217.50390625,30968.76205275219,30968.76205275219,413843
2016-08-31,31967.75390625,32217.50375166879,31718.006520693765,31967.75390625,455435
2016-09-01,31718.013671875,32217.51101546729,31468.26623001041,31967.76111373959,305258
2016-09-05,31468.263671875,31718.011093436988,31218.516250313016,31468.263671875,387343
2016-09-06,31967.75390625,32217.50375166879,31468.259135137534,31468.259135137534,378014
2016-09-07,31468.263671875,31967.75851499897,30968.76636888812,31468.263671875,430977
2016-09-08,32217.50390625,32467.251293004534,31468.259286123826,31468.259286123826,319037
2016-09-09,32217.50390625,33216.495913130704,32217.50390625,32467.251293004534,492336
2016-09-12,31518.2109375,31718.00836559383,31218.5135654279,31468.260965510864,251185
2016-09-13,31718.013671875,31967.76111373959,31218.51878814582,31218.51878814582,200580
2016-09-14,31718.013671875,31817.91363256608,31418.31624966487,31718.013671875,231783
2016-09-15,31468.263671875,31718.011093436988,31218.516250313016,31218.516250313016,379981
2016-09-16,31568.1640625,31568.1640625,31368.36415458756,31468.264108543783,132312
2016-09-19,31967.75390625,31967.75390625,31568.15907330505,31618.10658252625,160149
2016-09-20,32966.75390625,32966.75390625,31718.011848968865,31917.811758868073,279199
2016-09-21,33765.9375,33815.88746465481,32766.945586490958,32966.745445110166,504111
2016-09-22,33865.84375,34465.238518003454,33865.84375,34365.34102991141,303606
2016-09-23,34265.4453125,34265.4453125,33666.050470492955,33815.89795106316,205232
2016-09-26,34215.4921875,34215.4921875,33516.1974494785,33965.74476959601,329930
2016-09-27,34615.0859375,34615.0859375,34015.691212828715,34215.488634431604,401892
2016-09-28,34964.734375,34964.734375,34465.237115415985,34465.237115415985,579792
2016-09-29,36563.12109375,37062.6183521842,35963.726351519115,35963.726351519115,575922
2016-09-30,35456.66796875,36864.87608639432,35456.66796875,36814.58258550984,432691
2016-10-03,35708.1328125,35959.600315627395,35456.667786152895,35557.25478740386,157627
2016-10-04,35758.42578125,36211.064803366404,35205.20223615904,35708.13228137259,199017
2016-10-05,36009.89453125,36311.653064214166,35758.427023129574,35758.427023129574,147252
2016-10-06,35456.66796875,36311.65253022561,35456.66796875,36211.065528456646,108837
2016-10-07,35657.84765625,36110.484282801306,35456.67362064435,36110.484282801306,137884
2016-10-10,33947.87109375,35657.84012827155,33947.87109375,35657.84012827155,161851
2016-10-11,36211.07421875,36211.07421875,34350.22662334095,34853.15927610425,367789
2016-10-12,35456.66796875,36211.065528456646,35205.20294110789,36211.065528456646,185098
2016-10-13,35708.1328125,35708.1328125,34702.270230331305,34702.270230331305,122239
2016-10-14,35607.546875,36110.476907736214,35607.546875,35808.71839273845,96646
2016-10-17,34953.7421875,35607.552825383595,34702.27465232892,35607.552825383595,150832
2016-10-18,34450.80859375,35104.61921265192,34299.92807702777,34953.74117271023,161712
2016-10-19,34752.5703125,34953.74435310084,34501.10523852971,34702.276802349785,113830
2016-10-20,34702.2734375,35104.61900290813,34702.2734375,35104.61900290813,182274
2016-10-21,34702.2734375,34702.2734375,34249.636843598804,34450.80838791261,234695
2016-10-24,34249.6328125,34651.97585377281,34249.6328125,34249.6328125,141251
2016-10-25,34350.22265625,34450.8096705421,33746.70552405866,34199.344611592474,236170
2016-10-26,34048.4609375,34350.21947565489,34048.4609375,34149.04794247842,180976
2016-10-27,34098.7578125,34199.3448274269,33796.999244499915,34048.46430503655,161510
2016-10-28,34199.3359375,34299.92044949989,33947.86846555031,33947.86846555031,148714
2016-10-31,33193.484375,34199.34716260897,33193.484375,34199.34716260897,375127
2016-11-01,33444.94921875,33595.82727360647,32841.43204576256,32942.016590073275,360124
2016-11-02,33143.19140625,33595.82805817063,33042.604382809484,33444.9499997907,176551
2016-11-03,32841.4296875,33092.894745390884,31986.445023178152,33092.894745390884,283573
2016-11-04,33042.59765625,33042.59765625,32640.252121175217,33042.59765625,116364
2016-11-07,33847.28515625,33847.28515625,32690.54217451867,33042.59417097776,191730
2016-11-08,34048.4609375,34098.754439989214,33796.995901834314,34098.754439989214,198386
2016-11-09,33746.703125,34048.461669643606,32187.61442143087,33193.479539283464,302030
2016-11-10,34199.3359375,34450.800932669714,33746.696964770534,33746.696964770534,307817
2016-11-11,34249.6328125,34702.269353126976,34199.33931314584,34199.33931314584,39952
2016-11-14,33696.40234375,34199.33479405399,33595.815358333224,34199.33479405399,113187
2016-11-15,33796.99609375,33897.583099299605,33495.237553881576,33696.40908820039,117007
2016-11-16,33847.28515625,34350.21516446009,33746.69816389595,34149.04365653207,158258
2016-11-17,33796.99609375,33947.87412529401,33796.99609375,33947.87412529401,92284
2016-11-18,33796.99609375,33847.2895965248,33696.40908820039,33696.40908820039,99496
2016-11-21,33847.28515625,33897.57865242702,33796.99166007298,33796.99166007298,88389
2016-11-22,34551.39453125,34953.740086559614,34199.34247995164,34199.34247995164,117637
2016-11-23,34501.09765625,34802.85617405327,34450.80415715276,34551.39115534725,75517
2016-11-24,34299.9296875,34501.10371924195,34199.34514840967,34299.9296875,59392
2016-11-25,34199.3359375,34299.92044949989,33947.86846555031,34199.3359375,159758
2016-11-28,34199.3359375,34249.62943188994,33947.86846555031,34199.3359375,197037
2016-11-29,32439.080078125,34199.34021820325,32439.080078124996,33545.52966285709,208182
2016-11-30,32137.322265625,32439.08079966753,31684.683226171026,32439.08079966753,249206
2016-12-01,34350.22265625,34350.22265625,34199.344611592474,34350.22265625,447757
2016-12-02,34149.046875,34853.150934278354,33947.872871331725,34702.27043152715,158081
2016-12-05,33444.94921875,34048.46639173745,33193.48414280203,33797.00131578947,54715
2016-12-06,33646.1171875,33696.41069266955,32187.61544470509,33696.41069266955,178177
2016-12-07,32841.4296875,33545.533831018955,32690.549166697107,32841.4296875,63842
2016-12-08,32690.546875,32942.0119152625,32137.323291066434,32187.614317694588,138326
2016-12-09,33193.484375,33193.484375,32187.61911061023,32942.01682051216,223739
2016-12-12,33193.484375,34350.22521852087,33193.484375,33646.12101951652,215999
2016-12-13,32690.546875,33696.4095128304,32439.08183473751,33696.4095128304,156228
2016-12-14,32690.546875,32942.0119152625,32237.90782110317,32237.90782110317,86472
2016-12-15,32388.787109375,32690.545641661425,32137.3220785997,32690.545641661425,144554
2016-12-16,32288.205078125,32640.25716613191,31936.152990118087,32640.25716613191,140608
2016-12-19,32640.2578125,32942.0163972272,32439.08624827546,32942.0163972272,112405
2016-12-20,31986.4453125,32690.549462387673,31936.15180511079,32640.255954998465,162141
2016-12-21,32690.546875,32791.13388181717,32237.90782110317,32388.788331328924,187330
2016-12-22,33107.65234375,33264.06755319204,32951.23970194329,33107.65234375,93948
2016-12-23,32325.580078125,33159.78935827804,32325.580078125,33159.78935827804,115948
2016-12-26,31856.333984375,32846.955725011445,31856.333984375,32846.955725011445,42322
2016-12-27,31282.8203125,32012.752803575902,29666.542692337804,31804.201763683617,154173
2016-12-28,31230.6796875,31543.507508887793,31074.26706062365,31282.818085670482,251122
2016-12-29,31126.40625,31334.957280348015,31126.406250000004,31230.68048135643,199496
2016-12-30,31595.6484375,31699.925242192316,31126.407951655186,31126.407951655186,79702
2017-01-03,31334.955078125,31804.198072973548,31230.678286461996,31804.198072973548,150517
2017-01-04,32064.890625,32221.305827814147,31230.681345261673,31282.819746199722,181619
2017-01-05,32064.890625,32221.305827814147,31804.201187944982,32221.305827814147,38905
2017-01-06,31491.369140625,32064.886339013305,31491.369140625004,32064.886339013305,92562
2017-01-09,31543.505859375,31908.472059847998,31282.816449789985,31491.370031565963,265343
2017-01-10,31282.8203125,31699.92495991984,31178.54350873622,31699.92495991984,182993
2017-01-11,31491.369140625,31543.504966959033,31282.81556474934,31282.81556474934,66755
2017-01-12,31543.505859375,31752.059441150974,31387.093240677976,31543.505859375,45335
2017-01-13,31074.271484375,31699.9272162193,31074.271484375004,31543.511999440496,217108
2017-01-16,30240.05859375,31074.26785040984,30083.643395263098,31074.26785040984,368811
2017-01-17,29562.263671875,30240.05771024525,29510.12527390266,30031.506685990975,345828
2017-01-18,29927.234375,30031.511186571803,29562.268102134145,29562.268102134145,315974
2017-01-19,29927.234375,29927.234374999996,29718.680751856387,29718.680751856387,60854
2017-01-20,30292.19921875,30344.33762207613,29718.679349797872,29927.232963102408,111498
2017-01-23,30500.75,30500.75,29718.67909215867,30292.198956138796,181329
2017-01-24,31282.8203125,31491.373920027556,30500.749419542208,30761.441428951654,200151
2017-01-25,31334.955078125,31334.955078125004,31022.127270770965,31282.816682293498,239612
2017-01-26,31334.955078125,31334.955078125004,31334.955078125004,31334.955078125004,0
2017-02-03,31022.126953125,31543.505770831496,30865.71176723208,31543.505770831496,220159
2017-02-06,31282.8203125,31804.201763683617,30657.164625187877,31022.13087072583,524245
2017-02-07,31282.8203125,31543.50975427417,31178.54350873622,31282.8203125,290948
2017-02-08,30813.58203125,31282.825153161775,30813.582031250004,31282.825153161775,149206
2017-02-09,30240.05859375,30500.748023593016,29614.402935072703,29718.677166428814,3115692
2017-02-10,30761.443359375,31022.132817508646,30187.923470318456,30240.06187547227,976238
2017-02-13,30813.58203125,30969.99726109915,30657.169369036525,30761.44618893596,815584
2017-02-14,30813.58203125,31022.135671048865,30500.75413918738,30761.44618893596,1486338
2017-02-15,30813.58203125,30865.72044119972,30605.03095908681,30865.72044119972,1189325
2017-02-16,30917.8515625,31282.817778474317,30657.162141842648,30761.438937159615,1317250
2017-02-17,30709.298828125,31074.265023760385,30657.1604333721,30969.988234254582,639689
2017-02-20,30761.443359375,30865.717602047196,30396.47709093372,30709.304954221185,688012
2017-02-21,31126.40625,31491.372478835394,30709.301621668816,30761.44002116461,1972774
2017-02-22,32325.580078125,32325.580078125,31439.234964643227,31439.234964643227,2549919
2017-02-23,32846.96875,33055.51983212434,32377.725605675485,32586.27925543562,1741520
2017-02-24,32169.162109375,32899.094466580806,32169.162109375004,32899.094466580806,944997
2017-02-27,32273.44140625,32273.44140625,31647.785735204743,31960.61357072737,1094519
2017-02-28,31439.236328125,32481.996689721942,31439.236328125004,32325.581480046498,838530
2017-03-01,30709.298828125,31491.369614148665,30605.0220386192,31491.369614148665,1653282
2017-03-02,30240.05859375,31022.129450914206,30240.058593750004,30969.991051418572,1167867
2017-03-03,30552.888671875,30709.303881874544,29979.3713704807,30240.06081951126,614777
2017-03-06,30344.345703125,30761.45047317853,30344.345703125,30500.758387122554,847531
2017-03-07,30344.345703125,30396.484120336194,29979.379350282663,30240.06886870261,1234900
2017-03-08,30135.78515625,30448.613020482982,30031.51091326263,30448.613020482982,547883
2017-03-09,29614.40625,29927.234114355448,29614.40625,29927.234114355448,1473327
2017-03-10,29093.0234375,29510.128093496587,28884.472393319367,29510.128093496587,1659990
2017-03-13,28519.501953125,28988.742375547714,28102.397358366517,28675.914571387588,1095868
2017-03-14,28675.921875,29405.85445982875,28519.5092168999,28519.5092168999,765370
2017-03-15,28675.921875,29040.888167414378,28571.64762547847,28675.921875,863467
2017-03-16,28988.748046875,29197.301668872922,28832.335398012012,29197.301668872922,713617
2017-03-17,28675.921875,28988.74975883581,28675.921875,28936.613917892842,708688
2017-03-20,28571.638671875,28832.32806543901,28571.638671875004,28675.912888719726,762193
2017-03-21,28363.09375,28832.336855581656,28363.09375,28675.921631175912,634457
2017-03-22,27633.158203125,28363.090703340644,27633.158203125,28258.81389827118,1582543
2017-03-23,27737.43359375,28258.812457239485,27633.15679399803,27633.15679399803,1224386
2017-03-24,28415.228515625,28415.228515625,27841.71123492684,27841.71123492684,650569
2017-03-27,28154.5390625,28363.09010057152,27998.12385821992,28310.951699144825,699712
2017-03-28,27945.990234375,28154.54387573562,27893.851824034846,28154.54387573562,403241
2017-03-29,28050.263671875,28467.36833665299,27945.986863771657,28206.678884030014,696232
2017-03-30,28363.09375,28519.508974405748,28154.542685094588,28154.542685094588,456670
2017-03-31,28675.921875,28832.337100735705,28467.37080832133,28675.921875,670766
2017-04-03,28519.501953125,28832.329757285126,28415.225162526644,28571.640348424182,539890
2017-04-04,28310.955078125,28675.9213640362,28154.54242281195,28675.9213640362,694997
2017-04-05,28571.638671875,28728.051280959487,28415.22349515572,28623.774496479964,675380
2017-04-07,29822.955078125,29822.955078125004,28728.056350771094,28832.333153652966,1960949
2017-04-10,30034.091796875,30350.795373372683,29928.523071560237,30350.795373372683,612369
2017-04-11,29981.30859375,30350.796547195077,29717.386770255875,30086.87472370095,905839
2017-04-12,29242.333984375,30086.876058689384,29242.333984375,30086.876058689384,924549
2017-04-13,28872.84375,29770.170120976814,28661.706298396082,29770.170120976814,855726
2017-04-14,28450.572265625,29031.195075364685,28239.43480794025,28978.410710943495,716252
2017-04-17,28503.357421875,29083.980247744497,28345.004324212357,28608.923554203335,584053
2017-04-18,29083.974609375,29136.758965029498,28503.351896068016,28503.351896068016,576855
2017-04-19,29031.193359375,29242.33080457974,28872.842874917984,29136.76208197737,311939
2017-04-20,28503.357421875,28714.492285978427,28503.357421875,28714.492285978427,511511
2017-04-21,28292.22265625,28714.495024171196,28292.22265625,28450.575769013078,323689
2017-04-24,28556.140625,28767.27548050634,28186.65267827892,28292.21880630876,455447
2017-04-25,28345.001953125,28608.921161038874,28345.001953125,28503.35503754125,139259
2017-04-26,28767.275390625,28767.275390625,28292.218717911703,28397.787445058355,422265
2017-04-27,29453.470703125,29559.039443837843,28714.494717029054,28767.279087385476,1271663
2017-04-28,29453.470703125,29453.470703125,29453.470703125,29453.470703125,0
2017-05-03,29136.763671875,29347.89852915414,28978.41057933064,29031.19494351209,820829
2017-05-04,29136.763671875,29136.763671875,28925.62881459586,29031.19494351209,786500
2017-05-05,28820.060546875,28978.411042503663,28714.49181682475,28767.276181849877,301148
2017-05-08,29031.193359375,29189.546443278556,28820.0585136168,28820.0585136168,507666
2017-05-09,29347.900390625,29400.68475815445,28925.63064928311,28978.41241736572,707957
2017-05-10,29031.193359375,29559.034372940307,29031.193359375004,29506.250011639124,373803
2017-05-11,29083.974609375,29295.112031992998,28978.405898066,29295.112031992998,158661
2017-05-12,28767.275390625,29189.547699764975,28714.491027051674,29189.547699764975,328278
2017-05-15,28556.140625,28767.27548050634,28503.356261261753,28767.27548050634,454867
2017-05-16,28820.060546875,28925.629276925254,28767.276181849877,28925.629276925254,250303
2017-05-17,28714.490234375,28872.84332072357,28503.35538535681,28872.84332072357,222643
2017-05-18,28872.84375,29083.978602157305,28608.921935495102,28714.490661297063,581797
2017-05-19,29506.244140625,29770.163295170987,29031.187582885403,29031.187582885403,1400042
2017-05-22,30667.498046875,30825.84853073796,30034.090912530115,30086.872674186754,1993891
2017-05-23,30298.01171875,30878.63452265657,30298.01171875,30667.499666539636,592109
2017-05-24,30139.658203125,30350.795655718684,29875.73898682952,30298.011292570263,595538
2017-05-25,30667.498046875,30931.41725294428,30298.010118599395,30614.71368577184,1185480
2017-05-26,29981.30859375,30509.14704184485,29981.30859375,30139.659088399774,750468
2017-05-29,30614.716796875,30773.069896276505,29981.309598162537,30086.87573165009,806709
2017-05-30,29875.736328125,30667.496505997664,29875.736328125004,30614.712147546634,515344
2017-05-31,29347.900390625,30086.87633714357,29295.118622542395,30086.87633714357,493748
2017-06-01,29400.6875,29506.256244904005,29189.55260963906,29295.12135454307,519845
2017-06-02,28820.060546875,29453.46772828308,28767.276181849877,29453.46772828308,1191153
2017-06-05,29136.763671875,29189.548036056454,28714.491357870047,28820.060086232956,308901
2017-06-06,29242.333984375,29242.333984375,29031.196516211294,29136.76525029315,395866
2017-06-07,29295.12109375,29664.609098177665,29136.767977803687,29136.767977803687,795703
2017-06-08,29295.12109375,29506.255982231356,28556.145084894662,28556.145084894662,509431
2017-06-09,28978.412109375,29295.118311185637,28872.845974884935,29295.118311185637,352144
2017-06-12,29136.763671875,29453.467257517044,28925.62881459586,28978.41057933064,456884
2017-06-13,29664.60546875,29664.60546875,29031.195681908714,29136.76441295672,560743
2017-06-14,30350.794921875,30456.361046172766,29717.38517885562,29717.38517885562,1375281
2017-06-15,30034.091796875,30298.011010715305,29822.95434624548,30086.87356008578,576628
2017-06-16,30350.794921875,30614.71413178925,30034.09135008859,30034.09135008859,773867
2017-06-19,30720.2890625,30878.639580664298,30509.151572351493,30878.639580664298,1362195
2017-06-20,30667.498046875,30825.84853073796,30561.929324668676,30667.498046875,897607
2017-06-21,30456.361328125,30614.71441520745,30086.873391045865,30456.361328125,930562
2017-06-22,30086.876953125,30456.36493394897,29928.526446741525,30350.79879617562,865648
2017-06-23,29928.5234375,30139.658291264495,29559.03549382716,30086.873927961715,454098
2017-06-26,30086.876953125,30192.44569034525,29928.526446741525,30086.876953125,264436
2017-06-27,30298.01171875,30773.06839432143,30086.874263186404,30192.4429909682,728494
2017-06-28,30781.486328125,30888.926828167096,30405.447223513464,30566.607973576607,651540
2017-06-29,30781.486328125,30888.926828167096,30674.0458280829,30674.0458280829,692173
2017-06-30,31318.69140625,31641.010314598057,30888.931979940502,30942.652238921222,1616860
2017-07-03,32017.048828125,32070.769086008728,31264.970508825205,31264.970508825205,1095174
2017-07-04,31694.724609375,31855.882710454734,31157.52476619248,31802.162461582906,497593
2017-07-05,32285.650390625,32339.37065336503,31641.0125288175,31802.17067150116,2015147
2017-07-06,32607.962890625,32661.683142770384,32070.76566024296,32285.644023288594,907314
2017-07-07,32607.962890625,32715.40339491577,32231.923771143207,32607.962890625,919027
2017-07-10,32393.087890625,32661.686533701893,32070.768989825494,32500.52576053405,1350634
2017-07-11,32285.650390625,32500.52879604869,31909.61119698122,32339.37065336503,577838
2017-07-12,33574.921875,33843.52048808567,32339.364021948528,32446.804525397147,1870731
2017-07-13,33574.921875,33574.921875,33574.921875,33574.921875,0
2017-07-14,34112.12109375,34541.88048711197,33843.52246497478,34112.12109375,945754
2017-07-17,33360.046875,34219.56576628441,33198.8887363444,34219.56576628441,911815
2017-07-18,32607.962890625,33360.04112958858,32554.242638479613,32876.56150581602,642437
2017-07-19,33682.359375,33789.79987730694,32769.123041998544,32769.123041998544,866127
2017-07-20,33306.32421875,33789.80389102548,32607.966161872184,33574.92550642314,320084
2017-07-21,32231.92578125,33843.52286397332,32231.92578125,33843.52286397332,583272
2017-07-24,32017.048828125,32500.52585800616,31157.529993057753,31372.40837905647,973338
2017-07-25,32500.5234375,32769.12470691431,31587.28705809933,31587.28705809933,359153
2017-07-26,32930.2890625,33198.8903828076,32715.410651790415,33037.72959062304,419227
2017-07-27,32554.24609375,32930.28525314416,32285.64745005023,32607.96635159719,441605
2017-07-28,33037.7265625,33037.7265625,32554.246875796885,32554.246875796885,427308
2017-07-31,33628.640625,33843.521639205996,33037.723127005476,33252.60149567549,647833
2017-08-01,34488.16015625,34488.16015625,33574.9237622123,33628.64137142013,1023301
2017-08-02,34273.28125,34703.040635733916,33736.0813564486,34165.84074218252,732453
2017-08-03,34273.28125,34488.15962009896,33950.96237208356,34004.679980456305,586764
2017-08-04,33843.5234375,34273.282843211506,33789.803181094045,34273.282843211506,727385
2017-08-07,34434.44140625,34810.48056035353,33628.64284095157,33843.523869317105,800859
2017-08-08,34649.3203125,34917.9189359703,34380.719043493715,34649.3203125,651212
2017-08-09,34058.40234375,34649.32252780839,33574.9253196995,34434.441498864915,578330
2017-08-10,33843.5234375,34219.56258680556,33574.92480100635,33897.243693905955,343407
2017-08-11,32930.2890625,34112.12693524395,32822.85117991346,33682.367468288285,628910
2017-08-14,33198.8828125,33306.3206705876,32769.12344354193,32930.28155344127,188906
2017-08-15,32661.685546875,33252.603072897655,32607.965290775468,33252.603072897655,370916
2017-08-16,33467.48828125,33467.48828125,32500.52884164571,32715.4098929073,236990
2017-08-17,32769.125,33467.483015651305,32769.125,33091.44388064399,213502
2017-08-18,32715.404296875,32876.56241221835,32285.644913399414,32285.644913399414,195613
2017-08-21,32822.84765625,33037.72604389153,32715.40713966113,32769.12739795556,159859
2017-08-22,32607.962890625,32930.281757961406,32554.242638479613,32822.84389920654,319063
2017-08-23,32769.125,32769.125,32554.243982546664,32607.96423691,13237560
2017-08-24,32983.99609375,33252.594660762355,32769.117769247205,32769.117769247205,30254758
2017-08-25,32983.99609375,33413.75538829102,32930.27585124044,32983.99609375,239082
2017-08-28,33843.5234375,33897.243693905955,32984.00462607698,32984.00462607698,734861
2017-08-29,33628.640625,33843.521639205996,33360.042002778486,33574.92301698448,370096
2017-08-30,33628.640625,33843.521639205996,33306.32174922699,33682.3608785515,360389
2017-08-31,33628.640625,33789.80138565449,33306.32174922699,33628.640625,279980
2017-09-01,34112.12109375,34488.16023224972,33789.80221011253,33789.80221011253,952247
2017-09-04,34112.12109375,34112.12109375,34112.12109375,34112.12109375,0
2017-09-05,34756.76171875,35186.52114744709,34112.1238984725,34219.56441703084,762571
2017-09-06,34971.640625,35293.95951549945,34756.7596009763,34864.20011298815,703153
2017-09-07,35669.99609375,36314.633828334714,34917.9178548892,34971.63810702724,1318271
2017-09-08,36153.4765625,36583.23594411355,35669.996927492764,35669.996927492764,1483022
2017-09-11,35455.1171875,36153.4751635227,35186.51593092521,36153.4751635227,915320
2017-09-12,35455.1171875,35562.555044594046,35132.79567961026,35240.23618224017,695161
2017-09-13,35777.4375,35992.3158684335,35455.11862458176,35562.556486030524,506721
2017-09-14,37066.7109375,38248.548511909954,35992.31386409163,35992.31386409163,1179479
2017-09-15,37339.2734375,37775.35293130981,37066.72476053448,37611.82211446551,568483
2017-09-18,37284.75,37557.298580728806,37012.201419271194,37557.298580728806,542613
2017-09-19,36957.703125,37393.78260593698,36848.68258365536,37339.272335264664,914854
2017-09-20,36957.703125,36957.703125,36031.03389245371,36521.62364406302,748426
2017-09-21,37066.71484375,37066.71484375,36358.08686256015,36630.635466608335,379325
2017-09-22,37339.2734375,37557.31184218408,36794.173399127314,36794.173399127314,511650
2017-09-25,37339.2734375,37502.8042543443,37066.72476053448,37339.2734375,158371
2017-09-26,37884.3671875,38156.91581922555,37502.79802930774,37502.79802930774,798199
2017-09-27,38538.48046875,38702.00855487748,37666.321727933784,37829.852498502165,663592
2017-09-28,38538.48046875,38974.5598391581,38265.931868910266,38265.931868910266,627548
2017-09-29,37666.32421875,38538.48301724073,37666.32421875,38211.42413891698,438995
2017-10-02,37884.3671875,38265.93634569225,37666.32613456659,37666.32613456659,557452
2017-10-03,37502.796875,37938.873598562284,37284.75582877773,37884.366021447844,337683
2017-10-04,37884.3671875,37884.3671875,37175.73644990763,37502.79802930774,555712
2017-10-05,37066.71484375,37993.38117129021,37066.71484375,37884.3633403355,1089489
2017-10-06,36957.703125,37066.72366634464,36848.68258365536,37066.72366634464,664966
2017-10-09,36794.16796875,37339.26792667247,36630.63986048214,36848.67823298637,473450
2017-10-10,36576.12890625,36794.16727464102,36467.10837983389,36794.16727464102,872682
2017-10-11,37175.734375,37339.26515557284,36903.18575848634,36957.696018677285,731406
2017-10-12,37557.30078125,37720.831549933144,37066.7138440823,37339.26244078,906117
2017-10-13,38156.9140625,38320.44216023009,37339.26552052628,37339.26552052628,1584611
2017-10-16,37829.859375,38702.01558991094,37720.83884147061,38265.93882467616,693156
2017-10-17,37829.859375,38047.897757617386,37557.30804117653,37884.36964176469,391882
2017-10-18,37884.3671875,38647.50550388451,37611.81587133324,37884.3671875,778860
2017-10-19,38320.44140625,38538.4824448548,37884.36469792246,37884.36469792246,800405
2017-10-20,38538.48046875,39138.08792528558,38156.91135519802,38156.91135519802,809583
2017-10-23,37121.2265625,38702.01067575023,37121.2265625,38592.99284050469,789626
2017-10-24,37993.38671875,37993.38671875,36794.16892762144,36957.69972459224,888568
2017-10-25,38047.8984375,38265.939508454976,37720.839515508975,37938.87790202251,574131
2017-10-26,37393.7734375,38102.40141361121,37339.263180192844,37993.38089899689,655158
2017-10-27,37775.34375,37775.34375,37012.20549242424,37393.77462121212,344189
2017-10-30,39737.703125,40228.29013027665,38265.936740287594,38265.936740287594,2733240
2017-10-31,38974.5625,40282.798016098284,38974.5625,39737.70077920436,1169267
2017-11-01,39792.2109375,39955.73903437141,39247.111017566116,39628.68015618751,1057012
2017-11-02,39574.17578125,40228.29363489868,39138.096317337055,39955.74497661864,927549
2017-11-03,40064.765625,40064.765625,39465.15535378854,39574.175891179984,720942
2017-11-06,40882.40625,41154.954855460266,40228.28583867804,40337.30635463853,629137
2017-11-07,40718.87890625,41645.54800109556,40718.87890625,41536.5274759511,819392
2017-11-08,41754.55859375,41972.59960618984,40827.89234420284,40827.89234420284,873981
2017-11-09,41863.5859375,41972.60646152611,41318.48868625175,41427.50652583671,687659
2017-11-10,41863.5859375,42027.11672353917,41427.50652583671,41863.5859375,659028
2017-11-13,43335.3515625,43335.3515625,41591.036628930495,41863.58525007924,855776
2017-11-14,43607.90625,43934.96515763101,42790.25763870182,43553.39598465461,619328
2017-11-15,43444.375,43444.375,42790.25719157306,43062.80583101074,567311
2017-11-16,43553.390625,43662.40845783379,42953.78046442973,43171.821498979276,661588
2017-11-17,43280.8359375,43771.42554232085,42899.26684140395,43553.387209312015,784066
2017-11-20,44605.7578125,44992.19384661166,43501.65524627825,43777.68292684443,655612
2017-11-21,44716.171875,45820.277233736815,44164.12191431277,44440.146894656384,941808
2017-11-22,45654.66015625,46317.121189900405,45047.401943169505,45268.224100173735,667916
2017-11-23,44495.359375,46317.1288793236,44274.53718133557,46261.92333090749,844203
2017-11-24,44274.53515625,44716.1768046969,44053.71569136729,44716.1768046969,800632
2017-11-27,44771.38671875,45433.847896713254,44274.53947593669,44440.15612976837,876074
2017-11-28,44053.71484375,44992.200949796395,44053.71484375,44826.58703399123,654754
2017-11-29,44053.71484375,44440.15093887062,43446.456569313945,44440.15093887062,915723
2017-11-30,43998.5078125,45433.84105483423,43722.48281636218,43943.30226953617,831167
2017-12-01,45157.8203125,45268.23140882823,44495.3591718938,44716.17864586868,660692
2017-12-04,44937.0,45765.077769646596,44826.588905732046,45268.230564122336,999486
2017-12-05,45654.66015625,46758.76006654659,44826.58250484642,44826.58250484642,1625597
2017-12-06,45985.89453125,46317.127814128995,45157.81948009711,45820.283327173565,881508
2017-12-07,46924.37890625,47421.22878303621,45875.484485537505,45875.484485537505,1118435
2017-12-08,47310.8203125,47752.45923445229,46537.94812106136,47200.40922267122,907819
2017-12-11,45930.6875,47366.02624206752,45820.28184663747,46648.3595897152,1045552
2017-12-12,48028.484375,48028.484375,45102.609682724855,46372.328991398266,1706334
2017-12-13,47807.6640625,48801.35841869595,47697.25297432682,48304.5085219166,1225482
2017-12-14,47366.03125,47807.67022223254,47200.4145964015,47807.67022223254,1185896
2017-12-15,48028.484375,48083.689916944226,47366.023309031814,47366.023309031814,421521
2017-12-18,51064.7734375,51064.7734375,48580.54006996127,48580.54006996127,1183261
2017-12-19,49905.46484375,51340.798299865724,49905.46484375,50567.926020621606,978066
2017-12-20,50843.94921875,52444.899184910566,49905.46037007605,49905.46037007605,1050999
2017-12-21,51009.56640625,52334.48865547744,50843.94976575581,51064.77195308139,838542
2017-12-22,51396.0,51782.438829348306,50512.72212192998,51119.977702114265,451791
2017-12-25,52058.45703125,52224.06820470823,51340.7850510288,51395.99058796889,395777
2017-12-26,53825.03125,53825.03125,52389.69780831512,52665.72556147121,765673
2017-12-27,54542.6953125,55205.1564504237,54101.056366338584,55205.1564504237,844304
2017-12-28,54487.48828125,54763.516013438566,53383.38822722173,54542.69382768772,685554
2017-12-29,53769.8203125,54708.30914184587,53714.61476739949,54708.30914184587,910189
2018-01-01,53769.8203125,53769.82031250001,53769.82031250001,53769.82031250001,0
2018-01-02,52610.515625,54211.46558511643,51892.84896398536,53604.21001615988,1788079
2018-01-03,53769.8203125,53990.64249290206,52444.8981048134,52444.8981048134,952373
2018-01-04,56309.25390625,56309.25390625,54101.04861701542,54101.04861701542,1231736
2018-01-05,55425.98046875,57137.34163657932,55205.15826971052,56640.49712610381,1046195
2018-01-08,55425.98046875,56254.05827778472,54653.10820947515,55205.15826971052,920539
2018-01-09,56309.25390625,57082.12602935022,55425.970703083694,56309.25390625,981054
2018-01-10,56861.30859375,57965.41404878715,56750.89750451001,57413.364039949985,1140371
2018-01-11,56971.71875,57413.36309972745,55812.41320669088,57137.335381147794,879226
2018-01-12,55481.1796875,57192.540660044295,55205.151970198436,56916.51294274273,1323012
2018-01-15,56419.6640625,56419.6640625,54432.27552857675,55481.17533466748,1220780
2018-01-16,57137.3359375,57358.1581145139,56198.84712255372,56750.897127725686,1435178
2018-01-17,55149.953125,57523.76979861548,55149.953125,56861.30869930851,1282063
2018-01-18,55260.359375,55260.359375,53438.59269153499,54653.103813845,1279945
2018-01-19,54653.10546875,55757.21097121577,54653.10546875,55149.955391672964,913429
2018-01-22,54653.10546875,54653.10546875,54653.10546875,54653.10546875,0
2018-01-23,54653.10546875,54653.10546875,54653.10546875,54653.10546875,0
2018-01-24,54653.10546875,54653.10546875,54653.10546875,54653.10546875,0
2018-01-25,62547.4375,62547.4375,61277.72093226573,62105.79860955056,1457884
2018-01-26,64258.80859375,66246.19207222413,61829.78071737274,65583.73091273276,2802227
2018-01-29,63982.77734375,65638.93287053079,63485.93286066096,65638.93287053079,1172305
2018-01-30,64314.0078125,64479.619008047805,62105.8023524472,62933.87464227457,1477009
2018-01-31,68785.625,68785.625,62933.87530385045,63485.93075268908,2882434
2018-02-01,67460.6953125,68785.61736798203,65694.12894694913,68785.61736798203,1491734
2018-02-02,66798.2421875,68454.39780628019,66246.19212702771,67460.70878490273,707806
2018-02-05,62161.0,66135.77184577908,62161.00000000001,65197.28850447557,1364300
2018-02-06,57855.00390625,60449.648233758606,57855.00390625,57855.00390625,1329832
2018-02-07,60725.671875,61719.366279164446,58903.9051442887,59566.366267943995,892753
2018-02-08,57413.35546875,59566.35507542168,57413.35546875,57965.40539517202,862723
2018-02-09,53438.59765625,55205.158958517655,53438.59765625001,53438.59765625001,1445680
2018-02-12,57137.3359375,57137.3359375,52555.30838863833,52555.30838863833,1691558
2018-02-13,59621.578125,60173.628213580814,58131.03907967727,58131.03907967727,682326
2018-02-14,59621.578125,59621.578125,59621.578125,59621.578125,0
2018-02-15,59621.578125,59621.578125,59621.578125,59621.578125,0
2018-02-16,59621.578125,59621.578125,59621.578125,59621.578125,0
2018-02-19,59621.578125,59621.578125,59621.578125,59621.578125,0
2018-02-20,59621.578125,59621.578125,59621.578125,59621.578125,0
2018-02-21,61829.7734375,62823.467778420585,60118.41247184862,60725.668010103494,697821
2018-02-22,58517.46875,60891.291046922604,58517.46875,60725.67439978221,763315
2018-02-23,61277.73046875,61553.75277922657,59179.9304598936,60173.624914753826,943220
2018-02-26,62381.828125,65142.089182442156,61553.75035150366,61553.75035150366,1065623
2018-02-27,62657.84765625,64037.975285547334,62160.99779480206,64037.975285547334,767299
2018-02-28,62657.84765625,62657.84765625,62657.84765625,62657.84765625,0
2018-03-01,64037.98046875,64810.852656195886,61829.774995670734,62381.82500459985,1103243
2018-03-02,64590.03125,65142.08670289301,62933.87576604674,62933.87576604674,1164161
2018-03-05,61829.7734375,66411.80090207454,61829.7734375,65694.13427734375,1036337
2018-03-06,64590.03125,64700.44234057861,62381.82575051661,63485.931218939746,1016278
2018-03-07,63375.515625,65031.67099126956,61553.743634631,64590.02666033768,905612
2018-03-08,63265.109375,64534.82604869604,62437.031628609526,62437.031628609526,380270
2018-03-09,61829.7734375,63761.95113874054,61829.7734375,63375.5177734375,764765
2018-03-12,64148.3984375,64479.62630343434,62933.881762771685,64037.98733640075,636373
2018-03-13,63485.93359375,64148.39472463933,62878.67801021504,64148.39472463933,275202
2018-03-14,65252.4921875,65418.10882293996,63265.108874309095,63485.93105489571,1028911
2018-03-15,66798.2421875,66798.2421875,64037.986447775234,64590.036508247525,728670
2018-03-16,70662.59375,70662.59375,66135.7719156104,66798.2329843793,1553144
2018-03-19,70938.625,71490.6750119553,69834.5249760894,70110.54726338563,917047
2018-03-20,69558.5,71214.65553867091,69558.5,69834.52773556617,781331
2018-03-21,70220.9609375,71545.88318989726,69834.52754611874,70662.59987584474,783474
2018-03-22,73864.4921875,74471.75314110036,71104.23687513011,71656.2868501316,1132441
2018-03-23,72263.5546875,72870.81574464,70938.63234664862,71490.68241577613,910441
2018-03-26,71545.8828125,74968.60495672861,71545.8828125,71766.70499918908,1210833
2018-03-27,70000.140625,73422.86287898029,69448.0905779385,72870.8128319188,1077398
2018-03-28,70110.546875,70386.57459812998,69282.46914297287,70055.34133037401,530662
2018-03-29,69834.5234375,70220.95680614599,69282.4680003447,70110.54571871493,320248
2018-03-30,72539.5703125,72705.18693675702,69834.52053241867,70110.5428021512,764008
2018-04-02,75134.21875,75299.82994637899,72705.19110054217,72870.80773428395,1023465
2018-04-03,73422.8671875,75134.22841491435,73422.8671875,75134.22841491435,931180
2018-04-04,71766.703125,74526.95863707724,71214.65311005713,74471.75852920955,1073301
2018-04-05,71711.5,72318.75558066805,69889.72782063279,71766.70554709373,1297306
2018-04-06,71656.296875,73367.65801802638,70938.63017588624,71766.70797291954,412545
2018-04-09,71656.296875,72318.758025154,70662.60243108738,70717.80798004715,529313
2018-04-10,71490.6796875,72594.78522098278,71490.6796875,71766.70743021149,749258
2018-04-11,69834.5234375,73146.82887361817,69834.5234375,72594.77887382559,1032567
2018-04-12,72042.734375,72042.734375,69558.50103020073,70662.60111409164,997910
2018-04-13,70662.59375,72870.80456237975,69558.4937811727,72870.80456237975,517096
2018-04-16,70276.1640625,71490.67517911398,69668.90850419301,71490.67517911398,478997
2018-04-17,70662.59375,70993.82700306573,68454.38837498282,70110.54376558635,815496
2018-04-18,71380.25,71601.06668247543,70165.73377825896,71325.0444700408,1013946
2018-04-19,71380.25,72981.19405673271,70717.7836404896,72208.32207466527,1452891
2018-04-20,73974.8984375,73974.8984375,70772.99900440573,70772.99900440573,1194217
2018-04-23,68840.8359375,75079.01949913907,68840.8359375,73809.29730470995,1166166
2018-04-24,71104.2578125,71490.69127758154,65142.10110225154,68840.84626741071,809684
2018-04-25,71104.2578125,71104.2578125,71104.2578125,71104.2578125,0
2018-04-26,66135.78125,71490.6815354808,66135.78125,71159.45367302821,1355627
2018-04-27,61553.75,66080.57223600251,61553.75,64037.98330630276,1201995
2018-04-30,61553.75,61553.75,61553.75,61553.75,0
2018-05-01,61553.75,61553.75,61553.75,61553.75,0
2018-05-02,57247.74609375,59621.56814590429,57247.74609374999,57965.41271999546,358271
2018-05-03,53272.96875,55205.14625913593,53272.96875,53272.96875,1906889
2018-05-04,54101.05078125,56198.84507433773,53328.17862723214,54101.05078125,865080
2018-05-07,57137.3359375,57137.3359375,54487.48612542159,55757.20820588871,537533
2018-05-08,56861.30859375,58517.46405762432,56309.25858491283,57137.33631684999,1006684
2018-05-09,59345.54296875,60615.25964551345,57137.337452161744,57413.36518074637,1034798
2018-05-10,57965.41015625,62105.798537897295,57965.41015624999,60780.87099335269,1109004
2018-05-11,61332.92578125,61332.92578125001,56585.281935012485,57965.40956912836,1022053
2018-05-14,65142.08203125,65142.08203125001,61388.12697024273,61388.12697024273,778948
2018-05-15,65473.31640625,67074.26639061426,65473.31640625,65694.13859371074,855839
2018-05-16,66080.5625,66356.59019470825,64037.973871245755,64037.973871245755,764929
2018-05-17,64037.98046875,67350.29139705031,64037.98046875001,66798.23595075839,508889
2018-05-18,63485.93359375,64590.03366611119,60228.828049294636,64037.98362993059,984508
2018-05-21,59897.58984375,64866.05607323612,59897.58984375,64866.05607323612,556998
2018-05-22,58462.2578125,61001.69652250351,56419.66899812314,59621.5687982661,585264
2018-05-23,62547.4375,62547.4375,57965.410223126375,58241.4379280088,756507
2018-05-24,62492.2265625,63541.12631311292,59676.76596527846,62657.84317112762,360162
2018-05-25,58131.0234375,61277.717339201154,58131.0234375,60725.66196180647,605120
2018-05-28,54101.05078125,55205.150751354035,54101.05078125,54101.05078125,604981
2018-05-29,52996.9453125,55149.95058270213,50347.101037424414,50347.101037424414,1564717
2018-05-30,49298.20703125,52996.95160983955,49298.20703125001,52996.95160983955,1483552
2018-05-31,49905.46484375,51340.798299865724,49905.46484375,50236.69815086753,1360228
2018-06-01,51064.7734375,51506.41238762628,50512.72339050134,50788.74569531908,797783
2018-06-04,50954.359375,51672.02602553782,50236.69272446218,51285.59264633878,1195250
2018-06-05,54487.48828125,54487.48828125001,50733.5383103005,50788.74385673821,1733653
2018-06-06,56806.10546875,57026.92765663577,54653.10544895284,55757.210951018664,769266
2018-06-07,54984.33984375,56861.31216668279,53549.006468165186,56861.31216668279,1538998
2018-06-08,53825.03125,55757.21464736585,52996.953427895125,54929.13682526097,1117376
2018-06-11,53659.41796875,55149.96249205882,52500.11220739884,52996.956756925945,542739
2018-06-12,50899.15625,53438.59513892412,50236.69511318569,52776.134002109815,1229542
2018-06-13,53328.1875,53328.18750000001,51340.79852336994,51340.79852336994,732995
2018-06-14,51892.84375,54101.049057201344,51892.84375,53548.99908974161,556229
2018-06-15,52941.75390625,52941.75390625,51892.85919953594,51892.85919953594,535541
2018-06-18,49684.6484375,52610.520922184325,49684.6484375,52444.90426742178,1013997
2018-06-19,48028.484375,49408.61204888059,46206.71236556559,48856.56206680086,2191030
2018-06-20,50788.75,50788.75,47200.41623432905,48580.54418748221,743887
2018-06-21,49187.796875,50788.7469442928,48856.569013600674,50788.7469442928,534520
2018-06-22,50071.07421875,50843.946385645904,48028.48543386891,48083.69097703024,1202172
2018-06-25,50236.6953125,52168.87318276073,50236.69531250001,51837.645331720996,705322
2018-06-26,49684.6484375,49960.67075807408,48580.54284311319,48580.54284311319,457149
2018-06-27,49795.046875,51064.76893983491,49684.64122521509,50733.53567839205,957516
2018-06-28,49286.9453125,50528.99648398114,49117.57318166359,50190.252222308314,533435
2018-06-29,49964.42578125,50246.707091227894,48552.99698872324,49286.94285238,481418
2018-07-02,49907.96484375,50416.07561395913,47480.3146115794,49117.56722305862,985416
2018-07-03,46859.2890625,49964.42217260612,46859.2890625,49907.96480255627,693736
2018-07-04,44883.2890625,47762.592489075745,43979.979546480776,47423.853853356646,1092678
2018-07-05,41778.16015625,45447.864277374385,41778.16015625,44883.293343228506,788252
2018-07-06,44657.46484375,44657.46484375,39519.88039269912,41213.590346766054,938454
2018-07-09,44883.2890625,47310.93912123077,44883.2890625,44883.2890625,629250
2018-07-10,45165.58203125,46859.29212201253,45165.58203125,45447.86611960054,696030
2018-07-11,43923.5234375,45165.57718544418,42963.75374762017,44036.43539252813,776868
2018-07-12,44601.01171875,45109.12530938745,42963.75897806351,43189.58847627113,298803
2018-07-13,46181.8046875,46294.71943074219,44601.00940342748,44601.00940342748,525354
2018-07-16,45843.0625,46577.00275859825,45278.49157320854,46294.71868536727,276589
2018-07-17,44601.01171875,45052.66793483555,44036.44075356064,44939.75318573174,653922
2018-07-18,46859.2890625,46859.2890625,44883.29223207306,45165.579082322314,878520
2018-07-19,47536.7734375,48044.884223270135,47028.657091070774,47423.85869384906,574673
2018-07-20,46689.9140625,47423.854267062256,46351.1726434966,47423.854267062256,687546
2018-07-23,47762.59765625,48609.45267815216,47141.57212303085,47536.77372822612,843409
2018-07-24,47762.59765625,47762.59765625,47762.59765625,47762.59765625,0
2018-07-25,47254.4921875,48778.83028640905,47198.03480897302,48270.71944032595,502396
2018-07-26,46915.74609375,47931.967625990874,46520.54450625497,47480.31422951259,401009
2018-07-27,47875.515625,48270.71725681204,47085.11792203543,47706.14905774006,414020
2018-07-30,49061.11328125,49061.11328125001,47423.860555363,48157.80085724414,625556
2018-07-31,49569.22265625,50472.53505418359,48665.91025831641,49399.85053901386,745161
2018-08-01,50077.3359375,50980.64271938878,49174.02359495241,49569.21961694639,758499
2018-08-02,51375.84765625,51658.13451943185,49738.59497111363,50416.07788209089,804717
2018-08-03,52843.72265625,53859.94969598325,51658.12907711003,51658.12907711003,991606
2018-08-06,54255.15234375,54763.26870614662,52504.98488348016,53295.38255321564,1002436
2018-08-07,53069.55078125,54480.9737914588,52900.17868546692,54480.9737914588,833474
2018-08-08,55327.83203125,55327.83203125001,53634.1220930564,53690.57946170677,1124839
2018-08-09,55440.75,55610.12211582323,54255.15074989649,55045.54839641246,722695
2018-08-10,55723.03125,55779.48862189139,54876.176232288344,55440.74995120219,721030
2018-08-13,58150.6796875,58150.6796875,54989.0892059895,55327.83342643373,697014
2018-08-14,57134.45703125,58489.42276523714,56456.968603597605,58150.67855141094,503102
2018-08-15,53634.12109375,57586.10902234905,53634.12109375001,57134.45564222002,832327
2018-08-16,53351.83203125,54142.22958401414,50811.27283788263,52504.977113241395,1168082
2018-08-17,54311.61328125,54819.72967698897,53859.95982347501,54763.27229968464,309658
2018-08-20,55440.75,55497.20737194108,54085.77863407326,54311.60812183757,431620
2018-08-21,55045.55078125,55327.83765318541,54368.06784926437,54819.72684436102,616290
2018-08-22,56456.96484375,56739.25166980579,55384.28602605489,55610.11548689952,718080
2018-08-23,56682.8046875,57699.0318867904,55948.864365973444,57021.54894081662,419769
2018-08-24,57303.82421875,57811.940545175254,56344.06005682005,56344.06005682005,649938
2018-08-27,57706.96484375,58282.88673255998,57591.780465988,58110.11016591699,569063
2018-08-28,58858.8046875,59031.581259246435,57419.011267808084,58110.111882362966,546169
2018-08-29,58110.109375,59089.1709002206,57476.60097836218,58858.80214783207,467500
2018-08-30,60471.375,60471.375,57591.78247289663,58167.70438177584,912143
2018-08-31,59319.5390625,61162.47789464445,59319.5390625,60471.37725069806,482603
2018-09-03,59319.5390625,59319.5390625,59319.5390625,59319.5390625,0
2018-09-04,59319.5390625,59895.46099281459,58570.84622552215,59319.5390625,545891
2018-09-05,57649.375,59319.53720062843,56727.91128528101,58455.66000470232,640534
2018-09-06,57706.96484375,58455.65762677228,57015.86424960872,57591.780465988,324080
2018-09-07,57822.16015625,58167.71335488349,56958.28283209804,57131.05943141478,464197
2018-09-10,58052.51953125,58916.39671516247,57822.150769558444,57822.150769558444,248891
2018-09-11,59607.5,59607.5,57591.78458969645,57591.78458969645,584142
2018-09-12,62775.0546875,63696.52420240295,59895.467416806045,60471.3837364585,1562624
2018-09-13,62199.1328125,64790.76452811067,61450.43996209219,62890.23346884327,595526
2018-09-14,62199.1328125,63178.19443916597,61335.25557396311,61680.80306591914,633524
2018-09-17,62775.0546875,63811.70860081978,61738.40077418022,62199.138367847554,866505
2018-09-18,63120.6015625,63235.780276952304,61738.39459232977,62199.13213986357,337910
2018-09-19,64560.3984375,65021.13033675109,63926.88994886795,64502.80624103968,687281
2018-09-20,66806.46875,67036.83750710948,64848.34565943083,65078.714416540315,710226
2018-09-21,66748.8828125,67267.20689211244,65827.4133701869,66576.10622848544,581960
2018-09-24,67843.125,67958.30938282546,66748.87903558902,66748.87903558902,428153
2018-09-25,67958.3046875,69052.54490387758,67958.3046875,69052.54490387758,519290
2018-09-26,67439.984375,68419.04602503404,67439.984375,67958.31413395226,412974
2018-09-27,67497.5703125,67900.71564319695,66057.77690487255,67843.12345309737,487129
2018-09-28,66633.6953125,67958.31005567685,66633.6953125,67958.31005567685,361322
2018-10-01,68879.7734375,69052.55001258335,66691.28717040377,66691.28717040377,621900
2018-10-02,69974.015625,71125.85372419844,68937.36190296448,68994.95409154594,650165
2018-10-03,70665.125,70837.9015872224,69570.88462578756,69628.47682152835,302219
2018-10-04,71413.8203125,71989.74228958799,70837.9040078436,71989.74228958799,287318
2018-10-05,69110.140625,71183.44813375988,69110.140625,70204.38656975832,508687
2018-10-08,67094.4375,68419.04666258059,66921.6609120726,67670.3537873266,438352
2018-10-09,68707.015625,69110.1553712369,67900.73046009413,69110.1553712369,214234
2018-10-10,69686.0625,69743.65469504258,68707.00652913873,69110.1462220055,233598
2018-10-11,64848.3515625,67267.20671504295,64848.3515625,64963.535951539845,1190397
2018-10-12,69052.5546875,69052.5546875,62199.13446375669,64848.352771331876,766379
2018-10-15,66230.5546875,69110.14155546481,66230.5546875,67958.30907725127,596850
2018-10-16,67267.203125,68188.67251570878,66172.96283238348,66230.55502382971,399282
2018-10-17,67439.984375,68822.19139310802,67267.20778868259,68534.23041591232,620362
2018-10-18,65942.6015625,67094.43984992676,65942.6015625,66864.07105795508,305674
2018-10-19,64502.8046875,65539.45852638663,63350.966458466944,63350.966458466944,825040
2018-10-22,64502.8046875,66000.19041454107,64502.80468750001,65078.72096580088,431141
2018-10-23,63005.41015625,64502.79567405038,61104.87932927154,64502.79567405038,484734
2018-10-24,58628.4453125,62371.915610004005,58628.4453125,61680.809212361346,1006218
2018-10-25,58628.4453125,58743.62971210711,54769.796287820645,55864.04241165643,716807
2018-10-26,58628.4453125,60068.238962725336,58628.4453125,59895.468035746446,597442
2018-10-29,55864.046875,58570.857792304814,55000.16948135763,58513.26558789984,607225
2018-10-30,57015.87109375,57303.832072721605,55403.30095637177,55633.669739549056,663756
2018-10-31,59895.4609375,59895.4609375,57591.78456323138,57879.74552812273,651363
2018-11-01,58455.66015625,59549.90611990819,58340.48144593472,59319.53735441574,356090
2018-11-02,59146.7734375,59261.952161416986,57303.83444078558,58340.48833549139,838555
2018-11-05,58916.40234375,59031.586735599936,57534.20098641357,58455.66477635026,580385
2018-11-06,58686.03515625,60125.828748672306,58513.25856377575,59722.68903866394,520715
2018-11-07,57476.6015625,58743.61836865239,57073.456241722895,58052.51777689375,763063
2018-11-08,57649.375,58743.62096082133,57649.375,58743.62096082133,289057
2018-11-09,54712.19921875,57361.42315664304,54712.19921874999,57361.42315664304,859256
2018-11-12,55633.671875,56094.40378660799,53848.325081709794,54712.20237935242,552321
2018-11-13,54078.69140625,54597.01549221306,53617.953843232746,53790.730429364216,552586
2018-11-14,51947.7890625,53848.32007509589,51256.68842312815,52984.44285777331,1018346
2018-11-15,52062.9765625,53560.36231612621,51890.205646644215,52926.853831504566,772354
2018-11-16,54712.19921875,54712.19921874999,52581.30503295873,53272.40569666316,732112
2018-11-19,55518.48828125,55864.04147427304,54712.20316996124,54712.20316996124,650594
2018-11-20,55345.70703125,55806.4445832084,54769.7907637332,55172.9304492656,647329
2018-11-21,54078.69140625,54424.2389060816,53675.5460386099,54136.283601627154,925809
2018-11-22,53675.54296875,54942.56552215141,53560.35858458342,54078.68831333304,372920
2018-11-23,53272.40234375,53905.910772904055,53042.03357953729,53560.35762658498,368974
2018-11-26,52293.34375,52811.667826602104,51947.790583977774,52178.159361325925,842904
2018-11-27,52178.16015625,53214.81399767866,52005.38357060667,52869.260826392,668156
2018-11-28,52696.49609375,53272.412441010136,52120.57407405788,52178.16627602709,710113
2018-11-29,51890.20703125,53099.63183666908,51314.28505492514,53099.63183666908,1145944
2018-11-30,52293.34375,52523.71252734815,51659.83528472382,51947.790583977774,551640
2018-12-03,55864.046875,55864.046875,53675.55445247548,54136.292087715265,1711414
2018-12-04,55576.06640625,56151.9825763476,55000.150236152396,55864.02732751392,1072683
2018-12-05,55345.70703125,55576.07580722921,54424.237599764405,55000.159539712404,726414
2018-12-06,54769.7890625,55806.44284977516,54251.46500507794,55000.157831323595,1047998
2018-12-07,55460.89453125,55748.855517382006,54712.20163973829,54712.20163973829,1180197
2018-12-10,56267.1796875,57015.87257991002,55403.30240049898,55576.07899238548,1282391
2018-12-11,55345.70703125,56036.8076867564,55288.114837255205,55864.036777203204,773842
2018-12-12,55345.70703125,55345.70703125001,55345.70703125001,55345.70703125001,0
2018-12-13,55921.625,56670.3177963338,55748.8484302851,55864.032810095036,585654
2018-12-14,55172.9296875,56439.95226546078,55000.158780332225,56036.80691306336,736487
2018-12-17,53560.36328125,55172.93345612517,53560.36328125,55172.93345612517,1015976
2018-12-18,53848.32421875,53848.32421875,52293.346242399275,52408.53063656326,1032340
2018-12-19,52984.4453125,53848.32256984532,52120.568055154676,53848.32256984532,1012143
2018-12-20,53848.32421875,53848.32421875,52754.078146623695,52754.078146623695,382300
2018-12-21,52811.6640625,53214.809394125456,52408.524403305375,52984.440633196624,263427
2018-12-24,51256.6953125,52581.310249064976,51256.6953125,52466.125848282645,905676
2018-12-25,49413.76171875,49816.90144743664,48089.14678750689,48665.068789104684,956344
2018-12-26,47801.1875,49759.305125955696,47455.63432766181,49413.75762604886,863303
2018-12-27,49816.89453125,50507.99516478855,49413.7548585321,50104.85549207065,700582
2018-12-28,49874.4921875,50162.453179868724,49068.20708129924,49816.89998902626,442525
2018-12-31,49874.4921875,49874.4921875,49874.4921875,49874.4921875,0
2019-01-01,49874.4921875,49874.4921875,49874.4921875,49874.4921875,0
2019-01-02,49989.671875,50047.264068048076,49586.52652366348,49586.52652366348,526375
2019-01-03,48780.2421875,50104.85697402213,48377.10250285844,49816.89600468445,509936
2019-01-04,48665.06640625,49240.98270721659,47455.63593454546,48261.921024871306,424295
2019-01-07,49701.71484375,50277.63681981612,49240.982935328655,49816.899238963226,322542
2019-01-08,50853.55078125,51083.91956106618,49701.712554600395,49701.712554600395,756772
2019-01-09,51775.015625,52062.970901738125,51256.68591649595,51659.83124533243,649901
2019-01-10,52581.30859375,53099.63270852127,52120.57100512518,52350.93979943759,864324
2019-01-11,52408.52734375,52811.66702556327,51890.20327500975,52638.89611760395,426627
2019-01-14,51544.65625,52293.34918171709,51256.69524840426,52293.34918171709,466869
2019-01-15,52005.3828125,52120.56720124979,51544.650929932075,51544.650929932075,464424
2019-01-16,52178.16015625,52638.89771796555,52005.38357060667,52638.89771796555,250605
2019-01-17,51256.6953125,52408.533647891476,51256.6953125,52408.533647891476,225265
2019-01-18,51256.6953125,51717.432915629324,51083.924383758334,51544.656314455824,286612
2019-01-21,52120.56640625,52466.11956722862,51544.65014371679,52293.34298673931,324774
2019-01-22,51659.83203125,52350.93264733854,51659.83203125,52293.34045662858,278581
2019-01-23,51832.6171875,52120.572516307824,51314.28738526863,51602.24838650828,286952
2019-01-24,51717.42578125,52581.302995514445,51717.42578125,51890.2023585891,418785
2019-01-25,51544.65625,52005.38818012135,51429.471849361704,51487.06404968085,410087
2019-01-28,51544.65625,51947.795979802206,51371.87964904255,51890.20945191488,238755
2019-01-29,50623.1796875,51256.68813060617,50392.81091821374,51026.32503375095,390684
2019-01-30,50680.7734375,51256.68970598545,50680.7734375,50680.7734375,272555
2019-01-31,50565.59375,51487.06326869718,50565.59375,51487.06326869718,412280
2019-02-01,50680.7734375,51141.50531780212,50680.7734375,50853.550019775,415230
2019-02-04,50680.7734375,50680.7734375,50680.7734375,50680.7734375,0
2019-02-05,50680.7734375,50680.7734375,50680.7734375,50680.7734375,0
2019-02-06,50680.7734375,50680.7734375,50680.7734375,50680.7734375,0
2019-02-07,50680.7734375,50680.7734375,50680.7734375,50680.7734375,0
2019-02-08,50680.7734375,50680.7734375,50680.7734375,50680.7734375,0
2019-02-11,52120.56640625,52120.56640625,50565.588526708525,51141.504789241735,647077
2019-02-12,52408.52734375,52984.44360595374,51832.61108154626,51947.78979604209,786071
2019-02-13,53560.36328125,53905.916464051035,52754.07819381241,52869.26258807943,720728
2019-02-14,53272.40234375,53963.50296395723,53157.21796164364,53617.94981763816,599409
2019-02-15,54136.28125,54309.05782862622,53272.40402929998,53445.180607926195,1155966
2019-02-18,54136.28125,54136.28125,54136.28125,54136.28125,0
2019-02-19,55288.109375,56382.35528036266,55000.154105906084,55979.209962228284,988404
2019-02-20,55288.109375,55460.88593991473,54769.78535268644,55288.109375,672115
2019-02-21,55979.22265625,56151.999260344084,55115.35098064341,55288.12191230557,1529492
2019-02-22,57188.63671875,57476.59764252291,55345.698151463934,55633.65907523684,1105159
2019-02-25,57131.05078125,58167.70454775982,57015.866399145474,57879.743592498504,740799
2019-02-26,56382.3671875,56958.283519743636,55864.043055723916,56727.92039030529,1159811
2019-02-27,56727.9140625,57131.053748372135,56267.176510153324,56555.137480369995,599585
2019-02-28,56555.13671875,58052.5223988492,56439.9523322145,57015.86859246086,1279265
2019-03-01,57591.78125,57591.78125,56670.3175602213,57303.8259741057,693143
2019-03-04,59319.5390625,59319.5390625,58282.89093279597,58282.89093279597,1341481
2019-03-05,59895.4609375,60471.37719485161,58282.890878970626,58455.66178547433,1107681
2019-03-06,59895.4609375,59895.4609375,58455.66178547433,59377.13120069556,765862
2019-03-07,59319.5390625,60759.33821585535,59319.5390625,60183.41628554077,802927
2019-03-08,59319.5390625,59319.5390625,59319.5390625,59319.5390625,0
2019-03-11,57706.96484375,58225.29454367898,56958.272060727715,58167.702354797984,627082
2019-03-12,58686.03515625,58743.627353741416,57706.973471327474,58743.627353741416,665697
2019-03-13,58513.25390625,59549.907706148595,58167.70642123787,59319.53893451978,570765
2019-03-14,58916.40234375,59434.726434643315,58513.25697227523,59031.586735599936,940875
2019-03-15,59680.01953125,59973.72249323673,59327.581762406386,59914.98190083938,787256
2019-03-18,61089.78515625,61383.482319201255,59856.23855812604,59856.23855812604,1040043
2019-03-19,60796.08203125,61677.1850886261,60208.68192151266,61618.44449909835,951326
2019-03-20,60032.45703125,60502.375937496116,59386.316365584134,60502.375937496116,747216
2019-03-21,58152.77734375,60796.08671972514,58152.77734375,60796.08671972514,869505
2019-03-22,58681.44140625,58975.13858457148,57976.55429298122,58681.44140625,902335
2019-03-25,57682.85546875,57682.85546875,56155.6116713267,56684.271205653116,1103823
2019-03-26,57036.7109375,58152.77052260483,56508.04565299144,58152.77052260483,440142
2019-03-27,57095.45703125,57917.81962870045,57036.72221800599,57917.81962870045,468445
2019-03-28,57917.8125,57917.8125,56390.56869064715,56390.56869064715,429476
2019-03-29,57682.85546875,58446.47736746166,57624.114877653694,58094.033820883815,322378
2019-04-01,59151.36328125,59327.585068261484,57859.08174758073,57859.08174758073,546849
2019-04-02,59327.578125,60267.421760194746,59327.578125,59973.7188162151,709987
2019-04-03,59621.27734375,59856.239707053224,58798.91485772903,59386.32076598709,568773
2019-04-04,59503.80078125,60032.460302779196,59445.06019157563,59856.23853375606,478632
2019-04-05,60972.3046875,60972.3046875,59327.57972785854,59503.80149900732,1065749
2019-04-08,62851.98046875,62851.98046875,61677.18033973023,61677.18033973023,1117237
2019-04-09,61677.18359375,63439.38966579144,61383.48065322975,63439.38966579144,889690
2019-04-10,61794.67578125,62088.37298856458,61031.05378536636,61383.491591252074,589840
2019-04-11,61677.18359375,62382.06486545857,61677.18359375,62382.06486545857,354754
2019-04-12,62558.3046875,63028.22374243656,60913.57931690947,61383.49837184603,496156
2019-04-15,62558.3046875,62558.3046875,62558.3046875,62558.3046875,0
2019-04-16,61853.40234375,62147.09948441742,61089.78052115109,61677.180588025694,381998
2019-04-17,62734.51171875,63380.65243659727,61912.14922725155,61912.14922725155,837420
2019-04-18,62029.625,62851.987496481364,61853.40901082144,62558.29032415684,334544
2019-04-19,62382.07421875,63204.43678996806,62205.85242801593,62851.993208499924,279274
2019-04-22,63791.83203125,64614.19453875529,62382.06938568107,62440.809978041485,524030
2019-04-23,65906.484375,66317.66275214004,64320.49989002711,64614.1970778298,937610
2019-04-24,65906.484375,67492.46885997288,65789.00318566264,65789.00318566264,569164
2019-04-25,66376.3984375,66846.323160093,65612.77654882663,65906.47950044725,391428
2019-04-26,66258.9140625,66670.09817494564,65788.99514810213,65906.4763230866,195588
2019-04-29,66258.9140625,66258.9140625,66258.9140625,66258.9140625,0
2019-04-30,66258.9140625,66258.9140625,66258.9140625,66258.9140625,0
2019-05-01,66258.9140625,66258.9140625,66258.9140625,66258.9140625,0
2019-05-02,66963.8046875,67257.50766601687,65730.26374881076,65789.00434451413,289146
2019-05-03,66082.6953125,66905.05771734205,65495.289462227294,65965.21414244546,262708
2019-05-06,63380.65234375,65495.296267845224,62675.771035718266,64614.19318642046,490054
2019-05-07,63733.0859375,64496.70778672965,63439.38878659012,63909.307699369914,297239
2019-05-08,64026.80078125,64320.50377232088,62264.59440590682,63733.09779017912,490268
2019-05-09,62617.0234375,64026.78589580561,62499.54226838459,64026.78589580561,402547
2019-05-10,63380.65234375,63674.34951386469,62617.03044458726,62617.03044458726,305585
2019-05-13,62617.0234375,63439.38583576822,62558.2828529423,63439.38583576822,336498
2019-05-14,64026.80078125,64026.80078125,62147.11320947847,62558.297396977694,393495
2019-05-15,64614.1953125,65084.120057010565,64026.795167402335,64026.795167402335,389020
2019-05-16,64672.9296875,65788.99506286648,64672.9296875,65788.99506286648,235023
2019-05-17,64731.6796875,65436.56105344983,64731.6796875,65201.604455160435,367827
2019-05-20,66376.3984375,66376.3984375,64731.67347950502,65025.376431125645,499068
2019-05-21,65495.29296875,66493.87718213661,65377.811792405686,66376.3960057923,499497
2019-05-22,64907.90234375,66670.10867497086,64907.90234375,65495.302525643325,322416
2019-05-23,64085.53125,64907.89370947346,63145.68761266746,64614.19076482575,591996
2019-05-24,62558.3046875,64085.54884797097,62558.3046875,62852.00192725721,763555
2019-05-27,63263.16796875,63498.13032141605,62558.2866962919,62851.98385158441,247302
2019-05-28,63380.65234375,63968.05246951973,62851.98702357094,63968.05246951973,178807
2019-05-29,63850.56640625,63968.04757953126,63145.68515210237,63380.64749866488,320727
2019-05-30,63498.12890625,64085.52898928384,63439.38831939262,63850.56664185433,133371
2019-05-31,61266.01171875,63321.92114210854,61266.01171875,62558.299129714535,466995
2019-06-03,59562.5390625,60502.38276661563,58152.77639909684,60091.2044004316,737874
2019-06-04,59914.97265625,60502.37270405002,58740.16677511038,59562.52915624624,236385
2019-06-05,59914.97265625,60913.556787387744,59914.97265625,60796.07562071982,126576
2019-06-06,58622.6953125,59327.57657408433,58622.6953125,59327.57657408433,432880
2019-06-07,60502.37890625,60502.37890625,58622.697403492726,59327.57869021923,697354
2019-06-10,60796.08203125,61442.22273051509,60502.37908361124,61089.78497888876,379842
2019-06-11,61089.78515625,61148.52574594829,59973.719737522624,60796.08220775853,301765
2019-06-12,59621.27734375,60737.34278389999,59621.27734375,60561.121011422576,280056
2019-06-13,59621.27734375,60208.68325200806,58505.217689140314,58681.43946161774,350379
2019-06-14,59914.97265625,60267.41615625376,59621.2697395802,59621.2697395802,228820
2019-06-17,59856.2421875,60326.16693358016,59386.3232269604,59914.98278076002,148550
2019-06-18,59621.27734375,59856.239707053224,59386.32076598709,59621.27734375,198374
2019-06-19,60913.5625,60913.5625,60149.94063058391,60854.82191115722,223828
2019-06-20,61559.703125,61794.66548011644,60502.378312516106,60913.56243396989,411019
2019-06-21,61970.890625,62323.328391348856,61677.187665092264,61970.890625,244932
2019-06-24,61383.48828125,61794.67244907551,59327.58479874478,59327.58479874478,178379
2019-06-25,60796.08203125,61677.1850886261,60678.6008521945,60796.08203125,284040
2019-06-26,61500.9609375,61853.40446101288,61031.04202502279,61383.4797629957,189108
2019-06-27,57565.37109375,61970.88625392373,57565.37109374999,61853.405078247095,276702
2019-06-28,57271.671875,60854.82482374353,57271.671875,59914.981142817014,1254845
2019-07-01,60913.5625,60913.5625,59680.01591984162,60502.378378100504,450367
2019-07-02,61031.0390625,61089.7796469008,60384.89263409114,61031.0390625,251891
2019-07-03,60502.37890625,60619.86008496112,59973.71938759017,60502.37890625,253190
2019-07-04,60619.86328125,61089.78802087205,60502.38209634448,60502.38209634448,169982
2019-07-05,60854.8203125,60972.30148709934,60619.85796330133,60972.30148709934,279602
2019-07-08,60502.37890625,61031.04421045,60032.45997694573,61031.04421045,202017
2019-07-09,61324.73828125,61618.44121322673,60267.419297213535,60502.37585725504,283548
2019-07-10,62147.109375,62147.109375,61677.19040382165,61677.19040382165,513087
2019-07-11,62382.07421875,63086.955596145344,62382.07421874999,62734.51780021813,250101
2019-07-12,62147.109375,63028.2125083075,61912.15278218117,62969.47191371762,210250
2019-07-15,62264.58984375,62440.81162548067,61677.18969018838,61970.8926597395,190936
2019-07-16,62499.546875,62558.28746388727,61970.88736055474,62264.58451945094,292020
2019-07-17,63968.05078125,64026.79137083071,61970.8880921267,62205.84466490932,670854
2019-07-18,62969.46875,63968.05302231631,62851.987566722746,63968.05302231631,248084
2019-07-19,62264.58984375,63145.692966862734,62147.10865592955,63145.692966862734,377371
2019-07-22,61970.890625,62910.7285256239,61735.928257073814,61735.928257073814,159481
2019-07-23,62910.73046875,63439.39581291283,61970.892539097295,61970.892539097295,208296
2019-07-24,62675.765625,63556.86863036027,62617.025038939995,63028.2033558202,167675
2019-07-25,62675.765625,62675.76562500001,62675.76562500001,62675.76562500001,0
2019-07-26,62675.765625,62675.76562500001,62675.76562500001,62675.76562500001,0
2019-07-29,62675.765625,62675.76562500001,62675.76562500001,62675.76562500001,0
2019-07-30,62675.765625,62675.76562500001,62675.76562500001,62675.76562500001,0
2019-07-31,64085.53125,64907.89370947346,63791.82830535229,64026.79066107046,159556
2019-08-01,63615.625,64555.46303906228,63321.92199682974,64555.46303906228,296382
2019-08-02,62264.58984375,62910.730591221836,61677.18969018838,62264.58984374999,549976
2019-08-05,61089.78515625,62264.58537913545,61031.0445665517,62029.62302034228,432817
2019-08-06,61089.78515625,61089.78515625,61089.78515625,61089.78515625,0
2019-08-07,59033.875,60502.37814431501,58681.43725384525,60443.6375556992,273651
2019-08-08,59327.578125,60796.08127381799,58387.73448980525,58798.91282583663,500934
2019-08-09,59503.80078125,60208.68207180233,59386.31960190125,59445.06019157563,215192
2019-08-12,59914.97265625,60502.37270405002,59914.97265625,60032.45382291792,261397
2019-08-13,58740.171875,59797.49668126986,58681.43707210619,59386.31834777274,629893
2019-08-14,59268.8359375,60208.67954734362,59033.8735886541,60208.67954734362,206720
2019-08-15,59268.8359375,59268.8359375,57976.54880438754,58152.77056602196,335944
2019-08-16,59268.8359375,59797.495436863304,59092.61417586558,59210.095350288524,470500
2019-08-19,59797.50390625,60208.688074968166,59327.58492754146,59914.98509731234,224282
2019-08-20,60502.37890625,60678.60067431667,60091.20056630128,60208.68174501239,397996
2019-08-21,61794.67578125,62088.37298856458,60619.86959536844,60796.091391081834,624510
2019-08-22,61442.2265625,61912.151308029956,61089.788788893085,61912.151308029956,359141
2019-08-23,61089.78515625,61677.18526769272,60443.63866956877,61677.18526769272,369718
2019-08-26,59621.27734375,60502.380420596775,59327.58017516128,60267.423842833865,653090
2019-08-27,59856.2421875,60384.901741299625,59621.27981445992,60384.901741299625,190053
2019-08-28,60091.203125,60619.86266617029,59914.98134942976,59914.98134942976,134821
2019-08-29,60391.64453125,61172.82957654592,60391.64453125,60692.10259428943,258661
2019-08-30,60451.75390625,61052.6642902863,60391.66227598554,60391.66227598554,222466
2019-09-02,60451.75390625,60451.75390625,60451.75390625,60451.75390625,0
2019-09-03,59971.01953125,60511.838219627876,58288.46592451038,60511.838219627876,200467
2019-09-04,60331.5625,60511.837366453416,59971.01868570071,59971.01868570071,296458
2019-09-05,60391.64453125,61293.01280176169,60331.55291864212,60992.55473872227,138477
2019-09-06,60571.93359375,60992.569062180395,60331.56708687094,60992.569062180395,88956
2019-09-09,60151.30078125,60692.12549882219,60151.30078125001,60211.392416535804,126425
2019-09-10,59670.5625,60692.11419091848,59430.1960036409,60391.6560704696,427232
2019-09-11,59310.01171875,59790.74470306522,59189.834391278804,59670.56145698641,215532
2019-09-12,59670.5625,60031.11224453866,59430.1960036409,59490.28762773067,107262
2019-09-13,60692.109375,61112.74479164331,59490.28290717712,59490.28290717712,328014
2019-09-16,62134.30078125,62554.94214615088,61773.75103990638,62494.85052259362,785214
2019-09-17,64237.48828125,64297.57397919624,62194.385155654854,62494.84323842089,1054882
2019-09-18,62494.83984375,63696.66027231828,62314.565003882766,63696.66027231828,871989
2019-09-19,62374.66796875,62374.66796875001,61833.84335072352,61893.93497494868,335729
2019-09-20,61773.7578125,62915.4928666551,61653.580470817426,62374.674113954425,348399
2019-09-23,62194.3828125,62855.38465107528,61773.74151247508,61773.74151247508,324421
2019-09-24,62194.3828125,62855.38465107528,61893.924741053626,62434.7492696571,289423
2019-09-25,61533.390625,61893.93444867764,61112.74925900047,61893.93444867764,272845
2019-09-26,62494.83984375,62675.10876501059,61172.83026999691,61533.37994973139,432779
2019-09-27,63095.765625,63636.58435942568,62735.21585631082,62735.21585631082,617122
2019-09-30,63876.94140625,64598.03491816468,63095.75627512515,63095.75627512515,797241
2019-10-01,63816.84765625,63997.122507861255,63095.75416841201,63816.84765625,357855
2019-10-02,62194.3828125,63696.66133251837,62014.107969632176,63696.66133251837,568067
2019-10-03,61293.01953125,61893.92980469746,60992.56143522266,61893.92980469746,644921
2019-10-04,60391.64453125,61833.83139662607,60391.64453125,61293.01280176169,750935
2019-10-07,60511.8359375,60992.56298474947,60391.65269603579,60992.56298474947,282716
2019-10-08,60031.1171875,60632.027559268994,59850.84230038684,60511.84430119356,536600
2019-10-09,60271.46875,60692.11009020746,59910.924948429485,60031.10818848876,253467
2019-10-10,60752.19921875,60812.29083631524,60271.466278228065,60271.466278228065,219201
2019-10-11,61473.30078125,61893.93624082139,60812.298819861906,60812.298819861906,268331
2019-10-14,61293.01953125,61893.92980469746,61052.65305442813,61833.838185491986,274282
2019-10-15,60812.296875,61293.02394465125,60692.11362793528,61293.02394465125,244743
2019-10-16,60812.296875,61232.93232111889,60752.20525146764,60812.296875,185338
2019-10-17,60692.109375,61232.92803028632,60391.65127839247,60872.38423296452,312469
2019-10-18,60692.109375,61172.83641096481,60632.0177556785,61172.83641096481,211233
2019-10-21,60812.296875,61232.93232111889,60391.655510273464,60692.11362793528,214549
2019-10-22,60932.47265625,61112.747522269514,60812.295330844485,60812.295330844485,154286
2019-10-23,60812.296875,61052.6574505218,60692.11362793528,60932.47420345707,133182
2019-10-24,61533.390625,61593.48224871422,61172.840882714685,61293.02413014312,190091
2019-10-25,61593.47265625,61893.92480942151,61293.01458447174,61893.92480942151,321193
2019-10-28,61833.83984375,62014.11470620101,61593.47927908938,61713.66252072338,274282
2019-10-29,61413.2109375,61893.938036472304,61413.2109375,61893.938036472304,160439
2019-10-30,62014.1171875,62074.208810721386,61112.748757786925,61473.298497115204,428165
2019-10-31,62194.3828125,62374.657655367824,61473.289359635455,62194.3828125,517815
2019-11-01,62795.30078125,62975.575646350895,61533.38856275871,61533.38856275871,505876
2019-11-04,63396.21875,63997.12906499968,63155.85225655707,63155.85225655707,630196
2019-11-05,64297.5859375,64417.76919295855,63396.22335877706,63456.30906789826,779200
2019-11-06,63576.48828125,64297.581849547045,63396.219328131505,64297.581849547045,441995
2019-11-07,63756.765625,63937.040503715936,63155.85528122148,63396.22178617606,221861
2019-11-08,63516.390625,64297.57574301429,63456.29900679835,64297.57574301429,282804
2019-11-11,62675.12109375,63696.67280200576,62675.12109375,63516.397926676895,352648
2019-11-12,63095.765625,63336.13213745946,62494.85526245946,62554.94689057433,223462
2019-11-13,63095.765625,63095.765625,62554.94689057433,63095.765625,226551
2019-11-14,63997.13671875,64718.23036671049,63035.6765485999,63095.7681791473,813605
2019-11-15,64898.49609375,65198.94828545049,63696.66957112551,63997.12768143351,716303
2019-11-18,65198.94921875,65499.407333358955,65078.771891514014,65198.94921875,637861
2019-11-19,64598.0390625,64898.49717782691,64237.49524271532,64898.49717782691,358019
2019-11-20,63095.765625,64357.67797819595,63095.765625,64297.58635008108,792841
2019-11-21,62554.9453125,63696.674380663804,62494.85368590107,62494.85368590107,491932
2019-11-22,61954.03515625,63336.13678571662,61172.849852033454,63215.953520666604,516416
2019-11-25,61954.03515625,62494.859848975066,61533.3996471835,61713.67454475852,267045
2019-11-26,61293.01953125,62374.662758341205,61293.01953125001,62374.662758341205,318546
2019-11-27,61293.01953125,61713.66086568828,61232.927912044535,61713.66086568828,265431
2019-11-28,60571.93359375,61653.576956097815,60211.383833431406,61293.02719577922,772909
2019-11-29,60391.64453125,60932.46312611438,60331.55291864212,60932.46312611438,230875
2019-12-02,58889.38671875,60932.484508562906,57988.01813192973,60692.12389239052,626855
2019-12-06,58889.38671875,59490.29713709395,58288.476300406044,58889.38671875,112506
2019-12-09,59971.01953125,59971.01953125,58889.376235886644,58889.376235886644,321521
2019-12-10,58829.29296875,60031.119680812466,58468.74317954872,60031.119680812466,304325
2019-12-11,58949.46875,59189.83524562707,58468.73575874587,58829.28550218647,218356
2019-12-12,58829.29296875,59069.65949488418,58528.83481108227,59069.65949488418,318445
2019-12-13,58889.38671875,59490.29713709395,58889.38671875,59490.29713709395,266667
2019-12-16,59009.55859375,59610.468896082166,58829.2837274681,58889.37534956207,213565
2019-12-17,58588.921875,59370.107105426134,58588.921875,59249.92385172858,226160
2019-12-18,57387.1015625,58769.19715213259,57387.1015625,58468.739015861145,446004
2019-12-19,57567.37109375,58168.287372222934,57447.19375666349,57687.55434944459,363503
2019-12-20,57687.55078125,58348.558646684374,57687.55078125,58348.558646684374,243344
2019-12-23,57567.37109375,58228.37900007023,57387.102128816194,57988.01248868105,481670
2019-12-24,57867.828125,57927.919751696725,57447.19265673087,57447.19265673087,253593
2019-12-25,58228.37890625,58528.83112639428,57867.82913974717,58108.195650749054,224004
2019-12-26,57807.734375,58468.736325777165,57807.73437500001,58288.4673709163,171092
2019-12-27,58288.4765625,58408.65391182224,57747.65185681084,58108.20166060361,189435
2019-12-30,57927.921875,58468.740616485884,57927.921875,58288.471648396044,283334
2019-12-31,56305.45703125,58168.285600562864,56185.273779215895,58168.285600562864,489361
2020-01-01,56305.45703125,56305.45703125,56305.45703125,56305.45703125,0
2020-01-02,56846.26953125,57206.81924792998,56305.45087483729,56305.45087483729,178089
2020-01-03,56966.4609375,57927.92106788516,56846.27768137584,56846.27768137584,276072
2020-01-06,58769.1875,58889.370734769924,57807.727540447646,58108.18562737246,543483
2020-01-07,58348.55859375,58709.102419597584,57867.82560114294,58709.102419597584,180030
2020-01-08,58288.4765625,59490.297404591896,58288.4765625,59249.93086873004,553783
2020-01-09,57206.8203125,58168.28032293131,56966.45383024034,57687.547358411975,404665
2020-01-10,57627.46484375,57687.55647381019,57086.64609181658,57387.10424211754,202748
2020-01-13,57266.91796875,57627.46181153189,56906.368207360116,57627.46181153189,447795
2020-01-14,57026.546875,57687.54879911474,57026.546875,57206.821741196974,210351
2020-01-15,56485.734375,57086.644742793396,55944.909717238595,57086.644742793396,253909
2020-01-16,56065.09375,56666.010044713315,55884.818861586005,56485.73515629932,640937
2020-01-17,56005.0,56605.916271960705,55704.54778262767,56065.091627196074,355220
2020-01-20,56125.1796875,56245.362934254204,55824.72748922214,56004.9964407458,169163
2020-01-21,57026.546875,57026.546875,56125.17846262262,56125.17846262262,228139
2020-01-22,57026.546875,57327.0049853283,56666.00306121355,57026.546875,205232
2020-01-23,57026.546875,57026.546875,57026.546875,57026.546875,0
2020-01-24,57026.546875,57026.546875,57026.546875,57026.546875,0
2020-01-27,57026.546875,57026.546875,57026.546875,57026.546875,0
2020-01-28,57026.546875,57026.546875,57026.546875,57026.546875,0
2020-01-29,57026.546875,57026.546875,57026.546875,57026.546875,0
2020-01-30,55283.91015625,56365.55360081473,54682.99976198444,54682.99976198444,478997
2020-01-31,51978.88671875,55103.62742693915,51678.42860503659,54743.08360909064,695514
2020-02-03,49995.875,51618.34289526776,48433.50760537974,51077.51829064264,713542
2020-02-04,49274.78515625,51077.51906929663,49274.78515625,51017.42744564444,474535
2020-02-05,49034.4140625,50476.60401697216,48433.503800947605,49875.69375541976,365898
2020-02-06,51618.33984375,51618.33984375,49034.41501536934,49034.41501536934,320058
2020-02-07,51678.43359375,52279.34987918553,51077.523226922625,51618.3478838146,377497
2020-02-10,52159.16015625,52219.25177734437,50476.60660282258,51077.51689515883,356102
2020-02-11,51438.06640625,52159.1599377543,51317.88316456472,51738.51859185582,297151
2020-02-12,51678.43359375,52038.983365011314,51438.07299818394,52038.983365011314,221243
2020-02-13,52579.796875,52940.34661040989,51558.25112855375,51558.25112855375,343218
2020-02-14,53180.7109375,53421.071499388774,52279.34255424696,52579.79473625976,205333
2020-02-17,52459.62109375,53661.441743302676,52459.62109375,53180.71466720315,226980
2020-02-18,51678.43359375,52519.71047475159,51558.256255271044,52279.34987918553,271811
2020-02-19,51257.80078125,51738.52791601895,51257.80078125,51678.436284346775,210275
2020-02-20,51257.80078125,52880.26299918183,51197.70914957783,52880.26299918183,249874
2020-02-21,51317.8828125,51798.60985733573,51317.8828125,51678.42661647496,216137
2020-02-24,50416.515625,51077.51754686444,50176.149137555665,51077.51754686444,438919
2020-02-25,49875.6953125,50416.51397292038,49575.23721304018,49575.23721304018,439852
2020-02-26,48012.8671875,49575.23747575601,47832.59232686877,49575.23747575601,603141
2020-02-27,47472.05078125,48012.87246326678,46931.22909923322,47952.78083645336,452711
2020-02-28,45549.1328125,46811.04807807609,45128.4943906413,45128.4943906413,566870
2020-03-02,47472.05078125,47772.505956013105,45308.767012486875,45428.95026611371,322378
2020-03-03,48072.9609375,49815.60616359213,48072.9609375,49815.60616359213,340974
2020-03-05,46931.2265625,48072.96149163376,46931.2265625,46931.2265625,331077
2020-03-06,46570.68359375,46931.23040536079,46330.32003911084,46871.13877687498,262809
2020-03-09,43325.7578125,43325.7578125,43325.7578125,43325.7578125,285338
2020-03-10,41162.46875,42604.6587192163,40321.19200778306,40321.19200778306,1736452
2020-03-11,38338.18359375,42724.839224792166,38338.18359375,42063.837334944576,1289502
2020-03-12,35694.171875,36595.54028507479,35694.171875,35694.171875,1048982
2020-03-13,34251.984375,35153.35285212695,33230.43560441238,33230.43560441238,1230311
2020-03-16,35634.078125,36174.899730607445,33651.06951684413,34131.79950412813,837622
2020-03-17,35934.53515625,35994.62677774895,33771.25453811026,33771.25453811026,670110
2020-03-18,34852.89453125,36054.718072423624,34732.711289341525,36054.718072423624,1401000
2020-03-19,33230.4296875,33951.52315708419,32990.06322476965,33651.068037974685,1131849
2020-03-20,34792.80078125,34912.984015804206,33651.06893089562,34251.9791850596,710453
2020-03-23,32389.154296875,33651.06939935065,32389.154296875,33170.33941374513,983185
2020-03-24,33771.2578125,33891.438107846596,32749.70606657785,33651.07455784939,969934
2020-03-25,36114.8125,36114.8125,34973.08049105219,35634.08245431042,1354782
2020-03-26,35273.5390625,36295.09087804646,35153.355799658246,36054.72435236295,711209
2020-03-27,34973.078125,35513.89680042155,34312.073247157154,35273.53327349017,610377
2020-03-30,32809.796875,33290.52692229983,32749.705249174527,32990.068793172475,701073
2020-03-31,32929.98046875,34672.62283927272,32449.25041645602,34672.62283927272,522618
2020-04-01,33711.1640625,34612.532497015505,32869.88725152604,32869.88725152604,728607
2020-04-02,33711.1640625,33711.1640625,33711.1640625,33711.1640625,0
2020-04-03,35573.9921875,36054.72225155195,34552.44339078064,36054.72225155195,1446499
2020-04-06,37857.45703125,37857.45703125,36655.6334212696,37256.543746607866,1907834
2020-04-07,37797.3671875,38398.28050045133,37136.365206627146,38398.28050045133,1191418
2020-04-08,37677.18359375,37737.275220434385,36535.451564658666,36835.9067387766,1096246
2020-04-09,40261.1015625,40261.1015625,37917.54612344077,38097.818025281806,1899627
2020-04-10,40321.19140625,40561.55491788172,39059.2763117505,39660.189529785115,1190447
2020-04-13,40862.015625,41763.38403016008,40561.55751707748,40982.19590886527,1322243
2020-04-14,40261.1015625,40441.37642364472,39299.641555002214,40261.1015625,1605287
2020-04-15,40020.7421875,40441.38061445675,39359.73725410854,39540.01213393457,813466
2020-04-16,40501.46484375,40862.01157824668,39540.00491222322,40020.734877986615,904440
2020-04-17,40681.7421875,41462.9273768977,40561.558940114555,40561.558940114555,1023301
2020-04-20,41342.7421875,41462.922461333845,40321.19062443967,40862.012214254166,1547559
2020-04-21,38758.82421875,40381.28618745246,38758.82421875,39660.19263676332,1963029
2020-04-22,38157.9140625,38818.91900390594,36655.635216284354,36655.635216284354,958891
2020-04-23,39119.375,39660.196698050015,38939.1001142153,39059.2833714051,781974
2020-04-24,39119.375,39660.196698050015,38879.008485620405,39540.01344086022,735012
2020-04-27,38578.55078125,39600.10248200753,38458.3675319129,39119.37244396304,600745
2020-04-28,37737.26953125,38458.36302414423,37496.9060200531,37617.08629599978,977827
2020-04-29,38097.8203125,38578.55034510972,37857.456775847066,37857.456775847066,786512
2020-04-30,38097.8203125,38097.8203125,38097.8203125,38097.8203125,0
2020-05-01,38097.8203125,38097.8203125,38097.8203125,38097.8203125,0
2020-05-04,38338.18359375,39419.823856947034,38218.00035584913,39059.27710254802,517197
2020-05-05,39359.73828125,39359.73828125,38458.36977720549,39059.28309966985,823035
2020-05-06,41222.56640625,41342.7496611131,40080.83436296259,40080.83436296259,1942303
2020-05-07,41282.65625,41763.3862893777,40681.74296095191,41222.5646251648,889702
2020-05-08,41823.4765625,42544.57312893566,41282.657836803264,41282.657836803264,2144081
2020-05-11,43866.578125,43866.578125,42063.841226903045,42063.841226903045,1367692
2020-05-12,43986.76171875,44467.49179163913,42664.75475813092,43806.489790981635,1444432
2020-05-13,43506.03125,44407.399758552565,43265.66769539455,43866.58102086428,1249449
2020-05-14,42965.21484375,43506.03361078494,42784.93994853553,43025.306475488156,867375
2020-05-15,42965.21484375,42965.21484375,42965.21484375,42965.21484375,0
2020-05-18,42965.21484375,42965.21484375,42965.21484375,42965.21484375,0
2020-05-19,45308.765625,45308.765625,44527.58041895571,45308.765625,1443095
2020-05-20,45308.765625,45308.765625,45308.765625,45308.765625,0
2020-05-21,45068.40234375,45428.949136360236,44467.48904986366,44767.94421715487,1201226
2020-05-22,44407.3984375,45008.31174509348,44227.126516734745,45008.31174509348,1238909
2020-05-25,44287.21484375,44527.57837329641,44106.939977112364,44407.39512887132,699686
2020-05-26,45008.30859375,45008.30859375,44347.30370574831,44767.942103820744,776565
2020-05-27,45068.40234375,45849.587554289494,44948.21909311195,45368.857511041206,1439086
2020-05-28,44407.3984375,45308.76691923822,44407.3984375,45068.40337178322,694921
2020-05-29,44707.8515625,44767.94022315426,44287.21318209827,44767.94022315426,469756
2020-06-01,45248.67578125,45669.31421331728,44828.03734918272,45008.31223119899,751464
2020-06-02,45909.6796875,46750.956532665434,45068.402842334566,45248.674760982045,1830905
2020-06-03,46871.13671875,47051.4115962915,46089.95150134469,46570.681548818095,799246
2020-06-04,46871.13671875,47772.505187849645,46871.13671875,46931.22834459717,1069128
2020-06-05,46270.22265625,46871.13294776801,45969.767510490994,46270.22265625,1111110
2020-06-08,46270.22265625,46270.22265625,46270.22265625,46270.22265625,0
2020-06-09,46270.22265625,46270.22265625,46270.22265625,46270.22265625,0
2020-06-10,46871.13671875,47111.50322213867,46570.681548818095,46871.13671875,537571
2020-06-11,43626.21484375,46931.23076108814,43626.21484375,46570.683946744495,1577803
2020-06-12,44828.03515625,45008.31002944744,42123.93277341545,42123.93277341545,1107668
2020-06-15,43325.7578125,45308.76668655809,43325.7578125,44828.03663481287,699535
2020-06-16,43926.6640625,44167.030545615664,43566.1172971302,44167.030545615664,572631
2020-06-17,43806.48828125,44407.398632173776,43626.21340039047,44167.03508366506,416415
2020-06-18,43385.84765625,43866.577688243065,43265.66440842577,43626.21119259461,400480
2020-06-19,43626.21484375,44046.85328703492,43626.21484375,43986.76165809364,382905
2020-06-22,43926.6640625,44287.213787173496,43866.57540102478,43986.75568327892,287040
2020-06-23,44407.3984375,44647.76494425898,43866.579715900254,43986.76000997576,440962
2020-06-24,43626.21484375,44587.67498820243,43265.668029406355,44227.12817385879,302724
2020-06-25,43506.03125,43866.58102086428,42965.21251231172,43265.66769539455,422605
2020-06-26,43385.84765625,43986.757976763445,43265.66440842577,43566.119568682494,407073
2020-06-29,41883.56640625,43265.66489382283,41883.56640625,43265.66489382283,720690
2020-06-30,41462.92578125,42965.20743784312,40862.01548605572,42424.3858047253,578859
2020-07-01,42664.75390625,42664.75390625,41462.93022767587,41763.38836679743,488440
2020-07-02,42364.296875,42965.21016767758,42364.296875,42905.11854247943,265822
2020-07-03,42244.11328125,42905.11819375318,42244.11328125,42905.11819375318,390873
2020-07-06,43506.03125,43746.397763909525,42784.937626879575,43145.48443843979,611449
2020-07-07,43506.03125,44647.76627246208,43506.03125,43866.58102086428,1032542
2020-07-08,43806.48828125,44527.58188608012,43566.1217734373,43866.57990820318,673274
2020-07-09,45188.578125,45549.127840929184,44287.2127130879,44407.39299242735,1487536
2020-07-10,45188.578125,45188.578125,45188.578125,45188.578125,0
2020-07-13,45008.30859375,45248.67212437549,44647.76181815989,45068.400216232316,746825
2020-07-14,45512.60546875,46332.08406311999,45323.49359111025,45386.53088365684,796762
2020-07-15,45512.60546875,45512.60546875,45512.60546875,45512.60546875,0
2020-07-16,45512.60546875,45953.86341220829,45512.60546875,45827.78882711512,673615
2020-07-17,45323.4921875,45701.7128266987,45323.4921875,45512.6040592832,482099
2020-07-20,44693.125,45260.45440039049,44693.125,44882.233765340934,620904
2020-07-21,44756.1640625,45197.42203553517,44630.09257332425,44693.12987009613,333384
2020-07-22,44251.8671875,45071.34574958442,44188.82989743694,45071.34574958442,433107
2020-07-23,44819.1953125,45134.3817538361,44251.86592683019,44251.86592683019,793938
2020-07-24,43054.16796875,45071.348977775815,42549.87271649355,44819.19979946364,1479379
2020-07-27,40343.58203125,43495.424959510376,40217.51054926442,40469.65661760341,1663746
2020-07-28,42738.98046875,42738.98046875,40343.5790281817,41604.318589134025,861752
2020-07-29,40028.3984375,41982.54209716907,39902.32385187805,41036.988913740024,980247
2020-07-30,41289.1328125,42802.01844741753,40658.766126226765,42802.01844741753,526602
2020-07-31,41289.1328125,41289.1328125,40217.50820408844,40658.766126226765,396156
2020-08-03,42360.765625,42549.874411901306,41100.02899630852,41163.066293398304,676023
2020-08-04,42928.08984375,43180.23587869177,42675.94070444081,43180.23587869177,488276
2020-08-05,43243.27734375,43432.3861121452,42738.98212074995,42928.09399351286,713630
2020-08-06,43810.61328125,43999.7220644231,43117.20613130075,43180.243427147776,807629
2020-08-07,44251.8671875,44567.05053344762,43621.497391237084,43810.60926142626,720841
2020-08-10,44440.9765625,44819.19720369518,44251.867794086276,44314.90198064571,591643
2020-08-11,44125.79296875,44630.08818901682,43936.68109701206,44440.97631727887,694492
2020-08-12,44882.23046875,45134.37960984118,44125.78925421136,44440.97257620789,1227096
2020-08-13,45764.75,45953.86187129851,45071.34601397417,45071.34601397417,1199738
2020-08-14,45575.640625,45890.82396859133,45260.45417704102,45386.528756224616,1097746
2020-08-17,45386.52734375,45638.673389902484,44882.23214707746,45386.52734375,581053
2020-08-18,45323.4921875,46016.899279670695,45071.346129490106,46016.899279670695,375417
2020-08-19,45449.5703125,45575.64490351913,45260.458425971294,45386.533016990434,283069
2020-08-20,44756.1640625,45512.60851939459,44756.1640625,45323.49662907894,560188
2020-08-21,45386.52734375,45449.56463138001,44819.19485944745,44882.23214707746,623678
2020-08-24,46016.90234375,46332.085713341075,45512.60708978352,45512.60708978352,805448
2020-08-25,46521.19140625,46962.44933614325,46142.97076696545,46142.97076696545,910996
2020-08-26,46332.08203125,46899.41453492137,46332.08203125,46647.265375792915,543635
2020-08-27,46016.90234375,46269.04841854928,45701.715869791005,46269.04841854928,631986
2020-08-28,46773.34375,47277.63900480188,46079.93661050944,46647.26916020755,1275470
2020-08-31,46710.3046875,47277.637215729206,46332.084036803135,46899.416565032334,693332
2020-09-01,47529.78515625,47592.822451247324,46521.19464502859,46710.30653002057,1064186
2020-09-02,47529.78515625,47529.78515625,47529.78515625,47529.78515625,0
2020-09-03,47781.93359375,48034.07966545326,47466.74712366108,47908.00507741769,740357
2020-09-04,47025.48828125,47403.70893384148,46710.30492148506,46710.30492148506,1181710
2020-09-07,45386.52734375,46899.412933767606,45386.52734375,46899.412933767606,1684485
2020-09-08,45386.52734375,46206.00587420503,45386.52734375,45386.52734375,837042
2020-09-09,45197.41796875,45386.52984204969,44693.12584868628,44756.16003541845,934155
2020-09-10,45386.52734375,45953.85982805255,45323.49005611998,45701.7106775325,782617
2020-09-11,45386.52734375,45386.52734375,45386.52734375,45386.52734375,0
2020-09-14,45008.3046875,45701.70861134603,45008.3046875,45386.52529181306,702763
2020-09-15,45575.640625,45575.640625,45008.30812304149,45512.6033354082,917425
2020-09-16,45386.52734375,46016.89711568256,45386.52734375,45638.673389902484,445576
2020-09-17,45197.41796875,45890.825066481135,45197.41796875,45701.713193181444,501943
2020-09-18,45701.7109375,45827.78551347718,45134.381554337844,45512.602177901805,470525
2020-09-21,45890.82421875,46395.11943386571,45449.56629356971,45953.861508685426,1184723
2020-09-22,45323.4921875,45953.86198907629,45323.4921875,45701.7128266987,1035794
2020-09-23,45827.7890625,46332.08430109507,45512.605702516004,45701.714476759276,1037686
2020-09-24,46332.08203125,46521.190796228686,45638.6749480144,45827.78681736074,1034622
2020-09-25,46079.93359375,46395.12004759651,45764.75024427121,46332.08275682721,579527
2020-09-28,45512.60546875,46332.08406311999,45512.60546875,46079.934892933656,525808
2020-09-29,45071.34765625,46016.90083846053,45071.34765625,45512.60560099039,1353004
2020-09-30,44945.2734375,45386.53138584063,44945.2734375,45071.34802398813,775910
2020-10-01,45638.6796875,45638.6796875,45071.350229280266,45071.350229280266,318420
2020-10-02,45323.4921875,45701.7128266987,44819.196967112504,45638.675536104296,772644
2020-10-05,45701.7109375,45890.82280146577,45134.381554337844,45323.49031393604,888051
2020-10-06,45701.7109375,46142.96884905256,45638.67364951141,45890.82280146577,962219
2020-10-07,46710.3046875,47466.745988893745,45512.60544289861,45701.71421606315,2892432
2020-10-08,47025.48828125,47403.70893384148,46710.30492148506,47214.60015972965,976478
2020-10-09,46836.37890625,47277.636846006906,46710.30432221438,47277.636846006906,553405
2020-10-12,47277.63671875,48286.22407521685,46647.26690463642,46836.37878018082,2416812
2020-10-13,47277.63671875,47718.89465731917,47088.524843205596,47340.67401059813,752296
2020-10-14,47403.703125,48034.072871652286,47214.59437406152,47592.81498030592,1592881
2020-10-15,47277.63671875,48475.335950761255,47277.63671875,47908.00342849581,1736225
2020-10-16,47529.78515625,47908.00582186605,46899.41841501256,47277.63908062861,1375596
2020-10-19,46647.265625,47908.00211427464,46584.22833488112,47592.8187680479,1508602
2020-10-20,45764.75,46647.26585732434,45701.71270956716,46332.08250952784,1411186
2020-10-21,45575.640625,46269.04460177445,45575.640625,46016.898547774916,1197709
2020-10-22,46458.16015625,46458.16015625,45323.49506231574,45575.64424068687,1003911
2020-10-23,46332.08203125,46773.33995535714,46269.044741467886,46521.190796228686,764979
2020-10-26,45386.52734375,46647.26378324756,45386.52734375,46395.11773709507,819367
2020-10-27,45386.52734375,45764.74796516251,45323.49005611998,45638.673389902484,823552
2020-10-28,45323.4921875,45827.787407887496,45197.4176063112,45386.5294780944,978495
2020-10-29,44756.1640625,45512.60851939459,44756.1640625,45197.42203553517,982920
2020-10-30,44377.9375,45386.52790583588,44125.79145072483,45386.52790583588,991417
2020-11-02,43936.68359375,44630.09072515819,43747.574815633496,44440.97884267381,1168107
2020-11-03,44251.8671875,44882.23387939524,44062.755317310824,44125.79260737388,1229681
2020-11-04,45323.4921875,45701.7128266987,44630.088199697006,44693.12549029141,727775
2020-11-05,45071.34765625,45386.531015530905,44945.273070790514,45386.531015530905,544845
2020-11-06,44630.08984375,45260.456564179614,44567.052550833476,45008.310496881335,598022
2020-11-09,45008.3046875,45260.4507222529,44756.155548379684,44756.155548379684,904541
2020-11-10,45512.60546875,46521.19283639194,45512.60546875,46395.121355666575,1602992
2020-11-11,46142.97265625,46521.19331102047,45953.86388104869,46206.00994943972,2009802
2020-11-12,46269.046875,46647.267526765325,46079.934996933436,46332.08416768885,690357
2020-11-13,46332.08203125,46332.08203125,45827.78681736074,46079.93287212154,1130613
2020-11-16,45701.7109375,46647.2640485937,45701.7109375,46584.22676060511,1582896
2020-11-17,47592.8203125,47592.8203125,45953.86313369333,46016.900425857864,2764254
2020-11-18,50429.48046875,50429.48046875,47340.6748443655,47655.85820478944,4350416
2020-11-19,51753.25,53140.06101654665,50681.622317642454,50681.622317642454,2878677
2020-11-20,51564.13671875,51816.28275829325,50996.80424931833,51375.02486081695,1522672
2020-11-23,52635.765625,52635.765625,51185.92034495004,51753.25286135135,2264353
2020-11-24,52005.3984375,52824.877006688905,51059.845287091965,52635.765134860216,2299868
2020-11-25,52131.47265625,52761.83934922729,52131.47265625,52698.80205905602,1800976
2020-11-26,52509.69140625,52572.72869788311,51501.104053223506,52005.39928192063,1386186
2020-11-27,52635.765625,52635.765625,52131.47350416298,52635.765625,1195074
2020-11-30,52635.765625,54274.72277863964,52635.765625,52698.80291619656,1680123
2020-12-01,52635.765625,53392.20691062326,51564.14098776167,51690.21557015479,1680413
2020-12-02,52950.94921875,53266.13565769559,52131.47068622662,52635.76277980442,1240182
2020-12-03,53266.140625,53518.283590934785,52635.76768832375,52950.95415666188,1234055
2020-12-04,53896.50390625,54463.83330424209,53266.13721862152,53581.3174580681,1894698
2020-12-07,54400.796875,54463.83416563337,53644.355596135014,54022.57933993521,1752552
2020-12-08,54274.71875,54526.86789607001,53896.501239629986,54526.86789607001,1437901
2020-12-09,54274.71875,55220.27183902755,53896.501239629986,54211.6814634825,1431156
2020-12-10,53203.10546875,54463.83897528063,53203.10546875,54274.72708668025,1369003
2020-12-11,54274.71875,54274.71875,53392.20294748996,53959.53852614749,1152953
2020-12-14,54842.0546875,54968.129261359936,54085.61345307542,54274.71910513028,1084320
2020-12-15,53833.46484375,54779.01794842107,53707.39026862918,54526.86879817942,1381030
2020-12-16,54085.6171875,54463.83472645938,53644.356148522675,54211.685561329476,975557
2020-12-17,53013.9921875,53959.54539692677,53013.9921875,53707.39621875009,2324805
2020-12-18,53518.28515625,53644.359747272705,53013.99300089506,53013.99300089506,744619
2020-12-21,54400.796875,54463.83416563337,53329.16914296818,53707.39288676838,1634548
2020-12-22,53770.4375,54211.69238578939,53329.17640547435,53896.5120984359,1146952
2020-12-23,53392.20703125,54085.61723597875,53329.16973991102,53644.356196605906,694908
2020-12-24,52887.9140625,53833.4672087102,51690.21485933867,53581.31804739138,1579833
2020-12-25,53077.02734375,53392.207595037515,52005.399588407156,52824.87817573156,778255
2020-12-28,54779.0234375,55850.65122467332,53140.0662141694,53581.321062572686,2996769
2020-12-29,54905.1015625,55472.43103520734,54211.691285180204,54842.064264561835,618786
2020-12-30,54779.0234375,55157.24099202629,54715.986143623,54905.09802525401,848262
2020-12-31,54589.90625,54905.09268875045,54337.75709899964,54842.055401000354,1206950
2021-01-01,54589.90625,54589.90625,54589.90625,54589.90625,0
2021-01-04,55976.71875,56354.94250749379,54905.097187905536,55409.38932249495,171785
2021-01-05,56733.16796875,56859.2363496316,54589.912362725365,55472.428281311535,159191
2021-01-06,56985.30859375,57930.86176822619,56733.165633629105,57363.53234703471,146483
2021-01-07,58435.1640625,58498.20135898228,56228.87110309212,57363.5362310372,182375
2021-01-08,58435.1640625,58813.38163265771,57804.79109767718,58435.1640625,117839
2021-01-11,58813.3828125,59695.89877221991,58435.16523475495,58624.27091925942,93747
2021-01-12,59002.4921875,59191.60407266924,57993.90167533325,58813.38030233076,119654
2021-01-13,58624.26171875,59632.85211567515,58435.15606392383,59632.85211567515,137620
2021-01-14,58056.9375,58624.26693240329,57678.71994797637,58372.123967299434,97705
2021-01-15,57741.75,58813.37776091652,57048.34599307834,58624.26588391909,222769
2021-01-18,57111.38671875,57993.9026557229,56670.13185463153,57993.9026557229,122541
2021-01-19,53581.3203125,57111.383885252675,53140.06547027374,57111.383885252675,146041
2021-01-20,54526.875,54526.875,50555.55337130875,54211.68852634902,128921
2021-01-21,55157.234375,55409.38352025853,54526.867720588656,55157.234375,121835
2021-01-22,54589.90625,55472.42206976613,54463.831674499816,55157.235631015676,133913
2021-01-25,53392.20703125,54652.94664929408,53329.16973991102,54400.797483938164,154488
2021-01-26,52509.69140625,53455.24457201114,51059.84611615949,53455.24457201114,167562
2021-01-27,49799.11328125,52509.69529145612,49799.11328125,52509.69529145612,118621
2021-01-28,46332.08203125,49168.73834087154,46332.08203125,46647.265375792915,197920
2021-01-29,48097.11328125,49168.737884496346,45701.71181360162,46332.08160120413,113792
2021-02-01,47403.703125,48979.625939446996,46962.445233653634,48412.29347789669,84506
2021-02-02,48223.1875,48538.37083926683,47151.55980037812,47403.70585091806,117763
2021-02-03,50429.48046875,50429.48046875,49168.740818318605,49483.927283110366,110249
2021-02-04,51059.84375,51501.101666615716,50303.40249419236,51059.84375,99697
2021-02-05,51185.92578125,52320.59093456192,51185.92578125,51816.29255142946,100731
2021-02-08,49799.11328125,52257.552315003064,48601.41396470609,52194.51501870581,213704
2021-02-09,49799.11328125,49799.11328125,49799.11328125,49799.11328125,0
2021-02-10,49799.11328125,49799.11328125,49799.11328125,49799.11328125,0
2021-02-11,49799.11328125,49799.11328125,49799.11328125,49799.11328125,0
2021-02-12,49799.11328125,49799.11328125,49799.11328125,49799.11328125,0
2021-02-15,49799.11328125,49799.11328125,49799.11328125,49799.11328125,0
2021-02-16,49799.11328125,49799.11328125,49799.11328125,49799.11328125,0
2021-02-17,54779.0234375,54779.0234375,52635.76786315337,53581.321062572686,242449
2021-02-18,56796.203125,57048.34608600505,55031.171354286744,56039.7556157781,284884
2021-02-19,56039.75390625,56417.977649322995,55472.424500375906,55472.424500375906,143053
2021-02-22,55598.5,56228.8667068012,54905.09600164514,55472.42541689266,145802
2021-02-23,56354.9375,56922.26687709423,55850.64541022013,56733.16122388621,194932
2021-02-24,56354.9375,56354.9375,56354.9375,56354.9375,0
2021-02-25,56228.86328125,56354.937856676675,55598.49661285173,56102.78870582332,172214
2021-02-26,56291.91015625,56291.91015625,54968.13930628376,54968.13930628376,110048
2021-03-01,57930.859375,57930.859375,56354.93955222224,56922.268949976344,209418
2021-03-02,57363.53125,58939.4511077435,57363.53125,57993.897951350315,174824
2021-03-03,57363.53125,57678.71770504288,56859.2329219314,57363.53125,87859
2021-03-04,57300.49609375,57993.900111942006,56102.79372870151,57489.60797382119,167058
2021-03-05,58309.0859375,59065.527240730444,57048.34629295885,58119.97405950849,185224
2021-03-08,59885.00390625,60515.37060383309,59065.52533677135,59885.00390625,207892
2021-03-09,59065.53125,59758.93530763372,57363.53665001904,59758.93530763372,87758
2021-03-10,57993.90234375,58687.30638862661,57363.53559465635,58687.30638862661,125517
2021-03-11,58435.1640625,58624.26974321086,57993.90298712403,58624.26974321086,42511
2021-03-12,57426.5703125,58624.26646113851,57300.49572659371,58624.26646113851,50227
2021-03-15,57426.5703125,57993.899740342684,57426.5703125,57678.71948431259,50201
2021-03-16,56922.2734375,57678.72097245451,56544.05587875855,57426.57179413634,112632
2021-03-17,58498.19921875,59885.00727315006,56481.01822259014,56985.310367262224,100693
2021-03-18,57867.82421875,58624.26551322094,57678.71855168392,58561.23443002261,34846
2021-03-19,57300.49609375,57300.49609375,56544.05478220094,57048.346920321754,121886
2021-03-22,57048.34765625,57741.75168338697,56733.16739413452,57363.53412710124,64410
2021-03-23,57867.82421875,57993.89880261775,56670.12808947749,56733.16538141136,71041
2021-03-24,56796.203125,56796.203125,55976.718323342946,56102.79290821326,91906
2021-03-25,56922.2734375,57867.82664745734,56102.794816701746,56796.20505707672,80143
2021-03-26,56228.86328125,56417.97514439001,54211.682491893414,56291.900568963334,47289
2021-03-29,56417.98828125,57048.35509642841,56102.80176929251,56733.17479320749,32513
2021-03-30,56481.015625,56733.16479010746,56102.791877338816,56417.97833372314,74130
2021-03-31,56544.05078125,57174.417461481375,56102.78975897337,56228.86433676669,79463
2021-04-01,57111.38671875,57111.38671875,56481.01996626535,56607.09455850947,79690
2021-04-02,56922.2734375,57804.7893528778,56922.2734375,57552.646383295425,119907
2021-04-05,56354.9375,57489.60246292355,56354.9375,57048.34145172297,91213
2021-04-06,56544.05078125,56607.08807014666,56102.78975897337,56291.901625663355,85073
2021-04-07,56165.83203125,57363.53441781889,56102.794736760276,56670.13038716776,151437
2021-04-08,56102.796875,56733.16984392254,56039.75957810775,56733.16984392254,86321
2021-04-09,55976.71875,56670.12897207194,55787.61307998874,56102.79333583126,47806
2021-04-12,55409.38671875,56165.82798945598,54715.982737997474,56102.79069950253,241037
2021-04-13,54211.69140625,55409.39386101377,54022.58572074932,55220.28196677694,171281
2021-04-14,54526.875,55346.35362275675,53896.508261433846,54211.68852634902,93507
2021-04-15,54211.69140625,55661.543053329544,53896.51112459143,55346.35656293483,185502
2021-04-16,54211.69140625,54842.06438703943,53896.51112459143,54211.69140625,74420
2021-04-19,54968.12890625,54968.12890625,53959.53853062133,54211.68146797724,72781
2021-04-20,55472.421875,56102.78854155252,54905.092495976234,55157.23543735618,177824
2021-04-21,55472.421875,55472.421875,55472.421875,55472.421875,0
2021-04-22,54085.6171875,55472.42517824352,54085.6171875,55472.42517824352,138880
2021-04-23,54211.69140625,54211.69140625,52950.95786214343,54022.58572074932,107110
2021-04-26,51375.03125,53959.54477466699,51375.03125,53959.54477466699,135161
2021-04-27,51375.03125,51690.21771908613,50555.552639111775,51375.03125,99735
2021-04-28,51627.17578125,52005.39640576342,51122.88058044291,51375.02662866266,79664
2021-04-29,52635.765625,52698.80291619656,51879.32433937674,52320.585377752664,78719
2021-04-30,52635.765625,52635.765625,52635.765625,52635.765625,0
2021-05-03,52635.765625,52635.765625,52635.765625,52635.765625,0
2021-05-04,52509.69140625,52509.69140625,51690.21592812284,52320.58574008618,117322
2021-05-05,53896.50390625,54211.68414569658,52950.950770439624,53266.13721862152,115961
2021-05-06,53518.28515625,54085.620815852184,53203.10488742912,54085.620815852184,114889
2021-05-07,52950.94921875,53518.27860011692,51690.212776070366,52950.94921875,108031
2021-05-10,54211.69140625,54211.69140625,52320.59109009014,52635.77137174871,96306
2021-05-11,53770.4375,54274.72968500735,53581.32560234614,54022.5866968718,93015
2021-05-12,54463.8359375,54463.8359375,53644.35734134162,53896.50651207824,77685
2021-05-13,53959.54296875,54589.90967708945,53896.50567704251,54463.835093674454,69238
2021-05-14,53013.9921875,53959.54539692677,52635.76842023498,53644.35892420592,104110
2021-05-17,52005.3984375,53581.318285268244,51816.28656567131,53581.318285268244,131026
2021-05-18,51690.21875,52320.588596376554,51248.96078884679,52194.514006227655,138187
2021-05-19,51438.0625,52320.581405380006,51375.02521358947,51690.21164564214,37758
2021-05-20,50933.76953125,51564.13931844048,50618.58618983858,51564.13931844048,90065
2021-05-21,51059.84375,51564.138955327624,50303.40249419236,50429.47707161617,75239
2021-05-24,51690.21875,52005.402121004314,51248.96078884679,51438.06956970221,63615
2021-05-25,52257.546875,52446.652535469926,51753.251661487,52005.39771605966,74975
2021-05-26,51627.17578125,52131.470982057086,51627.17578125,51816.284541322915,52244
2021-05-27,50492.515625,51690.21800542631,50429.48143520145,51501.106122927034,86674
2021-05-28,51690.21875,51942.364825929864,50744.66553261913,51122.886198697895,82627
2021-05-31,52068.44140625,52131.478703733876,50933.77626027637,51627.18342823093,107627
2021-06-01,52761.83984375,53518.281124159745,52698.8025529879,53518.281124159745,127773
2021-06-02,55094.203125,55157.24041822122,52950.953781685486,53140.06566134915,249811
2021-06-03,55661.5390625,56102.793908679305,55472.427181822146,56102.793908679305,159241
2021-06-04,57615.67578125,57867.81871627444,53581.314316039476,55346.34590488534,271584
2021-06-07,57174.4140625,58056.92984585304,54211.68028669521,57930.855275554764,2039088
2021-06-08,57174.4140625,57174.4140625,57174.4140625,57174.4140625,0
2021-06-09,55094.203125,56102.79360780386,54274.7245218598,55724.5760572122,1092539
2021-06-10,54274.71875,54968.12890169254,53896.501239629986,54526.86789607001,1306231
2021-06-11,54842.0546875,55031.166548289904,54337.75639206025,54842.0546875,492563
2021-06-14,56417.98828125,56985.31779403691,55472.434954114105,56102.80176929251,2074136
2021-06-15,55913.68359375,56607.087556587234,55787.60901710047,56417.97569161294,691630
2021-06-16,57930.859375,58309.08311265961,56417.97684183218,56607.08871066198,2710674
2021-06-17,59191.59375,59569.811245643694,57048.338509324916,57300.48764557722,2098720
2021-06-18,58435.1640625,59128.568115069116,58309.08946953544,59065.530818586834,949448
2021-06-21,58624.26171875,60515.36793689276,58372.11877607006,58687.29900660377,1219620
2021-06-22,59821.96484375,60011.07671004424,58939.449009778764,59569.81568869101,1605022
2021-06-23,59191.59375,60011.07223408524,58498.18983404092,59758.92309783293,1143725
2021-06-24,60389.30078125,60956.63644164274,59191.60458233713,59254.64187793632,1711553
2021-06-25,61776.1171875,61776.11718749999,59948.04797010303,60515.377441153905,1940500
2021-06-28,61776.109375,63011.63386822827,57809.430532109836,62946.605926226744,1095187
2021-06-29,60475.55859375,61450.971345649275,59890.313504530815,61125.838031550134,996725
2021-06-30,60475.55859375,61385.94340186926,59500.15224665166,60475.55859375001,1060769
2021-07-01,61255.8984375,61255.8984375,60150.42971649854,60800.70279746353,1239918
2021-07-02,62816.546875,63401.79191870481,61841.13419895835,61906.16213768115,2329558
2021-07-05,62816.546875,62816.546875,62816.546875,62816.546875,0
2021-07-06,62816.546875,62816.546875,62816.546875,62816.546875,0
2021-07-07,62816.546875,62816.546875,62816.546875,62816.546875,0
2021-07-08,62816.546875,62816.546875,62816.546875,62816.546875,0
2021-07-09,59630.19921875,61711.08052249545,58719.81444896144,59630.19921875,1361577
2021-07-12,59630.19921875,59630.19921875,59630.19921875,59630.19921875,0
2021-07-13,59500.15234375,60410.53715335492,57939.48809528377,59044.95673654708,732856
2021-07-14,59500.15234375,59500.15234375,59500.15234375,59500.15234375,0
2021-07-15,58849.875,59500.15446201189,58524.74167379522,58849.875,622795
2021-07-16,58849.875,58849.875,58849.875,58849.875,0
2021-07-19,56378.828125,57874.457968363764,56378.828125,56899.04525166545,886538
2021-07-20,57874.45703125,58264.62467353194,55273.35863043884,55988.6595698218,838504
2021-07-21,56834.015625,58524.735647331334,56443.85439277008,58524.735647331334,717601
2021-07-22,58134.5703125,58654.78744434129,56834.017875695645,57549.32523857846,614853
2021-07-23,57224.1875,58459.71203729763,57224.1875,58069.544371371754,449320
2021-07-26,57419.2734375,58264.63033985586,56378.83269503097,57094.13370397805,774712
2021-07-27,57874.45703125,58914.897672534586,57549.32373414897,58524.73643505323,1106786
2021-07-28,57939.48828125,58849.873093776936,57874.46033715515,57874.46033715515,406203
2021-07-29,58199.60546875,58524.745219454184,57809.43776790498,58459.71726931335,635781
2021-07-30,58264.62890625,58979.92989759704,58199.600961145625,58524.74068666749,668433
2021-08-02,60800.6953125,61581.02419455467,58914.89784553429,59175.00960781938,197630467
2021-08-03,60475.55859375,60865.72625643008,59760.25761697079,60800.69831265007,1228823
2021-08-04,60475.55859375,60475.55859375001,60475.55859375001,60475.55859375001,0
2021-08-05,60995.77734375,61060.80528241245,60150.42054593857,60865.7214664251,800052
2021-08-06,60085.3984375,61516.00041728765,59955.34254755548,60995.78326231061,1650534
2021-08-09,60475.55859375,60800.69831265007,59175.0125277516,59825.2855607508,1330059
2021-08-10,60475.55859375,60475.55859375001,60475.55859375001,60475.55859375001,0
2021-08-11,62101.25,64312.180846225274,61906.166171121076,63076.662739593776,1900913
2021-08-12,61450.97265625,62101.25210791902,61450.97265625001,61450.97265625001,916669
2021-08-13,60475.55859375,61255.89391911016,59565.17378563075,61190.86597533015,1653812
2021-08-16,61255.8984375,61776.115621311714,59825.28997361535,60150.42971649854,1399651
2021-08-17,61255.8984375,61255.8984375,61255.8984375,61255.8984375,0
2021-08-18,60215.45703125,60475.562418017296,59890.31729178921,60085.40113546568,658474
2021-08-19,59109.98046875,60150.421091994074,58329.651602517064,60150.421091994074,3010851
2021-08-20,56899.0390625,58849.864283696574,56703.96166422034,58524.73101669714,3487529
2021-08-23,55793.58984375,57549.33166641893,55793.58984375,56899.052172984906,1460796
2021-08-24,55923.6328125,56768.99605532777,55273.3597997409,56573.912230059825,1363846
2021-08-25,56768.99609375,56768.99609375,55923.63285035007,55988.66079215007,702599
2021-08-26,56118.71484375,57029.099594429616,55988.6589643957,57029.099594429616,867123
2021-08-27,56573.9140625,56638.94200636225,55923.6346238775,56118.71845546425,1169317
2021-08-30,56899.0390625,57549.31840609886,56703.96166422034,57484.29047173897,999877
2021-08-31,58134.5703125,58134.5703125,56964.07375985616,57224.18552817718,1107920
2021-09-01,57614.34765625,58134.56473820975,57614.34765625,58004.50886651978,675871
2021-09-02,57614.34765625,57614.34765625,57614.34765625,57614.34765625,0
2021-09-03,57614.34765625,57614.34765625,57614.34765625,57614.34765625,0
2021-09-06,58784.84765625,58849.87560311762,58004.518698639775,58199.60253924264,1094431
2021-09-07,57679.37890625,58914.89694869516,57679.37890625,58849.86900911378,907844
2021-09-08,57679.37890625,57679.37890625,57679.37890625,57679.37890625,0
2021-09-09,57614.34765625,57939.48093067479,57289.20797702506,57484.291784560024,560390
2021-09-10,57614.34765625,58069.53680236477,57549.31972040501,57549.31972040501,530889
2021-09-13,57614.34765625,58394.676481589704,57614.34765625,58394.676481589704,773325
2021-09-14,57874.45703125,58589.76437543356,57744.40115048936,58264.62467353194,843547
2021-09-15,59500.15234375,60020.36949003812,57549.32683676791,58199.5998708283,1738911
2021-09-16,60215.45703125,60345.51292703431,59760.2613960049,59825.28934389706,1237648
2021-09-17,59760.25,60345.50141942466,59630.194129016745,59955.33380647489,1051440
2021-09-20,57744.3984375,59760.25168497856,57744.3984375,59760.25168497856,1911629
2021-09-21,57744.3984375,57744.3984375,57744.3984375,57744.3984375,0
2021-09-22,57744.3984375,57744.3984375,57744.3984375,57744.3984375,0
2021-09-23,58914.90234375,59825.28717645608,57744.40572889902,58004.51751104393,1379731
2021-09-24,59175.0078125,60345.50430247044,59175.0078125,59500.14750549191,116616600
2021-09-27,58524.7421875,60150.428047196954,58524.7421875,60085.40010042497,1417427
2021-09-28,61841.13671875,62101.24848423979,58654.78680590218,59175.01033688175,5693159
2021-09-29,62946.609375,63987.050099228254,61971.19659633608,62101.25248746475,3474922
2021-09-30,63076.6640625,63206.71354634597,62166.27924677238,62816.55228520612,1569470
2021-10-01,67303.4375,67433.49336754627,62361.346557241384,62426.37449101452,5466481
2021-10-04,67628.578125,71985.41772539749,67628.578125,68929.12400924998,510175562
2021-10-05,70879.9609375,71465.20604151346,68604.00206206889,69579.4084338243,2634904
2021-10-06,70879.9609375,70879.9609375,70879.9609375,70879.9609375,0
2021-10-07,72180.5078125,73481.05380995732,71205.09511200672,72180.5078125,2843427
2021-10-08,72180.5078125,72180.5078125,72180.5078125,72180.5078125,0
2021-10-11,72180.5078125,72180.5078125,72180.5078125,72180.5078125,0
2021-10-12,72830.78125,74456.46695901595,71920.396484375,72700.72536851063,2458025
2021-10-13,72180.5078125,73155.92051299328,71530.22840897075,73155.92051299328,2255806
2021-10-14,72180.5078125,72180.5078125,72180.5078125,72180.5078125,0
2021-10-15,72830.78125,73481.05425264625,72505.64154627657,72830.78125,1386287
2021-10-18,72830.78125,72830.78125,72830.78125,72830.78125,0
2021-10-19,74456.46875,76407.29420966475,74131.32903845562,75431.88147983237,1343549
2021-10-20,74456.46875,75041.71382597911,71855.37027204726,75041.71382597911,2153940
2021-10-21,72960.8359375,75041.71079287503,72830.78005813896,74781.60543895347,2068211
2021-10-22,72895.8125,74066.30908174085,71985.42769304621,73090.89633109029,1614730
2021-10-25,72895.8125,72895.8125,72895.8125,72895.8125,0
2021-10-26,72895.8125,72895.8125,72895.8125,72895.8125,0
2021-10-27,72895.8125,72895.8125,72895.8125,72895.8125,0
2021-10-28,81284.359375,83495.29024033932,77577.79221345963,79008.39416133796,2951723
2021-10-29,80959.21875,82910.04422418808,79008.39327581193,80634.07903603505,1462183
2021-11-01,80959.21875,80959.21875,80959.21875,80959.21875,0
2021-11-02,79918.7734375,79073.41663499433,78228.05983248867,79918.7734375,1900409
2021-11-03,78032.9765625,79918.77399780313,77057.56387510871,79073.41718937074,2384273
2021-11-04,76147.1875,79333.53767044844,76082.15955337037,76797.46696629633,2093929
2021-11-05,79593.6328125,80373.96807166602,75626.960602408,76732.42914809281,1690373
2021-11-08,79983.8125,80569.05762780245,77512.76968785468,80504.02967973537,2077918
2021-11-09,77512.7578125,80634.0732223132,77382.70193629105,78553.1984173712,2100233
2021-11-10,78293.1015625,79788.73161388938,77382.71666061046,78098.01771106619,1272822
2021-11-11,77382.703125,79333.5284885009,76342.26250414616,78032.97611123348,2390072
2021-11-12,76797.4609375,78618.2304905923,75691.99233637954,77512.76188947182,1727438
2021-11-15,77317.6796875,77967.9527115938,74586.52530054508,77382.70763038947,2720003
2021-11-16,75887.078125,78163.03692286948,75626.9663521689,76732.4349819002,1948568
2021-11-17,76342.265625,77187.62246310165,75952.09797442968,76082.15385795312,884016
2021-11-18,74001.28125,76082.15623704187,74001.28125,75431.88320389134,1610569
2021-11-19,68929.1328125,74131.32982349601,68864.1048695025,74001.28034230182,3662895
2021-11-22,66393.0703125,69124.22503565319,66067.9305580288,67628.59497468892,1811024
2021-11-23,68018.75,68604.0015040542,66653.17596680892,66653.17596680892,968737
2021-11-24,66978.3046875,69514.3815546629,66978.3046875,69384.3256738032,1163266
2021-11-25,67563.5546875,68343.88355095056,66848.2473582699,67368.47087043725,829175
2021-11-26,66328.03125,67628.58364520808,66067.91948999827,67563.55570520765,1583464
2021-11-29,64637.3203125,65742.78893376264,63466.82374852773,63466.82374852773,1628850
2021-11-30,63922.0078125,66132.9382512528,63922.0078125,65092.49776045162,1753787
2021-12-01,64052.0703125,64702.34328484204,63401.79093535764,63466.818873071876,1846828
2021-12-02,63987.05078125,64702.35178528079,63726.9389962202,63987.05078125,745211
2021-12-03,62816.546875,64442.232533469265,62816.546875,64442.232533469265,1302575
2021-12-06,59825.2890625,63076.667227410544,59175.015991438406,62621.47159430652,1553585
2021-12-07,62751.51953125,62751.51953125,60800.69416067014,61450.96714926326,1215334
2021-12-08,63856.98828125,64572.28921126634,62946.603532647256,63401.792704548374,1384900
2021-12-09,64182.12109375,65027.477896497236,63076.6589396347,63661.903986213416,706381
2021-12-10,62816.546875,63987.043367210055,62556.43512010878,63987.043367210055,854011
2021-12-13,63726.94140625,64572.29833476546,63206.71781651654,63726.94140625,908726
2021-12-14,63856.98828125,64312.177453151126,62751.51971406084,63661.90446266359,964450
2021-12-15,63531.85546875,63856.99520163042,62686.49856806211,63466.82752217392,596824
2021-12-16,64117.08984375,65092.50247421193,63141.6836180882,63726.92863444531,1206004
2021-12-17,64377.2109375,65027.48398399566,63596.882000745,64442.238882629674,670450
2021-12-20,62881.58203125,63726.938926875824,62426.386407943166,63726.938926875824,1085101
2021-12-21,61125.8359375,63011.63343291484,61125.8359375,62881.57754981027,1587876
2021-12-22,61906.1640625,62816.54882812501,61515.99641803188,62361.35324291219,746346
2021-12-23,61906.1640625,63531.84977151594,61450.96847728719,62426.38118365688,1919446
2021-12-24,62231.3046875,63076.66152489503,61971.19292067054,62621.46593294348,882504
2021-12-27,62361.359375,62946.61089925087,62231.30988552328,62231.30988552328,414650
2021-12-28,63791.9609375,64052.0726980445,63076.66000080318,63076.66000080318,1370024
2021-12-29,63076.6640625,64247.15425072054,62946.608173853056,64247.15425072054,577535
2021-12-30,63076.6640625,63987.04887822763,63076.6640625,63726.93710093374,731974
2021-12-31,62556.44140625,63336.77034453654,62491.41346099269,63336.77034453654,850733
2022-01-03,62556.44140625,62556.44140624999,62556.44140624999,62556.44140624999,0
2022-01-04,66263.0078125,66263.0078125,63011.63621075341,63011.63621075341,2181423
2022-01-05,68278.859375,68538.97114541927,66653.17361948112,66783.22950469077,2625701
2022-01-06,67433.5,68213.82887722731,66913.27647864808,67628.58382050697,1044254
2022-01-07,69904.546875,71075.0434662959,67173.39243184353,67953.72135777381,2241434
2022-01-10,66328.03125,69904.54233082152,66328.03125,69904.54233082152,1261476
2022-01-11,67173.390625,67953.71952994083,66328.0337775807,66978.3067975646,819594
2022-01-12,70229.6875,70814.93260077963,68278.86195766652,68278.86195766652,1860570
2022-01-13,68278.859375,72180.51031208594,68278.859375,70944.98580739518,974284
2022-01-14,68604.0,69254.27302989169,67303.44753541575,67628.58725276202,680032
2022-01-17,68018.75,71335.15597523739,63856.993550730826,69384.33043799212,1830061
2022-01-18,69579.40625,70229.68568382868,67628.58716291664,67628.58716291664,1173982
2022-01-19,69579.40625,70814.93076947359,68603.99990885875,70294.71362721153,837748
2022-01-20,70619.84375,70619.84375,68603.99681057321,69579.40310766327,904314
2022-01-21,69839.515625,70749.90039629348,68083.77402356261,70229.68327189749,1341153
2022-01-24,69644.4296875,70879.95412703714,69449.35227477348,69579.40174832434,1297533
2022-01-25,71205.1015625,71205.1015625,67628.59013829417,68929.13625356837,1666797
2022-01-26,72960.8359375,73481.05305014363,70879.95467732445,71725.31148837067,1816193
2022-01-27,72700.7265625,74716.57994909113,71660.28589829811,73155.92215518864,1149146
2022-01-28,70879.9609375,73481.05954005031,69254.2751115062,72765.75854518916,2088256
2022-01-31,70879.9609375,70879.9609375,70879.9609375,70879.9609375,0
2022-02-01,70879.9609375,70879.9609375,70879.9609375,70879.9609375,0
2022-02-02,70879.9609375,70879.9609375,70879.9609375,70879.9609375,0
2022-02-03,70879.9609375,70879.9609375,70879.9609375,70879.9609375,0
2022-02-04,70879.9609375,70879.9609375,70879.9609375,70879.9609375,0
2022-02-07,74586.53125,75431.88817019276,72895.8174096145,74001.28612211312,1167804
2022-02-08,74131.328125,75106.74084281322,73220.94334869437,74456.46783253796,804087
2022-02-09,71530.2265625,73871.21954517407,71530.2265625,73481.05191312825,2305730
2022-02-10,72830.78125,73350.99837115688,71530.22883990688,72830.78125,1083967
2022-02-11,72180.5078125,73350.99792925148,72180.5078125,73155.92051299328,608927
2022-02-14,75431.8828125,76732.43527685384,73351.00143145423,73871.22497911612,2291862
2022-02-15,75431.8828125,75431.8828125,75431.8828125,75431.8828125,0
2022-02-16,74456.46875,75366.8535375235,73481.05602016763,74456.46875,912004
2022-02-17,77187.6171875,77187.6171875,73936.2459408408,74391.43509726097,1422218
2022-02-18,76082.1484375,77187.61696388971,74976.68631591056,75757.01515665615,923351
2022-02-21,75301.828125,76082.15705412111,75106.74429151948,75757.02373645456,419315
2022-02-22,75757.0234375,77057.56951263592,75431.88371631554,76732.43619625243,909231
2022-02-23,76082.1484375,78358.11342740826,75626.95928239851,76472.31606027293,1628976
2022-02-24,77382.703125,79658.66177921742,76277.23456504276,76732.43013876652,2382760
2022-02-25,76212.203125,79463.58071641068,75822.04191310283,78098.00046277016,1664528
2022-02-28,76732.4375,77772.8718158662,76082.15804658229,77382.71054861664,1185455
2022-03-01,76537.3515625,77382.70842393111,75496.91087039995,77382.70842393111,1308249
2022-03-02,77512.7578125,78813.30376498871,76732.4289600467,78032.97491253541,1964453
2022-03-03,78488.171875,79268.50074132967,77382.7033123661,79268.50074132967,1725295
2022-03-04,76732.4375,78032.98359723328,76732.4375,78032.98359723328,1961428
2022-03-07,81024.2421875,81609.48723529397,79658.6618695801,81609.48723529397,2854396
2022-03-08,78488.171875,81804.57115810123,78098.00423943493,79723.68991135512,1798795
2022-03-09,79463.5859375,81414.40493476317,78488.17323646814,79853.7471750324,1635910
2022-03-10,77057.5546875,77902.9113951401,75952.08625295533,76732.42143366902,1214703
2022-03-11,73416.0390625,76732.44540205711,73025.87775507088,76732.44540205711,2041736
2022-03-14,68929.1328125,72830.78377314743,68929.1328125,71530.231317998,1751518
2022-03-15,70229.6875,70229.6875,66328.03641533304,67628.58891182239,1219116
2022-03-16,71010.015625,71530.23277477393,68929.13421630228,70554.82001474695,777864
2022-03-17,68929.1328125,71400.17543200297,68929.1328125,70294.71321064694,938101
2022-03-18,70814.921875,71400.16688713717,69904.53718678659,70229.67686286283,757692
2022-03-21,74131.328125,74781.60754007594,70814.92872731549,71140.06843485347,1047406
2022-03-22,74781.6015625,75757.0142023448,73806.1889226552,74781.6015625,993951
2022-03-23,73025.8671875,74911.66471411867,72895.81130224343,74326.4132304641,782276
2022-03-24,73025.8671875,74781.6088288621,72765.75541698685,74716.5808862338,751389
2022-03-25,71985.4296875,74131.33267454564,70229.68796864398,74066.31113384828,485629
2022-03-28,71855.375,73481.06085508752,71725.3191068248,72050.45883976278,450329
2022-03-29,72765.7578125,73481.05880015867,70814.93227903015,71530.23326668883,877082
2022-03-30,71595.2578125,72440.6146495638,70944.98480048185,72115.48134595508,744455
2022-03-31,70424.765625,72765.75224310724,70359.73768520809,71530.22779186144,471761
2022-04-01,71335.15625,72115.48518694351,69579.40813587578,70099.63169703883,541857
2022-04-04,73090.890625,73416.02391330026,71465.19856429701,71595.25444153728,769669
2022-04-05,74326.4140625,74651.55377928115,72180.51114614701,73285.97337360118,917552
2022-04-06,73936.2421875,75757.01153035066,73611.10251741954,74391.43132081268,1049675
2022-04-07,73351.0,74781.6083233508,72765.75492510239,73936.25147969836,919064
2022-04-08,71660.28125,74456.46335216591,71660.28125,74001.27419380417,778242
2022-04-11,71660.28125,71660.28125,71660.28125,71660.28125,0
2022-04-12,70814.921875,73155.9147331488,69579.39751071035,71985.41830407441,797909
2022-04-13,71595.2578125,71855.36957922754,70164.65590509993,70944.98480048185,647505
2022-04-14,72570.671875,73155.92336096021,72375.58804634659,72440.61598923105,582074
2022-04-15,74846.640625,76732.43824870972,72830.78710933773,73155.92683921912,2252780
2022-04-18,74976.6875,76667.4010824499,74261.38018028627,75952.09376273617,1069090
2022-04-19,74066.3046875,76407.29130729362,74066.3046875,76407.29130729362,852751
2022-04-20,69319.296875,73871.22062472044,69254.26893537538,73871.22062472044,1776606
2022-04-21,68278.859375,70424.76867135742,66978.30692770441,67628.5863537526,1352122
2022-04-22,73025.8671875,73025.8671875,65027.48148262734,68343.88734226748,1691634
2022-04-25,67953.71875,73025.86618110091,67953.71875,70879.95691354274,862584
2022-04-26,70879.9609375,70879.9609375,63791.96612471022,66328.0367818367,844304
2022-04-27,72180.5078125,72505.64110946404,67628.58401179822,68278.85701052687,995464
2022-04-28,70034.6015625,71725.31527382338,70034.6015625,71725.31527382338,271559
2022-04-29,68929.1328125,70489.79063483863,68278.85978732571,69579.40583767429,691252
2022-05-02,68929.1328125,68929.1328125,68929.1328125,68929.1328125,0
2022-05-03,68929.1328125,68929.1328125,68929.1328125,68929.1328125,0
2022-05-04,70229.6875,71530.23359168829,69709.46393948385,69969.57571974193,656961
2022-05-05,71140.0703125,72180.51099928185,70814.9305963804,72180.51099928185,442764
2022-05-06,71400.1796875,71465.20763437322,69254.27665508738,69254.27665508738,726552
2022-05-09,68213.828125,70879.95442812618,66978.3036802145,70879.95442812618,721005
2022-05-10,70229.6875,70294.71544506452,65027.48391884371,65352.623644166306,813416
2022-05-11,70814.921875,71205.0894862915,68929.12456335794,69774.48131635609,414146
2022-05-12,68669.0234375,70229.68771911669,67368.47734175401,70229.68771911669,1051314
2022-05-13,65027.48046875,69254.27105448324,65027.48046875,67823.66274376713,1133891
2022-05-16,61776.109375,67368.47395832685,61776.109375,66978.3063063177,1205122
2022-05-17,65612.7265625,65612.7265625,61125.830983071966,61776.103941087575,651414
2022-05-18,68278.859375,69189.24416666666,65222.5652869759,65677.76088520963,1147129
2022-05-19,68799.0703125,69254.26586972232,64702.342321500204,64702.342321500204,1432934
2022-05-20,67953.71875,69384.32706330568,67368.47367921173,68603.99816732109,369264
2022-05-23,67303.4375,68734.03923340912,66848.24196358805,68603.98977066278,682175
2022-05-24,68799.0703125,69514.37761670652,66718.1955510272,67303.44057694139,1059509
2022-05-25,70489.78125,70489.78125,68799.06776676384,69124.2074384631,964324
2022-05-26,69969.5703125,72310.55693950831,68929.1296766739,71530.22806383888,712685
2022-05-27,71530.2265625,72310.55542179121,70554.81388718588,70554.81388718588,510213
2022-05-30,71530.2265625,73025.86274720855,71400.1706851514,72635.69511516273,859811
2022-05-31,76537.3515625,76537.3515625,71205.09861968807,72050.45548111918,2972903
2022-06-01,78683.25,80569.04744602847,76082.15162042982,77187.6201930673,2193904
2022-06-02,78683.25,78683.25,78683.25,78683.25,0
2022-06-03,80764.125,81284.34847843609,76732.42506612047,76732.42506612047,2980972
2022-06-06,84470.703125,86161.41684970041,81609.49281981433,81609.49281981433,3336117
2022-06-07,84535.734375,85186.00743190275,80699.11117015159,84470.70642882961,2566699
2022-06-08,83820.4296875,85771.25517725854,83430.26202762793,84535.73065913122,2147384
2022-06-09,82975.0703125,84665.78397772889,82714.95854714149,83820.42714511445,1631119
2022-06-10,77187.6171875,82975.06517992968,77187.6171875,82259.76427424069,3096076
2022-06-13,76732.4375,79398.5640446094,74456.47222264015,74781.61194934901,2190122
2022-06-14,81934.6328125,81934.6328125,76797.46367755787,78032.98180100926,1711679
2022-06-15,80634.078125,83300.20453498722,78553.20319353731,80634.078125,2803084
2022-06-16,83235.1796875,85771.25671245932,79853.75219395557,81349.388512101,2938486
2022-06-17,87136.8203125,87136.8203125,80959.21115993326,81284.3508434158,1964201
2022-06-20,81089.2734375,85836.28116724762,81089.2734375,85186.00174892553,2165790
2022-06-21,77707.84375,82779.98463193113,75431.87866375873,80634.07542545229,2957018
2022-06-22,72310.5625,78032.98323468237,72310.5625,77057.57046388875,2379482
2022-06-23,75952.09375,77317.6740462423,71530.22598014935,71530.22598014935,1404063
2022-06-24,74131.328125,76537.34915117959,74001.2786467855,75952.09767761124,1016140
2022-06-27,74391.4375,76537.34669117711,74131.32574232992,74781.60513650511,1139186
2022-06-28,75431.8828125,76472.3235030229,75041.71515175358,75757.02252978868,1006432
2022-06-29,76082.1484375,76732.42780878823,74326.40694462233,75431.87547101204,1221259
2022-06-30,75106.7421875,77707.84708477171,75106.7421875,75757.02161421833,1271057
2022-07-01,73481.0625,75301.83223560921,71530.23686830423,74651.55915997774,1228571
2022-07-04,72545.84375,75151.08650358683,72479.04231634509,74883.8807689672,583461
2022-07-05,68804.9921875,74015.47129726705,68136.98440708593,72813.05202893964,1895366
2022-07-06,63995.3203125,66734.16596998999,63995.32031250001,66533.76166634768,2129356
2022-07-07,62859.69921875,64462.920237319035,61857.68443727525,62859.69921875,792236
2022-07-08,63861.71484375,65598.53873338691,63460.90629407541,65130.928758766546,872796
2022-07-11,63394.10546875,64730.12740082573,63394.10546875,63794.914022215686,601489
2022-07-12,63394.10546875,63394.10546875,63394.10546875,63394.10546875,0
2022-07-13,64329.328125,64796.93817148249,63728.12178757146,64796.93817148249,1130109
2022-07-14,65999.34375,66266.54946211682,64796.93120442794,64796.93120442794,879604
2022-07-15,65130.93359375,66066.14703293963,64796.9330237032,65999.34560303486,651666
2022-07-18,65130.93359375,65798.94789279759,64462.92587417941,65197.73502365476,715962
2022-07-19,68070.1796875,68136.98112026678,65665.34784632802,65999.34843068461,1177386
2022-07-20,68804.9921875,69539.80798338083,68136.98440708593,69138.99936744584,1127840
2022-07-21,69539.8046875,70141.01100343038,67802.97401357739,68738.18749362313,1087875
2022-07-22,72011.4375,73414.25442130034,69473.00280749441,69473.00280749441,1371285
2022-07-25,69940.609375,73147.05853448441,69740.20506888018,71811.03640649653,685453
2022-07-26,69940.609375,71944.63927724307,69473.00590686464,71944.63927724307,609432
2022-07-27,69940.609375,70408.21942261289,69138.99872999827,69873.80793962673,472265
2022-07-28,71009.421875,73280.65739442667,70475.01700074047,71477.02531754246,641580
2022-07-29,71811.03125,73147.05328205286,71343.42781544158,72145.03840288248,668307
2022-08-01,72078.2421875,73147.05857458069,71343.43297746875,71811.03644586045,535679
2022-08-02,72278.6484375,72412.244732435,70608.61908681865,71811.03837705546,560768
2022-08-03,74817.078125,75485.08587126543,72145.04056046104,72345.44485818385,735756
2022-08-04,72813.046875,74750.27522260745,72479.03971869625,74483.06949756446,970502
2022-08-05,73147.0546875,73481.05526732291,71143.02489065382,72011.43692535687,915408
2022-08-08,74149.0703125,74817.07805816871,72145.04049601659,72879.84967419991,442008
2022-08-09,74817.078125,75151.08528787135,73481.0560529919,74349.46809698013,464701
2022-08-10,74082.265625,74950.67763005671,73547.8541883639,74149.06705457951,491176
2022-08-11,75485.078125,76086.29095647206,74349.46046725159,74817.07044728541,1067703
2022-08-12,76420.296875,77422.3117517133,75485.08342869938,75485.08342869938,458649
2022-08-15,76153.09375,76954.71094228564,75284.68170450116,76821.10807690471,509709
2022-08-16,75819.09375,76153.09433654763,74817.07883140248,75485.08658397506,411246
2022-08-17,75084.28125,76754.30384745524,74483.06837769265,76153.0909751479,1108425
2022-08-18,75952.6953125,78758.33572051206,74750.27611492992,75485.08528809271,1244834
2022-08-19,77221.90625,78825.13397529647,76420.29567709024,76754.30282391803,676754
2022-08-22,76754.3046875,78157.12157928302,76620.70182552503,77088.30526296033,466718
2022-08-23,78157.1171875,78357.5214692014,77155.10235846974,77155.10235846974,562911
2022-08-24,78357.5234375,79827.14829408303,78157.11915076456,78825.1334398827,451463
2022-08-25,77823.1171875,79493.1397213377,77823.1171875,78758.33059598634,535175
2022-08-26,76954.7109375,77823.12298294484,76887.90950481368,77823.12298294484,619643
2022-08-29,78491.125,78491.125,76286.69104124323,76286.69104124323,844430
2022-08-30,79426.3359375,80161.14504105378,78157.11542810596,78557.92398248616,914148
2022-08-31,78223.921875,79493.14246586485,78090.31901496401,78691.53188512594,541227
2022-09-01,78223.921875,78223.921875,78223.921875,78223.921875,0
2022-09-02,78223.921875,78223.921875,78223.921875,78223.921875,0
2022-09-05,77756.3203125,78491.1294808752,77288.7102911394,77689.51888087705,410364
2022-09-06,77823.1171875,78691.52916827468,77756.31575978835,78491.12488513972,311776
2022-09-07,74817.078125,77489.11568953897,74817.078125,77489.11568953897,1066695
2022-09-08,74683.4765625,75819.09435659304,73881.86593710413,75485.08718789586,397378
2022-09-09,76153.09375,76153.09375,74549.87252438326,75418.2845698821,419441
2022-09-12,75952.6953125,77088.30649853469,75819.09244838363,76153.09302919733,459280
2022-09-13,76286.6953125,76687.50390179752,75351.48185028296,75885.89330267964,310767
2022-09-14,75151.0859375,75952.69655584333,74683.47590543795,75017.48307119656,399774
2022-09-15,74683.4765625,76286.69781329173,74282.66796006338,76153.09494581285,714071
2022-09-16,74149.0703125,75485.08580383744,73815.06314992701,74149.0703125,628847
2022-09-19,72145.0390625,75351.48144157989,72145.0390625,74149.06883916349,631872
2022-09-20,72879.8515625,73481.05789123123,71811.03519405091,73481.05789123123,508574
2022-09-21,72813.046875,73414.2531768696,72345.44343565189,72879.84830626074,273198
2022-09-22,74149.0703125,74416.26946308113,72679.44537665612,72813.0482416853,292991
2022-09-23,75151.0859375,76487.10144157977,74149.07101970151,74416.27017283108,456002
2022-09-26,75885.8984375,76286.70047444063,74149.07425864285,74149.07425864285,840522
2022-09-27,74483.0703125,76153.09295333654,74149.06973201901,76153.09295333654,271306
2022-09-28,69473.0078125,74950.68618649503,69473.0078125,73481.06114744899,835605
2022-09-29,70141.0078125,71944.63325771593,70141.0078125,71143.02267978407,387797
2022-09-30,73481.0625,74817.08468922669,67736.17827143754,68136.9869020489,906583
2022-10-03,71477.015625,72813.0374986952,71009.41224586626,72813.0374986952,463188
2022-10-04,70809.015625,72813.04536223237,69138.99303713201,71543.82477412467,328291
2022-10-05,71477.015625,72746.23607603661,70875.80940054911,70875.80940054911,507187
2022-10-06,71410.2265625,72479.03625260512,71410.2265625,71610.6242672217,564550
2022-10-07,68136.9921875,71410.24318630177,68136.9921875,71410.24318630177,421080
2022-10-10,70809.015625,72879.84679210525,68136.97816851582,68136.97816851582,543370
2022-10-11,70875.8125,72879.84210844232,70141.00339809823,70809.01107442015,640697
2022-10-12,71477.015625,72011.42700626858,70207.80175343966,70207.80175343966,214070
2022-10-13,72145.0390625,72278.64192487452,70207.81071702376,70742.21558704472,686588
2022-10-14,73347.453125,73614.65885506813,72145.0404986479,72211.84193116493,488907
2022-10-17,74483.0703125,75618.68807688064,71610.62847529119,72078.23849923264,378468
2022-10-18,74149.0703125,75618.68866886664,74149.0703125,75618.68866886664,565432
2022-10-19,72879.8515625,75485.0877596386,72145.04236527794,74215.8736679307,533536
2022-10-20,74082.265625,74149.06705457951,72278.64018530707,72813.04504246621,208270
2022-10-21,71610.6328125,75217.88404061839,71610.6328125,74082.27278693489,590395
2022-10-24,71610.6328125,72746.25064566109,71143.0293397146,71610.6328125,634898
2022-10-25,71610.6328125,72813.05208169867,70541.81641537648,71610.6328125,463062
2022-10-26,72145.0390625,72278.64192487452,71410.22989891729,71610.62761300194,229198
2022-10-27,73481.0625,74282.67318174489,71543.83394433411,72746.25325669034,590773
2022-10-28,72813.046875,74149.06892073785,72813.046875,73547.8560393911,244705
2022-10-31,74215.8671875,74215.8671875,72479.03662825457,72813.04377031655,197050
2022-11-01,73481.0625,75819.09968627726,72946.65757199602,74416.27605861533,568962
2022-11-02,73481.0625,75819.09968627726,72612.6503798199,73881.87113061135,736386
2022-11-03,74416.265625,74950.67705755406,73481.0521975073,74683.47134127704,204614
2022-11-04,74149.0703125,74817.07805816871,72211.84192853118,74416.26946308113,415533
2022-11-07,75418.2734375,75819.08197448005,74483.06009735617,74483.06009735617,510465
2022-11-08,76420.296875,76821.10545747614,75418.2819982867,76086.2963024136,481090
2022-11-09,77756.3203125,78491.1294808752,76420.29825951831,76487.09969114127,510339
2022-11-10,75752.296875,78023.52600220322,73481.06116831908,76887.91472834046,348210
2022-11-11,76086.296875,77823.1209198463,75885.89258225379,75885.89258225379,214448
2022-11-14,76019.5,77489.1184092602,74015.47011138881,75952.69856508113,441756
2022-11-15,74483.0703125,76487.10011329473,72813.04767166346,76019.49666883047,530763
2022-11-16,78157.1171875,78157.1171875,70475.01227090364,70475.01227090364,396748
2022-11-17,79960.75,80161.15430033847,77221.91096713954,77221.91096713954,557742
2022-11-18,76353.5,79760.3534158762,74817.08016779613,79559.9491126816,502522
2022-11-21,74349.46875,76487.10145219714,73815.06386418936,76353.49858587516,217095
2022-11-22,72946.65625,76754.31185389127,72879.8548127754,74215.87697778967,395992
2022-11-23,72278.6484375,74616.67900128954,72145.04556308727,73213.86197891136,287065
2022-11-24,70675.4140625,72813.04669871433,70141.00919318497,72813.04669871433,598211
2022-11-25,70007.40625,71811.03172863275,69473.00138130318,71477.02457352406,502775
2022-11-28,74883.8671875,74883.8671875,69472.99151967095,70007.39631250946,466718
2022-11-29,74817.078125,76086.29876443384,72746.2468741522,74817.078125,510843
2022-11-30,73614.65625,74817.07541327826,73481.05338969386,74817.07541327826,356657
2022-12-01,71143.0234375,74817.0757968468,70141.00855954387,74817.0757968468,648514
2022-12-02,74282.6640625,75485.08322724233,71143.02315939091,71143.02315939091,721131
2022-12-05,75618.6953125,75885.90106603429,73948.67251186635,75485.09243573286,631116
2022-12-06,73147.0546875,75819.0922234692,72813.04752819991,75485.08506416909,623426
2022-12-07,71343.421875,74483.06253276352,71343.421875,73147.04719143161,424736
2022-12-08,70809.015625,74082.26595034008,70809.015625,72211.83907285346,587369
2022-12-09,70809.015625,72479.03821286798,70809.015625,72078.2362131077,472391
2022-12-12,70141.0078125,72412.23668672744,70141.0078125,72145.03754706813,441504
2022-12-13,70541.8125,71811.03313478899,70207.81191782822,71410.23112028741,505422
2022-12-14,71811.03125,72145.03840288248,71143.0235237121,71209.82495428859,349849
2022-12-15,71009.421875,72145.03963471334,70541.81185298039,71477.02531754246,636411
2022-12-16,71076.2265625,72078.24150467837,70675.41795383766,71009.42512772295,322870
2022-12-19,70274.609375,71343.42565234085,70274.609375,70809.014223932,566693
2022-12-20,70007.40625,70475.01626715217,69205.79565721624,70141.00911204348,275215
2022-12-21,69138.9921875,70809.01475484548,69138.9921875,70809.01475484548,250126
2022-12-22,67602.578125,70141.01290257585,67602.578125,70141.01290257585,320222
2022-12-23,67802.9765625,69339.4029957124,67802.9765625,68470.99091584345,329678
2022-12-26,68537.7890625,69873.80454612523,68203.7819018551,68203.7819018551,419063
2022-12-27,68871.7890625,69473.00194658757,68003.37703162844,69406.20051502228,195033
2022-12-28,68804.9921875,69473.00654739168,68270.58727906426,69205.800803435,279627
2022-12-29,68537.7890625,69406.20110069957,68537.7890625,69406.20110069957,123046
2022-12-30,67802.9765625,68671.38864236895,67802.9765625,68537.79235117779,178391
2023-01-02,67802.9765625,67802.9765625,67802.9765625,67802.9765625,0
2023-01-03,70141.0078125,70141.0078125,68070.17664814778,68136.97807793185,362835
2023-01-04,70141.0078125,70475.01496142035,69473.00009413628,70475.01496142035,283662
2023-01-05,71209.828125,71276.62955855092,69807.00459990808,70141.01176766265,340520
2023-01-06,69940.609375,71410.23437373443,69873.80793962673,71143.02863224134,174987
2023-01-09,69807.0,70541.80914116275,69472.99943373162,70341.4114331925,193520
2023-01-10,69873.8125,69873.8125,68871.7974834811,69807.01106026687,323122
2023-01-11,69606.59375,70408.2108771872,69539.79890221113,70074.2037408592,136283
2023-01-12,70141.0078125,70274.61067206814,69606.59637422743,69606.59637422743,298538
2023-01-13,69807.0,70475.01429149062,69740.19857085095,69873.80142914905,243445
2023-01-16,68804.9921875,70007.41145582742,68804.9921875,70007.41145582742,308750
2023-01-17,69606.59375,69940.600886328,68470.98264543827,68804.98320228953,365987
2023-01-18,69673.3984375,70608.6118835032,69606.59700710856,70074.20701984868,191377
2023-01-19,69807.0,70074.20571659625,69138.9922879863,69940.60285829812,314927
2023-01-20,69807.0,69807.0,69807.0,69807.0,0
2023-01-23,69807.0,69807.0,69807.0,69807.0,0
2023-01-24,69807.0,69807.0,69807.0,69807.0,0
2023-01-25,69807.0,69807.0,69807.0,69807.0,0
2023-01-26,69807.0,69807.0,69807.0,69807.0,0
2023-01-27,72278.6484375,73614.66402267182,70207.8170430582,70207.8170430582,674989
2023-01-30,71209.828125,72879.85080481826,71209.828125,72813.04937126733,337242
2023-01-31,71009.421875,71811.03247612789,70541.81185298039,71209.82617015127,357666
2023-02-01,71209.828125,73881.86572860467,70809.01952369449,71410.23242565275,923855
2023-02-02,71477.015625,72145.02985158573,71076.21366852484,71477.015625,370525
2023-02-03,70274.609375,71477.02192996621,70274.609375,71343.42565234085,326400
2023-02-06,70809.015625,71477.0233442518,69606.59646676517,70274.61076549396,305094
2023-02-07,71009.421875,72011.43677127916,70141.00984215502,71276.62760186836,362330
2023-02-08,71677.4375,72145.04757347492,70942.6282497316,71009.42968879944,344806
2023-02-09,72211.84375,72679.44720991974,71677.43227640324,72078.24088160081,396622
2023-02-10,70875.8125,72211.83443212039,70875.8125,72211.83443212039,255169
2023-02-13,70742.21875,72011.43941982891,70341.41672443332,70875.82161834804,253909
2023-02-14,70541.8125,71477.02597313997,70541.8125,71009.4225263086,136409
2023-02-15,71543.8203125,71811.026015328,70608.60693207859,70809.01120919958,229072
2023-02-16,72078.2421875,72746.24996212135,71076.2272358292,71076.2272358292,329173
2023-02-17,71610.6328125,72078.24286476299,71276.63221178975,71811.03712061272,234872
2023-02-20,72813.046875,72813.046875,71677.42912304439,71677.42912304439,252270
2023-02-21,72345.4453125,73147.05592894794,72345.4453125,72479.04159901025,272567
2023-02-22,71477.015625,73481.04514580464,71410.22078181771,71811.02273829287,303455
2023-02-23,70675.4140625,71877.83324280521,70007.40633098694,71877.83324280521,220247
2023-02-24,71143.0234375,71811.03116297841,70141.00855954387,70809.01628502228,160615
2023-02-27,69473.0078125,71143.03058368522,68804.99344044374,71143.03058368522,309128
2023-02-28,69138.9921875,70408.21276001056,69072.19075844804,70141.00704380267,92662
2023-03-01,70207.8125,70742.21738359254,68938.59185468649,68938.59185468649,142461
2023-03-02,70141.0078125,70675.41267129558,69873.80209336372,70141.0078125,145108
2023-03-03,69807.0,70742.21342860993,68671.38228394288,70742.21342860993,232476
2023-03-06,69272.6015625,70475.0208190775,69205.80012716362,70141.01364239556,115860
2023-03-07,69807.0,70475.01429149062,69406.19800458255,70074.20571659625,256808
2023-03-08,70742.21875,70742.21875,69272.60035712647,69339.40179130048,186334
2023-03-09,71343.421875,72078.23097068019,70341.40707926282,70341.40707926282,240293
2023-03-10,71477.015625,71677.41989297573,70475.00744407396,71009.41224586626,289209
2023-03-13,72211.84375,72479.04290732095,70742.21877708635,71477.02797380446,437469
2023-03-14,71944.640625,72145.04493487404,70475.02217821237,71009.42709173214,233233
2023-03-15,71477.015625,72145.02985158573,71209.81651384199,71944.62558361002,247479
2023-03-16,69873.8125,71477.03389463904,69606.6067410675,71477.03389463904,350101
2023-03-17,69272.6015625,70942.62428695471,69272.6015625,70341.41794840472,285679
2023-03-20,68804.9921875,69873.80858384908,68738.19075151083,69473.00654739168,238906
2023-03-21,68938.59375,69473.00522776226,68537.79172115577,68938.59375,141200
2023-03-22,68738.1875,69473.00326112198,68604.59121381874,69473.00326112198,159228
2023-03-23,68470.9921875,68804.99279089732,68136.98500462504,68470.9921875,184947
2023-03-24,68404.1875,69205.79812132554,68203.78319979928,68537.79036680049,316945
2023-03-27,68136.9921875,68871.80148780951,68136.9921875,68470.99940558539,128719
2023-03-28,69272.6015625,69539.80730384556,68404.18948260446,68404.18948260446,341402
2023-03-29,68671.3828125,69272.59567946903,68537.78653265051,69272.59567946903,125189
2023-03-30,68404.1875,69406.20242152626,68404.1875,68804.98952092411,175114
2023-03-31,68136.9921875,68938.60293142659,68003.38930026584,68404.19796196831,311271
2023-04-03,68470.9921875,69339.40428349726,68136.98500462504,69205.80141034728,406077
2023-04-04,68070.1796875,69138.99603229108,68003.37825473322,69138.99603229108,712180
2023-04-05,68070.1796875,68738.18743569044,68003.37825473322,68738.18743569044,274710
2023-04-06,67802.9765625,68604.59378651214,67736.17512716565,68604.59378651214,387167
2023-04-07,67602.578125,68070.1815879451,67468.97525573641,67736.17441478613,182804
2023-04-10,66466.953125,67936.57136895372,66466.953125,67535.76938400124,589890
2023-04-11,66734.1640625,67068.16464621286,66466.9583319479,66466.9583319479,302572
2023-04-12,66667.359375,67535.77137741906,66533.75651624677,66800.95565427629,353127
2023-04-13,66800.9609375,67402.1738494389,66600.56321299783,67402.1738494389,228694
2023-04-14,65531.7421875,67268.56620644931,65531.7421875,67268.56620644931,354514
2023-04-17,64930.53515625,65865.74867973078,64863.74029980199,65598.54951550598,300555
2023-04-18,64663.328125,65331.3358235077,64596.52669720155,65130.93154011236,277610
2023-04-19,63861.71484375,65331.33303360384,63527.70771902117,65130.928758766546,421584
2023-04-20,64128.9296875,65130.94472788891,63861.73050168024,64128.9296875,354136
2023-04-21,63728.11328125,64663.32666990675,63594.510428659516,64663.32666990675,522946
2023-04-24,62191.69140625,63928.52203194112,62191.69140625,63794.9191700051,710793
2023-04-25,61456.88671875,62792.90885588699,61456.88671875,62792.90885588699,405573
2023-04-26,62392.09765625,62926.50912075732,61189.67844058584,61189.67844058584,424232
2023-04-27,61590.484375,62926.506399004174,61590.484375,62525.697817959815,376955
2023-04-28,61991.29296875,62325.29354021174,61657.28581781124,62325.29354021174,203354
2023-05-01,61991.29296875,61991.29296875,61991.29296875,61991.29296875,0
2023-05-02,61991.29296875,61991.29296875,61991.29296875,61991.29296875,0
2023-05-03,61991.29296875,61991.29296875,61991.29296875,61991.29296875,0
2023-05-04,61456.88671875,61991.298205395826,61189.68097542709,61523.68815458073,257439
2023-05-05,61390.0859375,61724.09312021504,61189.681627870974,61456.887374043006,211296
2023-05-08,62191.69140625,62191.69140625,61590.485107015025,61590.485107015025,332073
2023-05-09,62859.69921875,63260.50118365405,62458.89067436953,62458.89067436953,348715
2023-05-10,62258.4921875,63193.705631815305,61991.29304589351,63193.705631815305,312028
2023-05-11,61590.484375,62659.30067830794,61590.484375,62458.89638778576,513491
2023-05-12,61790.88671875,61991.29100295828,61456.87957840286,61456.87957840286,331947
2023-05-15,61590.484375,62726.102108481995,61590.484375,62124.88923691546,499623
2023-05-16,61724.0859375,62258.490788178744,61590.48307996109,62124.88793063984,319088
2023-05-17,61390.0859375,62124.895159995445,61323.284500956994,61790.89455675805,366869
2023-05-18,62124.890625,62458.897783333174,61323.28002447755,61456.88288781082,634016
2023-05-19,63394.10546875,63794.914022215686,62191.6863878295,62258.48781340711,1086236
2023-05-22,63260.5078125,63861.72069206968,62792.90437453402,63794.919261006384,452724
2023-05-23,62258.4921875,63394.10992262795,62191.69075722912,63394.10992262795,548917
2023-05-24,62258.4921875,62258.4921875,62258.4921875,62258.4921875,0
2023-05-25,63260.5078125,63327.30924356329,61790.88948806166,62124.89006390104,770678
2023-05-26,62592.5,63728.11774712313,62458.897138047025,63728.11774712313,540596
2023-05-29,62659.30078125,63060.10278347581,62458.89649039858,62792.90364181762,524081
2023-05-30,62058.09375,62792.90289490439,61991.29232051079,62659.30003592597,739412
2023-05-31,61991.29296875,62258.49211002398,61991.29296875,61991.29296875,511095
2023-06-01,61456.88671875,62458.90167673335,61456.88671875,62458.90167673335,691000
2023-06-02,61456.88671875,61991.298205395826,61456.88671875,61657.29102624219,724661
2023-06-05,62792.90625,62792.90625,61857.69276665846,61857.69276665846,657591
2023-06-06,63527.71484375,63995.31829133628,62993.30996372606,63126.90624912411,1056105
2023-06-07,63126.90625,63794.92057438574,62659.30280240722,63594.51627707001,890950
2023-06-08,62525.69921875,63594.51554600309,62325.294923738074,63460.91268266181,796775
2023-06-09,62592.5,62859.705723905936,62258.49284511757,62525.698569023516,364095
2023-06-12,62726.10546875,63060.10605803586,62058.097710700924,63060.10605803586,618004
2023-06-13,62792.90625,63060.10540275665,62525.70051776605,62993.31054917547,733865
2023-06-14,63193.70703125,63928.5227805023,62859.706451976126,62859.706451976126,958273
2023-06-15,64529.73046875,65331.34108744268,63260.509817791484,63394.11268415315,1637801
2023-06-16,63794.9140625,65064.12799032301,63794.9140625,64930.52513908342,743572
2023-06-19,63594.515625,64730.1333853344,63594.515625,63928.52278376811,804213
2023-06-20,64462.9296875,64462.9296875,63327.31189141834,63594.517626844005,640697
2023-06-21,63995.3203125,64462.93035433206,63661.31971924027,64462.93035433206,609558
2023-06-22,63995.3203125,63995.32031250001,63995.32031250001,63995.32031250001,0
2023-06-23,63594.515625,64329.32479481267,63460.91276149276,64329.32479481267,792110
2023-06-26,64128.9296875,64329.3340114734,63527.7232950579,63594.524736382366,1188102
2023-06-27,64329.328125,64796.93817148249,64128.92381936465,64596.533865847145,643723
2023-06-28,63728.11328125,64730.128096201996,63728.11328125,64730.128096201996,961299
2023-06-29,63193.70703125,63995.31763277534,63193.70703125,63794.919917001884,895237
2023-06-30,62124.890625,63460.91267885552,62124.890625,63193.706952188986,859054
2023-07-03,62792.90625,63126.90683581514,62525.70051776605,62659.30338388302,480208
2023-07-04,63527.71484375,63728.11914106294,62859.70709885077,63060.10481668647,628342
2023-07-05,62993.30859375,63661.31632412142,62993.30859375,63661.31632412142,517399
2023-07-06,63594.515625,64462.92765831991,63260.50846623189,63460.91276149276,1732607
2023-07-07,64128.9296875,64529.73833544681,63661.32617770683,63928.53194300471,847834
2023-07-10,65130.93359375,65197.73502365476,64396.124444274654,64462.92587417941,1419444
2023-07-11,64930.53515625,65464.94664365479,64796.93886387639,65331.343771803586,907214
2023-07-12,64462.9296875,65197.73888044317,64262.525385930756,65197.73888044317,716719
2023-07-13,66333.3515625,66533.75584861891,64529.72614638359,64796.9318612088,1725043
2023-07-14,66132.9453125,67134.96013386187,65798.94475836382,66466.95244611285,876452
2023-07-17,66132.9453125,66266.54816594515,65531.73905147355,66199.74673922257,648136
2023-07-18,66667.359375,67068.16137178276,65798.94737258094,66132.94793998708,935832
2023-07-19,66066.1484375,67001.36189657218,66066.1484375,67001.36189657218,663138
2023-07-20,65932.5546875,66266.56189028846,65130.94398028575,65932.5546875,709281
2023-07-21,66400.15625,66400.15625,65531.74421367493,65932.54622610647,671459
2023-07-24,65798.9453125,66734.15871501535,65732.14388521486,66600.55586044505,679654
2023-07-25,65999.34375,66533.75517423362,65798.9460453892,65999.34375,521055
2023-07-26,65598.546875,65999.34889494271,65598.546875,65999.34889494271,491932
2023-07-27,65598.546875,65999.34889494271,65531.74544176332,65798.95117471002,590269
2023-07-28,66466.953125,66533.75455240488,65464.93829340365,65464.93829340365,677384
2023-07-31,67869.7734375,68537.78774595795,66867.75855429017,66867.75855429017,1500130
2023-08-01,67268.5703125,68337.3866769729,67268.5703125,68337.3866769729,767652
2023-08-02,67068.1640625,67869.77466770238,66734.16348169403,67468.97265483979,416667
2023-08-03,66533.7578125,67134.96410912569,66533.7578125,67068.16267844761,568584
2023-08-04,67001.359375,67402.16794786543,66400.15309517876,66533.75595280057,686840
2023-08-07,67402.1640625,67669.36976234066,66734.15639237483,67669.36976234066,442764
2023-08-08,67602.578125,67736.17441478613,67201.76951720922,67402.17382110462,667803
2023-08-09,67468.96875,67736.16788328488,67201.76303723828,67736.16788328488,468357
2023-08-10,68136.9921875,69272.61014951197,67802.98496941461,68070.19074388292,973149
2023-08-11,67802.9765625,68136.98373917173,67268.57165930278,68003.38086850304,433939
2023-08-14,67201.765625,68070.17764543898,67134.96419423723,67869.77335315065,692513
2023-08-15,67068.1640625,67268.56835866989,66867.7597663301,67268.56835866989,411499
2023-08-16,66934.5546875,67736.16521472778,66800.9518363826,67068.1575386174,508574
2023-08-17,66800.9609375,67468.97528409876,66533.76177833795,66800.9609375,524963
2023-08-18,65197.734375,66734.16066804649,65197.73437499999,66734.16066804649,1141203
2023-08-21,66199.75,66400.15429003895,65531.742279347156,65865.74284993508,569467
2023-08-22,67001.359375,67468.96937667632,66132.94737993514,66466.95452398967,754288
2023-08-23,68070.1796875,68203.78255303354,67001.36334270892,67001.36334270892,913139
2023-08-24,68404.1875,68470.98893340024,68070.1803329988,68470.98893340024,697682
2023-08-25,67736.171875,68404.18619627057,67468.97272596898,68404.18619627057,680284
2023-08-28,68938.59375,69339.4023583217,68003.38024339349,68337.38741699491,866745
2023-08-29,69146.2421875,69907.61073393979,68800.16247671387,69907.61073393979,684697
2023-08-30,68730.9453125,69215.45008169625,68384.86560786728,69215.45008169625,537823
2023-08-31,68246.4375,68869.38100278728,68246.4375,68730.949113279,723275
2023-09-01,68246.4375,68246.4375,68246.4375,68246.4375,0
2023-09-04,68246.4375,68246.4375,68246.4375,68246.4375,0
2023-09-05,68938.59375,69353.88258197281,68315.65027610636,69353.88258197281,530258
2023-09-06,70253.6875,70461.33533791776,69007.81410707359,69146.24599901875,690748
2023-09-07,71222.703125,71430.3509605815,69630.7500201217,70184.47076438242,1149650
2023-09-08,70738.1953125,71499.56385990807,70738.1953125,71222.70009092707,692009
2023-09-11,70184.46875,71637.99674006252,69976.82773766802,71637.99674006252,468735
2023-09-12,71084.2734375,71707.21008651692,69976.82520357808,70738.19373399642,742311
2023-09-13,73091.515625,73576.02721228509,71084.27378668764,71361.13073356097,1634271
2023-09-14,73368.3828125,74683.47893634606,72330.15046573519,73091.51903541875,697052
2023-09-15,75860.140625,75929.3565669467,73437.5962914445,74060.53295167521,999750
2023-09-18,75444.8515625,77452.10041968376,74752.69889987154,76067.78827713658,591908
2023-09-19,76137.0,76829.15944150819,74475.83097496012,75444.8473757817,509456
2023-09-20,75444.8515625,76137.00422512846,75029.55587454877,76137.00422512846,540092
2023-09-21,73714.4609375,75444.84587220503,73714.4609375,75167.9821011195,975923
2023-09-22,75500.21875,75583.28061137754,73755.99465126175,74669.63422267465,767778
2023-09-25,74337.40625,76413.87114003825,73922.11736236668,75500.22467958006,533389
2023-09-26,73755.9921875,74918.81048691247,73755.9921875,74337.39792856135,463944
2023-09-27,73839.046875,74337.39757236026,71430.34842911389,73922.10873320492,599367
2023-09-28,75998.5625,75998.5625,73839.04292690607,74586.57234162174,970754
2023-09-29,75334.09375,76164.68500536958,74337.39242430363,76164.68500536958,626682
2023-10-02,74171.28125,75167.98265247092,73839.04744917636,75167.98265247092,303728
2023-10-03,71679.5234375,73755.98797654395,71430.3446932074,73755.98797654395,573627
2023-10-04,71264.234375,71845.64695377629,71264.234375,71430.3512807518,634142
2023-10-05,69935.296875,71264.23207818333,69935.296875,71181.17703662926,619748
2023-10-06,69935.296875,69935.296875,68938.5954726125,69852.23501615615,368130
2023-10-09,71928.703125,72510.11571288596,71015.06353769505,71845.64807946779,540848
2023-10-10,71762.578125,73257.63694890452,70931.99367688046,72427.04568349563,1035996
2023-10-11,71430.3515625,72676.2317691977,71015.06270512746,72260.9360945351,692030
2023-10-12,71430.3515625,71762.58537531404,70599.7670304649,71762.58537531404,672278
2023-10-13,71264.234375,71430.3512807518,70101.41603473744,70682.82861351373,453649
2023-10-16,72177.875,73008.45946241521,71845.64121503392,71845.64121503392,918749
2023-10-17,70765.875,72177.87193478661,70765.875,72011.75504935815,477392
2023-10-18,68938.59375,70682.8245692388,67692.71361950233,70599.76271247047,832915
2023-10-19,68024.9453125,69353.88044146061,68024.9453125,68938.59162230513,671123
2023-10-20,69104.7109375,69104.7109375,66446.83376905556,68274.12645276413,853822
2023-10-23,66945.1796875,69187.76104506222,66779.06280239498,69187.76104506222,491050
2023-10-24,67443.5390625,67526.59409875068,66446.83090646639,67277.41535541993,366029
2023-10-25,66779.0703125,67609.66164872414,66779.0703125,67277.42102386053,346067
2023-10-26,62709.203125,66446.83689053966,62709.203125,64619.550938280045,1127188
2023-10-27,64453.4296875,65200.95911711877,62792.26075200218,63539.783364331444,396916
2023-10-30,63622.84765625,64536.49401440754,63539.78579764942,64453.43215580695,269583
2023-10-31,63622.84765625,64038.13649738359,63124.49695651583,63622.84765625,373173
2023-11-01,63872.01953125,64370.37023046748,63373.66883203251,64370.37023046748,311607
2023-11-02,65782.3671875,65782.3671875,63872.01943474124,64204.253233717565,467201
2023-11-03,65699.3125,66197.66320114666,65034.84489847112,65948.48444192843,478338
2023-11-06,65616.25,65699.31185802438,64785.665506204896,65699.31185802438,436209
2023-11-07,65450.1328125,66779.0679967094,65200.960874105585,65616.24971052617,325475
2023-11-08,66446.8359375,66446.8359375,64785.66691381722,65200.96257838285,529817
2023-11-09,66446.8359375,66779.06974223656,65616.25142565861,66446.8359375,659881
2023-11-10,65367.078125,66446.83455935409,65200.96122607708,65616.2500647395,552300
2023-11-13,65616.25,66031.54565554242,65284.01620248196,65616.25,321798
2023-11-14,65699.3125,66197.66320114666,65200.96179885334,65865.42940038221,468042
2023-11-15,66529.890625,67028.24127837959,66114.59500520577,66114.59500520577,865484
2023-11-16,66446.8359375,66446.8359375,65616.25142565861,66363.7808949608,684991
2023-11-17,65367.078125,66197.66261961458,65034.84432715416,66114.60076150826,818207
2023-11-20,65034.8515625,65533.20231471195,64453.43894294081,64536.500810288046,601573
2023-11-21,65616.25,65699.31185802438,65034.84426298829,65450.13310124098,398492
2023-11-22,65616.25,65865.4287567834,65117.89930372294,65616.25,505968
2023-11-23,63955.08203125,65782.36794670891,63955.08203125,65699.31290465115,642441
2023-11-24,64370.3671875,64453.4290420879,63124.49390699709,64038.1334037273,656519
2023-11-27,63788.96484375,64536.49430536634,63539.78608411462,64536.49430536634,424547
2023-11-28,63955.08203125,63955.08203125,62958.380622817866,63539.78636909169,552930
2023-11-29,64619.54296875,64785.659853013676,63622.84166316795,63705.89669665522,626262
2023-11-30,63539.78515625,65034.84405765049,63539.78515625,64702.61026118142,489264
2023-12-01,64536.49609375,64702.61299901362,63622.84970615511,63955.083516682345,517630
2023-12-04,65616.25,65699.31185802438,64536.49356671123,64619.548607445875,823145
2023-12-05,65616.25,66363.77945306046,65367.078060506334,65616.25,694971
2023-12-06,66280.7109375,66280.7109375,65533.188376813836,65616.24340920606,504393
2023-12-07,64702.609375,66031.54454267485,64370.368765791674,65948.48268605037,900049
2023-12-08,64453.4296875,65367.076010668556,64370.36783208035,64868.72533001921,929255
2023-12-11,65034.8515625,65284.02352996072,64619.55586034479,65284.02352996072,729641
2023-12-12,64951.78515625,65117.902062045556,64702.613206201684,65034.84701779279,494937
2023-12-13,63872.01953125,64951.78278819942,63788.9644900253,64951.78278819942,1176461
2023-12-14,63872.01953125,64536.493947496405,63705.902631510835,63872.01953124999,423601
2023-12-15,63124.49609375,63872.01872448946,63124.49609375,63872.01872448946,847413
2023-12-18,62709.203125,63207.55383925262,62709.203125,63124.49879552217,646434
2023-12-19,62293.9140625,62626.14787088565,61629.44644572868,62293.9140625,931356
2023-12-20,62460.02734375,62709.19927694125,62127.79355463529,62709.19927694125,602729
2023-12-21,62044.734375,62376.96817844555,61795.56243106076,62293.91313622909,764626
2023-12-22,62044.734375,62460.03003795187,61712.500571554454,62210.85127672278,647799
2023-12-25,63539.78515625,63705.90205448453,62044.73307213922,62044.73307213922,1109748
2023-12-26,63456.73046875,63705.90240884294,62875.31791305023,63705.90240884294,793203
2023-12-27,63373.6640625,63705.89783697425,63207.54717526288,63456.72591476319,742143
2023-12-28,63124.49609375,63456.72988903191,62792.262298468086,63456.72988903191,806020
2023-12-29,62709.203125,63373.670744003495,62709.203125,63290.61570027305,1087371
2024-01-01,62709.203125,62709.203125,62709.203125,62709.203125,0
2024-01-02,62792.26171875,63373.66744648078,62709.19986205153,62958.37861485731,728486
2024-01-03,63124.49609375,63124.49609375,62626.145400827125,62709.200441002766,598106
2024-01-04,63705.8984375,64287.31095695527,63124.49273533405,63124.49273533405,1583989
2024-01-05,64121.203125,64287.32003726634,63955.08621273366,63955.08621273366,1131601
2024-01-08,63788.96484375,64619.549347051594,63539.78608411462,64204.253686755896,1074658
2024-01-09,63041.4375,63955.08389297045,63041.4375,63788.96698672946,936609
2024-01-10,62709.203125,63456.73260502392,62709.203125,63290.61570027305,1079386
2024-01-11,63124.49609375,63207.55113392563,62709.200441002766,62875.31733864372,518996
2024-01-12,62376.96484375,63207.54930796052,62293.909805973686,63207.54930796052,850880
2024-01-15,62875.31640625,63041.43330142756,62709.19951107243,62709.19951107243,463419
2024-01-16,62792.26171875,62875.31675815884,62293.91103042806,62709.19986205153,480229
2024-01-17,62460.02734375,63124.494921979414,62376.96548782654,63124.494921979414,873784
2024-01-18,62543.08203125,62792.26078033185,62460.0269930824,62460.0269930824,434002
2024-01-19,63705.8984375,63705.89843750001,62626.142068924964,62709.19710468182,1055012
2024-01-22,63373.6640625,63872.014724211374,63290.609027526065,63872.014724211374,507124
2024-01-23,63207.55078125,63705.90147139225,63124.49574153778,63456.72953496595,801607
2024-01-24,62958.3828125,63456.73353404862,62875.32095026352,63207.55476462927,503867
2024-01-25,62958.3828125,62958.3828125,62958.3828125,62958.3828125,0
2024-01-26,62460.02734375,63539.78374972802,62460.02734375,63124.494921979414,765887
2024-01-29,63622.84765625,63705.90269756081,62543.084398181076,62543.084398181076,971384
2024-01-30,63456.73046875,63622.847367908544,63207.55171136731,63207.55171136731,529817
2024-01-31,62626.1484375,63539.7880101818,62626.1484375,63539.7880101818,625842
2024-02-01,62709.203125,62875.320029750874,62543.08622024912,62709.203125,540743
2024-02-02,62709.203125,62709.203125,62709.203125,62709.203125,0
2024-02-05,62460.02734375,62958.37802742206,62376.96548782654,62460.02734375,671123
2024-02-06,62875.31640625,63041.43330142756,62626.144472128435,62709.19951107243,837223
2024-02-07,62875.31640625,62958.37826248357,62709.19951107243,62875.31640624999,498299
2024-02-08,62875.31640625,62875.31640624999,62875.31640624999,62875.31640624999,0
2024-02-09,62875.31640625,62875.31640624999,62875.31640624999,62875.31640624999,0
2024-02-12,62875.31640625,62875.31640624999,62875.31640624999,62875.31640624999,0
2024-02-13,62875.31640625,62875.31640624999,62875.31640624999,62875.31640624999,0
2024-02-14,62875.31640625,62875.31640624999,62875.31640624999,62875.31640624999,0
2024-02-15,62875.31640625,63124.495157661135,62875.31640624999,62958.37826248357,577514
2024-02-16,63622.84765625,63955.08145607278,62875.31819800386,62875.31819800386,1064783
2024-02-19,65865.4296875,66031.54658860635,63955.08191613209,64038.13695804035,2493073
2024-02-20,65284.01171875,66197.65800781989,64951.77794404991,66031.54112046983,1058269
2024-02-21,64536.49609375,65284.01875879128,64370.37237119639,65284.01875879128,1168162
2024-02-22,64702.609375,65367.076958837424,64370.368765791674,64785.66441433487,1090102
2024-02-23,63456.73046875,65034.844419401015,63456.73046875,64868.72752024247,2054028
2024-02-26,63290.609375,63788.96003944738,62958.37559870174,63539.781298579044,1150196
2024-02-27,64453.4296875,64619.54658104978,63290.61143265152,63539.783364331444,1212707
2024-02-28,64785.6640625,65782.3654328433,64536.49212855896,64785.6640625,1650072
2024-02-29,64287.30859375,65200.95485722563,64121.191711053434,65200.95485722563,1319343
2024-03-01,64453.4296875,64619.54658104978,64204.25093853057,64619.54658104978,1041144
2024-03-04,64619.54296875,65200.95547231743,64536.487935262725,64619.54296875,1195267
2024-03-05,65616.25,65782.36689875902,64619.548607445875,64785.665506204896,2174321
2024-03-06,66529.890625,67775.77066709353,65948.47812074592,65948.47812074592,2404823
2024-03-07,66779.0703125,67028.24907682523,66114.60269735263,66612.95340871315,1310203
2024-03-08,66031.546875,67775.77775282669,66031.546875,67277.42023005633,2212353
2024-03-11,64619.54296875,66031.5398936358,64619.54296875,66031.5398936358,1552786
2024-03-12,64702.609375,65200.96006287807,64536.49247904064,64619.54751837551,1234034
2024-03-13,65616.25,65782.36689875902,64785.665506204896,65117.89930372294,1293183
2024-03-14,67277.421875,67609.66250406686,65948.48662789265,66197.66539537029,4031152
2024-03-15,68357.171875,68855.5224957255,67028.23688639869,67526.58750712418,2520284
2024-03-18,66612.9453125,68855.52664970145,66363.77339574933,68357.17599891103,2620406
2024-03-19,66197.6640625,67277.42052038915,66197.6640625,67277.42052038915,998490
2024-03-20,67277.421875,67443.54559817843,66114.60353378106,66446.8373455579,1536292
2024-03-21,67277.421875,68024.95136014289,66862.13301892397,68024.95136014289,986198
2024-03-22,66862.1328125,67692.71733937782,66779.07095116722,67277.42166729391,1297491
2024-03-25,66779.0703125,67609.66164872414,66529.8983654647,66862.13217303838,1022128
2024-03-26,67028.25,67194.36690607476,66446.83742009333,66862.13309392524,626682
2024-03-27,66696.015625,67858.83395771023,66529.89872032711,67443.54510467299,890173
2024-03-28,66696.015625,67028.24943434578,66363.78181565422,66779.07066869146,814004
2024-03-29,66612.9453125,67443.53654777314,66612.9453125,66945.17907969361,647589
2024-04-01,66945.1796875,67028.24153869708,66280.71214707996,66612.94591728998,785533
2024-04-02,68523.296875,68606.35873028253,66363.77726241764,66779.06608696182,1830355
2024-04-03,67941.890625,69270.82576079514,67941.890625,68523.29633826565,1850842
2024-04-04,67692.7109375,68440.24034963922,67360.47715816909,68108.00657030831,789946
2024-04-05,67194.3671875,69104.7150240057,66779.07151192875,67277.42223224022,1454345
2024-04-08,66280.7109375,67277.4122299409,66280.7109375,67277.4122299409,709890
2024-04-09,66363.78125,66862.13195977097,66031.54744348602,66446.83629298354,655154
2024-04-10,65782.3671875,66862.13044281794,65782.3671875,66363.77974435345,670177
2024-04-11,65450.1328125,65865.42846621029,65284.01591447382,65533.194670157936,678162
2024-04-12,66197.6640625,66280.71910512692,65450.134592408394,65616.2514949521,378216
2024-04-15,63124.49609375,66945.184739492,61629.44401498139,66363.7790063935,1151982
2024-04-16,63124.49609375,63872.01872448946,62293.91160554521,63290.61299139095,1172469
2024-04-17,62376.96484375,63539.783093644735,62376.96484375,63290.61116302632,682995
2024-04-18,62376.96484375,62376.96484375,62376.96484375,62376.96484375,0
2024-04-19,62293.9140625,63290.61548765696,62044.73529756578,62376.96910595144,928835
2024-04-22,62293.9140625,62792.26477507848,62210.85220175861,62460.03096669282,861492
2024-04-23,61629.4453125,62709.20176125409,61463.32159407187,62709.20176125409,498509
2024-04-24,61961.6796875,62293.91349284751,61712.50092484442,62293.91349284751,895426
2024-04-25,61463.31640625,62210.84580692195,61463.31640625,61961.6738848908,828398
2024-04-26,61048.02734375,61629.439854891876,61048.02734375,61380.26111660558,813164
2024-04-29,61048.02734375,61048.02734375,61048.02734375,61048.02734375,0
2024-04-30,61048.02734375,61048.02734375,61048.02734375,61048.02734375,0
2024-05-01,61048.02734375,61048.02734375,61048.02734375,61048.02734375,0
2024-05-02,61380.26171875,61712.495494864816,60632.73231384702,60632.73231384702,727015
2024-05-03,61629.4453125,61961.67911477662,61380.26655214763,61546.38345328594,540743
2024-05-06,62127.79296875,62460.02675473163,61878.61422061903,61878.61422061903,935349
2024-05-07,63373.6640625,63373.6640625,62044.72896460301,62626.14147857757,1572222
2024-05-08,64287.30859375,64453.42547644656,62460.02288408779,63456.72418026718,1453084
2024-05-09,63207.55078125,64370.36905824859,63207.55078125,64370.36905824859,811483
2024-05-10,62709.203125,63788.96641452567,62210.85241074737,63373.670744003495,683835
2024-05-13,62460.02734375,63207.549960613316,62293.91044919265,63041.43306605596,662613
2024-05-14,62460.02734375,63041.43306605596,62210.84859326919,62709.19927694125,825036
2024-05-15,62709.203125,62958.38189077129,62210.85241074737,62460.03117651867,927994
2024-05-16,63041.4375,63539.78821872296,63041.4375,63124.49936176551,1173205
2024-05-17,62875.31640625,63290.612052838704,62709.19951107243,63290.612052838704,1013934
2024-05-20,63124.49609375,63788.96368431382,63124.49609375,63207.55113392563,1166796
2024-05-21,63705.8984375,64453.4278457583,63124.49273533405,63290.60962413708,1782658
2024-05-22,63622.84765625,64204.25339729498,63539.78579764942,64204.25339729498,874414
2024-05-23,66363.78125,66363.78125,63456.73203435779,63622.84893761477,4191368
2024-05-24,65616.25,67692.71464313261,64619.548607445875,66862.1301493375,2702983
2024-05-27,67277.421875,67526.60064247764,64868.730148262934,65616.25281611581,2241875
2024-05-28,68024.9453125,68440.24094894489,67277.41589381493,68108.00716670475,2345674
2024-05-29,68274.1328125,70184.47389669596,67360.48638553955,68938.60046218387,3878710
2024-05-30,67360.484375,68357.18581977679,66529.89983768603,68024.95200485119,2474583
2024-05-31,66529.890625,67858.82570067889,66529.890625,67692.70881621903,1501832
2024-06-03,66529.890625,66529.890625,66529.890625,66529.890625,0
2024-06-04,67111.3046875,68024.95107469748,66696.01583316659,66779.07087711728,1591974
2024-06-05,66945.1796875,68274.12158562925,66945.1796875,67194.3584238021,1871328
2024-06-06,66696.015625,67692.71705303734,66612.95376401857,67692.71705303734,1109643
2024-06-07,66696.015625,67277.42138271013,66696.015625,66862.13252967289,918224
2024-06-10,66696.015625,67277.42138271013,66696.015625,67111.30447803724,1172259
2024-06-11,66696.015625,67775.77891401877,66696.015625,67028.24943434578,2513770
2024-06-12,66779.0703125,67277.42102386053,66529.8983654647,66862.13217303838,1404337
2024-06-13,66612.9453125,67277.41284688722,66612.9453125,67277.41284688722,1474622
2024-06-14,65616.25,66945.18519007217,65616.25,66612.95139255413,2392426
2024-06-17,64453.4296875,65865.4266913179,64453.4296875,65616.24794234848,1314825
2024-06-18,64785.6640625,65616.24853778609,64785.6640625,64785.6640625,985672
2024-06-19,64951.78515625,65450.13587363665,64702.613206201684,64951.78515625001,1044401
2024-06-20,64785.6640625,65533.19349890226,64785.6640625,65367.076603845046,873573
2024-06-21,64702.609375,65616.24889413166,64702.609375,64951.781310294224,1106596
2024-06-24,63539.78515625,65117.8990981229,63456.73011577759,64702.61026118142,1813965
2024-06-25,63373.6640625,64121.19346371169,63373.6640625,63622.84280200031,1069510
2024-06-26,63539.78515625,63872.01895271907,63207.55135978094,63539.78515625,1191170
2024-06-27,63539.78515625,64619.54840341931,63539.78515625,63622.84701401212,1061106
2024-06-28,63622.84765625,64121.198355984176,63539.78579764942,63622.84765625,693606
2024-07-01,64536.49609375,64536.49609375,63622.84970615511,63705.904750141926,832180
2024-07-02,64951.78515625,65034.84701779279,64453.434438863354,64785.66825045445,920745
2024-07-03,64951.78515625,65200.96392358834,64785.66825045445,65200.96392358834,673119
2024-07-04,64951.78515625,66197.66535836163,64951.78515625001,65117.902062045556,1224684
2024-07-05,65284.01171875,65865.42423311979,65117.89483139996,65200.95668371961,790156
2024-07-08,65367.078125,65699.31192284584,65200.96122607708,65367.07812499999,833440
2024-07-09,65616.25,65616.25,65117.89930372294,65616.25,1613091
2024-07-10,65200.96484375,66197.66629258945,65200.96484375,65782.37061359463,1178142
2024-07-11,64951.78515625,65533.197735179434,64951.78515625001,65284.018967841104,764836
2024-07-12,64785.6640625,66363.77797418834,64536.49212855896,65367.076603845046,1295074
2024-07-15,65034.8515625,65948.49119957666,65034.85156249999,65616.2573647687,1269755
2024-07-16,65034.8515625,65699.31923211593,65034.85156249999,65616.2573647687,953734
2024-07-17,64785.6640625,65450.13164272886,64038.13462609773,65450.13164272886,1652593
2024-07-18,64868.73046875,65284.019326877795,64619.55170004129,64868.73046875,1189174
2024-07-19,64619.54296875,65117.89362154102,64536.487935262725,64868.72170379008,696862
2024-07-22,63955.08203125,64619.54963687142,63622.84822843929,64619.54963687142,1200625
2024-07-23,63788.96484375,64204.253686755896,63788.96484375,64038.13678609557,690034
2024-07-24,63955.08203125,64287.31583406071,63373.66946768634,63705.903270497045,1057113
2024-07-25,63788.96484375,63955.081744410316,63456.73104242936,63872.01988543526,515424
2024-07-26,64121.203125,64121.203125,63539.79052342267,63622.85238820098,573417
2024-07-29,63955.08203125,64370.37087611847,63955.08203125,64370.37087611847,380527
2024-07-30,64121.203125,64121.203125,63788.96930046732,63955.08621273366,663558
2024-07-31,66363.78125,66862.13195977097,64287.31655064272,64287.31655064272,3349943
2024-08-01,65533.1953125,67360.48120869859,65367.07841284558,66529.8967104265,1494898
2024-08-02,65533.1953125,65533.1953125,64619.54895575582,64868.72771388233,1466217
2024-08-05,63539.78515625,65200.96095588501,63456.73011577759,64785.66530165383,2207625
2024-08-06,64204.24609375,64785.65858594626,63539.778569690854,63788.95729985753,933668
2024-08-07,65948.484375,66031.54623375171,64453.4322730773,64453.4322730773,1924909
2024-08-08,67858.8359375,68440.24852946289,65533.199204228804,65948.48806938215,4129908
2024-08-09,67775.78125,68274.13198119498,67194.36865496075,68108.01507079665,1306841
2024-08-12,68523.296875,69187.76444810226,67443.54047735357,67775.7742639047,1985108
2024-08-13,67692.7109375,68357.17849616181,67360.47715816909,68357.17849616181,1819534
2024-08-14,68108.015625,69187.77214273014,67941.89871324996,68024.95376047985,2415119
2024-08-15,67443.5390625,68689.41232728564,67443.5390625,68108.00662166283,1311148
2024-08-16,68606.359375,69021.64820344678,67277.41739901746,67775.77490081689,2430142
2024-08-19,70184.46875,70350.59246752923,68606.36160637012,68689.41664784495,3173967
2024-08-20,70184.46875,71513.41076920538,70184.46875,70765.88130948297,3057246
2024-08-21,70599.765625,71015.06129139508,70101.41491569986,70184.46995860492,2280642
2024-08-22,70184.46875,70931.99820972241,70018.35184976054,70848.94316824758,1365990
2024-08-23,70350.59375,70931.99950279204,70267.53188972118,70350.59375,936504
2024-08-26,69935.296875,70848.94323583343,69686.11811575823,70765.88137698958,1277004
2024-08-27,69353.8828125,70184.46729649603,68938.5939791468,70184.46729649603,1886142
2024-08-28,69603.0625,69935.29629805501,69187.76684378638,69187.76684378638,888282
2024-08-29,69270.828125,69852.23385810896,69270.828125,69603.06192028789,953629
2024-08-30,69187.7734375,69769.18604815075,69187.7734375,69520.00726721746,1006579
2024-09-02,69187.7734375,69187.7734375,69187.7734375,69187.7734375,0
2024-09-03,69187.7734375,69187.7734375,69187.7734375,69187.7734375,0
2024-09-04,69686.1171875,70101.41284160771,68855.53269657427,68938.5945543117,1447306
2024-09-05,69187.7734375,70433.65370758566,69187.7734375,70101.4198778682,945855
2024-09-06,69852.234375,70184.46817274635,69603.06243533512,70184.46817274635,922321
2024-09-09,70350.59375,70931.99950279204,69520.00241637153,69603.06427665034,2067790
2024-09-10,69852.234375,70765.88072744731,69353.88367838049,70267.5300308278,2001918
2024-09-11,69436.9453125,69769.17910917474,68938.59461748786,69769.17910917474,1565604
2024-09-12,69436.9453125,69935.29600751212,69270.82841416262,69603.06221083738,1848005
2024-09-13,67918.7890625,69564.19479575242,67827.3788588372,69564.19479575242,2155996
2024-09-16,66364.796875,67644.5618580494,66364.796875,67644.5618580494,1919096
2024-09-17,66456.203125,66913.26149488187,66090.55495793972,66364.79292217841,787023
2024-09-18,66821.8515625,67187.49973104012,66639.02380034294,67004.67196888306,800928
2024-09-19,67096.0859375,67096.0859375,66639.02754011827,66913.26552085706,1010018
2024-09-20,66821.8515625,67461.73034061473,66730.44135930846,67278.90993423166,1028455
2024-09-23,66730.4453125,67004.67593832036,66639.02774811881,66821.85552110679,568869
2024-09-24,67370.328125,67553.14855305868,66730.4492710198,66730.4492710198,878693
2024-09-25,67461.734375,67644.56214809063,67187.5037490257,67644.56214809063,684950
2024-09-26,67644.5625,68193.03111057634,67461.73472595825,67461.73472595825,1143094
2024-09-27,67187.5,67918.7889842337,67187.5,67827.37878067624,552080
2024-09-30,66913.265625,67278.91381462936,66730.44520807253,67187.50360616561,666307
2024-10-01,66730.4453125,67370.32412852193,66730.4453125,67004.67593832036,1063269
2024-10-02,66639.03125,67644.56566483872,66639.03125,67004.67945941638,1085311
2024-10-03,66273.390625,67096.08990430663,66273.390625,67096.08990430663,817099
2024-10-04,67004.6796875,67370.32789816103,66273.39062195274,66547.62126311741,893937
2024-10-07,66639.03125,67370.32766883275,66364.80060976882,67187.50724201195,598121
2024-10-08,66364.796875,67096.08589690366,66364.796875,67096.08589690366,657037
2024-10-09,66456.203125,66639.02353064317,66090.55495793972,66364.79292217841,563616
2024-10-10,67004.6796875,67278.91768443948,66273.39062195274,66913.26947377845,1077586
2024-10-11,66913.265625,67370.32402309308,66913.265625,67187.50360616561,621605
2024-10-14,66639.03125,67278.91745542236,66456.21082317921,67278.91745542236,541986
2024-10-15,66456.203125,66730.4410892387,66181.97251653526,66456.203125,614189
2024-10-16,65816.328125,66456.2069372314,65816.328125,66364.7967291661,781152
2024-10-17,65359.2734375,66090.56249929132,65085.03544196901,65816.33185953513,761685
2024-10-18,65542.09375,66090.56238433319,65450.68353690693,65450.68353690693,332175
2024-10-21,65542.09375,65542.09375,65176.45289762772,65542.09375,483791
2024-10-22,65085.03515625,65724.92135775498,65085.03515625,65542.09357627867,561865
2024-10-23,64810.80078125,65085.031403992514,64627.973010314,65085.031403992514,687010
2024-10-24,64902.2109375,65085.03135251708,64810.80072999146,64810.80072999146,425802
2024-10-25,64810.80078125,65267.85917492851,64810.80078125,64902.21098883084,332175
2024-10-28,64627.9765625,64902.214556089944,64627.9765625,64810.80434348487,320639
2024-10-29,64719.390625,64993.62124796001,64627.97306157233,64627.97306157233,362560
2024-10-30,64536.55859375,65176.444716632046,64536.55859375,64810.79655438143,327952
2024-10-31,64445.15234375,64902.210735645516,64445.15234375,64902.210735645516,638806
2024-11-01,64170.91015625,64627.96851815934,63988.089753795786,64445.14811570513,440119
2024-11-04,63896.6875,64353.745918757995,63896.6875,64353.745918757995,475551
2024-11-05,63622.4453125,63988.09349455814,63439.62489935806,63896.683287987165,558260
2024-11-06,64079.50390625,64993.62068643433,63896.68349252284,63988.093699386416,516545
2024-11-07,64079.50390625,64902.21047957076,64079.50390625,64902.21047957076,383984
2024-11-08,63988.09375,64719.39011703562,63988.09375,64170.91416387177,441664
2024-11-11,64079.50390625,64445.152089478586,63988.093699386416,64079.50390625,560526
2024-11-12,63805.26953125,64445.148297417785,63805.26953125,64079.500135704555,438265
2024-11-13,63531.0390625,63988.09747959368,62159.86381121895,63988.09747959368,852428
2024-11-14,63073.9765625,64262.331312328846,63073.9765625,63256.80433096748,560114
2024-11-15,62708.3359375,63439.62494638411,62708.3359375,62982.5665574162,797220
2024-11-18,63073.9765625,63165.38676884663,62434.09776229938,62708.33573711349,964801
2024-11-19,62068.44921875,63713.86234647941,62068.44921875,63531.03457907937,713893
2024-11-20,61794.22265625,62525.5117065148,61702.808766551396,62068.4532916838,733154
2024-11-21,62342.6875,62708.33568083257,61977.03931916744,61977.03931916744,1202937
2024-11-22,63256.8046875,64536.5622951143,62708.33609055469,62708.33609055469,1045553
2024-11-25,63348.21875,64262.33558580392,63348.21875,63439.62896242545,928236
2024-11-26,63622.4453125,63896.683287987165,63439.62489935806,63439.62489935806,461646
2024-11-27,63348.21875,63805.277167901964,63073.980756948935,63805.277167901964,430025
2024-11-28,63348.21875,63988.09759275286,63348.21875,63348.21875,456187
2024-11-29,63622.4453125,63805.27308141619,63256.80448621612,63348.214692787085,291490
2024-12-02,63256.8046875,63805.27328444531,63073.97691800205,63713.863077583475,416326
2024-12-03,62799.75,63622.449266036005,62799.75,63348.21862928224,653329
2024-12-04,62708.3359375,63256.804533106646,62616.91837508702,62799.746144138735,317549
2024-12-05,62982.5703125,63805.27693284768,62616.922108370505,62799.7498883226,649827
2024-12-06,63256.8046875,63896.68349130715,63073.97691800205,63896.68349130715,443724
2024-12-09,63348.21875,63531.0391748509,63256.80853757455,63531.0391748509,407777
2024-12-10,63073.9765625,63622.44515635399,63073.9765625,63439.62474366074,414575
2024-12-11,62799.75,63256.80841703098,62708.339787748744,63073.98063675377,555170
2024-12-12,62616.921875,63073.98028951475,62616.921875,62891.159866018716,531480
2024-12-13,62525.5078125,62708.33558051091,62342.687400263305,62616.91801861835,358440
2024-12-16,62251.27734375,62708.33573121437,62251.27734375,62616.918169102115,360603
2024-12-17,62159.859375,62616.91775947438,62159.859375,62251.27693651422,425287
2024-12-18,62616.921875,62799.7496542707,62434.101451503964,62525.51166325198,519223
2024-12-19,62616.921875,62708.33944252268,62159.86346048525,62342.69123975594,743042
2024-12-20,62708.3359375,62891.15635077746,62525.50816844829,62616.91837508702,351951
2024-12-23,62616.921875,63165.39050126277,62616.921875,62891.159866018716,580611
2024-12-24,62342.6875,62799.74588709716,62342.6875,62708.33568083257,525094
2024-12-25,62525.5078125,62982.56619886595,62434.097606381656,62434.097606381656,469989
2024-12-26,62616.921875,63622.448915777524,62616.921875,62708.33944252268,1027013
2024-12-27,62616.921875,63073.98028951475,62616.921875,62799.7496542707,556097
2024-12-30,62342.6875,62891.156093361744,62342.6875,62708.33568083257,414472
2024-12-31,62251.27734375,62799.7459375524,62251.27734375,62525.50796276408,793924
2025-01-01,62251.27734375,62251.27734375,62251.27734375,62251.27734375,0
2025-01-02,62251.27734375,62616.918169102115,62159.859781637744,62434.097756426054,440634
2025-01-03,62159.859375,62525.507553734344,62159.859375,62251.27693651422,474315
2025-01-06,61702.8046875,62342.68716153949,61519.98059807627,62159.859394228675,693499
2025-01-07,61245.75,62068.45293523881,61154.33978871368,61794.22230137985,703696
2025-01-08,61337.16015625,61428.57036197318,60880.10177185994,61245.746272639735,537351
2025-01-09,61245.75,61702.80841220622,61062.92589954005,61428.57410045995,380482
2025-01-10,60971.51171875,61702.80439509224,60971.51171875,61245.746012642456,435278
2025-01-13,60697.28125,61337.16376133251,60514.4571499211,60971.5155611747,558672
2025-01-14,61154.3359375,61611.394320922824,60788.68775960691,60788.68775960691,409219
2025-01-15,61062.92578125,61611.398081567364,61062.92578125,61428.57398146157,406850
2025-01-16,61062.92578125,61611.398081567364,61062.92578125,61428.57398146157,406850
2025-01-17,61062.92578125,61428.57398146157,60880.10535903152,61428.57398146157,331351
2025-01-20,61885.62890625,62342.68729182091,61062.92234106751,61428.57052067908,681860
2025-01-21,61337.16015625,62251.27692503013,61337.16015625,62159.85936353278,359779
2025-01-22,61062.92578125,61702.8082926766,60971.51557014076,61702.8082926766,322699
2025-01-23,61245.75,61428.57410045995,60971.515688253734,61062.92589954005,326613
2025-01-24,62068.44921875,62068.44921875,61062.92224325944,61245.74633277239,445269
2025-01-27,62068.44921875,62068.44921875,62068.44921875,62068.44921875,0
2025-01-28,62068.44921875,62068.44921875,62068.44921875,62068.44921875,0
2025-01-29,62068.44921875,62068.44921875,62068.44921875,62068.44921875,0
2025-01-30,62068.44921875,62068.44921875,62068.44921875,62068.44921875,0
2025-01-31,62068.44921875,62068.44921875,62068.44921875,62068.44921875,0
2025-02-03,61337.16015625,61977.03895208642,61154.336066916556,61977.03895208642,477096
2025-02-04,61337.16015625,61519.98056769636,61154.336066916556,61154.336066916556,410352
2025-02-05,61977.04296875,62251.28095946677,61611.39844427318,61702.808655920555,671972
2025-02-06,61794.22265625,62342.69128289227,61702.808766551396,62342.69128289227,555479
2025-02-07,61519.98046875,62159.85926355726,61519.98046875,61794.21844125263,842746
2025-02-10,61519.98046875,61794.21844125263,61154.33596855829,61428.57026317384,754887
2025-02-11,61245.75,62068.45293523881,60788.69158779378,61519.98431174627,691439
2025-02-12,61337.16015625,61702.8046570298,61245.746272639735,61245.746272639735,354526
2025-02-13,60971.51171875,61337.15989586466,60880.10151341487,61337.15989586466,670221
2025-02-14,61885.62890625,62068.449318168685,61245.746430873296,61519.98072663842,1181616
2025-02-17,61977.04296875,62525.51159440888,61702.808655920555,61885.63275710263,785787
2025-02-18,62159.859375,62434.0973479943,61885.62875777988,62159.859375,653432
2025-02-19,62799.75,63073.98063675377,62068.45359044055,62342.69158296902,1431494
2025-02-20,62891.15625,63348.21463823552,62616.918274749,63256.804431743265,619545
2025-02-21,62525.5078125,62891.1559927476,62342.687400263305,62708.33558051091,790525
2025-02-24,62708.3359375,62891.15635077746,61977.03957284164,62342.687755170824,1097980
2025-02-25,62799.75,63348.21862928224,62434.101795220275,62799.75,833888
2025-02-26,62525.5078125,62982.56619886595,62525.5078125,62799.74578662925,534879
2025-02-27,62159.859375,62708.335320988605,62068.44916925996,62525.507553734344,833888
2025-02-28,62159.859375,62799.74552672864,62159.859375,62251.27693651422,811228
2025-03-03,62708.3359375,62799.746144138735,62251.27754853209,62251.27754853209,667234
2025-03-04,63165.390625,63439.62861655593,62434.101573808635,62708.33956536457,1488556
2025-03-05,62525.5078125,63348.214379113546,62525.5078125,63256.8041729952,762715
2025-03-06,62434.1015625,62616.92198632105,62251.28113867894,62434.1015625,854694
2025-03-07,61977.04296875,62525.51159440888,61885.63275710263,62434.10138276151,1440043
2025-03-10,61977.04296875,62342.69117111414,61428.57434309111,62251.28095946677,1463527
2025-03-11,61611.3984375,61885.63275029929,61245.750235176056,61794.22253866197,539308
2025-03-12,62068.44921875,62434.09739777589,61611.39451179827,61977.03901293707,784139
2025-03-13,62434.1015625,62891.159977827316,61977.04314717268,62068.45335908321,1120640
2025-03-14,61885.62890625,62434.097497780254,61519.98072663842,62342.68729182091,971084
2025-03-17,62342.6875,62525.507912529174,61885.62911290285,61977.03931916744,1150716
2025-03-18,63165.390625,63896.68703196604,62251.28114995447,62708.33956536457,2881116
2025-03-19,62891.15625,63805.27302647103,62708.33583701549,63165.386869476766,724811
2025-03-20,62708.3359375,63165.38697069366,62251.27754853209,62799.746144138735,772500
2025-03-21,61885.62890625,62708.33547143248,61885.62890625,62616.91790969894,1208602
2025-03-24,61428.57421875,62159.86326622338,61245.75011793799,62159.86326622338,1230953
2025-03-25,61428.57421875,61794.22242037401,61337.164007287654,61702.80853102435,790628
2025-03-26,61702.8046875,62342.68716153949,61428.570392307956,61519.98059807627,564749
2025-03-27,61428.57421875,62159.86326622338,61337.164007287654,61794.22242037401,439295
2025-03-28,61062.92578125,61611.398081567364,61062.92578125,61611.398081567364,794954
2025-03-31,61062.92578125,61062.92578125,60331.63305871416,61062.92578125,749737
2025-04-01,61702.8046875,61977.038982692044,60971.51200769218,61154.33609711591,897027
2025-04-02,61337.16015625,61794.21854064007,61245.746272639735,61428.57036197318,261929
2025-04-03,57132.2265625,59783.15923280599,57132.2265625,58046.33962769066,2074935
2025-04-04,53658.58984375,55578.22994430418,53201.531450988994,53201.531450988994,2827350
2025-04-07,53658.58984375,53658.58984375,53658.58984375,53658.58984375,0
2025-04-08,49910.71484375,51464.71418786743,49910.71484375,51190.47987487902,2711475
2025-04-09,46437.07421875,51190.478673344165,46437.07421875,46437.07421875,2851658
2025-04-10,49636.48046875,49636.48046875,49636.48046875,49636.48046875,59225
2025-04-11,53110.12109375,53110.12109375,51007.656760849655,53110.12109375,2324607
2025-04-14,54115.64453125,54664.11680901806,53567.1759313691,54664.11680901806,1125378
2025-04-15,53201.53125,54207.058239120575,53110.11736506086,53932.82394007743,865921
2025-04-16,53110.12109375,53750.00362169951,52196.00792539165,53201.53498510702,647664
2025-04-17,53110.12109375,53292.945198576635,52104.594034034635,52378.82835233088,498417
2025-04-18,53384.3515625,54298.46834282878,53292.94135562198,53384.3515625,676298
2025-04-21,53110.12109375,53658.59340822989,52835.88677545376,53384.35541204625,309000
2025-04-22,52561.65234375,53110.12097915911,49636.48138438489,52196.00781277306,1143712
2025-04-23,52561.65234375,53567.179401295834,52470.242130477614,53110.12097915911,719249
2025-04-24,52561.65234375,53018.710765886724,52378.82823931784,52561.65234375,422506
2025-04-25,53475.765625,53475.765625,52561.64884163302,52653.062726702,941008
2025-04-28,53384.3515625,53475.76544726516,53110.11726397879,53384.3515625,279439
2025-04-29,53292.94140625,53384.351613214865,53201.53119928514,53384.351613214865,319506
2025-04-30,53292.94140625,53292.94140625,53292.94140625,53292.94140625,0
2025-05-01,53292.94140625,53292.94140625,53292.94140625,53292.94140625,0
2025-05-02,53292.94140625,53292.94140625,53292.94140625,53292.94140625,0
2025-05-05,53475.765625,53658.58971725083,52835.88314106568,53384.351739931015,678255
2025-05-06,53475.765625,53658.58971725083,52835.88314106568,53384.351739931015,678255
2025-05-07,54481.29296875,54664.11706218607,53567.176179456816,53750.00027289289,926897
2025-05-08,55303.99609375,56218.112886702176,54481.29318682535,54481.29318682535,910623
2025-05-09,56126.703125,56400.9374294895,55486.82062926634,55761.05493375585,887654
2025-05-12,56949.40234375,57132.226427510956,55761.05131613423,55761.05131613423,859329
2025-05-13,56949.40234375,57132.226427510956,55761.05131613423,55761.05131613423,859329
2025-05-14,56675.171875,57223.64048534373,56492.34777892302,57132.23027624885,686804
2025-05-15,56583.7578125,56949.40600351976,56309.52350817878,56675.171699198545,675268
2025-05-16,56675.171875,56766.58208409488,56126.703264656266,56583.7579880179,688864
2025-05-19,55486.8203125,55943.8787100023,55486.8203125,55578.23052084558,601829
2025-05-20,55486.8203125,55943.8787100023,55486.8203125,55578.23052084558,601829
2025-05-21,55303.99609375,55578.230396058214,54846.93769727391,55578.230396058214,623253
2025-05-22,55121.171875,55669.64415626399,55029.76166706626,55303.995968754665,324553
2025-05-23,55761.0546875,56218.11308559309,55212.586080943176,55212.586080943176,783212
2025-05-26,57589.28515625,58046.34355874202,56218.11362666117,57680.699043480745,650754
2025-05-27,57589.28515625,58046.34355874202,56218.11362666117,57680.699043480745,650754
2025-05-28,58229.16796875,58411.992066308354,57497.87525640384,58046.343871191646,801752
2025-05-29,58594.8125,59143.284792806306,58503.40229014258,58503.40229014258,1186148
2025-05-30,58503.3984375,58686.222523062526,58229.16414809971,58503.3984375,693087
2025-06-02,59874.578125,59965.98833580347,58594.81310642761,59143.28540491033,745411
2025-06-03,59874.578125,59965.98833580347,58594.81310642761,59143.28540491033,745411
2025-06-04,60148.8125,60240.222710901806,59691.754089716385,59874.57818940729,765496
2025-06-05,59234.69140625,60148.80816087296,59143.28120194251,60148.80816087296,762406
2025-06-06,58320.578125,59234.69493406462,58046.34381785806,59234.69493406462,829665
2025-06-09,57863.5234375,58320.57816445426,57406.46503265849,57680.69933998594,570311
2025-06-10,57863.5234375,58320.57816445426,57406.46503265849,57680.69933998594,570311
2025-06-11,57497.875,58137.75749965715,57315.050903256924,57863.52319348615,440325
2025-06-12,57223.640625,57863.52312388749,57040.816528476826,57589.28514015911,504391
2025-06-13,57406.46484375,58046.343666112654,57223.64074683757,58046.343666112654,494091
2025-06-16,62982.5703125,62982.5703125,60057.39939101345,60331.633705166896,3273546
2025-06-17,62982.5703125,62982.5703125,60057.39939101345,60331.633705166896,3273546
2025-06-18,63348.21875,63896.687380327414,62342.69170177063,63622.44938727635,2851349
2025-06-19,64810.80078125,65176.44896734768,63256.8051850528,63988.09420147382,2742375
2025-06-20,65633.5,66090.55839364193,64079.50440392714,64810.800776063974,2765241
2025-06-23,66364.796875,67278.91366921038,65450.68008078963,67278.91366921038,3026758
2025-06-24,66364.796875,67278.91366921038,65450.68008078963,67278.91366921038,3026758
2025-06-25,63165.390625,64353.74544737614,62251.28114995447,62251.28114995447,2709209
2025-06-26,61702.8046875,62982.5659576919,61702.8046875,62891.15575192358,1774896
2025-06-27,62616.921875,62616.921875,61702.80872385782,61885.63282524119,784345
2025-06-30,61977.04296875,62434.10138276151,61519.98455473848,62342.69117111414,693705
2025-07-01,61977.04296875,62434.10138276151,61519.98455473848,62342.69117111414,693705
2025-07-02,60697.28125,61977.042594777704,60697.28125,61702.80828360301,883122
2025-07-03,60697.28125,61245.7498723494,60514.4571499211,60697.28125,580508
2025-07-04,60514.45703125,61702.808162601505,60514.45703125,61154.339541327674,939978
2025-07-07,60788.6875,60971.51158816577,60697.27729486065,60971.51158816577,516133
2025-07-08,60788.6875,60971.51158816577,60697.27729486065,60971.51158816577,516133
2025-07-09,61885.62890625,61885.62890625,60971.51213510817,61337.16031471974,937506
2025-07-10,62159.859375,62159.859375,61794.218552039834,62068.44916925996,980251
2025-07-11,62525.5078125,62982.56619886595,61794.21880777901,62251.27719414496,1170698
2025-07-14,62342.6875,62708.33568083257,62068.44952543202,62616.918118793765,793203
2025-07-15,62342.6875,62708.33568083257,62068.44952543202,62616.918118793765,793203
2025-07-16,61885.62890625,62616.91790969894,61885.62890625,62342.68729182091,825236
2025-07-17,61611.3984375,62068.45317357394,61428.574336338024,61885.63275029929,540956
2025-07-18,61885.62890625,62068.449318168685,61245.746430873296,61702.80481644421,1434172
2025-07-21,61702.8046875,62342.68716153949,61428.570392307956,62342.68716153949,747368
2025-07-22,61702.8046875,62342.68716153949,61428.570392307956,62342.68716153949,747368
2025-07-23,62068.44921875,62068.44921875,61337.1602164724,61885.62880712414,673208
2025-07-24,63073.9765625,63348.21453731411,61794.218962098756,62251.27734960613,1752751
2025-07-25,63165.390625,64170.91766774729,63073.98041307291,63165.390625,1271844
2025-07-28,62982.5703125,63439.628728718184,62434.101684193105,63165.39073667739,1213031
2025-07-29,62982.5703125,63439.628728718184,62434.101684193105,63165.39073667739,1213031
2025-07-30,62159.859375,64445.15129737191,62159.859375,62982.565938208725,2171652
2025-07-31,62068.44921875,62799.745576801775,61428.57042228533,62799.745576801775,930605
2025-08-01,61885.62890625,63622.444886800105,61794.21870029065,63622.444886800105,864891
2025-08-04,62159.859375,62891.15573246868,61702.804668412704,61885.62875777988,2107689
2025-08-05,62159.859375,62891.15573246868,61702.804668412704,61885.62875777988,2107689
2025-08-06,61977.04296875,63439.62842243191,61611.39844427318,62525.51159440888,2081527
2025-08-07,63348.21875,63348.21875,61977.043496294114,61977.043496294114,1338588
2025-08-08,63165.390625,63896.68703196604,62708.33956536457,63896.68703196604,1006516
2025-08-11,64353.7421875,65085.03120164749,64079.50420983575,64262.33198020335,1265767
2025-08-12,64353.7421875,65085.03120164749,64079.50420983575,64262.33198020335,1265767
2025-08-13,64445.15234375,65176.44871309254,63988.09395185449,64353.74213652576,1743378
2025-08-14,63988.09375,64810.8003239715,63348.21494567454,64536.562347389576,1943919
2025-08-15,63713.86328125,64262.331879948535,63256.804889705505,64170.9143170202,1261853
2025-08-18,63988.09375,64993.620737843274,63622.44556648219,64993.620737843274,1210353
2025-08-19,63988.09375,64993.620737843274,63622.44556648219,64993.620737843274,1210353
2025-08-20,63896.6875,64719.39412491933,63805.277287403354,64262.33570616134,1365780
2025-08-21,62434.1015625,64079.50744421354,61702.808833553754,63988.09723230301,1735962
2025-08-22,63348.21875,63531.0391748509,62159.863921145006,63073.980756948935,1092212
2025-08-25,62799.75,63622.449266036005,62616.92221972279,62982.57042450251,996010
2025-08-26,62799.75,63622.449266036005,62616.92221972279,62982.57042450251,996010
2025-08-27,63531.0390625,63531.0390625,62799.75000861493,62891.16022087872,801031
2025-08-28,66955.8671875,67733.29380215892,66761.51053383527,67733.29380215892,1390500
2025-08-29,63068.734375,63651.80433840524,62874.377720531586,63651.80433840524,768200
2025-09-01,63068.734375,63068.734375,63068.734375,63068.734375,0
2025-09-02,63068.734375,63068.734375,63068.734375,63068.734375,0
2025-09-03,61999.7734375,62582.84340713166,61611.06012441222,62388.48675058777,894200
2025-09-04,61999.7734375,62582.84340713166,61611.06012441222,62388.48675058777,894200
2025-09-05,62388.48828125,62388.48828125,61999.774958625385,62096.95328928154,719500
2025-09-08,60833.6328125,62388.48604732428,60833.6328125,61999.772738618216,1293800
2025-09-09,60833.6328125,62388.48604732428,60833.6328125,61999.772738618216,1293800
2025-09-10,60347.7421875,61319.52547554348,59861.85054347826,61222.34714673913,1258200
2025-09-11,60153.38671875,60736.45670309976,59959.030057300086,60347.74338019992,756900
2025-09-12,60250.5625,60833.632459677414,59570.31421370967,60639.27580645161,810900
2025-09-15,61416.703125,61513.88145272943,60833.633158623416,60833.633158623416,651000
2025-09-16,61416.703125,61513.88145272943,60833.633158623416,60833.633158623416,651000
2025-09-17,60930.8125,61805.417464114835,60930.8125,61805.417464114835,773700
2025-09-18,62194.12890625,62485.66388549805,61027.988989257814,61027.988989257814,1489100
2025-09-19,61222.34765625,62291.30928199405,61125.169326636904,62194.130952380954,731300
2025-09-22,60056.20703125,60736.45533095671,59473.13706007282,60639.27700242718,883600
2025-09-23,60056.20703125,60736.45533095671,59473.13706007282,60639.27700242718,883600
2025-09-24,59861.8515625,60250.56488433442,59473.13824066559,60153.38655387582,544500
2025-09-25,59861.8515625,59959.029892958606,59375.959910206984,59861.8515625,558200
2025-09-26,60153.38671875,60542.10004164984,60056.20838802504,60250.565049474964,550000
2025-09-29,59764.671875,60250.56351626016,59667.493546747966,59861.850203252034,381300
2025-09-30,59764.671875,60250.56351626016,59667.493546747966,59861.850203252034,381300
2025-10-01,58695.7109375,59959.02921926738,58695.7109375,59764.67256053394,647500
2025-10-02,58890.06640625,59181.60138845915,58792.88807884695,58792.88807884695,211700
2025-10-03,58598.53125,59278.779539801,58598.53125,58987.244558457714,454300
2025-10-06,59084.421875,59375.9568513569,58501.35192228618,59375.9568513569,420400
2025-10-07,59084.421875,59375.9568513569,58501.35192228618,59375.9568513569,420400
2025-10-08,59181.6015625,59375.95821787767,58890.0665794335,59375.95821787767,302600
2025-10-09,59181.6015625,59861.84985632184,59181.6015625,59473.1365455665,379300
2025-10-10,59181.6015625,59667.49320094417,58890.0665794335,59181.6015625,363100
2025-10-13,58890.06640625,59181.60138845915,58404.174769234734,58404.174769234734,516900
2025-10-14,58890.06640625,59181.60138845915,58404.174769234734,58404.174769234734,516900
2025-10-15,58306.99609375,59181.60103515625,58306.99609375,59181.60103515625,568000
2025-10-16,57335.21484375,58501.354806673735,57140.85818326272,58306.998146186445,1271300
2025-10-17,57043.6796875,57529.57133730835,56849.32302757666,57140.85801746167,956300
2025-10-20,55391.6484375,57821.10670230263,55391.6484375,56946.501726973685,604700
2025-10-21,55391.6484375,57821.10670230263,55391.6484375,56946.501726973685,604700
2025-10-22,54419.86328125,57140.8564453125,54419.86328125,55683.1815359933,837900
2025-10-23,57335.21484375,57335.21484375,55586.00489936441,55586.00489936441,1023700
2025-10-24,58112.640625,58987.24558423913,57821.10563858695,58306.997282608696,554800
2025-10-27,57626.75,58501.35497470489,57626.75,58501.35497470489,512900
2025-10-28,57626.75,58501.35497470489,57626.75,58501.35497470489,512900
2025-10-29,58306.99609375,58501.35274739584,57432.39115234376,57626.74780598959,660100
2025-10-30,58501.3515625,59473.13481104651,58306.9949127907,58404.17323764535,639500
2025-10-31,58015.4609375,59084.42252931323,58015.4609375,58501.35257014238,460400
2025-11-03,59764.671875,61125.16847052846,59764.671875,60250.56351626016,1095100
2025-11-04,58792.88671875,60444.918246384295,58404.173418130165,60347.73992122934,1008600
2025-11-05,58792.88671875,60444.918246384295,58404.173418130165,60347.73992122934,1008600
2025-11-06,60347.7421875,61513.882133152176,59959.02887228261,61513.882133152176,626000
2025-11-07,61125.16796875,61125.16796875,59278.77974711844,60056.20636675278,1225100
2025-11-10,59473.13671875,61027.98996629902,59278.78006280637,61027.98996629902,738300
2025-11-11,59375.95703125,60250.56196297054,59181.60037975655,59570.31368274346,553500
2025-11-12,60153.38671875,60250.565049474964,58890.06841932553,59764.673395850165,648800
2025-11-13,61125.16796875,61708.23793347575,59667.49305693561,59959.028039298486,1158200
2025-11-14,61027.98828125,61611.05823298169,60736.45330538416,61125.166606538616,496800
2025-11-17,61222.34765625,61999.77429315476,60250.564360119046,61416.70431547619,689000
2025-11-18,60639.27734375,61611.06063451523,60347.74235652044,61611.06063451523,749600
2025-11-19,60444.921875,61027.991860932474,60250.565213022506,60736.45686796623,380800
2025-11-20,60347.7421875,60542.098845108696,59959.02887228261,60444.920516304344,392000
2025-11-21,60153.38671875,60153.38671875,59278.781742225365,59861.85172657512,467300
2025-11-24,59278.78125,60250.56454918033,59278.78125,60153.3862192623,390000
2025-11-25,59084.421875,59667.49182771381,59084.421875,59278.7785259046,405700
2025-11-26,60250.5625,60250.5625,58987.24425403225,59084.42258064516,529300
2025-11-27,61222.34765625,61319.525985863096,59764.67271205357,60153.38603050595,1562200
2025-11-28,61611.05859375,61999.771897180595,60736.45366103115,61222.3452903194,1243100
2025-12-01,63554.625,63943.338302752294,61611.05848623854,61611.05848623854,2743800
2025-12-02,64234.875,64234.875,62971.5567322239,63554.626701966714,1960300
2025-12-03,62680.0234375,64332.0550629845,62485.6667756783,64332.0550629845,1151400
2025-12-04,62680.0234375,64332.0550629845,62485.6667756783,64332.0550629845,1151400
2025-12-05,62194.12890625,63360.268823242186,62194.12890625,63360.268823242186,735600
2025-12-08,63554.625,63554.625,61805.415137614684,62291.306766055044,1050700
2025-12-09,62194.12890625,63457.447149658205,61805.41560058594,63457.447149658205,731000
2025-12-10,61708.23828125,62291.30824926181,61611.059953248034,62096.95159325787,443900
2025-12-11,60833.6328125,62096.95106579473,60736.454485323484,61805.416084265176,470100
2025-12-12,59570.31640625,61125.16968928425,59570.31640625,60833.63469871533,598400
2025-12-15,60347.7421875,60639.27717391304,59278.780570652176,59570.315557065216,620600
2025-12-16,62485.6640625,62485.6640625,60347.7408752916,60736.45418205677,870400
2025-12-17,61125.16796875,62971.556190381554,61125.16796875,62388.4862256558,532900
2025-12-18,61125.16796875,62971.556190381554,61125.16796875,62388.4862256558,532900
2025-12-19,62194.12890625,62194.12890625,61222.345642089844,61805.41560058594,658000
2025-12-22,63457.44921875,63457.44921875,62388.487593319296,62485.6659229039,1262800
2025-12-23,63457.44921875,64429.23251459609,62777.20091165773,63457.44921875,1512400
2025-12-24,64234.875,64234.875,62582.843419062025,63554.626701966714,1526800
2025-12-25,64234.875,64234.875,62582.843419062025,63554.626701966714,1526800
2025-12-26,68510.71875,68899.43204787234,66081.26063829787,67053.04388297873,2428400
2025-12-29,72980.921875,73272.45684920106,68219.18396304926,68607.89726198402,5613700
2025-12-30,72786.5703125,73563.99696470294,71717.60866572097,72980.92697555074,1764400
2025-12-31,70357.109375,73661.17252244474,70357.109375,72397.85426018646,1872800
2026-01-01,70357.109375,70357.109375,70357.109375,70357.109375,0
2026-01-02,70357.109375,70357.109375,70357.109375,70357.109375,0
2026-01-05,75216.0234375,75216.0234375,70745.82049418605,71037.35546875,5364200
2026-01-06,80463.65625,80463.65625,75604.73980978261,75604.73980978261,4730300
2026-01-07,86002.8203125,86002.8203125,82795.93548728814,82795.93548728814,4173200
2026-01-08,89015.3515625,91930.70150450327,87460.49826009826,90861.73985910208,6171100
2026-01-09,94360.15625,95234.76119979403,87266.1383238929,88043.56494593203,4592600
2026-01-12,94262.9765625,99607.7845119201,91833.51840367267,98150.10961662371,5514400
2026-01-13,100773.9296875,100773.9296875,93291.1981677917,94262.98148203954,4960100
2026-01-14,103980.8125,107770.76734813083,97178.32943925232,103980.8125,4910800
2026-01-15,100093.6796875,104077.99120904127,99413.43137894418,103883.63454945388,3558000
2026-01-16,96983.96875,104175.16482965932,96983.96875,100288.03181362725,4537900
2026-01-19,102814.671875,103203.38519021739,95331.94055706522,97178.32880434782,4498200
2026-01-20,101551.3515625,107673.58615430622,101065.45992822967,103009.026465311,3888800
2026-01-21,106896.1640625,106896.1640625,98150.11427556818,98344.4709375,4569400
2026-01-22,101842.890625,107382.05547769561,101745.71229425096,107382.05547769561,4035100
2026-01-23,97955.7578125,103300.56602647569,96400.90451388889,101842.89105902778,3428600
2026-01-26,104758.234375,104758.234375,97664.21664830705,97664.21664830705,6102800
2026-01-27,112046.609375,112046.609375,105924.37486448395,106701.80146899393,5889900
2026-01-28,114670.4296875,119334.98953919492,111755.07978019069,117585.77959480933,7140900
2026-01-29,113504.2890625,115156.32066700557,108159.48093027611,115156.32066700557,3705700
2026-01-30,113698.640625,118557.55689102564,112532.50072115385,113504.28397435897,3644900
2026-02-02,111269.1875,113504.28908296942,106896.16266375546,110686.11752183405,5534800
2026-02-03,113698.640625,118460.37856570512,109908.68593749999,112532.50072115385,3319000
2026-02-04,112532.5,116613.9896373057,111074.82512953368,113698.63989637306,2275800
2026-02-05,108839.7265625,113504.28627232143,108839.7265625,112532.50299944196,2555300
2026-02-06,111755.078125,115447.85461956522,106410.27004076086,106896.16168478261,3964600
2026-02-09,112435.328125,114476.07306071738,111269.18816173292,113698.64641853933,901300
2026-02-10,104661.0625,116225.28389043639,104661.0625,112629.68564298979,6158900
2026-02-11,99121.8984375,104369.52835477941,99121.8984375,102814.67504595588,3230600
2026-02-12,98538.828125,103203.3880362426,98150.11479906311,103203.3880362426,2700300
2026-02-13,98733.1796875,100773.92454324558,96886.79148468257,98636.00136103593,2039200
2026-02-16,98733.1796875,98733.1796875,98733.1796875,98733.1796875,0
2026-02-17,98733.1796875,98733.1796875,98733.1796875,98733.1796875,0
2026-02-18,98733.1796875,98733.1796875,98733.1796875,98733.1796875,0
2026-02-19,98733.1796875,98733.1796875,98733.1796875,98733.1796875,0
2026-02-20,98733.1796875,98733.1796875,98733.1796875,98733.1796875,0
2026-02-23,105632.84375,105632.84375,101940.06724356026,101940.06724356026,956400
2026-02-24,107382.0546875,109228.4429581448,104077.99146634615,108839.72963800906,4780400
2026-02-25,106896.1640625,114184.53888494318,104952.59744318182,107382.05571732954,3689100
2026-02-26,103009.03125,107867.94781839623,102523.13959316038,107867.94781839623,3151900
2026-02-27,104855.4140625,108742.54711393653,102523.13423163809,103009.02586306765,2827100
2026-03-02,112143.7890625,112143.7890625,109325.6175869259,112046.61073575607,3660300
2026-03-03,112143.7890625,112143.7890625,109325.6175869259,112046.61073575607,3660300
2026-03-04,125068.5078125,127789.50098946193,118363.20319784382,120501.12640831391,4554900
2026-03-05,116322.4609375,123319.3006931391,116322.4609375,122444.69572368421,5317800
2026-03-06,108936.90625,115253.49760258698,108839.72792149866,115253.49760258698,4731500
2026-03-09,101357.0,113018.39980824545,101357.0,112726.86481303931,5387400
2026-03-10,94262.9765625,104466.70082957474,94262.9765625,101065.45940721649,3885500
2026-03-11,100093.6796875,100093.6796875,90570.20336771845,90667.38169751214,4146800
2026-03-12,95915.0078125,100093.6758327001,95915.0078125,100093.6758327001,1736400
2026-03-13,89209.703125,98441.64408020153,89209.703125,95137.58100149782,4442600
2026-03-16,85419.75,88529.45648464165,82990.29180887372,88432.27815699659,5461400
2026-03-17,83962.078125,87849.21137152778,83573.36480034722,86488.71473524305,1712800
2026-03-18,89112.5234375,89792.77170801527,83962.07224645583,83962.07224645583,2627100
2026-03-19,85614.109375,89792.77759648128,84933.86105987514,89695.59926574914,2140100
2026-03-20,79686.2265625,86294.35266768292,79686.2265625,85614.10439214938,3150400
2026-03-23,78228.5546875,81241.08288043478,76284.98811141304,76284.98811141304,2980000
2026-03-24,78422.9140625,80366.48070593247,76576.52575123915,79686.2323807311,1892400
2026-03-25,80172.1171875,82310.0403125,78908.79897727273,79686.22556818182,2006800
2026-03-26,78034.1953125,80658.01009884807,77548.30368539851,80658.01009884807,1290400
2026-03-27,79783.40625,80269.29788367843,77645.48306181486,78131.3746954933,2023700
2026-03-30,78520.0859375,80852.36571782178,78131.37264077971,79783.40415184096,2027000
2026-03-31,76090.6328125,79297.51772030651,75896.27615142083,79297.51772030651,2432200
2026-04-01,77742.6640625,79005.98235351562,77353.9507421875,77742.6640625,1876800
2026-04-02,76479.34375,78811.62361022872,76479.34375,77742.66200762389,1167900
2026-04-03,77451.125,78617.26489962358,77353.94667503136,77742.6599749059,1931200
2026-04-06,76284.984375,78034.19420780255,75896.27107882165,77937.01588375797,1170800
2026-04-07,75118.84375,77159.58853492886,73661.16890362225,76284.9836271022,1236400
2026-04-08,77645.484375,78131.37601689612,76090.63112093242,76770.87941958699,1438600
2026-04-09,76187.8125,77645.48748405612,75896.27750318877,77645.48748405612,1051600
2026-04-10,78422.9140625,80074.94570941759,75993.45575820941,76382.16908689591,2856700
2026-04-13,78422.9140625,79880.58904507435,78325.73573032838,78908.80572335812,948300
2026-04-14,77062.4140625,79297.51560529634,76868.05740660467,78714.44563761033,1205900
2026-04-15,76965.234375,78228.55261600378,76868.05604876894,77548.30433238637,1038400
2026-04-16,76187.8125,77937.02248086735,75896.27750318877,76965.23915816327,1169300
2026-04-17,77839.84375,78131.37874531835,75896.27711454433,76382.16877340824,1249000
2026-04-20,76965.234375,79005.97922585228,76770.87772253789,77742.66098484848,1205300
2026-04-21,76479.34375,77839.84033513341,76284.98709498094,77062.41371505718,1356000
2026-04-22,75896.2734375,77548.30499759923,75896.2734375,76770.87838108194,760600
2026-04-23,75216.0234375,77256.76825944768,73758.34856468023,75896.27171148256,1488800
2026-04-24,76090.6328125,77742.66443167305,75313.20616818327,75410.38449872287,1193000
2026-04-27,76090.6328125,76090.6328125,76090.6328125,76090.6328125,0
2026-04-28,71426.0703125,75993.45167942176,71037.35700467687,75799.0950255102,1966400
2026-04-29,73078.1015625,73272.45821559176,70940.17837849069,71426.07001122007,1268600
2026-04-30,73078.1015625,73078.1015625,73078.1015625,73078.1015625,0
2026-05-01,73078.1015625,73078.1015625,73078.1015625,73078.1015625,0
2026-05-04,74341.421875,77645.48506944445,74049.8868872549,74827.31352124183,1660000
2026-05-05,75507.5625,76090.63248069499,73952.70921814672,74535.7791988417,1319800
2026-05-06,76965.234375,78228.55261600378,75410.38115530302,75799.09446022728,2983000
2026-05-07,73855.53125,76770.88116776316,73855.53125,76187.81118421053,2302900
2026-05-08,72592.2109375,75118.84746276774,72397.85428171017,74730.13415118809,1415100
2026-05-11,71523.25,73369.63824728261,71328.8933423913,72980.92493206522,1835100
2026-05-12,74341.421875,74924.4918504902,71717.60698529411,71814.78531454249,1557500
2026-05-13,79491.875,79491.875,73563.99679095355,74341.4234413203,6350300
2026-05-14,81241.0859375,83379.00925164473,80852.3726076555,82115.69092965013,4068100
2026-05-15,86877.421875,86877.421875,80269.29582634228,80463.65247483221,4986200
2026-05-18,90375.84375,92805.30191532258,87654.8506048387,89112.52550403225,4078700
2026-05-19,84059.25,91541.9809248555,84059.25,91444.80260115607,5410100
2026-05-20,87168.9609375,87168.9609375,78811.62466032608,83184.64945652174,4912400
2026-05-21,84836.6796875,86974.60288695591,83767.71808777205,86974.60288695591,1357100
2026-05-22,82504.3984375,85322.56988000589,81921.32848387808,84642.32160078033,1642900
2026-05-25,79686.2265625,81143.90143864328,78714.4433117378,79977.76153772866,2341800
2026-05-26,80172.1171875,81921.32701704545,79977.76053977273,81143.90042613636,976400
2026-05-27,79200.3359375,81338.25911618098,79200.3359375,80172.1192005368,902800
2026-05-28,79394.6953125,81435.44023485313,77256.77206051102,79200.33865322827,2476900
2026-05-29,84933.859375,84933.859375,77937.01970108696,78811.62466032608,3155800
2026-06-01,81824.1484375,85711.28137989904,81824.1484375,85516.9247327791,1357900
2026-06-02,79880.5859375,83087.47077440693,79491.87262393552,82698.75746084245,1514300
2026-06-03,82115.6875,83087.47078402367,79880.58594674556,79880.58594674556,1015900
2026-06-04,82795.9375,86683.07071596244,82698.75916960093,83379.00748239436,1871600
2026-06-05,82601.578125,85322.57128676471,81435.43819852942,82795.93477941176,1317900
2026-06-08,81532.6171875,83281.82709140345,80949.54721953218,81241.0822035161,1058600
2026-06-09,80074.9453125,82115.69027798847,79589.05365405037,82115.69027798847,906800
2026-06-10,80172.1171875,81532.61372159091,79589.04724431818,79783.40389204545,509100
2026-06-11,80172.1171875,82115.68366477273,80172.1171875,80949.54377840909,530400
2026-06-12,82698.7578125,84642.32438858696,79686.22961956522,80172.12126358696,1976800
2026-06-15,80269.296875,81921.32840874697,79491.87027088378,80949.54515360169,1531900
2026-06-16,79491.875,81338.26329462104,77451.13004278729,80269.30165036675,1617400
2026-06-17,78617.265625,80463.65381644004,77742.66069221261,79297.51390605686,1031800
2026-06-18,79491.875,80269.30165036675,77742.66503667482,77742.66503667482,949100
2026-06-19,78908.8046875,79491.87467287561,78228.55637122845,79394.69634197968,478800
2026-06-22,79394.6953125,80269.30027922276,78811.62533468482,79297.51698286414,702900
2026-06-23,76673.703125,79783.40971562103,76479.34646308619,79103.16139892269,2252100
2026-06-24,77062.4140625,78228.553997872,74244.24255201765,75993.45245507566,2046800
2026-06-25,75313.203125,77062.41300403225,75313.203125,76284.98639112903,868700
2026-06-26,74827.3125,76284.98741883117,74827.3125,75604.73912337662,618600
2026-06-29,75507.5625,76479.3458011583,74827.31418918919,75021.67084942084,606800
2026-06-30,75216.0234375,76187.80668604652,74924.48846293605,75507.55841206395,510400
2026-07-01,75216.0234375,76187.80668604652,74924.48846293605,75507.55841206395,510400
2026-07-02,75118.84375,75993.44865782665,75118.84375,75799.09201164295,453500
2026-07-03,73175.28125,75507.56113047809,73175.28125,75216.02614541832,1649400
2026-07-06,71911.9609375,73369.63582136824,70940.17768158784,73369.63582136824,1615900
2026-07-07,71717.609375,73272.4626947832,71231.71771256776,72009.14437245936,648400
2026-07-08,72689.390625,73758.35225183824,72592.21229528743,72689.390625,648000
2026-07-09,74827.3125,76284.98741883117,72980.92426948051,72980.92426948051,1998200
2026-07-10,73078.1015625,75021.66809341755,73078.1015625,74827.3114403258,512700
2026-07-13,73272.4609375,75313.20587077255,72397.85596609749,74341.42256921419,909400
2026-07-14,76284.984375,76576.51934713376,73855.52627388535,74341.41789410828,2251800
2026-07-15,75410.3828125,76576.52275289949,75021.66949903351,76576.52275289949,946200
2026-07-16,75216.0234375,75799.09338662791,73563.99191497093,75410.3800872093,988000
2026-07-17,74049.8828125,75216.02269931103,73855.52616469817,75216.02269931103,569800
2026-07-20,71037.359375,75410.38423392613,69968.39774281805,74438.60093194254,870100
2026-07-21,66081.265625,72203.50052849264,66081.265625,71037.360546875,4293300
2026-07-22,62582.84375,67053.046875,62582.84375,66081.26358695653,2734100
2026-07-23,64915.125,64915.125,62874.38005239521,62874.38005239521,1510800
2026-07-24,65303.8359375,66858.68917410714,65109.47928292411,65109.47928292411,1050700
2026-07-27,65012.30078125,66567.15401368648,64332.05249205904,65109.47910827728,850800
2026-07-28,65109.48046875,65401.01545592351,64234.87550722948,64817.94548157649,619600
2026-07-29,65984.0859375,66567.15591632915,65012.302639451394,65012.302639451394,993000
2026-07-30,66761.5078125,67344.57774972708,66081.25955240174,67053.04278111353,945900
2026-07-31,66664.3359375,67830.4759247449,66178.44427614796,67830.4759247449,968600
2026-08-03,69190.96875,69190.96875,66178.44061622191,66664.33225070224,1150500
2026-08-04,67927.6484375,69190.96664878399,67247.40016988556,69190.96664878399,852900
2026-08-05,68510.71875,68510.71875,66955.86555851065,67830.47047872341,1138300
2026-08-06,67830.4765625,69385.32989344555,67830.4765625,68510.72489478868,674200
2026-08-07,72495.03125,72495.03125,68413.54155495978,68510.71988103217,2114300
2026-08-10,77548.3046875,77548.3046875,73952.70660048559,74730.1332138941,2997200
2026-08-11,75313.203125,78325.73125,75216.0247983871,78228.55292338709,1554300
2026-08-12,77742.6640625,77839.84239257812,75021.6708203125,75313.20581054688,1433600
2026-08-13,75701.9140625,77742.65885750962,75410.37909178434,76965.23226893453,1360200
2026-08-14,73855.53125,76965.23782894737,72786.56961348685,75604.7412006579,1668000
2026-08-17,76868.0546875,76965.23301201011,74049.88327670669,74049.88327670669,1109600
2026-08-18,81143.90625,82212.86788922155,77062.41635479042,77256.77301646706,3635900
2026-08-19,81338.2578125,82115.68441046894,80172.1179155466,81046.72283826164,1942100
2026-08-20,81143.90625,82018.5112275449,79880.5879491018,81532.6195733533,1112700
2026-08-21,81143.90625,81435.44124251498,79686.23128742515,81435.44124251498,1360800
2026-08-24,82601.578125,85128.21463235295,79686.22830882353,81435.43819852942,2691300
2026-08-25,81143.90625,82990.29453592814,79783.40961826348,81824.15456586827,2125200
2026-08-26,81726.9765625,84156.43484319263,80658.01491899525,80658.01491899525,1587700
2026-08-27,81921.328125,82990.2897019573,80366.47492215302,81726.97147464413,1563900
2026-08-28,81824.1484375,83962.07155581948,81824.1484375,82795.93167309975,1561400
2026-08-31,81824.1484375,81824.1484375,81824.1484375,81824.1484375,0
2026-09-01,81824.1484375,81824.1484375,81824.1484375,81824.1484375,0
2026-09-02,81824.1484375,81824.1484375,81824.1484375,81824.1484375,0
2026-09-03,81629.796875,85031.03841145833,80560.83524925595,82893.11515997024,1869200
2026-09-04,81629.796875,82115.68852306547,80074.94360119048,81629.796875,1169700
2026-09-07,80463.65625,82018.50951086957,80172.12126358696,81338.26120923914,1227800
2026-09-08,82018.5078125,83087.46940721267,80463.65458382701,81241.0811981635,1047600
2026-09-09,82018.5078125,82018.5078125,82018.5078125,82018.5078125,0
2026-09-10,82212.8671875,85031.0387577571,82115.68885749113,83962.07712765958,1143100
2026-09-11,80560.8359375,84253.6124943456,80560.8359375,83379.00752035585,1451400
2026-09-14,83281.828125,84350.78974620771,81629.79652858811,82698.7581497958,1634100
2026-09-15,88820.9921875,88918.17051593271,82893.11415310449,84059.25409429704,3733200
2026-09-16,86877.421875,90375.8415478188,86877.421875,89015.34500838925,2653700
2026-09-17,86100.0,88140.74492099322,85031.03837471783,86780.24830699775,2621500
2026-09-18,85516.9296875,86197.17799183239,84739.50305397727,86002.8213334517,1412000
2026-09-21,86100.0,87168.96162528216,84933.86004514672,85031.03837471783,1452700
2026-09-22,86000.0,87400.0,85000.0,86200.0,812900
2026-09-23,84800.0,86500.0,84800.0,86500.0,1174600
2026-09-24,82000.0,85700.0,81300.0,84600.0,2013200
2026-09-25,80500.0,82800.0,80500.0,82400.0,1042700
2026-09-28,83500.0,83500.0,80300.0,81800.0,1162223
