Price,Close,High,Low,Open,Volume
Ticker,GMD.VN,GMD.VN,GMD.VN,GMD.VN,GMD.VN
Date,,,,,
2012-04-03,9256.474609375,9292.774155312709,9074.974752739176,9074.974752739176,369390
2012-04-04,9183.8740234375,9256.47417538268,9147.574479201709,9256.47417538268,186510
2012-04-05,9256.474609375,9329.07476472406,9111.275362150527,9183.874454025943,120765
2012-04-06,9401.6728515625,9474.272999150617,9292.773161917092,9365.373309505208,264420
2012-04-09,9655.7724609375,9728.371542229206,9401.67248599606,9510.572171407108,253470
2012-04-10,9800.97265625,10127.671744791664,9655.77341583379,9764.673112014349,612105
2012-04-11,10127.671875,10127.671875000002,9800.972782258066,10091.372330297656,369015
2012-04-12,10526.970703125,10599.56978965044,10272.870709865254,10309.171316601542,817575
2012-04-13,10889.9697265625,11035.168968425463,10708.469876628593,10781.070029296876,946290
2012-04-16,10744.7685546875,11107.767125878672,10635.868876982808,10635.868876982808,608730
2012-04-17,10708.46875,10962.56872586856,10708.468749999998,10817.368435808385,695955
2012-04-18,10309.1728515625,10781.071238134378,10309.1728515625,10781.071238134378,834840
2012-04-19,9800.97265625,10200.271896736567,9800.97265625,10163.97128902732,1058820
2012-04-20,10272.869140625,10272.869140625,9800.970896400551,9982.470711936145,709305
2012-04-23,10672.169921875,10781.069614955357,10526.970685592378,10635.870378672736,295485
2012-04-24,11035.1689453125,11144.068642350036,10490.670460124817,10672.17030967858,301080
2012-04-25,11107.7685546875,11434.467629825367,11071.469011941144,11252.96778914648,424935
2012-04-26,10672.169921875,11325.568080357143,10672.169921875,11071.469150994164,617520
2012-04-27,11035.1689453125,11144.068642350036,10889.969703753652,11144.068642350036,309690
2012-04-30,11035.1689453125,11035.1689453125,11035.1689453125,11035.1689453125,0
2012-05-01,11035.1689453125,11035.1689453125,11035.1689453125,11035.1689453125,0
2012-05-02,11180.3701171875,11361.868917339722,10962.570706225884,11252.969211858914,655905
2012-05-03,10926.2685546875,11107.768392719852,10635.870090003978,11035.168244812205,327060
2012-05-04,10962.5703125,11144.069106133607,10853.670610930376,11071.470014069622,135330
2012-05-07,11071.46875,11107.768291887542,10889.968913615236,10889.968913615236,254490
2012-05-08,11071.46875,11252.967522911236,10744.769682591545,11107.768291887542,471795
2012-05-09,10635.8701171875,11071.468878799637,10635.8701171875,11071.468878799637,256800
2012-05-10,10381.771484375,10853.670913305916,10381.771484375,10853.670913305916,318525
2012-05-11,10599.5693359375,10708.469024537795,10381.769958736912,10672.169482828873,244035
2012-05-14,10091.373046875,10599.570962688847,10091.373046875,10599.570962688847,237915
2012-05-15,9619.47265625,10127.671584893558,9619.47265625,9764.672957847348,413715
2012-05-16,9329.0751953125,9619.47370316494,9220.175488999412,9619.47370316494,236595
2012-05-17,9074.974609375,9546.87401647846,9074.974609375,9329.074617345674,303150
2012-05-18,8893.474609375,9111.274523641256,8857.175066777934,9074.973917570644,312930
2012-05-21,9074.974609375,9111.275218212884,8603.076265745167,8603.076265745167,350160
2012-05-22,9038.673828125,9256.47319747741,9002.374287724093,9074.973368525909,260880
2012-05-23,8784.5751953125,9038.674660194074,8784.5751953125,9038.674660194074,95055
2012-05-24,8820.8740234375,9074.972920650316,8748.274414481939,8784.573953091362,123435
2012-05-25,9256.474609375,9256.474609375,9074.974752739176,9074.974752739176,332070
2012-05-28,9474.2734375,9583.173132183909,9256.474048132184,9583.173132183909,167070
2012-05-29,9401.6728515625,9437.973457093323,9256.473619859798,9256.473619859798,47670
2012-05-30,9401.6728515625,9474.272999150617,9256.473619859798,9256.473619859798,83175
2012-05-31,9074.974609375,9292.77400850779,9074.974609375,9074.974609375,92925
2012-06-01,9183.8740234375,9256.47417538268,8966.074631075555,9256.47417538268,14400
2012-06-04,8748.2763671875,9111.275556463896,8748.2763671875,9111.275556463896,114780
2012-06-05,8857.17578125,9002.37555856125,8784.575626725966,8893.4753267752,66345
2012-06-06,8966.07421875,8966.07421875,8857.175059313804,8929.774676183526,13455
2012-06-07,8966.07421875,9183.87360109594,8966.07421875,9002.37482479002,203520
2012-06-08,8857.17578125,9183.874349660886,8857.17578125,9183.874349660886,80325
2012-06-11,9147.5732421875,9183.872781514552,8857.17426888744,8857.17426888744,213420
2012-06-12,8857.17578125,9147.574804135686,8857.17578125,9147.574804135686,91755
2012-06-13,9220.173828125,9220.173828125,8929.774309109933,9074.973536880716,170940
2012-06-14,8929.7744140625,9183.873331516195,8929.7744140625,9074.973643539824,70950
2012-06-15,9365.3740234375,9365.3740234375,9147.574627543603,9147.574627543603,196260
2012-06-18,9800.97265625,9800.97265625,9800.97265625,9800.97265625,716430
2012-06-19,9764.6728515625,9982.472238114276,9619.472551545605,9619.472551545605,260430
2012-06-20,9619.47265625,9764.672957847348,9619.47265625,9692.072807048671,48240
2012-06-21,9437.9736328125,9510.572718278758,9292.773334932885,9292.773334932885,127005
2012-06-22,9147.5732421875,9437.972747224285,9074.97310005994,9401.67214442378,209760
2012-06-25,9074.974609375,9292.77400850779,8857.175741979025,9292.77400850779,122880
2012-06-26,8966.07421875,9074.97390992297,8893.474601880278,8893.474601880278,66135
2012-06-27,8711.9775390625,9147.576416015623,8711.9775390625,8893.476893880666,112740
2012-06-28,8711.9775390625,8820.877258300781,8675.677455404104,8711.9775390625,129675
2012-06-29,8784.5751953125,8893.474890013633,8748.275651569982,8748.275651569982,42630
2012-07-02,8566.775390625,8748.275227486316,8530.475848642149,8675.675080047084,66885
2012-07-03,8276.376953125,8711.97574013158,8276.376953125,8385.276649876645,108900
2012-07-04,8094.87744140625,8276.376754388471,8058.57736611509,8094.877441406249,152790
2012-07-05,8203.77734375,8240.076888225633,8094.877646849499,8094.877646849499,15405
2012-07-06,8203.77734375,8421.576737551002,8203.77734375,8203.77734375,30375
2012-07-09,7949.677734375,8094.877504942516,7949.677734375001,8094.877504942516,98235
2012-07-10,7731.87841796875,8131.177126158156,7731.878417968749,7731.878417968749,114450
2012-07-11,7840.77880859375,8094.878299080829,7840.778808593751,7840.778808593751,39795
2012-07-12,8203.77734375,8203.77734375,7840.778176836063,7840.778176836063,30195
2012-07-13,8530.4765625,8566.776107520514,8348.976710450188,8348.976710450188,85
2012-07-16,8276.376953125,8530.476422791106,8276.376953125,8530.476422791106,45375
2012-07-17,8348.9775390625,8494.177328765654,8203.778281096209,8312.677990439359,97920
2012-07-18,8240.076171875,8421.576005421688,8240.076171875,8421.576005421688,40365
2012-07-19,8639.375,8639.375,8167.476197982123,8167.476197982123,97905
2012-07-20,8348.9775390625,8893.476085778248,8348.9775390625,8457.87724840565,228225
2012-07-23,8312.6767578125,8348.976301053044,8203.7770646173,8203.7770646173,61515
2012-07-24,7985.97705078125,8348.975645087165,7985.97705078125,8348.975645087165,118020
2012-07-25,7985.97705078125,8167.476347934207,7913.376906530673,8167.476347934207,64905
2012-07-26,7985.97705078125,8167.476347934207,7949.676978655962,8167.476347934207,71250
2012-07-27,7622.97802734375,7768.177786062548,7622.97802734375,7622.97802734375,81615
2012-07-30,7622.97802734375,7768.177786062548,7622.97802734375,7622.97802734375,81615
2012-07-31,7622.97802734375,7731.877713448661,7622.97802734375,7622.97802734375,65880
2012-08-01,7622.97802734375,7840.777399553572,7622.97802734375,7804.477326939686,158985
2012-08-02,7695.5771484375,7695.577148437501,7586.677469300476,7586.677469300476,15000
2012-08-03,7768.1767578125,7768.176757812499,7659.277086122309,7659.277086122309,47535
2012-08-06,7840.77880859375,7949.678514268664,7804.478729456498,7804.478729456498,54480
2012-08-07,7731.87841796875,7840.778113996478,7695.578342047241,7695.578342047241,91845
2012-08-08,7731.87841796875,7804.47803807497,7731.878417968749,7731.878417968749,29100
2012-08-09,7768.1767578125,7840.776361693734,7768.176757812499,7768.176757812499,48015
2012-08-10,8131.1767578125,8131.176757812499,7768.178141988588,7768.178141988588,122820
2012-08-13,8022.27685546875,8094.877002111184,7949.677240563075,8094.877002111184,66225
2012-08-14,8312.6767578125,8312.6767578125,8058.577296444772,8058.577296444772,102615
2012-08-15,8276.376953125,8312.677029287815,8094.877635784526,8312.677029287815,29085
2012-08-16,8240.076171875,8276.376244931687,8022.276797008376,8058.576870065065,75015
2012-08-17,8348.9775390625,8348.9775390625,8203.778281096209,8240.077829719352,60165
2012-08-20,8457.875,8639.374821814014,8385.275390316427,8639.374821814014,18225
2012-08-21,8058.5771484375,8167.476839632601,8058.577148437499,8167.476839632601,88650
2012-08-22,7659.27880859375,7985.977897134667,7659.27880859375,7695.57835282932,204975
2012-08-23,7296.279296875,7296.279296875,7296.279296875,7296.279296875,101205
2012-08-24,7659.27880859375,7659.27880859375,6933.280479567182,6933.280479567182,270540
2012-08-27,7296.279296875,7695.577986622568,7296.279296875,7695.577986622568,120435
2012-08-28,7151.080078125,7151.080078125,7114.780532842754,7151.080078125,103575
2012-08-29,7477.77734375,7477.777343750001,7405.177739238323,7441.477807362503,98040
2012-08-30,7368.87890625,7695.577978917291,7368.878906249999,7368.878906249999,74085
2012-08-31,7368.87890625,7622.978362236817,7259.979215360902,7368.878906249999,28245
2012-09-03,7368.87890625,7368.878906249999,7368.878906249999,7368.878906249999,0
2012-09-04,7368.87890625,7622.978362236817,7368.878906249999,7550.378745556343,72225
2012-09-05,7332.57958984375,7622.9785972555055,7296.279514515984,7368.879133434726,113970
2012-09-06,7368.87890625,7368.878906249999,7296.279289569525,7368.878906249999,61905
2012-09-07,7259.97998046875,7514.079463234362,7259.979980468751,7514.079463234362,148080
2012-09-10,6896.98095703125,7259.979590949822,6896.98095703125,7259.979590949822,61350
2012-09-11,6570.28125,6570.28125,6570.28125,6570.28125,38130
2012-09-12,6243.58251953125,6570.281595581082,6243.582519531251,6279.882062378936,344490
2012-09-13,6170.982421875,6243.582571649959,6025.783185798644,6025.783185798644,115095
2012-09-14,6352.4814453125,6461.381124193647,6207.281696225399,6388.78098378174,278235
2012-09-17,6461.38232421875,6642.881645483628,6388.782170323349,6497.681869429639,215175
2012-09-18,6316.18212890625,6461.381895322102,6279.882054368093,6461.381895322102,139320
2012-09-19,6062.0830078125,6316.182480240178,6062.0830078125,6316.182480240178,227730
2012-09-20,5880.583984375,5989.483687789351,5844.283905991271,5916.884062758728,320385
2012-09-21,5590.18505859375,6098.383506925238,5590.18505859375,5916.8841750361735,2306940
2012-09-24,5662.7841796875,5844.283495380604,5662.7841796875,5844.283495380604,48930
2012-09-25,5916.88427734375,5916.88427734375,5807.984569979981,5807.984569979981,54885
2012-09-26,5953.1826171875,6098.382374785108,5807.983391326637,5807.983391326637,239730
2012-09-27,5771.68310546875,5989.482467939269,5771.68310546875,5989.482467939269,312075
2012-09-28,5699.08349609375,5735.383035353225,5699.083496093749,5699.083496093749,159240
2012-10-01,5553.88427734375,5771.683660768995,5517.584202860618,5771.683660768995,101475
2012-10-02,5553.88427734375,5626.48389457324,5444.984585631128,5444.984585631128,58815
2012-10-03,5590.18505859375,5735.384311410265,5590.18505859375,5735.384311410265,51135
2012-10-04,5517.58447265625,5626.4841696937865,5517.58447265625,5626.4841696937865,152355
2012-10-05,5626.484375,5662.784452582676,5553.88475157147,5626.484375,137070
2012-10-08,5699.08349609375,5735.383035353225,5626.483354101349,5626.483354101349,50235
2012-10-09,5953.1826171875,5953.1826171875,5807.983391326637,5844.282931923481,626355
2012-10-10,6243.58251953125,6243.582519531251,6134.68282751464,6243.582519531251,225645
2012-10-11,6533.98046875,6533.98046875,6533.98046875,6533.98046875,72465
2012-10-12,6533.98046875,6860.6794921875,6461.380863009453,6642.880143229167,959910
2012-10-15,6243.58251953125,6533.981520996619,6243.582519531251,6497.681446412156,194790
2012-10-16,6533.98046875,6533.98046875,6352.481188530286,6388.780725532214,317460
2012-10-17,6279.88232421875,6533.981793431115,6279.88232421875,6497.68171733312,93555
2012-10-18,6461.38232421875,6533.981946377339,6388.782170323349,6497.681869429639,165510
2012-10-19,6606.58154296875,6751.781318460823,6461.382299213488,6533.981921091119,510330
2012-10-22,6533.98046875,6606.580074490547,6388.780725532214,6606.580074490547,345300
2012-10-23,6824.38134765625,6860.681426630065,6606.581937287042,6679.1820952346725,605715
2012-10-24,6679.181640625,6824.380883163783,6570.281942852509,6751.781261894391,276180
2012-10-25,6715.48046875,6715.48046875,6570.281241706126,6715.48046875,414750
2012-10-26,6751.78076171875,6751.78076171875,6679.181145827578,6715.48068790478,529395
2012-10-29,6425.08154296875,6751.780604475635,6425.081542968749,6751.780604475635,161100
2012-10-30,6352.4814453125,6642.8804117499885,6352.4814453125,6642.8804117499885,224670
2012-10-31,6606.58154296875,6606.581542968751,6170.982748229342,6279.882446914195,77025
2012-11-01,6352.4814453125,6606.580341544035,6352.4814453125,6606.580341544035,30840
2012-11-02,6062.0830078125,6134.683160927155,6062.0830078125,6098.383084369827,202455
2012-11-05,5771.68310546875,6025.7825389299305,5771.68310546875,5807.983176459412,193290
2012-11-06,5844.283203125,5953.182893442465,5807.983660843691,5953.182893442465,193095
2012-11-07,5916.88427734375,5989.483905007312,5771.684490279773,5771.684490279773,66390
2012-11-08,5953.1826171875,5989.482689521088,5771.6833189930485,5771.6833189930485,130185
2012-11-09,5989.48291015625,5989.48291015625,5844.283147209905,5953.182836485473,30390
2012-11-12,6207.283203125,6207.283203125,6062.083418788742,6098.383497807017,232965
2012-11-13,6134.6826171875,6207.282232130575,6098.382543847582,6207.282232130575,168720
2012-11-14,6134.6826171875,6170.982158790658,6098.382543847582,6170.982158790658,36645
2012-11-15,6098.3828125,6134.682887439047,5989.483119419643,6134.682887439047,94185
2012-11-16,6098.3828125,6170.98243064131,6098.3828125,6170.98243064131,153645
2012-11-19,6025.7841796875,6170.983439712924,6025.784179687499,6170.983439712924,13065
2012-11-20,6062.0830078125,6134.683160927155,5989.483386434652,6098.383084369827,75705
2012-11-21,5771.68310546875,6062.082078183867,5771.68310546875,5989.482467939269,480690
2012-11-22,6025.7841796875,6025.784179687499,5880.584387925204,5953.184017937917,179175
2012-11-23,6098.3828125,6279.882123721668,6098.3828125,6243.582580519404,297765
2012-11-26,5880.583984375,6025.78376617308,5880.583984375,6025.78376617308,163740
2012-11-27,5989.48291015625,6062.082525761041,5880.583220880682,6062.082525761041,97410
2012-11-28,5880.583984375,6025.78376617308,5844.283905991271,5844.283905991271,315930
2012-11-29,5880.583984375,5989.483687789351,5880.583984375,5989.483687789351,192705
2012-11-30,5807.9833984375,5953.182624476134,5807.9833984375,5953.182624476134,218895
2012-12-03,5880.583984375,5916.884062758728,5771.684280960648,5916.884062758728,161925
2012-12-04,5989.48291015625,6025.782983827028,5844.283147209905,5844.283147209905,196245
2012-12-05,6025.7841796875,6134.683890575003,5880.584387925204,5880.584387925204,257070
2012-12-06,6025.7841796875,6098.383809700212,6025.784179687499,6098.383809700212,118065
2012-12-07,5989.48291015625,6062.082525761041,5989.48291015625,5989.48291015625,175425
2012-12-10,6062.0830078125,6170.982705747676,5989.483386434652,5989.483386434652,238680
2012-12-11,6098.3828125,6170.98243064131,6062.082737560953,6062.082737560953,156300
2012-12-12,6388.78271484375,6388.782714843751,6062.08358968009,6098.383669721671,655995
2012-12-13,6425.08154296875,6642.880917306673,6352.48192876836,6461.381615937322,496905
2012-12-14,6207.283203125,6461.38269277924,6207.283203125,6461.38269277924,188340
2012-12-17,6497.681640625,6497.681640625,6388.781945353426,6497.681640625,842655
2012-12-18,6570.28125,6751.780549902329,6497.681104649669,6715.480477227164,1034085
2012-12-19,6570.28125,6679.180936288747,6533.981177324835,6533.981177324835,647730
2012-12-20,6533.98046875,6606.580074490547,6461.380863009453,6570.280537488619,752970
2012-12-21,6316.18212890625,6570.281587199796,6316.18212890625,6533.981512661639,973935
2012-12-24,6461.38232421875,6461.38232421875,6243.582926006173,6279.882471217061,178215
2012-12-25,6279.88232421875,6388.782020775935,6279.88232421875,6388.782020775935,97425
2012-12-26,6388.78271484375,6461.382874926913,6207.283378109558,6207.283378109558,140010
2012-12-27,6497.681640625,6679.181487235485,6388.781945353426,6497.681640625,219780
2012-12-28,6570.28125,6642.880863613582,6497.681104649669,6570.28125,367920
2012-12-31,6570.28125,6570.28125,6570.28125,6570.28125,0
2013-01-01,6570.28125,6570.28125,6570.28125,6570.28125,0
2013-01-02,6860.68017578125,6896.980248136786,6533.981119791667,6533.981119791667,328770
2013-01-03,6860.68017578125,7042.1794740854375,6751.78049045139,6860.68017578125,286260
2013-01-04,7187.3798828125,7187.3798828125,6896.980872873754,6933.280416780602,431670
2013-01-07,7187.3798828125,7441.479348844398,7151.07980716886,7151.07980716886,571470
2013-01-08,7514.07763671875,7514.077636718751,7259.97821571941,7332.578354140192,418530
2013-01-09,7586.67822265625,7877.077750349413,7586.67822265625,7840.777676453576,1101165
2013-01-10,7913.37646484375,7949.676534942941,7514.077820699492,7659.277569359545,336000
2013-01-11,7985.97705078125,8203.776420059496,7840.777294016839,8203.776420059496,417105
2013-01-14,8022.27685546875,8167.476617016859,7695.577790788076,7695.577790788076,371070
2013-01-15,7913.37646484375,8276.375570625527,7804.476786282888,8022.2761434046115,499410
2013-01-16,7985.97705078125,8203.776420059496,7877.077366142127,7913.376906530673,634095
2013-01-17,7731.87841796875,7985.977885945716,7731.878417968749,7985.977885945716,267975
2013-01-18,7659.27880859375,7731.878428801688,7622.978732621382,7695.57835282932,153180
2013-01-21,7514.07763671875,7840.776664402175,7514.077636718751,7840.776664402175,149865
2013-01-22,7223.6806640625,7695.579034840715,7114.78095823109,7405.179996535902,130800
2013-01-23,7259.97998046875,7441.479838902828,7151.080278103035,7223.680434171398,142080
2013-01-24,7550.37841796875,7622.978031499352,7259.978900372847,7405.178659170799,107805
2013-01-25,7804.47705078125,7913.376733032787,7622.9777576075985,7695.577368529714,204510
2013-01-28,7840.77880859375,8240.077552156152,7804.478729456498,7804.478729456498,458370
2013-01-29,8385.275390625,8385.275390625,8276.375710227274,8348.975319913518,858390
2013-01-30,8966.07421875,8966.07421875,8675.675219534338,8784.574910707308,541215
2013-01-31,9292.7724609375,9401.672142368305,9038.673558756776,9365.372603049187,620550
2013-02-01,9909.873046875,9909.873046875002,9002.375869601114,9437.974684848366,901170
2013-02-04,9909.873046875,10163.972001278007,9909.873046875002,9909.873046875002,419520
2013-02-05,9437.9736328125,10018.77163391032,9437.9736328125,9909.871942237383,368505
2013-02-06,10091.373046875,10091.373046875,9401.674204240417,9437.974814994035,1149405
2013-02-07,9982.4736328125,10599.571271944427,9982.4736328125,10599.571271944427,627810
2013-02-08,10418.072265625,10490.671360901308,10018.77298771052,10490.671360901308,226920
2013-02-11,10418.072265625,10418.072265624998,10418.072265624998,10418.072265624998,0
2013-02-12,10418.072265625,10418.072265624998,10418.072265624998,10418.072265624998,0
2013-02-13,10418.072265625,10418.072265624998,10418.072265624998,10418.072265624998,0
2013-02-14,10418.072265625,10418.072265624998,10418.072265624998,10418.072265624998,0
2013-02-15,10418.072265625,10418.072265624998,10418.072265624998,10418.072265624998,0
2013-02-18,10381.771484375,10708.470598185477,10163.972075168016,10418.072094891948,692640
2013-02-19,10454.3701171875,10889.968872070312,10309.170886717737,10454.3701171875,765480
2013-02-20,10309.1728515625,10635.871979990814,10236.572690753854,10454.372109706064,804405
2013-02-21,10055.0703125,10599.56872406992,10055.0703125,10309.170280214936,1029480
2013-02-22,9873.5732421875,10490.67083868609,9800.97308705146,10272.871436751611,959025
2013-02-25,10526.970703125,10563.27024638772,9800.972393555618,9909.872086817346,1320675
2013-02-26,10345.470703125,10853.669618471446,10236.571011513155,10599.569629061449,1676715
2013-02-27,10381.771484375,10490.671188978493,9982.473276477982,10490.671188978493,1051620
2013-02-28,10817.3681640625,11035.167530207877,10563.269258050716,10635.869401256998,2009970
2013-03-01,10853.6708984375,11035.1696968789,10526.97178507457,10853.6708984375,1050825
2013-03-04,10889.9697265625,11579.66745475359,10889.9697265625,11579.66745475359,2106135
2013-03-05,10526.970703125,10889.969326172908,10272.870709865254,10889.969326172908,1006470
2013-03-06,10817.3681640625,10853.668767402374,10526.96971818431,10526.96971818431,376290
2013-03-07,10672.169921875,10962.569457913807,10635.870378672736,10817.36915815762,768285
2013-03-08,10781.0703125,10926.26955817714,10635.87106682286,10853.670467075386,421410
2013-03-11,11507.068359375,11507.068359375,10962.56987333949,10962.56987333949,1337010
2013-03-12,11906.365234375,12124.16460490304,11579.66617858294,11652.266323250116,1584450
2013-03-13,11507.068359375,11978.96669278124,11434.46820674573,11906.366540151972,1677420
2013-03-14,11978.9658203125,12051.565967654056,11325.567684659092,11361.867226593104,2315985
2013-03-15,12813.865234375,12813.865234375,11543.36836204828,11978.96716816331,5830695
2013-03-18,11978.9658203125,12668.663497899925,11978.9658203125,12269.365346205192,892635
2013-03-19,11833.7685546875,12124.167065341748,11543.368980559546,11688.56823588667,339555
2013-03-20,11942.6650390625,12051.564717037314,11615.966005138054,11833.765361087684,838710
2013-03-21,11906.365234375,12051.565523709352,11906.365234375,11978.965379042176,370920
2013-03-22,11724.8662109375,12087.86479937038,11543.366384984329,11942.66557669192,474885
2013-03-25,12523.4638671875,12523.4638671875,11797.465607352133,11833.76621160167,1221150
2013-03-26,13394.6640625,13394.664062500002,12886.46507149115,12886.46507149115,872280
2013-03-27,14302.16015625,14302.16015625,13721.362114365931,13793.96226840405,1489260
2013-03-28,13757.658203125,14774.05585040078,13721.35866696278,14447.356834520711,1955340
2013-03-29,14193.26171875,14447.3617487368,13140.565240714588,13430.963755737044,1025190
2013-04-01,13939.1591796875,14411.057443258687,13757.659356710836,14229.558683755473,745170
2013-04-02,13866.5615234375,14519.959727109534,13866.5615234375,13975.461224049506,690225
2013-04-03,13648.7626953125,14048.061968813943,13648.7626953125,13793.96301120776,706560
2013-04-04,13213.1630859375,13685.06248922094,13213.163085937502,13503.562636921646,592245
2013-04-05,13866.5615234375,13975.461224049506,13213.163319765466,13213.163319765466,1151580
2013-04-08,13612.462890625,13939.161999999998,13576.163344074554,13866.561843425445,477960
2013-04-09,13648.7626953125,13902.862716392365,13503.563442890922,13576.163600838552,265065
2013-04-10,12886.462890625,13757.660405787785,12886.462890625,13648.760716392437,981900
2013-04-11,13067.9609375,13249.460749456406,12704.962377060572,12995.36080002276,594840
2013-04-12,12886.462890625,13285.762106232452,12523.464280465018,13249.462564258514,430470
2013-04-15,12196.765625,12886.463326684408,12160.466081797736,12886.463326684408,259695
2013-04-16,11797.466796875,12087.866342784446,11434.468162093395,11724.86770800284,534345
2013-04-17,11797.466796875,12015.266190438684,11797.466796875002,11797.466796875002,189285
2013-04-18,11144.0703125,11761.16904268784,11035.17059914178,11615.969779368132,473895
2013-04-19,11144.0703125,11144.0703125,11144.0703125,11144.0703125,0
2013-04-22,10381.771484375,11035.169711995952,10381.771484375,10889.970460349188,882870
2013-04-23,10236.5712890625,10490.670221888462,9909.872205369016,10381.770527323966,304620
2013-04-24,10926.2685546875,10926.2685546875,10236.570871722217,10236.570871722217,382410
2013-04-25,11107.7685546875,11434.467629825367,11071.469011941144,11434.467629825367,541680
2013-04-26,10781.0703125,11107.769412878788,10672.170612373737,11035.169258303402,401655
2013-04-29,10781.0703125,10781.0703125,10781.0703125,10781.0703125,0
2013-04-30,10781.0703125,10781.0703125,10781.0703125,10781.0703125,0
2013-05-01,10781.0703125,10781.0703125,10781.0703125,10781.0703125,0
2013-05-02,10635.8701171875,10926.268582613233,10526.970426784466,10744.769807590534,363240
2013-05-03,10454.3701171875,10635.869952879846,10418.07057543844,10490.66965893656,344475
2013-05-06,11180.3701171875,11180.3701171875,10708.470684454876,10889.970548080782,454935
2013-05-07,11398.1669921875,11398.166992187498,11398.166992187498,11398.166992187498,72894
2013-05-08,11107.7685546875,11470.767172571725,11071.469011941144,11398.168087079011,502095
2013-05-09,11252.96875,11507.068761341909,11107.76950314294,11325.568905165352,423390
2013-05-10,11252.96875,11398.169060330702,11107.76950314294,11216.669204154146,426420
2013-05-13,11180.3701171875,11325.569370004014,11180.3701171875,11325.569370004014,169050
2013-05-14,11107.7685546875,11180.368703653765,10817.369022295989,11180.368703653765,467115
2013-05-15,10998.8681640625,11107.7678488552,10962.568623622765,10962.568623622765,167670
2013-05-16,11761.16796875,11761.16796875,10998.870044849536,11071.470201616992,968325
2013-05-17,11470.767578125,11978.96651190932,11470.767578124998,11978.96651190932,451755
2013-05-20,12160.46484375,12233.063922763273,11361.86646681637,11470.766148809733,832260
2013-05-21,12233.064453125,12487.164431108264,12160.465370964212,12160.465370964212,735435
2013-05-22,12124.166015625,12269.36632185431,12015.266317689824,12269.36632185431,339690
2013-05-23,12305.6640625,12704.963250877585,11906.364874122415,12051.565159063424,1766130
2013-05-24,12414.56640625,12777.56506948538,12233.066542895467,12233.066542895467,702255
2013-05-27,12487.1650390625,12777.563508791092,12414.564889893576,12414.564889893576,462180
2013-05-28,12341.96484375,12523.464686450616,12269.365757448602,12523.464686450616,599115
2013-05-29,12196.765625,12632.364397321428,12196.765625,12341.96486128262,790575
2013-05-30,12051.568359375,12305.667330287928,11870.068486737911,12196.767619400423,918195
2013-05-31,12305.6640625,12450.86328396755,12160.46484103245,12196.764380530974,1300215
2013-06-03,12196.765625,12378.26546795845,12196.765625,12305.665318080357,424020
2013-06-04,11361.8681640625,12233.065750149686,11361.8681640625,12233.065750149686,836910
2013-06-05,11398.1669921875,11652.265893950726,11180.367629683748,11434.466531446977,1591710
2013-06-06,11688.56640625,11833.766702322311,11289.26825073499,11289.26825073499,701280
2013-06-07,12087.865234375,12087.865234375,11543.366800394144,11906.365401890213,918015
2013-06-10,11652.2685546875,12160.467537732078,11652.268554687498,12087.867379161798,621885
2013-06-11,11507.068359375,11688.567145737768,11470.767751323565,11615.968056582104,509475
2013-06-12,11434.4677734375,11724.867309476307,11434.4677734375,11507.067923315592,431730
2013-06-13,11434.4677734375,11507.067923315592,11252.96793047905,11507.067923315592,478680
2013-06-14,11180.3701171875,11615.968939110731,11180.3701171875,11615.968939110731,350010
2013-06-17,10526.970703125,10998.869019434636,10526.970703125,10962.569476171917,761145
2013-06-18,10526.970703125,10708.46948291217,10345.470859864265,10418.071009863272,223455
2013-06-19,10563.2705078125,10708.469747930409,10490.670356016748,10563.2705078125,153195
2013-06-20,10272.869140625,10599.56817050502,10272.869140625,10563.268632787263,560325
2013-06-21,9982.4736328125,10200.273049794054,9946.173020999764,10200.273049794054,1142355
2013-06-24,10127.671875,10163.971419702346,9837.27232696041,9909.87247983871,598605
2013-06-25,9437.9736328125,10018.77163391032,9437.9736328125,10018.77163391032,662235
2013-06-26,9038.673828125,9583.172251506025,9038.673828125,9437.973026428912,844980
2013-06-27,9437.9736328125,9437.9736328125,9038.674408853876,9038.674408853876,724305
2013-06-28,9183.8740234375,9583.1732639256,9183.8740234375,9583.1732639256,269550
2013-07-01,9074.974609375,9183.874308941397,8893.47528734328,9183.874308941397,288015
2013-07-02,9365.3740234375,9365.3740234375,9111.27508271916,9111.27508271916,568710
2013-07-03,9800.97265625,9982.472504375455,9329.074327292125,9365.373871527778,1086465
2013-07-04,9619.47265625,9873.572652308569,9619.47265625,9873.572652308569,406230
2013-07-05,9583.171875,9873.57137721842,9510.571733577037,9619.471413974765,624375
2013-07-08,9292.7724609375,9583.171965910797,9256.472921618382,9546.87242659168,499065
2013-07-09,9401.6728515625,9437.973457093323,9256.473619859798,9256.473619859798,223530
2013-07-10,9292.7724609375,9474.272284479992,9292.7724609375,9474.272284479992,508950
2013-07-11,9329.0751953125,9329.0751953125,9183.874877912584,9256.475036612544,132315
2013-07-12,9619.47265625,9728.37235071122,9365.37372366501,9401.673267327558,644385
2013-07-15,10018.7724609375,10127.672161599863,9800.973059612772,9800.973059612772,1815165
2013-07-16,10272.869140625,10381.768817251674,10055.069787371654,10091.370388562817,878100
2013-07-17,10127.671875,10272.871117282992,10091.372330297656,10163.971419702346,574050
2013-07-18,10127.671875,10345.471270161292,10055.071722121702,10055.071722121702,1085775
2013-07-19,10163.9716796875,10309.171989158192,10091.372588425793,10163.9716796875,630090
2013-07-22,10055.0703125,10200.270597900952,9909.87109057251,10163.969994813984,636585
2013-07-23,9946.1708984375,10091.371187754552,9946.170898437502,10018.771043096029,534510
2013-07-24,9982.4736328125,10200.273049794054,9909.873472660742,9909.873472660742,1077630
2013-07-25,9437.9736328125,10055.07117664345,9437.9736328125,9982.472091177193,531930
2013-07-26,9510.5751953125,9655.775531009614,9220.17665086593,9546.875810973692,526155
2013-07-29,8966.07421875,9437.9735894819,8966.07421875,9437.9735894819,905280
2013-07-30,9329.0751953125,9365.374742925633,8929.775917673276,8929.775917673276,582375
2013-07-31,9147.5732421875,9292.772462969166,9074.97310005994,9183.872781514552,580365
2013-08-01,9147.5732421875,9329.073065769671,9074.97310005994,9111.273702860446,290220
2013-08-02,9292.7724609375,9365.372603049187,9147.57324018758,9147.57324018758,422655
2013-08-05,9183.8740234375,9401.673415799443,9183.8740234375,9292.773719618472,235815
2013-08-06,9365.3740234375,9437.974176560005,9183.874172368049,9256.474325490552,630375
2013-08-07,9655.7724609375,9764.672146348548,9365.372945350206,9365.372945350206,971640
2013-08-08,9474.2734375,9728.372370604591,9474.2734375,9583.173132183909,518730
2013-08-09,9510.5751953125,9619.47491534842,9437.976090937773,9437.976090937773,519930
2013-08-12,9437.9736328125,9546.87332448544,9365.37348387269,9546.87332448544,282750
2013-08-13,9546.873046875,9728.37181873645,9474.272900046306,9583.172588552585,1271040
2013-08-14,9619.47265625,9655.773263386129,9510.57296178878,9546.873568924906,749610
2013-08-15,10018.7724609375,10163.97170732944,9510.573503355256,9619.47320401762,1720830
2013-08-16,9909.873046875,10055.072297466197,9800.973343063188,9800.973343063188,1541970
2013-08-19,9909.873046875,10055.072297466197,9873.57350009562,9873.57350009562,630255
2013-08-20,9764.6728515625,9873.572544838387,9619.472551545605,9873.572544838387,908235
2013-08-21,9619.47265625,9764.672957847348,9437.973874463683,9764.672957847348,719850
2013-08-22,9329.0751953125,9583.17415555181,9256.475036612544,9546.874607938678,843885
2013-08-23,9147.5732421875,9437.972747224285,9147.573242187498,9365.372605096723,891000
2013-08-26,9329.0751953125,9365.374742925633,9038.675623986366,9147.575330299454,569520
2013-08-27,9220.173828125,9329.073514821464,9183.87322357718,9329.073514821464,337065
2013-08-28,8820.8740234375,9147.573061342591,8711.974344135802,9147.573061342591,1361820
2013-08-29,8421.5751953125,8966.073048364608,8421.5751953125,8893.473440971668,632880
2013-08-30,8530.4765625,8530.4765625,8240.077011915026,8421.576863964836,437100
2013-09-02,8530.4765625,8530.4765625,8530.4765625,8530.4765625,0
2013-09-03,8348.9775390625,8748.276827811957,8348.9775390625,8675.67666709195,477210
2013-09-04,8203.77734375,8421.576737551002,8094.877646849499,8348.976585126133,455535
2013-09-05,8348.9775390625,8385.277619422504,8167.478200736205,8203.778281096209,343095
2013-09-06,8566.775390625,8675.675080047084,8348.976011780833,8385.276085500449,534960
2013-09-09,8276.376953125,8494.17634662829,8276.376953125,8494.17634662829,455655
2013-09-10,8457.875,8530.475141420293,8348.97531960628,8348.97531960628,239760
2013-09-11,8494.1767578125,8603.076459835736,8385.277055789262,8530.476835732521,444570
2013-09-12,8494.1767578125,8494.1767578125,8421.577133709285,8421.577133709285,232020
2013-09-13,8530.4765625,8603.076184277837,8457.876408985352,8494.176485742675,272775
2013-09-16,8711.9775390625,8784.577174642385,8639.377903482617,8639.377903482617,657555
2013-09-17,8711.9775390625,8748.277622720898,8603.077819824219,8748.277622720898,339090
2013-09-18,8494.1767578125,8711.976161858975,8494.1767578125,8675.676083938954,263145
2013-09-19,8711.9775390625,8748.277622720898,8566.777736165823,8603.077819824219,567060
2013-09-20,8748.2763671875,8748.2763671875,8639.376663578265,8639.376663578265,1407960
2013-09-23,8893.474609375,8893.474609375,8603.075609914613,8711.975301179355,437310
2013-09-24,9038.673828125,9074.973368525909,8893.474071311146,8893.474071311146,808230
2013-09-25,9038.673828125,9183.87305320211,9002.374287724093,9074.973368525909,784635
2013-09-26,8966.07421875,9074.97390992297,8857.175059313804,9038.674367356496,473145
2013-09-27,9147.5732421875,9292.772462969166,9002.374021405833,9002.374021405833,1067985
2013-09-30,9365.3740234375,9437.974176560005,9220.174780666108,9256.474325490552,763380
2013-10-01,9220.173828125,9474.272742592246,9183.87322357718,9365.373055895783,1043550
2013-10-02,9183.8740234375,9365.373871563652,9183.8740234375,9220.174631146889,642750
2013-10-03,9292.7724609375,9329.07306373007,9147.57324018758,9183.872779506695,499200
2013-10-04,9256.474609375,9329.07476472406,9256.474609375,9292.774155312709,449295
2013-10-07,9546.873046875,9583.172588552585,9292.773064711331,9365.373211540027,614475
2013-10-08,9510.5751953125,9546.875810973692,9365.375923089214,9546.875810973692,663705
2013-10-09,9365.3740234375,9510.573266208892,9329.074478613054,9437.974176560005,509520
2013-10-10,9437.9736328125,9583.172867218567,9365.37348387269,9437.9736328125,1482840
2013-10-11,9692.07421875,9982.473800769336,9510.5743470537,9510.5743470537,1337190
2013-10-14,9619.47265625,9764.672957847348,9583.173112587452,9655.773263386129,446010
2013-10-15,9982.4736328125,9982.4736328125,9655.774507340167,9692.074055679188,1224015
2013-10-16,10272.869140625,10454.36895616059,9982.470711936145,9982.470711936145,1744140
2013-10-17,10272.869140625,10454.36895616059,10236.569602907244,10381.768817251674,1081170
2013-10-18,10345.470703125,10381.770245837764,10236.571011513155,10272.87055422592,1189335
2013-10-21,10599.5693359375,10744.76962972024,10345.470417027987,10381.769958736912,1287315
2013-10-22,10599.5693359375,10708.469024537795,10526.970252519652,10526.970252519652,902340
2013-10-23,11107.7685546875,11180.368703653765,10672.16978783701,10672.16978783701,1194900
2013-10-24,10490.669921875,11144.06807057601,10490.669921875002,11144.06807057601,1385130
2013-10-25,10563.2705078125,10781.06989972616,10490.670356016748,10526.97096365142,736350
2013-10-28,10563.2705078125,10817.369443887235,10563.2705078125,10599.570051973578,429660
2013-10-29,10781.0703125,10781.0703125,10526.971366696598,10526.971366696598,558570
2013-10-30,10599.5693359375,10817.36871313809,10563.269794228576,10672.169482828873,464340
2013-10-31,10526.970703125,10744.770089648458,10526.970703125,10744.770089648458,312585
2013-11-01,10635.8701171875,10672.169659497333,10526.970426784466,10526.970426784466,468810
2013-11-04,10599.5693359375,10708.469024537795,10526.970252519652,10672.169482828873,833610
2013-11-05,11144.0703125,11144.0703125,10563.272195747411,10599.571745708896,1541955
2013-11-06,11470.767578125,11507.06818562833,11180.369098939893,11252.968186999376,800805
2013-11-07,11216.669921875,11543.369045813108,11180.370373706448,11543.369045813108,827490
2013-11-08,11180.3701171875,11325.569370004014,11107.769959042398,11107.769959042398,814245
2013-11-11,11216.669921875,11361.869178022922,11180.370373706448,11180.370373706448,490620
2013-11-12,10817.3681640625,11252.966896353251,10817.3681640625,11216.667356486843,946215
2013-11-13,10781.0703125,10998.869712752525,10708.470157924614,10817.369858050875,529485
2013-11-14,10853.6708984375,10889.970445431043,10672.171036522424,10744.77119398319,385755
2013-11-15,11071.46875,11071.46875,10889.968913615236,10889.968913615236,461505
2013-11-18,11107.7685546875,11361.867480859102,11071.469011941144,11144.068097433856,1141860
2013-11-19,11144.0703125,11252.970025858222,11071.47121257703,11107.770762538514,630720
2013-11-20,11144.0703125,11216.670475896735,11035.17059914178,11180.370925935247,759495
2013-11-21,11035.1689453125,11252.968339387571,10962.569856269878,11107.769097828725,1654425
2013-11-22,11252.96875,11325.568905165352,10998.869802131734,11035.16934797759,951630
2013-11-25,11144.0703125,11289.27063929347,11144.0703125,11180.370925935247,748305
2013-11-26,11462.0517578125,11462.0517578125,11238.037709817349,11312.70942375526,877185
2013-11-27,11611.3935546875,11835.4075712164,11462.050147789274,11462.050147789274,1024905
2013-11-28,11424.71484375,11611.393555476245,11424.71484375,11536.72185202206,275475
2013-11-29,11462.0517578125,11611.39518568833,11424.71644775284,11424.71644775284,485775
2013-12-02,11424.71484375,11424.71484375,11312.707835477942,11387.379538932128,277635
2013-12-03,11574.0576171875,11686.064629914536,11424.715298157616,11424.715298157616,565005
2013-12-04,12022.0849609375,12096.756662969376,11574.05693638308,11574.05693638308,1748940
2013-12-05,12694.126953125,12843.470356663523,12022.08491865688,12022.08491865688,1530960
2013-12-06,12955.4794921875,13179.493540503028,12768.80075398503,12768.80075398503,1027710
2013-12-09,12768.80078125,12955.479519851082,12694.129067045847,12955.479519851082,834600
2013-12-10,12806.1376953125,12955.481142424916,12619.46002715008,12731.467065575023,579765
2013-12-11,12694.126953125,12955.477362408212,12619.456345174152,12880.80566063895,1071765
2013-12-12,12694.126953125,12694.126953125,12507.449339429466,12582.119947380314,930420
2013-12-13,12694.126953125,12768.798654894264,12619.456345174152,12694.126953125,473895
2013-12-16,12246.0986328125,12470.11263886284,12246.0986328125,12320.770332768743,900930
2013-12-17,12208.763671875,12470.112988318171,12134.0919698262,12208.763671875,415665
2013-12-18,12320.7705078125,12395.44220882962,12171.428199596668,12208.763503196024,280245
2013-12-19,12320.7705078125,12507.449213446098,12320.7705078125,12320.7705078125,490680
2013-12-20,12320.7705078125,12470.112816028335,12246.09880679538,12283.435204213143,1949010
2013-12-23,12880.8046875,12955.47638362785,12432.776698369566,12432.776698369566,1027020
2013-12-24,12656.791015625,12955.476713933183,12656.791015625,12955.476713933183,692400
2013-12-25,12544.78515625,12768.799176897322,12470.113451428071,12582.120461751734,256725
2013-12-26,12544.78515625,12694.127472075394,12395.442840424606,12507.449850748266,479205
2013-12-27,12582.119140625,12731.462534587748,12470.112142062111,12544.783839043486,623520
2013-12-30,12544.78515625,12918.141492722716,12544.78515625,12694.127472075394,589650
2013-12-31,12544.78515625,12731.463871395588,12544.78515625,12656.79216657366,364275
2014-01-01,12544.78515625,12544.78515625,12544.78515625,12544.78515625,0
2014-01-02,12320.7705078125,12694.12682526129,12283.435204213143,12544.784517045457,405150
2014-01-03,12246.0986328125,12358.10563583767,12208.763329743571,12320.770332768743,422475
2014-01-06,12619.4560546875,12619.4560546875,12208.763345137892,12246.098648253896,479850
2014-01-07,12768.80078125,12843.472495454153,12656.79375685307,12694.129067045847,740565
2014-01-08,12806.1376953125,12806.137695312498,12656.795342018817,12656.795342018817,723270
2014-01-09,12880.8046875,12880.8046875,12731.462389062634,12806.132991372153,751155
2014-01-10,12955.4794921875,13179.493540503028,12880.807778142796,12880.807778142796,667515
2014-01-13,12880.8046875,12992.81168478261,12880.8046875,12880.8046875,472260
2014-01-14,12880.8046875,12955.47638362785,12843.46938634524,12880.8046875,725235
2014-01-15,12880.8046875,13142.153983219976,12880.8046875,12880.8046875,769500
2014-01-16,12992.8125,13067.48420081303,12880.805495689656,12880.805495689656,566280
2014-01-17,13440.8388671875,13664.852848307291,13142.153194421688,13179.489587153832,2119125
2014-01-20,13142.1572265625,13664.857040817456,13142.1572265625,13552.850015892722,935955
2014-01-21,13478.17578125,13478.17578125,13067.484162527591,13142.154769303448,480315
2014-01-22,13179.4921875,13478.176825378758,13067.485174840847,13440.841519098534,1394595
2014-01-23,13179.4921875,13440.841519098534,13179.492187500002,13254.162800060449,457830
2014-01-24,13104.8212890625,13328.835328191772,13067.485980480473,13254.163617209164,413190
2014-01-27,13104.8212890625,13179.493000045108,12992.814269497863,13104.8212890625,343890
2014-01-28,13104.8212890625,13104.8212890625,13104.8212890625,13104.8212890625,0
2014-01-29,13104.8212890625,13104.8212890625,13104.8212890625,13104.8212890625,0
2014-01-30,13104.8212890625,13104.8212890625,13104.8212890625,13104.8212890625,0
2014-01-31,13104.8212890625,13104.8212890625,13104.8212890625,13104.8212890625,0
2014-02-03,13104.8212890625,13104.8212890625,13104.8212890625,13104.8212890625,0
2014-02-04,13104.8212890625,13104.8212890625,13104.8212890625,13104.8212890625,0
2014-02-05,13104.8212890625,13104.8212890625,13104.8212890625,13104.8212890625,0
2014-02-06,13328.833984375,13366.169289192874,13104.819967830885,13104.819967830885,533055
2014-02-07,13104.8212890625,13440.84234775641,13067.485980480473,13440.84234775641,287565
2014-02-10,13104.8212890625,13179.493000045108,13030.14957807989,13142.156597644527,592065
2014-02-11,12992.8125,13216.82650862069,12992.8125,13104.819504310344,1170270
2014-02-12,13142.1572265625,13142.1572265625,12955.479580900346,13067.48660582508,463545
2014-02-13,13328.833984375,13403.505687829189,13104.819967830885,13216.826976102942,858615
2014-02-14,13328.833984375,13552.84800091912,13291.498679557128,13328.833984375,731280
2014-02-17,13216.826171875,13366.168475877632,13142.154472964496,13254.161474421064,528720
2014-02-18,13254.162109375,13254.162109375,13067.484493883325,13142.155102552624,1861995
2014-02-19,13254.162109375,13254.162109375,13254.162109375,13254.162109375,0
2014-02-20,13440.8388671875,14224.88780110677,13142.153194421688,14038.209118900855,1390770
2014-02-21,13403.5048828125,13478.175487963515,13142.154483328815,13440.840185388008,723900
2014-02-24,13403.5048828125,13440.840185388008,13216.826182298208,13366.168486418615,403470
2014-02-25,13478.17578125,13590.182785232184,13366.168777267816,13440.840477862072,668370
2014-02-26,13366.169921875,13552.848642437606,13366.169921875002,13552.848642437606,441735
2014-02-27,13142.1572265625,13440.842990967987,13142.1572265625,13366.171276411966,446850
2014-02-28,13179.4921875,13291.499200159156,13104.82048112107,13142.155787401294,517950
2014-03-03,13104.8212890625,13291.500019609744,12955.478960915834,13291.500019609744,597555
2014-03-04,12880.8046875,12992.81168478261,12843.46938634524,12955.47638362785,322440
2014-03-05,13142.1572265625,13142.1572265625,12918.143176713033,13067.48660582508,346575
2014-03-06,13179.4921875,13254.162800060449,13104.82048112107,13254.162800060449,483645
2014-03-07,13104.8212890625,13179.493000045108,13104.8212890625,13104.8212890625,428670
2014-03-10,13067.4833984375,13104.818699642336,12992.811702209496,13030.147003414331,228660
2014-03-11,13590.18359375,13739.527003823365,13067.48493994861,13067.48493994861,1273980
2014-03-12,13739.52734375,14038.211983649497,13627.520330333064,13664.85563686588,1514190
2014-03-13,13739.52734375,13851.534357166933,13590.18392998176,13776.862650282814,255345
2014-03-14,13403.5048828125,13814.196492598216,13328.833183843108,13739.5258874472,456645
2014-03-17,13067.4833984375,13216.825697075175,13030.147003414331,13179.490395870342,1216410
2014-03-18,13179.4921875,13366.169812719603,13067.485174840847,13067.485174840847,591315
2014-03-19,13216.826171875,13328.833173331566,13104.819170418432,13254.161474421064,152280
2014-03-20,13142.1572265625,13366.171276411966,13104.82191619379,13366.171276411966,1466925
2014-03-21,13067.4833984375,13254.160998280013,13067.483398437502,13142.154000847171,4442160
2014-03-24,13328.833984375,13478.176297464932,13291.498679557128,13440.84099264706,586425
2014-03-25,13179.4921875,13440.841519098534,13179.492187500002,13440.841519098534,695760
2014-03-26,12955.4794921875,13254.16416072914,12918.14308825585,13179.493540503028,976320
2014-03-27,12918.1416015625,13030.14861282986,12806.134590295143,12955.478001197269,460800
2014-03-28,12955.4794921875,13104.82182645832,12918.14308825585,13067.486516345263,517440
2014-03-31,12768.80078125,12955.479519851082,12768.80078125,12955.479519851082,441270
2014-04-01,12619.4560546875,12843.470061020304,12320.770348304295,12694.126660919508,474675
2014-04-02,12395.4443359375,12656.793693618409,12134.093884438,12470.114955949994,355200
2014-04-03,12656.791015625,12656.791015625,12395.441713241811,12395.441713241811,357990
2014-04-04,12619.4560546875,12694.126660919508,12432.7773514707,12582.119657753105,170700
2014-04-07,12619.4560546875,12619.4560546875,12507.449051521096,12619.4560546875,134205
2014-04-08,12694.126953125,12955.477362408212,12544.78464340489,12544.78464340489,340650
2014-04-09,12694.126953125,12694.126953125,12694.126953125,12694.126953125,0
2014-04-10,12768.80078125,12918.143115839706,12731.465471057223,12918.143115839706,291300
2014-04-11,12582.119140625,12806.133137750778,12582.119140625,12768.797836169262,218865
2014-04-14,12470.11328125,12694.12729884023,12320.770967462662,12694.12729884023,205095
2014-04-15,12134.0927734375,12507.450214589631,12134.0927734375,12470.113814183323,299745
2014-04-16,11387.37890625,12134.091524030788,11387.37890625,12059.420918543736,293550
2014-04-17,11424.71484375,11723.400563748304,11424.71484375,11648.72886029412,365565
2014-04-18,10640.666015625,11424.715090460526,10640.666015625,11424.715090460526,488475
2014-04-21,10229.97265625,10827.34407281153,10229.97265625,10827.34407281153,274635
2014-04-22,10229.97265625,10229.97265625,10229.97265625,10229.97265625,0
2014-04-23,10528.6591796875,10640.666192237368,10416.652167137634,10528.6591796875,342015
2014-04-24,10902.0146484375,10939.351045502652,10491.32303126798,10640.665338073406,867495
2014-04-25,11163.3662109375,11387.380241298664,10976.687487697029,10976.687487697029,748155
2014-04-28,11462.0517578125,11536.723471750416,11163.367089698024,11200.702399757683,474945
2014-04-29,11424.71484375,11462.050148567874,11238.036132023755,11238.036132023755,292215
2014-04-30,11424.71484375,11424.71484375,11424.71484375,11424.71484375,0
2014-05-01,11424.71484375,11424.71484375,11424.71484375,11424.71484375,0
2014-05-02,11424.71484375,11424.71484375,11424.71484375,11424.71484375,0
2014-05-05,10678.001953125,11387.380458690122,10640.666645291556,11387.380458690122,344565
2014-05-06,10603.33203125,10603.33203125,10192.639242935766,10491.325006602356,294795
2014-05-07,10752.671875,10902.01417532444,10528.657877604166,10603.32957467556,156420
2014-05-08,10005.95703125,10528.65666280378,10005.95703125,10528.65666280378,1086210
2014-05-09,10043.2958984375,10192.638218349271,9707.274858272138,9707.274858272138,611790
2014-05-12,9371.2529296875,10043.29494630688,9371.2529296875,10043.29494630688,998025
2014-05-13,9445.923828125,9445.923828125,8960.560499033492,9371.253219845335,476235
2014-05-14,10080.630859375,10080.630859375,9259.246487291335,9259.246487291335,579270
2014-05-15,10304.6455078125,10678.001864503882,9968.6244586447,10192.638491423237,1322250
2014-05-16,10715.3388671875,10715.3388671875,10229.974373049829,10229.974373049829,525075
2014-05-19,10565.9921875,10715.335567625323,10341.97821113026,10715.335567625323,426285
2014-05-20,10528.6591796875,10565.994485931296,10267.309848343972,10565.994485931296,200730
2014-05-21,10678.001953125,10827.34537209583,10416.65261065384,10565.994935806142,262305
2014-05-22,10491.322265625,10677.999862053695,10491.322265625,10677.999862053695,286635
2014-05-23,10678.001953125,10715.338354776972,10491.324320139254,10565.994935806142,294015
2014-05-26,11014.021484375,11014.021484375,10565.99347695882,10678.000478812864,576075
2014-05-27,11238.0361328125,11387.379539731352,11014.02211625266,11014.02211625266,350700
2014-05-28,12022.0849609375,12022.0849609375,11947.414352724045,12022.0849609375,807930
2014-05-29,12320.7705078125,12843.47022729553,12134.091802178904,12694.12682526129,1625730
2014-05-30,12171.4296875,12507.450742426516,11947.415650882322,12507.450742426516,421530
2014-06-02,12246.0986328125,12246.0986328125,11984.749323693231,11984.749323693231,51259
2014-06-03,12246.0986328125,12470.11263886284,11947.414020624305,11984.749323693231,512595
2014-06-04,12208.763671875,12283.4353739238,12022.084963662208,12283.4353739238,361365
2014-06-05,12171.4296875,12059.42266919116,12246.100303826866,12171.4296875,376560
2014-06-06,12246.0986328125,12283.435029699816,12022.08462676216,12022.08462676216,399540
2014-06-09,12395.4443359375,12656.793693618409,12134.093884438,12134.093884438,456675
2014-06-10,12320.7705078125,12470.112816028335,12246.09880679538,12320.7705078125,139920
2014-06-11,12358.10546875,12470.11247026078,12246.09846723922,12470.11247026078,173445
2014-06-12,12395.4443359375,12470.114955949994,12246.100908275332,12246.100908275332,183120
2014-06-13,12432.77734375,12470.11264684282,12320.770340653156,12470.11264684282,184920
2014-06-16,12432.77734375,12619.456046850875,12246.098640649128,12246.098640649128,261480
2014-06-17,12432.77734375,12507.44904375403,12320.770340653156,12358.105643745974,315600
2014-06-18,12283.43359375,12507.447573612806,12283.43359375,12507.447573612806,339150
2014-06-19,12171.4296875,12246.100303826866,11574.058193973831,12171.4296875,323370
2014-06-20,11872.7412109375,12320.769181161557,11872.741210937498,11984.748203493513,640920
2014-06-23,11984.7509765625,12096.757995035046,11798.07224783541,11798.07224783541,295935
2014-06-24,12096.7578125,12134.093120154628,11947.415488062965,11984.750795717591,334830
2014-06-25,12507.4482421875,12507.4482421875,12134.090859913156,12208.762555131689,267510
2014-06-26,12731.46484375,12768.800152103186,12470.114403822075,12582.121422700176,636225
2014-06-27,12656.791015625,12806.133317869911,12619.455713518362,12806.133317869911,314895
2014-06-30,12694.126953125,12731.46335091884,12507.449339429466,12507.449339429466,284880
2014-07-01,12619.4560546875,12731.463057853902,12619.4560546875,12694.126660919508,158925
2014-07-02,12544.78515625,12694.127472075394,12432.77814592634,12544.78515625,110580
2014-07-03,12694.126953125,12694.126953125,12544.78464340489,12619.456345174152,116475
2014-07-04,12544.78515625,12731.463871395588,12507.449850748266,12731.463871395588,85545
2014-07-07,13104.8212890625,13142.156597644527,12656.793210803951,12656.793210803951,615825
2014-07-08,12843.470703125,13142.155330622443,12843.470703125,13142.155330622443,143775
2014-07-09,13067.4833984375,13067.483398437502,12880.804704776656,12880.804704776656,114495
2014-07-10,12694.126953125,13067.484368152898,12619.456345174152,13067.484368152898,180120
2014-07-11,12731.46484375,12768.800152103186,12619.457824871904,12694.128441578272,99465
2014-07-14,12694.126953125,12843.470356663523,12656.791649149576,12694.126953125,71265
2014-07-15,12694.126953125,12806.133958869686,12656.791649149576,12656.791649149576,64995
2014-07-16,12955.4794921875,12992.814802300558,12843.47246802974,12880.807778142796,331365
2014-07-17,12918.1416015625,12955.478001197269,12880.806295746204,12955.478001197269,153150
2014-07-18,13067.4833984375,13067.483398437502,12806.13300854865,12918.140005981491,210885
2014-07-21,12880.8046875,12880.8046875,12880.8046875,12992.81168478261,268230
2014-07-22,12880.8046875,12880.8046875,12880.8046875,12843.46938634524,63885
2014-07-23,12880.8046875,12880.8046875,12880.8046875,12880.8046875,69060
2014-07-24,12843.470703125,12843.470703125,12843.470703125,12731.463694358848,97710
2014-07-25,13067.4833984375,13067.483398437502,13067.483398437502,12955.47640100466,483615
2014-07-28,12843.470703125,12843.470703125,12843.470703125,13104.820025639874,111075
2014-07-29,12843.470703125,12843.470703125,12843.470703125,12880.80600810757,126285
2014-07-30,12843.470703125,12843.470703125,12843.470703125,12731.463694358848,67245
2014-07-31,12992.8125,12992.8125,12992.8125,12843.47019219234,117150
2014-08-01,12768.80078125,12768.80078125,12768.80078125,13030.150140236638,142545
2014-08-04,12918.1416015625,12918.141601562502,12918.141601562502,12768.799284478846,117480
2014-08-05,13104.8212890625,13104.8212890625,13104.8212890625,12918.142558515254,221565
2014-08-06,12955.4794921875,12955.479492187502,12955.479492187502,13104.82182645832,195240
2014-08-07,13142.1572265625,13142.1572265625,13142.1572265625,12880.807866344325,276420
2014-08-08,13067.4833984375,13067.483398437502,13067.483398437502,13142.154000847171,210885
2014-08-11,12918.1416015625,12918.141601562502,12918.141601562502,12918.141601562502,141540
2014-08-12,13030.1494140625,13030.1494140625,13030.1494140625,12880.807087795689,93780
2014-08-13,13627.5205078125,13627.5205078125,13627.5205078125,13030.1490325966,577455
2014-08-14,13590.18359375,13590.18359375,13590.18359375,13627.519993177571,311385
2014-08-15,14038.212890625,14038.212890625,14038.212890625,14000.87758168004,2094360
2014-08-18,14112.8818359375,14112.8818359375,14112.8818359375,14187.553533008891,646815
2014-08-19,14000.876953125,14000.876953125,14000.876953125,14112.88396875,289230
2014-08-20,13814.1962890625,13814.1962890625,13814.1962890625,13963.539684800886,519360
2014-08-21,13702.189453125,13702.189453125,13702.189453125,13739.525849415531,624270
2014-08-22,13776.8642578125,13776.8642578125,13776.8642578125,13702.19254221544,275385
2014-08-25,13963.5419921875,13963.541992187498,13963.541992187498,13814.19857177106,752820
2014-08-26,13702.189453125,13702.189453125,13702.189453125,13963.539851885253,1130130
2014-08-27,13030.1494140625,13030.1494140625,13030.1494140625,13478.17748668148,1594800
2014-08-28,13366.169921875,13366.169921875002,13366.169921875002,13030.148881153407,616890
2014-08-29,13216.826171875,13216.826171875,13216.826171875,13478.1754773342,303585
2014-09-01,13216.826171875,13216.826171875,13216.826171875,13216.826171875,0
2014-09-02,13216.826171875,13216.826171875,13216.826171875,13216.826171875,0
2014-09-03,12955.4794921875,13104.82182645832,12955.479492187502,13104.82182645832,831165
2014-09-04,12656.791015625,12768.798015763274,12656.791015625,12768.798015763274,528180
2014-09-05,12470.11328125,12507.44968006067,12470.113281250002,12507.44968006067,715395
2014-09-08,12843.470703125,12843.470703125,12470.113278025528,12470.113278025528,1291875
2014-09-09,12955.4794921875,12955.479492187502,12880.807778142796,12880.807778142796,638820
2014-09-10,12880.8046875,12880.8046875,12806.132991372153,12806.132991372153,381330
2014-09-11,12880.8046875,12880.8046875,12880.8046875,12880.8046875,459960
2014-09-12,12731.46484375,12731.46484375,12731.46484375,12731.46484375,533220
2014-09-15,12694.126953125,12694.126953125,12694.126953125,12619.456345174152,639360
2014-09-16,12918.1416015625,12918.141601562502,12619.456967395192,12619.456967395192,1849305
2014-09-17,13067.4833984375,13067.483398437502,13067.483398437502,13067.483398437502,2846790
2014-09-18,12918.1416015625,12918.141601562502,12918.141601562502,13067.485012464624,674295
2014-09-19,13104.8212890625,13104.8212890625,12918.142558515254,12918.142558515254,10576635
2014-09-22,13291.4990234375,13440.841340391247,13291.4990234375,13440.841340391247,1785975
2014-09-23,13179.4921875,13291.499200159156,13179.492187500002,13291.499200159156,653805
2014-09-24,13030.1494140625,13104.821124105176,13030.1494140625,13104.821124105176,1305270
2014-09-25,13216.826171875,13216.826171875,13067.483867872366,13067.483867872366,1644195
2014-09-26,13254.162109375,13291.498507528077,13254.162109375,13291.498507528077,2498805
2014-09-29,13440.8388671875,13440.838867187498,13291.496577713728,13291.496577713728,1526175
2014-09-30,13328.833984375,13403.505687829189,13328.833984375,13403.505687829189,995250
2014-10-01,13627.5205078125,13627.5205078125,13440.841785080218,13440.841785080218,2682135
2014-10-02,13963.5419921875,13963.541992187498,13702.191553368002,13702.191553368002,2818455
2014-10-03,13814.1962890625,14075.546684695497,13814.1962890625,14075.546684695497,1587615
2014-10-06,13776.8642578125,13888.87128429878,13776.8642578125,13888.87128429878,1462350
2014-10-07,13515.51171875,13776.86102121296,13515.511718750002,13776.86102121296,1959975
2014-10-08,13552.84765625,13552.847656250002,13440.840650826449,13440.840650826449,1334010
2014-10-09,13440.8388671875,13552.845857747396,13440.838867187498,13552.845857747396,1195590
2014-10-10,13328.833984375,13440.84099264706,13328.833984375,13440.84099264706,1511910
2014-10-13,13254.162109375,13328.833811862729,13254.162109375,13328.833811862729,870300
2014-10-14,13216.826171875,13254.161474421064,13216.826171875,13254.161474421064,1077810
2014-10-15,12918.1416015625,13104.82031828092,12918.141601562502,13104.82031828092,1251195
2014-10-16,12656.791015625,13030.14731814646,12656.791015625,13030.14731814646,1167300
2014-10-17,12768.80078125,12768.80078125,12656.79375685307,12656.79375685307,1005135
2014-10-20,12694.126953125,12806.133958869686,12694.126953125,12806.133958869686,372045
2014-10-21,12694.126953125,12694.126953125,12694.126953125,12694.126953125,387825
2014-10-22,12955.4794921875,12955.479492187502,12694.129039940322,12694.129039940322,519360
2014-10-23,12694.126953125,12955.477362408212,12694.126953125,12955.477362408212,756150
2014-10-24,12582.119140625,12694.126139187889,12582.119140625,12694.126139187889,558285
2014-10-27,11984.7509765625,12544.786068925234,11984.7509765625,12544.786068925234,830655
2014-10-28,12134.0927734375,12134.0927734375,11947.415146679929,11947.415146679929,544305
2014-10-29,12619.4560546875,12619.4560546875,12283.435045188293,12283.435045188293,346635
2014-10-30,12582.119140625,12619.45553602486,12582.119140625,12619.45553602486,425220
2014-10-31,12880.8046875,12880.8046875,12768.797690217392,12768.797690217392,910935
2014-11-03,12806.1376953125,13030.15177216239,12806.137695312498,13030.15177216239,348900
2014-11-04,12806.1376953125,12806.137695312498,12806.137695312498,12806.137695312498,239460
2014-11-05,12694.126953125,12768.798654894264,12694.126953125,12768.798654894264,421305
2014-11-06,12656.791015625,12694.126317731638,12656.791015625,12694.126317731638,296940
2014-11-07,12694.126953125,12806.133958869686,12694.126953125,12806.133958869686,270615
2014-11-10,12806.1376953125,12806.137695312498,12768.802380443762,12768.802380443762,281295
2014-11-11,12918.1416015625,12918.141601562502,12806.134590295143,12806.134590295143,420540
2014-11-12,12843.470703125,12918.141313090138,12843.470703125,12918.141313090138,364590
2014-11-13,12880.8046875,12918.13998865476,12880.8046875,12918.13998865476,397560
2014-11-14,12880.8046875,12955.47638362785,12880.8046875,12955.47638362785,405300
2014-11-17,12880.8046875,12880.8046875,12768.797690217392,12768.797690217392,847380
2014-11-18,12619.4560546875,12843.470061020304,12619.4560546875,12843.470061020304,465390
2014-11-19,12582.119140625,12768.797836169262,12582.119140625,12768.797836169262,473985
2014-11-20,12582.119140625,12582.119140625,12582.119140625,12582.119140625,284955
2014-11-21,12395.4443359375,12656.793693618409,12395.4443359375,12656.793693618409,437460
2014-11-24,12171.4296875,12246.100303826866,12171.4296875,12246.100303826866,274275
2014-11-25,12134.0927734375,12134.0927734375,12059.422160261867,12059.422160261867,256890
2014-11-26,11947.4140625,12134.09167231733,11947.4140625,12134.09167231733,789705
2014-11-27,11947.4140625,11947.4140625,11947.4140625,11947.4140625,205095
2014-11-28,11947.4140625,11947.4140625,11947.4140625,11947.4140625,494460
2014-12-01,11984.7509765625,11984.7509765625,11984.7509765625,11984.7509765625,283425
2014-12-02,12208.763671875,12208.763671875,12022.084963662208,12022.084963662208,449805
2014-12-03,12171.4296875,12246.100303826866,12171.4296875,12246.100303826866,315540
2014-12-04,12059.4208984375,12320.7702048432,12059.4208984375,12320.7702048432,361815
2014-12-05,11984.7509765625,12096.757995035046,11984.7509765625,12096.757995035046,167130
2014-12-08,11574.0576171875,12022.085668095642,11574.0576171875,12022.085668095642,619890
2014-12-09,12134.0927734375,12134.0927734375,11536.722398939975,11536.722398939975,1201770
2014-12-10,11835.408203125,11835.408203125,11462.050759763808,11462.050759763808,234780
2014-12-11,11805.3232421875,11959.640816312958,11805.3232421875,11959.640816312958,235185
2014-12-12,11728.1650390625,11882.483758565762,11728.1650390625,11882.483758565762,180360
2014-12-15,11882.484375,11882.484374999998,11728.165647491058,11728.165647491058,181035
2014-12-16,11535.2685546875,11766.745508090871,11535.268554687502,11766.745508090871,231510
2014-12-17,10763.6767578125,11535.266866308131,10763.6767578125,11535.266866308131,738915
2014-12-18,11033.7353515625,11033.7353515625,10956.577113961172,10956.577113961172,289650
2014-12-19,10917.994140625,11072.312837839105,10917.994140625,11072.312837839105,155700
2014-12-22,11149.470703125,11149.470703125002,11033.732249008624,11033.732249008624,241020
2014-12-23,10879.4150390625,11149.471063988563,10879.4150390625,11149.471063988563,204210
2014-12-24,10956.57421875,11110.891783433795,10956.57421875,11110.891783433795,69255
2014-12-25,10840.8359375,10840.8359375,10840.8359375,10840.8359375,178605
2014-12-26,10609.359375,10802.256057826156,10609.359375,10802.256057826156,282645
2014-12-29,10570.7783203125,10647.937665656997,10570.7783203125,10647.937665656997,150120
2014-12-30,10802.2568359375,10802.2568359375,10570.779895665564,10570.779895665564,123825
2014-12-31,11149.470703125,11149.470703125002,10840.835578986886,10840.835578986886,259365
2015-01-01,11149.470703125,11149.470703125002,11149.470703125002,11149.470703125002,0
2015-01-02,11149.470703125,11149.470703125002,11149.470703125002,11149.470703125002,0
2015-01-05,11033.7353515625,11149.47383822315,11033.7353515625,11149.47383822315,225060
2015-01-06,11342.3681640625,11342.3681640625,10763.675910794003,10763.675910794003,418335
2015-01-07,11496.685546875,11496.685546875,11342.367991766989,11342.367991766989,422340
2015-01-08,11573.845703125,11573.845703125,11419.528137169458,11419.528137169458,526590
2015-01-09,11728.1650390625,11728.1650390625,11612.42656456432,11612.42656456432,333315
2015-01-12,11419.5283203125,11728.163457173388,11419.5283203125,11728.163457173388,222300
2015-01-13,11612.4248046875,11612.4248046875,11342.36878187191,11342.36878187191,366150
2015-01-14,11458.1083984375,11573.846867108588,11458.1083984375,11573.846867108588,288600
2015-01-15,11573.845703125,11573.845703125,11573.845703125,11573.845703125,266460
2015-01-16,11458.1083984375,11573.846867108588,11458.1083984375,11573.846867108588,316725
2015-01-19,11458.1083984375,11458.1083984375,11458.1083984375,11458.1083984375,253365
2015-01-20,11380.9482421875,11458.107592628032,11380.9482421875,11458.107592628032,103560
2015-01-21,11380.9482421875,11458.107592628032,11380.9482421875,11458.107592628032,144060
2015-01-22,11380.9482421875,11419.528482536967,11380.9482421875,11419.528482536967,295710
2015-01-23,11458.1083984375,11458.1083984375,11380.949042570615,11380.949042570615,293595
2015-01-26,11496.685546875,11496.685546875,11342.367991766989,11342.367991766989,496680
2015-01-27,11689.5849609375,11689.5849609375,11573.846495977725,11573.846495977725,1203675
2015-01-28,11496.685546875,11689.583338453733,11496.685546875,11689.583338453733,270345
2015-01-29,11458.1083984375,11496.6875112417,11458.1083984375,11496.6875112417,351225
2015-01-30,11303.791015625,11419.529486330175,11303.791015625,11419.529486330175,394590
2015-02-02,10956.57421875,11303.789586982306,10956.57421875,11265.209348117589,22939
2015-02-03,10802.2568359375,11072.314019760424,10802.2568359375,11072.314019760424,17992
2015-02-04,10763.6767578125,10956.574567501008,10725.097647978158,10763.6767578125,17206
2015-02-05,10802.2568359375,10917.995306073468,10725.09860935252,10879.416192780978,8749
2015-02-06,10802.2568359375,10879.416192780978,10725.09860935252,10802.2568359375,7873
2015-02-09,10647.939453125,10840.8372837388,10609.360339105648,10840.8372837388,11617
2015-02-10,10725.09765625,10763.676766114098,10609.359196399311,10647.938306263408,6501
2015-02-11,10879.4150390625,10917.99414826383,10725.097471998804,10917.99414826383,11620
2015-02-12,10917.994140625,10956.574380057717,10802.25568284361,10956.574380057717,10021
2015-02-13,10956.57421875,10956.57421875,10879.414871278925,10917.993979885285,9462
2015-02-16,10956.57421875,10956.57421875,10956.57421875,10956.57421875,0
2015-02-17,10956.57421875,10956.57421875,10956.57421875,10956.57421875,0
2015-02-18,10956.57421875,10956.57421875,10956.57421875,10956.57421875,0
2015-02-19,10956.57421875,10956.57421875,10956.57421875,10956.57421875,0
2015-02-20,10956.57421875,10956.57421875,10956.57421875,10956.57421875,0
2015-02-23,10956.57421875,10956.57421875,10956.57421875,10956.57421875,0
2015-02-24,10956.57421875,10956.57421875,10956.57421875,10956.57421875,0
2015-02-25,10956.57421875,11188.05113090487,10956.57421875,10956.57421875,20847
2015-02-26,10956.57421875,11110.891783433795,10879.414871278925,11110.891783433795,13497
2015-02-27,10956.57421875,11072.312674827435,10879.414871278925,11072.312674827435,14005
2015-03-02,10995.1533203125,10995.1533203125,10879.41486430921,10995.1533203125,7723
2015-03-03,11110.8916015625,11110.8916015625,10917.993801171482,10917.993801171482,34359
2015-03-04,11380.9482421875,11380.9482421875,11110.892211033244,11110.892211033244,67612
2015-03-05,11419.5283203125,11573.845888742944,11380.9480805111,11458.107429855514,49345
2015-03-06,11380.9482421875,11458.107592628032,11342.369132096435,11458.107592628032,19561
2015-03-09,11110.8916015625,11380.947617903252,11110.8916015625,11380.947617903252,18876
2015-03-10,11072.3134765625,11110.892587962331,10995.154123504391,11072.3134765625,23710
2015-03-11,11033.7353515625,11110.894719422486,10995.156232761836,10995.156232761836,17553
2015-03-12,11072.3134765625,11072.3134765625,10956.575012104558,11072.3134765625,19602
2015-03-13,10995.1533203125,11072.312667734146,10995.1533203125,11033.732428894144,11859
2015-03-16,10956.57421875,11033.732435962718,10956.57421875,10956.57421875,19057
2015-03-17,10995.1533203125,11033.732428894144,10956.574211730856,10956.574211730856,16066
2015-03-18,11149.470703125,11188.05094133602,10995.153141055944,10995.153141055944,25516
2015-03-19,11072.3134765625,11265.210163820106,11033.733234904224,11072.3134765625,7552
2015-03-20,11110.8916015625,11110.8916015625,11033.732255354424,11033.732255354424,6718
2015-03-23,10956.57421875,11149.470892040154,10956.57421875,11110.891783433795,13882
2015-03-24,10956.57421875,10995.153327356358,10879.414871278925,10956.57421875,18300
2015-03-25,10840.8359375,10956.57439544392,10840.8359375,10956.57439544392,9772
2015-03-26,10609.359375,10879.415409111669,10609.359375,10802.256057826156,29253
2015-03-27,10455.0419921875,10725.099190647385,10455.0419921875,10609.360714238452,24985
2015-03-30,10262.1435546875,10570.778686232588,10262.143554687498,10532.199577354044,24850
2015-03-31,10493.6201171875,10493.6201171875,10300.722318735556,10339.301426322612,10227
2015-04-01,10262.1435546875,10570.778686232588,10262.143554687498,10493.6204684755,34864
2015-04-02,10416.4609375,10416.4609375,10262.143374437968,10300.72248263889,7422
2015-04-03,10570.7783203125,10609.358558113912,10416.460759881842,10609.358558113912,6625
2015-04-06,10416.4609375,10570.778500562034,10416.4609375,10570.778500562034,2157
2015-04-07,10570.7783203125,10570.7783203125,10339.301414537347,10416.460759881842,8977
2015-04-08,10455.0419921875,10609.360714238452,10416.462876804042,10570.780468596437,3663
2015-04-09,10570.7783203125,10647.937665656997,10455.039867424925,10455.039867424925,11853
2015-04-10,10570.7783203125,10725.097011001488,10570.7783203125,10570.7783203125,7375
2015-04-13,10647.939453125,10647.939453125,10570.780094827776,10609.360339105648,12747
2015-04-14,10532.19921875,10647.937671703296,10532.19921875,10647.937671703296,7089
2015-04-15,10570.7783203125,10609.358558113912,10493.620105226337,10609.358558113912,4182
2015-04-16,10725.09765625,10725.09765625,10570.778956276818,10570.778956276818,20187
2015-04-17,11458.1083984375,11458.1083984375,10725.098473606784,10725.098473606784,93045
2015-04-20,11342.3681640625,11573.845065369898,11265.208820207266,11573.845065369898,42681
2015-04-21,11072.3134765625,11342.369516878214,11072.3134765625,11303.79040547838,29622
2015-04-22,11265.208984375,11496.685889055709,11072.312317313294,11188.050769653646,35794
2015-04-23,11419.5283203125,11458.107429855514,11072.312943650211,11265.20962162367,33069
2015-04-24,11380.9482421875,11496.686702719097,11342.369132096435,11380.9482421875,25036
2015-04-27,11380.9482421875,11419.528482536967,11303.790022005373,11380.9482421875,11073
2015-04-28,11380.9482421875,11380.9482421875,11380.9482421875,11380.9482421875,0
2015-04-29,11380.9482421875,11380.9482421875,11380.9482421875,11380.9482421875,0
2015-04-30,11380.9482421875,11380.9482421875,11380.9482421875,11380.9482421875,0
2015-05-01,11380.9482421875,11380.9482421875,11380.9482421875,11380.9482421875,0
2015-05-04,10802.2568359375,11380.94918661734,10725.09860935252,11380.94918661734,57942
2015-05-05,11110.8916015625,11110.8916015625,10725.097131038803,10840.835585221748,39217
2015-05-06,11265.208984375,11342.368329354676,10995.152972333615,11110.89142467397,52627
2015-05-07,11805.3232421875,11921.0617053462,11265.210037360752,11265.210037360752,97630
2015-05-08,11921.0615234375,12229.69779723723,11766.743951666842,11766.743951666842,70149
2015-05-11,11689.5849609375,11882.482779289943,11651.00584937039,11651.00584937039,24289
2015-05-12,11882.484375,12113.961336004812,11766.745894497592,11805.325011245528,95950
2015-05-13,11921.0615234375,12075.37909520816,11882.48241305944,11882.48241305944,37450
2015-05-14,11998.220703125,11998.220703125002,11766.743783645152,11921.061353212252,31708
2015-05-15,11766.7421875,11959.638840728066,11766.7421875,11921.059736134102,20233
2015-05-18,11188.0517578125,11728.163829599422,11188.0517578125,11728.163829599422,32383
2015-05-19,11342.3681640625,11458.1066147162,11149.470369553566,11188.050606610335,22846
2015-05-20,11728.1650390625,11766.745284067583,11342.37050082142,11342.37050082142,35632
2015-05-21,11843.90234375,11843.902343749998,11651.005658810947,11766.74412187775,23548
2015-05-22,11805.3232421875,11882.482594379444,11651.005668062042,11843.902353154255,19969
2015-05-25,12152.5380859375,12191.11719517181,11766.74360281926,11766.74360281926,53374
2015-05-26,11921.0615234375,12306.856017993354,11921.0615234375,12191.117556600757,51417
2015-05-27,11921.0615234375,12036.799984830095,11805.323062044905,11805.323062044905,31783
2015-05-28,11843.90234375,11959.640806816802,11766.74412187775,11805.323232813877,36840
2015-05-29,11843.90234375,11843.902343749998,11689.58476974707,11805.323232813877,32452
2015-06-01,11766.7421875,11882.480631540137,11766.7421875,11766.7421875,16948
2015-06-02,11612.4248046875,11766.74350080358,11612.4248046875,11728.163261645375,36850
2015-06-03,11728.1650390625,11805.324398814131,11612.42656456432,11612.42656456432,16602
2015-06-04,11766.7421875,11805.321292093966,11651.003743459863,11651.003743459863,16707
2015-06-05,11843.90234375,11843.902343749998,11728.163880683196,11843.902343749998,17040
2015-06-08,11959.6416015625,12229.69878683658,11959.641601562502,12152.539429578486,59655
2015-06-09,11766.7421875,12075.377284768205,11766.7421875,11959.638840728066,23223
2015-06-10,11998.220703125,12113.959162864923,11766.743783645152,11843.902003299503,25693
2015-06-11,11959.6416015625,12075.380072320391,11921.062488062706,12075.380072320391,22035
2015-06-12,11959.6416015625,11998.2218453208,11921.062488062706,11959.641601562502,23751
2015-06-15,11921.0615234375,11959.640633815565,11843.902172422964,11921.0615234375,18057
2015-06-16,11882.484375,11921.063491747936,11805.325011245528,11921.063491747936,14767
2015-06-17,11728.1650390625,11882.483758565762,11651.006809569408,11805.324398814131,13216
2015-06-18,11766.7421875,11959.638840728066,11766.7421875,11959.638840728066,8667
2015-06-19,11689.5849609375,11805.323425897275,11651.00584937039,11728.164072504607,26529
2015-06-22,11689.5849609375,11805.323425897275,11651.00584937039,11689.5849609375,9958
2015-06-23,11766.7421875,11766.7421875,11651.003743459863,11689.582848053828,9780
2015-06-24,11843.90234375,12036.80015894748,11843.902343749998,11882.482584944551,25173
2015-06-25,11843.90234375,11959.640806816802,11766.74412187775,11959.640806816802,8632
2015-06-26,11959.6416015625,12306.857013836172,11843.90313080461,11882.48337456291,99796
2015-06-29,12075.37890625,12075.37890625,11959.640446668504,11959.640446668504,28938
2015-06-30,11998.220703125,12075.378922779351,11959.640463039428,11998.220703125002,29506
2015-07-01,11998.220703125,12036.799812952177,11882.482243385077,12036.799812952177,24250
2015-07-02,12113.9580078125,12113.958007812502,11959.63932270112,12036.79866525681,49260
2015-07-03,12191.1171875,12306.855645388476,12113.958969079937,12191.1171875,52086
2015-07-06,12808.390625,12808.390625,12229.698294506905,12268.277406453626,118407
2015-07-07,12692.650390625,13001.285503718183,12654.070153794628,12808.38884059952,50544
2015-07-08,12345.4365234375,12692.651915063008,12345.4365234375,12692.651915063008,64152
2015-07-09,12615.494140625,12615.494140625,12268.278705561926,12268.278705561926,45165
2015-07-10,12538.333984375,12731.231812837494,12538.333984375,12731.231812837494,21607
2015-07-13,12499.75390625,12615.492368344909,12422.594554767256,12615.492368344909,25392
2015-07-14,12345.4365234375,12538.333209723824,12306.856281973489,12461.17498731267,42675
2015-07-15,12384.015625,12576.913441394556,12229.698050039417,12345.436513824465,38805
2015-07-16,12384.015625,12461.17497760951,12306.85627239049,12384.015625,12799
2015-07-17,12654.0703125,12846.96810829626,12384.01430259189,12499.752754017982,71589
2015-07-20,12615.494140625,12731.232618979358,12461.176546238716,12692.65350294743,25294
2015-07-21,12962.70703125,13039.866378426894,12576.91255588225,12576.91255588225,86244
2015-07-22,13425.6611328125,13425.661132812502,12924.128191385516,12924.128191385516,86793
2015-07-23,13194.1826171875,13464.238609792392,13194.1826171875,13309.921061197916,33174
2015-07-24,13309.9228515625,13387.082201367835,13117.025042178362,13194.184391983696,56991
2015-07-27,13695.7158203125,13811.454267048262,13117.023586633686,13271.342269120216,86088
2015-07-28,13695.7158203125,13772.875161555765,13541.398268084238,13541.398268084238,39514
2015-07-29,13502.8203125,13850.03568227636,13502.820312500002,13618.55876909212,75195
2015-07-30,13387.0830078125,13541.400586460944,13348.502765456542,13387.0830078125,31630
2015-07-31,13232.765625,13657.140421634143,13232.765625,13348.504103149442,24195
2015-08-03,12962.70703125,13155.604834063051,12769.809228436949,13039.866378426894,121263
2015-08-04,12924.12890625,13117.025593483137,12808.390441806743,12808.390441806743,30883
2015-08-05,13194.1826171875,13194.1826171875,12885.546389740308,12885.546389740308,15202
2015-08-06,13155.6083984375,13309.92600434367,13117.028149266962,13117.028149266962,39870
2015-08-07,13117.025390625,13271.344094335062,13039.867169028394,13155.605631681728,27928
2015-08-10,13502.8203125,13502.820312500002,13232.76316027948,13232.76316027948,42916
2015-08-11,13387.0830078125,13657.139053011892,13387.0830078125,13502.821474363447,25549
2015-08-12,13155.6083984375,13348.505123255549,13078.449030355085,13348.505123255549,51055
2015-08-13,12962.70703125,13232.76305098159,12962.70703125,13232.76305098159,525570
2015-08-14,13309.9228515625,13309.9228515625,12808.389903473812,13039.866822631422,42661
2015-08-17,13078.4443359375,13425.659672289825,13078.4443359375,13425.659672289825,411375
2015-08-18,13232.765625,13271.345871222198,13039.868914923314,13271.345871222198,120450
2015-08-19,13271.34375,13271.343750000002,13039.86683069918,13232.763509944269,192045
2015-08-20,13348.5029296875,13541.400753065183,13271.344704543206,13387.083172518123,822765
2015-08-21,13309.9228515625,13309.9228515625,12924.128363052618,13232.763501757168,427035
2015-08-24,12384.015625,13194.184871495328,12384.015625,13039.867296534743,1092195
2015-08-25,12422.59375,12538.332204597076,11959.6399316117,12036.799278095865,453090
2015-08-26,12731.232421875,12731.232421875,12345.437876752854,12499.75546875,225210
2015-08-27,12924.12890625,13039.86737069326,12769.810200153364,12885.54866459662,124095
2015-08-28,13078.4443359375,13078.4443359375,12808.38833997178,12924.126785422552,297360
2015-08-31,12808.390625,13078.44666914396,12808.390625,13078.44666914396,198480
2015-09-01,12654.0703125,12846.96810829626,12538.331861073908,12846.96810829626,343230
2015-09-02,12654.0703125,12654.0703125,12654.0703125,12654.0703125,0
2015-09-03,12345.4365234375,12654.071673598994,12345.4365234375,12576.913451187838,378960
2015-09-04,12692.650390625,12846.967947171594,12345.435040701444,12345.435040701444,456855
2015-09-07,12615.494140625,12654.073256656926,12538.33477830257,12654.073256656926,94995
2015-09-08,12692.650390625,12692.650390625002,12461.173490675965,12615.491047222557,56445
2015-09-09,12654.0703125,12769.808763926092,12461.173646962055,12731.229656870168,185055
2015-09-10,12615.494140625,12654.073256656926,12538.33477830257,12654.073256656926,134685
2015-09-11,12654.0703125,12846.96810829626,12615.491205444074,12615.491205444074,317925
2015-09-14,12461.17578125,12846.970308661164,12461.17578125,12846.970308661164,116430
2015-09-15,12461.17578125,12538.334008577129,12461.17578125,12538.334008577129,56805
2015-09-16,12461.17578125,12615.493366162764,12422.595537327928,12615.493366162764,89355
2015-09-17,12615.494140625,12615.494140625,12499.755662270642,12538.33477830257,75435
2015-09-18,12654.0703125,12808.389001240334,12615.491205444074,12692.65054981424,241950
2015-09-21,12885.5498046875,12885.5498046875,12654.072855320308,12654.072855320308,228465
2015-09-22,13155.6083984375,13232.766636261254,12885.551175278377,12885.551175278377,534285
2015-09-23,13194.1826171875,13194.1826171875,13078.444173177082,13155.603512603442,399675
2015-09-24,13117.025390625,13194.18474248003,13078.446279826698,13117.025390625,235515
2015-09-25,13387.0830078125,13387.0830078125,13078.44672025715,13194.1851868081,389025
2015-09-28,13155.6083984375,13464.24361024984,13155.608398437502,13464.24361024984,123660
2015-09-29,13194.1826171875,13194.1826171875,13039.865068593024,13117.023277761142,226515
2015-09-30,13194.1826171875,13348.500165781974,13194.1826171875,13194.1826171875,263160
2015-10-01,13194.1826171875,13232.761721771558,13039.865068593024,13155.603512603442,166620
2015-10-02,13194.1826171875,13194.1826171875,13194.1826171875,13194.1826171875,0
2015-10-05,14158.671875,14197.252116930027,13309.923506416137,13425.66197168932,1238565
2015-10-06,14428.73046875,14853.104129714797,14428.73046875,14467.309584221735,1033590
2015-10-07,14197.25390625,14428.730865970065,14081.51542638997,14428.730865970065,519825
2015-10-08,14660.2041015625,14660.2041015625,14120.090956000951,14158.670062734524,803520
2015-10-09,14853.103515625,15238.899175426206,14583.04745797097,14660.206815982914,918375
2015-10-12,14968.8388671875,15045.998209115209,14814.52131359036,14814.52131359036,348840
2015-10-13,14891.6826171875,14968.84083902092,14853.10237601236,14891.6826171875,442290
2015-10-14,14968.8388671875,15354.634446567768,14853.100419425076,14891.680655518068,847770
2015-10-15,15007.4208984375,15161.738470493792,14968.840657729615,14968.840657729615,329430
2015-10-16,15007.4208984375,15238.897821651146,15007.4208984375,15046.00000888697,414630
2015-10-19,15045.9970703125,15123.156406400163,14814.520192307691,15007.41796739776,341385
2015-10-20,15933.328125,15971.907234320444,14968.840219663469,14968.840219663469,1841055
2015-10-21,15933.328125,16203.38415075987,15933.328125,15971.907234320444,392355
2015-10-22,16049.068359375,16126.226586555014,15779.011173469438,15971.909001936485,389775
2015-10-23,16627.759765625,16782.077341437125,16049.067443506478,16049.067443506478,745185
2015-10-26,16280.5419921875,17052.130888702584,15817.588202175137,16820.653993696404,818880
2015-10-27,16280.5419921875,16396.28043969059,16087.644202929589,16126.22330867786,670680
2015-10-28,16280.5419921875,16859.23422970295,16203.38265043268,16203.38265043268,1199745
2015-10-29,16280.5419921875,16666.33644044504,16241.961756180952,16666.33644044504,513240
2015-10-30,16550.59765625,16704.91520636205,16203.382320804194,16280.541660989344,533970
2015-11-02,16203.384765625,16782.077078683036,16164.805654840606,16589.179264244216,757605
2015-11-03,16589.1796875,16589.1796875,16010.487359677229,16357.70275637089,927915
2015-11-04,16396.28125,16897.81417054655,16396.28125,16627.758156445845,1031310
2015-11-05,16396.28125,16512.019703222923,16319.121904431942,16319.121904431942,711060
2015-11-06,15624.6923828125,16434.861617476854,15624.6923828125,16396.28250686469,1701645
2015-11-09,15238.8984375,15624.692948361033,15046.000616940257,15624.692948361033,956115
2015-11-10,15316.0576171875,15624.693923289267,15161.740029265882,15161.740029265882,747855
2015-11-11,15431.7958984375,15586.11461469508,15316.05742637357,15586.11461469508,345795
2015-11-12,15554.0361328125,15594.331168678878,15110.786016161705,15513.739916415963,511590
2015-11-13,15795.80859375,15956.98991656893,15433.149732009795,15433.149732009795,499290
2015-11-16,16319.6513671875,16521.1289380703,15916.697405952242,15916.697405952242,847905
2015-11-17,15997.287109375,16480.832323568,15916.697027363038,16319.65097901377,399900
2015-11-18,15876.40234375,16037.584884448048,15836.107298840698,15916.698569189724,259095
2015-11-19,15513.7412109375,15876.400105586925,15473.446171708762,15755.51380737045,604665
2015-11-20,15513.7412109375,15715.21876814171,15433.15113248002,15513.7412109375,361440
2015-11-23,15312.2685546875,15594.336258883215,15271.972325137724,15594.336258883215,444600
2015-11-24,15312.2685546875,15594.336258883215,15191.382227099257,15312.268554687498,240930
2015-11-25,15392.8564453125,15473.447712324312,15110.78878156671,15231.675091819245,216600
2015-11-26,15392.8564453125,15513.742755565032,15271.970135059964,15433.152669083593,235125
2015-11-27,15151.083984375,15473.44787528694,15151.083984375,15312.266520096162,238800
2015-11-30,14869.013671875,15110.786251905489,14788.42241835478,15070.491215410466,306270
2015-12-01,14707.833984375,14949.606591348122,14707.833984375,14707.833984375,254385
2015-12-02,14909.3115234375,14949.60774807114,14748.130166494146,14788.425210597385,109440
2015-12-03,14909.3115234375,15030.197836277615,14828.721435231022,14828.721435231022,97155
2015-12-04,14869.013671875,14949.604925395222,14788.42241835478,14909.308708370025,144930
2015-12-07,15231.673828125,15271.968868022646,14869.01492745536,14869.01492745536,230985
2015-12-08,15997.287109375,15997.287109375,15070.492902525288,15231.674247079518,668235
2015-12-09,15715.21875,16077.87764423077,15715.21875,16077.87764423077,477570
2015-12-10,15473.4482421875,15755.515915592236,15392.856972415968,15715.220870971678,260850
2015-12-11,15715.21875,15836.105048076925,15473.446153846156,15594.332451923075,819570
2015-12-14,15715.21875,15916.696306971624,15634.6274911053,15755.513789182223,407775
2015-12-15,15795.80859375,15916.694880996734,15634.62609040092,15634.62609040092,468555
2015-12-16,16158.4716796875,16359.948090749209,15876.402815352378,15876.402815352378,990945
2015-12-17,16400.240234375,16682.307847955988,16239.057729017151,16239.057729017151,473985
2015-12-18,16400.240234375,16642.01281188161,16198.762692942772,16198.762692942772,664515
2015-12-21,16118.17578125,16400.244651328623,15997.289459939298,16400.244651328623,377850
2015-12-22,16118.17578125,16319.653376944663,15956.99441301256,16077.88073432326,315480
2015-12-23,16118.17578125,16158.472008707222,15916.69936608582,16037.58568739652,516090
2015-12-24,16400.240234375,16642.01281188161,16118.171440263848,16118.171440263848,667680
2015-12-25,16400.240234375,16642.01281188161,16319.648981696077,16480.83030652376,485235
2015-12-28,16924.080078125,17085.261399644714,16400.23989778832,16521.126184060642,1139265
2015-12-29,17004.673828125,17206.150214500703,16883.787524087453,16924.082565256533,612750
2015-12-30,17044.970703125,17165.857020168438,16843.493114542453,17165.857020168438,428715
2015-12-31,17085.265625,17246.448166911894,16924.084263618537,17085.265625,547800
2016-01-04,17327.037109375,17528.514683151225,17125.56071612913,17286.742066831895,756945
2016-01-05,17125.560546875,17407.62820294972,17085.264324199798,17327.036938129655,582825
2016-01-06,17165.857421875,17206.1524683223,17044.97110200264,17125.562375427704,360135
2016-01-07,16521.126953125,17044.96715784663,16319.6494064489,16964.375903070148,1317885
2016-01-08,16158.4716796875,16359.948090749209,15916.699041989086,16319.653044642955,715515
2016-01-11,15876.40234375,16239.061289524976,15836.107298840698,16118.17497426665,463470
2016-01-12,16077.880859375,16198.76718162594,15876.40326211327,15876.40326211327,532605
2016-01-13,16279.3564453125,16400.242752627866,16118.173915205118,16118.173915205118,533895
2016-01-14,16158.4716796875,16198.76672579375,15956.994088095336,15997.289134201585,332220
2016-01-15,15836.103515625,16198.76237476145,15836.103515625,16118.171123665526,300735
2016-01-18,15634.6298828125,15674.926108689291,14989.90325461862,15513.743566242996,627855
2016-01-19,15876.40234375,15916.698569189724,15554.039623414745,15554.039623414745,209055
2016-01-20,15956.994140625,16158.471732880418,15674.926455891782,15715.221502130682,204825
2016-01-21,15715.21875,16037.582605048548,15674.92371081778,15795.8100088947,295365
2016-01-22,15715.21875,15916.696306971624,15594.332451923075,15715.21875,223440
2016-01-25,16359.9462890625,16480.832594598753,15916.697289116466,16319.65124739386,356805
2016-01-26,15997.287109375,16319.65097901377,15916.697027363038,15916.697027363038,201210
2016-01-27,16239.0595703125,16279.355791486105,15997.286965392064,16279.355791486105,145500
2016-01-28,16118.17578125,16279.358330017923,16037.58568739652,16118.17578125,75270
2016-01-29,16118.17578125,16198.767055633962,15715.221770391156,15916.69936608582,247905
2016-02-01,16239.0595703125,16440.537134589627,16118.173267852282,16198.764529669192,268740
2016-02-02,16158.4716796875,16239.0617719,16077.880406944543,16239.0617719,99090
2016-02-03,16198.7666015625,16198.766601562498,15795.812601998954,16077.88028364039,63615
2016-02-04,16239.0595703125,16359.945872772718,16118.173267852282,16158.469489025883,150000
2016-02-05,16400.240234375,16521.126523128303,16158.467656868392,16158.467656868392,332370
2016-02-15,16319.6513671875,16319.6513671875,16158.470018799464,16319.6513671875,107325
2016-02-16,16400.240234375,16521.126523128303,16279.353945621697,16319.648981696077,444825
2016-02-17,16480.833984375,16642.01652570223,16400.243894241812,16561.425255038615,277920
2016-02-18,16279.3564453125,16521.12905994323,16279.3564453125,16521.12905994323,351345
2016-02-19,15956.994140625,16319.653098366478,15755.516548369582,16239.061825358218,989865
2016-02-22,15916.697265625,15997.28734884334,15634.628432769836,15956.99230723417,504945
2016-02-23,15956.994140625,16198.766779119318,15715.221502130682,15876.40286761674,310305
2016-02-24,15916.697265625,15997.28734884334,15715.2196965185,15956.99230723417,427275
2016-02-25,15634.6298828125,15997.288832521015,15634.6298828125,15997.288832521015,344025
2016-02-26,15997.287109375,16037.583330911288,15634.628198730248,15715.219461272518,508065
2016-02-29,15876.40234375,16118.17497426665,15876.402343749998,16118.17497426665,123045
2016-03-01,15836.103515625,16037.581053099742,15755.512264529076,15836.103515625,266220
2016-03-02,15755.5126953125,15876.39898499656,15715.217658927872,15836.103948611932,601260
2016-03-03,15795.80859375,15876.39866489439,15715.21734207546,15715.21734207546,247365
2016-03-04,15715.21875,15795.8100088947,15674.92371081778,15795.8100088947,193395
2016-03-07,16118.17578125,16521.130972639327,15715.221770391156,15715.221770391156,1004040
2016-03-08,16037.5859375,16118.176032610269,15997.289709414366,16118.176032610269,196245
2016-03-09,16198.7666015625,16480.834283203934,15916.698919921062,15997.289011515502,544890
2016-03-10,16198.7666015625,16359.947965281826,16118.17532943761,16198.766601562498,250740
2016-03-11,16319.6513671875,16561.423980034724,16118.173796304704,16198.76506076389,832845
2016-03-14,16279.3564453125,16440.537794889537,16279.3564453125,16440.537794889537,242025
2016-03-15,16118.17578125,16400.244651328623,16118.17578125,16279.358330017923,420060
2016-03-16,16239.0595703125,16239.0595703125,15997.286965392064,16077.878227208974,317970
2016-03-17,16077.880859375,16359.94855111703,16077.880859375,16319.65350387688,467835
2016-03-18,16037.5859375,16158.472260695904,16037.5859375,16158.472260695904,262665
2016-03-21,15836.103515625,16077.876088382634,15836.103515625,15997.28483728671,195930
2016-03-22,15836.103515625,15876.398550907892,15715.217229246184,15715.217229246184,377895
2016-03-23,15715.21875,15836.105048076925,15674.92371081778,15836.105048076925,431445
2016-03-24,15715.21875,15956.991346153847,15715.21875,15795.8100088947,318150
2016-03-25,15755.5126953125,15836.103948611932,15715.217658927872,15715.217658927872,238695
2016-03-28,15795.80859375,15836.103629322197,15715.21734207546,15755.512377647656,180150
2016-03-29,15755.5126953125,15836.103948611932,15715.217658927872,15795.8089122273,304455
2016-03-30,15715.21875,15795.8100088947,15674.92371081778,15715.21875,259875
2016-03-31,15715.21875,15755.513789182223,15674.92371081778,15755.513789182223,261765
2016-04-01,15513.7412109375,15674.92372891297,15513.7412109375,15674.92372891297,160440
2016-04-04,15271.9697265625,15513.74234060059,15110.788377380555,15513.74234060059,150210
2016-04-05,15473.4482421875,15473.448242187498,15110.789299011229,15312.26688317485,152100
2016-04-06,15594.3330078125,15715.219310198643,15352.560403040214,15433.15166480774,36030
2016-04-07,15473.4482421875,15594.334556579588,15433.15319756694,15594.334556579588,113565
2016-04-08,15513.7412109375,15795.810027129446,15433.15113248002,15513.7412109375,560010
2016-04-11,15956.994140625,15956.994140625,15513.743909875262,15513.743909875262,487230
2016-04-12,15997.287109375,16198.764675465518,15956.992068369018,16118.17341292325,401370
2016-04-13,15795.80859375,16077.876203815664,15795.80859375,16077.876203815664,308700
2016-04-14,15795.80859375,15956.98991656893,15755.512377647656,15755.512377647656,214650
2016-04-15,15674.92578125,15876.402184303504,15674.925781250002,15795.812095294268,266760
2016-04-19,15433.1494140625,15594.33073356084,15392.853198790322,15594.33073356084,275115
2016-04-20,15513.7412109375,15513.7412109375,15392.854912721026,15392.854912721026,311805
2016-04-21,15554.0361328125,15594.331168678878,15433.149844683208,15554.0361328125,260655
2016-04-22,15795.80859375,15836.103629322197,15554.036019256531,15554.036019256531,270855
2016-04-25,15634.6298828125,15795.812425258797,15634.6298828125,15715.22115403565,183750
2016-04-26,16118.17578125,16118.17578125,15674.926723464418,15674.926723464418,478590
2016-04-27,16037.5859375,16158.472260695904,15916.699614304096,16158.472260695904,285750
2016-04-28,16319.6513671875,16319.6513671875,15836.106141493055,15836.106141493055,379530
2016-04-29,16682.310546875,17044.969471807064,16279.35657934949,16359.94666453638,672420
2016-05-04,17085.265625,17246.448166911894,16440.538998943724,16601.720360325184,701205
2016-05-05,16883.7890625,17246.4480076573,16883.7890625,17165.856737445538,333540
2016-05-06,16601.71875,16883.787580720626,16561.42370869576,16883.787580720626,393780
2016-05-09,16843.48828125,17004.670778076383,16642.011931012174,16642.011931012174,312630
2016-05-10,16883.7890625,16924.08410734067,16642.016432395132,16642.016432395132,204525
2016-05-11,17165.857421875,17327.038788194655,17004.676055555345,17044.97110200264,904980
2016-05-12,17125.560546875,17407.62820294972,17085.264324199798,17407.62820294972,455115
2016-05-13,17125.560546875,17125.560546875,16843.49171026994,17085.264324199798,371670
2016-05-16,17044.970703125,17085.265748629332,16924.08438608156,16964.37943158589,173610
2016-05-17,17729.986328125,17891.167624929694,17327.031315318323,17327.031315318323,1691910
2016-05-18,17649.400390625,17931.46803988744,17568.80912775131,17931.46803988744,488550
2016-05-19,18092.65234375,18092.65234375,17568.81085438424,17568.81085438424,712650
2016-05-20,18132.947265625,18415.01494069125,18052.355995378748,18132.947265625,763665
2016-05-23,18334.423828125,18374.71887073492,18092.65121140481,18334.423828125,601620
2016-05-24,17850.87890625,18415.01423475652,17850.87890625,18415.01423475652,608220
2016-05-25,17165.857421875,17971.76661453422,17165.857421875,17931.470387556452,675780
2016-05-26,17286.7421875,17528.514805506995,17085.264612317387,17206.15092132088,737100
2016-05-27,17686.791015625,17938.560282751336,17309.137114935496,17623.848698843416,401820
2016-05-30,17372.078125,17875.616621376812,17309.135812952896,17812.67430932971,142180
2016-05-31,17246.19140625,17372.076015054743,17183.24910184763,17309.13371065237,155900
2016-06-01,17246.19140625,17372.076015054743,17120.306797445257,17246.19140625,158780
2016-06-02,17938.55859375,18190.32783717105,17183.250863486843,17246.193174342105,555990
2016-06-03,18253.26953125,18442.096457435346,18064.44260506465,18064.44260506465,458820
2016-06-06,17875.6171875,18253.271071742955,17812.674873459506,18253.271071742955,232890
2016-06-07,17749.732421875,18001.501676085994,17686.790108322253,17686.790108322253,180440
2016-06-08,17812.673828125,17875.61613847173,17623.846897084804,17749.731517778266,245450
2016-06-09,17875.6171875,17938.55950154049,17686.79024537852,17812.674873459506,369300
2016-06-10,18190.326171875,18442.09539224697,17875.614646410035,17875.614646410035,415980
2016-06-13,18064.44140625,18190.326015352784,17875.614492595818,18190.326015352784,92060
2016-06-14,18127.384765625,18127.384765625,17749.730916341145,17938.557840983074,181710
2016-06-15,18064.44140625,18127.383710801398,17812.672188044424,18127.383710801398,159760
2016-06-16,17938.55859375,18127.38552631579,17938.55859375,18064.443215460527,140380
2016-06-17,17560.904296875,17875.615843413976,17497.961987567203,17875.615843413976,286690
2016-06-20,17560.904296875,17623.846606182797,17309.135059643817,17497.961987567203,225640
2016-06-21,17497.962890625,17812.674453406027,17435.020578068794,17560.905203181206,234770
2016-06-22,17372.078125,17686.789685235504,17309.135812952896,17497.9627490942,155400
2016-06-23,17372.078125,17497.9627490942,17246.193500905796,17497.9627490942,148030
2016-06-24,16931.48046875,17372.07661477695,16176.172789846652,17372.07661477695,773730
2016-06-27,16868.541015625,16868.541015625,16239.117843400189,16490.887112290115,173390
2016-06-28,16679.7109375,16868.537853773585,16616.768632075473,16868.537853773585,88840
2016-06-29,17246.19140625,17246.19140625,16490.883753421534,16490.883753421534,224310
2016-06-30,16931.48046875,17309.134308201672,16931.48046875,17120.307388475834,174950
2016-07-01,16742.65625,16994.425516917294,16616.771616541355,16679.713933270676,339190
2016-07-04,17246.19140625,17372.076015054743,16868.537579835767,16994.42218864051,369500
2016-07-05,17120.30859375,17372.077837775738,17120.30859375,17246.19321576287,278180
2016-07-06,16994.423828125,17120.308449074073,16868.539207175923,16994.423828125,228150
2016-07-07,17057.365234375,17246.192155788747,16931.48062009917,16994.422927237087,329420
2016-07-08,17623.84375,17812.670647321425,16994.42075892857,17057.363058035713,714210
2016-07-11,17686.791015625,18127.387233096084,17372.07943171708,17623.848698843416,704610
2016-07-12,17623.84375,17938.555245535714,17435.01685267857,17623.84375,303250
2016-07-13,17623.84375,17938.555245535714,17560.901450892856,17812.670647321425,416840
2016-07-14,17246.19140625,17812.67214587135,17246.19140625,17623.845232664233,564000
2016-07-15,17120.30859375,17497.962459788603,16931.4816607307,17246.19321576287,379020
2016-07-18,17246.19140625,17372.076015054743,17120.306797445257,17120.306797445257,163920
2016-07-19,17120.30859375,17309.135526769303,17057.366282743566,17309.135526769303,302190
2016-07-20,16931.48046875,17120.307388475834,16931.48046875,17120.307388475834,196650
2016-07-21,16805.595703125,16994.42262113764,16805.595703125,16994.42262113764,262460
2016-07-22,16679.7109375,16994.42246462264,16364.99941037736,16994.42246462264,732020
2016-07-25,16553.826171875,16805.595391219107,16490.883867038974,16679.710781547055,93580
2016-07-26,16302.0595703125,16553.828830085666,16302.059570312502,16553.828830085666,387410
2016-07-27,16302.0595703125,16302.059570312502,16302.059570312502,16302.059570312502,0
2016-07-28,16364.9990234375,16679.71054311899,16364.999023437498,16679.71054311899,132400
2016-07-29,16553.826171875,16742.65308638308,16427.94156220295,16553.826171875,256230
2016-08-01,16427.94140625,16553.82601472701,16427.94140625,16427.94140625,61720
2016-08-02,16176.1748046875,16365.001747932878,16176.174804687498,16365.001747932878,249360
2016-08-03,15861.4609375,16176.172464037698,15861.4609375,15987.34554811508,190160
2016-08-04,15735.578125,16050.2896875,15546.7511875,15798.5204375,175590
2016-08-05,16427.94140625,16616.768318965514,15798.51836386494,15798.51836386494,428850
2016-08-08,16931.48046875,17183.249695051112,16742.653549024162,16742.653549024162,434900
2016-08-09,16616.771484375,16931.483065518467,16553.82916814631,16616.771484375,243550
2016-08-10,16868.541015625,16931.48333284748,16490.887112290115,16490.887112290115,387190
2016-08-11,17435.01953125,17686.788766358306,17120.307987364624,17120.307987364624,1133270
2016-08-12,17309.13671875,17623.848295454547,17183.252088068184,17497.963664772727,362680
2016-08-15,17309.13671875,17435.02134943182,17183.252088068184,17309.13671875,250200
2016-08-16,18064.44140625,18190.326015352784,17246.19144708188,17246.19144708188,1911000
2016-08-17,18882.693359375,19071.52029296875,18127.385625,18190.32793619792,1690200
2016-08-18,18882.693359375,19323.289537760415,18567.981803385417,19008.57798177083,729050
2016-08-19,18379.154296875,18819.750461526117,18379.154296875,18567.981224582614,919980
2016-08-22,18127.384765625,18756.80784776476,18127.384765625,18253.269382052957,687230
2016-08-23,18379.154296875,18505.038915346744,18064.44275069563,18064.44275069563,363900
2016-08-24,18316.212890625,18819.75138933634,18316.212890625,18630.92445231959,518880
2016-08-25,17812.673828125,18442.096931592318,17812.673828125,18316.21231089885,572920
2016-08-26,17938.55859375,18442.097080592102,17812.673972039476,17938.55859375,405950
2016-08-29,17372.078125,18253.27049365942,17372.078125,18253.27049365942,472310
2016-08-30,17435.01953125,17623.84645758123,17309.13491369585,17372.077222472926,311180
2016-08-31,17749.732421875,17875.617048980497,17435.02085411126,17435.02085411126,267680
2016-09-01,17560.904296875,17938.558152721773,17497.961987567203,17938.558152721773,195860
2016-09-05,17246.19140625,17560.90292826186,17246.19140625,17560.90292826186,369700
2016-09-06,17435.01953125,17497.961840027077,17120.307987364624,17309.13491369585,537180
2016-09-07,17560.904296875,17623.846606182797,17435.019678259407,17560.904296875,232640
2016-09-08,17938.55859375,18190.32783717105,17435.020106907898,17560.90472861842,583040
2016-09-09,17749.732421875,18064.44398963874,17623.847794769503,17812.67473542775,457440
2016-09-12,17435.01953125,17749.73107513538,17372.077222472926,17623.84645758123,179080
2016-09-13,17435.01953125,17497.961840027077,17214.721450530236,17435.01953125,185540
2016-09-14,17120.30859375,17466.491304285388,17120.30859375,17372.077837775738,387510
2016-09-15,16900.0078125,17246.190467877095,16868.536662011174,17057.363564944135,299670
2016-09-16,17214.720703125,17246.191856147165,16962.951478947667,16994.422631969835,182220
2016-09-19,16994.423828125,17309.135380497682,16900.01036241319,17309.135380497682,367500
2016-09-20,17057.365234375,17246.192155788747,16868.538312961256,16994.422927237087,127600
2016-09-21,17277.6640625,17372.077527322403,17246.192907559198,17309.1352174408,282700
2016-09-22,17403.548828125,17686.789224966094,17214.721896897605,17277.664207306738,452460
2016-09-23,17875.6171875,18064.44412962148,17403.549832196302,17403.549832196302,557190
2016-09-26,18253.26953125,18379.154148706893,17749.73106142241,17844.144524515086,799740
2016-09-27,18253.26953125,18379.154148706893,18064.44260506465,18253.26953125,458480
2016-09-28,18001.501953125,18379.155840253497,17938.559638603583,18253.271211210664,551130
2016-09-29,18630.921875,18945.633393158783,18001.498838682433,18001.498838682433,1324310
2016-09-30,18442.09765625,18693.866907529864,18379.15534343004,18693.866907529864,312610
2016-10-03,18316.212890625,18630.92445231959,18284.741734455543,18442.097515302838,210460
2016-10-04,17875.6171875,18316.21338578345,17686.79024537852,18284.742228763203,464270
2016-10-05,17749.732421875,18127.38630319149,17623.847794769503,17875.617048980497,284080
2016-10-06,17812.673828125,18001.500759165192,17749.731517778266,17749.731517778266,213960
2016-10-07,17592.375,17938.557692307695,17435.01923076923,17623.846153846156,464750
2016-10-10,17183.251953125,17623.84815705128,17183.251953125,17592.376999627977,222380
2016-10-11,17623.84375,17623.84375,16994.42075892857,17309.132254464283,446890
2016-10-12,17497.962890625,17875.61676596223,17497.962890625,17623.847515737412,259310
2016-10-13,17592.375,17655.31730769231,17340.60576923077,17340.60576923077,167280
2016-10-14,17497.962890625,17623.847515737412,17435.020578068794,17592.376359459307,144600
2016-10-17,17497.962890625,17497.962890625,17340.607109234486,17372.07826551259,205210
2016-10-18,17372.078125,17497.9627490942,17372.078125,17403.54928102355,162390
2016-10-19,17340.607421875,17560.90551979356,17340.607421875,17372.07857872051,139400
2016-10-20,17183.251953125,17340.60774024153,17120.309638278388,17309.136582818224,303700
2016-10-21,17246.19140625,17246.19140625,17120.306797445257,17120.306797445257,250330
2016-10-24,17246.19140625,17466.489471658304,17151.777949646443,17309.13371065237,149680
2016-10-25,17088.837890625,17246.19367230663,16994.424421616022,17246.19367230663,118920
2016-10-26,17246.19140625,17246.19140625,16931.47988423814,17057.36449304288,182990
2016-10-27,17120.30859375,17246.19321576287,17025.89512724035,17057.366282743566,124430
2016-10-28,17246.19140625,17403.54716725593,17120.306797445257,17120.306797445257,89870
2016-10-31,17120.30859375,17372.077837775738,17120.30859375,17246.19321576287,64130
2016-11-01,16994.423828125,17183.25075954861,16868.539207175923,17120.308449074073,309100
2016-11-02,16679.7109375,16962.951311910376,16679.7109375,16962.951311910376,214960
2016-11-03,16490.8828125,16679.709714933208,16302.055910066796,16679.709714933208,356090
2016-11-04,16522.35546875,16805.595848214285,16490.88431547619,16679.711235119044,29870
2016-11-07,16962.953125,16994.424281076066,16490.885783858997,16490.885783858997,162760
2016-11-08,16774.123046875,17246.190299601312,16774.123046875,16994.42109814728,180800
2016-11-09,16459.416015625,16742.656444192162,16113.23326959847,16742.656444192162,438440
2016-11-10,16742.65625,16931.48320018797,16679.713933270676,16679.713933270676,125680
2016-11-11,16553.826171875,16805.595391219107,16553.826171875,16679.710781547055,41510
2016-11-14,16490.8828125,16553.82511331107,16427.940511688932,16490.8828125,141640
2016-11-15,16679.7109375,16805.595548349054,16522.35517393868,16616.768632075473,65320
2016-11-16,16868.541015625,16868.541015625,16616.771746735074,16837.06985701376,223360
2016-11-17,16837.068359375,17309.135696553738,16679.71258031542,16805.597203563084,167900
2016-11-18,16616.771484375,16994.425381747158,16553.82916814631,16868.540749289772,123150
2016-11-21,16805.595703125,16868.538009129214,16490.884173103936,16616.76878511236,108550
2016-11-22,16742.65625,16868.54088345865,16585.30045817669,16679.713933270676,240470
2016-11-23,17120.30859375,17309.135526769303,16679.712416704962,16742.654727711397,435640
2016-11-24,17120.30859375,17466.491304285388,16868.539349724266,16994.423971737135,579640
2016-11-25,17309.13671875,17686.790610795455,17183.252088068184,17309.13671875,551540
2016-11-28,17435.01953125,17497.961840027077,17246.192604918775,17309.13491369585,448100
2016-11-29,17183.251953125,17560.905842204673,17183.251953125,17560.905842204673,220690
2016-11-30,17120.30859375,17340.60668227252,17057.366282743566,17183.250904756434,153350
2016-12-01,17151.779296875,17435.019688933484,17120.308142201833,17183.250451548163,221440
2016-12-02,16868.541015625,17183.252601737408,16868.541015625,17183.252601737408,216930
2016-12-05,17120.30859375,17120.30859375,16868.539349724266,16868.539349724266,376480
2016-12-06,16931.48046875,17246.192001626394,16931.48046875,17246.192001626394,740910
2016-12-07,16962.953125,17120.308905380334,16962.953125,17120.308905380334,166510
2016-12-08,16931.48046875,17088.836235188195,16931.48046875,17057.365081900556,129990
2016-12-09,16931.48046875,16994.422775325278,16868.53816217472,16931.48046875,85780
2016-12-12,16774.123046875,16931.47879778377,16742.651896693245,16931.47879778377,114720
2016-12-13,16616.771484375,16774.127274946735,16616.771484375,16711.18495871804,212080
2016-12-14,16616.771484375,16931.483065518467,16585.300326260654,16931.483065518467,101560
2016-12-15,16711.181640625,16774.123944356168,16616.768185028246,16679.710488759414,61950
2016-12-16,16868.541015625,17309.13723618237,16711.185222568798,16711.185222568798,153980
2016-12-19,16931.48046875,16994.422775325278,16900.00931546236,16994.422775325278,75100
2016-12-20,16931.48046875,16931.48046875,16679.711242448884,16931.48046875,87790
2016-12-21,16742.65625,16994.425516917294,16742.65625,16868.54088345865,62160
2016-12-22,16616.771484375,16868.540749289772,16616.771484375,16679.713800603695,129800
2016-12-23,16616.771484375,16679.713800603695,16553.82916814631,16679.713800603695,98060
2016-12-26,16585.298828125,16805.59691502609,16553.827672853415,16616.769983396585,125910
2016-12-27,16679.7109375,16837.06670106132,16553.826326650942,16616.768632075473,170960
2016-12-28,16585.298828125,16742.654604482923,16553.827672853415,16679.712293939752,146640
2016-12-29,16837.068359375,16962.95298262266,16616.770268691587,16711.183736127336,194030
2016-12-30,16994.423828125,16994.423828125,16742.65458622685,16868.539207175923,261250
2017-01-03,16900.0078125,17088.83471543296,16868.536662011174,16994.42126396648,88760
2017-01-04,16868.541015625,16994.425650069963,16868.541015625,16931.48333284748,151090
2017-01-05,16931.48046875,16931.48046875,16868.53816217472,16868.53816217472,50590
2017-01-06,17372.078125,17497.9627490942,16962.95309669384,16962.95309669384,305170
2017-01-09,17372.078125,17623.847373188404,17057.366564764492,17372.078125,432100
2017-01-10,17214.720703125,17372.07646823583,17183.24955010283,17372.07646823583,113250
2017-01-11,18001.501953125,18001.501953125,17120.309549825175,17277.665336128717,820090
2017-01-12,18064.44140625,18442.09523355836,17812.672188044424,18001.499101698606,1046270
2017-01-13,18221.802734375,18221.802734375,17907.09111547388,17907.09111547388,333650
2017-01-16,17970.029296875,18221.798533959063,17875.615832968477,18221.798533959063,294050
2017-01-17,17938.55859375,18001.500904605266,17812.673972039476,18001.500904605266,448450
2017-01-18,17812.673828125,17938.55844881846,17749.731517778266,17938.55844881846,186450
2017-01-19,17623.84375,17781.199497767855,17529.430301339286,17623.84375,190900
2017-01-20,17560.904296875,17749.731224798386,17309.135059643817,17623.846606182797,323710
2017-01-23,17497.962890625,17560.905203181206,17340.607109234486,17340.607109234486,105000
2017-01-24,17497.962890625,17560.905203181206,17340.607109234486,17497.962890625,91450
2017-01-25,17812.673828125,17812.673828125,17340.606500524515,17560.904586738074,193110
2017-01-26,17812.673828125,17812.673828125,17812.673828125,17812.673828125,0
2017-02-03,17623.84375,17718.257198660714,17435.01685267857,17718.257198660714,277240
2017-02-06,17812.673828125,18001.500759165192,17497.962276391343,17623.846897084804,194090
2017-02-07,17749.732421875,17812.67473542775,17560.905481216756,17623.847794769503,228450
2017-02-08,17749.732421875,17749.732421875,17592.37663799313,17749.732421875,153730
2017-02-09,17529.43359375,17749.731682001795,17529.43359375,17749.731682001795,174900
2017-02-10,18032.97265625,18064.44381271815,17529.434152759597,17529.434152759597,1324890
2017-02-13,18567.982421875,18630.92473516949,17938.559288930086,17938.559288930086,1241160
2017-02-14,18442.09765625,18725.33806393985,18347.68418702005,18567.982281889934,554460
2017-02-15,19480.64453125,19480.64453125,18316.21182098142,18316.21182098142,2439210
2017-02-16,19575.05859375,20047.12592318127,19323.28935138665,19512.116283159165,1108110
2017-02-17,20015.65625,20078.59856525157,19449.175412735847,19512.11772798742,929280
2017-02-20,20456.248046875,20770.95955528846,19386.22891826923,19512.113521634616,1465960
2017-02-21,20582.13671875,21148.61754587156,20456.25209050077,20582.13671875,1892820
2017-02-22,20204.482421875,20708.020924600856,20141.540109034268,20582.13629891939,695510
2017-02-23,21274.50390625,21274.50390625,20015.657521264795,20110.071000138683,1217850
2017-02-24,21337.443359375,22155.69339970501,21337.443359375,21652.154913348084,1259010
2017-02-27,21715.09765625,21903.924592391304,20959.78991168478,21211.559159873188,883690
2017-02-28,21840.986328125,22029.81329926153,21337.4477384276,21715.10168070065,794860
2017-03-01,21400.3828125,21840.978929227946,20928.315544577206,21840.978929227946,789050
2017-03-02,21085.67578125,21715.098938899253,21085.67578125,21400.387360074623,706100
2017-03-03,20833.90625,21148.617824773413,20582.13699018127,21085.67550981873,494650
2017-03-06,21148.61328125,21337.440185546875,20770.95947265625,21085.67097981771,465820
2017-03-07,22281.578125,22281.578125,21148.61652542373,21148.61652542373,1799040
2017-03-08,23162.76953125,23823.66377059273,22218.634903617527,22407.461829144024,2111980
2017-03-09,23540.423828125,23823.66422177891,23036.88535051805,23162.769969919784,790290
2017-03-10,23288.654296875,23729.250459248316,23099.827370143583,23540.42353251689,863420
2017-03-13,23351.59765625,23666.30921495957,23225.713032766173,23288.655344508086,690280
2017-03-14,23036.884765625,23540.423230447406,22973.9424575222,23540.423230447406,572890
2017-03-15,22218.6328125,23288.65195644476,22218.6328125,22848.055838349857,1625510
2017-03-16,23036.884765625,23036.884765625,22029.80783598019,22281.577068391394,1325990
2017-03-17,22848.05859375,23225.71245480372,22533.3470428719,23036.88552427686,504040
2017-03-20,22501.875,22879.528846153848,22501.875000000004,22659.23076923077,551040
2017-03-21,22029.806640625,22596.287382812498,22029.806640625,22501.87392578125,1210100
2017-03-22,21463.328125,22029.80892595308,21085.674257697945,22029.80892595308,1437930
2017-03-23,22029.806640625,22029.806640625,21211.5566796875,21715.0951171875,678420
2017-03-24,22187.166015625,22344.52180296986,21652.156338652483,22155.69485815603,704630
2017-03-27,21840.986328125,22187.16910854197,21778.044004412823,22187.16910854197,403410
2017-03-28,21966.8671875,22344.521064649,21778.040248925503,21778.040248925503,616870
2017-03-29,21715.09765625,21966.866904438404,21652.155344202896,21966.866904438404,440270
2017-03-30,21180.0859375,21589.210925891533,21085.67247864042,21589.210925891533,1179460
2017-03-31,21778.0390625,21809.510217214596,21148.61596820809,21180.087122922687,754910
2017-04-03,21652.15625,21809.51203670058,21400.38699127907,21778.040879360466,561860
2017-04-04,21589.2109375,21809.509008290817,21526.268631559768,21652.153243440232,580890
2017-04-05,21274.50390625,21715.100140994826,21211.561587000742,21652.157821745564,600910
2017-04-07,20991.26171875,21211.559817747377,20959.79056175037,21211.559817747377,356870
2017-04-10,21022.73046875,21274.49969592066,20582.13432120135,20991.25931535367,515640
2017-04-11,21274.50390625,21589.215502496303,21148.61926775148,21274.50390625,668140
2017-04-12,21085.67578125,21337.4450443097,20959.79114972015,21274.502728544776,205110
2017-04-13,20487.72265625,21085.674623175884,20487.72265625,21085.674623175884,473800
2017-04-14,19889.767578125,20393.305997824365,19700.94067073774,20141.536787974685,1094580
2017-04-17,19826.826171875,20361.835766989087,19763.88386656746,19889.76847718254,409220
2017-04-18,20047.126953125,20047.126953125,19575.059599440738,19826.82885473901,328100
2017-04-19,20708.021484375,20708.021484375,20047.12718168218,20141.54065349544,437390
2017-04-20,20330.365234375,20770.96138496517,20330.365234375,20770.96138496517,354510
2017-04-21,20456.248046875,20645.074951923078,20204.47884014423,20204.47884014423,372010
2017-04-24,20267.42578125,20770.96430997671,20267.42578125,20456.252729522515,333690
2017-04-25,20361.837890625,20393.30904656105,20141.53979907264,20267.424422816846,276660
2017-04-26,20582.13671875,20708.021346999238,20141.540519877675,20361.83861931384,404680
2017-04-27,21305.970703125,21400.38416266617,20582.134179976,20582.134179976,814820
2017-04-28,21305.970703125,21305.970703125,21305.970703125,21305.970703125,0
2017-05-03,22659.232421875,22785.117046440973,22092.751611328127,22155.69392361111,1605790
2017-05-04,22659.232421875,23099.828607855903,22218.636235894097,22659.232421875,1964560
2017-05-05,22690.703125,22848.05890256588,22344.520414355065,22470.40503640777,840030
2017-05-08,22942.470703125,23288.65338863169,22722.17263052984,22722.17263052984,1111010
2017-05-09,22879.533203125,23036.889002321182,22690.706244089582,22911.00436296424,628000
2017-05-10,22407.4609375,22942.470538535817,22407.460937500004,22879.528232531604,705960
2017-05-11,21998.337890625,22470.405227333693,21935.395579063843,22344.52060421137,962040
2017-05-12,23508.94921875,23508.94921875,22029.80515813253,22029.80515813253,782250
2017-05-15,25145.455078125,25145.455078125,25145.455078125,25145.455078125,1097980
2017-05-16,24547.5,25806.34615384616,24453.08653846154,25491.634615384617,2618370
2017-05-17,24925.154296875,25113.98122336648,24421.61582623106,24547.500443892044,833580
2017-05-18,24295.73046875,25176.92276554404,24295.73046875,24736.32661714702,764610
2017-05-19,25995.16796875,25995.167968750004,24295.72599500605,24295.72599500605,1780880
2017-05-22,24925.154296875,26813.42356178977,24673.38506155303,26750.48125295928,1621300
2017-05-23,25365.751953125,26309.886641206576,24925.1557653536,24925.1557653536,1260870
2017-05-24,26530.181640625,27065.191234801303,26246.941267237544,27065.191234801303,2291250
2017-05-25,26435.767578125,26561.65218563988,25995.17145182292,26183.99836309524,1203870
2017-05-26,26970.779296875,28009.327391153736,26089.58697445668,26750.481216270426,4664040
2017-05-29,26309.88671875,27222.55025325209,26121.059780577158,26970.781002354965,2007860
2017-05-30,25491.634765625,26435.769386574077,25176.92322530864,26435.769386574077,1931980
2017-05-31,25176.923828125,25680.462304687502,24988.096899414064,25239.866137695317,1139490
2017-06-01,25428.69140625,25806.34523901609,25113.979878944923,25176.92218440594,865760
2017-06-02,25680.462890625,25774.876357134654,25051.039780560663,25365.75133559283,676510
2017-06-05,25617.51953125,25995.173381833534,25554.577222819407,25680.46183968059,662790
2017-06-06,25491.634765625,25806.346305941355,25428.692457561727,25491.634765625,637780
2017-06-07,26121.05859375,26498.71245293675,25176.92394578313,25428.693185240965,1979890
2017-06-08,26372.828125,26687.5396778043,25995.17426163485,26309.88581443914,821310
2017-06-09,26372.828125,26656.06852252387,26278.414659158712,26309.88581443914,706130
2017-06-12,26435.767578125,26939.306008184525,26309.88297061012,26309.88297061012,1021610
2017-06-13,25869.291015625,26687.54109641119,25743.406387811738,26152.531428204835,1057530
2017-06-14,25900.7578125,25995.171267466587,25617.517447600247,25711.93090256683,766540
2017-06-15,25806.349609375,26309.888138338418,25617.52266101372,25932.234241615854,598180
2017-06-16,27065.189453125,27065.189453125,25806.34343204942,25806.34343204942,2010020
2017-06-19,27820.5,28324.038461538465,27379.903846153848,27568.730769230773,2532530
2017-06-20,27442.84765625,28166.684234339165,27191.07841169725,28009.32845649369,1183670
2017-06-21,27285.494140625,27694.61919694348,26939.31140066321,27411.37877333838,823370
2017-06-22,27946.384765625,27977.85591964034,27316.96168531813,27316.96168531813,1261300
2017-06-23,28512.8671875,28827.57874586093,27694.617135761597,27946.38638245033,1476330
2017-06-26,28072.271484375,28701.694611827355,28072.271484375,28701.694611827355,607030
2017-06-27,27254.017578125,28072.267528507506,27191.075274249422,28072.267528507506,2053150
2017-06-28,27442.84765625,27631.67458966457,26876.36685600631,27379.90534511181,806870
2017-06-29,27537.259765625,27694.61553571429,27128.13476339286,27442.84630357143,458450
2017-06-30,27065.189453125,27600.19901208212,27065.189453125,27600.19901208212,774160
2017-07-03,27096.66015625,27505.785106344367,27002.246706228223,27002.246706228223,623780
2017-07-04,26970.779296875,27316.961994967915,26939.30814250292,27065.19275999125,920210
2017-07-05,27663.14453125,27694.615685438,26970.77913911405,26970.77913911405,690520
2017-07-06,27505.79296875,27694.61992276888,27411.37949174056,27631.677604762583,408840
2017-07-07,27128.134765625,27757.55784603393,27065.192457584104,27474.317459849917,715120
2017-07-10,26498.7109375,27128.134000148457,26372.82632497031,27128.134000148457,1059520
2017-07-11,26372.828125,26624.59736724344,25869.28964051313,26121.05888275657,502090
2017-07-12,26656.06640625,26813.42217015939,26309.883725649357,26372.826031213102,248130
2017-07-13,26656.06640625,26656.06640625,26656.06640625,26656.06640625,0
2017-07-14,26561.654296875,26687.538914395733,26372.827370593892,26561.654296875,522080
2017-07-17,26121.05859375,26435.77014307229,25932.23166415663,26435.77014307229,581480
2017-07-18,26121.05859375,26498.71245293675,25806.34704442771,25932.23166415663,567950
2017-07-19,26435.767578125,26687.536793154763,26121.0560593378,26183.99836309524,455420
2017-07-20,26121.05859375,26561.654762801205,25995.173974021087,26561.654762801205,417910
2017-07-21,25932.232421875,26372.828603800062,25932.232421875,26372.828603800062,247180
2017-07-24,24169.845703125,25932.23028564453,24169.845703125,25806.345672607426,708620
2017-07-25,24862.212890625,25176.92444620253,24138.37631279668,24138.37631279668,662350
2017-07-26,25239.865234375,25617.519078280857,24862.211390469136,24862.211390469136,440590
2017-07-27,24988.095703125,25428.69184902393,24799.26878345403,25176.92262279597,402540
2017-07-28,25491.634765625,25491.634765625,24862.21168499228,24862.21168499228,354930
2017-07-31,25491.634765625,25617.519381751543,25019.56745515046,25176.92322530864,347320
2017-08-01,25806.349609375,25995.17655773628,25428.69571265244,25491.638028772868,394010
2017-08-02,25334.27734375,25743.40231948758,25271.33503979037,25491.63310364907,484740
2017-08-03,25365.751953125,25680.46351581886,25334.28079685561,25491.636578202542,298080
2017-08-04,26152.53125,26687.54091456077,25491.63695848376,25491.63695848376,1415690
2017-08-07,26341.357421875,26750.48244754331,26152.530486951164,26152.530486951164,685610
2017-08-08,26309.88671875,26687.540595095696,26309.886718750004,26624.59828237141,652130
2017-08-09,25491.634765625,26309.88477044753,25302.807841435184,26215.471308352626,1091470
2017-08-10,25397.22265625,25743.405369036554,25239.86687771065,25302.809189126398,405500
2017-08-11,25113.982421875,25491.63629288064,24988.09779820645,25428.693981046363,455340
2017-08-14,25208.396484375,25365.752267673222,24988.09838775749,25051.040701076778,234320
2017-08-15,25491.634765625,25806.346305941355,25239.86553337191,25460.16361159336,402280
2017-08-16,25774.875,25932.23076923077,25365.750000000004,25365.750000000004,511690
2017-08-17,25995.16796875,26309.87944536925,25743.398787454604,25774.869935116527,675390
2017-08-18,25806.349609375,26058.11887385671,25806.349609375,25995.17655773628,186470
2017-08-21,25491.634765625,26121.057846257718,25491.634765625,26121.057846257718,284480
2017-08-22,25302.80859375,25680.462453358206,25239.866283815296,25680.462453358206,181560
2017-08-23,25617.51953125,25617.51953125,25239.865680666466,25302.80798909705,16880000
2017-08-24,25365.751953125,25743.40582835763,25302.80964058623,25491.636578202542,26619000
2017-08-25,25554.576171875,25617.51847771705,25397.22040726985,25491.633866032946,366260
2017-08-28,26813.423828125,27002.25075649208,25554.57763901115,25554.57763901115,2166910
2017-08-29,26719.01171875,27128.13675095701,26687.540562426384,26876.36750036808,672670
2017-08-30,26593.126953125,27002.251983173075,26498.71348465237,26498.71348465237,534560
2017-08-31,26813.423828125,26939.308447036383,26435.769971390848,26750.48151866931,804590
2017-09-01,27065.189453125,27442.84325944768,26750.477947856107,26939.30485101744,1162130
2017-09-04,27065.189453125,27065.189453125,27065.189453125,27065.189453125,0
2017-09-05,26876.365234375,27348.432539428424,26844.89408070477,27002.249849055912,801000
2017-09-06,26750.482421875,27002.25166819853,26687.540110294118,26876.367045036764,379470
2017-09-07,26624.599609375,27254.022767989067,26624.599609375,26750.484241097813,815650
2017-09-08,25995.16796875,26687.53321731235,25932.225673426157,26624.5909219885,841690
2017-09-11,25554.576171875,26372.826147821736,25554.576171875,25932.230006927337,676180
2017-09-12,25869.291015625,25932.233329531628,25491.637132185217,25554.579446091848,758190
2017-09-13,26278.4140625,26278.4140625,25869.289053143715,25869.289053143715,266240
2017-09-14,26341.357421875,26687.54013590203,26246.94395441308,26278.41511023372,653110
2017-09-15,26184.0,26561.653846153848,26058.115384615387,26404.29807692308,314880
2017-09-18,26404.30078125,26750.483509013706,26184.002681764006,26184.002681764006,523080
2017-09-19,26246.943359375,26687.5395308753,26246.943359375,26687.5395308753,488180
2017-09-20,26246.943359375,26624.59722066097,26215.472204267837,26246.943359375,364630
2017-09-21,26309.88671875,26404.300187836427,26215.473249663577,26372.829031474284,324340
2017-09-22,26184.0,26404.29807692308,26121.05769230769,26309.884615384617,742930
2017-09-25,26498.7109375,26750.480162559383,26121.05709991093,26183.99940617577,805110
2017-09-26,28009.328125,28009.328125,26876.36653792135,27033.72231390449,2466320
2017-09-27,27254.017578125,28135.209832383083,27254.017578125,28009.325224631928,963490
2017-09-28,26970.779296875,27568.731229944577,26781.952370642503,27379.90430371208,762850
2017-09-29,27537.259765625,27820.50015178572,27065.192455357144,27065.192455357144,1621910
2017-10-02,28009.328125,28449.92429775281,27663.14541783708,27694.61657303371,1193290
2017-10-03,27631.671875,28575.80644931663,27442.84496013668,28324.037229498863,1862390
2017-10-04,27568.734375,28009.330586472603,27505.792059075346,27631.676690924654,731420
2017-10-05,27065.189453125,27977.8528184048,27065.189453125,27631.67016260901,760020
2017-10-06,27379.904296875,27883.442766702585,27065.19275323276,27065.19275323276,672340
2017-10-09,27757.556640625,27883.44125124008,27442.8451140873,27631.67203000992,851850
2017-10-10,27694.61328125,27883.440189985795,27537.25752397017,27757.555584161928,440210
2017-10-11,27726.0859375,27977.855162812142,27663.143631171963,27694.614784335983,1559210
2017-10-12,27851.974609375,28135.21502913136,27757.56113612288,27883.445767125704,654830
2017-10-13,27694.61328125,27977.85364435369,27568.728675426133,27789.026735617896,493280
2017-10-16,27254.017578125,27694.61370525404,27222.54642618721,27694.61370525404,903280
2017-10-17,27883.443359375,27946.38566944131,27096.664483546137,27128.13563857929,746890
2017-10-18,27379.904296875,27883.442766702585,27379.904296875,27883.442766702585,477600
2017-10-19,27191.078125,27537.26083260995,27191.078125,27505.78967737268,338610
2017-10-20,26561.654296875,27379.90431075977,26561.654296875,27222.548538858853,1252240
2017-10-23,26184.0,26687.538461538465,26121.05769230769,26561.653846153848,785410
2017-10-24,26246.943359375,26404.29913491082,26121.05873894634,26121.05873894634,410040
2017-10-25,26309.88671875,26561.65596964713,26121.059780577158,26561.65596964713,190620
2017-10-26,25932.232421875,26309.88629209648,25680.46317506068,26184.00166868932,429570
2017-10-27,26121.05859375,26121.05859375,25806.34704442771,25932.23166415663,314200
2017-10-30,25586.05078125,26309.88739621771,25586.05078125,26246.94508187269,486720
2017-10-31,25491.634765625,25806.346305941355,25460.16361159336,25743.40399787809,379640
2017-11-01,25176.923828125,25680.462304687502,25176.923828125004,25428.693066406253,314370
2017-11-02,23918.078125,25302.80896381579,23477.48194901316,24925.15509868421,967520
2017-11-03,24547.5,24925.153846153848,22659.23076923077,24169.84615384616,1041060
2017-11-06,24547.5,25051.038461538465,24421.615384615387,24547.500000000004,384680
2017-11-07,24862.212890625,25113.982135087022,24358.67440170095,24547.50133504747,444660
2017-11-08,24893.68359375,25051.039368678885,24610.443198878,24673.385508849555,399340
2017-11-09,24421.615234375,24893.682539163176,24358.67292706991,24893.682539163176,669320
2017-11-10,24799.271484375,24862.21379778712,23981.02141001745,24421.617603902283,542920
2017-11-13,24547.5,24925.153846153848,24421.615384615387,24925.153846153848,373110
2017-11-14,25365.751953125,25743.40582835763,24358.67495250465,24547.50189012097,859180
2017-11-15,26246.943359375,26624.59722066097,25491.635636803057,25491.635636803057,1066000
2017-11-16,26656.06640625,26687.53755903188,26309.883725649357,26624.595253468124,493670
2017-11-17,26121.05859375,26719.010537462356,26058.116283885545,26435.77014307229,906320
2017-11-20,26058.115234375,26309.88446369263,25932.23061971618,25932.23061971618,274010
2017-11-21,25806.349609375,26435.77277057927,25680.464977134143,26309.888138338418,547240
2017-11-22,25680.462890625,25932.232134650734,25428.693646599266,25806.34751263787,646580
2017-11-23,25995.16796875,26309.87944536925,25617.514196806904,25680.456492130757,804610
2017-11-24,26970.779296875,27159.606223107497,25995.173511340432,26184.00043757293,1436540
2017-11-27,26781.958984375,27065.19944366921,26719.0166600874,27065.19944366921,759960
2017-11-28,26844.8984375,27254.023501611955,26624.600326055097,26624.600326055097,818610
2017-11-29,27002.25390625,27191.080856643355,26781.95579745775,26781.95579745775,524060
2017-11-30,26939.30859375,27379.90476233937,26876.36628395152,27128.135523145444,791340
2017-12-01,26844.8984375,27065.1965489449,26844.8984375,27065.1965489449,339300
2017-12-04,27600.203125,27883.443521949823,27128.135796750284,27128.135796750284,1169550
2017-12-05,26813.423828125,27883.44308887177,26813.423828125,27694.61616050469,910660
2017-12-06,26876.365234375,27222.54792474751,26435.769082991803,26939.30754171545,557770
2017-12-07,26781.958984375,26970.78595723781,26687.5454979436,26939.314795094007,511980
2017-12-08,26813.423828125,27128.135375403464,26750.48151866931,26813.423828125,530740
2017-12-11,25995.16796875,26750.4755126362,25995.167968750004,26750.4755126362,652430
2017-12-12,25302.80859375,26121.05862290112,24547.50087453358,26058.116312966416,1183190
2017-12-13,24925.154296875,25617.51969401041,24484.55813506155,25365.75045868845,642170
2017-12-14,25491.634765625,25491.634765625,24988.096301118825,24988.096301118825,447790
2017-12-15,25586.05078125,25680.464252767528,25428.694995387454,25617.52193842251,397560
2017-12-18,25995.16796875,26121.052559397704,25617.514196806904,25617.514196806904,540030
2017-12-19,25397.22265625,26184.001548946715,25365.75150054213,25995.174614699503,556720
2017-12-20,25334.27734375,25617.517711568325,25176.921583850934,25617.517711568325,615590
2017-12-21,25176.923828125,25491.63537597657,25176.923828125004,25302.808447265623,463490
2017-12-22,24925.154296875,25176.923532196968,24862.211988044503,25176.923532196968,519330
2017-12-25,24610.4453125,24925.15688938619,24295.73373561381,24862.214574008955,1116700
2017-12-26,25334.27734375,25428.69079968944,24704.854304153727,24862.2100640528,679480
2017-12-27,24988.095703125,25334.278389188443,24988.095703125,25239.86492935296,434310
2017-12-28,25113.982421875,25239.867045543542,24988.09779820645,25019.568954123588,365850
2017-12-29,25271.337890625,25334.280201685087,24988.09749085461,25113.982112974783,580650
2018-01-01,25271.337890625,25271.337890625,25271.337890625,25271.337890625,0
2018-01-02,25995.16796875,26089.581411735777,25302.80272018765,25302.80272018765,794550
2018-01-03,26687.5390625,27191.07753537736,26121.05828051297,26121.05828051297,1762650
2018-01-04,26687.5390625,27033.721762603185,26467.24098061616,26876.36598982901,1082300
2018-01-05,26813.423828125,26970.779601764232,26435.769971390848,26624.59689975792,1046650
2018-01-08,27694.61328125,27914.91134144176,26813.421040482957,26939.305646306817,1810290
2018-01-09,28072.271484375,28198.15610986547,27379.906044177413,28009.329171629764,1402210
2018-01-10,28324.041015625,28607.28142578125,27757.5601953125,28072.271762152777,1485000
2018-01-11,29016.40234375,29142.2869526166,27789.027407300706,28324.03699498373,1775630
2018-01-12,28638.75390625,29268.17706902473,28575.81158997253,29268.17706902473,1827630
2018-01-15,28607.279296875,28827.57737726897,28198.154290429044,28638.750451216994,861110
2018-01-16,28607.279296875,29331.11584674092,28261.09659911304,28701.69275990099,2004840
2018-01-17,27379.904296875,28827.57739762931,27379.904296875,28638.750471443964,1324840
2018-01-18,27631.671875,27631.671875000004,26435.768080865604,26939.30652050114,946820
2018-01-19,27883.443359375,27883.443359375004,27191.0779486456,27694.616429176072,706300
2018-01-22,27883.443359375,27883.443359375004,27883.443359375004,27883.443359375004,0
2018-01-23,27883.443359375,27883.443359375004,27883.443359375004,27883.443359375004,0
2018-01-24,27883.443359375,27883.443359375004,27883.443359375004,27883.443359375004,0
2018-01-25,27505.79296875,28135.21614881293,27379.908332737414,27883.44687678776,1292720
2018-01-26,27065.189453125,27820.49706577035,26750.477947856107,27789.02591524346,694100
2018-01-29,26309.88671875,27379.9060350628,26309.886718750004,27379.9060350628,1158650
2018-01-30,27694.61328125,27694.61328125,26121.055708451702,26309.882617187497,811820
2018-01-31,27631.671875,28481.392991884968,27191.07574031891,27694.61417995445,1871530
2018-02-01,26876.365234375,27820.49984448185,26750.480619694084,27694.615229800937,732920
2018-02-02,26498.7109375,27065.19169388361,26435.768631235154,27065.19169388361,897050
2018-02-05,26121.05859375,27254.020171310243,25995.173974021087,26498.71245293675,1180690
2018-02-06,24547.5,25176.92307692308,24295.73076923077,24862.21153846154,2086620
2018-02-07,25145.455078125,25680.464760638297,24893.6858157658,25491.637813868896,699780
2018-02-08,24421.615234375,25176.922922036083,24232.78831245973,25176.922922036083,481440
2018-02-09,24547.5,25176.92307692308,23603.365384615387,23918.07692307693,872640
2018-02-12,25145.455078125,25806.349391817897,24547.503080021903,24547.503080021903,507750
2018-02-13,25806.349609375,26184.003506097564,25176.92644817073,25176.92644817073,637240
2018-02-14,25806.349609375,25806.349609375,25806.349609375,25806.349609375,0
2018-02-15,25806.349609375,25806.349609375,25806.349609375,25806.349609375,0
2018-02-16,25806.349609375,25806.349609375,25806.349609375,25806.349609375,0
2018-02-19,25806.349609375,25806.349609375,25806.349609375,25806.349609375,0
2018-02-20,25806.349609375,25806.349609375,25806.349609375,25806.349609375,0
2018-02-21,26404.30078125,26435.771938319427,25806.34879693087,26215.473838833437,407430
2018-02-22,25806.349609375,26781.955509241616,25806.349609375,26309.888138338418,846990
2018-02-23,26939.30859375,26939.30859375,25995.173946772786,26121.058566369746,1237420
2018-02-26,27379.904296875,28324.03892780172,27316.961988146548,28324.03892780172,3058040
2018-02-27,27128.134765625,27568.73092191125,26939.30784150232,27442.846305829466,1138670
2018-02-28,27128.134765625,27128.134765625,27128.134765625,27128.134765625,0
2018-03-01,26750.482421875,27379.905537683822,26435.770863970585,26624.597798713232,1955670
2018-03-02,27694.61328125,27694.61328125,26750.478737571026,26813.421040482957,2095170
2018-03-05,27191.078125,28324.039713541664,27191.078125,28324.039713541664,2292950
2018-03-06,27379.904296875,27568.731223060346,27222.54852505388,27379.904296875,1217030
2018-03-07,26939.30859375,27883.44324072722,26813.42397415304,27379.90476233937,1633850
2018-03-08,26750.482421875,27191.078602941176,26561.65548713235,27065.19397977941,2768230
2018-03-09,24736.66796875,26610.657966382576,24211.95076941288,26610.657966382576,2248430
2018-03-12,24361.87109375,24886.58831730769,23237.47704326923,24736.669110576924,2254840
2018-03-13,23612.2734375,24361.86941964286,23312.435044642854,24361.86941964286,1105500
2018-03-14,24062.03125,24062.03125,23499.83425817757,23612.273656542056,1429430
2018-03-15,23612.2734375,24136.990625,23612.2734375,24062.03102678572,1150380
2018-03-16,23312.435546875,24361.86994448352,23274.95574696041,23612.273946191723,1567350
2018-03-19,22862.677734375,23649.75352523053,22487.87973872951,23312.43532914959,1510780
2018-03-20,22712.7578125,22750.237610870463,22337.95982879538,22712.7578125,1313720
2018-03-21,23274.953125,23424.872307769725,22712.756189613527,22712.756189613527,1312720
2018-03-22,23012.595703125,23612.272464118483,23012.595703125,23612.272464118483,582170
2018-03-23,22862.677734375,22862.677734375,22038.12214395492,22337.96054047131,1217870
2018-03-26,22487.876953125,23162.51326171875,22113.07900390625,22487.876953125,780800
2018-03-27,23012.595703125,23199.994690935466,22412.918942131517,22862.676512876627,1130310
2018-03-28,23387.392578125,23612.271352914664,22937.635028545672,23237.47339493189,1622330
2018-03-29,23125.03515625,23612.272525830635,22975.11596560981,23537.312930510536,893560
2018-03-30,23050.07421875,23125.033809705285,22825.195445884143,23125.033809705285,740610
2018-04-02,22487.876953125,23050.073876953124,22487.876953125,22975.114287109373,1221940
2018-04-03,22750.234375,22787.71416803954,22412.916237644156,22487.87582372323,795510
2018-04-04,22525.357421875,23087.5543625208,22525.357421875,23087.5543625208,917330
2018-04-05,22487.876953125,22675.27592773437,22450.397158203123,22562.836542968747,672150
2018-04-06,22787.716796875,23349.91375732422,22412.918823242188,22487.87841796875,1087950
2018-04-09,22750.234375,23312.43127059308,22750.234375,22787.71416803954,537570
2018-04-10,22487.876953125,22787.7153125,22412.91736328125,22787.7153125,1161230
2018-04-11,21888.19921875,22600.31528922303,21850.719425567208,22487.87590967465,1449030
2018-04-12,21550.880859375,21813.23940896739,21363.481895380435,21438.44148097826,1220060
2018-04-13,21888.19921875,21888.19921875,21513.40128692209,21738.280046018837,1028170
2018-04-16,21925.6796875,22000.63927617521,21438.44236111111,21550.88174412393,768760
2018-04-17,21888.19921875,21963.15880511558,21663.32045965325,21738.280046018837,642760
2018-04-18,21963.16015625,22113.079338203923,21775.761178807592,21888.20056527304,675040
2018-04-19,21438.4453125,21963.16250546329,21438.4453125,21963.16250546329,622220
2018-04-20,21475.92578125,22113.08239256108,21363.486379253925,21438.44598058464,478210
2018-04-23,20763.80859375,21550.884370769403,20389.01060469314,21475.92477295803,735410
2018-04-24,20501.447265625,20538.92705952925,20089.169532678246,20538.92705952925,703590
2018-04-25,20501.447265625,20501.447265625,20501.447265625,20501.447265625,0
2018-04-26,19489.49609375,20688.849699519236,19339.576893028847,20688.849699519236,466540
2018-04-27,19864.29296875,19976.73236291273,19264.616199882075,19489.49498820755,309580
2018-04-30,19864.29296875,19864.29296875,19864.29296875,19864.29296875,0
2018-05-01,19864.29296875,19864.29296875,19864.29296875,19864.29296875,0
2018-05-02,20164.130859375,20538.928830738845,19864.29248228392,20538.928830738845,380980
2018-05-03,20089.171875,20164.13147154851,19414.53550606344,20164.13147154851,467580
2018-05-04,19976.73046875,20239.089030253283,19939.25067424953,20014.21026325047,288030
2018-05-07,20014.2109375,20126.650324789327,19789.33216292135,19976.73114173689,191090
2018-05-08,20613.890625,20913.72903409091,19976.73400568182,20051.693607954545,816890
2018-05-09,20239.091796875,20763.8089916088,20239.091796875,20426.490794994214,288270
2018-05-10,19751.853515625,20501.44947447225,19751.853515625,20239.09088887571,291840
2018-05-11,19976.73046875,20164.129441252346,19564.45272924484,19751.851701747182,305920
2018-05-14,20351.52734375,20463.96672133978,20089.16879604052,20239.087966160223,255470
2018-05-15,20613.890625,20688.850227272727,20276.572414772727,20463.971420454545,461800
2018-05-16,21138.607421875,21475.92562541556,20538.930615580677,20613.890216367465,1097180
2018-05-17,20913.7265625,21251.044732862905,20913.7265625,21251.044732862905,511120
2018-05-18,20913.7265625,21063.64574932796,20463.96900201613,20913.7265625,316680
2018-05-21,20389.009765625,21063.646118164062,20389.009765625,20876.247131347656,453440
2018-05-22,19676.89453125,20389.01071428572,19189.657142857144,20314.05111607143,610650
2018-05-23,19864.29296875,20089.171757075477,19414.535392099056,19564.45458431604,328760
2018-05-24,19639.412109375,19939.250462189884,19339.57375656012,19864.290873986163,477220
2018-05-25,19114.693359375,19639.41043198529,19114.693359375,19639.41043198529,389110
2018-05-28,17840.3828125,19114.695870535717,17802.90301667542,19114.695870535717,1139540
2018-05-29,18964.7734375,18964.7734375,17390.622282608696,17990.29891304348,596150
2018-05-30,18889.81640625,19564.452706473214,18402.579078311013,18664.937639508928,249950
2018-05-31,19152.177734375,19227.13733411815,18852.3393354024,19227.13733411815,406740
2018-06-01,19489.49609375,19639.41529447116,19077.21829176683,19114.69809194712,619940
2018-06-04,20501.447265625,20501.447265625,19339.57365459324,19339.57365459324,603110
2018-06-05,20988.685546875,21026.16534249442,20239.08963448661,20538.927999441963,885040
2018-06-06,22038.12109375,22150.56048708546,20763.807969281464,21063.646351509356,2435960
2018-06-07,21738.28125,22075.599407327587,21588.36206896552,22038.119612068967,679800
2018-06-08,21588.36328125,21888.20166015625,21475.92388916016,21475.92388916016,417570
2018-06-11,20913.7265625,21550.883106518817,20913.7265625,21288.52452956989,657040
2018-06-12,20463.96875,20988.68589743589,20314.049565018315,20838.76671245421,569010
2018-06-13,20801.287109375,20913.726499155404,20463.968940033785,20463.968940033785,132370
2018-06-14,20913.7265625,21363.48412298387,20651.367985551075,20763.807375672044,362080
2018-06-15,21063.64453125,21213.563709408365,20763.806174933277,21213.563709408365,164750
2018-06-18,20164.130859375,21063.645990648238,20164.130859375,21063.645990648238,338770
2018-06-19,19414.53515625,20239.09070342664,18777.37859706805,20164.131108228765,695610
2018-06-20,19789.33203125,20014.210804332382,19264.61489405777,19489.493667140152,380380
2018-06-21,19339.57421875,19901.771143713664,19339.57421875,19901.771143713664,164250
2018-06-22,19601.93359375,19639.41339029637,19189.65583173996,19489.4942041109,144020
2018-06-25,19676.89453125,19901.773325892857,19601.934933035714,19601.934933035714,251390
2018-06-26,19339.57421875,19676.8923737282,19339.57421875,19676.8923737282,231440
2018-06-27,19264.6171875,19564.45558730545,19264.6171875,19489.495987354087,266300
2018-06-28,19114.693359375,19414.53168658088,18964.774195772057,18964.774195772057,145970
2018-06-29,18777.37890625,19414.53547592316,18777.37890625,19114.69709019461,214650
2018-07-02,18290.142578125,19114.698186155227,18027.783975569928,19114.698186155227,228780
2018-07-03,17615.5078125,18440.063497340423,17615.5078125,18290.14428191489,458630
2018-07-04,17990.302734375,17990.302734375,17315.666381835938,17615.504760742188,396100
2018-07-05,17652.982421875,18252.65910711916,17240.70470076964,18215.1793142914,211790
2018-07-06,18177.703125,18215.182925257734,17540.546520618558,17652.98592139175,210420
2018-07-09,18177.703125,18664.940528350515,18140.22332474227,18365.10212628866,202500
2018-07-10,17952.82421875,18327.62221914144,17952.82421875,18065.263618867437,187040
2018-07-11,17690.46484375,17915.34363413665,17390.626456567796,17615.505246954446,338870
2018-07-12,17765.423828125,17877.863219442246,17390.625857067513,17690.464233913503,118820
2018-07-13,17952.82421875,18027.783818828288,17802.905018593425,17802.905018593425,245640
2018-07-16,18327.619140625,18440.05852185583,17952.821203188905,18065.26058441973,452130
2018-07-17,18739.8984375,18739.8984375,18215.18128125,18327.620671875,435840
2018-07-18,19039.740234375,19189.659448818897,18664.942198265257,19114.69984159695,711640
2018-07-19,18664.939453125,18964.77783791416,18664.939453125,18964.77783791416,453400
2018-07-20,18365.103515625,18739.901546556124,18252.664106345663,18739.901546556124,519080
2018-07-23,18402.58203125,18814.859836430755,18365.102230779023,18440.061831720977,371250
2018-07-24,18402.58203125,18402.58203125,18402.58203125,18402.58203125,0
2018-07-25,17990.302734375,18739.898681640625,17990.302734375,18402.580505371094,285910
2018-07-26,17990.302734375,18177.701721191406,17915.343139648438,18177.701721191406,238070
2018-07-27,18327.619140625,18327.619140625,17990.300996932514,17990.300996932514,182810
2018-07-30,19601.93359375,19601.93359375,18327.62051117352,18327.62051117352,1134910
2018-07-31,19714.37109375,20239.088195104563,19714.37109375,19939.249851473385,848860
2018-08-01,19302.095703125,19789.33307038835,19302.095703125,19789.33307038835,468580
2018-08-02,19264.6171875,19339.57678745136,18739.899987840465,19264.6171875,572260
2018-08-03,19264.6171875,19564.45558730545,19189.65758754864,19339.57678745136,359670
2018-08-06,18964.7734375,19414.530910326088,18889.81385869565,19189.652173913044,214040
2018-08-07,18964.7734375,19189.652173913044,18889.81385869565,18964.7734375,418520
2018-08-08,19039.740234375,19114.69984159695,18889.821019931103,18964.78062715305,746580
2018-08-09,19714.37109375,19939.249851473385,19114.694406487644,19114.694406487644,1717170
2018-08-10,19564.453125,19789.331896551725,19377.0541487069,19714.37230603448,541100
2018-08-13,19377.0546875,19489.49407640232,19227.135502296904,19489.49407640232,453910
2018-08-14,19526.97265625,19714.371626079654,19227.13430452255,19264.614098488484,823240
2018-08-15,18814.857421875,19564.45333509711,18739.89783055279,19489.4937437749,742960
2018-08-16,19264.6171875,19264.6171875,18664.940387889103,18814.859587791827,491250
2018-08-17,19039.740234375,19339.5786632628,18964.78062715305,19152.179645207925,289490
2018-08-20,19039.740234375,19114.69984159695,18739.901805487207,19114.69984159695,456520
2018-08-21,19114.693359375,19264.612522977943,18852.33482306985,19114.693359375,449670
2018-08-22,19976.73046875,20201.60923575281,19189.65478424015,19189.65478424015,1739050
2018-08-23,19901.7734375,20014.212835451977,19676.894641596045,19976.73303613465,641310
2018-08-24,20351.52734375,20651.36568398941,19601.931493151475,19714.37087074125,1105180
2018-08-27,20239.091796875,20463.97059461805,20089.172598379628,20389.01099537037,606910
2018-08-28,20089.171875,20351.530462919774,19901.77288362873,20351.530462919774,649140
2018-08-29,19789.33203125,20089.170395359848,19751.85223573627,20089.170395359848,601460
2018-08-30,19901.7734375,19939.253236817327,19639.41484227872,19789.334039548023,428630
2018-08-31,19826.810546875,20239.0882709121,19826.810546875,19976.72971925213,827700
2018-09-03,19826.810546875,19826.810546875,19826.810546875,19826.810546875,0
2018-09-04,19639.412109375,20164.129226801047,19601.932315273138,19939.250462189884,621040
2018-09-05,19976.73046875,20314.048619254223,19714.37190724672,19939.25067424953,1299190
2018-09-06,20314.046875,20688.84478782288,19976.72875345941,19976.72875345941,1694490
2018-09-07,20351.52734375,20538.926306399637,20089.16879604052,20389.007136279928,541590
2018-09-10,20201.609375,20389.008348794065,20164.129580241188,20351.52855403525,575290
2018-09-11,20426.48828125,20426.48828125,19976.730741112387,20014.210536123854,840460
2018-09-12,20239.091796875,20763.8089916088,20239.091796875,20538.93019386574,1227620
2018-09-13,20239.091796875,20389.01099537037,20164.132197627318,20314.05139612269,692040
2018-09-14,20276.572265625,20314.052066485678,20201.61266390365,20239.09246476433,729710
2018-09-17,20376.900390625,20573.58861833373,20337.56274508325,20534.250972791982,1073050
2018-09-18,20455.578125,20494.915775240384,19904.85102163461,19904.85102163461,586980
2018-09-19,20848.953125,21202.991951650944,20573.589593160377,20612.92724056604,1815200
2018-09-20,21439.015625,21753.71677178899,21124.31447821101,21124.31447821101,2707410
2018-09-21,21478.353515625,21832.3923098386,21124.314721411403,21557.028803228022,1461660
2018-09-24,21360.33984375,21557.028055939227,21242.326916436465,21557.028055939227,902900
2018-09-25,21360.33984375,21635.70334081492,21124.31398912293,21242.326916436465,1408160
2018-09-26,21635.70703125,21832.395276988635,21281.668188920456,21360.34348721591,1032460
2018-09-27,21517.69140625,21793.054916019195,21399.67847349177,21635.70433900823,937310
2018-09-28,21163.654296875,21635.70606557853,21163.654296875,21635.70606557853,1228580
2018-10-01,21124.31640625,21557.030522579145,21084.978759310987,21202.991700128023,1031210
2018-10-02,20770.27734375,21163.65380859375,20691.60205078125,21124.31616210937,1053090
2018-10-03,20927.62890625,21084.97949953008,20691.60301632989,20809.615961289943,591840
2018-10-04,21793.056640625,21793.056640625,21045.641340675767,21163.65428277301,1693650
2018-10-05,22304.4453125,22815.83471119929,22029.08179012345,22107.75708223104,3174600
2018-10-08,22304.4453125,22619.146480930336,22186.432374338623,22304.4453125,2416840
2018-10-09,22147.09375,22422.457260213145,22029.080817051512,22304.444327264653,993180
2018-10-10,21950.40625,22225.769769265236,21753.7180219534,22107.756832437277,1263500
2018-10-11,20416.23828125,21399.67943159923,20416.23828125,21163.65355551541,3380950
2018-10-12,20848.953125,20888.29077240566,19826.17429245283,19983.52488207547,1393250
2018-10-15,20219.55078125,20888.29078763376,20219.55078125,20848.953140199417,720230
2018-10-16,20730.939453125,20730.939453125,20376.90063893501,20416.23828495612,597380
2018-10-17,21163.654296875,21399.68018122677,20927.628412523238,21163.654296875,904940
2018-10-18,21360.33984375,21753.716268128454,20927.625776933703,21006.301061809398,1281460
2018-10-19,21557.03125,21557.03125,20927.62887773723,20966.96652600365,1288940
2018-10-22,20848.953125,21635.706073113208,20848.953125,21478.355483490566,563210
2018-10-23,20337.5625,20966.96482108317,19826.17311411992,20966.96482108317,1113850
2018-10-24,19826.171875,20494.91179935516,19786.834232390876,20219.54830109127,767960
2018-10-25,19747.498046875,19747.498046875,18724.71926357072,19314.783946246265,1127980
2018-10-26,21124.31640625,21124.31640625,20062.19993889665,20062.19993889665,2692290
2018-10-29,21163.654296875,21557.03077079461,20927.628412523238,21321.004886442843,1653390
2018-10-30,21202.990234375,21360.34081125348,20927.62672483766,21006.3020132769,882460
2018-10-31,21596.3671875,21871.730703551915,21202.990735997268,21399.67896174864,1409640
2018-11-01,21635.70703125,22107.75882102273,21596.36938210227,21714.382329545453,1148410
2018-11-02,21635.70703125,21950.408224431816,21360.34348721591,21832.395276988635,796950
2018-11-05,21714.37890625,21950.404763926632,21557.02833446558,21635.703620357788,1356330
2018-11-06,21793.056640625,21950.407230088,21675.043698527752,21871.731935356496,1037600
2018-11-07,21793.056640625,21950.407230088,21714.3813458935,21950.407230088,700170
2018-11-08,22186.43359375,22383.121834829344,21832.39475980718,21989.745352670656,1372030
2018-11-09,21793.056640625,22265.10840901399,21635.706051162004,22186.43311428249,817570
2018-11-12,22147.09375,22147.09375,21793.05495115453,21793.05495115453,1113680
2018-11-13,22973.18359375,23445.235311429795,21793.054299550517,21950.404872110445,2304170
2018-11-14,23445.23828125,23523.913577495805,22855.17355940646,22855.17355940646,2503940
2018-11-15,22501.134765625,23523.913618607952,22461.797117433347,23445.23832222465,1041200
2018-11-16,22619.14453125,22973.18331521739,22579.806888586954,22579.806888586954,2106430
2018-11-19,22658.484375,22697.82202148437,22343.783203125,22658.484375,1697410
2018-11-20,23091.197265625,23209.210198839435,22658.48317717206,22697.820821576872,1868640
2018-11-21,23169.875,23248.55029711375,22815.836162988115,23051.86205432937,1660390
2018-11-22,22894.509765625,23209.21093078823,22737.159183043383,23169.873285142825,1406360
2018-11-23,22383.12109375,22815.835209797893,22343.783446836555,22697.82226905756,1095260
2018-11-26,22186.43359375,22304.44653839761,21950.407704454785,22107.75829731826,617960
2018-11-27,22147.09375,22343.78197158082,22107.75610568384,22107.75610568384,596890
2018-11-28,22029.08203125,22186.4326171875,21832.393798828125,22068.41967773437,624420
2018-11-29,22068.419921875,22265.108156472816,22029.082274955435,22186.43286263369,499640
2018-11-30,21793.056640625,22265.10840901399,21635.706051162004,22029.08252481949,965240
2018-12-03,22225.76953125,22265.10717643805,21950.40601493363,22265.10717643805,525130
2018-12-04,22697.82421875,22815.837169627383,22225.77241524047,22265.11006553293,644230
2018-12-05,22501.134765625,22697.82300658326,22225.77122828344,22697.82300658326,612740
2018-12-06,22579.810546875,22658.485844947736,22225.77170554769,22265.10935458406,424790
2018-12-07,22933.84765625,23051.860594446825,22579.80884165952,22579.80884165952,850120
2018-12-10,22815.833984375,23287.88572198276,22737.15869477371,23130.53514278017,921890
2018-12-11,22579.810546875,22815.836441093204,22501.135248802264,22815.836441093204,340210
2018-12-12,22579.810546875,22579.810546875,22579.810546875,22579.810546875,0
2018-12-13,22737.158203125,23209.20993052552,22697.82055917496,23209.20993052552,675380
2018-12-14,22501.134765625,22855.17359934987,22501.134765625,22855.17359934987,256340
2018-12-17,21911.06640625,22501.131031193898,21871.728764587075,22422.455747868044,360100
2018-12-18,21517.69140625,21871.73020452468,21321.00318498629,21793.054916019195,798570
2018-12-19,21360.33984375,21714.37862569061,21360.33984375,21714.37862569061,295340
2018-12-20,21478.353515625,21635.704090831045,21399.678228021978,21478.353515625,272150
2018-12-21,21478.353515625,21478.353515625,21163.652365212914,21399.678228021978,467220
2018-12-24,21478.353515625,21793.05466603709,21478.353515625,21478.353515625,160960
2018-12-25,20691.599609375,21202.988953332937,20298.223190945817,20927.62546043251,594440
2018-12-26,20534.25,21045.639367816093,20455.57471264368,20770.275862068967,722170
2018-12-27,20573.587890625,21202.99019703035,20573.587890625,21202.99019703035,327090
2018-12-28,20573.587890625,20770.276111376672,20573.587890625,20770.276111376672,162760
2018-12-31,20573.587890625,20573.587890625,20573.587890625,20573.587890625,0
2019-01-01,20573.587890625,20573.587890625,20573.587890625,20573.587890625,0
2019-01-02,20770.27734375,20966.965576171875,20573.589111328125,20612.9267578125,373200
2019-01-03,20062.197265625,20966.96302466299,20062.197265625,20848.95009957108,744230
2019-01-04,20101.5390625,20298.22731164384,19550.81196489726,20062.201412671235,612880
2019-01-07,20219.55078125,20455.57666585603,20180.21313381566,20455.57666585603,295310
2019-01-08,20180.212890625,20376.90112542641,20101.537596704435,20298.22583150585,261540
2019-01-09,20376.900390625,20534.250972791982,20219.54980845801,20219.54980845801,235660
2019-01-10,20376.900390625,20455.57568170849,20298.225099541505,20455.57568170849,157950
2019-01-11,20219.55078125,20455.57666585603,20180.21313381566,20376.901370987354,422200
2019-01-14,20455.578125,20573.591075721157,20219.55222355769,20258.889873798074,292460
2019-01-15,20848.953125,20888.29077240566,20455.5766509434,20455.5766509434,340690
2019-01-16,20848.953125,21045.641362028306,20612.92724056604,20848.953125,350940
2019-01-17,19747.498046875,20848.95212120269,19747.498046875,20770.27683017929,293360
2019-01-18,20219.55078125,20337.563723553016,19983.52489664397,20140.875486381323,367840
2019-01-21,20455.578125,20534.25342548077,20022.863972355768,20022.863972355768,358460
2019-01-22,20455.578125,20534.25342548077,20337.565174278847,20455.578125,176040
2019-01-23,20809.61328125,21084.976784026465,20298.22391895085,20455.574491965974,679230
2019-01-24,20691.599609375,20888.287818589597,20691.599609375,20809.61253490376,186520
2019-01-25,20770.27734375,20848.95263671875,20534.25146484375,20534.25146484375,122290
2019-01-28,20573.587890625,20888.289043827677,20573.587890625,20848.951399677346,120560
2019-01-29,20534.25,20534.25,20337.5617816092,20455.57471264368,197250
2019-01-30,20455.578125,20612.928725961538,20376.90282451923,20534.25342548077,156960
2019-01-31,20298.224609375,20494.91283233406,20298.224609375,20298.224609375,295680
2019-02-01,20180.212890625,20337.56347846613,20062.199949744157,20298.22583150585,298230
2019-02-04,20180.212890625,20180.212890625,20180.212890625,20180.212890625,0
2019-02-05,20180.212890625,20180.212890625,20180.212890625,20180.212890625,0
2019-02-06,20180.212890625,20180.212890625,20180.212890625,20180.212890625,0
2019-02-07,20180.212890625,20180.212890625,20180.212890625,20180.212890625,0
2019-02-08,20180.212890625,20180.212890625,20180.212890625,20180.212890625,0
2019-02-11,20652.265625,20691.603273809524,20298.226785714287,20494.915029761905,239060
2019-02-12,20730.939453125,20848.95239118833,20691.60180710389,20809.61474516722,450870
2019-02-13,21635.70703125,21635.70703125,20809.61639914773,20809.61639914773,2008050
2019-02-14,21360.33984375,21793.053910566297,21360.33984375,21714.37862569061,589990
2019-02-15,21242.330078125,21478.355967881944,21124.317133246528,21360.343023003472,378050
2019-02-18,21242.330078125,21242.330078125,21242.330078125,21242.330078125,0
2019-02-19,21517.69140625,21950.405493030165,21478.35376199726,21517.69140625,1249700
2019-02-20,21596.3671875,21635.704832650277,21399.67896174864,21399.67896174864,264330
2019-02-21,21714.37890625,21714.37890625,21517.690691519478,21635.703620357788,440780
2019-02-22,21596.3671875,21753.71776810109,21596.3671875,21714.38012295082,369840
2019-02-25,21635.70703125,21871.732926136363,21596.36938210227,21714.382329545453,497690
2019-02-26,21911.06640625,22186.429897890484,21675.04055627244,21871.728764587075,588070
2019-02-27,22225.76953125,22225.76953125,21911.06836974557,21911.06836974557,781300
2019-02-28,21635.70703125,22265.10941761364,21635.70703125,22265.10941761364,704100
2019-03-01,21793.056640625,21871.731935356496,21478.355461699008,21635.706051162004,258550
2019-03-04,22107.755859375,22147.09350325289,21793.05470835187,21950.405283863434,444630
2019-03-05,21793.056640625,22107.757819550992,21793.056640625,21950.407230088,464470
2019-03-06,21675.04296875,21871.731198956444,21635.705322708716,21793.055906873866,275310
2019-03-07,21832.392578125,22029.08079954955,21635.70435670045,21635.70435670045,322200
2019-03-08,21832.392578125,21832.392578125,21832.392578125,21832.392578125,0
2019-03-11,21557.03125,21793.05713959854,21399.680656934303,21478.355953467155,205390
2019-03-12,21793.056640625,21832.394287990748,21557.030756430504,21557.030756430504,320820
2019-03-13,22147.09375,22225.769038632327,21793.05495115453,21832.392595470694,1229270
2019-03-14,22343.78515625,22933.84990509463,22343.78515625,22422.460456095952,1153050
2019-03-15,22225.76953125,22422.457757190263,22107.75659568584,22422.457757190263,404170
2019-03-18,22186.43359375,22422.45948304521,22107.75829731826,22225.771241965867,572880
2019-03-19,21911.06640625,22186.429897890484,21871.728764587075,22186.429897890484,596280
2019-03-20,21793.056640625,21871.731935356496,21478.355461699008,21871.731935356496,679810
2019-03-21,21399.6796875,21989.744384765625,21321.00439453125,21793.05615234375,446960
2019-03-22,21202.990234375,21635.704320790817,21163.65259015538,21399.6784554731,412390
2019-03-25,20652.265625,21006.30446428572,20455.57738095238,20848.953869047626,549330
2019-03-26,20612.92578125,21045.63987207777,20612.92578125,20848.95164897424,326900
2019-03-27,20730.939453125,20888.29003720944,20652.26416108278,20848.95239118833,377360
2019-03-28,20691.599609375,20848.950176746675,20691.599609375,20691.599609375,170770
2019-03-29,20848.953125,21084.97900943396,20691.60253537736,20691.60253537736,320000
2019-04-01,20809.61328125,21006.301497518903,20730.93799474244,20848.95092450378,283780
2019-04-02,20848.953125,21084.97900943396,20770.27783018868,20927.62841981132,243690
2019-04-03,20730.939453125,20888.29003720944,20730.939453125,20888.29003720944,245190
2019-04-04,20770.27734375,20888.290283203125,20691.60205078125,20730.939697265625,202300
2019-04-05,21242.330078125,21321.005374710647,20770.278298611112,20770.278298611112,483070
2019-04-08,21006.302734375,21321.003898934927,21006.302734375,21321.003898934927,163340
2019-04-09,20809.61328125,21006.301497518903,20691.600351488654,21006.301497518903,221540
2019-04-10,20652.265625,20809.6162202381,20534.25267857143,20612.92797619048,324910
2019-04-11,20652.265625,20770.27857142857,20612.92797619048,20770.27857142857,156830
2019-04-12,20455.578125,20730.94167668269,20455.578125,20455.578125,265810
2019-04-15,20455.578125,20455.578125,20455.578125,20455.578125,0
2019-04-16,20455.578125,20612.928725961538,20219.55222355769,20455.578125,288880
2019-04-17,20416.23828125,20652.26415733381,20416.23828125,20455.57592726397,297830
2019-04-18,20337.5625,20534.25072533849,20337.5625,20337.5625,340670
2019-04-19,20376.900390625,20455.57568170849,20337.56274508325,20337.56274508325,124180
2019-04-22,20022.861328125,20416.23777857932,19668.82252271611,20376.900133533887,225310
2019-04-23,20022.861328125,20376.900133533887,19983.52368307957,20376.900133533887,146000
2019-04-24,20219.55078125,20258.88842868434,20022.862544078307,20022.862544078307,187400
2019-04-25,20298.224609375,20376.899898558622,20140.874031007752,20258.88696478319,176570
2019-04-26,20376.900390625,20416.238036166746,20219.54980845801,20298.225099541505,93960
2019-04-29,20376.900390625,20376.900390625,20376.900390625,20376.900390625,0
2019-04-30,20376.900390625,20376.900390625,20376.900390625,20376.900390625,0
2019-05-01,20376.900390625,20376.900390625,20376.900390625,20376.900390625,0
2019-05-02,20416.23828125,20494.91357327794,20376.900635236037,20416.23828125,163010
2019-05-03,20612.92578125,20612.92578125,20376.899913525765,20455.575202767177,256850
2019-05-06,20219.55078125,20455.57666585603,20062.20019151265,20455.57666585603,130950
2019-05-07,20337.5625,20652.263660541583,20219.549564796904,20612.926015473888,78580
2019-05-08,20573.587890625,20652.263178925667,20101.536160820982,20219.549093271988,321110
2019-05-09,20455.578125,20691.604026442303,20376.90282451923,20534.25342548077,212910
2019-05-10,20494.912109375,20612.925038987523,20376.89917976248,20376.89917976248,147760
2019-05-13,20652.265625,20809.6162202381,20455.57738095238,20494.915029761905,197750
2019-05-14,20730.939453125,20809.61474516722,20455.57593097723,20455.57593097723,276050
2019-05-15,20691.599609375,20888.287818589597,20691.599609375,20770.27489306084,229120
2019-05-16,20455.578125,20809.61697716346,20455.578125,20809.61697716346,186600
2019-05-17,21242.330078125,21242.330078125,20455.57711226852,20612.92770543981,698200
2019-05-20,21399.6796875,21478.35498046875,21202.991455078125,21321.00439453125,479310
2019-05-21,21163.654296875,21478.35547601069,21163.654296875,21478.35547601069,432280
2019-05-22,21202.990234375,21399.6784554731,21045.63965749652,21163.65259015538,451950
2019-05-23,21202.990234375,21242.32787859462,21006.3020132769,21006.3020132769,357260
2019-05-24,21439.015625,21675.041485091744,21163.652121559637,21202.989764908256,993350
2019-05-27,21242.330078125,21478.355967881944,21163.654781539357,21478.355967881944,185550
2019-05-28,21321.001953125,21439.014879064805,21163.651385205256,21439.014879064805,180450
2019-05-29,21084.978515625,21478.35498046875,21084.978515625,21478.35498046875,262680
2019-05-30,21006.302734375,21163.653316654963,20848.95215209504,20848.95215209504,323620
2019-05-31,20534.25,21006.30172413793,20534.25,20927.62643678161,329150
2019-06-03,20298.224609375,20770.276344476744,20219.54932019137,20455.575187742248,291060
2019-06-04,20337.5625,20573.58837040619,20219.549564796904,20298.2248549323,221030
2019-06-05,20416.23828125,20612.92651131985,20416.23828125,20612.92651131985,188150
2019-06-06,20691.599609375,20691.599609375,20258.8855491029,20376.898474631656,146330
2019-06-07,20809.61328125,20809.61328125,20494.912135219754,20691.600351488654,172470
2019-06-10,20573.587890625,20966.964332128344,20534.250246474665,20966.964332128344,231790
2019-06-11,20573.587890625,20770.276111376672,20455.574958173995,20573.587890625,132460
2019-06-12,20455.578125,20612.928725961538,20416.240474759616,20573.591075721157,143940
2019-06-13,20455.578125,20612.928725961538,20219.55222355769,20376.90282451923,303270
2019-06-14,20416.23828125,20573.58886530588,20416.23828125,20455.57592726397,175610
2019-06-17,20416.23828125,20455.57592726397,20062.19946712428,20416.23828125,462770
2019-06-18,20376.900390625,20455.57568170849,20337.56274508325,20416.238036166746,246210
2019-06-19,20376.900390625,20534.250972791982,20376.900390625,20534.250972791982,184070
2019-06-20,20494.912109375,20573.58739578335,20376.89917976248,20455.574466170827,318030
2019-06-21,20573.587890625,20691.600823076,20573.587890625,20612.92553477533,107680
2019-06-24,20573.587890625,20652.263178925667,20455.574958173995,20534.250246474665,130680
2019-06-25,20416.23828125,20573.58886530588,20416.23828125,20416.23828125,179940
2019-06-26,20770.27734375,20966.965576171875,20455.576171875,20455.576171875,366130
2019-06-27,20455.578125,20888.29227764423,20455.578125,20888.29227764423,290660
2019-06-28,20455.578125,20770.279326923075,20298.227524038462,20770.279326923075,355530
2019-07-01,20770.27734375,20809.61499023437,20534.25146484375,20612.9267578125,359240
2019-07-02,20927.62890625,21242.33009281015,20612.92771968985,20770.278312969924,812470
2019-07-03,21321.001953125,21793.053656884225,21321.001953125,21635.70308896448,1476190
2019-07-04,21321.001953125,21635.70308896448,21321.001953125,21439.014879064805,607310
2019-07-05,21360.33984375,21478.35277106353,21242.326916436465,21321.00220131216,377610
2019-07-08,21006.302734375,21360.341544504918,20888.289797665027,21321.003898934927,633770
2019-07-09,21045.640625,21084.97827102804,20888.29004088785,20966.965332943924,335490
2019-07-10,21242.330078125,21321.005374710647,20927.62889178241,21006.304188368056,369510
2019-07-11,21242.330078125,21399.680671296297,21242.330078125,21281.667726417825,243400
2019-07-12,21124.31640625,21321.004640945062,21124.31640625,21242.32934706704,337570
2019-07-15,21399.6796875,21557.0302734375,21084.978515625,21084.978515625,581050
2019-07-16,21478.353515625,21714.379378434067,21399.678228021978,21517.69115942651,535390
2019-07-17,21281.66796875,21557.031509935307,21242.330320009245,21557.031509935307,385180
2019-07-18,21084.978515625,21281.666748046875,21084.978515625,21163.65380859375,405160
2019-07-19,21124.31640625,21281.666994006053,21045.641112371974,21242.32934706704,230200
2019-07-22,20927.62890625,21163.654796170114,20927.62890625,21124.31714785009,161010
2019-07-23,21006.302734375,21321.003898934927,20927.62744323502,20927.62744323502,206030
2019-07-24,20888.291015625,21084.979254943504,20888.291015625,20966.9663113524,157350
2019-07-25,20888.291015625,20888.291015625,20888.291015625,20888.291015625,0
2019-07-26,20888.291015625,20888.291015625,20888.291015625,20888.291015625,0
2019-07-29,20888.291015625,20888.291015625,20888.291015625,20888.291015625,0
2019-07-30,20888.291015625,20888.291015625,20888.291015625,20888.291015625,0
2019-07-31,20534.25,20691.600574712644,20337.5617816092,20691.600574712644,460660
2019-08-01,20219.55078125,20534.25196072471,20140.875486381323,20455.57666585603,615980
2019-08-02,20455.578125,20455.578125,19904.85102163461,20062.201622596152,439060
2019-08-05,20455.578125,20494.915775240384,20258.889873798074,20298.227524038462,297920
2019-08-06,20455.578125,20455.578125,20455.578125,20455.578125,0
2019-08-07,20809.61328125,20927.626211011346,20691.600351488654,20927.626211011346,427130
2019-08-08,22029.08203125,22265.10791015625,20652.264404296875,20652.264404296875,3368880
2019-08-09,21793.056640625,22186.43311428249,21793.056640625,22186.43311428249,721070
2019-08-12,21753.720703125,21989.746605871384,21635.70775175181,21871.73365449819,627270
2019-08-13,21399.6796875,21793.05615234375,21242.3291015625,21635.70556640625,1320440
2019-08-14,21242.330078125,21635.70656105324,21242.330078125,21478.355967881944,422200
2019-08-15,21989.744140625,22029.081786672632,20848.95240524374,21006.302989434254,1637940
2019-08-16,22422.458984375,22737.16016310307,21793.05662691886,21989.744863623902,2220100
2019-08-19,22422.458984375,22658.484868421056,22029.082510964912,22422.458984375,828250
2019-08-20,22815.833984375,22815.833984375,22147.09402276401,22147.09402276401,1083000
2019-08-21,22540.47265625,22933.84914239747,22501.135007635254,22658.48560209424,1009040
2019-08-22,22147.09375,22540.47019316164,22147.09375,22540.47019316164,688770
2019-08-23,22186.43359375,22540.472427692817,22147.09594553413,22147.09594553413,751000
2019-08-26,22265.107421875,22579.8085868485,21950.4062569015,21950.4062569015,974240
2019-08-27,21950.40625,22501.133288530466,21714.380376344085,22501.133288530466,696170
2019-08-28,21950.40625,22029.08154121864,21753.7180219534,22029.08154121864,426210
2019-08-29,22186.43359375,22304.44653839761,21911.07005623892,21950.407704454785,445010
2019-08-30,22501.134765625,22658.48535839161,22029.08298732517,22225.77122828344,1529350
2019-09-02,22501.134765625,22501.134765625,22501.134765625,22501.134765625,0
2019-09-03,22304.4453125,22737.15941909171,22265.10766644621,22579.80883487654,681310
2019-09-04,22265.107421875,22343.782713118373,22107.75683938825,22265.107421875,883740
2019-09-05,22186.43359375,22343.784186613477,22147.09594553413,22343.784186613477,766820
2019-09-06,22186.43359375,22265.10889018173,22107.75829731826,22147.09594553413,504320
2019-09-09,21871.732421875,22265.108904282824,21871.732421875,22029.08301483813,576280
2019-09-10,21124.31640625,21793.056404213225,21124.31640625,21793.056404213225,1720230
2019-09-11,20927.62890625,21242.33009281015,20848.95360960996,21124.31714785009,435120
2019-09-12,21321.001953125,21399.67723708487,21045.63845926545,21084.976101245386,390670
2019-09-13,21321.001953125,21478.35252104474,21124.31374322532,21321.001953125,449320
2019-09-16,21321.001953125,21596.365446984542,21321.001953125,21321.001953125,333770
2019-09-17,21321.001953125,21399.67723708487,21242.32666916513,21321.001953125,183360
2019-09-18,21517.69140625,21675.04198326097,21321.00318498629,21399.67847349177,631290
2019-09-19,21478.353515625,21517.69115942651,21399.678228021978,21517.69115942651,233780
2019-09-20,21596.3671875,21675.042477800547,21360.34131659836,21399.67896174864,539640
2019-09-23,21557.03125,21635.70654653285,21517.693601733576,21635.70654653285,395230
2019-09-24,21753.720703125,21871.73365449819,21478.357149920885,21517.694800378616,441810
2019-09-25,21989.744140625,22186.43237086315,21753.718264339223,21793.05591038685,656410
2019-09-26,21950.40625,22029.08154121864,21753.7180219534,22029.08154121864,282710
2019-09-27,21793.056640625,21989.744877453744,21714.3813458935,21950.407230088,394220
2019-09-30,21557.03125,21793.05713959854,21478.355953467155,21793.05713959854,832680
2019-10-01,21635.70703125,21832.395276988635,21557.031732954543,21557.031732954543,263130
2019-10-02,21557.03125,21832.394787864963,21557.03125,21635.70654653285,457120
2019-10-03,21793.056640625,21793.056640625,21439.017814333256,21478.355461699008,409230
2019-10-04,21596.3671875,21871.730703551915,21596.3671875,21793.055413251368,219940
2019-10-07,21242.330078125,21635.70656105324,21242.330078125,21596.368912760416,343840
2019-10-08,20927.62890625,21399.680686090225,20927.62890625,21242.33009281015,593420
2019-10-09,20770.27734375,21163.65380859375,20730.939697265625,21163.65380859375,583640
2019-10-10,20848.953125,21084.97900943396,20730.94018278302,20770.27783018868,418780
2019-10-11,21045.640625,21202.991209112148,20848.95239485981,21045.640625,226090
2019-10-14,20927.62890625,21202.992444490133,20888.29125792998,21045.641851210057,226440
2019-10-15,20770.27734375,20966.965576171875,20730.939697265625,20966.965576171875,266750
2019-10-16,20770.27734375,21006.30322265625,20770.27734375,20888.290283203125,197230
2019-10-17,20691.599609375,20888.287818589597,20652.26196753208,20770.27489306084,324040
2019-10-18,20770.27734375,20848.95263671875,20652.264404296875,20848.95263671875,218820
2019-10-21,20848.953125,20927.62841981132,20652.264887971694,20927.62841981132,127320
2019-10-22,21006.302734375,21006.302734375,20730.939215385064,20730.939215385064,321270
2019-10-23,21557.03125,21557.03125,21084.97947080292,21163.654767335767,849460
2019-10-24,21399.6796875,21635.70556640625,21321.00439453125,21635.70556640625,329180
2019-10-25,21557.03125,21635.70654653285,21360.343008667885,21557.03125,448790
2019-10-28,21242.330078125,21596.368912760416,21242.330078125,21557.03126446759,420390
2019-10-29,21163.654296875,21478.35547601069,21163.654296875,21242.329591658923,349840
2019-10-30,21163.654296875,21321.004886442843,21124.31664948304,21242.329591658923,230460
2019-10-31,21006.302734375,21321.003898934927,20966.96508880501,21281.666253364936,244670
2019-11-01,21006.302734375,21163.653316654963,20927.62744323502,20927.62744323502,414620
2019-11-04,21163.654296875,21399.68018122677,21045.64135469912,21124.31664948304,439420
2019-11-05,21392.884765625,21475.482776303088,21145.090733590736,21475.482776303088,494650
2019-11-06,21103.791015625,21392.8840432363,21103.791015625,21392.8840432363,128880
2019-11-07,21062.4921875,21186.389200367645,21021.193183210784,21021.193183210784,190520
2019-11-08,20938.59375,21145.08875739645,20938.59375,21062.49075443787,228030
2019-11-11,20814.6953125,20979.89130704365,20690.798316592263,20979.89130704365,196920
2019-11-12,20732.099609375,20897.295622198704,20649.501602963148,20897.295622198704,308360
2019-11-13,20690.80078125,20814.69779191617,20608.202774139223,20814.69779191617,309160
2019-11-14,20608.203125,20690.801133517038,20525.60511648297,20690.801133517038,308970
2019-11-15,20649.501953125,20855.99697265625,20566.9039453125,20649.501953125,257460
2019-11-18,20608.203125,20814.698146292587,20608.203125,20649.50212925852,216770
2019-11-19,20649.501953125,20690.80095703125,20566.9039453125,20608.20294921875,202820
2019-11-20,20484.3046875,20649.500693044352,20443.00568611391,20566.902690272174,135080
2019-11-21,20236.513671875,20608.2047393176,20236.513671875,20484.30771683673,505960
2019-11-22,19823.51953125,20401.705517578124,19740.921533203124,20236.50952148437,348420
2019-11-25,19823.51953125,20071.313525390626,19658.32353515625,19658.32353515625,240870
2019-11-26,19988.716796875,20030.015798521435,19864.819791935694,19988.716796875,149470
2019-11-27,19823.51953125,20153.9115234375,19740.921533203124,20153.9115234375,145370
2019-11-28,19699.623046875,19988.71604756289,19658.32404677673,19823.52004716981,179780
2019-11-29,19617.025390625,19782.221393914475,19410.53038651316,19699.623392269736,153450
2019-12-02,19410.533203125,19740.925257646275,19327.93518949468,19699.62625083112,129840
2019-12-06,18832.345703125,19245.33574047423,18832.345703125,19038.840721799617,302250
2019-12-09,18997.541015625,19080.13902004076,18832.34500679348,18832.34500679348,260530
2019-12-10,18914.943359375,19121.438374215337,18749.74734750273,18997.54136531113,105400
2019-12-11,18914.943359375,18956.242362343062,18791.046350470795,18873.64435640693,183380
2019-12-12,19080.138671875,19121.437673329277,18914.9426660579,18914.9426660579,132970
2019-12-13,19493.130859375,19699.62588966499,19162.738810911014,19162.738810911014,447640
2019-12-16,19740.923828125,19740.923828125,19245.33578223065,19493.129805177825,191310
2019-12-17,19410.533203125,19740.925257646275,19410.533203125,19740.925257646275,85200
2019-12-18,19451.830078125,19493.12908041401,19245.33506667993,19410.53107583599,329020
2019-12-19,19658.326171875,19658.326171875,19327.9341353729,19658.326171875,263660
2019-12-20,19699.623046875,19699.623046875,19410.530046187105,19658.32404677673,289090
2019-12-23,20071.314453125,20071.314453125,19699.6234447338,19699.6234447338,316850
2019-12-24,19782.224609375,19864.822624445456,19699.62659430454,19823.523616910228,218610
2019-12-25,19782.224609375,19782.224609375,19534.43056416362,19740.92560183977,175490
2019-12-26,19410.533203125,19782.224264461434,19410.533203125,19658.32724401596,182530
2019-12-27,19410.533203125,19575.72923038564,19204.0381690492,19410.533203125,162140
2019-12-30,19245.333984375,19575.72598410676,19245.333984375,19575.72598410676,178550
2019-12-31,19245.333984375,19534.42698414029,19080.13798450912,19534.42698414029,53250
2020-01-01,19245.333984375,19245.333984375,19245.333984375,19245.333984375,0
2020-01-02,19162.73828125,19327.93430091595,19121.439276333516,19245.33629108297,102780
2020-01-03,18791.044921875,19245.333919986264,18749.745922046703,19162.73592032967,391080
2020-01-06,18378.0546875,18832.34367977528,18336.755688202247,18749.74568117977,193970
2020-01-07,17965.064453125,18460.652438038796,17923.765454382185,18378.05444055316,348050
2020-01-08,17345.578125,17923.7640625,17345.578125,17923.7640625,320710
2020-01-09,17923.767578125,17965.06658176123,17593.375549035136,17593.375549035136,253950
2020-01-10,18171.560546875,18171.560546875,17139.085515802555,17965.06554066051,631400
2020-01-13,17758.572265625,18088.964307776165,17675.97425508721,18088.964307776165,109300
2020-01-14,17758.572265625,17965.067291969477,17510.77823401163,17965.067291969477,149040
2020-01-15,17634.673828125,17758.57083394321,17428.178818427987,17593.374826185598,219200
2020-01-16,17510.77734375,17675.973356426886,17345.581331073114,17675.973356426886,425730
2020-01-17,17675.974609375,17675.974609375,17345.582560601633,17510.77858498832,208740
2020-01-20,17593.37109375,17675.969080105635,17469.474114216548,17593.37109375,199720
2020-01-21,17675.974609375,17799.871627665012,17469.479578891645,17593.376597181657,395000
2020-01-22,17799.87109375,17799.87109375,17634.675074318446,17675.974079176336,474460
2020-01-23,17799.87109375,17799.87109375,17799.87109375,17799.87109375,0
2020-01-24,17799.87109375,17799.87109375,17799.87109375,17799.87109375,0
2020-01-27,17799.87109375,17799.87109375,17799.87109375,17799.87109375,0
2020-01-28,17799.87109375,17799.87109375,17799.87109375,17799.87109375,0
2020-01-29,17799.87109375,17799.87109375,17799.87109375,17799.87109375,0
2020-01-30,16932.591796875,17675.973875762196,16560.900757431402,17675.973875762196,517710
2020-01-31,15776.21875,16932.59080497382,15776.21875,16602.198789267015,2241720
2020-02-03,15652.3203125,15652.320312499998,14702.443354221636,15445.82532156992,974650
2020-02-04,15528.42578125,15652.322795462102,14991.53871966423,15528.42578125,392420
2020-02-05,15611.0244140625,15776.220439608136,15280.632362971231,15528.426401289684,473070
2020-02-06,16106.6103515625,16189.208353365384,15445.826337139422,15693.620342548076,418210
2020-02-07,16065.314453125,16189.211479755784,15858.81940874036,16189.211479755784,263280
2020-02-10,15941.4150390625,16065.312047138115,15528.425012143782,15817.518030986885,379700
2020-02-11,15776.21875,15982.713759816754,15693.6207460733,15982.713759816754,272250
2020-02-12,15817.517578125,15858.816579634464,15652.32157208714,15693.620573596603,297530
2020-02-13,16106.6103515625,16189.208353365384,15817.517345252403,15817.517345252403,790710
2020-02-14,16437.00390625,16519.601915829146,15941.415848775125,16106.611867933416,351460
2020-02-17,16891.29296875,16891.29296875,16437.003915800735,16519.601925427873,507890
2020-02-18,16519.599609375,16891.290600585937,16395.70261230469,16891.290600585937,480470
2020-02-19,16519.599609375,16519.599609375,16271.805615234374,16271.805615234374,265310
2020-02-20,16519.599609375,16808.692602539064,16354.403613281249,16354.403613281249,353490
2020-02-21,16395.701171875,16726.093135036208,16395.701171875,16684.794139641057,248170
2020-02-24,15611.0244140625,16271.80851624504,15280.632362971231,16189.210503472224,507460
2020-02-25,15817.517578125,15817.517578125,15115.4345524641,15115.4345524641,299060
2020-02-26,15611.0244140625,15611.0244140625,15156.735343812004,15611.0244140625,305720
2020-02-27,15817.517578125,15817.517578125,15363.228561520888,15611.022570577676,138150
2020-02-28,15652.3203125,15693.619310686016,15280.629328825857,15321.928327011872,302040
2020-03-02,15693.619140625,15941.41312705592,15321.928160978618,15321.928160978618,377990
2020-03-03,15817.517578125,16024.012585672324,15693.620573596603,16024.012585672324,146770
2020-03-05,15858.8173828125,16024.013397216797,15776.219375610352,15858.8173828125,231490
2020-03-06,15734.9228515625,15858.819881889764,15693.623841453413,15776.221861671587,84780
2020-03-09,14743.744140625,15363.22918855042,14661.146134234945,14867.641150210084,728440
2020-03-10,14867.6416015625,14908.940606011283,14206.857530381943,14289.455539279514,356930
2020-03-11,14619.84765625,15032.837703036725,13835.166567355229,14867.641684322034,447460
2020-03-12,13628.671875,14372.053977272726,13628.671875,14082.9609375,607800
2020-03-13,13050.484375,13050.484375,12678.79336431962,12678.79336431962,917640
2020-03-16,13050.484375,13256.979380933544,12802.690367879746,12926.587371439871,455770
2020-03-17,13546.0732421875,13546.0732421875,12720.09316644436,12885.289181592989,485340
2020-03-18,14000.361328125,14206.8563329646,13711.268321349557,13793.866323285398,663440
2020-03-19,13959.0625,14124.25850591716,13546.072485207102,13876.46449704142,340320
2020-03-20,13587.37109375,13959.06209631459,13256.979091470364,13959.06209631459,287940
2020-03-23,12637.49609375,13215.682189542484,12637.49609375,12885.29013480392,786690
2020-03-24,12967.8876953125,12967.8876953125,12389.701619725318,12967.8876953125,385850
2020-03-25,13463.474609375,13463.474609375,13009.185588813269,13174.38159629026,271200
2020-03-26,13133.0830078125,13380.87702682783,13050.485001474057,13215.681014150943,177230
2020-03-27,13133.0830078125,13215.681014150943,12885.28898879717,13215.681014150943,176920
2020-03-30,12472.2978515625,12596.194850087955,12224.50385451159,12596.194850087955,247430
2020-03-31,12348.4013671875,12802.69038069607,11646.31834631062,12389.700368415552,255840
2020-04-01,12348.4013671875,12554.89637332776,12265.803364731397,12265.803364731397,225870
2020-04-02,12348.4013671875,12348.4013671875,12348.4013671875,12348.4013671875,0
2020-04-03,12554.8974609375,12637.49547054893,12348.402436908922,12348.402436908922,348250
2020-04-06,13422.17578125,13422.17578125,12720.092740384614,12720.092740384614,419790
2020-04-07,13422.17578125,13628.67079326923,13215.680769230768,13628.67079326923,229600
2020-04-08,13422.17578125,13422.17578125,12802.690745192309,12802.690745192309,308590
2020-04-09,13628.671875,13793.867897727272,13380.87784090909,13463.475852272726,442690
2020-04-10,13546.0732421875,13793.867264910445,13215.681211890244,13711.269257336127,302240
2020-04-13,13793.8671875,14041.661208832336,13628.671173278444,13793.867187500002,389230
2020-04-14,13793.8671875,13876.46519461078,13463.475159056889,13793.867187500002,261590
2020-04-15,14000.361328125,14041.66032909292,13711.268321349557,13711.268321349557,339960
2020-04-16,14372.05078125,14537.24676724138,13793.864830280172,13959.06081627155,1059740
2020-04-17,15156.7314453125,15198.030441076296,14702.442491910762,14785.040483438352,975490
2020-04-20,14826.341796875,15280.630821291785,14702.444790215875,15198.032816852368,594640
2020-04-21,13959.0625,14661.14552514793,13876.46449704142,14578.54752218935,862080
2020-04-22,14454.6513671875,14537.249375,13628.6712890625,13959.0633203125,446280
2020-04-23,14537.25,14867.642045454544,14495.95099431818,14702.446022727272,559470
2020-04-24,14413.353515625,14537.250537249283,14289.456494000717,14537.250537249283,337120
2020-04-27,14454.6513671875,14661.146386718749,14372.053359375,14537.249375,255570
2020-04-28,15032.8349609375,15032.8349609375,14454.64900090144,14454.64900090144,783490
2020-04-29,15363.23046875,15611.024508568547,15198.0344422043,15239.333448840724,568850
2020-04-30,15363.23046875,15363.23046875,15363.23046875,15363.23046875,0
2020-05-01,15363.23046875,15363.23046875,15363.23046875,15363.23046875,0
2020-05-04,14867.6416015625,15363.229654947916,14661.146579318576,15363.229654947916,404050
2020-05-05,14867.6416015625,14867.6416015625,14578.548570421006,14867.6416015625,199960
2020-05-06,14867.6416015625,15032.83761935764,14702.44558376736,14867.6416015625,371930
2020-05-07,15115.4345703125,15280.630576545424,14826.341559404884,15074.13556875427,424580
2020-05-08,15032.8349609375,15321.92794095553,14991.535963792066,15074.133958082932,413560
2020-05-11,15693.619140625,15776.217136101974,14908.93818359375,15115.433172286184,733410
2020-05-12,15941.4150390625,16024.013044446245,15569.724014835654,15817.518030986885,549130
2020-05-13,16106.6103515625,16271.806355168268,15611.022340745192,15941.41434795673,676310
2020-05-14,16147.9111328125,16313.107154631554,15693.622072810102,15817.519089174391,575970
2020-05-15,16147.9111328125,16147.9111328125,16147.9111328125,16147.9111328125,0
2020-05-18,16147.9111328125,16147.9111328125,16147.9111328125,16147.9111328125,0
2020-05-19,16189.2080078125,16189.2080078125,15982.713007712851,16024.01200773278,460510
2020-05-20,16189.2080078125,16189.2080078125,16189.2080078125,16189.2080078125,0
2020-05-21,16024.013671875,16189.209689110823,15982.714667566042,16106.611680492912,238910
2020-05-22,15941.4150390625,16106.611049829988,15900.116036370628,16106.611049829988,308830
2020-05-25,16024.013671875,16065.312676183956,15817.518650330216,15817.518650330216,240930
2020-05-26,16726.095703125,16726.095703125,16189.208680555555,16189.208680555555,580970
2020-05-27,16189.2080078125,16932.59000817124,16189.2080078125,16932.59000817124,384870
2020-05-28,16189.2080078125,16437.00200793208,16024.01200773278,16271.80600785236,196260
2020-05-29,16189.2080078125,16313.105007872293,16024.01200773278,16271.80600785236,330870
2020-06-01,16271.80859375,16395.705613499365,16147.911574000636,16395.705613499365,320680
2020-06-02,15858.8173828125,16437.00343322754,15858.8173828125,16437.00343322754,471480
2020-06-03,16271.80859375,16437.004620082487,15817.51952133566,15858.818527918782,595720
2020-06-04,16395.701171875,16395.701171875,16189.206194899243,16354.402176479847,406150
2020-06-05,17221.68359375,17221.68359375,16189.208558153476,16395.703565272783,802660
2020-06-08,17221.68359375,17221.68359375,17221.68359375,17221.68359375,0
2020-06-09,17221.68359375,17221.68359375,17221.68359375,17221.68359375,0
2020-06-10,17262.984375,17262.984375,16849.994318181816,16932.592329545452,444990
2020-06-11,16065.314453125,17345.583728309768,16065.314453125,17262.985710555913,738480
2020-06-12,16354.40625,16354.406249999998,15280.632102272726,15280.632102272726,593750
2020-06-15,15693.619140625,16726.09408408717,15693.619140625,16726.09408408717,214760
2020-06-16,16147.9111328125,16189.210138267264,15776.220083719629,15858.818094629156,180310
2020-06-17,16024.013671875,16271.807697728736,15817.518650330216,16147.910684801867,93350
2020-06-18,16024.013671875,16065.312676183956,15776.219646021262,15858.817654639177,181850
2020-06-19,16230.509765625,16230.509765625,15941.416716364503,15941.416716364503,229200
2020-06-22,16354.40625,16354.406249999998,16189.210227272726,16230.509232954544,377800
2020-06-23,16519.599609375,16932.589599609375,16354.403613281249,16478.30061035156,455710
2020-06-24,16519.599609375,16767.393603515626,16189.2076171875,16684.79560546875,226780
2020-06-25,16313.107421875,16437.004440268985,15982.715372824368,16065.313385087024,123090
2020-06-26,16189.2080078125,16437.00200793208,16024.01200773278,16313.105007872293,198940
2020-06-29,15693.619140625,16024.011122532896,15321.928160978618,16024.011122532896,385800
2020-06-30,15363.23046875,15776.220535114246,15321.931462113576,15693.622521841397,264890
2020-07-01,15611.0244140625,15693.622426835318,15363.230375744048,15363.230375744048,110530
2020-07-02,15611.0244140625,15693.622426835318,15528.426401289684,15611.0244140625,42850
2020-07-03,15611.0244140625,15693.622426835318,15569.725407676093,15611.0244140625,94940
2020-07-06,15817.517578125,15858.816579634464,15693.620573596603,15693.620573596603,142180
2020-07-07,15817.517578125,15941.414582653391,15776.218576615534,15858.816579634464,161710
2020-07-08,15776.21875,15858.8167539267,15693.6207460733,15817.51775196335,77840
2020-07-09,15941.4150390625,16024.013044446245,15693.62102291127,15734.920025603142,284050
2020-07-10,15941.4150390625,15941.4150390625,15941.4150390625,15941.4150390625,0
2020-07-13,15941.4150390625,16065.312047138115,15858.817033678755,16065.312047138115,190260
2020-07-14,15941.4150390625,15982.714041754372,15858.817033678755,15941.4150390625,86810
2020-07-15,15941.4150390625,15941.4150390625,15941.4150390625,15941.4150390625,0
2020-07-16,16230.509765625,16478.303807848282,16189.210758587787,16437.004800811068,162340
2020-07-17,16189.2080078125,16313.105007872293,16106.61000777264,16230.507007832432,104600
2020-07-20,16147.9111328125,16189.210138267264,15941.416105538685,16147.9111328125,259790
2020-07-21,16147.9111328125,16230.509143722027,16065.313121902973,16189.210138267264,68740
2020-07-22,16147.9111328125,16271.80814917679,16106.612127357736,16147.9111328125,167170
2020-07-23,16065.314453125,16147.912470878857,15900.118417617288,16024.015444248073,124260
2020-07-24,15363.23046875,16147.91159484207,14950.240402385753,16065.31358156922,339740
2020-07-27,14330.751953125,14785.04091993876,14289.452956141931,14454.648944074208,926780
2020-07-28,15156.7314453125,15156.7314453125,14289.45253427282,14330.751530036614,300540
2020-07-29,14702.4443359375,14785.04233782479,14413.351329331988,14578.547333106566,182240
2020-07-30,15198.03125,15198.03125,14867.639266304348,14867.639266304348,220450
2020-07-31,15115.4345703125,15115.4345703125,14908.939562521346,15074.13556875427,236540
2020-08-03,15321.9296875,15363.2286893531,14908.939668969004,14908.939668969004,194730
2020-08-04,15817.517578125,16106.610588691252,15445.826564539817,15693.620573596603,316610
2020-08-05,16808.693359375,16849.992360257987,15817.517338183354,16024.01234259828,1149290
2020-08-06,16891.29296875,17345.58202169927,16643.498939868583,16808.694959122862,580190
2020-08-07,16726.095703125,16932.590711805555,16684.79670138889,16726.095703125,218780
2020-08-10,16560.900390625,16932.591421836034,16519.60138715711,16519.60138715711,526000
2020-08-11,17139.0859375,17262.982944277108,16519.600903614457,16643.497910391565,624980
2020-08-12,17221.68359375,17510.776603717026,17139.085590902276,17221.68359375,673390
2020-08-13,17345.578125,17469.475111607142,17056.48515625,17221.681138392858,726470
2020-08-14,17097.787109375,17469.478133491848,16767.395087937803,17262.9831200936,566480
2020-08-17,17428.177734375,17428.177734375,16808.692743816646,16932.589741928317,706990
2020-08-18,18088.962890625,18460.653908925517,17593.374866224312,17593.374866224312,1287980
2020-08-19,18956.2421875,19162.73720043573,18047.66413058279,18088.96313316993,1187460
2020-08-20,18708.447265625,18832.344267384105,18460.65326210679,18584.55026386589,613210
2020-08-21,18956.2421875,19369.232213371462,18543.25216162854,18625.850166802837,871990
2020-08-24,18997.541015625,19245.335028872283,18749.74700237772,18997.541015625,679450
2020-08-25,18997.541015625,19740.92305536685,18997.541015625,19327.933033288045,1145650
2020-08-26,19369.234375,19410.53338219616,18914.94529584222,19121.44033182303,614910
2020-08-27,19369.234375,19617.02841817697,19245.337353411516,19327.93536780384,443220
2020-08-28,18997.541015625,19369.232035495923,18997.541015625,19204.0360266644,450980
2020-08-31,18749.74609375,19245.334096227973,18667.148093337004,18997.540094988988,692920
2020-09-01,18997.541015625,18997.541015625,18625.84999575408,18625.84999575408,659800
2020-09-02,18997.541015625,18997.541015625,18997.541015625,18997.541015625,0
2020-09-03,19513.630859375,19513.630859375,19084.759851476647,19470.74375858517,956750
2020-09-04,19213.421875,19427.85738699777,19041.873465401783,19127.64767020089,335850
2020-09-07,18698.775390625,19299.194783901952,18698.775390625,19256.30768438217,474570
2020-09-08,18827.435546875,18956.09683762813,18613.000062286446,18698.774256121866,342930
2020-09-09,19342.08203125,19427.856230945123,18698.775533536587,18698.775533536587,848620
2020-09-10,20414.2578125,20414.2578125,19427.8545988708,19427.8545988708,1545260
2020-09-11,20414.2578125,20414.2578125,20414.2578125,20414.2578125,0
2020-09-14,20114.048828125,20328.484316697763,20071.161730410447,20328.484316697763,440080
2020-09-15,20156.935546875,20542.9194190492,20071.161353058516,20156.935546875,787080
2020-09-16,20071.16015625,20242.708533653848,19985.38596754808,20114.04725060096,430610
2020-09-17,20156.935546875,20285.596837599733,19985.387159242026,20242.70974069149,578030
2020-09-18,20628.69140625,20843.12686785343,20156.933390722454,20156.933390722454,1098050
2020-09-21,20457.14453125,20671.58000851677,20328.483244889936,20628.692913063416,601860
2020-09-22,20285.59765625,20414.25895216702,20028.275064415964,20199.823458971987,642380
2020-09-23,20328.482421875,20414.25660930907,20156.934047006856,20242.70823444093,556570
2020-09-24,20628.69140625,20757.35268321206,20328.4817600052,20328.4817600052,1051110
2020-09-25,20414.2578125,20714.467486213234,20285.596523765755,20628.69329372374,415100
2020-09-28,20414.2578125,20628.69329372374,20371.37071625525,20628.69329372374,443050
2020-09-29,20156.935546875,20457.145225232714,20156.935546875,20371.371031416224,803470
2020-09-30,20542.919921875,20585.807019832984,20071.161844337163,20071.161844337163,494620
2020-10-01,20671.580078125,20928.902651711614,20585.805886929465,20585.805886929465,559230
2020-10-02,20757.353515625,20757.353515625,20242.708387138427,20714.466421584453,858770
2020-10-05,21443.548828125,21700.8714140625,20757.355265625,20800.24236328125,1003420
2020-10-06,21186.224609375,21700.86974158654,21100.45042067308,21700.86974158654,600240
2020-10-07,21014.677734375,21272.00031887755,20843.12934470663,21186.226124043365,587430
2020-10-08,20800.2421875,21014.677673969072,20628.693798324744,21014.677673969072,700500
2020-10-09,20757.353515625,20971.788985827738,20671.579327543903,20843.127703706094,323030
2020-10-12,20542.919921875,21014.67799941284,20542.919921875,21014.67799941284,482380
2020-10-13,20328.482421875,20585.80498417721,20242.70823444093,20542.91789046018,320640
2020-10-14,20414.2578125,20500.03200498949,20285.596523765755,20500.03200498949,322390
2020-10-15,20285.59765625,20585.80734672305,20285.59765625,20414.25895216702,285370
2020-10-16,20199.822265625,20328.48355394108,19985.386785098195,20199.822265625,462700
2020-10-19,20414.2578125,20542.91910123424,20156.935235031517,20199.82233127626,299140
2020-10-20,20328.482421875,20585.80498417721,20199.82114072389,20585.80498417721,400630
2020-10-21,20156.935546875,20371.371031416224,20156.935546875,20328.483934507974,287660
2020-10-22,20114.048828125,20242.710121268658,19985.387534981342,20242.710121268658,285370
2020-10-23,20328.482421875,20371.36951559204,20114.04695328982,20114.04695328982,471190
2020-10-26,20156.935546875,20500.03232214096,20114.048449966755,20500.03232214096,605400
2020-10-27,19985.38671875,20114.04800663895,19985.38671875,20071.160910675968,722530
2020-10-28,18956.09765625,19985.38802672511,18956.09765625,19985.38802672511,1184680
2020-10-29,19213.421875,19213.421875,18441.45403180804,18527.228236607145,833190
2020-10-30,20114.048828125,20114.048828125,19256.30687383396,19342.081069263066,878700
2020-11-02,19770.951171875,19985.38665096258,19642.28988442245,19985.38665096258,253880
2020-11-03,19856.724609375,19942.49879775243,19642.289138431424,19770.95042099757,266890
2020-11-04,20285.59765625,20371.371853528013,19770.952472581925,19813.83957122093,442760
2020-11-05,20071.16015625,20414.25691105769,20071.16015625,20285.59562800481,315900
2020-11-06,20156.935546875,20242.70974069149,19899.61296542553,20071.161353058516,162670
2020-11-09,21357.7734375,21443.54762801205,20156.934770331325,20156.934770331325,2268270
2020-11-10,21400.66015625,21915.30529026804,21357.773061748496,21872.41819576653,1386060
2020-11-11,21657.984375,21786.645668316836,21443.54888613861,21443.54888613861,1135700
2020-11-12,22558.61328125,22558.61328125,21572.21003891397,21572.21003891397,1715910
2020-11-13,22558.61328125,22730.16167122148,22344.17779378565,22730.16167122148,1054130
2020-11-16,22815.9375,23159.03430451128,22387.0664943609,22644.389097744363,2080380
2020-11-17,23545.017578125,24016.775671675776,22644.38849043716,22987.48528574681,2085150
2020-11-18,23845.2265625,24188.323347571943,23502.129777428057,23545.01687556205,981120
2020-11-19,23073.259765625,23587.904964858277,22730.16296613615,23502.13076498606,3067900
2020-11-20,23073.259765625,23159.03396549721,22515.727466455624,22987.485565752788,1293880
2020-11-23,23459.244140625,23587.90544304159,22858.82472934758,23159.03443498629,787780
2020-11-24,23587.90625,24359.87409090909,23201.92232954545,23330.58363636364,2692030
2020-11-25,23159.033203125,24016.77517361111,23159.033203125,24016.77517361111,1474320
2020-11-26,23502.130859375,24016.776060675184,23159.03405850821,23373.469559049958,1041640
2020-11-27,24016.775390625,24188.32378627232,23459.243104771205,23673.67859933036,1815370
2020-11-30,23845.2265625,24359.87174010792,23845.2265625,24274.09754383993,3297280
2020-12-01,24445.646484375,24445.646484375,23459.243205180923,23673.678700657896,4040970
2020-12-02,25260.501953125,25689.372954026952,24831.630952223048,24874.518052313244,4912230
2020-12-03,25303.388671875,25732.25966631356,24874.51767743644,25389.16287076271,4964610
2020-12-04,24702.96875,25303.38812934028,24660.08165147569,25217.613932291668,3953960
2020-12-07,25003.1796875,25174.728090158664,24702.969982847346,24702.969982847346,5783650
2020-12-08,25046.064453125,25217.61283979024,24831.62896979345,25003.17735645869,5156760
2020-12-09,24917.40234375,25046.06362951807,24788.74105798193,25003.17653426205,4117910
2020-12-10,25860.919921875,26547.11348530784,25046.06506529851,25046.06506529851,10777940
2020-12-11,26675.7734375,26675.7734375,26204.015386354506,26246.90248191318,10330800
2020-12-14,27319.080078125,27833.72522873332,26847.322023400706,26847.322023400706,7734180
2020-12-15,28477.033203125,28734.355792309863,27018.87186441077,27018.87186441077,7050050
2020-12-16,28262.59765625,28734.35573548938,27447.742792109257,28648.58153926404,4699340
2020-12-17,27190.419921875,28262.597363589317,27190.419921875,27790.839289235017,5670710
2020-12-18,28091.048828125,28219.71012046756,27190.4197817271,27447.74236641221,3494080
2020-12-21,29334.7734375,29935.192776864034,28305.483141447367,28305.483141447367,5056940
2020-12-22,28777.2421875,29463.435741896425,28691.467993200447,29463.435741896425,3673780
2020-12-23,27619.291015625,28820.129755434784,26804.436156468364,28820.129755434784,4694690
2020-12-24,26847.322265625,27619.289998502398,25689.370666308903,27276.193228334665,6889010
2020-12-25,27576.404296875,27876.61398595451,26847.32362339619,26847.32362339619,3886280
2020-12-28,27447.740234375,28091.046646118164,27018.86929321289,27876.61117553711,3296720
2020-12-29,28048.1640625,28605.69637566896,26933.09943616208,27233.30914325306,4724320
2020-12-30,27619.291015625,28262.597483380243,27490.629722073954,27876.6136027271,2177800
2020-12-31,27962.38671875,28048.1609111388,27233.306083445168,27876.6125263612,2518000
2021-01-01,27962.38671875,27962.38671875,27962.38671875,27962.38671875,0
2021-01-04,28391.2578125,29163.225547583083,28133.93523413897,28305.48361971299,422650
2021-01-05,28991.677734375,29549.2099984976,28091.04869233081,28391.25837301221,485190
2021-01-06,28648.58203125,29334.775612836827,28391.25943815494,29334.775612836827,364130
2021-01-07,29163.2265625,29592.097541360294,27876.61362591912,28905.903975183825,575370
2021-01-08,29077.453125,29849.42090707965,28734.3563329646,29506.324115044248,458750
2021-01-11,29249.0,29463.43548387097,28820.129032258064,29420.548387096776,408860
2021-01-12,31178.919921875,31178.919921875,29506.323117262724,29549.210214816885,787930
2021-01-13,30792.935546875,31993.7742590094,30492.7258688414,31736.451677837744,533440
2021-01-14,30664.271484375,30878.706949300697,30192.51346153846,30792.932763330416,309710
2021-01-15,30664.271484375,31264.69078616696,30449.8360194493,30707.158577360136,384790
2021-01-18,29935.197265625,30664.278001320738,29935.197265625,30664.278001320738,366910
2021-01-19,27876.61328125,29849.419759615383,27876.61328125,29592.09717548077,595660
2021-01-20,26804.435546875,28305.4839375,25946.693609375,27533.51619375,511490
2021-01-21,28048.1640625,28305.48666857798,26675.776830084094,27190.42204224006,293000
2021-01-22,27533.515625,28305.483352803734,27361.96724104361,28048.16077686916,251190
2021-01-25,27876.61328125,29163.22620192308,27061.758431490387,27447.742307692308,400910
2021-01-26,27619.291015625,28262.597483380243,26847.32325431871,27876.6136027271,260330
2021-01-27,26547.11328125,28048.161689721324,26161.129404785945,27361.968131563004,264140
2021-01-28,24702.96875,25389.16232638889,24702.96875,24702.96875,266230
2021-01-29,25560.7109375,25560.7109375,22987.48500419463,22987.48500419463,440530
2021-02-01,23802.33984375,25474.93669763513,23802.33984375,24874.517314189183,436440
2021-02-02,23759.453125,23845.22732400722,22172.630443366423,23159.03373194946,307830
2021-02-03,24917.40234375,25088.95072477409,23716.563676581325,24102.54753388554,353600
2021-02-04,26075.357421875,26118.24452289782,24445.64758300781,24874.51859323602,419460
2021-02-05,26590.0,26675.77419354839,25689.370967741936,25860.919354838712,237930
2021-02-08,25346.275390625,26590.001255816413,24745.856007429145,26590.001255816413,271440
2021-02-09,25346.275390625,25346.275390625,25346.275390625,25346.275390625,0
2021-02-10,25346.275390625,25346.275390625,25346.275390625,25346.275390625,0
2021-02-11,25346.275390625,25346.275390625,25346.275390625,25346.275390625,0
2021-02-12,25346.275390625,25346.275390625,25346.275390625,25346.275390625,0
2021-02-15,25346.275390625,25346.275390625,25346.275390625,25346.275390625,0
2021-02-16,25346.275390625,25346.275390625,25346.275390625,25346.275390625,0
2021-02-17,28048.1640625,28048.1640625,26289.792920967124,27104.647840214067,349640
2021-02-18,28391.2578125,28991.677162009066,27619.29007741692,28305.48361971299,331880
2021-02-19,28734.35546875,28991.678055037315,27833.726416744405,27876.61351445896,330270
2021-02-22,28648.58203125,29163.22721744012,27919.501350814,28734.356228948356,206930
2021-02-23,28305.486328125,28648.583132102274,27876.615323153408,28477.034730113635,185890
2021-02-24,28305.486328125,28305.486328125,28305.486328125,28305.486328125,0
2021-02-25,28305.486328125,28691.470232599437,27790.84112215909,28305.486328125,204100
2021-02-26,28734.35546875,29120.339348180973,27790.83931902985,27790.83931902985,250770
2021-03-01,29463.435546875,29592.09683747271,28991.677481350074,29163.225868813683,308450
2021-03-02,29163.2265625,29592.097541360294,28905.903975183825,29592.097541360294,194050
2021-03-03,28820.1328125,29291.89093889509,28734.35860770089,29291.89093889509,236490
2021-03-04,27705.064453125,29248.99993348491,27276.19348635836,28820.12896671827,256470
2021-03-05,28048.1640625,28048.1640625,26590.002628058104,27533.51885034404,247210
2021-03-08,27576.404296875,28477.03336411353,27319.08170623542,28434.1462656736,229830
2021-03-09,27190.419921875,27404.855410217864,26675.774749852128,27361.96831254929,234640
2021-03-10,27533.515625,27619.289816978195,26761.547897196266,27190.41885708723,114820
2021-03-11,27619.291015625,28048.16199412849,27447.742624223603,27533.5168199243,178100
2021-03-12,27447.740234375,27790.836987304687,27276.19185791016,27790.836987304687,176340
2021-03-15,27404.85546875,27962.38773963224,27276.19417546948,27447.742566510173,152880
2021-03-16,28133.935546875,28219.70974061547,27276.193609470272,27447.74199695122,263050
2021-03-17,28605.6953125,28691.46951133808,28133.937218890555,28133.937218890555,291500
2021-03-18,28477.033203125,28905.90418509977,28305.48481033509,28820.12998870482,146740
2021-03-19,28262.59765625,28477.03314681335,28005.275067573977,28305.48475436267,183610
2021-03-22,29677.87109375,29935.193675487717,28905.90334853685,28905.90334853685,584640
2021-03-23,29334.7734375,29763.644394188595,28648.579906798244,29677.87020285088,250370
2021-03-24,28477.033203125,29163.22677428464,27962.38802475527,28648.581595914908,184530
2021-03-25,28305.486328125,28648.583132102274,27790.84112215909,28477.034730113635,205630
2021-03-26,27876.61328125,28133.935865384618,26847.32294471154,27790.839086538464,244300
2021-03-29,28305.486328125,28305.486328125,27962.38952414773,28219.71212713068,99800
2021-03-30,29034.564453125,29420.548323255167,28133.93542282127,28305.48380954579,408050
2021-03-31,29034.564453125,29592.096709979687,28905.90316308161,29034.564453125,291660
2021-04-01,29720.759765625,29806.53396408279,28820.13068181818,29034.56617796266,363010
2021-04-02,29849.416015625,30278.28693538973,29506.31927981322,30278.28693538973,230870
2021-04-05,29549.2109375,29935.194824927432,29206.114148675617,29849.42062772133,236200
2021-04-06,29506.322265625,29549.20936194132,29120.338398778164,29163.22549509448,260820
2021-04-07,30750.0546875,31050.264426429567,29334.780203974897,29334.780203974897,541830
2021-04-08,30278.29296875,30878.71237606232,30106.744566660764,30835.825275540014,207380
2021-04-09,30621.388671875,31221.80805759804,29849.420890231093,30020.96928615196,276290
2021-04-12,30621.388671875,30792.93706779587,30235.404781053046,30707.162869835436,260730
2021-04-13,29935.197265625,30878.71351181949,29849.423061425503,30792.93930761999,299760
2021-04-14,29677.87109375,29849.419481575143,29249.000124187136,29334.77431809971,169360
2021-04-15,29377.6640625,30878.71259124088,28820.131751824814,29677.873768248177,273900
2021-04-16,28734.35546875,29720.758716184704,28048.161905317167,29249.00064132463,276560
2021-04-19,28991.677734375,29077.4519288554,28305.48417853181,28562.806761973003,142570
2021-04-20,28562.806640625,29334.77438766892,28305.484058277027,28991.677611204952,186350
2021-04-21,28562.806640625,28562.806640625,28562.806640625,28562.806640625,0
2021-04-22,27447.740234375,28734.353057861328,27447.740234375,28305.48211669922,248130
2021-04-23,28734.35546875,28863.016761893658,27190.41995102612,27447.74253731344,233710
2021-04-26,28305.486328125,29163.228338068184,28219.71212713068,29163.228338068184,120410
2021-04-27,28605.6953125,28991.679207271365,28048.163020052478,28133.937218890555,149910
2021-04-28,28905.904296875,28948.79139523832,28519.920411605155,28519.920411605155,186550
2021-04-29,29334.7734375,29334.7734375,28905.902480811405,28905.902480811405,248580
2021-04-30,29334.7734375,29334.7734375,29334.7734375,29334.7734375,0
2021-05-03,29334.7734375,29334.7734375,29334.7734375,29334.7734375,0
2021-05-04,29077.453125,29120.340224004423,28562.8079369469,28648.582134955752,150360
2021-05-05,30106.7421875,30535.613158831908,29077.451856303414,29163.2260505698,351650
2021-05-06,29720.759765625,30192.51785714285,29549.211368709413,30192.51785714285,199410
2021-05-07,29249.0,29935.1935483871,29163.225806451614,29720.75806451613,164470
2021-05-10,30578.498046875,30578.498046875,28905.901379514373,29163.2239437237,453990
2021-05-11,31393.357421875,32379.76072884648,30621.389616419056,30878.712218237702,647580
2021-05-12,32293.982421875,32293.982421875,31093.14376608151,31093.14376608151,304030
2021-05-13,31221.802734375,32165.318751073144,31221.802734375,31950.88329273266,322080
2021-05-14,30621.388671875,31736.453245360644,30621.388671875,31736.453245360644,350840
2021-05-17,32165.326171875,32251.100375,30707.16471875,30835.8260234375,456230
2021-05-18,32422.650390625,32980.18273861193,31993.77935371197,32165.327768477186,373620
2021-05-19,32508.419921875,32594.194116919527,31950.88765408559,32251.097336741423,189780
2021-05-20,33280.38671875,33409.04800761115,32594.193178157217,32594.193178157217,361310
2021-05-21,32551.310546875,34052.35912281785,32165.32662734684,33280.39128376153,373830
2021-05-24,33151.7265625,33451.93624676585,32165.323314197933,32594.19429172057,273660
2021-05-25,33409.05078125,33880.808879573175,33151.72818216464,33151.72818216464,283470
2021-05-26,32637.080078125,33280.3865185611,32594.192982095923,33023.06394238666,258260
2021-05-27,31650.681640625,32851.52051045901,31522.020333142784,32594.19789549458,361920
2021-05-28,32336.869140625,32594.19170673077,31564.90144230769,32594.19170673077,260110
2021-05-31,31779.337890625,32508.41851699561,31564.902412280702,32422.644325657893,212940
2021-06-01,32165.326171875,32594.1971875,31822.229359375,31822.229359375,179080
2021-06-02,33409.05078125,33451.93788109756,32079.55068597561,32165.32488567073,389410
2021-06-03,34567.0,34995.87096774194,33709.25806451613,33837.91935483871,332420
2021-06-04,34524.1171875,34567.00428959628,33623.48804347826,34395.45588121118,340620
2021-06-07,34309.67578125,35124.53058105469,32594.1919921875,35124.53058105469,3750600
2021-06-08,34309.67578125,34309.67578125,34309.67578125,34309.67578125,0
2021-06-09,33451.94140625,33880.81244991987,32594.19931891025,33108.844571314105,1977900
2021-06-10,34481.23046875,34738.55308418843,33108.843186411694,33280.39159670398,3021400
2021-06-11,35424.74609375,35896.504213642555,34738.55246481537,34738.55246481537,3080900
2021-06-14,36153.82421875,37311.77588411921,35596.29193542408,36368.25971233689,3614600
2021-06-15,36153.82421875,36711.35650207592,35596.29193542408,36153.82421875,2227500
2021-06-16,36196.7109375,37226.00129591233,36153.82383923282,36454.03352710308,3034400
2021-06-17,37740.6484375,38040.85814098011,35596.293412642044,36025.16441761364,4641000
2021-06-18,37654.87109375,37997.96786909168,37440.435609161446,37483.322706079154,2057200
2021-06-21,36925.79296875,37740.64786585366,36882.90586890244,37054.45426829269,2336900
2021-06-22,37354.66015625,37997.966588332376,36968.67629700057,36968.67629700057,3038700
2021-06-23,36754.2421875,37740.64542007001,36153.82282854434,37740.64542007001,2561000
2021-06-24,36368.26171875,37054.45533608491,36368.26171875,36840.01983066775,1677200
2021-06-25,36582.69921875,36840.02183928048,36282.489494797774,36368.26370164126,1430100
2021-06-28,37740.6484375,37740.6484375,36454.03542258523,37054.45482954546,2170800
2021-06-29,36882.91015625,37740.65225290698,36797.13594658431,37740.65225290698,1337800
2021-06-30,36882.91015625,37311.78120457849,36797.13594658431,36882.91015625,1475200
2021-07-01,38341.0625,38426.83668903804,36711.35290827741,37311.772231543626,5087700
2021-07-02,38212.40234375,38598.38620580808,38169.51524796577,38598.38620580808,1950700
2021-07-05,38212.40234375,38212.40234375,38212.40234375,38212.40234375,0
2021-07-06,38212.40234375,38212.40234375,38212.40234375,38212.40234375,0
2021-07-07,38212.40234375,38212.40234375,38212.40234375,38212.40234375,0
2021-07-08,38212.40234375,38212.40234375,38212.40234375,38212.40234375,0
2021-07-09,34309.67578125,35939.38538085938,33880.80483398437,35510.51443359375,3335500
2021-07-12,34309.67578125,34309.67578125,34309.67578125,34309.67578125,0
2021-07-13,34052.35546875,34223.90385902078,33323.27481009918,33451.93610280227,1667800
2021-07-14,34052.35546875,34052.35546875,34052.35546875,34052.35546875,0
2021-07-15,34652.77734375,34738.55154509592,33108.84171952352,33108.84171952352,1346500
2021-07-16,34652.77734375,34652.77734375,34652.77734375,34652.77734375,0
2021-07-19,35767.83984375,37054.45278776978,33966.581722122304,34352.56560532824,4987200
2021-07-20,36368.26171875,36454.03592091687,34910.10028191333,35939.390707915685,2374900
2021-07-21,36968.68359375,37054.45780162413,36282.48993075696,36539.81255437935,2536300
2021-07-22,37397.55078125,37869.3088759676,36539.80879085436,36968.67978605218,2376700
2021-07-23,36454.03515625,37483.32556066177,36454.03515625,37311.77715992647,2891100
2021-07-26,38426.84375,38812.82767159598,35939.391810825895,36110.940220424105,5618100
2021-07-27,38426.84375,39027.26318359375,38255.29534040179,38641.27926199777,3947300
2021-07-28,37826.41796875,38512.61149199263,37783.53087354734,38083.740539965984,1796100
2021-07-29,38727.046875,39113.03073089701,37697.75659260797,37997.96625830565,3482700
2021-07-30,39541.90234375,40313.870068465294,38769.93461903471,38769.93461903471,4955500
2021-08-02,40571.1953125,41428.93728528013,39284.58235332981,39456.13074788584,4890600
2021-08-03,40914.2890625,41600.48258975367,40142.32134433962,40828.51487159329,5214300
2021-08-04,40914.2890625,40914.2890625,40914.2890625,40914.2890625,0
2021-08-05,40614.078125,41257.38453669482,39884.9975250792,40142.32008975713,2653200
2021-08-06,41428.93359375,42243.78839528339,40270.98203367624,40614.07879221661,5999000
2021-08-09,42115.12890625,42415.33858277113,41428.93535991599,41428.93535991599,3157500
2021-08-10,42115.12890625,42115.12890625,42115.12890625,42115.12890625,0
2021-08-11,42415.33984375,44259.485054347824,42415.33984375,43573.29148761375,6203300
2021-08-12,41428.93359375,43058.64319681677,41171.61102484472,42200.90130046584,6291200
2021-08-13,42937.9140625,42937.9140625,40309.06218112245,41316.78873565051,4997000
2021-08-16,42718.84765625,43989.459535256414,42368.334034455125,43989.459535256414,3635000
2021-08-17,42718.84765625,42718.84765625,42718.84765625,42718.84765625,0
2021-08-18,41886.375,42499.77379707113,41623.48980125523,41623.48980125523,3458900
2021-08-19,41229.1640625,42061.633900106266,41229.1640625,41623.49188031349,3645200
2021-08-20,41492.046875,42280.70246502112,40396.691888859554,41623.48947333686,5276400
2021-08-23,41448.234375,42455.96100356765,41010.09236257928,41448.234375,3640400
2021-08-24,41141.53515625,42236.89019235889,41053.90675336129,41492.048767804845,4011500
2021-08-25,41974.0,42017.81419624217,40834.83089770355,41272.97286012526,2512600
2021-08-26,44690.484375,44865.74117647059,42236.889154411765,42412.14595588236,10599400
2021-08-27,44778.11328125,45566.76889677104,44077.08606745352,44690.48487952544,4565800
2021-08-30,45391.51171875,45742.02532275579,44690.48451073842,45128.62651574566,3434300
2021-08-31,45216.25390625,46092.5378966812,44953.36870912064,44953.36870912064,5871200
2021-09-01,46443.05078125,47494.59155365566,45040.99641804245,45128.62481574292,5790600
2021-09-02,46443.05078125,46443.05078125,46443.05078125,46443.05078125,0
2021-09-03,46443.05078125,46443.05078125,46443.05078125,46443.05078125,0
2021-09-06,46180.16796875,47319.33719758065,45917.28276209678,46618.30997983871,4099300
2021-09-07,44515.2265625,45917.28094242126,44515.2265625,45917.28094242126,6740700
2021-09-08,44515.2265625,44515.2265625,44515.2265625,44515.2265625,0
2021-09-09,45040.99609375,45479.13807909776,44339.96891719358,44690.4825054718,2460200
2021-09-10,44690.484375,45303.88318014706,44515.22757352942,45216.25477941176,2028000
2021-09-13,45566.765625,46004.90760216346,43682.75512319712,44690.48167067308,4764600
2021-09-14,45040.99609375,46004.90846151508,44690.4825054718,45742.023270306425,1919700
2021-09-15,45040.99609375,45566.76647616732,44690.4825054718,44953.36769668045,1554100
2021-09-16,46355.42578125,46443.05418537335,44865.74291115312,45040.99971939981,4854000
2021-09-17,46092.53515625,46793.5623069154,45917.27836858365,46793.5623069154,1842900
2021-09-20,44602.8515625,46443.047795923376,44515.22317043222,46443.047795923376,3815300
2021-09-21,44602.8515625,44602.8515625,44602.8515625,44602.8515625,0
2021-09-22,44602.8515625,44602.8515625,44602.8515625,44602.8515625,0
2021-09-23,43989.45703125,44602.855834474605,43638.94342940737,43989.45703125,2085500
2021-09-24,42937.9140625,43989.454815051016,42937.9140625,43814.19802295919,374260000
2021-09-27,41711.11328125,43551.3094554228,41711.11328125,42937.91073069853,2045500
2021-09-28,42937.9140625,42981.72826052296,41185.34614158164,41448.23132971939,1999000
2021-09-29,42631.21875,42937.91816546762,42193.07672790339,42236.89093011305,1367100
2021-09-30,43463.6875,43989.45791330645,42675.031880040326,42718.8460811492,1232100
2021-10-01,42675.02734375,43770.38225503722,42499.770557944044,43200.79770116787,1634600
2021-10-04,43200.80078125,44077.08477275608,42675.03038634635,42675.03038634635,260910000
2021-10-05,42280.703125,43200.80132772021,42280.703125,42937.91612694301,3092800
2021-10-06,42280.703125,42280.703125,42280.703125,42280.703125,0
2021-10-07,43551.3125,43682.75509305835,42061.62977867203,42149.25817404427,3768400
2021-10-08,43551.3125,43551.3125,43551.3125,43551.3125,0
2021-10-11,43551.3125,43551.3125,43551.3125,43551.3125,0
2021-10-12,44252.33984375,44690.48182240099,43814.197865099006,44690.48182240099,4179100
2021-10-13,44252.33984375,44953.36700959158,43901.826260829206,44427.59663521039,3521700
2021-10-14,44252.33984375,44252.33984375,44252.33984375,44252.33984375,0
2021-10-15,44602.8515625,45303.87869904224,44339.96638629666,45040.9935228389,2379200
2021-10-18,44602.8515625,44602.8515625,44602.8515625,44602.8515625,0
2021-10-19,45128.625,45742.02378640777,44865.73980582525,45303.8817961165,2729300
2021-10-20,44339.96875,45303.88111413043,43901.82676630434,45128.624320652176,3270800
2021-10-21,43901.828125,44339.97012225549,43638.94292664671,44339.97012225549,3902600
2021-10-22,43551.3125,43989.45447686117,43200.79891851107,43901.826081488936,3895500
2021-10-25,43551.3125,43551.3125,43551.3125,43551.3125,0
2021-10-26,43551.3125,43551.3125,43551.3125,43551.3125,0
2021-10-27,43551.3125,43551.3125,43551.3125,43551.3125,0
2021-10-28,45829.65234375,46180.16593720125,44690.48316503346,44778.11156339628,6615400
2021-10-29,45829.65234375,46618.3079290153,45303.88195357314,46092.53753883844,3814500
2021-11-01,45829.65234375,45829.65234375,45829.65234375,45829.65234375,0
2021-11-02,45829.65234375,45566.76714866157,45128.62515684751,45216.25355521033,3912400
2021-11-03,44339.96875,46004.90828804348,44339.96875,45566.766304347824,4239100
2021-11-04,44602.8515625,45128.62191490668,43989.45281802554,44515.22317043222,2745300
2021-11-05,44690.484375,45040.99797794118,44252.34237132353,44778.112775735295,2472800
2021-11-08,45742.0234375,46267.793821839085,44690.48266882184,44690.48266882184,5149200
2021-11-09,47757.47265625,48107.986217029815,46267.79002293578,46618.3035837156,8318100
2021-11-10,47582.21875,48107.98912292818,47144.07677255985,47757.475540976055,2920000
2021-11-11,46881.19140625,47757.475357768686,46443.04943049065,47056.44819655373,4234800
2021-11-12,46180.16796875,46705.93838205645,45566.76915322581,46443.05317540323,4570800
2021-11-15,46355.42578125,47144.08141836012,46004.91216475662,46180.16897300331,3786500
2021-11-16,48283.25,49071.9056261343,45391.51270417423,46355.42513611615,7671600
2021-11-17,47494.58984375,48370.87378920664,47406.96144920434,48283.24539466098,2856600
2021-11-18,46705.9375,47669.84990619137,46618.309099437145,47669.84990619137,2830300
2021-11-19,43551.3125,46530.67794265594,43463.68410462777,46443.04954728371,7902200
2021-11-22,42193.078125,43551.31843847352,41623.493477414326,43113.176401869154,5543600
2021-11-23,44690.484375,44690.484375,42236.889154411765,42236.889154411765,1975300
2021-11-24,44953.3671875,45040.995583576994,44339.96841496101,44865.738791423,2360200
2021-11-25,44690.484375,44953.369577205885,44252.34237132353,44953.369577205885,1852100
2021-11-26,43332.2421875,44690.48233695652,43288.42798913043,44690.48233695652,2602300
2021-11-29,43726.57421875,44164.71624498998,42499.77654527805,42499.77654527805,1749200
2021-11-30,43638.9453125,44865.74297188755,43551.31690825804,44252.344142193775,2333400
2021-12-01,43463.6875,43814.20110887097,43200.80229334678,43638.944304435485,1231600
2021-12-02,43682.7578125,43989.457215396185,43376.05840960381,43463.68681043129,1092300
2021-12-03,42937.9140625,44164.71160714285,42937.9140625,43814.19802295919,1862700
2021-12-06,41535.859375,43376.05567642405,40309.061840717295,42981.72789754747,2533300
2021-12-07,42061.625,42324.51015625,41448.22630208333,42324.51015625,2091100
2021-12-08,42894.09765625,42937.911852017365,42149.2563282048,42324.51311127426,946900
2021-12-09,42806.47265625,42937.91525396622,42499.77326157881,42499.77326157881,774400
2021-12-10,42675.02734375,43025.54091536191,42324.51377213809,42762.65573665298,1324900
2021-12-13,42850.28515625,43069.35614375639,42499.77157623977,42937.91355125255,1451900
2021-12-14,42675.02734375,42937.91252245893,42324.51377213809,42937.91252245893,1679600
2021-12-15,44077.08984375,44602.860299142645,42894.10631911655,42937.9205237326,2445400
2021-12-16,43376.0625,44427.60340909091,43376.0625,44427.60340909091,990700
2021-12-17,43200.80078125,43507.50017827713,42937.915583798174,43200.80078125,1262100
2021-12-20,42236.8828125,43200.79507585581,42149.2544249222,43200.79507585581,1905100
2021-12-21,41754.93359375,42324.51820730588,41623.49099062172,42236.88980522035,1778600
2021-12-22,41842.5625,42587.40392670157,41711.11989528796,41754.93409685864,1460800
2021-12-23,40571.953125,41886.37925215983,39432.78381479482,41886.37925215983,2654700
2021-12-24,40089.9921875,41010.090368852456,39695.6643954918,40484.3199795082,2414400
2021-12-27,40133.8046875,40484.31826555677,39739.47691218614,40309.06147652838,1084100
2021-12-28,40089.9921875,40571.94837773224,39870.92119193989,39870.92119193989,1222400
2021-12-29,40265.25390625,40484.32492859086,40046.18288390914,40177.62549731365,826300
2021-12-30,41448.234375,41711.11958245243,40352.8793439482,40352.8793439482,1410700
2021-12-31,41448.234375,41448.234375,40747.20715512685,41272.97757003171,969600
2022-01-03,41448.234375,41448.234375,41448.234375,41448.234375,0
2022-01-04,41535.859375,41754.93036326477,41185.34579377637,41623.4877703059,1193000
2022-01-05,41711.11328125,42017.81264361214,41360.59972426471,41623.48489200368,1718500
2022-01-06,41010.08984375,41711.11702056624,41010.08984375,41623.4886234642,1897700
2022-01-07,42193.078125,42718.848568925234,41010.09462616823,41010.09462616823,2117300
2022-01-10,40747.203125,42193.07162298387,40747.203125,42193.07162298387,1203500
2022-01-11,40133.8046875,41185.34542167031,40133.8046875,40484.31826555677,1008500
2022-01-12,38863.1953125,40791.02010815952,38118.353914177,40221.43550944194,2682300
2022-01-13,38556.49609375,39783.29369673295,38556.49609375,39432.78009588069,1660400
2022-01-14,37504.953125,38556.49386682243,37504.953125,38468.86547167056,1693300
2022-01-17,35489.5,38381.23703703703,35489.5,37680.20987654321,2185900
2022-01-18,36059.08984375,36453.41767922236,35007.54894915705,35007.54894915705,1618700
2022-01-19,36365.78515625,37242.06913591868,36059.08576336596,36059.08576336596,927700
2022-01-20,36847.7421875,37154.44158739596,36628.67118757432,36803.927987514864,647100
2022-01-21,36803.921875,37329.6921875,36803.921875,37198.249609375,602300
2022-01-24,35840.01171875,36891.552404874696,35620.94074247402,36891.552404874696,1133000
2022-01-25,37680.21484375,37724.02904705668,35401.87627180232,35401.87627180232,1209500
2022-01-26,36803.921875,38425.04700520833,36803.921875,38425.04700520833,1047600
2022-01-27,37066.8125,37811.65388593381,36803.92730496454,36803.92730496454,925200
2022-01-28,37680.21484375,37899.28586028343,36847.744980922966,37242.07281068314,1276600
2022-01-31,37680.21484375,37680.21484375,37680.21484375,37680.21484375,0
2022-02-01,37680.21484375,37680.21484375,37680.21484375,37680.21484375,0
2022-02-02,37680.21484375,37680.21484375,37680.21484375,37680.21484375,0
2022-02-03,37680.21484375,37680.21484375,37680.21484375,37680.21484375,0
2022-02-04,37680.21484375,37680.21484375,37680.21484375,37680.21484375,0
2022-02-07,40309.05859375,40309.05859375,38425.04824643342,38425.04824643342,1355200
2022-02-08,40878.6484375,41623.48983453912,40309.0638397642,40703.39163819668,1632900
2022-02-09,42499.7734375,42499.7734375,40747.20546069588,41185.34745489691,2810900
2022-02-10,41842.5625,42412.14712041885,41623.4914921466,42412.14712041885,1635600
2022-02-11,42368.33203125,42675.03143581955,41623.49062015253,41842.56162341649,1659800
2022-02-14,42850.28515625,43551.31231627045,41097.71725619888,42236.8863912321,2783900
2022-02-15,42850.28515625,42850.28515625,42850.28515625,42850.28515625,0
2022-02-16,43288.4296875,43595.12908811994,42499.77408590587,42499.77408590587,1462200
2022-02-17,44865.73828125,44953.36667633057,43595.12655258179,43814.1975402832,3545000
2022-02-18,45479.13671875,45654.39350764692,44252.33919647159,44690.48116871388,3444800
2022-02-21,44865.73828125,46004.90741729736,44865.73828125,45391.5086517334,1489200
2022-02-22,45742.0234375,45917.28023227969,43376.05670797414,44252.34068187261,3583400
2022-02-23,45654.39453125,46705.93528820777,45479.137738423706,45742.02292766314,2823400
2022-02-24,45040.99609375,46267.79365272374,43989.45532891537,45128.62449081955,2961300
2022-02-25,44252.33984375,46180.16454981436,43989.45465655941,45566.76577970297,2841200
2022-02-28,43551.3125,44865.7384305835,42850.285337022135,44339.9680583501,3043400
2022-03-01,43814.19921875,45128.6251953125,43507.49982421875,44252.3412109375,2258800
2022-03-02,44602.8515625,44690.47995456778,42762.65532907662,43551.31085768664,2071300
2022-03-03,47669.8515625,47669.8515625,43901.83020737592,44339.9722254136,6625300
2022-03-04,48195.6171875,49948.18508522727,47932.73200284091,49334.78632102273,3852900
2022-03-07,49071.90625,50824.474330357145,47757.48018973215,48107.99380580357,3521400
2022-03-08,46092.53515625,49247.15733424429,46092.53515625,48546.1301835789,4881800
2022-03-09,49247.1640625,49247.1640625,46092.54145351424,46355.42667092972,6222700
2022-03-10,48195.6171875,50561.583849431816,47757.47521306818,49948.18508522727,4931700
2022-03-11,48809.015625,49422.414385098746,47757.47489340216,48195.61686490125,3028400
2022-03-14,45479.13671875,49247.15768003372,45479.13671875,48195.61694665222,6156600
2022-03-15,45917.28125,46180.16644799618,42937.915672709925,44252.34166269084,4176100
2022-03-16,46881.19140625,47582.21856746495,45829.650664427565,46355.42103533878,2357300
2022-03-17,46443.05078125,47319.33475825472,45917.28039504717,46968.82116745283,2264900
2022-03-18,47231.70703125,47757.477424918834,46180.16624391234,46793.56503652597,2628000
2022-03-21,47669.8515625,47932.73677332261,46881.19593003217,47319.33794806985,2407700
2022-03-22,47845.1015625,48896.64225618132,46705.932477678565,47669.84478021978,3443500
2022-03-23,46968.8203125,48633.7598385028,46968.8203125,48195.61785797575,2233600
2022-03-24,48896.64453125,49422.41490255376,46267.79267473119,47056.44823168683,5789100
2022-03-25,48020.359375,49159.52848426095,47319.33223083941,48896.64330520073,3140800
2022-03-28,49334.7890625,49597.67426176732,46968.82226909414,46968.82226909414,5191400
2022-03-29,51700.75390625,52138.89588850636,49422.41559851695,49510.04399496822,5425200
2022-03-30,50386.328125,52489.40964673913,49948.18614130434,51700.75407608695,3404100
2022-03-31,51174.98828125,51525.50189961473,50386.332639929366,50824.47466288527,2149600
2022-04-01,50824.47265625,51963.64187095905,49948.18864493535,50386.330650592674,2562300
2022-04-04,51613.125,52401.78056027165,50386.32746179966,50912.09783531409,3446600
2022-04-05,52138.90234375,53803.84208245798,51262.6182707458,52138.90234375,3848300
2022-04-06,50912.09765625,53190.43593346601,50649.21247041738,52051.266794858006,3138800
2022-04-07,49247.1640625,51350.24580182385,48195.62319283808,50912.10377279805,3956200
2022-04-08,48020.359375,49772.92723540146,47757.47419593978,49510.04205634124,2202100
2022-04-11,48020.359375,48020.359375,48020.359375,48020.359375,0
2022-04-12,45654.39453125,48896.64519853647,45654.39453125,48020.36123440499,1925200
2022-04-13,48809.015625,48809.015625,45829.650218806106,46004.90700740575,2542200
2022-04-14,49510.046875,50123.44568584071,48721.391261061945,49948.18888274336,1500200
2022-04-15,50211.07421875,51262.61504008508,48721.391388525306,49071.904995637,2769800
2022-04-18,49159.53515625,51087.36006433824,48721.3931316845,49948.19080046792,2269300
2022-04-19,50386.328125,52051.26766304348,49510.044157608696,49597.672554347824,3745800
2022-04-20,48721.390625,51613.12783835431,48195.62022257194,50649.21543390288,2570300
2022-04-21,48721.390625,49948.188230665466,46705.937415692446,47757.47822054856,2008600
2022-04-22,45917.28125,49071.9036259542,45391.51085400763,48283.248031965646,5448200
2022-04-25,42718.84765625,45829.656049679485,42718.84765625,45742.02764423077,4328000
2022-04-26,45128.625,45654.39538834952,40396.69150485437,40396.69150485437,2805500
2022-04-27,46705.9375,47319.33630393996,44515.22748592871,44690.48428705441,1702400
2022-04-28,47144.07421875,48458.50007986756,47056.44582800883,47144.07421875,2595800
2022-04-29,47669.8515625,48020.36517693015,46793.56752642463,46881.19593003217,1834400
2022-05-02,47669.8515625,47669.8515625,47669.8515625,47669.8515625,0
2022-05-03,47669.8515625,47669.8515625,47669.8515625,47669.8515625,0
2022-05-04,49510.046875,50123.44568584071,46881.19482853983,48107.99245022124,2454200
2022-05-05,48809.015625,50386.32672239677,48107.98847060144,50386.32672239677,2748000
2022-05-06,49159.53515625,50736.84644468584,47494.595462901074,47494.595462901074,4339200
2022-05-09,46881.19140625,48633.75930928738,45829.650664427565,48195.61733352803,3568900
2022-05-10,48195.6171875,48283.24558238637,44778.10978693182,45829.65052556818,1708900
2022-05-11,49510.046875,49772.932079646016,48195.62085176991,48546.1344579646,2018900
2022-05-12,48984.27734375,51613.12943733229,48721.39213439177,48896.64894063059,5734700
2022-05-13,45566.765625,49510.04341947116,45566.765625,49071.901442307695,3165800
2022-05-16,42412.140625,47757.47239798554,42412.140625,47319.33044938017,3057200
2022-05-17,45303.8828125,45303.8828125,39476.594210892166,41185.34801136364,3938200
2022-05-18,44865.73828125,46881.19136810303,44778.10988616943,45829.65062713623,1982700
2022-05-19,44690.484375,45566.768382352944,43551.31516544118,43551.31516544118,1728900
2022-05-20,43638.9453125,45479.141801581325,43376.0600997741,44690.48616340361,1914500
2022-05-23,44252.33984375,45479.13738397277,43376.05588644802,43814.197865099006,1204600
2022-05-24,45040.99609375,45128.62449081955,43814.19853477627,44252.34052012403,858900
2022-05-25,47757.47265625,48020.35782683487,45128.620950401375,45128.620950401375,3751300
2022-05-26,47056.4453125,48195.6143796555,46881.18853293762,47319.33048184358,1739700
2022-05-27,48458.5,49334.78390596745,47056.44575045208,47231.70253164557,3247100
2022-05-30,49597.671875,50123.442248233216,47582.218777606,48458.5027329947,2402100
2022-05-31,48896.64453125,51174.98280689964,48896.64453125,49597.67169298836,3087000
2022-06-01,51262.609375,51262.609375,48195.6156517094,48896.64278846154,4321700
2022-06-02,51262.609375,51262.609375,51262.609375,51262.609375,0
2022-06-03,51262.609375,51963.636511752135,49597.66992521368,50386.32545405983,3116200
2022-06-06,52401.78125,54154.34918478261,51262.6120923913,51525.497282608696,7791200
2022-06-07,53803.83203125,53891.460422180375,50824.46673961726,52401.777776364,4032200
2022-06-08,52664.6640625,54504.8603109401,52577.03566971714,54329.603525374376,2869800
2022-06-09,51700.75390625,52752.294663665256,51262.611923993645,52752.294663665256,3673900
2022-06-10,48195.6171875,52401.780142045456,48195.6171875,50824.46903409091,4882400
2022-06-13,45128.625,48020.36213592233,45128.625,47231.706553398064,5711500
2022-06-14,46530.6796875,47144.07847810735,44427.59811970339,44690.48331567797,2865700
2022-06-15,46004.91015625,47144.079360119045,45040.99775297619,46881.19415922619,2116400
2022-06-16,47669.8515625,48370.87879136029,46881.19593003217,47144.08114085478,2479800
2022-06-17,48633.76171875,48896.64691722973,46180.16653293919,46443.05173141892,3565000
2022-06-20,47406.95703125,49422.40991797597,47319.32864487061,48984.26798607902,2907800
2022-06-21,44427.6015625,47669.85256410256,44164.71634615384,47056.45372596154,4110400
2022-06-22,43463.6875,45391.512348790326,43376.05909778226,45391.512348790326,2980000
2022-06-23,46443.05078125,46443.05078125,42981.72907208137,43025.5432709316,1587700
2022-06-24,45566.765625,47144.076742788464,45566.765625,46530.677974759616,1777300
2022-06-27,46004.91015625,46618.308958333335,45566.76815476191,46004.91015625,1097200
2022-06-28,46355.42578125,46443.05418537335,44252.344082289696,46092.540568879966,2772000
2022-06-29,47757.47265625,49071.89850917432,45216.24934059633,46180.16163274083,2413500
2022-06-30,45566.765625,48370.87427884615,45566.765625,48020.360697115386,1914300
2022-07-01,45040.99609375,46004.90846151508,44339.96891719358,45479.13807909776,1650000
2022-07-04,44515.2265625,45742.0241449311,43814.19937253937,45216.25375246063,1684000
2022-07-05,43069.359375,45128.62681205493,42937.91677263479,44515.22800101729,2049400
2022-07-06,40352.875,43025.540988056455,40309.06080347448,42762.65580890336,2427700
2022-07-07,41360.6015625,41974.00031448623,40309.06084480932,40484.3176310911,1244200
2022-07-08,41798.7421875,42455.955114976416,41185.34345518868,41667.29960200472,1170300
2022-07-11,42149.2578125,42324.51460174116,41360.60226091476,41886.37262863825,1225400
2022-07-12,42149.2578125,42149.2578125,42149.2578125,42149.2578125,0
2022-07-13,43200.80078125,43814.19957530426,42675.03038634635,43376.05757955121,930400
2022-07-14,43332.2421875,43332.2421875,42412.14402173913,42937.91440217391,847600
2022-07-15,42937.9140625,43551.31283482143,42937.9140625,43376.05604272959,952400
2022-07-18,42675.02734375,43244.61189761936,42675.02734375,42937.91252245893,744500
2022-07-19,42937.9140625,43113.17085459184,42499.77208227041,42499.77208227041,750600
2022-07-20,44690.484375,44953.369577205885,43113.17316176471,43288.42996323529,1526100
2022-07-21,44339.96875,44690.48233695652,43770.38417119565,44690.48233695652,755500
2022-07-22,44515.2265625,45917.28094242126,44515.2265625,44690.48335999016,1180400
2022-07-25,43814.19921875,44602.8548046875,43814.19921875,44252.3412109375,435400
2022-07-26,44164.7109375,44778.10970052084,43814.19735863096,44077.08254278274,677300
2022-07-27,43814.19921875,44515.22640625,43376.0572265625,43814.19921875,453900
2022-07-28,43814.19921875,44778.1116015625,41623.4892578125,44778.1116015625,927900
2022-07-29,43814.19921875,45303.8819921875,43814.19921875,44252.3412109375,1519800
2022-08-01,46004.91015625,46004.91015625,44690.48415178571,44690.48415178571,1816000
2022-08-02,45566.765625,46267.79278846154,44953.36685697115,45829.65081129808,1404400
2022-08-03,46267.796875,46618.3104876894,44953.37082741477,44953.37082741477,1487900
2022-08-04,45216.25390625,46443.05149285368,44953.36870912064,46443.05149285368,1674300
2022-08-05,45479.13671875,45917.27869099229,45216.25153540463,45566.76511319846,1128700
2022-08-08,45566.765625,45829.65081129808,44953.36685697115,45479.137229567306,1790500
2022-08-09,45917.28125,46530.68004532443,45742.02445133588,45742.02445133588,1394100
2022-08-10,45566.765625,46267.79278846154,45479.137229567306,45829.65081129808,514200
2022-08-11,45128.625,46180.16577669903,44953.368203883496,46004.90898058253,1459000
2022-08-12,45391.51171875,45479.14011975145,44778.11291173987,45128.62651574566,904700
2022-08-15,46004.91015625,46443.05215773809,45391.511354166665,45391.511354166665,1214300
2022-08-16,46618.30859375,47144.07899142387,45917.281396851504,46004.90979646381,2285700
2022-08-17,46092.53515625,47056.44748841493,46092.53515625,46881.19070074857,920300
2022-08-18,46004.91015625,46180.166956845234,45566.76815476191,46092.53855654762,822700
2022-08-19,45566.765625,46705.934765625,45566.765625,46004.90760216346,832100
2022-08-22,45040.99609375,45742.023270306425,44690.4825054718,45303.88128495866,849000
2022-08-23,45917.28125,45917.28125,44515.22686068702,44690.48365935114,777700
2022-08-24,45654.39453125,46004.90811690259,45479.137738423706,45917.279720489445,766500
2022-08-25,46180.16796875,46355.424773185485,45391.512348790326,45829.65435987904,1257600
2022-08-26,45566.765625,46443.04957932692,45391.50883413461,46355.42118389423,798300
2022-08-29,44778.11328125,45391.51209332192,44077.08606745352,45391.51209332192,1294700
2022-08-30,43989.45703125,45303.88303815986,43989.45703125,45040.99783677789,1006800
2022-08-31,44515.2265625,44865.74015748032,43814.19937253937,43989.45617002953,633200
2022-09-01,44515.2265625,44515.2265625,44515.2265625,44515.2265625,0
2022-09-02,44515.2265625,44515.2265625,44515.2265625,44515.2265625,0
2022-09-05,44778.11328125,45303.88369159736,44252.34287090264,44690.48487952544,823300
2022-09-06,44515.2265625,45128.62535371555,44515.2265625,44778.11175873524,611700
2022-09-07,42631.21875,44515.229445015415,42587.404547790335,44515.229445015415,1838300
2022-09-08,42061.625,43069.35143229167,41798.73984375,42937.90885416666,983800
2022-09-09,43376.0625,43376.0625,42105.45056818182,42631.22102272727,726600
2022-09-12,43069.359375,43376.05878051882,42850.288371057984,43113.1735757884,921000
2022-09-13,42981.7265625,43332.24013283639,42937.91236620795,42937.91236620795,409100
2022-09-14,43551.3125,43638.94089537224,42324.51496478873,42412.14336016097,707800
2022-09-15,43551.3125,43814.1976861167,43419.86990694165,43814.1976861167,624300
2022-09-16,42937.9140625,43376.05604272959,42850.28566645408,43376.05604272959,700800
2022-09-19,41185.34765625,42937.91564162234,41010.09085771276,42806.473042719415,1317200
2022-09-20,42061.625,42061.625,41229.15533854166,41842.554036458336,697300
2022-09-21,42017.8203125,42236.89132559959,41448.23567844109,41448.23567844109,669800
2022-09-22,42937.9140625,43069.35665656888,41623.48812181122,41623.48812181122,512800
2022-09-23,42675.02734375,43376.05448697382,42587.39895084703,43113.169308264885,507100
2022-09-26,41535.859375,42324.51493275316,41010.08900316456,42105.4439444884,753000
2022-09-27,41535.859375,41886.372956223626,41185.34579377637,41535.859375,458400
2022-09-28,40747.203125,41842.55804771505,40484.31794354838,41535.85866935484,695400
2022-09-29,41492.046875,41842.56047056495,41010.090681098205,41010.090681098205,961900
2022-09-30,42061.625,42149.25338541667,41272.96953125,41316.78372395833,1357900
2022-10-03,41579.67578125,43507.50058038066,41097.71958146733,42061.63198103266,1545900
2022-10-04,42587.3984375,43200.79718042696,41360.60095164609,42499.77004565329,1718400
2022-10-05,43770.38671875,43770.38671875,42894.102700356605,43419.87311139265,1170300
2022-10-06,42937.9140625,43989.454815051016,41185.34614158164,43989.454815051016,1167000
2022-10-07,42465.40234375,43226.11028879084,40988.73397984721,42062.67460814015,1246200
2022-10-10,43405.09375,44344.79165592783,41436.20289948454,41973.1731314433,1079300
2022-10-11,42196.9140625,43718.32983993902,42062.67149390244,43405.097179878045,777000
2022-10-12,42957.62109375,43584.08640136719,42196.91322021485,42196.91322021485,564100
2022-10-13,43315.6015625,43405.09660705063,42286.40855016787,43360.34908477531,608200
2022-10-14,42689.13671875,43494.59212853773,42510.14662768606,43405.09708300576,691600
2022-10-17,42778.62890625,42957.61898535564,42062.6685898274,42957.61898535564,460600
2022-10-18,42689.13671875,43360.34956023978,42689.13671875,43002.3693781119,758200
2022-10-19,43315.6015625,43405.09660705063,42689.136250645664,42689.136250645664,630700
2022-10-20,43539.33984375,43673.58241264131,43136.61213707605,43315.60222893114,579700
2022-10-21,41167.71875,43539.33733016304,40496.50594429347,43539.33733016304,1373000
2022-10-24,38303.8828125,41525.70473130841,38303.8828125,41525.70473130841,952800
2022-10-25,38124.88671875,38572.36191497946,35663.77313948797,38438.11935611062,1768700
2022-10-26,38482.87109375,38796.10376544332,38035.39584847384,38035.39584847384,970600
2022-10-27,41078.2265625,41078.2265625,38035.394965277774,38259.13258272059,518500
2022-10-28,41525.703125,41615.19817483836,40899.23777613146,41078.22787580819,742800
2022-10-31,41122.9765625,41794.18945525027,40541.25872211644,40541.25872211644,328700
2022-11-01,41391.4609375,41615.19856418919,41301.96588682433,41391.4609375,316000
2022-11-02,40943.984375,41436.20713797814,40943.984375,41436.20713797814,538300
2022-11-03,42331.15625,42331.15625,40541.25535147992,40809.74048625793,488400
2022-11-04,43584.0859375,43584.0859375,39825.29413180185,41301.96234118327,2451400
2022-11-07,42868.125,42912.87252087683,42241.65970772443,42599.63987473904,893800
2022-11-08,41704.6953125,43136.61618159872,41704.6953125,42510.15080136803,595000
2022-11-09,40720.25,42868.13131868132,40541.25989010989,41346.71538461538,320400
2022-11-10,39243.578125,40809.74144811858,38035.3949900228,40720.24640108324,712700
2022-11-11,39646.30859375,40541.25912634029,39243.580854084365,39333.0759073434,1102500
2022-11-14,37587.91796875,40004.28412388393,37587.91796875,39959.53660249256,999000
2022-11-15,34992.5625,37587.91879795397,34992.5625,35350.542679028134,874500
2022-11-16,37140.44140625,37140.44140625,32576.19439006024,33113.16462725904,1578600
2022-11-17,37677.41015625,38751.350588257126,35529.52929223575,35529.52929223575,701200
2022-11-18,37856.40234375,38482.86763076241,36245.49160571808,36245.49160571808,456300
2022-11-21,37408.92578125,39288.32157408792,37408.92578125,39288.32157408792,377800
2022-11-22,38259.1328125,39109.33576388889,37408.92986111112,37408.92986111112,509600
2022-11-23,39198.83203125,39198.83203125,38259.1340031036,38930.34688035103,386900
2022-11-24,41167.71875,41257.21379076087,37811.65472146739,39198.82785326087,790900
2022-11-25,41167.71875,43584.08485054348,40720.24354619565,41167.71875,1458700
2022-11-28,41346.7109375,42868.12670792749,40362.26543898809,42868.12670792749,339800
2022-11-29,42062.671875,42331.15701462766,41346.71150265957,41794.18673537234,329100
2022-11-30,42420.6484375,43852.56905986287,42062.66828190928,43226.10378757912,1267300
2022-12-01,41436.20703125,43047.11788775648,41346.711983666304,43047.11788775648,356500
2022-12-02,42062.671875,42331.15701462766,41078.22636303192,41078.22636303192,350100
2022-12-05,42957.62109375,43852.571533203125,42554.89339599609,43852.571533203125,730900
2022-12-06,43405.09375,44658.02429123711,42957.61855670103,42957.61855670103,845500
2022-12-07,43494.59375,43673.58384773663,43047.11850565844,43405.09870113168,243700
2022-12-08,43360.3515625,44121.05948464912,42957.62383900929,43763.07928599072,518900
2022-12-09,42644.390625,43494.59358604407,42599.64310073452,43181.36091618573,236900
2022-12-12,42554.89453125,43763.077656742906,42107.41929958596,42107.41929958596,278000
2022-12-13,42778.62890625,42957.61898535564,42420.6487480387,42957.61898535564,155300
2022-12-14,42599.640625,43405.09601496849,42062.67036502101,43405.09601496849,305700
2022-12-15,42689.13671875,43136.61194640985,42331.15653662212,42868.12680981394,303400
2022-12-16,42062.671875,43136.61243351064,42062.671875,42062.671875,405600
2022-12-19,41615.1953125,42823.37840221774,41615.1953125,42823.37840221774,274900
2022-12-20,40004.28515625,41615.19596791107,39914.79011115772,41436.20587772651,258300
2022-12-21,40720.25,41078.23021978022,40004.28956043956,40004.28956043956,243700
2022-12-22,41346.7109375,41436.20598281927,40720.24562026515,41167.72084686147,143900
2022-12-23,41167.71875,41704.688994565215,41078.22370923913,41704.688994565215,38800
2022-12-26,39914.7890625,41167.71966087444,39914.7890625,41167.71966087444,52900
2022-12-27,41078.2265625,41078.2265625,39556.81076388889,40720.2463745915,135600
2022-12-28,40764.9921875,41973.175270993415,40764.9921875,40764.9921875,317500
2022-12-29,40630.75,41973.17566079295,40362.26486784141,41436.20539647577,192700
2022-12-30,40630.75,41167.720264317184,40272.76982378855,40541.25495594714,178100
2023-01-02,40630.75,40630.75,40630.75,40630.75,0
2023-01-03,41167.71875,41346.70883152173,40630.74850543478,41346.70883152173,537800
2023-01-04,41167.71875,42957.61956521739,41167.71875,41167.71875,487100
2023-01-05,41212.46875,42017.92416530944,41167.72122692725,42017.92416530944,551800
2023-01-06,41704.6953125,42689.14091000536,41659.94778534066,42241.66563841202,362500
2023-01-09,42331.15625,42420.65129492601,41883.68102536998,41883.68102536998,268900
2023-01-10,42912.875,42957.62252346194,42152.167101147024,42420.652241918666,485900
2023-01-11,42510.14453125,43002.36725740131,42510.14453125,42957.619736842105,260200
2023-01-12,42733.88671875,42957.62434554974,42331.15899051047,42957.62434554974,94000
2023-01-13,42733.88671875,42912.87682018979,42241.663939790575,42912.87682018979,131400
2023-01-16,42062.671875,42778.63224734043,42062.671875,42778.63224734043,417700
2023-01-17,42957.62109375,43494.59135742188,42331.15578613281,42420.65083007813,822100
2023-01-18,43673.58203125,43852.572121542005,42912.87414750896,43091.86423780097,714200
2023-01-19,45731.96875,45821.463796477496,43807.825250733855,43942.0678204501,923000
2023-01-20,45731.96875,45731.96875,45731.96875,45731.96875,0
2023-01-23,45731.96875,45731.96875,45731.96875,45731.96875,0
2023-01-24,45731.96875,45731.96875,45731.96875,45731.96875,0
2023-01-25,45731.96875,45731.96875,45731.96875,45731.96875,0
2023-01-26,45731.96875,45731.96875,45731.96875,45731.96875,0
2023-01-27,46447.9296875,46805.90987776975,45731.9693069605,46179.44454479769,734100
2023-01-30,46179.4453125,46716.4156068314,45642.4750181686,46537.42550872093,662300
2023-01-31,47432.375,47879.85023584906,46000.45424528302,46537.42452830189,1187800
2023-02-01,46089.94921875,48327.32539441747,46000.4541717233,48237.83034739077,946000
2023-02-02,47432.375,47432.375,45821.4641509434,45821.4641509434,781900
2023-02-03,48864.296875,48864.296875,46089.95034913004,47521.87113667582,3204300
2023-02-06,50296.21875,50296.21875,47074.396908362985,47611.36721530249,855700
2023-02-07,47969.34375,50027.72976912313,47969.34375,49401.26445895522,353500
2023-02-08,46626.921875,48416.82290666986,46626.921875,48416.82290666986,482400
2023-02-09,48148.3359375,48416.8210821329,46626.92011791357,46984.90031075743,533000
2023-02-10,47074.39453125,48148.33509089829,47074.39453125,48148.33509089829,215300
2023-02-13,46537.42578125,47432.37627704327,45373.99013671875,47432.37627704327,438400
2023-02-14,46268.9375,47253.382978723406,46268.9375,47253.382978723406,215200
2023-02-15,46268.9375,47074.39289168279,46179.442456479694,47074.39289168279,199000
2023-02-16,46716.4140625,47432.37443127394,46268.93883201628,46268.93883201628,194700
2023-02-17,46626.921875,48148.33775191938,46626.921875,47253.38723608445,542900
2023-02-20,47879.84765625,48416.81791033878,46626.91706337617,46984.89723276869,955300
2023-02-21,47879.84765625,48506.31295268692,47700.85757155374,47969.34269859813,871400
2023-02-22,47879.84765625,48864.29312207944,47790.352613901865,47969.34269859813,1353100
2023-02-23,46716.4140625,47879.84966175766,45821.46360153257,47611.36452346743,778600
2023-02-24,46089.94921875,47432.374924150485,46089.94921875,47074.39473604369,400900
2023-02-27,43584.0859375,45642.47192633471,43584.0859375,45552.97688334189,583000
2023-02-28,43763.078125,44479.03850332311,43539.34050677403,43852.57317229039,568300
2023-03-01,45195.0,45195.0,43494.59405940594,43763.07920792079,188900
2023-03-02,45016.01171875,45552.98203746272,44747.52655939364,45195.00182498757,257900
2023-03-03,43942.06640625,45194.99701661151,43942.06640625,45016.00692941701,436800
2023-03-06,43807.82421875,44255.29944059628,43673.58165219612,43852.57174093463,355800
2023-03-07,44300.05078125,44300.05078125,43807.82799479167,44255.30325520834,98300
2023-03-08,45910.9609375,45910.9609375,43852.57477461013,44300.05002741228,507900
2023-03-09,45910.9609375,46358.43619030214,45642.47578581872,45642.47578581872,293300
2023-03-10,45642.4765625,45821.46666666667,45105.50625,45731.97161458334,180500
2023-03-13,45016.01171875,46000.45730305666,44837.02161251242,45642.47709058151,178300
2023-03-14,45195.0,45463.48514851485,44389.544554455446,45016.0099009901,305800
2023-03-15,45284.4921875,45821.46245059288,45105.50209980237,45821.46245059288,476500
2023-03-16,45195.0,45821.46534653466,44747.52475247525,45284.49504950495,326600
2023-03-17,44031.5625,46358.43368902439,44031.5625,45463.48323170732,478000
2023-03-20,44658.03125,44837.021355210425,44344.79856588176,44389.54609218437,251000
2023-03-21,44926.51953125,45463.48988421314,44658.03435476842,45463.48988421314,208500
2023-03-22,44837.01953125,45373.989825037424,44658.02943332086,45373.989825037424,174000
2023-03-23,44926.51953125,45105.50964890438,44389.54917828685,44747.529413595614,201200
2023-03-24,44568.53515625,45284.495560366464,44479.04010573544,44837.02030779368,243400
2023-03-27,46089.94921875,46179.4442657767,44568.53341929612,44747.52351334952,1176200
2023-03-28,46089.94921875,47074.39473604369,46089.94921875,46537.42445388349,662500
2023-03-29,45552.9765625,46358.43194376228,45194.996393050096,46179.44185903733,1043200
2023-03-30,45910.9609375,46268.94113974171,45642.47578581872,46268.94113974171,565100
2023-03-31,46089.94921875,46895.40464199029,45910.9591246966,46089.94921875,938800
2023-04-03,46895.40625,47342.8815004771,46089.950799141225,46984.90130009542,1103500
2023-04-04,47790.35546875,48327.32575491573,46805.90994411283,47163.89013488998,1137900
2023-04-05,47611.3671875,48058.84244302162,47342.88203418703,47790.35728970865,661400
2023-04-06,46537.42578125,47700.86142578125,46358.43568209135,47611.36637620192,676300
2023-04-07,46984.90234375,47163.89244791667,46358.43697916667,46537.427083333336,470900
2023-04-10,46537.42578125,47253.38617788462,46358.43568209135,47074.39607872597,608500
2023-04-11,47432.375,47790.35518867925,46716.41462264151,46984.89976415095,1128500
2023-04-12,47432.375,47700.86014150944,47163.88985849057,47432.375,393300
2023-04-13,48774.796875,49222.27207568807,47342.87623279817,47342.87623279817,1435700
2023-04-14,48148.3359375,49132.78146782064,48058.84088928904,48953.7913713987,532800
2023-04-17,48327.3203125,48595.80542534722,47879.84512442129,48327.3203125,344100
2023-04-18,47432.375,48416.82051886793,46984.89976415095,48416.82051886793,591500
2023-04-19,47163.890625,47790.355965370014,46984.90052775142,47432.37577087287,461700
2023-04-20,47342.87890625,48237.82935816399,47163.888815867205,48058.83926778119,944200
2023-04-21,47342.87890625,47432.373951441405,46895.403680293006,47342.87890625,353100
2023-04-24,46895.40625,47969.34685114504,46895.40625,46984.90130009542,523700
2023-04-25,47253.38671875,48148.33722478693,46895.40651633523,46984.90156693892,1264300
2023-04-26,47432.375,47611.36509433963,46984.89976415095,47432.375,339700
2023-04-27,48237.828125,48237.828125,47074.39256725417,47611.36282467532,697100
2023-04-28,47074.39453125,48237.830137535646,47074.39453125,48237.830137535646,1744400
2023-05-01,47074.39453125,47074.39453125,47074.39453125,47074.39453125,0
2023-05-02,47074.39453125,47074.39453125,47074.39453125,47074.39453125,0
2023-05-03,47074.39453125,47074.39453125,47074.39453125,47074.39453125,0
2023-05-04,45373.98828125,47342.87929148175,45373.98828125,47253.38424556213,1490000
2023-05-05,44747.52734375,45821.468,44747.52734375,45373.9927265625,548700
2023-05-08,45195.0,45284.49504950495,44658.0297029703,44747.52475247525,379000
2023-05-09,45373.98828125,45463.483327169626,44837.01800573225,45463.483327169626,249900
2023-05-10,45105.50390625,45642.47419084821,45016.00885881696,45642.47419084821,926700
2023-05-11,44300.05078125,45373.99140625,44300.05078125,45195.001302083336,1165600
2023-05-12,43942.06640625,45105.50197301426,43897.31888445138,44479.03666783351,892800
2023-05-15,44702.7734375,45105.50112612613,44255.29822791542,44479.035832707705,969100
2023-05-16,44837.01953125,45105.50467814371,44702.77695780314,44747.52448228543,972800
2023-05-17,44658.03125,45105.506513026055,44389.54609218437,44389.54609218437,415500
2023-05-18,45731.96875,45821.463796477496,44747.52323874756,44837.01828522505,1342600
2023-05-19,45105.50390625,46000.45438058036,45016.00885881696,46000.45438058036,225300
2023-05-22,44479.04296875,45552.98364405181,44255.30532806213,45552.98364405181,499500
2023-05-23,44389.54296875,44658.02810767389,44300.047922442034,44568.53306136592,313800
2023-05-24,44389.54296875,44389.54296875,44389.54296875,44389.54296875,0
2023-05-25,44568.53515625,45105.50545933735,44568.53515625,44747.52525727912,191200
2023-05-26,44389.54296875,44837.01820028982,44389.54296875,44702.77563082788,368000
2023-05-29,44568.53515625,44747.52525727912,44434.29258047816,44747.52525727912,156500
2023-05-30,44837.01953125,45105.50467814371,44523.786859874,44568.53438435629,908100
2023-05-31,44837.01953125,45016.00962917914,44658.02943332086,44747.52448228543,479600
2023-06-01,45642.4765625,45731.97161458334,44747.52604166667,44837.02109375,1135200
2023-06-02,46000.453125,46447.92834995136,45642.47294503891,45821.46303501946,1672100
2023-06-05,46537.42578125,47432.37627704327,45731.97033503606,46268.94063251202,1102900
2023-06-06,46537.42578125,47074.39607872597,46179.44558293269,46537.42578125,461500
2023-06-07,45642.4765625,46626.922135416666,45552.98151041667,46358.43697916667,1398300
2023-06-08,44747.52734375,46000.458109375,44702.77981640625,45463.48778125,1060300
2023-06-09,46000.453125,46089.94816999028,44837.017540126464,44926.51258511673,1065600
2023-06-12,46179.4453125,46447.930459665695,45821.46511627907,46089.95026344476,808200
2023-06-13,45642.4765625,46179.446875,45642.4765625,46179.446875,494000
2023-06-14,45195.0,46089.9504950495,45195.0,46089.9504950495,422800
2023-06-15,45105.50390625,45821.46428571428,44837.018763950895,45194.99895368303,472900
2023-06-16,45284.4921875,45821.46245059288,45105.50209980237,45194.997143651184,721500
2023-06-19,44926.51953125,45463.48988421314,44837.02447242281,45463.48988421314,545600
2023-06-20,45642.4765625,45642.4765625,44926.51614583334,45105.50625,493900
2023-06-21,46358.43359375,46447.92863929778,45463.48313827221,45642.473229367766,884000
2023-06-22,46358.43359375,46358.43359375,46358.43359375,46358.43359375,0
2023-06-23,47163.890625,47163.890625,46268.94013875711,46537.42528462998,1230300
2023-06-26,46984.90234375,47432.37760416667,46268.94192708334,47432.37760416667,657100
2023-06-27,47342.87890625,48237.82935816399,46626.918544718814,47342.87890625,1422800
2023-06-28,47163.890625,47700.860916745725,47163.890625,47700.860916745725,573000
2023-06-29,46268.9375,47163.8879352031,46268.9375,47163.8879352031,936300
2023-06-30,46447.9296875,47253.385115606936,46179.44454479769,46179.44454479769,458900
2023-07-03,47074.39453125,47253.38462452471,46447.929204788496,46537.42425142585,830000
2023-07-04,47879.84765625,48237.82782564252,47163.88731746495,47432.37244450935,796400
2023-07-05,48148.3359375,48685.3062267658,47790.35574465613,47969.34584107807,921800
2023-07-06,47879.84765625,48237.82782564252,47253.38235981309,47790.352613901865,1054100
2023-07-07,49938.234375,50117.22446236559,47611.36323924731,48148.33350134408,2437800
2023-07-10,49848.7421875,50117.227333931776,49401.26694344704,50117.227333931776,1137100
2023-07-11,50743.69140625,51817.63196511243,50027.731033675045,50117.22608024691,2642800
2023-07-12,51101.671875,51459.6520632662,50743.6916867338,51459.6520632662,953000
2023-07-13,51191.16796875,51459.65311543925,50654.19767537151,51191.16796875,1025600
2023-07-14,51012.17578125,51638.64109786184,50654.19560032895,51370.155962171055,892700
2023-07-17,50922.68359375,51638.64399577109,50564.70339273945,51191.16874450791,1599800
2023-07-18,51638.64453125,52086.11978715338,50922.6841218046,51012.17917298527,1348900
2023-07-19,51191.16796875,52265.108555507,50743.69272426792,51728.138262128494,1220200
2023-07-20,51191.16796875,51459.65311543925,50833.18777316434,51459.65311543925,728100
2023-07-21,51459.65234375,51817.63253396739,51101.67215353261,51459.65234375,954900
2023-07-24,52623.08984375,53518.04035129677,51459.6541839392,51907.12943771259,1995800
2023-07-25,52265.10546875,53070.56086124786,51907.12529430651,52802.07573041524,1103600
2023-07-26,50922.68359375,52444.09944804481,50833.18854349736,52444.09944804481,1323100
2023-07-27,51459.65234375,51638.6424388587,50564.701868206525,51012.17710597826,1277800
2023-07-28,51638.64453125,51817.63463361135,51012.17917298527,51817.63463361135,958000
2023-07-31,52533.59375,54055.00958262351,51907.12840715503,54055.00958262351,2340700
2023-08-01,51101.671875,52623.08767513135,51101.671875,52623.08767513135,1324100
2023-08-02,50654.1953125,51280.660625552126,50385.71017833481,51012.17549138693,1499800
2023-08-03,50654.1953125,51012.17549138693,50296.21513361308,50654.1953125,959100
2023-08-04,51907.12890625,51907.12890625,50475.20810883621,50564.70315867457,4239100
2023-08-07,51817.6328125,53070.56348499568,51817.6328125,52802.07834088947,1533800
2023-08-08,52354.60546875,52712.58567708333,51459.65494791667,51817.635156250006,1591600
2023-08-09,51549.1484375,52354.60388183594,51370.15833875868,52354.60388183594,965600
2023-08-10,50385.71484375,51459.65547985125,50385.71484375,51459.65547985125,1399500
2023-08-11,49401.265625,50654.196274909424,49222.2755321558,50027.73094995471,955900
2023-08-14,49848.7421875,50296.21743155296,49401.26694344704,49401.26694344704,695500
2023-08-15,50117.23046875,50475.21068638393,49580.26014229911,50117.23046875,630100
2023-08-16,49938.234375,50296.21454973118,49848.7393313172,50117.22446236559,580200
2023-08-17,49401.265625,50027.73094995471,49132.780485733696,49669.750764266304,708900
2023-08-18,46716.4140625,49401.2654454023,46716.4140625,49222.27535320881,1710800
2023-08-21,48506.3125,49132.77779059041,45821.46125461255,45821.46125461255,1225000
2023-08-22,48327.3203125,49043.28061342592,47521.86497395833,48953.78557581018,1037900
2023-08-23,48327.3203125,48774.7955005787,48058.83519965278,48774.7955005787,376300
2023-08-24,49669.75,49669.75,48237.82927927928,48685.3045045045,1072500
2023-08-25,49490.7578125,49759.24293625678,48416.81731747287,49669.74789500452,506100
2023-08-28,49669.75,49669.75,48864.29459459459,49580.25495495495,499800
2023-08-29,50564.703125,50564.703125,49938.237776548674,50117.2278761062,864900
2023-08-30,52533.59375,52533.59375,50564.70267248723,50922.68286839864,2027500
2023-08-31,56113.39453125,56202.88957834928,52802.07778857656,53070.5629298744,5998900
2023-09-01,56113.39453125,56113.39453125,56113.39453125,56113.39453125,0
2023-09-04,56113.39453125,56113.39453125,56113.39453125,56113.39453125,0
2023-09-05,56918.84765625,57724.303047612026,55397.43191701061,56113.39226488797,2707400
2023-09-06,57276.83203125,57634.812231445314,56381.88153076172,57276.83203125,1221600
2023-09-07,57187.3359375,58171.781470070426,57008.34584066902,57276.8309859155,1728600
2023-09-08,57992.79296875,59961.68408805942,56381.88205295139,57187.337510850695,2434000
2023-09-11,56560.87109375,59245.722569719146,56381.88099535206,59245.722569719146,1704300
2023-09-12,57813.80078125,57813.80078125,56381.8800188661,57097.84040005805,1410100
2023-09-13,58708.75390625,59872.18957817264,56381.88256240472,59066.73411299543,1897100
2023-09-14,57455.82421875,60230.17087105724,57097.844005549065,59514.21044465537,1916300
2023-09-15,57276.83203125,58082.287481689455,56560.87163085938,57455.82213134766,1471800
2023-09-18,56560.87109375,58171.78197933149,56560.87109375,57366.32653654074,1379600
2023-09-19,57545.31640625,58977.237187743,57097.84116203344,58529.76194352644,2703900
2023-09-20,59156.22265625,59961.67803281014,58171.77719600984,58529.7573633699,1784600
2023-09-21,59710.49609375,59802.35839543269,58516.286171875,59067.45998197115,1508800
2023-09-22,58791.8671875,59159.31635742188,57597.65738525391,58332.555725097656,2135700
2023-09-25,55209.23828125,59067.45460040557,55209.23828125,57873.244787333606,1880300
2023-09-26,55760.4140625,57046.48621550659,54841.79109606672,54841.79109606672,1236600
2023-09-27,58791.8671875,58791.8671875,55484.82465820313,56127.86070556641,1675300
2023-09-28,60445.390625,62466.361132218844,58332.55782199848,58975.593892477205,3327100
2023-09-29,60904.69921875,61731.45984162896,59343.04026442308,60904.69921875,1406800
2023-10-02,59986.08203125,62466.36413667688,59802.35743084801,60904.705033259954,1395200
2023-10-03,57413.9375,59618.6327,56954.626,59618.6327,2320100
2023-10-04,58883.73046875,60720.97634921021,56127.86164805967,56127.86164805967,1956500
2023-10-05,59067.453125,60537.24978129861,58516.27937888803,59986.07603518663,1234900
2023-10-06,59710.49609375,60537.25680889423,58148.83696514423,58516.286171875,882600
2023-10-09,60720.9765625,60812.838856845694,59710.49132469743,59710.49132469743,1620900
2023-10-10,60812.8359375,62374.49486640861,60812.8359375,61455.8719670506,1695800
2023-10-11,60904.69921875,61272.14838447399,58883.7288072681,61272.14838447399,861200
2023-10-12,60169.8046875,61455.87684875954,59986.080093034354,60996.56536259542,1323400
2023-10-13,60720.9765625,61088.425739882754,59434.904441660365,59526.76673600605,1086300
2023-10-16,60077.94140625,61272.15125071674,60077.94140625,60812.83977207568,1065000
2023-10-17,58883.73046875,62282.6353476014,58883.73046875,60720.97634921021,1482600
2023-10-18,59526.765625,60537.2508439429,57873.24435763889,59802.35250289352,2750200
2023-10-19,59618.62890625,61180.287906875965,58791.86825885979,59894.21578871341,1060700
2023-10-20,58791.8671875,59710.49011230469,55484.82465820313,59710.49011230469,3199600
2023-10-23,56862.76171875,58700.00765473546,56127.86334435582,57413.93549954564,753500
2023-10-24,56403.44921875,57230.209875050896,55760.41315273819,56954.62298961726,745300
2023-10-25,56679.0390625,57689.52436183145,55852.27836304701,56219.72756280389,631800
2023-10-26,54198.7578125,55760.41693591102,52728.960990466105,55668.5546345339,2659300
2023-10-27,57413.9375,57413.9375,53647.5832,54198.757,1075100
2023-10-30,55576.6875,57322.07107438016,55576.6875,57322.07107438016,261800
2023-10-31,54198.7578125,56679.03994968221,54198.7578125,56587.177648305085,1040900
2023-11-01,56770.8984375,56770.8984375,54290.61646692961,54658.065647754855,728800
2023-11-02,58332.5546875,58791.86614173229,56862.75803395669,57505.79406988189,977300
2023-11-03,59710.49609375,59710.49609375,58332.56156850961,58424.4238701923,2181800
2023-11-06,60629.11328125,60904.70015980114,58700.00513139205,59710.490352746216,1795900
2023-11-07,60720.9765625,62282.6355663767,59802.35361904312,60445.38967946294,1651000
2023-11-08,62282.63671875,62466.36131084071,60720.977685978985,60720.977685978985,1719000
2023-11-09,63109.39453125,64579.19120155568,63109.39453125,63384.98140693232,1906500
2023-11-10,63293.1171875,64211.74007846517,62650.08116382438,63017.53032021045,1264900
2023-11-13,63017.53515625,64395.46959844205,62098.91219478863,63384.98434083455,1244000
2023-11-14,65222.23046875,66324.57802596831,63568.70913292254,63844.29602222712,1697200
2023-11-15,65314.08984375,67335.06027492089,65038.50296677216,66600.16193631329,995300
2023-11-16,65314.08984375,66600.16193631329,65130.3652590981,65314.08984375,646800
2023-11-17,64303.609375,66048.99305803572,64303.609375,64579.196272321424,1054100
2023-11-20,63936.1640625,64762.9248046875,63384.990234375,63384.990234375,608200
2023-11-21,64303.609375,64762.92087053571,63384.98638392857,64211.74707589285,774200
2023-11-22,64671.05078125,65130.36222145774,63844.29018887606,64303.6016290838,498800
2023-11-23,64028.015625,64762.913939203725,63844.29104644906,64762.913939203725,870700
2023-11-24,63293.1171875,63844.2909220791,61088.4222491836,63844.2909220791,1703100
2023-11-27,61547.73828125,64028.02027168843,61547.73828125,63384.98420009328,456000
2023-11-28,62007.046875,62741.94520833333,61364.01083333333,61547.73541666666,914800
2023-11-29,64303.609375,64303.609375,62007.05189732143,62925.67488839285,704200
2023-11-30,64487.3359375,65038.509748931625,63752.43752225784,64303.61133368946,412200
2023-12-01,64487.3359375,64762.92284321581,63476.850616542026,64579.19823940528,622700
2023-12-04,64854.7734375,65405.94714943343,63844.28829895538,64854.7734375,1156200
2023-12-05,64487.3359375,65865.27046607906,63844.29982416311,65222.23435274217,948300
2023-12-06,64762.91796875,65405.95403368794,63844.29501883865,64671.05567375886,731000
2023-12-07,64671.05078125,64762.91306929154,62925.66730846058,64762.91306929154,949000
2023-12-08,64671.05078125,64762.91306929154,62925.66730846058,64303.6016290838,588900
2023-12-11,64762.91796875,65222.22944370568,64395.46878878546,64671.05567375886,643800
2023-12-12,64854.7734375,65038.49800814448,64028.01286959986,64762.91115217776,465800
2023-12-13,63293.1171875,64854.77610214079,63293.1171875,64854.77610214079,634400
2023-12-14,62650.0859375,63844.29578674853,62282.63675311583,63844.29578674853,798700
2023-12-15,62466.36328125,62833.81247702206,61639.60259076287,62650.08787913603,697900
2023-12-18,62925.671875,62925.671875,61639.5997490876,62650.08499087592,579900
2023-12-19,62925.671875,63201.25875912409,62466.36040145986,63201.25875912409,261100
2023-12-20,62925.671875,63384.98334854015,62282.6358120438,62925.671875,617400
2023-12-21,62466.36328125,63384.98627068015,62466.36328125,63109.39937385111,562800
2023-12-22,62741.9453125,63109.39447977672,62466.35843704246,62466.35843704246,378000
2023-12-25,67059.4765625,67059.4765625,62925.67321275685,63109.39780607877,2434500
2023-12-26,65681.546875,67794.3798513986,65681.546875,67059.48142482518,1166200
2023-12-27,65957.125,66600.16103760446,65589.6758356546,66600.16103760446,1056000
2023-12-28,66140.84375,67335.05342881945,65773.39461805555,65957.11918402778,1437100
2023-12-29,64762.91796875,66508.30157358156,64762.91796875,66508.30157358156,1460400
2024-01-01,64762.91796875,64762.91796875,64762.91796875,64762.91796875,0
2024-01-02,65865.2734375,66324.58496774756,64946.65037700488,65038.5126830544,930500
2024-01-03,66140.84375,66416.43059895834,65405.94548611111,66140.84375,750200
2024-01-04,65865.2734375,66783.89649799511,65314.09960120293,66508.30957984658,1233100
2024-01-05,65314.08984375,65773.40130537975,65130.3652590981,65589.67672072785,780500
2024-01-08,65865.2734375,66140.86035564853,65130.374989103904,65405.96190725245,647900
2024-01-09,65865.2734375,66416.44727379706,65497.82421330195,66324.58496774756,750500
2024-01-10,65773.3984375,67702.50649223114,65314.08699589735,65865.26072582052,1487600
2024-01-11,65681.546875,66140.85839160839,65038.51075174825,66140.85839160839,813500
2024-01-12,64579.1953125,65681.54288540184,63844.29693056543,65681.54288540184,1620500
2024-01-15,63568.70703125,64946.641432216406,63568.70703125,64579.19225862536,975400
2024-01-16,63201.26171875,63568.71091478924,62374.501027661696,63568.71091478924,1140100
2024-01-17,64028.015625,64854.7762284792,63293.11731079627,63660.56646789813,530800
2024-01-18,63752.4375,64028.0244056196,62925.676783141214,63936.1621037464,999200
2024-01-19,63660.5703125,63936.157196969696,63201.25883838384,63936.157196969696,914300
2024-01-22,63293.1171875,63660.56634388607,63109.39260930697,63109.39260930697,598200
2024-01-23,64395.47265625,64671.059557774606,63293.12505015157,63293.12505015157,1039000
2024-01-24,64487.3359375,64579.19823940528,63936.16212606838,64395.47363559473,589100
2024-01-25,64487.3359375,64487.3359375,64487.3359375,64487.3359375,0
2024-01-26,64395.47265625,64762.92185828281,64119.885754725394,64395.47265625,525600
2024-01-29,64303.609375,64487.333973214285,63936.16017857142,64487.333973214285,370700
2024-01-30,63844.29296875,64487.32901303957,63844.29296875,64487.32901303957,543400
2024-01-31,62558.21875,64028.0153726138,61823.320438693096,64028.0153726138,2657200
2024-02-01,63384.984375,63384.984375,62558.22370923913,62558.22370923913,398100
2024-02-02,63384.984375,63384.984375,63384.984375,63384.984375,0
2024-02-05,63201.26171875,64119.884708848105,62925.67482172057,63384.98631676962,1058300
2024-02-06,63384.984375,63476.84667119565,62741.94830163043,63384.984375,1005200
2024-02-07,63844.29296875,64579.19130508094,63476.84380058454,63568.7060926259,1059600
2024-02-08,63844.29296875,63844.29296875,63844.29296875,63844.29296875,0
2024-02-09,63844.29296875,63844.29296875,63844.29296875,63844.29296875,0
2024-02-15,63844.29296875,64671.05359712231,63568.7060926259,64303.60442895684,744700
2024-02-16,64119.88671875,64211.74902063933,63568.71290741404,63844.29981308202,966200
2024-02-19,64946.64453125,65497.818317936704,64395.470744563296,64395.470744563296,2038200
2024-02-20,66140.84375,66140.84375,64487.32265625,65222.22092013889,1486900
2024-02-21,65865.2734375,66048.99804959902,65130.374989103904,66048.99804959902,960100
2024-02-22,65497.81640625,66140.8524719495,64854.78034055049,66048.99017684958,507200
2024-02-23,64119.88671875,66048.99505842586,63844.29981308202,66048.99505842586,1136200
2024-02-26,68069.9609375,68437.41011934886,63844.29534623819,64303.60682354926,3255400
2024-02-27,68069.9609375,69080.44618758434,67794.37405111337,69080.44618758434,1800000
2024-02-28,68896.7265625,70090.93648958334,67978.10354166667,68253.69044791667,1997800
2024-02-29,69815.34375,69815.34375,67978.0978618421,69264.16998355264,1596900
2024-03-01,73949.140625,74592.17663043478,69080.4394409938,70182.78687888199,2990100
2024-03-04,73857.2890625,74959.63666044777,73030.52836403917,74959.63666044777,2141500
2024-03-05,73489.8359375,73857.2851171875,72663.07528320313,73857.2851171875,1572000
2024-03-06,72387.4921875,73306.11518480329,71193.2822910057,73306.11518480329,2200500
2024-03-07,73489.8359375,73765.42282226562,71652.5900390625,72387.4883984375,2342600
2024-03-08,71928.1796875,74132.87485033524,71836.31738904853,73489.83876117496,2473400
2024-03-11,71285.140625,72295.6258658183,69631.61932184278,72111.90127657862,2380000
2024-03-12,72020.0390625,73397.97348333865,70733.96693638393,71285.1407047194,1869900
2024-03-13,74041.015625,75602.67476349256,72387.49418424317,72846.80569556452,2526800
2024-03-14,74041.015625,75510.81246122828,73673.56641594293,75051.50094990696,1814700
2024-03-15,73489.8359375,73949.14741210938,72846.79987304687,73765.42282226562,1794500
2024-03-18,71560.7265625,73214.24784379012,68621.1331735398,73214.24784379012,3034800
2024-03-19,70733.9609375,71652.58380681818,69815.33806818182,70825.82322443182,1982800
2024-03-20,71652.5859375,72203.75967548077,70090.92701322115,70733.96304086539,2051700
2024-03-21,72020.0390625,73122.38659917092,71285.1407047194,73122.38659917092,1022500
2024-03-22,72203.7578125,72754.93153625954,71376.99722686068,72571.20696167303,1198000
2024-03-25,71744.453125,73122.38756402048,71285.1416453265,72479.3514924776,1314200
2024-03-26,72479.3515625,72571.21385852345,71377.00401021863,71652.59089828897,824300
2024-03-27,73489.8359375,74408.45888671876,72020.03921875,72846.79987304687,1632800
2024-03-28,73489.8359375,74316.59659179687,72663.07528320313,74316.59659179687,805800
2024-03-29,73214.25,73673.56148055207,72846.80081555835,73673.56148055207,670600
2024-04-01,73030.5234375,74408.45784198113,72571.21196933962,73030.5234375,1178700
2024-04-02,73673.5625,73673.5625,72663.07722880298,73673.5625,836200
2024-04-03,73949.140625,76521.28464673914,73122.38004658386,73673.55376552795,2768100
2024-04-04,73306.109375,74408.45688439849,72846.79791275063,74408.45688439849,741700
2024-04-05,71652.5859375,73122.38257211538,71652.5859375,72846.795703125,1262500
2024-04-08,71193.28125,72295.62883064516,70733.96975806452,71744.45504032259,909200
2024-04-09,72203.7578125,72203.7578125,71101.41036498091,71928.17095062023,649700
2024-04-10,72571.21875,73397.9794699367,71928.18263449367,72295.63184335444,901800
2024-04-11,72846.8046875,72846.8046875,71193.28326962485,71193.28326962485,644300
2024-04-12,75051.4921875,75694.52822827417,73030.5217736383,73581.69552287331,2689900
2024-04-15,71928.1796875,75602.67162555874,70733.9698076309,74500.32404414112,1962100
2024-04-16,72020.0390625,72571.21283083546,70366.51775749362,71928.17676777742,2020200
2024-04-17,73949.140625,74684.03891692546,72479.34404114907,72571.20632763975,3455800
2024-04-19,73489.8359375,74224.734296875,72020.03921875,73489.8359375,1664600
2024-04-22,73306.109375,74408.45688439849,73030.52249765037,74408.45688439849,864700
2024-04-23,72571.21875,73949.15328322785,71377.00882120253,73949.15328322785,1652600
2024-04-24,74684.046875,74684.046875,72111.90257918205,72846.80094941574,2056300
2024-04-25,74775.90625,74867.76854269042,73581.69644502457,74867.76854269042,1284400
2024-04-26,77348.0546875,79460.88753525831,74224.73656472685,74775.91035109857,5624400
2024-04-29,77348.0546875,77348.0546875,77348.0546875,77348.0546875,0
2024-04-30,77348.0546875,77348.0546875,77348.0546875,77348.0546875,0
2024-05-02,77348.0546875,77899.22847387174,76521.2940079424,77899.22847387174,1654100
2024-05-03,78542.265625,78542.265625,75786.39665570176,78082.95413011697,4046100
2024-05-06,77348.0546875,78358.53996251486,76888.74319885689,78358.53996251486,1675400
2024-05-07,77807.3671875,80379.51155733471,76521.29500258264,77439.91799180933,2709700
2024-05-08,77991.09375,78909.71676236749,76705.02153268551,77164.33303886926,1888600
2024-05-09,77439.9140625,79277.15994773131,77439.9140625,77991.0878280694,2112100
2024-05-10,76796.875,78542.25852272728,76613.15041866028,78542.25852272728,1527900
2024-05-13,75418.9375,77348.04552375151,74867.76377892813,77348.04552375151,2522700
2024-05-14,75602.671875,76613.15716130013,75051.49808247267,75694.53417375455,1190200
2024-05-15,76245.703125,76888.7391754518,75510.8047816265,76153.84083207832,1560500
2024-05-16,77531.78125,78358.54195053318,76613.15824940758,76888.74514958532,2152900
2024-05-17,77899.2265625,78450.40033534788,77256.19049417747,77807.36426702536,1474600
2024-05-20,77072.46875,78542.2655318832,77072.46875,78358.5409341478,1641600
2024-05-21,78358.5390625,78358.5390625,76337.56853568288,76980.60461239742,1673100
2024-05-22,77164.3203125,79277.15289248512,76705.00888206845,79001.56603422618,1682000
2024-05-23,78542.265625,78542.265625,76705.01964546784,76980.60654239767,1530900
2024-05-24,76705.0234375,78174.82029378743,74867.77736714072,78082.95799026947,2195500
2024-05-27,76153.84375,76705.01752864898,75786.39456423403,76705.01752864898,924900
2024-05-28,76429.4296875,77164.32804987981,75970.11821101262,76245.70509690505,1617200
2024-05-29,75878.25,77623.63347457627,75327.07627118644,76429.42372881356,1486400
2024-05-30,76153.84375,77623.64049306394,75327.08308202654,75418.94537846804,2861500
2024-05-31,76980.6015625,77439.91302767005,76521.29009732995,76521.29009732995,1135000
2024-06-03,76980.6015625,76980.6015625,76980.6015625,76980.6015625,0
2024-06-04,77623.640625,78542.26359097633,76429.43076923076,76980.60454881657,2560800
2024-06-05,77164.3203125,78266.66774553571,77164.3203125,78082.94317336309,1702700
2024-06-06,77164.3203125,77991.08088727678,75418.93687686011,77991.08088727678,1851700
2024-06-07,76613.1484375,78082.94505020983,76153.83699602819,77164.32216726619,2036800
2024-06-10,79828.3359375,80655.09660888952,77164.3293296893,77164.3293296893,3773300
2024-06-11,79001.578125,80195.78802688954,78174.81742369186,79920.2011264535,1904600
2024-06-12,78725.984375,78909.70895930572,77439.91228485997,78542.25979069428,1712400
2024-06-13,78082.953125,78817.85150735294,77807.36623161765,78817.85150735294,1022100
2024-06-14,76245.703125,78817.84732680723,76245.703125,77899.22439759037,2064400
2024-06-17,76980.6015625,77991.08678587411,76245.70321822792,76337.56551126193,1105100
2024-06-18,76796.875,77256.18645334928,76796.875,77164.32416267943,857000
2024-06-19,76705.0234375,78082.95799026947,76613.16113398204,76796.88574101796,1355100
2024-06-20,76429.4296875,77072.46575458233,76337.56739220252,76705.01657339242,999900
2024-06-21,76613.1484375,77623.63360873802,76521.28614920564,76705.01072579437,976900
2024-06-24,75327.0859375,76888.74503620427,75235.22363757621,76337.57123666159,1928800
2024-06-25,76245.703125,77348.05064006025,75143.35560993977,75327.08019578313,1088700
2024-06-26,77164.3203125,77623.63174293154,75327.0745907738,76245.6974516369,2136100
2024-06-27,76613.1484375,76705.01072579437,75786.38784285073,76705.01072579437,986700
2024-06-28,76245.703125,77348.05064006025,75786.39166039157,76796.87688253012,1658000
2024-07-01,75327.0859375,76245.7089367378,75143.36133765244,76245.7089367378,1183200
2024-07-02,74867.765625,76337.56225076687,74867.765625,75418.93935966257,1464200
2024-07-03,75510.8125,75694.53710462287,74775.91408150853,74959.6386861314,1199800
2024-07-04,75327.0859375,76061.98433689025,75327.0859375,75970.12203696647,726100
2024-07-05,76796.875,76796.875,75327.0783492823,76061.97667464115,1861800
2024-07-08,77164.3203125,77439.90717075893,75510.79916294642,77164.3203125,1649700
2024-07-09,78082.953125,78450.40231617646,76337.56946691177,77256.19244485293,2350200
2024-07-10,77256.1953125,78266.68062574316,77164.33301129608,78174.81832453924,1231800
2024-07-11,76888.7421875,77807.3651527031,76888.7421875,77348.05367010155,781800
2024-07-12,77164.3203125,77439.90717075893,76429.42202380951,76980.59574032738,1043300
2024-07-15,76387.953125,77515.45058809963,76293.99500307503,77515.45058809963,850000
2024-07-16,76387.953125,76763.78561269988,76106.0787592251,76481.91124692497,816600
2024-07-17,76106.078125,76575.86873070987,71220.25582561728,76575.86873070987,2020200
2024-07-18,75072.5390625,76106.07839877972,73851.08348326033,75166.49718397997,1350700
2024-07-19,74039.0,75354.41370558375,72911.50253807107,74508.79060913705,1300000
2024-07-22,73287.328125,73475.24435096154,71596.08209134615,73475.24435096154,1765300
2024-07-23,71971.921875,73287.33559073108,71784.00562989556,73287.33559073108,954700
2024-07-24,73193.375,73475.24935815149,70186.71517971759,70186.71517971759,1358400
2024-07-25,73005.4609375,73005.4609375,72253.79596002253,72347.7540822072,414800
2024-07-26,74226.921875,74226.921875,72723.59181170886,73005.46619857596,643300
2024-07-29,74226.921875,74696.71251977849,73945.04748813291,74320.8800039557,271800
2024-07-30,74226.921875,74414.83813291139,73757.13123022152,73757.13123022152,472400
2024-07-31,75166.5,75166.5,73757.128125,74226.91875,796900
2024-08-01,74132.9609375,74978.58406606464,73569.21218512357,74978.58406606464,1052000
2024-08-02,76106.078125,76106.078125,71690.04643132715,71690.04643132715,1278400
2024-08-05,71032.3359375,74884.61870659722,71032.3359375,74038.99565972222,1116000
2024-08-06,72347.75,72347.75,70562.54577922077,70656.5038961039,786400
2024-08-07,71690.046875,72347.75372706422,71032.34002293578,72253.79560534077,485000
2024-08-08,71877.9609375,71971.91905637256,70844.42162990196,71220.25410539216,446100
2024-08-09,72441.7109375,73099.41778129054,71596.08785262646,72159.8365758755,693900
2024-08-12,74226.921875,74978.58690664558,72817.54994066455,73193.38245648735,563300
2024-08-13,73851.0859375,74602.75093431934,73569.21156369275,74508.79280971692,220700
2024-08-14,74039.0,74226.91624365482,73005.46065989848,74226.91624365482,707700
2024-08-15,74414.8359375,74978.58469460228,73287.33842329546,74132.96155894887,699900
2024-08-16,74978.5859375,75636.2928316886,74226.92091557017,74790.66968201754,676400
2024-08-19,77797.328125,79018.7837598128,75072.5424781099,75166.50060386473,2589600
2024-08-20,77797.328125,78267.11875377415,76857.74686745169,77797.328125,835700
2024-08-21,78361.0703125,78548.9865482614,77327.53101581235,78267.1121946193,1080400
2024-08-22,77891.2890625,78455.03783737936,77327.54028762062,78361.0797082328,714300
2024-08-23,77327.53125,77797.32184082625,76575.86630467801,77609.40560449575,858200
2024-08-26,76200.03125,77891.27731966708,76106.0731350185,77891.27731966708,981300
2024-08-27,75448.3671875,76669.82269613947,75166.49283935243,76106.07399984433,819600
2024-08-28,75354.4140625,76387.95340749688,75260.45594022755,75730.24655158978,629700
2024-08-29,75354.4140625,75542.33030704489,75166.49781795511,75354.4140625,708000
2024-08-30,75636.2890625,76106.07967779503,75260.45657026398,75824.20530861801,436800
2024-09-04,74226.921875,75542.33568037975,73569.21497231013,75542.33568037975,986800
2024-09-05,74039.0,74414.83248730964,72065.87944162436,74414.83248730964,1939700
2024-09-06,73287.328125,73945.03491586538,72535.66322115384,73287.328125,677700
2024-09-09,72629.6328125,73193.3815794793,72441.71655684024,73193.3815794793,614700
2024-09-10,72629.6328125,73099.42345164942,72535.67468467011,72535.67468467011,1048000
2024-09-11,72441.7109375,72817.54341966602,72253.794696417,72723.58529912452,421800
2024-09-12,72817.546875,73099.42125,72441.714375,72629.630625,888600
2024-09-13,72535.6640625,73287.32897506477,72441.7059484294,72911.49651878238,311200
2024-09-16,71784.0,72723.58115183246,71784.0,72535.66492146597,888900
2024-09-17,72159.8359375,72441.71029663086,71596.08721923828,71784.00345865886,439300
2024-09-18,73099.4140625,73287.33029402314,72629.62348369216,73193.37217826158,763500
2024-09-19,73475.2578125,73475.2578125,73099.42529171995,73099.42529171995,450000
2024-09-20,73663.171875,74039.00438456633,73381.29749282525,73381.29749282525,679000
2024-09-23,74226.921875,74226.921875,73099.42432753165,73287.34058544305,525200
2024-09-24,74226.921875,74320.8800039557,73663.17310126583,73663.17310126583,209400
2024-09-25,74226.921875,74602.75439082278,73475.25684335444,74414.83813291139,577000
2024-09-26,74132.9609375,74414.83531368822,73851.0865613118,74226.91906289608,450200
2024-09-27,73757.125,74132.95748407643,73099.41815286624,73851.08312101911,565000
2024-09-30,73287.328125,73757.11868990384,71971.91454326923,73757.11868990384,1178100
2024-10-01,72723.5859375,73381.29278706395,72723.5859375,73005.46030159884,572500
2024-10-02,73099.4140625,73851.07898859255,72535.66536793059,72535.66536793059,810100
2024-10-03,72723.5859375,73287.33466569768,72253.79533066861,73287.33466569768,476900
2024-10-04,72159.8359375,73005.45901489258,72159.8359375,72723.58465576172,307800
2024-10-07,71784.0,72441.70680628272,71408.16753926701,72159.83246073299,366100
2024-10-08,70750.46875,71971.92438579017,70750.46875,71877.96625996016,783300
2024-10-09,70938.3828125,71408.17342715232,70750.46656663906,70938.3828125,332500
2024-10-10,71971.921875,72065.87999755223,71126.29877203003,71126.29877203003,609100
2024-10-11,72159.8359375,72347.75217692058,71971.91969807942,72253.79405721028,367900
2024-10-14,60897.15234375,62017.4708444056,60817.130118023066,62017.4708444056,545742
2024-10-15,60497.0390625,61377.287184414425,60417.01683962042,61137.216845536605,915129
2024-10-16,60096.92578125,60336.99612613343,60016.90355636859,60096.92578125,705896
2024-10-17,58496.4765625,60176.94692505944,58336.42844537324,60176.94692505944,1759339
2024-10-18,57456.18359375,58736.54658234344,57456.18359375,58416.45400007541,1483767
2024-10-21,57056.06640625,57616.22561316737,56255.84054075616,57456.17750387746,2299564
2024-10-22,59005.703125,59193.61937699044,57596.33123507166,57596.33123507166,891100
2024-10-23,59005.703125,59005.703125,58066.12186504777,59005.703125,597900
2024-10-24,59005.703125,59005.703125,57972.16373905255,58535.91249502389,967300
2024-10-25,58911.7421875,59193.61655203349,58254.03533692185,58817.78406598883,731500
2024-10-28,58723.828125,59005.7025,58441.95375,59005.7025,412200
2024-10-29,61072.77734375,61542.567938701926,58629.86625000001,58723.82436899039,5257000
2024-10-30,61166.73828125,61918.40326780914,60696.947664650535,61166.73828125,1103300
2024-10-31,61354.65234375,61636.52670367534,60321.11302402373,61166.73610379977,1353100
2024-11-01,60321.11328125,62012.35944801402,60321.11328125,61354.65260538357,3482200
2024-11-04,60415.07421875,60978.822967291984,59005.70234739502,60978.822967291984,950600
2024-11-05,60039.2421875,60415.07468945618,59569.451560054775,60133.20031298904,779800
2024-11-06,60602.98828125,60884.86264534884,59945.281431686046,60133.1976744186,994800
2024-11-07,61072.77734375,61448.60981971154,60602.98674879808,61166.73546274039,1328800
2024-11-08,60696.9453125,61260.69403057276,60602.98719282121,61166.73591089396,636600
2024-11-11,61824.44140625,61918.39952388868,60133.1952887538,60227.15340639248,2053200
2024-11-12,61918.40234375,62012.36046566768,60884.86300265554,61824.44422183232,1223000
2024-11-13,61824.44140625,61918.39952388868,60884.86022986322,61918.39952388868,729800
2024-11-14,62576.109375,63609.64871903153,61354.65378659911,61448.61190878379,2481700
2024-11-15,61824.44140625,62482.14822972074,61166.73458277925,62294.23199444338,816300
2024-11-18,60696.9453125,61542.568389609136,59569.44787635449,61542.568389609136,1142900
2024-11-19,59945.28125,60696.94621865203,57878.20258620689,60696.94621865203,1721100
2024-11-20,59851.32421875,60133.19858712716,57878.203640109896,59475.491727580455,1198500
2024-11-21,61072.77734375,61072.77734375,58817.78248798077,59287.57308293269,994000
2024-11-22,60227.15625,60790.9049824493,59945.28188377535,60790.9049824493,554400
2024-11-25,60133.19921875,60978.82233276367,59851.32484741211,60133.19921875,584300
2024-11-26,60978.8203125,61072.77843316641,60039.2391058359,60227.15534716872,848700
2024-11-27,60415.07421875,61072.78109204899,60415.07421875,60978.822967291984,445900
2024-11-28,60790.90625,60884.864374034,59945.28313369397,60509.03187789799,733500
2024-11-29,60790.90625,61354.654994204015,60321.11562982998,60790.90625,813900
2024-12-02,60415.07421875,61072.78109204899,60133.199844479,61072.78109204899,669700
2024-12-03,60133.19921875,60978.82233276367,60133.19921875,60133.19921875,967600
2024-12-04,60790.90625,60790.90625,59945.28313369397,60227.15750579598,641100
2024-12-05,62012.359375,62294.23373579545,60602.98757102273,60884.86193181818,1470000
2024-12-06,63327.77734375,63703.609850241104,61448.61481129452,62012.36357103116,1933700
2024-12-09,63233.81640625,63327.774528696136,62670.06767157318,63327.774528696136,1046900
2024-12-10,62857.984375,63233.81686752616,62200.27751307922,63233.81686752616,826200
2024-12-11,61918.40234375,62951.94168484447,61918.40234375,62576.10919717376,609800
2024-12-12,62388.19140625,62482.149525837725,61166.73585160956,62106.31704748682,1080200
2024-12-13,61918.40234375,62670.06731909143,61730.48609991465,62482.15107525607,665500
2024-12-16,61824.44140625,62106.31575916603,61354.65081805661,61824.44140625,636100
2024-12-17,61542.5703125,62012.36092557252,60884.86345419847,61824.44468034351,991000
2024-12-18,61448.609375,61542.5674933104,60978.81878344801,61072.77690175841,445500
2024-12-19,61166.73828125,61824.44514448925,60884.863911290326,60978.82203461022,661400
2024-12-20,61072.77734375,62106.31665264424,60790.90298677885,61166.73546274039,774000
2024-12-23,61072.77734375,61636.52605769231,60978.819224759616,61166.73546274039,318000
2024-12-24,61730.484375,62294.23309075342,61072.77753995434,61354.65189783105,937400
2024-12-25,62764.02734375,62857.98546851609,61730.487971322975,61730.487971322975,984200
2024-12-26,62764.02734375,62951.94359328218,62012.36234562125,62951.94359328218,587500
2024-12-27,62482.1484375,62764.02279135338,62200.27408364662,62764.02279135338,726100
2024-12-30,62012.359375,62388.19185606061,61730.48501420455,62388.19185606061,563100
2024-12-31,61260.6953125,62012.36028565951,61260.6953125,62012.36028565951,384100
2025-01-02,62200.2734375,62200.2734375,60696.94356589879,61166.73415077417,775500
2025-01-03,61824.44140625,62294.23199444338,61448.60893569529,62200.27387680471,712600
2025-01-06,60227.15625,61824.44432527301,59945.28188377535,61542.56995904837,877800
2025-01-07,58911.7421875,60133.19776714513,58911.7421875,60133.19776714513,846700
2025-01-08,59663.40625,59663.40625,58254.0344488189,58911.74128937008,584100
2025-01-09,59663.40625,59663.40625,58629.86692913386,59569.448129921264,361700
2025-01-10,58254.0390625,59193.62033770161,57972.16467993952,59005.704082661294,691100
2025-01-13,58066.1171875,58160.07530592637,57314.452240089,57878.200950647246,601000
2025-01-14,56374.87109375,58066.1172265625,56374.87109375,58066.1172265625,1003500
2025-01-15,56562.7890625,57314.45403343023,56280.91469840116,56468.83094113372,856500
2025-01-16,56562.7890625,57314.45403343023,56280.91469840116,56468.83094113372,856500
2025-01-17,58254.0390625,58254.0390625,57314.45778729839,57502.37404233871,846300
2025-01-20,58441.953125,58723.82749698553,58160.07875301447,58254.03687700965,546800
2025-01-21,58254.0390625,58441.95531754033,57408.41591481855,58254.0390625,746800
2025-01-22,57690.28515625,58254.03387113192,57408.41079880904,58254.03387113192,617500
2025-01-23,58254.0390625,58254.0390625,57502.37404233871,57690.29029737903,856100
2025-01-24,60039.2421875,60039.2421875,57878.20530125196,57878.20530125196,1297200
2025-01-27,60039.2421875,60039.2421875,60039.2421875,60039.2421875,0
2025-01-28,60039.2421875,60039.2421875,60039.2421875,60039.2421875,0
2025-01-29,60039.2421875,60039.2421875,60039.2421875,60039.2421875,0
2025-01-30,60039.2421875,60039.2421875,60039.2421875,60039.2421875,0
2025-01-31,60039.2421875,60039.2421875,60039.2421875,60039.2421875,0
2025-02-03,58911.7421875,59757.36528110048,58535.90970145534,59663.40715958931,952400
2025-02-04,59287.57421875,59569.44858112124,58817.78361479794,58817.78361479794,488300
2025-02-05,59757.3671875,59851.32531200865,59099.660315939465,59099.660315939465,1108400
2025-02-06,59193.6171875,59851.32404513889,59193.6171875,59851.32404513889,712000
2025-02-07,58817.78515625,59945.28263528354,58817.78515625,59193.61764926118,947900
2025-02-10,57972.16015625,58817.7832379457,57878.20203606159,58817.7832379457,829700
2025-02-11,57220.49609375,57972.16106706692,56750.70548542693,57972.16106706692,1984400
2025-02-12,56938.62109375,57596.32793806725,56938.62109375,57032.57921436675,757400
2025-02-13,57972.16015625,57972.16015625,56938.62083417747,56938.62083417747,766300
2025-02-14,57972.16015625,58535.90887738047,57408.41143511952,57784.24391587317,809000
2025-02-17,57596.328125,58066.11872960848,57502.3700040783,57972.16060868678,660100
2025-02-18,57220.49609375,57690.28670207307,56844.66360709155,57408.41233707923,1475100
2025-02-19,57314.453125,57784.24372438525,56938.62064549181,57220.49500512295,854200
2025-02-20,57784.2421875,57784.2421875,57220.49348323171,57596.3259527439,728600
2025-02-21,58254.0390625,58629.87157258065,57690.29029737903,57784.2484248992,859300
2025-02-24,58160.07421875,58347.99045209007,57690.28363539984,58254.03233542003,815300
2025-02-25,57314.453125,57972.15996413935,57032.57876536885,57972.15996413935,1404100
2025-02-26,57408.41015625,57784.24262863134,57126.535801964,57314.45203815467,1419400
2025-02-27,57596.328125,57596.328125,57126.53752039152,57314.45376223491,901100
2025-02-28,57032.578125,57596.32683793246,56938.62000617792,57596.32683793246,1335900
2025-03-03,57126.5390625,57314.45530941612,56938.62281558388,57032.58093904194,680800
2025-03-04,57408.41015625,57878.20074672668,57032.57768386866,57032.57768386866,1107600
2025-03-05,56374.87109375,57502.368515625,56374.87109375,57314.45227864583,2451000
2025-03-06,57314.453125,57314.453125,56374.87192622951,56656.74628586066,1631700
2025-03-07,57784.2421875,57784.2421875,56844.66101371951,57690.28407012195,1871600
2025-03-10,57784.2421875,57878.200304878046,56938.61913109756,57878.200304878046,1855700
2025-03-11,57502.37109375,57690.28733915441,56750.70611213235,57220.49672564338,2128500
2025-03-12,56468.83203125,57408.41326305117,56468.83203125,57126.53889351081,2850200
2025-03-13,55999.0390625,57126.53649328859,55999.0390625,56750.704016359065,1305600
2025-03-14,54589.671875,56374.8762908778,54589.671875,56186.96003657488,2357700
2025-03-17,54495.7109375,55059.45967133621,53931.9622036638,54683.62718211207,1860700
2025-03-18,55905.08203125,55905.08203125,54683.62645745798,54683.62645745798,1748700
2025-03-19,55717.16796875,56186.958592432544,54871.54484612142,56093.00046769604,1111700
2025-03-20,55811.125,56374.87373737374,54965.50189393939,56374.87373737374,878100
2025-03-21,55811.125,55811.125,55153.41813973064,55717.16687710438,597400
2025-03-24,55435.29296875,55717.167339777545,54589.66985566737,55435.29296875,1094800
2025-03-25,54777.5859375,55341.33467785163,54683.62781410806,55341.33467785163,1242500
2025-03-26,55153.41796875,55247.376091354345,54683.62735572828,55247.376091354345,622900
2025-03-27,54589.671875,55153.42063790879,54495.71374784854,55153.42063790879,596200
2025-03-28,54495.7109375,55059.45967133621,54495.7109375,54495.7109375,974400
2025-03-31,54025.921875,54683.62875,53462.173125,54495.7125,1537500
2025-04-01,54119.87890625,54307.79515245226,53368.213921440976,54025.92078314888,1141400
2025-04-02,52898.421875,54307.79368339254,52146.75691052398,54119.87744227354,2316300
2025-04-03,49234.0546875,51489.0495586832,49234.0546875,49234.0546875,1738200
2025-04-04,45804.5859375,45804.5859375,45804.5859375,45804.5859375,543700
2025-04-08,42610.0078125,43549.589021154905,42610.0078125,42610.0078125,1287800
2025-04-09,39650.328125,39650.328125,39650.328125,39650.328125,684800
2025-04-10,42422.08984375,42422.08984375,42422.08984375,42422.08984375,1471300
2025-04-11,43220.734375,45099.89673913043,40495.94894701087,45099.89673913043,5775600
2025-04-14,43549.58984375,45569.6894805151,43079.799230548815,43784.48515035059,4789200
2025-04-15,43126.77734375,44536.14915236928,40542.92902794798,43502.60982604847,4944800
2025-04-16,40401.9921875,42985.84052507267,40401.9921875,42328.13367550872,3454800
2025-04-17,43220.734375,43220.734375,40777.82330163043,40871.78141983695,5667600
2025-04-18,45710.625,46227.39465570401,44160.316032887975,44442.1903905447,4310700
2025-04-21,44818.0234375,45710.62558143344,44160.31659460168,45710.62558143344,2772000
2025-04-22,43972.40234375,44442.19296708066,41717.40735176282,44442.19296708066,4433300
2025-04-23,44160.31640625,45851.56256648936,44160.31640625,44442.190766289896,3095200
2025-04-24,46039.48046875,46039.48046875,44160.31800063776,44160.31800063776,3415000
2025-04-25,47918.640625,47918.640625,46227.39448529412,46321.35260416667,4351500
2025-04-28,47918.640625,48294.4731004902,47260.93379289216,48294.4731004902,2296400
2025-04-29,49797.8046875,50173.63717570755,47918.64224646227,47918.64224646227,4559100
2025-04-30,49797.8046875,49797.8046875,49797.8046875,49797.8046875,0
2025-05-01,49797.8046875,49797.8046875,49797.8046875,49797.8046875,0
2025-05-02,49797.8046875,49797.8046875,49797.8046875,49797.8046875,0
2025-05-05,49797.8046875,49797.8046875,49797.8046875,49797.8046875,0
2025-05-06,51207.17578125,52522.589471043575,49797.80397075688,50737.38517775229,3397600
2025-05-07,49985.72265625,51583.01078624295,48858.225152725565,51583.01078624295,4311100
2025-05-08,48858.22265625,50361.55258413462,48858.22265625,50079.67822265625,2523300
2025-05-09,49328.01171875,50173.63477678572,48764.26301339286,49328.01171875,2819600
2025-05-12,49328.01171875,49328.01171875,49328.01171875,49328.01171875,0
2025-05-13,50643.4296875,50643.4296875,49703.84843170222,50173.63905960111,3742500
2025-05-14,52522.58984375,52616.54796511628,51019.259901889534,51676.96675145349,4289200
2025-05-15,52428.6328125,53368.21404569892,52334.67468918011,52710.50718245968,2538600
2025-05-16,51864.8828125,52334.67341768568,51113.217844202896,52334.67341768568,1969200
2025-05-19,51207.17578125,51207.17578125,49985.72021215596,50267.59457425459,1982100
2025-05-20,51207.17578125,51207.17578125,49985.72021215596,50267.59457425459,1982100
2025-05-21,51958.83984375,52616.54667721519,50643.426176819616,50737.38429588608,2274700
2025-05-22,51489.05078125,52052.79951243157,50549.46956261405,52052.79951243157,1553100
2025-05-23,49891.765625,51207.17940795668,49797.80749764595,51207.17940795668,2693300
2025-05-26,52334.671875,52522.588111535006,49421.97020870736,50079.677036579895,3947400
2025-05-27,52334.671875,52522.588111535006,49421.97020870736,50079.677036579895,3947400
2025-05-28,55905.08203125,55905.08203125,52616.54779411765,52616.54779411765,6090300
2025-05-29,57220.49609375,57784.24482373769,56186.95675543925,56844.66360709155,3809000
2025-05-30,56844.6640625,57596.32904183884,55905.082838326445,57596.32904183884,2504500
2025-06-02,54965.50390625,55905.085169604696,54777.58765357906,55811.127043269225,1213000
2025-06-03,54965.50390625,55905.085169604696,54777.58765357906,55811.127043269225,1213000
2025-06-04,55247.375,55905.0818452381,54965.5006377551,55059.4587585034,1854400
2025-06-05,55529.25,56186.95685279188,54965.501269035536,55247.37563451777,1597500
2025-06-06,54871.54296875,55811.12418396832,54401.75236114084,55435.291697881,1662700
2025-06-09,51770.92578125,54307.795102654265,51489.05141220508,54025.92073360935,2904600
2025-06-10,51770.92578125,54307.795102654265,51489.05141220508,54025.92073360935,2904600
2025-06-11,52240.71484375,52522.58920441772,51583.00800219199,51676.96612241457,1717000
2025-06-12,52616.546875,52710.50499441964,51864.88191964286,52522.58875558036,1786500
2025-06-13,53086.3359375,53744.04275442477,52616.5453539823,52804.46158738938,1544900
2025-06-16,53180.296875,54025.91997018551,52428.631901501765,52428.631901501765,1679300
2025-06-17,53180.296875,54025.91997018551,52428.631901501765,52428.631901501765,1679300
2025-06-18,53086.3359375,53462.16840431416,52240.71288716814,53462.16840431416,1620000
2025-06-19,52146.7578125,53650.08776745496,52146.7578125,53368.2134009009,1953100
2025-06-20,51489.05078125,52522.59012174954,51395.092659386406,51958.84139056798,2206900
2025-06-23,52146.7578125,53744.045889639645,51958.84156813064,53086.33903434685,1413700
2025-06-24,52146.7578125,53744.045889639645,51958.84156813064,53086.33903434685,1413700
2025-06-25,52616.546875,52898.42123325893,51864.88191964286,52710.50499441964,2156900
2025-06-26,52428.6328125,53086.33967573925,51770.92594926075,52616.54905913978,1953500
2025-06-27,51958.83984375,52428.63043908228,51676.96548655063,52428.63043908228,1622800
2025-06-30,54401.75390625,54965.50265139248,52428.63329825129,52616.54954663212,4816800
2025-07-01,54401.75390625,54965.50265139248,52428.63329825129,52616.54954663212,4816800
2025-07-02,54025.921875,54965.503125,53462.173125,54965.503125,1894800
2025-07-03,56374.87109375,56374.87109375,53931.96001302084,54307.79248697917,6540000
2025-07-04,56844.6640625,57032.58030733471,54871.54349173554,56092.99908316116,5696700
2025-07-07,56750.70703125,57032.58140392177,56093.00016168253,56938.62327969785,2924200
2025-07-08,56750.70703125,57032.58140392177,56093.00016168253,56938.62327969785,2924200
2025-07-09,60346.21484375,60443.39071306361,58305.52158816425,58791.400934732286,4332500
2025-07-10,58888.57421875,58888.57421875,57916.815568275575,58499.87075856023,2669200
2025-07-11,59180.1015625,59568.805021038585,58499.870510057466,58985.7498332307,1853800
2025-07-14,57333.76171875,58597.0479939089,56847.88238215043,58597.0479939089,4484800
2025-07-15,57333.76171875,58597.0479939089,56847.88238215043,58597.0479939089,4484800
2025-07-16,56264.828125,57430.93855246114,56264.828125,57333.76268350605,3748800
2025-07-17,55778.94921875,56847.88378565985,55584.59747931185,56264.82856734539,2602100
2025-07-18,55487.41796875,56653.52832886383,55098.71451537872,56362.00073883538,3435800
2025-07-21,55390.2421875,56264.82495888158,54807.18700657895,56167.649095394736,2506200
2025-07-22,55390.2421875,56264.82495888158,54807.18700657895,56167.649095394736,2506200
2025-07-23,55487.41796875,55778.94555877845,54515.659335321805,55293.06624206436,3250300
2025-07-24,56167.65234375,56459.1799510705,55584.597129109,56167.65234375,2337600
2025-07-25,56264.828125,56459.17986291019,55681.77291126943,56362.00399395509,2072000
2025-07-28,56847.8828125,57236.58628472222,56264.82760416667,56847.8828125,4578100
2025-07-29,56847.8828125,57236.58628472222,56264.82760416667,56847.8828125,4578100
2025-07-30,54710.01171875,57236.58419599245,54515.65998973135,56945.05660246448,3535300
2025-07-31,55876.125,55876.125,54029.78347826087,54710.01456521739,2165900
2025-08-01,54612.8359375,55973.29804270463,54418.48420818505,55973.29804270463,1853200
2025-08-04,55390.2421875,55973.29736842105,54418.48355263158,54418.48355263158,1552700
2025-08-05,55390.2421875,55973.29736842105,54418.48355263158,54418.48355263158,1552700
2025-08-06,56750.70703125,57916.81744970034,54904.36553537029,55487.42074459546,8132400
2025-08-07,56945.05859375,57528.11380119454,56653.53099002773,56847.88272584257,3513800
2025-08-08,58305.51953125,58985.75059244792,57333.76087239583,57333.76087239583,6306200
2025-08-11,57236.5859375,59277.27915428692,57236.5859375,57916.81700976231,4330400
2025-08-12,57236.5859375,59277.27915428692,57236.5859375,57916.81700976231,4330400
2025-08-13,59082.92578125,59763.15683465255,57430.936080129526,57430.936080129526,6830600
2025-08-14,59180.1015625,59665.980885673234,57819.63945761494,59568.805021038585,3540700
2025-08-15,59471.62890625,59665.9806347018,58597.04612821691,59665.9806347018,4472300
2025-08-18,61512.32421875,61512.32421875,57528.11364533965,58208.34471884874,6959100
2025-08-19,61512.32421875,61512.32421875,57528.11364533965,58208.34471884874,6959100
2025-08-20,61220.796875,62678.434895833336,61026.44513888889,62192.55555555556,3626000
2025-08-21,60443.390625,61220.7975783762,56945.05933480707,61026.44584003215,4373000
2025-08-22,60637.7421875,60929.26979417067,59277.28002303686,60443.390449719554,2892700
2025-08-25,58694.22265625,60734.91582807327,58597.04679092509,60249.036501448674,3199600
2025-08-26,58694.22265625,60734.91582807327,58597.04679092509,60249.036501448674,3199600
2025-08-27,59957.5078125,59957.5078125,58305.51813209076,58597.045722751216,2267300
2025-08-28,64136.0703125,64136.0703125,60054.684019886365,60443.38747632576,9800200
2025-08-29,66954.171875,68023.106404209,64330.42348512337,65010.65454916546,6044200
2025-09-01,66954.171875,66954.171875,66954.171875,66954.171875,0
2025-09-02,66954.171875,66954.171875,66954.171875,66954.171875,0
2025-09-03,65496.53515625,67051.34904719956,65010.65581532826,67051.34904719956,3024100
2025-09-04,65496.53515625,67051.34904719956,65010.65581532826,67051.34904719956,3024100
2025-09-05,66565.46875,66954.17221715327,65205.0066149635,65399.35834854014,2471700
2025-09-08,64330.421875,66273.93915219033,64330.421875,64719.12533043807,3015200
2025-09-09,64330.421875,66273.93915219033,64330.421875,64719.12533043807,3015200
2025-09-10,66273.9375,66371.11336143695,64524.7719941349,64719.1237170088,3906800
2025-09-11,66759.8203125,68411.81004366813,65399.358180949785,66759.8203125,5264800
2025-09-12,66954.171875,66954.171875,65010.65454916546,66954.171875,2220500
2025-09-15,71715.7890625,71910.1407943767,67245.69922933604,67245.69922933604,6595600
2025-09-16,71715.7890625,71910.1407943767,67245.69922933604,67245.69922933604,6595600
2025-09-17,71910.140625,71910.140625,70452.5026393581,71910.140625,2961000
2025-09-18,71521.4375,72396.02029551631,70549.67883831522,71521.4375,2237000
2025-09-19,70938.3828125,71132.73454623288,68606.16200770548,70938.3828125,2861100
2025-09-22,69092.0390625,70841.20460838608,68217.45628955697,70452.50115374473,2542700
2025-09-23,69092.0390625,70841.20460838608,68217.45628955697,70452.50115374473,2542700
2025-09-24,67537.2265625,69286.39214253597,67148.52310026978,69286.39214253597,2147800
2025-09-25,68703.3359375,68994.86352987977,67245.69797560113,68314.63248099363,2324700
2025-09-26,69772.2734375,70258.15277898677,68800.51475452646,69092.04235941853,1965600
2025-09-29,67828.7578125,67925.93368329154,66565.4714922099,67925.93368329154,2787200
2025-09-30,67828.7578125,67925.93368329154,66565.4714922099,67925.93368329154,2787200
2025-10-01,65982.4140625,67828.75554583948,64719.127784425626,67828.75554583948,3464000
2025-10-02,64621.94921875,65982.4113075658,64330.42162828948,65302.1802631579,1995800
2025-10-03,64136.0703125,65399.35654592803,64136.0703125,64913.47722537879,1604100
2025-10-06,66079.5859375,66273.9376608456,64524.77215073529,64524.77215073529,1520500
2025-10-07,66079.5859375,66273.9376608456,64524.77215073529,64524.77215073529,1520500
2025-10-08,64621.94921875,66371.11476151316,64621.94921875,66371.11476151316,1263700
2025-10-09,65593.7109375,65593.7109375,64427.60052083334,65107.83159722223,1405900
2025-10-10,65399.359375,65593.71111162704,64136.07308692422,65593.71111162704,2633900
2025-10-13,65302.18359375,66565.46988351004,65205.007725306925,65302.18359375,2089700
2025-10-14,65302.18359375,66565.46988351004,65205.007725306925,65302.18359375,2089700
2025-10-15,66176.765625,66759.82082874449,65010.65521751101,65399.35868667401,2318500
2025-10-16,67051.3515625,69286.39661458334,61609.50274003623,66371.12045969203,3943600
2025-10-17,65593.7109375,67537.22829861111,65593.7109375,67537.22829861111,2467100
2025-10-20,61512.32421875,66079.58999802527,61512.32421875,66079.58999802527,5551000
2025-10-21,61512.32421875,66079.58999802527,61512.32421875,66079.58999802527,5551000
2025-10-22,64136.0703125,64427.59790482955,61609.49784564394,61901.02543797348,2308600
2025-10-23,65107.83203125,65302.18376865672,63455.84226329291,64136.07334421641,1993000
2025-10-24,65399.359375,67731.58021452451,64816.30416511887,65107.83177005944,2381400
2025-10-27,64621.94921875,65496.53199013158,63455.838856907896,65399.356126644736,1406800
2025-10-28,64621.94921875,65496.53199013158,63455.838856907896,65399.356126644736,1406800
2025-10-29,64621.94921875,64621.94921875,62192.55263157895,64524.77335526316,2080000
2025-10-30,67245.703125,68023.11009754335,63747.37174855491,64524.77872109826,3992400
2025-10-31,68508.984375,68606.1602393617,66856.99468085106,67828.75332446808,3451800
2025-11-03,66565.46875,68994.86541970803,65788.06181569342,66273.94114963504,3824900
2025-11-04,65399.359375,66176.76632150817,62289.731588967305,65690.88697994057,3771700
2025-11-05,65399.359375,66176.76632150817,62289.731588967305,65690.88697994057,3771700
2025-11-06,64233.24609375,65788.05991750189,64233.24609375,65107.82886961044,1890700
2025-11-07,61609.5,64330.42429022082,61220.79652996846,64233.24842271293,2325400
2025-11-10,59277.27734375,61803.84982069672,59277.27734375,61609.498091700814,2649000
2025-11-11,59277.27734375,60249.03598872951,57819.639376280735,59277.27734375,1523700
2025-11-12,60249.0390625,61220.79775705645,59665.983845766124,59763.15971522177,1117300
2025-11-13,61220.796875,62095.3796875,60346.2140625,60346.2140625,1573100
2025-11-14,60734.91796875,61317.97318125,60346.214493750005,61220.797312500006,766900
2025-11-17,61803.8515625,62192.555031446536,60734.91702289701,60734.91702289701,613100
2025-11-18,61706.67578125,62678.43445497047,61317.97231176181,61609.49991387795,1082300
2025-11-19,61415.1484375,62192.55537974684,60929.26909859573,61803.851908623416,906500
2025-11-20,60832.09375,61415.14896166134,60734.917881389774,61415.14896166134,756600
2025-11-21,61415.1484375,62095.379511965984,60151.86215634889,60734.917363034016,864500
2025-11-24,61123.62109375,61706.67630291137,61123.62109375,61415.14869833068,437700
2025-11-25,61123.62109375,61609.50043471781,60249.03828000795,61220.79696194356,1312100
2025-11-26,61609.5,61901.02760252366,60734.91719242902,61220.79652996846,1233200
2025-11-27,62095.37890625,62484.08237358177,61317.97197158646,61706.67543891823,1196000
2025-11-28,62192.5546875,62872.78575439453,61609.49948730469,62289.73055419922,1068200
2025-12-01,61706.67578125,62192.55511811024,60929.26884227362,62095.37925073819,561500
2025-12-02,60929.26953125,61026.4453997209,60151.862583482856,61026.4453997209,1273000
2025-12-03,60929.26953125,61026.4453997209,60540.56605736643,60929.26953125,1275500
2025-12-04,60929.26953125,61026.4453997209,60540.56605736643,60929.26953125,1275500
2025-12-05,59277.27734375,60734.91531121926,59277.27734375,60540.56358222336,1149500
2025-12-08,57819.640625,59957.509690126055,57430.93715861345,59957.509690126055,1698000
2025-12-09,56847.8828125,57819.64149305556,56264.82760416667,57819.64149305556,2522000
2025-12-10,56362.00390625,57236.586725484914,56167.65216864224,57042.23498787715,1255400
2025-12-11,56362.00390625,57139.41085668103,56362.00390625,56459.17977505388,1059300
2025-12-12,55778.94921875,56750.707915940766,55778.94921875,56459.180306783535,1206100
2025-12-15,56847.8828125,57139.410416666666,55293.06892361112,55876.124131944445,1515600
2025-12-16,57236.5859375,57528.113539898135,55681.772058043294,57042.23420256791,653600
2025-12-17,57042.234375,57430.93784603918,56556.35503620103,57042.234375,392700
2025-12-18,57042.234375,57430.93784603918,56556.35503620103,57042.234375,392700
2025-12-19,57819.640625,57819.640625,56362.00262605042,56750.70609243698,721500
2025-12-22,57819.640625,58402.69582457984,57528.113025210085,57819.640625,599700
2025-12-23,57819.640625,58791.39929096639,57819.640625,58791.39929096639,807300
2025-12-24,58305.51953125,58402.695397135416,57236.58500651042,57430.93673828125,1051600
2025-12-25,58305.51953125,58402.695397135416,57236.58500651042,57430.93673828125,1051600
2025-12-26,57819.640625,58499.87169117647,56847.88195903361,58305.5199579832,819700
2025-12-29,59568.8046875,59568.8046875,57722.46326977977,57722.46326977977,1398500
2025-12-30,60054.68359375,60249.03532059061,59277.27668638754,59277.27668638754,1094900
2025-12-31,59277.27734375,60249.03598872951,59277.27734375,60249.03598872951,318600
2026-01-01,59277.27734375,59277.27734375,59277.27734375,59277.27734375,0
2026-01-02,59277.27734375,59277.27734375,59277.27734375,59277.27734375,0
2026-01-05,58888.57421875,59471.62940903466,58597.04662360768,59277.27767893977,636500
2026-01-06,58694.22265625,59471.62957884934,58597.04679092509,58888.57438689983,711700
2026-01-07,60929.26953125,61317.97300513357,58499.87281947767,58597.04868794857,2595000
2026-01-08,61220.796875,61512.324479166666,60151.86232638889,60929.26927083333,1995300
2026-01-09,60249.0390625,61415.14949596774,60249.0390625,61220.79775705645,820800
2026-01-12,61220.796875,61803.85208333334,60637.74166666667,60637.74166666667,1240600
2026-01-13,61123.62109375,62192.555643879175,60832.09348916932,61026.44522555644,1020900
2026-01-14,61220.796875,61998.20381944445,60832.09340277778,61415.14861111112,1537600
2026-01-15,61706.67578125,62095.37925073819,61220.796444389765,61415.14817913386,933500
2026-01-16,62095.37890625,64136.072109741785,61317.97197158646,61706.67543891823,1894500
2026-01-19,61998.203125,62581.258326802505,61803.85139106583,62581.258326802505,966900
2026-01-20,66273.9375,66273.9375,61901.02373533724,62192.5513196481,4470900
2026-01-21,68508.984375,69189.21542553192,66565.46708776595,66565.46708776595,5343400
2026-01-22,68023.109375,68606.16459821428,66759.8230580357,68606.16459821428,2686400
2026-01-23,66565.46875,68120.28261861314,64719.12728102189,68120.28261861314,2548100
2026-01-26,62192.5546875,66273.94108886718,62192.5546875,65885.23762207032,3116600
2026-01-27,63941.71875,63941.71875,61512.32214095745,61512.32214095745,1214600
2026-01-28,63941.71875,64233.24634308511,63067.13597074468,63747.367021276594,825100
2026-01-29,65982.4140625,65982.4140625,63358.66563880707,63358.66563880707,995300
2026-01-30,66565.46875,68023.10675182482,65107.830748175176,66079.58941605838,1901300
2026-02-02,66273.9375,67051.3443914956,64719.1237170088,66662.6409457478,1992700
2026-02-03,70841.203125,70841.203125,67245.69624485596,67245.69624485596,7662200
2026-02-04,71229.90625,72881.89589017734,70646.85108287858,70646.85108287858,2081200
2026-02-05,69092.0390625,72201.6666996308,69092.0390625,70938.38047204641,1906200
2026-02-06,69480.7421875,70938.38013548951,68217.45596590909,68703.33528190559,2870600
2026-02-09,69286.390625,70744.02857643759,67440.04921984572,70452.50098615007,1312200
2026-02-10,68994.8671875,69480.74653389085,66759.82219410212,68508.98784110915,2071700
2026-02-11,69286.390625,69286.390625,67925.92853699159,69092.03889814166,1317000
2026-02-12,72396.0234375,72687.55104865771,69383.5714555369,69383.5714555369,4712200
2026-02-13,72881.8984375,72881.8984375,71424.26046875,71424.26046875,1367700
2026-02-16,72881.8984375,72881.8984375,72881.8984375,72881.8984375,0
2026-02-17,72881.8984375,72881.8984375,72881.8984375,72881.8984375,0
2026-02-18,72881.8984375,72881.8984375,72881.8984375,72881.8984375,0
2026-02-19,72881.8984375,72881.8984375,72881.8984375,72881.8984375,0
2026-02-20,72881.8984375,72881.8984375,72881.8984375,72881.8984375,0
2026-02-23,73367.78125,73367.78125,71910.14321192053,73367.78125,1301200
2026-02-24,77546.34375,78129.39896616542,73173.4296287594,73562.13310620301,5158600
2026-02-25,77740.6953125,78129.3987890625,76866.11249023437,77740.6953125,2200800
2026-02-26,79101.15625,81530.55294072481,77254.81476504914,77935.04583845209,3045200
2026-02-27,82016.4296875,82696.66073941055,78518.09856338863,80267.26412544432,4404500
2026-03-02,78712.453125,86972.40190972222,78712.453125,82210.784375,4966700
2026-03-03,78712.453125,86972.40190972222,78712.453125,82210.784375,4966700
2026-03-04,76768.9375,79684.21360759494,73950.83726265823,79684.21360759494,3968900
2026-03-05,75116.9453125,78032.22132721539,74922.59357818564,77060.4626556436,2754000
2026-03-06,75797.171875,76768.93048878205,73756.47878605769,74825.41326121795,2309900
2026-03-09,70549.6796875,71910.14183023416,70549.6796875,70938.38315685261,1543700
2026-03-10,69480.7421875,71715.78704108391,68217.45596590909,71424.25945148601,3030800
2026-03-11,74339.5390625,74339.5390625,68703.33871527779,68703.33871527779,4175300
2026-03-12,74631.0625,75894.3487141927,73173.42456054688,74145.18318684895,1764300
2026-03-13,73756.484375,75408.47414361002,72979.07742506587,74145.18784996706,1667700
2026-03-16,71910.140625,74048.00967060811,70646.85437077703,73853.65793918919,1408100
2026-03-17,73853.65625,74145.18384046052,71521.43552631579,72784.72175164474,1640500
2026-03-18,77157.640625,77643.51997402393,74145.18866105164,75505.65083831864,2269800
2026-03-19,74339.5390625,76283.05642361111,73950.83559027778,76283.05642361111,1474400
2026-03-20,75019.765625,75797.17252266839,72979.07251862047,74339.53458954016,1566000
2026-03-23,69966.625,73756.48385416667,69869.44913194445,72396.02170138889,2389200
2026-03-24,71812.96875,72590.37571887686,71132.73765223275,71910.1446211096,614000
2026-03-25,75019.765625,75214.1173494171,72298.84148316062,72298.84148316062,1417700
2026-03-26,75602.8203125,75602.8203125,71910.13757230077,75116.94100457904,2235400
2026-03-27,76283.0546875,76574.58228503185,74436.71323646497,75602.82362659236,2122600
2026-03-30,76283.0546875,77546.34094347134,74533.88910230892,75116.94429737261,1378300
2026-03-31,77254.8125,78518.09874213836,75699.99866352201,76574.58144654088,1966400
2026-04-01,75214.1171875,78615.2723574774,74533.88615350453,78615.2723574774,2333600
2026-04-02,71910.140625,74631.06486486486,69966.62331081081,73950.83380489865,4951700
2026-04-03,68703.3359375,71910.1394536775,67925.92902448727,71910.1394536775,3641400
2026-04-06,69189.21875,69869.44983321629,68411.8117977528,68897.69114290731,1230800
2026-04-07,69869.4453125,70452.50048896036,68217.45564586231,69480.74186152643,1308700
2026-04-08,72396.0234375,72979.07865981544,70646.85777055369,71229.91299286913,2957300
2026-04-09,71521.4375,72298.84442934782,71132.7340353261,72201.66856317935,691100
2026-04-10,70549.6796875,72201.66943224861,70549.6796875,71618.6142282197,854000
2026-04-13,71229.90625,71715.78555593452,68994.86144270122,69480.74074863574,1237600
2026-04-14,72298.84375,73270.60240255376,71327.08509744624,71327.08509744624,1978000
2026-04-15,72201.671875,73076.25471063258,71715.7925218708,72881.90296938088,1076100
2026-04-16,71521.4375,72979.07549252718,71424.26163383153,72104.49269701088,1374800
2026-04-17,72493.1953125,73853.65742292225,72104.49185237936,72493.1953125,1521300
2026-04-20,72104.4921875,73562.1301697271,71910.14045653639,72881.89911135445,692900
2026-04-21,71910.140625,73173.42687922297,71812.96475929054,72687.54755067568,769900
2026-04-22,71424.265625,72201.67259778912,71132.73801020408,72007.32085459183,890600
2026-04-23,72104.4921875,73367.77843876347,71424.26112912736,71618.61286009097,1368000
2026-04-24,72881.8984375,73464.95362500001,72104.49152083334,72104.49152083334,2246700
2026-04-27,72881.8984375,72881.8984375,72881.8984375,72881.8984375,0
2026-04-28,72881.8984375,73464.95362500001,72298.84325,73464.95362500001,794200
2026-04-29,73173.4296875,73659.30903469455,72396.0227319887,72784.72620974436,821700
2026-04-30,73173.4296875,73173.4296875,73173.4296875,73173.4296875,0
2026-05-01,73173.4296875,73173.4296875,73173.4296875,73173.4296875,0
2026-05-04,72979.078125,73659.30921271638,72396.0229069574,73659.30921271638,708200
2026-05-05,75408.46875,75602.82047358248,72979.07220521907,73173.42392880155,2691200
2026-05-06,76185.8828125,76283.05868343431,75214.1241031569,75505.65171595983,1059400
2026-05-07,77254.8125,78323.74701257862,76283.05385220125,77060.46077044024,2649000
2026-05-08,78420.921875,78712.44946561339,76380.22874070633,77449.16323962207,1915800
2026-05-11,77449.1640625,78712.45030191343,77351.98819792974,78712.45030191343,1714800
2026-05-12,79295.5078125,79684.21128216913,76963.2869944853,77351.99046415441,1792800
2026-05-13,79295.5078125,80170.09061925551,78712.45260799633,79295.5078125,1525700
2026-05-14,79003.9765625,79489.85587715253,78615.27311077798,79198.32828836101,1052000
2026-05-15,77643.515625,79198.32945478724,77254.81216755319,79198.32945478724,1161500
2026-05-18,77449.1640625,78518.0985727729,77351.98819792974,77643.51579164053,892700
2026-05-19,76671.7578125,77935.04406289608,76283.05435083967,77351.98887040558,1394700
2026-05-20,75700.0,77351.98973042362,72979.0757381258,77351.98973042362,1354500
2026-05-21,74500.0,76300.0,73700.0,76100.0,661100
2026-05-22,73600.0,74600.0,72900.0,74400.0,849500
2026-05-25,74600.0,75300.0,73000.0,73500.0,537700
2026-05-26,75500.0,76000.0,74000.0,75100.0,834900
2026-05-27,74900.0,76500.0,73600.0,76500.0,1162200
2026-05-28,72500.0,74800.0,72500.0,74200.0,1055100
2026-05-29,72300.0,73000.0,72000.0,72500.0,320000
2026-06-01,73300.0,73300.0,71900.0,72300.0,360700
2026-06-02,73300.0,73300.0,72200.0,73300.0,657500
2026-06-03,73300.0,73800.0,72200.0,73000.0,933600
2026-06-04,76100.0,77100.0,72500.0,72500.0,1816600
2026-06-05,76200.0,77200.0,76000.0,76100.0,509700
2026-06-08,76000.0,77100.0,75000.0,76300.0,996500
2026-06-09,76000.0,77000.0,75700.0,76000.0,836500
2026-06-10,75600.0,76500.0,74600.0,75700.0,919600
2026-06-11,75600.0,75800.0,75100.0,75100.0,167200
2026-06-12,76000.0,76400.0,75300.0,76300.0,490300
2026-06-15,79600.0,79900.0,76200.0,76600.0,4151300
2026-06-16,79600.0,80000.0,78800.0,79900.0,611300
2026-06-17,78800.0,79900.0,78400.0,79900.0,761200
2026-06-18,77600.0,79000.0,77300.0,78900.0,930700
2026-06-19,77000.0,78500.0,75800.0,78500.0,1128600
2026-06-22,75600.0,77200.0,75200.0,76100.0,1123700
2026-06-23,76400.0,76900.0,75200.0,75900.0,826800
2026-06-24,75000.0,76300.0,74500.0,76000.0,715200
2026-06-25,73000.0,75200.0,72800.0,74800.0,1438200
2026-06-26,73000.0,73300.0,72600.0,73000.0,640300
2026-06-29,73600.0,73800.0,72400.0,73000.0,759300
2026-06-30,73600.0,74700.0,73200.0,74000.0,773500
2026-07-01,73600.0,74700.0,73200.0,74000.0,773500
2026-07-02,75300.0,76000.0,74200.0,74600.0,1585600
2026-07-03,76400.0,76500.0,73900.0,75000.0,1759700
2026-07-06,77200.0,78200.0,75300.0,76300.0,2115500
2026-07-07,76000.0,77300.0,75800.0,77200.0,1718400
2026-07-08,77400.0,77400.0,75800.0,76200.0,1249600
2026-07-09,76100.0,77100.0,76100.0,77000.0,810100
2026-07-10,75300.0,76500.0,73400.0,74400.0,2176400
2026-07-13,75300.0,77100.0,74200.0,75400.0,1519700
2026-07-14,77500.0,77800.0,75000.0,75300.0,2417600
2026-07-15,77000.0,77400.0,76500.0,77100.0,726100
2026-07-16,79000.0,79300.0,75800.0,77000.0,2607300
2026-07-17,77500.0,79000.0,76400.0,79000.0,990500
2026-07-20,76000.0,77100.0,75300.0,76700.0,923100
2026-07-21,76000.0,77400.0,75700.0,76000.0,874700
2026-07-22,76000.0,76000.0,76000.0,76000.0,0
2026-07-23,72000.0,72200.0,67000.0,71900.0,3404000
2026-07-24,73200.0,73200.0,70600.0,72000.0,1829400
2026-07-27,72300.0,73800.0,72200.0,73000.0,900100
2026-07-28,72900.0,73400.0,71500.0,72000.0,829700
2026-07-29,73800.0,74000.0,72900.0,73000.0,664000
2026-07-30,76400.0,76500.0,73800.0,73800.0,1393600
2026-07-31,77000.0,77000.0,74500.0,77000.0,2208100
2026-08-03,77100.0,78300.0,76100.0,76400.0,1094000
2026-08-04,76500.0,77400.0,76200.0,77200.0,503100
2026-08-05,76200.0,77200.0,75800.0,76900.0,1064800
2026-08-06,77100.0,78400.0,76200.0,76200.0,1066200
2026-08-07,77200.0,77900.0,76900.0,76900.0,579000
2026-08-10,78200.0,82000.0,77300.0,78300.0,3401300
2026-08-11,77400.0,78500.0,77200.0,78200.0,521800
2026-08-12,77200.0,78200.0,76500.0,77400.0,873200
2026-08-13,78500.0,79800.0,76400.0,77000.0,2129900
2026-08-14,78500.0,78500.0,78500.0,78500.0,0
2026-08-17,78800.0,79900.0,78300.0,78700.0,1731100
2026-08-18,79500.0,79800.0,78700.0,79000.0,2045500
