Price,Close,High,Low,Open,Volume
Ticker,GVR.VN,GVR.VN,GVR.VN,GVR.VN,GVR.VN
Date,,,,,
2020-03-17,9820.8779296875,10083.937159946989,8417.89536830357,9207.073059082031,1626550
2020-03-18,9207.0732421875,10083.937360491072,9163.230036272322,10083.937360491072,1432550
2020-03-19,8593.2685546875,9031.700623804209,8593.2685546875,9031.700623804209,858400
2020-03-20,8005.77001953125,8768.641861480011,7997.00137766977,8593.26902425041,1380930
2020-03-23,7453.3447265625,7567.337057674632,7453.3447265625,7558.568416819852,1698240
2020-03-24,7628.71826171875,7795.322453641344,7234.129386112608,7234.129386112608,683830
2020-03-25,7804.0908203125,7979.463647735253,7637.486634260886,7716.404406601124,1559590
2020-03-26,7497.1884765625,7883.008702256944,7497.1884765625,7716.404513888889,811930
2020-03-27,7418.2705078125,7891.777135970744,7330.584095190602,7541.031485483156,612810
2020-03-30,7277.97216796875,7541.031402955573,6900.920597820972,7234.128962137614,1792710
2020-03-31,7348.12158203125,7628.718110223373,7014.913204803102,7014.913204803102,572600
2020-04-01,7505.95751953125,7523.494803455388,7102.599989276066,7348.121964214004,262480
2020-04-02,7505.95751953125,7505.95751953125,7505.95751953125,7505.95751953125,0
2020-04-03,7628.71826171875,7804.09109532148,7453.34542811602,7541.031844917385,356910
2020-04-06,7979.46337890625,7979.46337890625,7672.56094125601,7716.404146634615,591020
2020-04-07,7856.7021484375,7979.463119506836,7725.172536577497,7979.463119506836,277730
2020-04-08,7883.0087890625,7883.0087890625,7716.404598859845,7804.091014755979,212500
2020-04-09,8286.365234375,8356.514358052249,7970.694177827381,7979.462818287037,574950
2020-04-10,8856.328125,8856.328125,8680.955290841584,8724.798499381188,934920
2020-04-13,8900.169921875,9470.131542487685,8900.169921875,9470.131542487685,2160110
2020-04-14,9470.1318359375,9513.975038881656,8768.640588831018,9119.38621238426,957110
2020-04-15,9777.0361328125,9908.565766886211,9207.074385159754,9207.074385159754,788140
2020-04-16,9470.1318359375,9777.034256546583,9294.75902416088,9645.50464771412,634220
2020-04-17,9470.1318359375,9777.034256546583,9382.445430049189,9689.347850658274,649460
2020-04-20,9382.4462890625,9864.721565603097,9382.4462890625,9645.505530811915,1221230
2020-04-21,8733.56640625,9382.44583803966,8733.56640625,9294.759428338351,1336580
2020-04-22,8812.484375,9119.386815920398,8417.89552238806,8505.581934079602,867890
2020-04-23,8856.328125,9075.54416769802,8768.641707920793,9031.700959158416,653970
2020-04-24,8733.56640625,8900.17058468248,8724.797765279869,8856.327379831828,837180
2020-04-27,9338.603515625,9338.603515625,8856.328216696009,8856.328216696009,1663520
2020-04-28,9470.1318359375,9820.87745949074,9382.445430049189,9645.50464771412,1444690
2020-04-29,9777.0361328125,9952.408978244115,9470.133653307175,9470.133653307175,1497360
2020-04-30,9777.0361328125,9777.0361328125,9777.0361328125,9777.0361328125,0
2020-05-01,9777.0361328125,9777.0361328125,9777.0361328125,9777.0361328125,0
2020-05-04,9382.4462890625,9645.505530811915,9294.759875146028,9557.819116895444,951850
2020-05-05,9733.193359375,9820.879786036036,8768.642666103604,9382.447652730856,1071460
2020-05-06,10390.8408203125,10390.8408203125,9777.035877340451,9777.035877340451,2682000
2020-05-07,10960.8017578125,11092.331378906249,10346.996859375,10522.3696875,2699550
2020-05-08,10522.3701171875,11048.488623046876,10522.3701171875,10960.802205403645,1499440
2020-05-11,10873.115234375,10960.801647555443,10303.153548702116,10478.526375063004,1857810
2020-05-12,10960.8017578125,11180.017792968749,10566.212894531249,10697.742515625,1423970
2020-05-13,11048.4873046875,11486.919340587798,10873.114490327382,10960.80089750744,3516310
2020-05-14,10785.427734375,11048.486947408535,10785.427734375,11048.486947408535,1400950
2020-05-15,10785.427734375,10785.427734375,10785.427734375,10785.427734375,0
2020-05-18,10785.427734375,10785.427734375,10785.427734375,10785.427734375,0
2020-05-19,11180.017578125,11180.017578125,10785.428722426472,11092.33116574755,2001060
2020-05-20,11180.017578125,11180.017578125,11180.017578125,11180.017578125,0
2020-05-21,11223.861328125,11618.450202941896,11136.174911499023,11311.547744750977,2381570
2020-05-22,10960.8017578125,11267.70420703125,10873.11534375,11136.1745859375,1401180
2020-05-25,11486.9208984375,11530.764107973522,10873.115964933206,11048.48880307729,3891580
2020-05-26,11793.822265625,11793.822265625,11443.07662203764,11706.13585472816,2026130
2020-05-27,11136.173828125,11574.605868602364,11136.173828125,11574.605868602364,2320830
2020-05-28,11180.017578125,11311.547196691175,11004.6447533701,11092.33116574755,1925610
2020-05-29,11180.017578125,11311.547196691175,11092.33116574755,11136.174371936277,1380440
2020-06-01,11267.7041015625,11355.390514804232,11223.860894941634,11223.860894941634,1375080
2020-06-02,11004.6435546875,11355.38916599228,10960.800353274402,11267.702763166086,1401600
2020-06-03,11399.2333984375,11399.2333984375,10960.801344651443,11004.644550030049,1682780
2020-06-04,11136.173828125,11530.762664554626,11136.173828125,11399.23305241142,1429580
2020-06-05,11311.546875,11311.546875,11048.487645348838,11136.174055232555,1368660
2020-06-08,11311.546875,11311.546875,11311.546875,11311.546875,0
2020-06-09,11311.546875,11311.546875,11311.546875,11311.546875,0
2020-06-10,11618.4501953125,11969.195861586086,11530.763778744104,11969.195861586086,2746460
2020-06-11,10960.8017578125,11881.50910546875,10960.8017578125,11618.44986328125,3535100
2020-06-12,10653.8994140625,10916.958658854166,10346.996961805557,10522.369791666666,3343630
2020-06-15,10873.115234375,11399.23371345766,10741.585614604335,10960.801647555443,3865010
2020-06-16,11180.017578125,11399.233609068628,11092.33116574755,11399.233609068628,1094900
2020-06-17,10873.115234375,11223.860887096776,10873.115234375,11223.860887096776,1329740
2020-06-18,10785.427734375,11223.85975609756,10610.054925685976,10610.054925685976,1281740
2020-06-19,11048.4873046875,11180.016915457589,10916.957693917411,10916.957693917411,1155640
2020-06-22,10916.9580078125,11136.174032065765,10873.114802961849,11136.174032065765,1125510
2020-06-23,11004.6435546875,11223.859561752988,10829.27074903511,10916.957151861305,1512990
2020-06-24,10785.427734375,11048.486947408535,10741.584532202744,11048.486947408535,967980
2020-06-25,10566.212890625,10785.428925700207,10566.212890625,10697.742511670123,1042720
2020-06-26,10434.6845703125,10829.27348263524,10434.6845703125,10610.05742023372,1459690
2020-06-29,9996.2509765625,10522.369449013158,9908.564564487391,10434.68303693805,2278110
2020-06-30,9645.5068359375,10303.155029296877,9645.5068359375,9996.2525390625,1132600
2020-07-01,10083.9375,10171.62391304348,9689.348641304348,9689.348641304348,736830
2020-07-02,10127.7802734375,10259.309887378247,9952.407454849836,9996.250659496753,878030
2020-07-03,10215.4658203125,10390.83862409469,10171.622619366954,10171.622619366954,1155100
2020-07-06,10434.6845703125,10434.6845703125,10259.31172039128,10346.99814535189,575100
2020-07-07,10215.4658203125,10478.525025985784,10171.622619366954,10434.681825040236,1010980
2020-07-08,10215.4658203125,10346.99542314914,9996.249815584764,10215.4658203125,833270
2020-07-09,10390.8408203125,10390.8408203125,10215.467979463345,10215.467979463345,988260
2020-07-10,10390.8408203125,10390.8408203125,10390.8408203125,10390.8408203125,0
2020-07-13,10434.6845703125,10829.27348263524,10434.6845703125,10434.6845703125,1994010
2020-07-14,10610.0546875,10785.427492252064,10522.368285123966,10610.0546875,1279860
2020-07-15,10610.0546875,10610.0546875,10610.0546875,10610.0546875,0
2020-07-16,10566.212890625,10741.585718685166,10522.36968360996,10653.899304655084,751420
2020-07-17,10610.0546875,10741.58429106405,10434.681882747936,10478.52508393595,900470
2020-07-20,10610.0546875,10916.957095816117,10566.211486311984,10610.0546875,1427490
2020-07-21,10478.52734375,10697.743396966527,10434.684133106695,10697.743396966527,755830
2020-07-22,10303.154296875,10610.056765292553,10259.311087101063,10478.527135970744,730770
2020-07-23,10083.9375,10303.153532608696,10083.9375,10259.310326086958,1064300
2020-07-24,9645.5068359375,10434.68466796875,9645.5068359375,10127.782177734374,2730370
2020-07-27,8987.8583984375,9382.447303734756,8987.8583984375,9207.074456935976,2885330
2020-07-28,9294.759765625,9294.759765625,8812.484494767099,8812.484494767099,1756390
2020-07-29,8987.8583984375,9075.544821836893,8645.881347179879,8768.642339939024,1869490
2020-07-30,8856.328125,9031.700959158416,8812.484916460397,8944.014542079209,1120870
2020-07-31,8768.640625,8987.856640625001,8593.2678125,8593.2678125,998760
2020-08-03,9075.5439453125,9075.5439453125,8768.641493055555,8768.641493055555,820600
2020-08-04,9163.23046875,9294.760092703347,9075.5440527811,9207.07367673445,995960
2020-08-05,9338.603515625,9513.976351599178,9031.701052670189,9163.230679650822,1450080
2020-08-06,9294.759765625,9426.28938494988,9250.916559183372,9250.916559183372,608120
2020-08-07,9294.759765625,9382.446178508257,9207.073352741743,9250.916559183372,631730
2020-08-10,9777.0361328125,9908.565766886211,9294.76080787556,9338.604019233464,2894230
2020-08-11,9733.193359375,9864.722999366551,9645.506932713964,9864.722999366551,737560
2020-08-12,9733.193359375,9777.036572705518,9645.506932713964,9733.193359375,597590
2020-08-13,9645.5068359375,9996.2525390625,9645.5068359375,9733.19326171875,1959970
2020-08-14,9557.818359375,9777.034376791858,9470.131952408256,9645.504766341744,974910
2020-08-17,9601.662109375,9601.662109375,9382.446079480593,9557.81890339612,750960
2020-08-18,9689.349609375,9864.722452983597,9557.819976668552,9601.6631875707,1218730
2020-08-19,10083.9375,10259.310326086958,9777.035054347827,9820.878260869566,2352360
2020-08-20,10259.310546875,10346.996961805557,10083.937717013889,10083.937717013889,2233930
2020-08-21,10390.8408203125,10434.68403052479,10171.624769251055,10259.311189675633,1617030
2020-08-24,10478.52734375,10610.056975679916,10390.840922463389,10522.370554393308,1577760
2020-08-25,10303.154296875,10522.37034574468,10303.154296875,10522.37034574468,1301610
2020-08-26,10434.6845703125,10653.900632714023,10215.468507910977,10215.468507910977,1924850
2020-08-27,10829.271484375,10916.957893155364,10478.525849253543,10478.525849253543,2316970
2020-08-28,10566.212890625,10916.958546745333,10566.212890625,10829.27213271525,1574520
2020-08-31,10390.8408203125,10653.900081586236,10303.154399887922,10610.056871373945,1824490
2020-09-01,10653.8994140625,10653.8994140625,10259.310546875,10346.996961805557,1998840
2020-09-02,10653.8994140625,10653.8994140625,10653.8994140625,10653.8994140625,0
2020-09-03,10653.8994140625,10741.585828993057,10566.212999131943,10697.742621527776,1000990
2020-09-04,10522.3701171875,10566.213326009114,10390.840490722656,10434.68369954427,1132370
2020-09-07,10434.6845703125,10697.743845194327,10346.99814535189,10434.6845703125,1491100
2020-09-08,10697.7421875,10960.801421618851,10522.3693647541,10566.212570440572,4063740
2020-09-09,10873.115234375,10960.801647555443,10697.742408014112,10697.742408014112,2240400
2020-09-10,11223.861328125,11267.704536437988,10873.115661621094,11004.64528656006,2360230
2020-09-11,11223.861328125,11223.861328125,11223.861328125,11223.861328125,0
2020-09-14,11048.4873046875,11267.703322637648,11048.4873046875,11223.860119047618,2150970
2020-09-15,10960.8017578125,11223.861,10873.11534375,11136.1745859375,2087430
2020-09-16,11092.3310546875,11180.017466187006,10916.958231688488,10960.801437438242,1136120
2020-09-17,11180.017578125,11267.703990502452,11048.487959558825,11136.174371936277,1206290
2020-09-18,11180.017578125,11223.860784313723,11136.174371936277,11180.017578125,959790
2020-09-21,11267.7041015625,11399.233721425098,11136.174481699903,11223.860894941634,1928720
2020-09-22,11267.703125,11359.684375,11175.721875,11359.684375,1392490
2020-09-23,11129.7314453125,11313.693948540806,11083.740819505423,11313.693948540806,1441290
2020-09-24,11129.7314453125,11267.703322733729,11037.750193698346,11037.750193698346,1267760
2020-09-25,11083.7421875,11175.723450466803,11037.751556016598,11129.732818983402,615730
2020-09-28,11175.72265625,11175.72265625,11083.74139981996,11083.74139981996,1059040
2020-09-29,11175.72265625,11543.647681970164,11129.73202803498,11313.69454089506,3437390
2020-09-30,11359.6845703125,11405.67519610324,11083.740815568066,11175.722067149543,1047030
2020-10-01,11359.6845703125,11497.656447684716,11313.69394452176,11497.656447684716,1186560
2020-10-02,11267.703125,11405.675,10899.778125,11359.684375,2204010
2020-10-05,11957.5634765625,12049.54473407452,11267.704045222355,11359.685302734377,5306360
2020-10-06,11865.58203125,12325.488311531008,11819.5914032219,12141.525799418603,2550590
2020-10-07,11727.6103515625,11865.582238051473,11681.619722732845,11681.619722732845,1706390
2020-10-08,12187.5166015625,12279.497858932784,11681.619686025944,11819.591572081368,5940910
2020-10-09,12601.4326171875,12693.41387716697,12233.507577269616,12325.488837249088,5300430
2020-10-12,12555.4423828125,13015.348697201236,12463.461119934753,12601.433014251374,5012600
2020-10-13,12877.3759765625,12969.357233537943,12279.497806222098,12509.450948660711,4789720
2020-10-14,12601.4326171875,13061.338917084851,12509.451357208029,12877.376397125912,4932320
2020-10-15,12463.4609375,12739.404722094096,12325.489045202952,12739.404722094096,5368820
2020-10-16,12831.384765625,12831.384765625,12279.497248823924,12509.450380824372,5393350
2020-10-19,13613.2255859375,13659.216212917016,12831.384927285684,13015.347435203756,6244920
2020-10-20,13567.236328125,13981.152012711864,13383.27380164195,13613.226959745763,3392500
2020-10-21,13061.3388671875,13567.235795141944,13061.3388671875,13567.235795141944,5007720
2020-10-22,13153.3193359375,13153.3193359375,12785.39431954764,12923.366200693838,4576950
2020-10-23,13199.310546875,13475.25432137413,12923.366772375872,13153.319917791812,3363120
2020-10-26,13153.3193359375,13705.20686052229,13153.3193359375,13429.263098229896,3825590
2020-10-27,12969.357421875,13245.30119680851,12923.366792719416,13153.31993849734,2472800
2020-10-28,12325.4873046875,13337.281038654384,12325.4873046875,12923.365420213386,5397380
2020-10-29,12601.4326171875,12785.39513714644,12141.526317290143,12417.470097228555,4416080
2020-10-30,13015.3486328125,13061.33926402385,12601.432951910336,12785.395476755742,3448190
2020-11-02,13429.2646484375,13429.2646484375,13107.33022193386,13199.311486649189,5148980
2020-11-03,14257.0947265625,14349.075982862903,13429.263419858871,13475.254048009072,11245530
2020-11-04,14257.0947265625,14349.075982862903,13935.160329511087,14165.113470262097,4661700
2020-11-05,13705.20703125,14119.1226798448,13705.20703125,14027.14142460151,6436840
2020-11-06,14027.142578125,14165.114472336069,13705.20815829918,13705.20815829918,3208490
2020-11-09,14165.115234375,14211.10586825284,13843.180797230114,14027.143332741478,4668100
2020-11-10,14533.0390625,14854.973472112342,14027.142133109175,14165.114022943038,6147770
2020-11-11,14992.9462890625,15038.936921851036,14395.06806281154,14533.039961177146,5176010
2020-11-12,15590.822265625,15636.812891777286,15038.934751797566,15176.906630254423,5971020
2020-11-13,15636.8134765625,15866.766615923712,15314.8790814568,15544.832220818014,5142170
2020-11-16,15406.861328125,15590.823851445895,15130.917543143658,15590.823851445895,6529880
2020-11-17,16464.64453125,16464.64453125,15268.888224511174,15544.83198760475,6667140
2020-11-18,17476.439453125,17476.439453125,16418.654959909538,16464.645590049342,5218420
2020-11-19,17752.3828125,17752.3828125,17016.53274773316,17476.439038212437,5577100
2020-11-20,17476.439453125,17798.373864103618,17154.505042146382,17752.383233963814,2787350
2020-11-23,17016.533203125,17384.45824535473,16878.56131228885,17154.50509396115,4154160
2020-11-24,16832.5703125,17154.50471738388,16372.664019808744,17016.532829576503,5685550
2020-11-25,17384.45703125,17476.438285383596,16924.55076058201,17200.494522982804,3225870
2020-11-26,17844.361328125,17936.34257208441,17430.445730307667,17568.417596246778,5644050
2020-11-27,17522.431640625,17844.366080216536,17522.431640625,17752.38481176181,2977160
2020-11-30,17108.515625,17660.40322580645,17108.515625,17660.40322580645,3181380
2020-12-01,17154.505859375,17246.48712403653,16648.608903736596,16648.608903736596,3758590
2020-12-02,17292.4765625,17568.420337433512,17016.532787566488,17200.49530418883,3181530
2020-12-03,17246.486328125,17430.448848958335,17108.514437499998,17292.476958333333,2618260
2020-12-04,18442.240234375,18442.240234375,17246.484009702308,17476.43712983167,6208970
2020-12-07,18672.1953125,19362.05474522784,18672.1953125,18856.15782789409,4335970
2020-12-08,18672.1953125,18994.129714439656,18488.23279710592,18810.16719904557,3509780
2020-12-09,18810.166015625,19592.00665686125,18488.23163393949,18488.23163393949,5111400
2020-12-10,18350.259765625,19132.10040726817,18304.26913964599,18764.17539943609,3775710
2020-12-11,19224.08203125,19316.06328498804,18304.26949386962,18488.232001345696,4719070
2020-12-14,20557.810546875,20557.810546875,19316.06360109061,19316.06360109061,5534040
2020-12-15,21385.64453125,21845.550865255376,20373.850596438173,20695.785030241936,4905500
2020-12-16,21431.6328125,21845.54846767704,21247.670299087986,21385.642184147,3528920
2020-12-17,22075.501953125,22673.38013102213,20971.72685546875,21155.6893717448,4909320
2020-12-18,23317.25,23317.25,22351.44674556213,22903.334319526624,3881450
2020-12-21,24926.921875,24926.921875,24007.109259686345,24099.09052121772,3351680
2020-12-22,26628.57421875,26628.57421875,26306.639815414503,26628.57421875,1853210
2020-12-23,25386.828125,28468.200379302536,24788.949926403988,28468.200379302536,3522880
2020-12-24,25018.900390625,26674.562916475184,23639.18161908318,26674.562916475184,9525620
2020-12-25,26766.546875,26766.546875,25340.837333548112,25754.75300687285,5589590
2020-12-28,28008.291015625,28606.169148963465,26858.52537458949,28008.291015625,4610970
2020-12-29,27134.47265625,28330.22907838983,26582.58507680085,27502.3977092161,7712850
2020-12-30,26214.658203125,27686.35831277412,25846.73317571272,27042.48951480263,5020230
2020-12-31,27548.38671875,27594.37734766277,25754.75219115192,26490.60225375626,4707730
2021-01-01,27548.38671875,27548.38671875,27548.38671875,27548.38671875,0
2021-01-04,27088.48046875,29020.086885876484,27088.48046875,27640.368016500423,735350
2021-01-05,27134.47265625,27824.33213056144,26766.5476032839,27410.416445974577,576630
2021-01-06,26444.611328125,27364.423896059783,26214.658186141303,27318.433267663044,648250
2021-01-07,26030.697265625,26674.56610258392,25846.7347407796,26582.58484016122,632420
2021-01-08,26674.56640625,27594.379040948275,25662.772508081896,26214.660088900862,668190
2021-01-11,26996.498046875,27548.38557083156,26214.657387936542,27272.44180885328,543020
2021-01-12,27410.4140625,27456.40469012165,26674.56402055369,27042.48904152685,387640
2021-01-13,29296.029296875,29296.029296875,28054.28237220369,28054.28237220369,1585120
2021-01-14,30031.87890625,31181.64456116003,29801.925775267995,29893.9070276608,739640
2021-01-15,29801.927734375,30307.82465579186,29342.02144217785,29893.90899281443,547780
2021-01-18,30629.759765625,31457.59111064189,29296.03148754223,29617.965899493243,719930
2021-01-19,29158.05859375,31227.636885104494,28514.189791995268,30629.75871204653,592670
2021-01-20,28514.189453125,29434.00201612903,27134.47060861895,29434.00201612903,535590
2021-01-21,29296.029296875,29342.01992371468,27870.319864844976,28928.104282157576,503110
2021-01-22,29525.984375,30537.77823208723,28698.153037383177,29342.0218555296,647080
2021-01-25,29847.919921875,30307.826238082627,29020.088552701272,29020.088552701272,489670
2021-01-26,27778.33984375,29847.918143367137,27778.33984375,29847.918143367137,559530
2021-01-27,25846.732421875,27410.41374277135,25846.732421875,26490.601201067613,567040
2021-01-28,24053.099609375,24053.099609375,24053.099609375,24053.099609375,50160
2021-01-29,22443.42578125,24053.09771228228,22397.43515464908,22397.43515464908,1277580
2021-02-01,20879.748046875,23731.167383672902,20879.748046875,22075.50454295154,596780
2021-02-02,21523.6171875,21937.53290264423,19867.954326923074,20971.72956730769,627720
2021-02-03,22995.314453125,22995.314453125,21523.614328125,22167.4831328125,376580
2021-02-04,23409.23046875,24191.071172028485,22903.33354309921,23271.258579936148,425780
2021-02-05,23639.18359375,23915.12737110895,23041.30540947228,23409.23044595088,343480
2021-02-08,22029.51171875,23823.146284577244,22029.51171875,23639.18376500522,536830
2021-02-09,22029.51171875,22029.51171875,22029.51171875,22029.51171875,0
2021-02-10,22029.51171875,22029.51171875,22029.51171875,22029.51171875,0
2021-02-11,22029.51171875,22029.51171875,22029.51171875,22029.51171875,0
2021-02-12,22029.51171875,22029.51171875,22029.51171875,22029.51171875,0
2021-02-15,22029.51171875,22029.51171875,22029.51171875,22029.51171875,0
2021-02-16,22029.51171875,22029.51171875,22029.51171875,22029.51171875,0
2021-02-17,23639.18359375,23639.18359375,22995.314779912453,23041.30540947228,139260
2021-02-18,25248.85546875,25248.85546875,25248.85546875,25248.85546875,327850
2021-02-19,25846.732421875,26674.56370940836,25340.835523937945,25846.732421875,826920
2021-02-22,25708.763671875,26168.66999874217,25294.847977694542,25938.716835308587,421100
2021-02-23,27502.396484375,27502.396484375,24926.921228313127,25616.780671901128,839630
2021-02-24,27502.396484375,27502.396484375,27502.396484375,27502.396484375,0
2021-02-25,26582.58203125,26858.52578935986,26030.69451503028,26858.52578935986,350570
2021-02-26,26536.59375,26674.56564124783,25570.790511265164,25570.790511265164,419250
2021-03-01,27134.47265625,27686.36023569916,26766.5476032839,27226.453919491527,397720
2021-03-02,27502.396484375,28238.24655753553,26904.518299932064,27502.396484375,562450
2021-03-03,27226.451171875,27686.357441670185,27134.46991791596,27410.41367979308,290860
2021-03-04,26444.611328125,27318.433267663044,25846.733158967392,27226.452010869565,433700
2021-03-05,26720.5546875,27134.47033670396,25754.7515060241,26030.69527216007,373810
2021-03-08,27042.48828125,27594.37579719388,26490.600765306124,27134.469533907315,362730
2021-03-09,26398.62109375,26950.50864274826,25938.71480291812,25938.71480291812,205620
2021-03-10,26674.56640625,26950.510196659485,26214.660088900862,26490.603879310347,256370
2021-03-11,27134.47265625,27548.388340836864,26904.519498146183,27134.47265625,531760
2021-03-12,28422.2109375,28882.117263349515,27226.454490291264,27410.41702063107,871020
2021-03-15,27870.3203125,28514.18909859736,27824.329684921617,28422.207843440592,247290
2021-03-16,27088.48046875,27870.32116139644,26858.52732385399,27732.34927445883,467180
2021-03-17,27318.43359375,27410.414851641413,26766.546046401512,27226.452335858583,281970
2021-03-18,28238.24609375,28422.20860901873,27318.43351740636,27594.377290309447,384920
2021-03-19,27594.376953125,28146.2644921875,27502.39569661458,27870.320722656248,333980
2021-03-22,27318.43359375,28054.28365688131,27226.452335858583,28054.28365688131,312140
2021-03-23,26996.498046875,27594.376197827936,26674.56365790034,27318.43243584966,418870
2021-03-24,25892.7265625,26904.52049567052,25708.76402919627,26260.651629107462,369360
2021-03-25,25386.828125,26306.64073822464,25156.87497169384,25984.706323596016,480660
2021-03-26,25110.884765625,25294.84729138049,23639.184559581045,24834.94097699176,521770
2021-03-29,25616.78125,25662.771880610413,25202.86557450628,25478.80935816876,167430
2021-03-30,25938.71484375,26076.68673121676,25478.808552194147,25616.780439660903,211570
2021-03-31,25570.791015625,26030.697328855666,25524.80038430193,25938.71606620953,205690
2021-04-01,26168.66796875,26214.65859786907,25524.799161083043,25570.78979020211,248410
2021-04-02,26030.697265625,26674.56610258392,25892.725371990942,26398.622315315813,224180
2021-04-05,26030.697265625,26214.659790470407,25846.7347407796,26122.6785280477,205670
2021-04-06,25662.76953125,26030.69454245072,25662.76953125,25846.73203685036,236550
2021-04-07,25754.751953125,25754.751953125,25248.855039760045,25478.80818219866,263470
2021-04-08,26122.677734375,26398.621513259244,25662.7714362346,26030.69647474692,315230
2021-04-09,26214.658203125,26628.573858963813,26122.676946271928,26122.676946271928,294400
2021-04-12,26122.677734375,26398.621513259244,26076.68710456096,26306.640253631165,290260
2021-04-13,25340.83984375,26122.68063747731,25248.858573899728,26122.68063747731,455670
2021-04-14,25156.875,25340.83752285192,24742.95932358318,24926.9218464351,328230
2021-04-15,24513.0078125,25294.848587007506,24467.01717870544,25156.87668562383,330160
2021-04-16,23455.220703125,24375.03327971814,22903.33315716912,24375.03327971814,509980
2021-04-19,23915.126953125,24099.08946814904,23087.295635516828,23087.295635516828,273950
2021-04-20,23179.27734375,24145.08056640625,22995.31482514881,24007.10867745536,265560
2021-04-21,23179.27734375,23179.27734375,23179.27734375,23179.27734375,0
2021-04-22,21569.603515625,23179.27541977612,21569.603515625,23041.30354227745,471030
2021-04-23,22305.455078125,22305.455078125,20971.726836340207,21431.633126610825,355430
2021-04-26,21799.55859375,23317.24938192247,21753.56796380538,22305.455523140823,279670
2021-04-27,21523.6171875,22121.49544270833,20879.74829727564,21799.560997596152,151180
2021-04-28,22995.314453125,22995.314453125,22167.4831328125,22167.4831328125,310830
2021-04-29,23685.173828125,24191.07074484224,23179.276911407767,23915.12697208738,316690
2021-04-30,23685.173828125,23685.173828125,23685.173828125,23685.173828125,0
2021-05-03,23685.173828125,23685.173828125,23685.173828125,23685.173828125,0
2021-05-04,23225.267578125,23409.23009359529,22167.48311417079,22811.351918316832,215660
2021-05-05,23225.267578125,23501.211351330447,22995.314433787127,22995.314433787127,318230
2021-05-06,23271.2578125,23823.145349555336,22995.31404397233,23179.27655632411,255420
2021-05-07,22811.353515625,23501.212996944305,22719.37225144909,23271.259836504538,286970
2021-05-10,22673.380859375,22949.3246426534,22121.49329281821,22535.4089677358,242970
2021-05-11,23225.267578125,23639.183237933168,22811.351918316832,22995.314433787127,282400
2021-05-12,24834.939453125,24834.939453125,23363.23933738426,23455.22059461805,632130
2021-05-13,24375.033203125,25616.780177623823,24375.033203125,24834.939489976416,559890
2021-05-14,24191.0703125,24834.93910408745,23961.11717264734,24375.03282438213,281960
2021-05-17,23317.25,24191.071992110454,23271.25936883629,24191.071992110454,353390
2021-05-18,22811.353515625,23455.222364856352,22719.37225144909,23271.259836504538,306440
2021-05-19,23317.25,23639.18441814596,22811.35305719921,22811.35305719921,281300
2021-05-20,22719.369140625,23271.256650113864,22443.425385880568,23271.256650113864,403080
2021-05-21,23317.25,23915.128205128203,22535.40927021696,22719.3717948718,340910
2021-05-24,24926.921875,24926.921875,24053.099890452027,24053.099890452027,672660
2021-05-25,24834.939453125,25662.77076822917,24558.99568142361,25662.77076822917,559940
2021-05-26,25248.85546875,25570.78987363388,24467.01477117486,24650.977288251364,632730
2021-05-27,25616.78125,26582.58449281867,25018.90305206463,25340.83746633752,662510
2021-05-28,26444.611328125,26490.60195652174,25754.75190217392,25754.75190217392,554140
2021-05-31,26306.638671875,26674.56368826486,25846.732401387675,26490.60118006993,491010
2021-06-01,26076.6875,26398.62191358025,25754.75308641975,26168.668761022927,507740
2021-06-02,25616.78125,25846.734403052065,24834.94052962297,25754.75314183124,501810
2021-06-03,26214.658203125,26490.60197368421,25340.836263020832,26030.69568941886,650180
2021-06-04,27502.396484375,27686.359002665133,26490.602633779265,26582.58389292433,928400
2021-06-07,28882.115234375,29066.077751791403,27870.321388584794,28238.2464234176,10302900
2021-06-08,28882.115234375,28882.115234375,28882.115234375,28882.115234375,0
2021-06-09,26950.5078125,27502.395344496585,25754.75149317406,26674.564046501702,5540700
2021-06-10,26214.658203125,26950.50825794956,25754.75191885965,26214.658203125,4218400
2021-06-11,26812.533203125,27180.458187044384,26122.67385827616,26490.59884219554,4200500
2021-06-14,27364.423828125,27778.339482668067,26674.56440388656,27042.489430147056,5243000
2021-06-15,29250.041015625,29250.041015625,27410.41579451651,27594.37831662736,9611200
2021-06-16,29479.994140625,30261.834858863105,29342.02224917122,29893.90981498635,7694800
2021-06-17,31227.638671875,31273.62930320324,28698.1539488218,28836.12584280652,9882200
2021-06-18,31733.53515625,33021.272814764496,30721.7412817029,31227.638218976448,8776800
2021-06-21,31733.53515625,32469.385246829712,31181.64758831522,31457.591372282608,6685400
2021-06-22,31595.5625,32423.39383187773,31549.57187045124,32193.440684133915,5910700
2021-06-23,30813.72265625,31733.53527285448,30445.79760960821,31457.59148787313,7695500
2021-06-24,32009.478515625,32607.356706290408,30583.76898403825,30583.76898403825,5819900
2021-06-25,32147.451171875,32377.404327610875,31733.535491550432,32009.47927843348,3659300
2021-06-28,33389.1953125,33573.15782110881,31825.513989325067,32285.420260847102,6792600
2021-06-29,32837.30859375,33987.07430081407,32745.32733718488,33113.252363445376,4640000
2021-06-30,32193.4375,32975.278125000004,32193.4375,32653.34375,3729600
2021-07-01,33481.1796875,33895.09537044986,32193.44200721154,32285.423270089286,6757400
2021-07-02,33297.21484375,33803.11175435946,33113.25233080111,33481.17735669889,3962500
2021-07-05,33297.21484375,33297.21484375,33297.21484375,33297.21484375,0
2021-07-06,33297.21484375,33297.21484375,33297.21484375,33297.21484375,0
2021-07-07,33297.21484375,33297.21484375,33297.21484375,33297.21484375,0
2021-07-08,33297.21484375,33297.21484375,33297.21484375,33297.21484375,0
2021-07-09,29066.078125,31089.66584256329,29066.078125,30445.797023338608,9414700
2021-07-12,29066.078125,29066.078125,29066.078125,29066.078125,0
2021-07-13,27594.376953125,28054.28323567708,26858.526901041667,27226.451927083333,3515700
2021-07-14,27594.376953125,27594.376953125,27594.376953125,27594.376953125,0
2021-07-15,28054.28515625,28146.266419057378,26536.59431992828,26536.59431992828,3199200
2021-07-16,28054.28515625,28054.28515625,28054.28515625,28054.28515625,0
2021-07-19,26858.529296875,28330.229532320205,26858.529296875,27594.379414597603,5437700
2021-07-20,28330.23046875,28330.23046875,26674.567649147728,27548.389692826702,4154800
2021-07-21,27778.33984375,28790.13367911838,27594.37732822848,28514.18990583609,2458700
2021-07-22,28974.09765625,29204.050812251982,27548.388089037697,27778.341245039683,4436600
2021-07-23,28514.189453125,29755.936413180443,28468.1988249748,28606.1707094254,6441700
2021-07-26,29893.908203125,29893.908203125,28330.22685096154,28514.18936298077,5022000
2021-07-27,30169.853515625,30813.722340653585,29939.90036382908,30353.81603706174,4462000
2021-07-28,30031.87890625,30537.77579441041,29709.94452287519,29939.8976538572,4193500
2021-07-29,30491.787109375,30629.758996747736,29617.96515601433,30031.88081813254,4267600
2021-07-30,30997.68359375,31089.664850704747,30399.805423544138,30629.75856593101,5202800
2021-08-02,30813.72265625,31641.55401119403,30353.816347947763,30353.816347947763,6191700
2021-08-03,30997.68359375,31181.646107659493,30169.85228115727,30813.721079840503,4856600
2021-08-04,30997.68359375,30997.68359375,30997.68359375,30997.68359375,0
2021-08-05,32055.46875,32331.412526901004,30353.815459110472,30721.74049497848,9045500
2021-08-06,31457.58984375,32377.4024122807,31457.58984375,32055.468013294954,5648300
2021-08-09,32377.40234375,32515.37422873757,31273.62726384944,31273.62726384944,5093700
2021-08-10,32377.40234375,32377.40234375,32377.40234375,32377.40234375,0
2021-08-11,31365.609375,32377.40322580645,31319.618745417887,32193.440707478007,6143000
2021-08-12,31549.576171875,32377.407616618075,30813.72599877004,31089.6698136844,5683500
2021-08-13,32009.478515625,32101.45977572737,30859.712764345364,31365.60969490841,4717200
2021-08-16,34217.03125,34217.03125,32193.443380376342,32469.38718077957,10693600
2021-08-17,34217.03125,34217.03125,34217.03125,34217.03125,0
2021-08-18,34538.96484375,35228.82432797936,33895.0959918026,34033.06788864847,4797600
2021-08-19,35688.72265625,35872.68514416882,34217.02275289949,34354.994618838595,6673700
2021-08-20,33435.18359375,35872.68666179504,33205.230474123106,35504.76167039202,12418100
2021-08-23,31457.58984375,33941.08377878289,31457.58984375,33205.23372395833,7321700
2021-08-24,31273.626953125,32193.439510569853,30997.683185891543,31457.589464613968,6463100
2021-08-25,32377.40234375,32377.40234375,31365.60852050781,31549.571033824574,3379900
2021-08-26,32653.34765625,33481.179005281694,32331.41324273768,32745.32891725352,4533400
2021-08-27,34400.98828125,34400.98828125,31733.5319706718,32193.43823111631,7521500
2021-08-30,34584.953125,35228.82193317819,34217.02809175532,34906.887529089094,5449200
2021-08-31,35642.73828125,36700.52277217742,34355.00064012097,34584.95379032258,9613400
2021-09-01,36884.48046875,37252.40546095698,34952.87425966334,34952.87425966334,8428800
2021-09-02,36884.48046875,36884.48046875,36884.48046875,36884.48046875,0
2021-09-03,36884.48046875,36884.48046875,36884.48046875,36884.48046875,0
2021-09-06,36148.6328125,37712.31413008906,36148.6328125,37712.31413008906,6788200
2021-09-07,35734.72265625,36746.51660533301,35550.760120053084,36148.63836269305,6217700
2021-09-08,35734.72265625,35734.72265625,35734.72265625,35734.72265625,0
2021-09-09,36746.515625,36746.515625,35780.71233573217,35918.684234199,4012200
2021-09-10,36148.6328125,36792.50159033079,36056.65155852417,36792.50159033079,3419300
2021-09-13,34676.9375,36148.63776525199,34492.974966843496,36056.656498673736,7507800
2021-09-14,34952.87890625,35228.82268708882,34125.04756373355,34492.97260485197,3672700
2021-09-15,35412.78515625,35688.72893668831,34446.98192471591,34446.98192471591,2474700
2021-09-16,35320.8046875,35688.729736328125,35044.860900878906,35044.860900878906,2233900
2021-09-17,35458.77734375,36010.66492886673,34952.88039072633,35412.78671165694,3726500
2021-09-20,34400.98828125,35872.68831467246,34400.98828125,35596.74455840575,4251400
2021-09-21,34400.98828125,34400.98828125,34400.98828125,34400.98828125,0
2021-09-22,34400.98828125,34400.98828125,34400.98828125,34400.98828125,0
2021-09-23,34217.03125,35412.78771841398,34033.06871639785,34952.8813844086,3709300
2021-09-24,34033.06640625,34952.87901182433,34033.06640625,34355.00081820101,289150000
2021-09-27,32745.330078125,34492.97409914852,32745.330078125,34400.99283488413,3941900
2021-09-28,32929.2890625,33159.24219841132,32147.44840040154,32331.410909130587,4567000
2021-09-29,33113.25,33665.137500000004,32837.30625,32837.30625,3525300
2021-09-30,33021.27734375,33573.164987378135,33021.27734375,33527.17435040912,1718800
2021-10-01,33205.23828125,33527.172724420016,32653.35066438712,32883.303838079984,2695300
2021-10-04,34125.046875,34538.962537904314,33205.2342907682,33389.19680761456,255261632
2021-10-05,34492.97265625,34860.89769791667,34171.03824479166,34355.000765625,3010400
2021-10-06,34492.97265625,34492.97265625,34492.97265625,34492.97265625,0
2021-10-07,35136.83984375,35504.76486829188,34768.91481920811,35228.82109988547,4038000
2021-10-08,35136.83984375,35136.83984375,35136.83984375,35136.83984375,0
2021-10-11,35136.83984375,35136.83984375,35136.83984375,35136.83984375,0
2021-10-12,34768.9140625,35136.83907903439,34630.9421812996,35136.83907903439,4797100
2021-10-13,35049.30859375,35236.238239583334,34815.646536458335,35236.238239583334,2503600
2021-10-14,35049.30859375,35049.30859375,35049.30859375,35049.30859375,0
2021-10-15,35703.56640625,36451.28507444372,35329.70707215314,36077.42574034686,3561500
2021-10-18,35703.56640625,35703.56640625,35703.56640625,35703.56640625,0
2021-10-19,35049.30859375,35329.7030625,34768.914125,35329.7030625,3834600
2021-10-20,35049.30859375,35329.7030625,34675.44930208333,35002.57618229167,2719200
2021-10-21,34675.44921875,35329.702977594345,34488.519573365906,35329.702977594345,2635600
2021-10-22,35797.0234375,35937.22065722911,34675.4456796671,34722.17808624347,5277400
2021-10-25,35797.0234375,35797.0234375,35797.0234375,35797.0234375,0
2021-10-26,35797.0234375,35797.0234375,35797.0234375,35797.0234375,0
2021-10-27,35797.0234375,35797.0234375,35797.0234375,35797.0234375,0
2021-10-28,37432.6640625,38227.11511001873,36638.21301498127,37385.93164794007,4757300
2021-10-29,37199.0078125,38227.12109375,36965.345703125,37853.26171875,4719000
2021-11-01,37199.0078125,37199.0078125,37199.0078125,37199.0078125,0
2021-11-02,39348.6953125,39348.6953125,36451.28544388361,36638.215112826605,8464100
2021-11-03,36731.67578125,40470.26873608461,36731.67578125,40470.26873608461,6911300
2021-11-04,37339.1953125,38227.11109590113,36731.67398701502,37292.462902847314,4403300
2021-11-05,37479.39453125,38040.18347685474,37292.46488271509,37572.85935551746,4264200
2021-11-08,38040.1875,38787.90617321868,37572.86332923833,37759.792997542994,4284000
2021-11-09,37946.71484375,38507.50373306651,37713.05280653479,38133.64447352217,3742300
2021-11-10,38414.04296875,39068.29674194039,37479.39472133516,38040.18366978406,4584700
2021-11-11,39161.76171875,40002.94514468974,37806.52175473598,38554.2403555713,7153900
2021-11-12,38694.43359375,39535.61693274456,38133.64470108695,39255.22248641304,2871700
2021-11-15,37853.25390625,38928.099387538576,37385.92978395062,38787.90215084877,6689500
2021-11-16,36778.41015625,37806.52327370553,36591.480498530815,37806.52327370553,5337500
2021-11-17,37385.93359375,38227.11709960937,36451.28525390625,36778.41217285156,3340300
2021-11-18,37245.734375,37993.45300737139,37105.53713143036,37199.00196047679,4020700
2021-11-19,35236.23828125,37479.39403390252,34675.44934308687,37292.464387848144,6321200
2021-11-22,33273.48046875,35236.24195707514,33273.48046875,34628.72054402212,5211400
2021-11-23,35049.30859375,35049.30859375,32899.617666666665,32899.617666666665,2446700
2021-11-24,34768.91796875,35469.90421811996,34581.988302251346,35096.04488512265,2877700
2021-11-25,35329.703125,35983.95688657407,34955.843832671955,35049.30865575397,2641900
2021-11-26,34535.25390625,35516.63459912044,34301.59183651895,35423.169771228015,3374000
2021-11-29,34395.0546875,34581.98433254076,33553.871284816574,33647.33610733695,2720900
2021-11-30,36264.3515625,36778.4080923808,34862.379208279635,34862.379208279635,7456800
2021-12-01,35983.9609375,36451.28510551948,35516.63676948052,36077.425771103895,1971900
2021-12-02,36124.15625,37199.00177878396,35563.367278460544,35610.099692755495,2665700
2021-12-03,34114.66015625,36451.28071489726,34114.66015625,35843.75936964897,3246500
2021-12-06,33647.3359375,34768.913802083334,32946.349772135414,34114.660047743055,2693300
2021-12-07,34208.12890625,34581.98823855874,33787.537157402665,34114.66407317281,1453800
2021-12-08,34581.98828125,35797.03111275338,34254.86136507601,34535.255864653715,1842600
2021-12-09,34909.11328125,35282.972593499,34301.59189884538,34581.98638303213,1609600
2021-12-10,35049.30859375,35516.63270833333,34862.378947916666,34862.378947916666,2200700
2021-12-13,35983.9609375,36357.82027191558,35142.777435064934,35516.63676948052,2819000
2021-12-14,35656.828125,36498.01148836828,35049.306807011795,35983.95498853211,2696900
2021-12-15,35282.96875,36311.081746688746,35189.50393211921,35516.63079470199,2614900
2021-12-16,35376.4375,35890.494055482166,35236.240257595775,35516.634742404225,1839200
2021-12-17,35750.296875,36451.283088235294,35423.16997549019,35516.634803921566,2964500
2021-12-20,35142.77734375,35750.29876059674,35002.58009370844,35703.56634391622,2386600
2021-12-21,35236.23828125,35797.02721941313,34675.44934308687,35049.30863519562,2771400
2021-12-22,36451.28515625,37339.20107672276,35236.24231770833,35423.17198517628,7887300
2021-12-23,36451.28515625,37199.00382612179,35937.228570713145,36778.41207431891,4277100
2021-12-24,36498.015625,37619.59356994238,36264.353553137,36544.7480393726,3948200
2021-12-27,36077.421875,36638.21081606218,35610.09775744819,36357.816345531086,2791600
2021-12-28,35376.4375,36451.283025099074,35236.240257595775,36077.42371202114,4185300
2021-12-29,34488.51953125,35423.16775702913,34395.05470867208,35142.77328929539,6193900
2021-12-30,34581.98828125,35002.580030616555,34441.79103146115,34488.52344805743,2382900
2021-12-31,34535.25390625,34955.8456317659,34441.78907835758,34768.91597598106,2174700
2022-01-03,34535.25390625,34535.25390625,34535.25390625,34535.25390625,0
2022-01-04,35142.77734375,35469.904260513635,34581.98834358378,34768.91801030585,2270100
2022-01-05,35890.49609375,36170.89059448242,34768.91809082031,35142.77742513021,5612900
2022-01-06,36077.421875,36778.40805132772,35329.7032869171,35516.63293393782,4131600
2022-01-07,35983.9609375,36825.144439935066,35703.566436688314,35983.9609375,2825500
2022-01-10,35236.23828125,36638.21062665783,35236.23828125,36077.421688494695,4463100
2022-01-11,34395.0546875,35516.63255774456,34395.0546875,35142.77326766304,3286400
2022-01-12,34581.98828125,34581.98828125,32759.42403399493,34395.058614864865,4421100
2022-01-13,33180.01171875,35049.30815360916,33180.01171875,34675.44886663732,3359600
2022-01-14,33366.94140625,33927.73033744748,32899.61729691877,32899.61729691877,1688300
2022-01-17,31077.056640625,33553.87468867481,31077.056640625,33366.94502467105,4515200
2022-01-18,29067.5625,30843.394292604506,29067.5625,30282.60530546624,2899800
2022-01-19,29721.814453125,30469.53305571934,29067.560675854955,29628.349627800708,1767500
2022-01-20,30376.068359375,30749.92766225961,29721.81457932692,30282.603533653844,1480700
2022-01-21,30282.6015625,31170.517349054782,30282.6015625,30843.39048032408,1671000
2022-01-24,28179.646484375,30376.07000803275,28179.646484375,30282.605177238805,2226300
2022-01-25,29207.7578125,29301.2226375,27291.7289,27291.7289,1582600
2022-01-26,28974.095703125,29768.546714339715,28974.095703125,29721.81430191532,1067300
2022-01-27,28693.701171875,29347.95494452362,28693.701171875,28974.095645867263,689000
2022-01-28,29161.025390625,29161.025390625,28553.504028320312,28693.70126577524,953700
2022-01-31,29161.025390625,29161.025390625,29161.025390625,29161.025390625,0
2022-02-01,29161.025390625,29161.025390625,29161.025390625,29161.025390625,0
2022-02-02,29161.025390625,29161.025390625,29161.025390625,29161.025390625,0
2022-02-03,29161.025390625,29161.025390625,29161.025390625,29161.025390625,0
2022-02-04,29161.025390625,29161.025390625,29161.025390625,29161.025390625,0
2022-02-07,30095.67578125,30095.67578125,29628.351623156057,29908.746118012423,865400
2022-02-08,30843.392578125,31123.787056107954,30002.209144176137,30189.13879616477,1165800
2022-02-09,30936.857421875,31217.25190001888,30656.46294373112,31030.322247922963,1144600
2022-02-10,31404.1796875,31497.64450799851,30656.461123511905,30983.587995256697,1461300
2022-02-11,31731.310546875,32245.3671242176,30936.859472800075,30936.859472800075,1516300
2022-02-14,31123.78515625,31778.03889827328,31030.32033596096,31544.37684755068,1172600
2022-02-15,31123.78515625,31123.78515625,31123.78515625,31123.78515625,0
2022-02-16,31544.37890625,31778.04097222222,31450.91407986111,31778.04097222222,760900
2022-02-17,31778.041015625,32105.167908432904,31544.37894933364,31778.041015625,1261900
2022-02-18,31404.1796875,31684.574148995536,31263.98245675223,31544.376918247766,1587500
2022-02-21,32338.828125,32432.29294617052,31310.71509212428,31310.71509212428,2336200
2022-02-22,32011.705078125,32292.09957515967,31404.18366788321,32292.09957515967,1517100
2022-02-23,32011.705078125,33086.550650091245,31778.04299726277,32058.437494297446,2385600
2022-02-24,31497.64453125,32525.757557492583,30002.207402169883,32011.701044371293,3123100
2022-02-25,31778.041015625,32245.36514820772,31778.041015625,31964.97066865809,1513200
2022-02-28,31918.23828125,32058.43552113836,31310.71690840044,32058.43552113836,1904200
2022-03-01,33366.94140625,33507.13863904937,31964.9690782563,31964.9690782563,4755600
2022-03-02,33086.55078125,33881.00185933086,33039.8183648923,33740.80461025777,3342300
2022-03-03,33927.73046875,33927.73046875,33366.94153538223,33507.13876872417,2748400
2022-03-04,33647.3359375,34348.32210286458,33366.94147135416,34021.19522569444,3156700
2022-03-07,34348.32421875,34488.52146045918,33366.94352678572,33647.33801020408,3258000
2022-03-08,33927.73046875,35329.70280216942,33740.80082429408,34114.66011320592,3784500
2022-03-09,33647.3359375,34208.12486979167,32993.08218315972,33974.462814670136,2164200
2022-03-10,33226.7421875,33974.4607177391,33180.00977936006,33834.26349331927,1417000
2022-03-11,32245.365234375,33460.407982336954,32198.632820991847,33180.01350203804,2598600
2022-03-14,31170.51953125,32245.365032327583,30703.1954003467,32245.365032327583,2343200
2022-03-15,31637.845703125,31778.042951440177,31030.32429375923,31030.32429375923,980100
2022-03-16,31497.64453125,32151.89827522256,31404.17971068249,31871.50381352003,1256100
2022-03-17,31591.11328125,31964.972610022192,31497.64844905696,31778.04294563609,1030400
2022-03-18,31778.041015625,31964.97066865809,31684.57618910845,31964.97066865809,1033100
2022-03-21,32338.828125,32385.56053558526,31591.10955563584,32105.16607207369,1452200
2022-03-22,32385.5625,33086.5487012987,32385.5625,32525.759740259746,1610600
2022-03-23,33086.55078125,33133.2831976077,32432.29695224223,32806.15628310382,1848200
2022-03-24,32619.224609375,33133.28115766028,32525.759782414043,32806.15426329692,1861500
2022-03-25,32432.294921875,32619.224575603388,32151.90044128242,32619.224575603388,1121600
2022-03-28,31637.845703125,32432.296776911004,31591.11328701994,31918.24019975536,2268400
2022-03-29,32245.365234375,32432.294887907607,31731.308687160323,31731.308687160323,1184300
2022-03-30,31637.845703125,32525.76160912112,31591.11328701994,32058.43744807053,1489600
2022-03-31,31778.041015625,32245.36514820772,31591.11136259192,31637.843775850182,1177200
2022-04-01,32292.09765625,32479.027309831767,31591.11145531838,31871.505935691028,1687200
2022-04-04,34114.66015625,34114.66015625,32572.49058754281,32712.68782106164,6226000
2022-04-05,34021.19921875,34955.84754893544,33647.33988667582,33834.26955271291,3270100
2022-04-06,34581.98828125,34581.98828125,33647.33994932433,33647.33994932433,3663300
2022-04-07,33927.73046875,35329.70280216942,33927.73046875,34581.98422434573,3503800
2022-04-08,32572.4921875,34208.126658895264,32525.759774031565,34114.661831958394,2763400
2022-04-11,32572.4921875,32572.4921875,32572.4921875,32572.4921875,0
2022-04-12,30843.392578125,32806.15392400568,30843.392578125,32572.491859019887,2770000
2022-04-13,32245.365234375,32479.02730129076,30796.66041949728,30843.392832880432,2263400
2022-04-14,32292.09765625,33133.281097367944,32151.90041606368,32525.75972322721,1543100
2022-04-15,33647.3359375,34114.660047743055,32245.363606770832,32292.09601779514,4280600
2022-04-18,34395.0546875,34768.91397758152,33320.209228515625,33320.209228515625,5974700
2022-04-19,32712.6875,34581.98392857143,32712.6875,34581.98392857143,2944000
2022-04-20,30422.80078125,33180.013140841016,30422.80078125,32432.29453485023,2849300
2022-04-21,28506.7734375,30796.661795594264,28366.576191086067,29488.154162397543,4404800
2022-04-22,27572.125,29628.35127118644,26544.011864406777,29067.562288135592,4598400
2022-04-25,25656.09375,28039.44672131148,25656.09375,27104.79849726776,3146500
2022-04-26,26637.4765625,26637.4765625,23926.99649122807,24768.179961622805,2034200
2022-04-27,27198.265625,27385.19528565292,25983.22283075601,26590.744227878007,1290600
2022-04-28,26871.138671875,27338.462822690217,26730.94142663044,27198.26557744565,1095000
2022-04-29,26964.6015625,27338.46085626083,26544.009857019064,26544.009857019064,1750200
2022-05-02,26964.6015625,26964.6015625,26964.6015625,26964.6015625,0
2022-05-03,26964.6015625,26964.6015625,26964.6015625,26964.6015625,0
2022-05-04,26216.88671875,27011.3378314394,26216.88671875,27011.3378314394,1411500
2022-05-05,26357.08203125,26917.8710106383,25702.828221963653,26917.8710106383,1271800
2022-05-06,25048.572265625,26357.079772038243,25048.572265625,25889.755662604945,1427000
2022-05-09,23319.474609375,24674.71461673347,23319.474609375,24581.24978863978,2121400
2022-05-10,23132.54296875,23319.47260890152,21964.23271780303,22244.627178030303,1743200
2022-05-11,22992.34765625,23226.00972592734,22525.02351689533,23132.544898056403,1005000
2022-05-12,21403.4453125,23740.06597980349,21403.4453125,23319.474259688865,1880500
2022-05-13,19908.0078125,21496.90984448357,19908.0078125,21403.44501907277,2327900
2022-05-16,20422.06640625,21263.249919550915,20375.333988844395,21263.249919550915,2348100
2022-05-17,21824.03515625,21824.03515625,19627.61191782655,20001.47119245182,2212800
2022-05-18,21824.03515625,22384.824068187903,21496.90829095289,22057.69720289079,1896500
2022-05-19,21450.1796875,21637.1093579793,20655.728587962964,20936.12309368192,1741600
2022-05-20,22151.1640625,22618.488198839663,21450.177857990508,21824.03716706224,2379200
2022-05-23,22151.1640625,22758.685439741563,21450.177857990508,22525.02337157173,1286500
2022-05-24,22571.755859375,22571.755859375,21590.37516983696,22104.43172149974,1718300
2022-05-25,23693.333984375,23786.79881271573,22338.093973434417,22618.48845845661,2615100
2022-05-26,23693.333984375,24113.925711908283,23366.207085182443,23740.066398545365,1505000
2022-05-27,23833.53125,24394.32022058824,23693.33400735294,23786.79883578432,1573800
2022-05-30,23786.796875,24113.92374754421,23740.064464636544,23833.529285363456,1314500
2022-05-31,23553.13671875,23786.79878937252,23272.742234002977,23786.79878937252,2363300
2022-06-01,23506.40234375,23740.06439488072,23179.275472167,23366.20511307157,1174200
2022-06-02,23506.40234375,23506.40234375,23506.40234375,23506.40234375,0
2022-06-03,23366.20703125,24160.6580703125,23366.20703125,24113.92565625,1654300
2022-06-06,23506.40234375,24113.92367668986,23366.20511307157,23366.20511307157,1442800
2022-06-07,23646.6015625,23646.6015625,22618.48845108696,23366.20707756917,1923200
2022-06-08,25282.234375,25282.234375,24020.45927680222,24020.45927680222,2880300
2022-06-09,25656.09375,26357.079918032785,25609.36133879781,25889.75580601093,2461800
2022-06-10,24394.318359375,26170.14996408046,24300.85353807472,25422.43139367816,2505600
2022-06-13,22711.955078125,23926.99794238683,22711.955078125,23085.814420974795,3143700
2022-06-14,23132.54296875,23366.205018939392,21870.76789772727,22338.09199810605,1736900
2022-06-15,21543.642578125,23272.74187398319,21543.642578125,23132.54463377847,2010000
2022-06-16,21964.234375,22665.220578457447,21964.234375,22244.62885638298,1704900
2022-06-17,21216.515625,21496.91010462555,20562.261839207047,21123.05079845815,2061100
2022-06-20,20375.33203125,21683.839592889908,20281.867205418577,21216.5154637328,2657900
2022-06-21,20281.8671875,21029.585793490784,19487.41616863479,20375.332013248848,2340800
2022-06-22,20375.33203125,21029.585812069952,20281.867205418577,21029.585812069952,1260600
2022-06-23,21216.515625,21216.515625,20375.33218612335,20375.33218612335,874200
2022-06-24,21263.25,21777.3065934066,21123.052747252743,21356.71483516484,1010400
2022-06-27,21824.03515625,21824.03515625,21263.2462443121,21496.90829095289,1050600
2022-06-28,21964.234375,22244.62885638298,21683.839893617023,21777.30472074468,874500
2022-06-29,21403.4453125,21964.23427265284,21029.58600573144,21870.769445960697,1658400
2022-06-30,21076.318359375,21683.839731152995,21029.58594616131,21496.910078298228,1028100
2022-07-01,21123.05078125,21123.05078125,20328.59975629148,21029.58595478429,1294600
2022-07-04,20936.119140625,21496.908046177454,20655.72468784877,21403.44322858538,692600
2022-07-05,20188.40234375,21216.5154260706,20188.40234375,21216.5154260706,1176800
2022-07-06,19487.416015625,20422.06426577488,19487.416015625,20001.47255320744,1519200
2022-07-07,19393.951171875,19814.542884036146,19160.28910956325,19207.021522025603,942200
2022-07-08,19814.54296875,20188.40227004717,19627.613318101416,20001.472619398584,931000
2022-07-11,19580.880859375,20094.937397449285,19487.416034270584,19954.740159792666,876600
2022-07-12,19580.880859375,19580.880859375,19580.880859375,19580.880859375,0
2022-07-13,21076.318359375,21824.03697079407,21076.318359375,21309.98042544346,2141700
2022-07-14,21683.83984375,21870.76949757543,20936.121228448275,20936.121228448275,1620000
2022-07-15,21637.107421875,22151.163969694924,21590.375008436826,21730.57224875135,1779400
2022-07-18,21683.83984375,22291.36121868265,21590.375016837283,21870.76949757543,1504400
2022-07-19,21683.83984375,21917.501911031788,21169.783295730063,21683.83984375,1292800
2022-07-20,22244.62890625,22571.755801930147,21777.304769564074,22057.699251575632,2476900
2022-07-21,22151.1640625,22525.02337157173,22057.699235232067,22338.093717035867,1542500
2022-07-22,21964.234375,22618.488164893617,21964.234375,22151.16402925532,1651200
2022-07-25,21309.98046875,21964.23425507127,21309.98046875,21964.23425507127,1193500
2022-07-26,21263.25,21637.109340659343,21123.052747252743,21356.71483516484,1038100
2022-07-27,21590.375,21683.839826839827,20936.12121212121,21029.58603896104,1715000
2022-07-28,22384.82421875,22525.021447677453,21730.57048375522,21964.23253196764,2558100
2022-07-29,22338.095703125,22618.490209858788,22197.898449758108,22571.757792069824,1899000
2022-08-01,23085.8125,23085.8125,22244.629048583,22431.55870445344,2618000
2022-08-02,23179.279296875,23459.67380449849,22898.88478925151,22898.88478925151,2205700
2022-08-03,23085.8125,23226.009741902835,22852.150430161942,23132.544913967613,1638900
2022-08-04,22992.34765625,23693.333865282013,22898.882828379064,23319.474553798274,1954400
2022-08-05,23132.54296875,23132.54296875,22711.95127840909,22992.345738636363,1844600
2022-08-08,23459.671875,23646.6015313745,23179.277390438245,23179.277390438245,1954300
2022-08-09,23599.869140625,23646.601554764853,23319.474655785893,23412.939484065595,1576700
2022-08-10,23412.939453125,23599.86910943737,23366.20703904691,23506.40428128119,1453200
2022-08-11,23085.8125,23740.06629554656,22711.95318825911,23599.869053643724,2421500
2022-08-12,23226.0078125,23319.472632671022,22898.880941901407,22898.880941901407,995200
2022-08-15,23226.0078125,23646.599503269616,23226.0078125,23599.867093184104,1074300
2022-08-16,23179.279296875,23272.744132749496,22992.349625126008,22992.349625126008,1150900
2022-08-17,22945.615234375,23366.20695964868,22898.882820455703,23272.74213181008,1710800
2022-08-18,22758.685546875,23085.81244385267,22571.755891459183,22711.953133021045,1408000
2022-08-19,22618.48828125,22852.15035027118,22384.826212228825,22711.95310885848,1157600
2022-08-22,22104.431640625,22525.02336317389,21824.03715892574,22431.558535940803,1947200
2022-08-23,22384.82421875,22431.55662839248,21824.035303040186,21824.035303040186,1179400
2022-08-24,22571.755859375,22665.22068695005,22291.36137664985,22525.023445587474,1156200
2022-08-25,23786.796875,23786.796875,22618.48661591356,22618.48661591356,5087500
2022-08-26,23740.06640625,23833.531234621063,23272.742264394685,23833.531234621063,1739300
2022-08-29,23319.474609375,23319.474609375,22431.558742484973,23179.27736723447,2556000
2022-08-30,24908.37890625,24908.37890625,23366.209105300182,23366.209105300182,7996000
2022-08-31,24627.982421875,25048.574152039848,24441.05276402396,24908.376908651568,1892400
2022-09-01,24627.982421875,24627.982421875,24627.982421875,24627.982421875,0
2022-09-02,24627.982421875,24627.982421875,24627.982421875,24627.982421875,0
2022-09-05,24487.78515625,25562.63068791746,24487.78515625,24534.517570670323,2623300
2022-09-06,24207.390625,24955.10925434363,24067.19338199807,24674.71476833977,2683600
2022-09-07,24113.92578125,25142.03889595445,24113.92578125,24300.855438468992,5221400
2022-09-08,23366.20703125,24394.320140625,23366.20703125,24160.6580703125,2272500
2022-09-09,23693.333984375,23693.333984375,21730.57258921967,23553.136741863906,3553600
2022-09-12,23366.20703125,24020.460828125,23226.0097890625,23926.996,1444400
2022-09-13,23412.939453125,23459.67186720309,22945.615312344064,23179.277382734534,1514500
2022-09-14,23366.20703125,23366.20703125,22758.6856484375,22758.6856484375,1835500
2022-09-15,23833.53125,24254.122977941177,23179.2774509804,23553.136764705883,2666700
2022-09-16,22992.34765625,23740.06627921748,22992.34765625,23740.06627921748,1709100
2022-09-19,21403.4453125,22992.34736626637,21403.4453125,22992.34736626637,3152800
2022-09-20,21964.234375,22104.43161569149,21263.24817154256,21496.910239361703,1307700
2022-09-21,21730.572265625,22244.628813844087,21683.839852150537,21777.304679099463,846600
2022-09-22,22057.701171875,22104.433589612025,21543.644576767743,21590.376994504768,1418900
2022-09-23,21824.03515625,22384.824068187903,21730.570337593683,22384.824068187903,1000300
2022-09-26,21496.91015625,21637.107396399457,20468.797061820653,21169.783262567933,1974000
2022-09-27,21263.25,21590.376923076925,21123.052747252743,21450.17967032967,878700
2022-09-28,20749.193359375,21309.98236908784,20468.79885451858,20842.65819432714,1053100
2022-09-29,19534.1484375,21123.050463516745,19534.1484375,20982.853225927032,1117200
2022-09-30,19534.1484375,19580.880850029906,18225.64088666268,18973.359487141148,1585200
2022-10-03,18178.908203125,19580.880558121786,18178.908203125,19580.880558121786,1141300
2022-10-04,17057.330078125,18599.49964683219,17057.330078125,18319.10517979452,1664400
2022-10-05,17851.783203125,17945.248036649216,17384.45903550393,17571.388702552358,1016100
2022-10-06,16636.740234375,17898.515476869732,16636.740234375,17898.515476869732,1505600
2022-10-07,15515.1611328125,16543.27421992658,15515.1611328125,16543.27421992658,2272400
2022-10-10,15795.556640625,16075.951137204143,15001.1055669841,15515.162144045858,1889000
2022-10-11,14720.7109375,15795.556498015872,14720.7109375,15468.42958829365,1989600
2022-10-12,15306.083984375,15737.91707484326,14058.566167466692,14058.566167466692,1459700
2022-10-13,15354.0654296875,15641.95415649414,15258.102520751952,15354.0654296875,799200
2022-10-14,15785.8984375,16025.805708586626,15593.9726206307,15929.842800151975,1897700
2022-10-17,15929.8427734375,15929.8427734375,15354.06532379518,15737.916956890062,1247200
2022-10-18,16121.767578125,16457.6377360026,16073.786126999628,16457.6377360026,1253400
2022-10-19,15881.861328125,16265.712961433155,15833.87987396148,16265.712961433155,1134100
2022-10-20,15545.990234375,16025.804747781634,15498.008783034336,15833.87894241898,1037800
2022-10-21,14490.3994140625,15641.954334385347,14490.3994140625,15641.954334385347,2124300
2022-10-24,13482.7880859375,14586.361487989325,13482.7880859375,14394.435678936832,1694700
2022-10-25,12763.06640625,13914.621269971803,12571.1405956297,13242.880932800752,2838300
2022-10-26,12954.9921875,13434.806712962962,12763.066377314814,12811.04782986111,1293100
2022-10-27,13818.6591796875,13818.6591796875,13050.955891927084,13098.93734741211,1512300
2022-10-28,13914.62109375,14490.398518318963,13770.67673760776,14058.56544989224,1431500
2022-10-31,13818.6591796875,14106.547912597656,13338.84462483724,14010.585001627604,1102500
2022-11-01,13914.62109375,14298.47271012931,13818.658189655172,14106.546901939657,1259100
2022-11-02,13626.732421875,14106.546943772006,13626.732421875,14010.584039392605,1167900
2022-11-03,13674.71484375,13914.622121710529,13242.881743421054,13242.881743421054,1203000
2022-11-04,12811.0478515625,13722.695451486425,12811.0478515625,13434.806735720971,1633200
2022-11-07,11947.3818359375,13098.936711690512,11947.3818359375,12811.04799275226,1556600
2022-11-08,12523.1591796875,12523.1591796875,11707.474482159962,11707.474482159962,1174200
2022-11-09,12763.06640625,13002.973669525376,12379.214785009395,12763.06640625,963600
2022-11-10,11899.4013671875,12715.086138325352,11899.4013671875,12475.178852696572,1906000
2022-11-11,11083.7158203125,12235.270710734578,11083.7158203125,12139.307803199405,1724700
2022-11-14,10316.0126953125,11179.67887445494,10316.0126953125,10651.882876090116,1914200
2022-11-15,9596.291015625,10411.975751953123,9596.291015625,10076.10556640625,2906500
2022-11-16,10268.03125,10268.03125,8924.550525700934,9164.457797897196,2331500
2022-11-17,10939.771484375,10939.771484375,10459.956945586624,10507.938399465462,1830900
2022-11-18,11659.494140625,11659.494140625,10747.846450617284,11035.735194830248,3215600
2022-11-21,12475.1787109375,12475.1787109375,11899.401231971156,11947.382688551685,2822100
2022-11-22,12091.326171875,13146.918139260912,11755.456000434027,12811.04796781994,3396800
2022-11-23,12043.3447265625,12427.196351313496,11947.381820374752,12187.289085844124,1361100
2022-11-24,12475.1787109375,12571.141624098558,11851.419775390625,12043.34560171274,2150000
2022-11-25,12954.9921875,13194.89945023148,12667.10347222222,12954.9921875,2076300
2022-11-28,13530.7705078125,13626.733419215425,13194.90031790226,13434.807596409575,3057200
2022-11-29,13578.751953125,13770.67777578401,12954.993029483216,13770.67777578401,3884700
2022-11-30,13626.732421875,14010.584039392605,13242.880804357394,13626.732421875,3120500
2022-12-01,14202.509765625,14538.379929001268,13722.695246516048,13914.621054159628,4151500
2022-12-02,14874.25,14874.25,13914.620967741936,14394.435483870968,2296800
2022-12-05,14970.212890625,15402.045954777645,14778.287084334936,15306.083051632611,2983300
2022-12-06,13962.603515625,14874.25116784794,13962.603515625,14874.25116784794,3836500
2022-12-07,13434.806640625,14202.509877232143,13434.806640625,13818.658258928572,1976000
2022-12-08,14106.546875,14346.45413477891,13674.71380739796,13674.71380739796,1562700
2022-12-09,14442.4169921875,14634.34279939265,13866.639570572052,14154.528281379777,1872400
2022-12-12,14202.509765625,15114.15735193201,14202.509765625,14634.342832823057,2607000
2022-12-13,14394.4365234375,14442.417978515625,13722.696152343751,14202.510703125,2309500
2022-12-14,14874.25,15162.13870967742,14298.47258064516,14586.36129032258,3425400
2022-12-15,14970.212890625,15354.064503205129,14682.324181189904,14778.287084334936,2767900
2022-12-16,15162.138671875,15689.934638301029,14682.324156942248,14682.324156942248,3947600
2022-12-19,14682.3251953125,15498.009928385416,14682.3251953125,15162.13974417892,2375300
2022-12-20,13722.6953125,14778.287259615385,13674.713860358392,14586.361451048951,3357800
2022-12-21,13626.732421875,14202.509848151409,12954.99209121919,13722.6953262544,2086700
2022-12-22,13914.62109375,14010.583997844828,13530.76947737069,13962.602545797414,885000
2022-12-23,13770.6767578125,14154.52837475501,13578.750949341244,13866.639662048126,1189600
2022-12-26,12811.0478515625,13818.658356741573,12811.0478515625,13674.713998858848,1934200
2022-12-27,13674.71484375,13674.71484375,12811.048643092106,12811.048643092106,1260800
2022-12-28,13626.732421875,13866.639682823505,13482.788065305896,13818.658230633802,656600
2022-12-29,13242.880859375,13674.713930876358,13242.880859375,13626.732478487318,664900
2022-12-30,13242.880859375,13530.769573709238,13194.89940698596,13338.843764153078,576400
2023-01-02,13242.880859375,13242.880859375,13242.880859375,13242.880859375,0
2023-01-03,14010.5849609375,14010.5849609375,13242.88167540668,13242.88167540668,2167100
2023-01-04,14250.4921875,14394.436553030304,13866.64054608586,14106.547821969698,1944700
2023-01-05,14298.47265625,14586.361367449665,14202.509752516778,14298.47265625,3014500
2023-01-06,13818.6591796875,14490.399556477863,13530.770446777344,14442.418100992838,2608700
2023-01-09,13818.6591796875,14106.547912597656,13578.75190226237,14058.56645711263,1739400
2023-01-10,13818.6591796875,13866.640635172524,13434.807535807293,13626.733357747396,1555100
2023-01-11,13914.62109375,14106.546901939657,13818.658189655172,13818.658189655172,1965700
2023-01-12,14202.509765625,14298.47266944679,13914.621054159628,14058.565409892311,2004300
2023-01-13,13962.603515625,14490.399524806702,13962.603515625,14346.455158666238,2035700
2023-01-16,14586.3623046875,14586.3623046875,13866.640480443051,14010.584845291942,3508200
2023-01-17,15114.158203125,15114.158203125,14682.325111607142,14682.325111607142,3919900
2023-01-18,15354.0654296875,15402.046884155274,14922.23233947754,15210.12106628418,2818100
2023-01-19,15641.9541015625,15641.9541015625,15258.102467168328,15402.04683006614,2760600
2023-01-20,15641.9541015625,15641.9541015625,15641.9541015625,15641.9541015625,0
2023-01-23,15641.9541015625,15641.9541015625,15641.9541015625,15641.9541015625,0
2023-01-24,15641.9541015625,15641.9541015625,15641.9541015625,15641.9541015625,0
2023-01-25,15641.9541015625,15641.9541015625,15641.9541015625,15641.9541015625,0
2023-01-26,15641.9541015625,15641.9541015625,15641.9541015625,15641.9541015625,0
2023-01-27,16169.7490234375,16361.674827869992,15785.897414572515,16121.767572329378,2606700
2023-01-30,15833.8798828125,16505.620241477274,15833.8798828125,16505.620241477274,3337600
2023-01-31,16025.8056640625,16121.768572230538,15258.102398718189,15354.065306886228,3559700
2023-02-01,14922.232421875,16217.73169965836,14922.232421875,16217.73169965836,2983500
2023-02-02,14634.34375,15066.176844262294,14394.436475409835,15066.176844262294,2191000
2023-02-03,14778.2890625,14874.25197849026,14442.418856534092,14634.344688514611,1556300
2023-02-06,14970.212890625,14970.212890625,14586.361278044871,14730.30563276242,1201800
2023-02-07,14202.509765625,15114.15735193201,14202.509765625,15114.15735193201,2466000
2023-02-08,14154.529296875,14682.325304555085,13962.603475900423,14394.43657309322,1594700
2023-02-09,14346.455078125,14586.36235367893,14202.510712792642,14202.510712792642,1330900
2023-02-10,14058.5654296875,14394.43559353669,14010.583977709044,14394.43559353669,1425300
2023-02-13,13434.806640625,14058.565520368304,13242.880831473214,13962.602615792412,2727000
2023-02-14,13578.751953125,13722.696320119258,13386.826130465988,13626.733408789753,1157100
2023-02-15,13914.62109375,14058.56544989224,13482.788025323276,13626.732381465516,1371600
2023-02-16,14154.529296875,14202.510752118644,13914.62202065678,14154.529296875,1167900
2023-02-17,14106.546875,14394.435586734691,14010.583971088436,14154.528326955782,1149100
2023-02-20,14826.26953125,14826.26953125,14154.52916413835,14250.492073725727,2360700
2023-02-21,14730.3056640625,15114.157277458266,14730.3056640625,14874.250019085912,1979400
2023-02-22,13962.603515625,14634.343890947166,13962.603515625,14586.36243556701,2357700
2023-02-23,14202.509765625,14202.509765625,13626.732342694257,13962.602506070523,2486700
2023-02-24,13722.6953125,14202.509833916083,13722.6953125,14202.509833916083,956300
2023-02-27,13386.826171875,13722.696362567203,13386.826171875,13674.714906754032,1275700
2023-02-28,13386.826171875,13722.696362567203,13290.863260248656,13530.770539314515,898900
2023-03-01,13818.6591796875,13818.6591796875,13338.84462483724,13434.807535807293,980800
2023-03-02,13674.71484375,14058.566488486842,13674.71484375,13866.64066611842,969300
2023-03-03,13530.7705078125,13962.603609125665,13530.7705078125,13818.659242021276,1054400
2023-03-06,13626.732421875,14058.565491582303,13626.732421875,13914.621135013203,931100
2023-03-07,13818.6591796875,13866.640635172524,13674.714813232422,13674.714813232422,560400
2023-03-08,13914.62109375,13914.62109375,13578.750929418104,13674.713833512931,1543100
2023-03-09,14538.3798828125,14682.324238087873,13962.602461711014,13962.602461711014,3766000
2023-03-10,14394.4365234375,14682.32525390625,14298.47361328125,14394.4365234375,2676300
2023-03-13,14346.455078125,14442.417988346571,14154.529257681856,14202.510712792642,2603900
2023-03-14,13722.6953125,14394.435642482518,13722.6953125,14346.45419034091,2160500
2023-03-15,14586.3623046875,14586.3623046875,13962.603390342312,14106.5477551912,2069100
2023-03-16,14250.4921875,14490.39946338384,14058.56636679293,14394.436553030304,1713400
2023-03-17,14298.47265625,14490.398463716445,14202.509752516778,14394.435559983222,1285900
2023-03-20,13770.6767578125,14298.47273110845,13674.713853576874,14202.509826872822,1912100
2023-03-21,13866.6396484375,13962.602552578936,13530.769483942477,13818.658196366783,1119900
2023-03-22,13914.62109375,14058.56544989224,13866.639641702586,13962.602545797414,1128400
2023-03-23,13914.62109375,13962.602545797414,13722.695285560343,13722.695285560343,835200
2023-03-24,14202.509765625,14442.417025179477,14010.583957981418,14058.565409892311,2474700
2023-03-27,14298.47265625,14394.435559983222,14202.509752516778,14298.47265625,1528600
2023-03-28,14202.509765625,14538.379929001268,14202.509765625,14442.417025179477,2684300
2023-03-29,14154.529296875,14250.492207362287,14010.584931144069,14202.510752118644,1237400
2023-03-30,14106.546875,14394.435586734691,14106.546875,14394.435586734691,1526800
2023-03-31,14874.25,14874.25,14058.565322580644,14106.546774193548,5444100
2023-04-03,15306.083984375,15306.083984375,14970.213802899683,15114.158166389108,3791500
2023-04-04,15306.083984375,15306.083984375,15066.176711892633,15258.102529878526,2975400
2023-04-05,15545.990234375,15689.934588396987,15162.138623649693,15258.101526331018,3493000
2023-04-06,14970.212890625,15737.916115785256,14970.212890625,15641.953212640225,4858900
2023-04-07,15258.1025390625,15258.1025390625,14874.250902859669,15066.176720961084,2323600
2023-04-10,15258.1025390625,15641.95417526533,15258.1025390625,15450.028357163916,3130300
2023-04-11,15593.97265625,15593.97265625,15066.176658653849,15258.10247596154,2590500
2023-04-12,15689.935546875,16121.7686353211,15641.954092603211,15881.861363962156,4955300
2023-04-13,15306.083984375,15785.898529339733,15306.083984375,15737.91707484326,2229200
2023-04-14,14682.3251953125,15402.047018612133,14682.3251953125,15354.06556372549,4567700
2023-04-17,14778.2890625,14874.25197849026,14586.36323051948,14682.32614650974,1375900
2023-04-18,14874.25,14970.212903225807,14682.324193548387,14874.25,1661200
2023-04-19,14442.4169921875,15018.194413802948,14394.435540386214,14970.212962001662,1690300
2023-04-20,14538.3798828125,14682.324238087873,14250.491172261756,14250.491172261756,1198600
2023-04-21,14490.3994140625,14730.30668912976,14490.3994140625,14490.3994140625,1201700
2023-04-24,14682.3251953125,14682.3251953125,14346.455011106003,14538.380830652572,758100
2023-04-25,14490.3994140625,14874.251054170116,14442.417959049048,14730.30668912976,1300200
2023-04-26,14730.3056640625,14730.3056640625,14394.435502341204,14490.398405690146,1124700
2023-04-27,14826.26953125,15162.139714805826,14730.30662166262,14826.26953125,2552300
2023-04-28,14922.232421875,15066.176786073152,14874.250967142283,14922.232421875,1442200
2023-05-01,14922.232421875,14922.232421875,14922.232421875,14922.232421875,0
2023-05-02,14922.232421875,14922.232421875,14922.232421875,14922.232421875,0
2023-05-03,14922.232421875,14922.232421875,14922.232421875,14922.232421875,0
2023-05-04,15066.1767578125,15162.139667097928,14778.28802995621,14778.28802995621,2126600
2023-05-05,14874.25,15114.157258064515,14826.268548387096,15066.175806451613,1470500
2023-05-08,15545.990234375,15593.971685715664,14922.231366946373,14922.231366946373,4532500
2023-05-09,15498.009765625,15833.879946304178,15498.009765625,15641.95412877322,3003200
2023-05-10,16169.7490234375,16169.7490234375,15593.971610140024,15593.971610140024,7679900
2023-05-11,16025.8056640625,16265.712934482595,15977.82420997848,16217.731480398576,3500600
2023-05-12,16121.767578125,16601.58208937872,15881.86032249814,15977.823224748883,4278000
2023-05-15,15498.009765625,16313.694490131578,15498.009765625,16313.694490131578,4435500
2023-05-16,15354.0654296875,15641.95415649414,15114.158157348633,15545.991247558592,4175000
2023-05-17,15210.12109375,15545.991275630917,15210.12109375,15498.009821076495,2517100
2023-05-18,15210.12109375,15450.02836652208,15162.139639195584,15258.102548304416,2303300
2023-05-19,15593.97265625,15593.97265625,15210.121021634615,15258.10247596154,2491400
2023-05-22,15833.8798828125,15977.824245383525,15593.972611860796,15641.954066051136,2542100
2023-05-23,15737.9169921875,15929.842809165397,15593.972629454078,15881.861354920922,2720700
2023-05-24,15737.9169921875,15737.9169921875,15737.9169921875,15737.9169921875,0
2023-05-25,16073.787109375,16169.75001749067,15402.046752565298,15402.046752565298,5277500
2023-05-26,16505.619140625,16697.544944585756,16169.748983693677,16313.693336664242,5412200
2023-05-29,17465.25,17465.25,16361.676510989011,16505.62087912088,6081800
2023-05-30,17657.173828125,17753.13672936481,17129.377871306046,17561.21092688519,4575000
2023-05-31,17465.25,17705.15728021978,17273.324175824175,17705.15728021978,3137200
2023-06-01,18041.02734375,18136.990255152927,17369.28696392952,17609.194242436835,4252900
2023-06-02,18136.98828125,18232.951182208995,17849.099578373018,18184.9697317295,2717600
2023-06-05,17609.1953125,18136.99135728883,17465.250936648503,18041.02844005449,5242100
2023-06-06,17993.044921875,18041.026375,17369.28603125,17465.2489375,2652400
2023-06-07,17801.119140625,18136.989313089623,17705.156234206537,18136.989313089623,3304900
2023-06-08,17273.322265625,18520.839984809027,17273.322265625,17945.06257595486,6661500
2023-06-09,17321.306640625,17513.232475978184,16889.47351108033,17321.306640625,3482100
2023-06-12,17417.267578125,17465.249031508265,16985.43449767562,17369.286124741735,3928700
2023-06-13,17657.173828125,17657.173828125,17321.303673785667,17513.229476265285,2887700
2023-06-14,17177.361328125,17897.083171482194,17177.361328125,17753.138802810754,3036900
2023-06-15,17321.306640625,17465.25101713989,17081.399346433518,17225.343722948408,2114000
2023-06-16,17081.3984375,17801.120281776686,17081.3984375,17513.231544066013,4286900
2023-06-19,17177.361328125,17417.268609244064,16985.43550322975,17129.379871901187,1976400
2023-06-20,18041.02734375,18041.02734375,17273.324052526597,17273.324052526597,3514200
2023-06-21,18712.767578125,18712.767578125,17897.082837540063,18136.99011418269,7490700
2023-06-22,18712.767578125,18712.767578125,18712.767578125,18712.767578125,0
2023-06-23,18232.953125,18712.767680921053,18184.971669407896,18568.82331414473,3351700
2023-06-26,18808.73046875,18808.73046875,17753.138452646683,18232.95300542092,4848900
2023-06-27,18808.73046875,19096.61920041454,18664.78610291773,18904.693379304845,3248900
2023-06-28,18520.83984375,19000.654347474094,18376.89549263277,18808.728545984457,2681300
2023-06-29,18280.93359375,18616.80376476378,18184.970687746063,18328.91504675197,2831800
2023-06-30,18616.802734375,18616.802734375,18089.0067805654,18376.89548264336,3108600
2023-07-03,19336.52734375,19336.52734375,18664.78693974876,18760.74985460608,5805100
2023-07-04,19480.46875,19480.46875,19144.59859913793,19288.542949507388,2821900
2023-07-05,19288.54296875,19864.32037080224,19288.54296875,19528.4502196051,5028900
2023-07-06,19864.3203125,19912.30176253019,19144.5985620471,19288.54291213768,4824800
2023-07-07,20392.1171875,20440.09863970588,19576.4325,19768.35830882353,3953400
2023-07-10,20392.1171875,20727.98735294117,20200.19137867647,20392.1171875,4114700
2023-07-11,20632.025390625,20823.95120821221,20392.11811864099,20536.062481831395,3498200
2023-07-12,20727.98828125,20727.98828125,20344.13664641204,20727.98828125,3022300
2023-07-13,20775.96875,20823.95020207852,20536.06148960739,20632.02439376444,2504800
2023-07-14,20727.98828125,20823.95118995949,20488.081009476275,20823.95118995949,2386000
2023-07-17,21111.83984375,21399.72856889205,20584.04384765625,20632.025301846592,2698400
2023-07-18,20967.896484375,21207.80376680492,20823.952114917047,21207.80376680492,1472600
2023-07-19,20823.951171875,21399.728623631912,20823.951171875,20919.914080501152,3177200
2023-07-20,20632.025390625,20919.914117005814,20200.19230105378,20823.95120821221,3169600
2023-07-21,21111.83984375,21351.747114701702,20488.08093927557,20727.988210227275,2070400
2023-07-24,21303.767578125,21591.656329180743,21015.878827069257,21303.767578125,1992800
2023-07-25,20919.9140625,21399.72860521789,20919.9140625,21303.765696674312,2336100
2023-07-26,20727.98828125,21015.87700737848,20632.02537254051,20919.91409866898,2299500
2023-07-27,20823.951171875,20919.914080501152,20584.04390030962,20680.006808935774,2587700
2023-07-28,21111.83984375,21255.784206321023,20680.00675603693,20871.932572798298,3955800
2023-07-31,21447.7109375,21687.61821868009,21111.840743847875,21399.729481263985,2665400
2023-08-01,21111.83984375,21639.63583984375,21063.85838955966,21495.69147727273,3020300
2023-08-02,21015.876953125,21111.83986158676,20823.951136201485,20919.91404466324,2040200
2023-08-03,20919.9140625,21447.71005948968,20823.951153956423,21015.876971043577,1908000
2023-08-04,21015.876953125,21111.83986158676,20775.969681970604,21015.876953125,2347900
2023-08-07,21783.580078125,21879.54298595815,21111.83972329296,21111.83972329296,4317300
2023-08-08,21687.6171875,21927.52445727323,21447.70991772677,21879.543003318584,2682200
2023-08-09,21255.783203125,21783.57917430869,21255.783203125,21591.653366605533,2606700
2023-08-10,20584.04296875,21351.746203015737,20584.04296875,21159.820394449303,3053500
2023-08-11,20248.173828125,20775.969828384183,19672.3963732968,20584.044010108115,3906500
2023-08-14,20680.0078125,20775.970725783063,20296.15615936775,20536.063442575407,2159100
2023-08-15,20584.04296875,20967.894585882867,20584.04296875,20727.987325174825,2436600
2023-08-16,20488.080078125,20775.968791166568,20488.080078125,20488.080078125,2035600
2023-08-17,20440.099609375,20823.95124523181,20392.11815489289,20632.025427303404,2629500
2023-08-18,19048.63671875,20440.0988468199,19048.63671875,20392.117394127832,4869000
2023-08-21,18520.83984375,18760.74709561205,18089.00679039832,18712.76564523964,3048800
2023-08-22,18280.93359375,18712.76667076772,17465.248892716536,18328.91504675197,2986700
2023-08-23,18424.87890625,18808.730550130207,18376.897450764973,18712.76763916016,1001100
2023-08-24,19000.654296875,19048.635747119635,18376.89544369476,18424.8768939394,1837300
2023-08-25,18856.7109375,19144.59965410305,18808.729484732827,19000.655295801527,1642900
2023-08-28,19384.5078125,19432.48926748144,18856.711807704207,19000.65617264852,2407500
2023-08-29,19816.341796875,20008.267625416163,19528.45305406325,19624.41596833384,2319700
2023-08-30,19864.3203125,20008.26466259058,19384.505812198066,19816.338862469805,2164600
2023-08-31,20967.896484375,20967.896484375,19912.30444168335,20008.26735465532,5976100
2023-09-01,20967.896484375,20967.896484375,20967.896484375,20967.896484375,0
2023-09-04,20967.896484375,20967.896484375,20967.896484375,20967.896484375,0
2023-09-05,21111.83984375,21447.71002308239,20967.895481178977,21351.747114701702,3268500
2023-09-06,21111.83984375,21303.76566051137,20775.96966441761,21255.784206321023,3422100
2023-09-07,21495.689453125,21927.522500174386,21303.763654436385,21303.763654436385,5152000
2023-09-08,21783.580078125,22263.39461729075,21255.78408504268,21255.78408504268,3404000
2023-09-11,20871.93359375,22311.37728987069,20871.93359375,22311.37728987069,4406700
2023-09-12,21783.580078125,21783.580078125,20775.969545876927,21015.8768154598,2385000
2023-09-13,21399.728515625,22263.394688901342,21303.765607483183,21879.54305633408,5665700
2023-09-14,21111.83984375,21591.654385653408,21063.85838955966,21543.67293146307,2618600
2023-09-15,21687.6171875,22071.468819137168,21015.87683213496,21399.728463772124,3130300
2023-09-18,21255.783203125,21879.54207816028,20680.00578001552,21831.56062623448,4330900
2023-09-19,21399.728515625,21399.728515625,20823.9510667741,21159.821245270457,2540100
2023-09-20,22167.431640625,22167.431640625,21303.76547280844,21543.672741646373,6505800
2023-09-21,22263.39453125,22743.209068561424,22119.45017005657,22359.357438712286,4683800
2023-09-22,20967.896484375,21975.507070580665,20967.896484375,21975.507070580665,5376200
2023-09-25,19528.453125,21495.692874692875,19528.453125,20919.91538697789,4890300
2023-09-26,18184.97265625,19960.28660949868,18184.97265625,19480.472027539578,7147500
2023-09-27,19048.63671875,19048.63671875,17801.1189487563,18328.914928369017,4359100
2023-09-28,18808.73046875,19048.637745137115,18616.804647640307,19048.637745137115,2073300
2023-09-29,18712.767578125,19336.52649739584,18712.767578125,19096.619220753204,1955800
2023-10-02,19576.43359375,19576.43359375,18712.76740579044,18904.69322533701,2740700
2023-10-03,18232.953125,19336.526603618426,18232.953125,19192.582236842107,3931200
2023-10-04,18712.767578125,18952.67485476763,18041.02720352564,18280.934480168267,2046900
2023-10-05,19000.654296875,19480.468799321337,18856.70994614109,18904.691396385733,4016400
2023-10-06,19384.5078125,19528.45217744431,18664.785987778465,19000.65617264852,2399800
2023-10-09,19576.43359375,19816.34086818321,19240.563409543505,19576.43359375,2436000
2023-10-10,19240.5625,19816.339931421448,19240.5625,19816.339931421448,3350400
2023-10-11,19864.3203125,19864.3203125,19240.56146210749,19288.54291213768,2187000
2023-10-12,20008.265625,20296.154339028777,19912.302720323743,19912.302720323743,3522600
2023-10-13,20536.0625,20584.04395443925,19768.359228971964,19816.34068341121,4293700
2023-10-16,20584.04296875,21063.857490166083,20440.09861232517,20584.04296875,3658400
2023-10-17,19384.5078125,21015.87728186881,19384.5078125,20775.97000696164,3992400
2023-10-18,19192.58203125,20152.2111328125,18712.767480468752,19768.3594921875,3600400
2023-10-19,19192.58203125,19672.39658203125,18904.69330078125,19048.637666015624,3130900
2023-10-20,19672.396484375,19864.32230373476,18664.78593273628,19288.544845655488,2896100
2023-10-23,18952.67578125,19768.36056170886,18760.7499505538,19720.379104034808,2482600
2023-10-24,19624.4140625,19672.39551497555,18904.69227536675,19096.61808526895,1732000
2023-10-25,19672.396484375,20056.248123094512,19672.396484375,19720.37793921494,2486500
2023-10-26,18328.916015625,19480.470948543847,18328.916015625,19192.58221531413,4302900
2023-10-27,18520.83984375,18712.76564523964,17561.210836301816,18712.76564523964,1471800
2023-10-30,17273.322265625,18520.839984809027,17273.322265625,18520.839984809027,2345000
2023-10-31,16217.732421875,17465.25030048077,16169.750965005547,17465.25030048077,2313300
2023-11-01,16601.58203125,16697.54493316474,15785.897364974711,16217.73042359104,1479400
2023-11-02,17753.138671875,17753.138671875,16841.491010346283,16841.491010346283,2148500
2023-11-03,17753.138671875,17945.06449535473,17465.249936655404,17897.083039484798,1245300
2023-11-06,17753.138671875,18041.0274070946,17513.231392525337,17849.101583614865,939200
2023-11-07,17705.15625,18184.97078252033,17417.267530487803,17609.193343495936,1632000
2023-11-08,18904.693359375,18904.693359375,17609.19406825032,17753.13843393084,2532900
2023-11-09,18904.693359375,19384.507911643403,18808.73044892132,19096.61918028236,2562000
2023-11-10,18568.822265625,19144.599700218023,18520.840812742248,18520.840812742248,2241300
2023-11-13,18664.78515625,18856.71096762532,18376.896439187018,18712.76660909383,1633900
2023-11-14,18904.693359375,19000.65626982868,18568.82317278712,19000.65626982868,1361200
2023-11-15,19048.63671875,19624.414151054785,19048.63671875,19624.414151054785,2589000
2023-11-16,19244.0078125,19244.0078125,18950.951855964468,19244.0078125,936200
2023-11-17,18999.794921875,19878.96281029081,18657.896298602183,19341.693545147813,3491800
2023-11-20,19537.064453125,19634.749775390625,18560.21123046875,18755.581875,2992800
2023-11-21,19585.90625,19830.11954488778,19390.53561408977,19830.11954488778,1338500
2023-11-22,19683.591796875,19732.4344564206,19341.69318005583,19634.749137329403,3150100
2023-11-23,18853.265625,19878.96142325129,18853.265625,19878.96142325129,2776300
2023-11-24,19097.478515625,19097.478515625,18315.99601882193,18853.26523537404,2200900
2023-11-27,18853.265625,19341.692195595853,18853.265625,19146.32156735752,1345200
2023-11-28,19146.32421875,19146.32421875,18462.526925223214,18950.95356345663,1256000
2023-11-29,19390.537109375,19439.379772119017,19097.481132910896,19244.009121142943,1369700
2023-11-30,19537.064453125,19927.8057421875,19341.69380859375,19341.69380859375,3408300
2023-12-01,19683.591796875,19732.4344564206,19341.69318005583,19537.063818238214,1179800
2023-12-04,20123.17578125,20367.38907956614,19830.11982327063,19878.96248293386,3141500
2023-12-05,20123.17578125,20367.38907956614,19976.647802260315,20172.018440913227,2609300
2023-12-06,20318.546875,20318.546875,20025.49091045673,20220.86155348557,1853800
2023-12-07,19732.43359375,20318.545482673268,19488.22030669864,20318.545482673268,3409800
2023-12-08,19585.90625,19927.80486284289,19537.063591022445,19732.434226932663,1284200
2023-12-11,19878.9609375,19878.9609375,19537.062346437346,19683.590314035628,1128600
2023-12-12,19878.9609375,20220.85952856265,19878.9609375,19976.646249232188,1283200
2023-12-13,19488.220703125,20074.332603970863,19488.220703125,19878.961970355576,1917800
2023-12-14,19390.537109375,19732.435748583124,19341.694446630983,19683.593085839108,1055000
2023-12-15,19439.37890625,19634.74954852387,19195.165603407662,19390.53624568153,961600
2023-12-18,18999.794921875,19439.378866082905,18999.794921875,19439.378866082905,1003400
2023-12-19,19146.32421875,19146.32421875,18755.582908163266,18999.79622727997,1243600
2023-12-20,19292.8515625,19390.53688686709,19048.63825158228,19195.16623813291,789200
2023-12-21,19439.37890625,19488.22156681847,19195.165603407662,19244.00826397613,958000
2023-12-22,19781.27734375,19781.27734375,19439.378722993828,19585.9067033179,1995500
2023-12-25,19732.43359375,19927.80422339109,19585.905621519185,19830.118908570545,1477400
2023-12-26,19830.119140625,20025.48977255234,19732.43382466133,19781.276482643163,1790200
2023-12-27,19781.27734375,20025.490644290123,19732.43468364197,19830.120003858025,1275100
2023-12-28,19830.119140625,20025.48977255234,19683.591166679496,19878.96179860684,1830100
2023-12-29,20709.287109375,20806.972425928656,19976.647235222583,19976.647235222583,7483700
2024-01-01,20709.287109375,20709.287109375,20709.287109375,20709.287109375,0
2024-01-02,20465.07421875,20953.500811082937,20416.231559516706,20953.500811082937,2681000
2024-01-03,21100.029296875,21393.0852593316,20318.54673032408,20416.23205114294,4320100
2024-01-04,20904.658203125,21246.55681859668,20904.658203125,21002.3435218312,2912300
2024-01-05,21295.400390625,21441.92837496416,20953.501760500287,21002.34442194668,2868500
2024-01-08,21002.34375,21490.77034883721,21002.34375,21490.77034883721,1878400
2024-01-09,20904.658203125,21148.87149989048,20513.91692830024,21148.87149989048,3126900
2024-01-10,21100.029296875,21100.029296875,20611.60269278067,20855.81599482784,1652900
2024-01-11,20709.287109375,21148.871033866453,20660.44445109817,21100.028375589623,1699700
2024-01-12,19927.8046875,20709.287224264703,19830.119370404413,20513.916590073528,3546100
2024-01-15,20074.333984375,20416.23261671229,19927.80599908759,20074.333984375,2017500
2024-01-16,20465.07421875,20465.07421875,20025.49028565036,20025.49028565036,1319800
2024-01-17,20709.287109375,20953.50040075914,20416.231159714032,20465.073817990866,2063200
2024-01-18,20611.6015625,20904.657508886256,20465.07358930688,20709.286877962084,1784700
2024-01-19,20806.97265625,21148.871267972416,20611.602020980044,20611.602020980044,2034500
2024-01-22,20562.759765625,20953.50104383165,20367.38912652168,20953.50104383165,2143000
2024-01-23,20416.232421875,20562.760405764056,20318.547099282296,20465.075083171352,1485300
2024-01-24,20416.232421875,20806.973712245814,20367.389760578648,20367.389760578648,1074100
2024-01-25,20416.232421875,20416.232421875,20416.232421875,20416.232421875,0
2024-01-26,20953.501953125,20953.501953125,20465.07533417104,20513.91799606644,2436000
2024-01-29,21979.197265625,22174.56790798611,21100.029375,21100.029375,6728900
2024-01-30,22418.78125,22760.679874727663,21734.98400054466,21979.197303921566,3698000
2024-01-31,21881.51171875,22565.308959960938,21490.77043805804,22565.308959960938,4073900
2024-02-01,23395.6328125,23395.6328125,21930.353095641964,21930.353095641964,5949400
2024-02-02,23395.6328125,23395.6328125,23395.6328125,23395.6328125,0
2024-02-05,24470.171875,24763.2278255988,23737.531998503,24225.958582834333,5140900
2024-02-06,24616.701171875,24958.599799262152,24225.95988343254,24470.17318870908,2648100
2024-02-07,24763.228515625,24812.07117541913,24372.487237271944,24616.700536242603,2757100
2024-02-08,24763.228515625,24763.228515625,24763.228515625,24763.228515625,0
2024-02-09,24763.228515625,24763.228515625,24763.228515625,24763.228515625,0
2024-02-15,24372.486328125,24958.59822379133,24177.115696236226,24812.07024987475,4639300
2024-02-16,26033.13671875,26033.13671875,24274.80103042917,24323.64368843809,7573400
2024-02-19,26179.6640625,27547.258453824623,26179.6640625,26326.192032999064,5352800
2024-02-20,27547.259765625,27547.259765625,25740.081376745344,26277.35062749335,5439800
2024-02-21,27498.41796875,27840.31659358348,27058.834022535524,27596.103290130995,3976300
2024-02-22,27303.046875,27644.94549418605,27107.676235465115,27449.57485465116,2740800
2024-02-23,26912.3046875,27644.944561025408,26179.664813974592,27449.5739280853,5825900
2024-02-26,28133.373046875,28426.42901611328,26668.0932006836,26863.46384684245,7028600
2024-02-27,28231.05859375,28719.48521301903,27986.845284115483,28231.05859375,3318500
2024-02-28,28231.05859375,29207.91183228806,27791.47463640787,28231.05859375,5552600
2024-02-29,27938.0,28231.055944055945,27498.416083916083,28231.055944055945,4998300
2024-03-01,28475.271484375,28572.956806791382,27351.890276586622,27938.002211084902,4188200
2024-03-04,29110.2265625,30038.23714083473,28768.32792837668,28963.698576447143,6026300
2024-03-05,29012.541015625,29256.75432383733,28670.642384127736,28817.170369055133,2287200
2024-03-06,28231.05859375,28963.698522653547,28133.3732698962,28866.01319879974,3513200
2024-03-07,28426.427734375,28524.11305304983,27986.84380033828,28182.21443768793,3414800
2024-03-08,28328.7421875,29110.224730603448,27840.315598060344,28914.854094827588,5529700
2024-03-11,28866.01171875,29647.49426951142,28328.74246510152,28328.74246510152,5766000
2024-03-12,30868.5625,30868.5625,28817.17068829114,28866.013350474685,9490400
2024-03-13,31552.357421875,32236.154641544115,31063.930836397056,31454.67210477941,3675000
2024-03-14,32040.78515625,32382.68377834413,31063.931950266768,31552.358553258386,4827500
2024-03-15,33799.12109375,33799.12109375,31650.04402998555,32040.78531430636,5677900
2024-03-18,31796.572265625,34971.34522609447,31454.673639112905,33799.121363767284,13916500
2024-03-19,31796.572265625,33115.32411074309,31161.61767353111,31991.9429093462,5437600
2024-03-20,32040.78515625,32236.155797446645,31454.67323266006,31894.257175352515,4024600
2024-03-21,32480.3671875,32626.89515977444,31845.412640977444,32529.20984492481,4064500
2024-03-22,32480.3671875,32919.95110432331,31991.94061325188,32626.89515977444,5647400
2024-03-25,31161.6171875,32431.52635188088,30868.56122648903,32040.78507053292,6119700
2024-03-26,33115.32421875,33261.8522020188,31112.77511407633,31161.617775165927,5040000
2024-03-27,32626.89453125,33115.32109608907,32236.153279378745,33115.32109608907,2580500
2024-03-28,32284.998046875,32822.26730332829,32236.15538719743,32773.42464365072,3194600
2024-03-29,32382.68359375,32919.95285397813,32138.470293646304,32236.155613687784,3228200
2024-04-01,32187.3125,32578.05377465857,31894.256544006068,32382.683137329284,3763000
2024-04-02,34434.07421875,34434.07421875,31991.9412954344,32040.783953900707,10181700
2024-04-03,33457.22265625,34385.23321167883,33457.22265625,34238.7052292427,3897300
2024-04-04,32333.83984375,33603.74896148036,32333.83984375,33359.53566960914,5221500
2024-04-05,30770.876953125,32236.15680803572,30770.876953125,32040.786160714284,7351500
2024-04-08,30966.24609375,31650.0433261041,30575.504818119083,30868.56077484227,3618000
2024-04-09,31552.357421875,31601.2000804228,30868.56020220588,31259.301470588234,2029700
2024-04-10,30917.404296875,31747.72953075632,30868.561636058454,31698.88686993977,2554900
2024-04-11,31161.6171875,31552.358468847964,30428.97728497257,30477.819945141066,2722100
2024-04-12,31259.302734375,31503.516036987305,30917.404110717776,31210.46007385254,2989100
2024-04-15,29110.2265625,32480.37024171561,29110.2265625,31259.303691275167,7398600
2024-04-16,29647.494140625,29647.494140625,28621.79829720964,29305.59552615321,5269100
2024-04-17,27986.84375,29989.392779232112,27986.84375,29989.392779232112,4711100
2024-04-19,27449.57421875,28719.48334630783,26863.46231372331,26863.46231372331,5880600
2024-04-22,28035.685546875,28377.58415110518,27547.25896940331,28231.05617786368,2522300
2024-04-23,26961.1484375,28231.05760303442,26423.87917515852,27986.84430197011,4113200
2024-04-24,28817.16796875,28817.16796875,27205.360268802968,27449.573556673728,6235900
2024-04-25,28719.484375,29305.596301020407,28475.271072491498,29012.540338010203,3440300
2024-04-26,29305.595703125,29745.17963867188,28377.585172526044,28377.585172526044,3970200
2024-04-29,29305.595703125,29305.595703125,29305.595703125,29305.595703125,0
2024-04-30,29305.595703125,29305.595703125,29305.595703125,29305.595703125,0
2024-05-02,29305.595703125,29647.49431966146,28572.955810546875,29305.595703125,3824600
2024-05-03,28719.484375,29598.65226403061,28670.6417144983,29598.65226403061,3957900
2024-05-06,30477.818359375,30526.661017002203,28817.16800005008,29159.066603440504,6482900
2024-05-07,30722.033203125,31015.089163727145,30087.07862182035,30575.50522282393,3851600
2024-05-08,30966.24609375,31405.83002883478,29794.022266857253,30282.448861395897,5303200
2024-05-09,31015.08984375,31943.100406003938,30868.561860236223,31063.93250492126,5780200
2024-05-10,30917.404296875,31161.61760095774,30477.820349526068,31063.932279324643,3561300
2024-05-13,31259.302734375,31503.516036987305,30575.50548706055,31063.93209228516,3373900
2024-05-14,31747.728515625,32089.62713040865,31356.98724158654,31454.672560096154,4214600
2024-05-15,31991.94140625,32089.626723521,31552.35747853053,32089.626723521,3872800
2024-05-16,31796.572265625,32626.897501440093,31747.7296046947,32236.156213997696,4267900
2024-05-17,32578.052734375,33359.53525873782,31552.3569211488,31650.04223669416,6321300
2024-05-20,32822.265625,33701.43345424107,32724.58031063988,32871.10828218006,5485900
2024-05-21,32578.052734375,32968.79399655641,32138.46881442092,32822.26602323838,4039900
2024-05-22,32040.78515625,33164.16634313072,31845.41451505335,33017.63836223323,5201400
2024-05-23,32626.89453125,32675.73718773391,31650.041401571856,31845.41202750749,4457900
2024-05-24,33457.22265625,34189.86256843066,32040.78549270073,32236.156135948902,12307800
2024-05-27,34434.07421875,35117.871437278365,32773.423830895386,33408.37839095745,7430800
2024-05-28,34775.9765625,34775.9765625,34141.02193425211,34678.291235077246,4463400
2024-05-29,34092.17578125,36045.8821297457,33994.49046382521,34727.130344511104,6868300
2024-05-30,35166.71484375,35410.92814127605,33261.85112304688,33506.06442057292,8152400
2024-05-31,34336.390625,35362.08650426743,34336.390625,35264.40118243243,2634500
2024-06-03,34336.390625,34336.390625,34336.390625,34336.390625,0
2024-06-04,34287.546875,34922.50144675926,34141.01889690171,34189.86155626781,3282900
2024-06-05,34336.390625,35459.77182610242,34287.54796408251,34678.28925142247,4617800
2024-06-06,33994.4921875,34629.446782956176,33799.12154274425,34385.2334770115,3062400
2024-06-07,34189.859375,34385.23,33994.48875,34092.1740625,2124000
2024-06-10,35362.0859375,35899.35519898136,34434.0753949413,34434.0753949413,6186600
2024-06-11,34775.9765625,35606.3018455934,34434.077916520364,35459.77385445927,4490900
2024-06-12,34922.50390625,34971.346569055946,34238.706626966785,34580.60526660839,3275500
2024-06-13,34531.7578125,35117.86968484795,34482.915156471005,35117.86968484795,3580700
2024-06-14,32236.154296875,34873.65783025568,32236.154296875,34580.60188210227,5510300
2024-06-17,32578.052734375,33115.32196987444,32236.154129966268,32626.895392147675,5119400
2024-06-18,33164.16796875,33506.0666076031,32724.58400451031,33017.63998067011,2555200
2024-06-19,32822.265625,33213.00688244047,32626.894996279763,33164.164225260414,3074300
2024-06-20,33213.01171875,33213.01171875,32626.89974724265,32724.585075827206,2558700
2024-06-21,33750.27734375,34043.33329753076,33213.00809515196,33213.00809515196,3665100
2024-06-24,32236.154296875,33603.748721590906,32236.154296875,33261.85011541193,4719500
2024-06-25,32822.265625,32919.95093936012,32236.153738839286,32480.367024739586,2336500
2024-06-26,35117.875,35117.875,32822.26981919332,33164.16846314325,10259700
2024-06-27,35166.71484375,35948.19739583333,34482.91761067708,35117.87218424479,6491300
2024-06-28,33408.37890625,35215.55729737756,32724.58167717471,35166.71463815789,7376400
2024-07-01,33506.06640625,33652.59439344934,32822.26913265306,33408.38108145044,3247900
2024-07-02,33799.12109375,33994.49173591041,33359.53714888909,33652.593112129696,2052100
2024-07-03,33799.12109375,34287.547699151015,33603.75045158959,33799.12109375,3127200
2024-07-04,34189.859375,34727.12859375,33359.53421875,33701.4328125,5654700
2024-07-05,34287.546875,34629.44549056268,33799.120281339034,34189.86155626781,3118000
2024-07-08,35655.140625,35655.140625,34287.5461900685,34531.75948202055,6637100
2024-07-09,37120.421875,37608.84847861842,36290.09664884868,36534.309950657895,8135400
2024-07-10,36143.56640625,37413.47549619933,36143.56640625,37266.94752428209,5595000
2024-07-11,36094.72265625,36925.04780531123,35801.66672128721,36631.99187034844,3800800
2024-07-12,37022.73828125,37315.79425709103,35850.514377885884,36094.72769108674,5392500
2024-07-15,37608.84765625,38097.27424918831,36729.67978896104,37022.73574472403,4631600
2024-07-16,37315.79296875,37853.06223924247,36925.05168111911,37608.84893447317,3256100
2024-07-17,34727.1328125,37315.793908227846,34727.1328125,37315.793908227846,10716900
2024-07-18,35215.55859375,35606.29988189147,33994.49206830791,34727.13198357316,3847700
2024-07-19,33701.43359375,35215.55597259964,33652.59093636776,35215.55597259964,5131800
2024-07-22,31991.94140625,33310.6931894084,31845.41343034352,33213.0078721374,6232700
2024-07-23,29891.708984375,32675.740703507967,29891.708984375,32236.15674785539,3977100
2024-07-24,31943.099609375,31943.099609375,29403.281291810017,29891.707891341743,5005100
2024-07-25,32236.154296875,32284.99695490057,31308.143794389205,31943.09834872159,1939700
2024-07-26,32333.83984375,33066.47971936367,32138.46921025302,32284.99718537576,2930200
2024-07-29,32724.580078125,32724.580078125,32333.838823460817,32724.580078125,2070300
2024-07-30,32480.3671875,33017.63641917293,31747.72732612782,32822.265789473684,2018800
2024-07-31,32236.154296875,32968.79416725852,32089.626322798296,32480.36758700284,2859400
2024-08-01,30673.189453125,32480.3678126244,30233.60552784136,32431.52515425955,3734300
2024-08-02,31601.201171875,31650.04383210974,29989.39338412867,29989.39338412867,2308900
2024-08-05,29403.28125,31552.35828488372,29403.28125,30966.24636627907,4195100
2024-08-06,30624.34765625,31015.088934160685,29696.33712121212,30575.504996511165,3084900
2024-08-07,31796.572265625,31894.2575874856,30575.50574236752,30770.876386088712,4143000
2024-08-08,31161.6171875,32040.78507053292,30917.403886657525,31356.987828173984,3006900
2024-08-09,31747.728515625,32040.78447115385,31503.51521935096,31845.41383413461,2928100
2024-08-12,32431.525390625,32675.7386842291,31650.042851091865,31796.570827254327,2727400
2024-08-13,32333.83984375,32480.36781887273,31991.941235130285,32431.525160498488,1986100
2024-08-14,32626.89453125,33017.63578312126,32138.467966410928,32431.52390531437,2924300
2024-08-15,31894.2578125,32529.21240907351,31845.41515122512,32529.21240907351,1954700
2024-08-16,33750.27734375,34043.33329753076,32187.31225691932,32236.15491588278,4684900
2024-08-19,33945.6484375,34141.01907598921,33701.435139388486,33799.12045863309,2026300
2024-08-20,34287.546875,34775.97346866097,33652.592303240745,33847.96294070513,3129900
2024-08-21,34434.07421875,34482.91687721631,33799.119658687945,34287.54624335106,2076700
2024-08-22,33994.4921875,34775.97476652299,33896.806865122126,34775.97476652299,2104500
2024-08-23,34629.4453125,34629.4453125,33799.12010754584,33994.49074400564,2069000
2024-08-26,34238.703125,35362.08425463623,34238.703125,35264.39893901569,1970400
2024-08-27,34141.01953125,34287.547512070814,33896.80622988197,34189.86219152361,1419700
2024-08-28,34824.81640625,35264.400344056805,34238.70448917426,34385.2324684432,4322400
2024-08-29,34482.91796875,35069.02988889872,34482.91796875,34922.501908861545,874100
2024-08-30,34531.7578125,34971.34171676096,34434.07250044201,34531.7578125,1249100
2024-09-04,33896.8046875,34141.017977755764,32626.895578170028,33994.4900036023,3842300
2024-09-05,33115.32421875,34092.17744054204,33066.481557660394,34043.33477945243,2268600
2024-09-06,33701.43359375,33799.118908514494,32871.10841825181,32919.95107563406,1687800
2024-09-09,33701.43359375,33896.80422327899,33213.007019927536,33652.59093636776,1066300
2024-09-10,33310.6953125,34043.335238728,33115.32466550586,33799.12192998533,1778700
2024-09-11,33310.6953125,33750.2792682368,32822.26869501466,33310.6953125,1827400
2024-09-12,33750.27734375,34336.389251311506,33506.064048932705,33603.74936685962,2146700
2024-09-13,33799.12109375,33994.49173591041,33603.75045158959,33994.49173591041,844400
2024-09-16,34092.17578125,34385.23173352436,33799.11982897564,33896.80514640043,3306400
2024-09-17,34775.9765625,34775.9765625,33945.6512794066,34092.17927054073,2885400
2024-09-18,34727.1328125,35508.61540743671,34727.1328125,35020.18878560127,3875900
2024-09-19,34873.66015625,34971.345478816525,34385.233543417366,34873.66015625,2640000
2024-09-20,34775.9765625,35459.77385445927,34678.291235077246,35459.77385445927,2374700
2024-09-23,34727.1328125,34873.66079905063,34482.91950158228,34775.975474683546,1808400
2024-09-24,35313.2421875,35459.77016338174,34580.602308091286,34580.602308091286,3633500
2024-09-25,35166.71484375,35606.29877929688,35117.87218424479,35508.61346028646,3793400
2024-09-26,35557.45703125,36045.88363882212,35264.40106670673,35655.14235276442,3546000
2024-09-27,35166.71484375,35801.66941731771,35069.029524739584,35801.66941731771,2615100
2024-09-30,34922.50390625,35264.40254589161,34775.97591783217,35264.40254589161,1844800
2024-10-01,35166.71484375,35801.66941731771,35069.029524739584,35264.400162760416,4110800
2024-10-02,35313.2421875,35752.82611514523,35069.028894363764,35069.028894363764,2572200
2024-10-03,34727.1328125,35606.3007318038,34336.391515031646,35362.08742088608,3456300
2024-10-04,34092.17578125,34922.50097936067,34092.17578125,34922.50097936067,2301700
2024-10-07,33994.4921875,34385.2334770115,33750.278881555314,34189.86283225575,1552900
2024-10-08,34238.703125,34531.75907186163,33994.48983594865,33994.48983594865,1379100
2024-10-09,34824.81640625,34824.81640625,34434.07512819951,34434.07512819951,1840800
2024-10-10,34824.81640625,35313.24300381311,34824.81640625,34971.34438551893,2462700
2024-10-11,34678.28515625,35069.02639744718,34434.07188050176,34873.655776848595,2128300
2024-10-14,35459.76953125,35606.29750451963,34775.9723226584,35069.02826919766,4002000
2024-10-15,34922.50390625,35606.301185533215,34775.97591783217,35459.773197115384,2210200
2024-10-16,35264.40234375,35264.40234375,34775.97571849031,34873.66104354224,2253700
2024-10-17,35166.71484375,35264.400162760416,34531.76027018229,35264.400162760416,2683300
2024-10-18,35020.1875,35899.35538702929,34971.34483960948,35166.71548117155,4558800
2024-10-21,34385.23046875,35166.71297940341,34385.23046875,35020.18500865589,1962200
2024-10-22,32968.796875,34531.76206018519,31991.94363425926,34482.91939814815,8186400
2024-10-23,32724.580078125,33066.478675956154,32284.9961666278,33066.478675956154,2834600
2024-10-24,32138.470703125,33017.63859469985,31943.100060552813,32822.26795212766,3868400
2024-10-25,31503.515625,32333.840843023256,31454.67296511628,32333.840843023256,2905000
2024-10-28,31747.728515625,31943.09915264423,31356.98724158654,31552.35787860577,2184400
2024-10-29,32187.3125,32284.99781866464,31894.256544006068,32040.784522003032,1808800
2024-10-30,31943.099609375,32431.52620890673,31845.414289468656,32187.312909140863,1420900
2024-10-31,32138.470703125,32236.15602441109,31894.25739990977,32040.78538183891,1348200
2024-11-01,31552.357421875,31943.09869025736,31308.144129136028,31943.09869025736,2875500
2024-11-04,30819.71875,31747.72929873217,30722.033429080824,31747.72929873217,2648300
2024-11-05,31356.986328125,31601.19961728485,30917.402407637263,31063.930381133177,2156300
2024-11-06,32968.796875,33066.482199074075,31650.045,31747.73032407408,4992000
2024-11-07,32578.052734375,33213.00728541979,32333.83944551162,33213.00728541979,3116400
2024-11-08,32138.470703125,32822.26795212766,32089.628042481952,32626.897309555472,3288000
2024-11-11,32626.89453125,32626.89453125,31943.097340475302,32138.467966410928,2587400
2024-11-12,32138.470703125,32919.953273413754,32138.470703125,32675.73997019852,2059300
2024-11-13,31796.572265625,32187.3135530674,31601.201621903805,31943.1002484159,2498000
2024-11-14,31057.1171875,32043.0574156746,30909.22615327381,32043.0574156746,2776900
2024-11-15,30564.146484375,31352.89865171371,30366.958442540323,30761.33452620968,3097000
2024-11-18,30712.037109375,31106.41318782604,29873.98794266653,30564.14607995586,2509300
2024-11-19,29972.58203125,30958.522229646383,29923.285021330183,30761.334189967107,2306700
2024-11-20,30366.958984375,30859.92909775771,29578.20680296266,29972.58289366883,2657000
2024-11-21,30761.333984375,30859.92800355569,30169.769869290867,30366.95790765225,1808500
2024-11-22,30465.552734375,30859.928821551377,30416.25572347796,30662.74077796319,1785700
2024-11-25,30465.552734375,30761.33479975728,30366.95871258091,30465.552734375,2182500
2024-11-26,30859.9296875,31155.71176118211,30564.14761381789,30564.14761381789,2765200
2024-11-27,30810.630859375,31057.11590625,30712.036840625,31057.11590625,1369700
2024-11-28,30909.2265625,31352.89967105264,30859.9295504386,30859.9295504386,2401700
2024-11-29,30859.9296875,31057.117736621407,30761.3356629393,30909.22669978036,1809200
2024-12-02,31007.8203125,31254.30537062798,30909.226289248807,31057.1173241256,1918400
2024-12-03,30465.552734375,31155.71088693366,30465.552734375,31155.71088693366,2569400
2024-12-04,29923.28515625,30564.1462880972,29923.28515625,30465.55226781301,2916000
2024-12-05,30909.2265625,31057.117598684214,29676.801260964912,29972.583333333336,2958200
2024-12-06,31599.384765625,32338.839947347893,30909.226596016968,31057.117632361544,5687900
2024-12-09,31648.681640625,31845.86968823014,31550.08761682243,31648.681640625,2153900
2024-12-10,31303.6015625,31845.8686761811,31254.304552165355,31796.57166584645,1802500
2024-12-11,31007.8203125,31500.79042875596,30810.63226599761,31303.60238225357,2909400
2024-12-12,31205.0078125,31747.27493088468,31155.71080173776,31155.71080173776,2559700
2024-12-13,30958.5234375,31205.008496715764,30909.226425656845,31155.71148487261,1142900
2024-12-16,30761.333984375,31155.71006109776,30613.44295560397,30958.52202273638,1315600
2024-12-17,30662.740234375,31007.819304536777,30662.740234375,31007.819304536777,948600
2024-12-18,30909.2265625,30909.2265625,30613.44449013158,30662.741502192985,762900
2024-12-19,30465.552734375,30712.037788860234,30317.66170168386,30465.552734375,2228300
2024-12-20,30465.552734375,30761.33479975728,30416.25572347796,30564.14675616909,956600
2024-12-23,30416.255859375,31007.819992782617,30268.36482602309,30859.928959430712,1803400
2024-12-24,30268.365234375,30712.03834041633,30219.068222592632,30416.25626972211,1861800
2024-12-25,30662.740234375,31057.116314559888,30416.255184259444,30416.255184259444,2092700
2024-12-26,30465.552734375,30859.928821551377,30416.25572347796,30859.928821551377,1144000
2024-12-27,30268.365234375,30761.335352198697,30268.365234375,30465.55328150448,1609600
2024-12-30,30120.474609375,30268.365646736907,30120.474609375,30268.365646736907,1070600
2024-12-31,29923.28515625,30219.067217102554,29923.28515625,30219.067217102554,1178200
2025-01-02,30071.17578125,30366.95783811475,30021.87877177254,30071.17578125,946400
2025-01-03,29873.98828125,30317.66137453589,29873.98828125,30169.770343440592,1619700
2025-01-06,28986.642578125,30169.770846619896,28986.642578125,29873.98877949617,2127100
2025-01-07,27902.107421875,29282.423690094965,27606.32536439929,29035.93864219854,3865500
2025-01-08,28247.1875,28789.45462478185,27162.6532504363,27902.10842059337,2445900
2025-01-09,28197.890625,28690.86074082168,28197.890625,28395.078671328672,1108600
2025-01-10,27606.326171875,28444.37535923549,27606.326171875,28197.890304129465,1211900
2025-01-13,27704.919921875,27852.81095348643,27211.94981650356,27754.216932412142,947000
2025-01-14,27359.841796875,27951.40594383446,27359.841796875,27704.92088260136,901200
2025-01-15,27803.513671875,27852.810681931514,27458.43460147939,27754.21666181848,680400
2025-01-16,27803.513671875,27852.810681931514,27458.43460147939,27754.21666181848,680400
2025-01-17,28345.78125,28789.45434782609,28000.702173913043,28000.702173913043,1314400
2025-01-20,28296.484375,28740.15747495645,28247.18736389373,28740.15747495645,1012900
2025-01-21,28000.703125,28592.26727552817,28000.703125,28444.37623789613,1030100
2025-01-22,27606.326171875,28197.890304129465,27606.326171875,28049.999271065848,1362800
2025-01-23,28050.0,28296.485061511423,27606.32688927944,27606.32688927944,1461800
2025-01-24,28395.078125,28542.969156901043,28197.89008246528,28197.89008246528,1613200
2025-01-27,28395.078125,28395.078125,28395.078125,28395.078125,0
2025-01-28,28395.078125,28395.078125,28395.078125,28395.078125,0
2025-01-29,28395.078125,28395.078125,28395.078125,28395.078125,0
2025-01-30,28395.078125,28395.078125,28395.078125,28395.078125,0
2025-01-31,28395.078125,28395.078125,28395.078125,28395.078125,0
2025-02-03,28838.751953125,29479.61310763889,28395.078846153847,28542.9698818109,2989200
2025-02-04,29085.236328125,29233.127360301907,28888.048285222456,29134.53333885064,1364800
2025-02-05,29035.939453125,29331.721518861417,28888.04842025679,29134.53347503714,1266300
2025-02-06,28789.455078125,29282.42519932577,28740.15806600492,29282.42519932577,1349500
2025-02-07,28986.642578125,29528.909701185163,28690.86051100128,28789.45453337585,2297000
2025-02-10,28395.078125,28986.642252604168,28395.078125,28986.642252604168,1699500
2025-02-11,28493.671875,28542.96888516436,28247.1868241782,28542.96888516436,1079300
2025-02-12,28345.78125,28888.04836956522,28345.78125,28740.15733695652,958300
2025-02-13,29035.939453125,29183.830485993207,28345.781299740025,28395.07831069609,2968500
2025-02-14,29923.28515625,30564.1462880972,29331.72103454489,29381.018044686985,5564300
2025-02-17,30120.474609375,30810.632783730565,30021.88058446706,30021.88058446706,4781800
2025-02-18,30416.255859375,30416.255859375,29923.285748201983,30317.6618371404,2969100
2025-02-19,31205.0078125,31303.60183402449,30416.25564030411,30761.33471563981,6110400
2025-02-20,31895.166015625,32043.057048154948,30958.52280960201,31254.304874661902,6240800
2025-02-21,31944.462890625,32043.05691189236,31303.601752387152,31895.16587999132,3890300
2025-02-24,31993.759765625,32141.65079689908,31451.49265095339,31993.759765625,3295100
2025-02-25,31648.681640625,32092.35474773657,31402.196581118576,32043.05773583528,2746800
2025-02-26,32141.650390625,32437.43244943444,31747.274312212423,31845.868331815567,4286200
2025-02-27,32240.24609375,32240.24609375,31451.493895737767,32092.355056622702,3126500
2025-02-28,32930.40234375,33324.77841972306,31895.165144320734,32240.24421079716,6457800
2025-03-03,32634.62109375,33176.88821162198,32536.02707231873,33127.59120090635,2783900
2025-03-04,33028.99609375,33472.669175606345,32437.431984608207,32536.026002798502,5964800
2025-03-05,32536.02734375,33127.59147727273,32536.02734375,33127.59147727273,2713400
2025-03-06,33521.96875,33521.96875,32536.02849264706,32536.02849264706,4939600
2025-03-07,33028.99609375,33620.56020289179,33028.99609375,33521.966184701494,3000600
2025-03-10,32831.80859375,33226.1846729542,32683.91756404842,33127.59065315315,2626600
2025-03-11,32930.40234375,32979.69935324663,31845.868134824104,32536.026267776942,3157200
2025-03-12,32338.83984375,32930.40398723324,32338.83984375,32831.80996331936,2208000
2025-03-13,32536.02734375,33275.48251065341,32289.54228811553,32437.433321496213,4500600
2025-03-14,32831.80859375,33176.88766305368,32486.72952444632,32536.026534346845,4168200
2025-03-17,32585.32421875,32979.70030611762,32388.136175066185,32881.10628427572,2746500
2025-03-18,32930.40234375,33275.48141022642,32486.72925828032,32733.214305763475,4240900
2025-03-19,34310.71875,34852.98585668104,32831.808459051725,32930.402478448275,8590800
2025-03-20,34014.9375,34507.90760869565,33521.967391304344,34507.90760869565,2368900
2025-03-21,34064.234375,34803.68953509406,33867.046332308244,34014.93736432706,4101100
2025-03-24,33669.859375,34113.532485358715,33226.18626464129,34064.23547309663,2533500
2025-03-25,34113.53125,34852.98640715318,33423.3731033237,33817.749187138725,4845000
2025-03-26,34014.9375,34409.31358695652,33768.452445652176,34014.9375,2813400
2025-03-27,34458.609375,34655.797411480686,34014.93629291846,34064.23330203863,3998000
2025-03-28,34310.71875,35099.47090517241,34310.71875,34557.20379849138,4680600
2025-03-31,31944.462890625,34310.719401041664,31944.462890625,34162.828369140625,9067500
2025-04-01,31402.1953125,32289.541490875195,31155.710262951336,31993.7594314168,3786400
2025-04-02,31451.4921875,31845.868265086207,31254.30414870689,31500.789197198275,1929900
2025-04-03,29282.423828125,29676.799906618267,29282.423828125,29282.423828125,3332700
2025-04-04,27261.24609375,27261.24609375,27261.24609375,27261.24609375,1437200
2025-04-08,25387.9609375,25387.9609375,25387.9609375,25387.9609375,461900
2025-04-09,23613.267578125,23613.267578125,23613.267578125,23613.267578125,459100
2025-04-10,25240.0703125,25240.0703125,25240.0703125,25240.0703125,2523800
2025-04-11,25634.4453125,26423.19747596154,23514.67387319712,24155.535006009617,10906200
2025-04-14,25831.6328125,26916.167014551527,25437.25673902672,26866.870005367367,4547200
2025-04-15,24056.94140625,25634.4457607582,24056.94140625,25190.772661052768,6815900
2025-04-16,23169.595703125,24648.506067154256,23169.595703125,23761.1598487367,6426600
2025-04-17,23859.75390625,24056.941955061982,23021.70469879907,23021.70469879907,4874600
2025-04-18,24155.53515625,24451.317219387754,24155.53515625,24451.317219387754,3253400
2025-04-21,23366.783203125,24254.129400712023,23268.189181170885,24155.53537875791,2932600
2025-04-22,21986.466796875,23317.48608726878,21739.98174309837,23268.18907651345,6821400
2025-04-23,22824.515625,23268.188714902808,21394.90233531317,22528.733565064795,6047400
2025-04-24,23218.892578125,24155.535803144903,22972.40751890924,23071.001542595543,5767100
2025-04-25,23465.376953125,23662.5649947479,23218.891901096376,23317.485921907824,3552300
2025-04-28,23169.595703125,23662.565824468085,22824.51661818484,23662.565824468085,2733400
2025-04-29,23366.783203125,23662.565268987342,22972.407115308542,23169.59515921677,3078300
2025-04-30,23366.783203125,23366.783203125,23366.783203125,23366.783203125,0
2025-05-01,23366.783203125,23366.783203125,23366.783203125,23366.783203125,0
2025-05-02,23366.783203125,23366.783203125,23366.783203125,23366.783203125,0
2025-05-05,23366.783203125,23366.783203125,23366.783203125,23366.783203125,0
2025-05-06,24500.615234375,24549.91224691901,23662.56602112676,23761.160046214787,5919600
2025-05-07,23958.34765625,24796.396854102368,23958.34765625,24796.396854102368,4005900
2025-05-08,24500.615234375,24796.397309639084,23859.754071302817,23859.754071302817,4378300
2025-05-09,26176.712890625,26176.712890625,24747.099568914786,24796.39658000824,10064000
2025-05-12,26176.712890625,26176.712890625,26176.712890625,26176.712890625,0
2025-05-13,27557.029296875,27754.21734193314,26373.901026526164,26423.1980377907,8097300
2025-05-14,28247.1875,28444.375545375216,27852.811409249563,27951.40543193717,6543300
2025-05-15,27606.326171875,28296.484326171874,27458.435138811383,28296.484326171874,5543500
2025-05-16,27704.919921875,27902.107964023577,27064.058784892124,27704.919921875,4569500
2025-05-19,26817.57421875,27655.623413085938,26817.57421875,27113.35628733916,3455100
2025-05-20,26817.57421875,27655.623413085938,26817.57421875,27113.35628733916,3455100
2025-05-21,27310.544921875,27606.326996841155,26620.38674695397,26817.574796931407,3284000
2025-05-22,26916.16796875,27557.02911086309,26768.27693595468,27557.02911086309,2845700
2025-05-23,26472.494140625,27310.5433033636,26472.494140625,26866.87021720787,3665000
2025-05-26,28444.375,28444.375,26127.415511265164,26817.57365684576,7422100
2025-05-27,28444.375,28444.375,26127.415511265164,26817.57365684576,7422100
2025-05-28,28986.642578125,29085.23660049957,28690.86051100128,28986.642578125,5066500
2025-05-29,29233.126953125,29972.58210370995,28838.750872813027,29085.235923008007,5838800
2025-05-30,28986.642578125,29873.98877949617,28937.34556693771,29873.98877949617,4316900
2025-06-02,28888.048828125,28937.34583977709,28148.593653343643,28148.593653343643,3274700
2025-06-03,28888.048828125,28937.34583977709,28148.593653343643,28148.593653343643,3274700
2025-06-04,29085.236328125,29233.127360301907,28838.751274496823,28986.64230667373,3373000
2025-06-05,28740.158203125,29430.316376098843,28641.564178414454,29282.42533903302,2090200
2025-06-06,28789.455078125,29282.42519932577,28690.861053884844,28789.455078125,2329100
2025-06-09,27310.544921875,28247.188159267826,26965.465834414485,28050.000109290388,2841100
2025-06-10,27310.544921875,28247.188159267826,26965.465834414485,28050.000109290388,2841100
2025-06-11,27754.216796875,28099.295868949823,27359.84071450377,27507.731745392983,1650100
2025-06-12,27359.841796875,28049.999968327706,27211.950760135136,28049.999968327706,1332600
2025-06-13,28148.59375,28395.07880910683,27606.326619964973,27606.326619964973,2196400
2025-06-16,27606.326171875,27606.326171875,26817.57399553572,26817.57399553572,1588300
2025-06-17,27606.326171875,27606.326171875,26817.57399553572,26817.57399553572,1588300
2025-06-18,28493.671875,28493.671875,27655.62270220588,27803.51373269896,4712300
2025-06-19,28592.265625,29035.93871228448,28345.78057650862,28592.265625,3837000
2025-06-20,29479.61328125,30021.88041518604,28592.26706208194,28592.26706208194,7153300
2025-06-23,29381.017578125,30366.9577653104,28049.998325424705,28444.374400298868,4683800
2025-06-24,29381.017578125,30366.9577653104,28049.998325424705,28444.374400298868,4683800
2025-06-25,29233.126953125,29775.39406355396,29035.938912969013,29775.39406355396,5252900
2025-06-26,30366.958984375,30909.22610909598,29282.42473493304,29578.20680296266,6556600
2025-06-27,30071.17578125,30465.55185706967,29824.690733862702,30366.95783811475,1932500
2025-06-30,29873.98828125,30514.849415996287,29726.097250154704,30120.473333075493,2514100
2025-07-01,29873.98828125,30514.849415996287,29726.097250154704,30120.473333075493,2514100
2025-07-02,30712.037109375,30859.92813879414,29972.58196227929,30219.0670113112,5298600
2025-07-03,30810.630859375,31944.462075,30662.73983125,30761.33385,4471900
2025-07-04,29183.830078125,30219.06729373417,28838.75100625528,30021.87925266576,13342000
2025-07-07,29331.720703125,29676.799770220587,29134.532664784663,29282.42369353992,2774500
2025-07-08,29331.720703125,29676.799770220587,29134.532664784663,29282.42369353992,2774500
2025-07-09,29578.20703125,30120.47416015625,29381.018984375,30071.1771484375,4327300
2025-07-10,29430.31640625,29824.69250549623,29381.01939384422,29824.69250549623,3949300
2025-07-11,29676.80078125,30219.067905159885,29331.721702398256,29479.612736191862,5198000
2025-07-14,30219.068359375,30465.553419402528,29233.12811926489,29873.98927533646,5703300
2025-07-15,30219.068359375,30465.553419402528,29233.12811926489,29873.98927533646,5703300
2025-07-16,29676.80078125,30416.255950218023,29676.80078125,30268.36491642442,4106500
2025-07-17,29430.31640625,29873.98951790201,29430.31640625,29775.39549309045,4022600
2025-07-18,29627.50390625,30268.36505563644,29479.612871776208,29676.800917741264,6703000
2025-07-21,30169.771484375,30859.92965558619,30021.880447686886,30169.771484375,5345100
2025-07-22,30169.771484375,30859.92965558619,30021.880447686886,30169.771484375,5345100
2025-07-23,30021.87890625,30268.36395474138,29676.79983836207,30071.175915948275,3675700
2025-07-24,30613.443359375,30761.334390096617,30169.770267210144,30219.06727745069,6916300
2025-07-25,31205.0078125,31697.97792012244,30613.44368335308,31057.11678021327,6627900
2025-07-28,30958.5234375,31500.79056777468,30613.44435459793,30859.92941381369,9787300
2025-07-29,30958.5234375,31500.79056777468,30613.44435459793,30859.92941381369,9787300
2025-07-30,29085.236328125,31550.086864406778,29085.236328125,31352.89882150424,9990800
2025-07-31,29085.236328125,29676.800456832625,28542.96921014301,29134.53333885064,4900900
2025-08-01,29676.80078125,30514.84997274709,29233.127679869187,29972.58284883721,5841300
2025-08-04,29479.61328125,29824.692366482024,29183.83120819398,29183.83120819398,2427700
2025-08-05,29479.61328125,29824.692366482024,29183.83120819398,29183.83120819398,2427700
2025-08-06,29528.91015625,30514.8503951899,28395.078881469115,29578.207168197,6630700
2025-08-07,29824.69140625,29972.58243801653,29381.01831095041,29627.50336389463,4244400
2025-08-08,30662.740234375,31451.49239474477,30317.661164213223,30465.552194282554,8822900
2025-08-11,32141.650390625,32240.244410228144,30219.067008363687,30219.067008363687,16551700
2025-08-12,32141.650390625,32240.244410228144,30219.067008363687,30219.067008363687,16551700
2025-08-13,31993.759765625,32486.72986987192,31451.49265095339,32486.72986987192,5985900
2025-08-14,32190.947265625,32733.214371171514,31550.08614088821,32141.65025602986,9515500
2025-08-15,31648.681640625,32338.83980724299,31451.493593019863,32240.245783440423,7598600
2025-08-18,31303.6015625,31747.27465551181,30859.92846948819,30958.52249015748,4974300
2025-08-19,31303.6015625,31747.27465551181,30859.92846948819,30958.52249015748,4974300
2025-08-20,31205.0078125,31796.57194164692,31106.413790975515,31550.086887835703,4565400
2025-08-21,31747.275390625,32388.13653981464,30712.03814962636,31402.19631029212,9685600
2025-08-22,31254.3046875,32979.70005668375,31205.007676951893,32141.65087736593,6927300
2025-08-25,28000.703125,29578.20752640845,27951.406112455985,29479.613501320426,4989200
2025-08-26,28000.703125,29578.20752640845,27951.406112455985,29479.613501320426,4989200
2025-08-27,28789.455078125,28838.75209024508,27852.81184784353,28099.29690844392,3730100
2025-08-28,28740.158203125,29183.83131432247,28592.267166059177,28986.643264901373,2712000
2025-08-29,28789.455078125,29035.940138725386,28641.56404176477,29035.940138725386,2640700
2025-09-01,28789.455078125,28789.455078125,28789.455078125,28789.455078125,0
2025-09-02,28789.455078125,28789.455078125,28789.455078125,28789.455078125,0
2025-09-03,28888.048828125,29282.424921341724,28592.26675821246,28641.563769864548,2775000
2025-09-04,28888.048828125,29282.424921341724,28592.26675821246,28641.563769864548,2775000
2025-09-05,29085.236328125,29282.42437102754,28888.048285222456,29085.236328125,3336000
2025-09-08,28395.078125,29873.98844401041,28395.078125,29873.98844401041,4599400
2025-09-09,28395.078125,29873.98844401041,28395.078125,29873.98844401041,4599400
2025-09-10,28197.890625,28592.26671765734,28000.702578671328,28395.078671328672,2423500
2025-09-11,27902.107421875,28493.67153682641,27852.81041229572,28493.67153682641,2812000
2025-09-12,28345.78125,28395.078260869566,27606.32608695652,28197.890217391305,2590300
2025-09-15,29430.31640625,29578.207443467338,28937.34628219221,29085.23731940955,2734300
2025-09-16,29430.31640625,29578.207443467338,28937.34628219221,29085.23731940955,2734300
2025-09-17,29035.939453125,29726.09760650997,29035.939453125,29726.09760650997,2089300
2025-09-18,28493.671875,29183.83001730104,28493.671875,29085.23599697232,2606000
2025-09-19,28395.078125,28592.266167534723,28197.89008246528,28592.266167534723,1614500
2025-09-22,27902.107421875,28444.374527247128,27852.81041229572,28296.483498509275,1376400
2025-09-23,27902.107421875,28444.374527247128,27852.81041229572,28296.483498509275,1376400
2025-09-24,27704.919921875,28296.48404832073,27704.919921875,28296.48404832073,841800
2025-09-25,28197.890625,28197.890625,27606.326486013983,27754.21752076049,1004700
2025-09-26,28395.078125,28592.266167534723,28197.89008246528,28395.078125,1186300
2025-09-29,27852.810546875,28296.4836352323,27852.810546875,28197.889615597345,827200
2025-09-30,27852.810546875,28296.4836352323,27852.810546875,28197.889615597345,827200
2025-10-01,27310.544921875,27902.10907180731,27064.0598594032,27852.81205931295,2051500
2025-10-02,27458.435546875,27606.326582136444,27359.84152336737,27359.84152336737,690600
2025-10-03,26916.16796875,27655.62313272665,26768.27693595468,27507.73209993132,1751100
2025-10-06,27162.65234375,27162.65234375,26521.791217672413,26916.16729525862,2309200
2025-10-07,27162.65234375,27162.65234375,26521.791217672413,26916.16729525862,2309200
2025-10-08,26965.46484375,27507.731961266,26916.167833066727,27261.24690784964,989500
2025-10-09,27064.05859375,27458.43467526184,26916.16756318306,27310.5436446949,1029600
2025-10-10,27606.326171875,28148.593293108257,26768.27698451451,27113.356061662947,3675400
2025-10-13,28099.296875,28542.96998355264,27458.43571820176,27507.73273026316,3580700
2025-10-14,28099.296875,28542.96998355264,27458.43571820176,27507.73273026316,3580700
2025-10-15,27458.435546875,28345.78175844367,27409.138535121183,28345.78175844367,2466800
2025-10-16,27064.05859375,27655.62271601776,26866.87055299408,27458.43467526184,2559800
2025-10-17,26817.57421875,27310.544333065256,26718.980195886947,27211.950310202206,3624800
2025-10-20,24894.990234375,26916.167659344057,24894.990234375,26620.385597153465,3351500
2025-10-21,24894.990234375,26916.167659344057,24894.990234375,26620.385597153465,3351500
2025-10-22,25042.880859375,25535.850955031987,24155.53468719242,24648.50478284941,3055400
2025-10-23,26127.416015625,26127.416015625,25190.77279997052,25338.663834021227,2127900
2025-10-24,25733.0390625,26373.900188577587,25733.0390625,26324.60317887931,872300
2025-10-27,27014.76171875,27754.21687528513,26718.979656135947,26718.979656135947,3939900
2025-10-28,27014.76171875,27754.21687528513,26718.979656135947,26718.979656135947,3939900
2025-10-29,27162.65234375,27211.949353448275,26373.900188577587,27113.355334051725,1413900
2025-10-30,27704.919921875,28197.89002724644,27064.058784892124,27359.84084811499,3912600
2025-10-31,27951.404296875,28148.592334242727,27211.94915674603,27902.107287533072,3349800
2025-11-03,27951.404296875,29035.938502397486,27951.404296875,28690.85943700397,5166700
2025-11-04,28345.78125,28542.96929347826,26965.464945652173,28099.29619565217,3723200
2025-11-05,28345.78125,28542.96929347826,26965.464945652173,28099.29619565217,3723200
2025-11-06,28296.484375,29479.61264155052,28296.484375,29233.127586019164,3783400
2025-11-07,27409.138671875,28641.563971869386,27409.138671875,28247.18787587118,3195500
2025-11-10,27557.029296875,28296.484465843023,27359.841251816862,27704.920330668607,2280900
2025-11-11,27507.732421875,27902.10851394489,27310.54437584005,27803.51449092742,1510800
2025-11-12,28050.0,28099.29701230229,27557.029876977154,27704.920913884005,1674100
2025-11-13,28500.0,29100.0,28200.0,28200.0,3905600
2025-11-14,28400.0,28950.0,28300.0,28500.0,2269200
2025-11-17,29100.0,29250.0,28500.0,28800.0,4627400
2025-11-18,28250.0,29150.0,28250.0,29100.0,4239500
2025-11-19,28000.0,28700.0,27650.0,28350.0,2915700
2025-11-20,28000.0,28450.0,27550.0,28100.0,1872300
2025-11-21,27800.0,27950.0,27450.0,27650.0,1915000
2025-11-24,27700.0,28100.0,27700.0,28000.0,884600
2025-11-25,27100.0,28100.0,27000.0,27600.0,2656500
2025-11-26,27500.0,27800.0,27150.0,27150.0,1192000
2025-11-27,27900.0,27900.0,27500.0,27550.0,1797500
2025-11-28,27300.0,27900.0,27250.0,27900.0,2071100
2025-12-01,26700.0,27600.0,26700.0,27350.0,1889700
2025-12-02,27750.0,27800.0,26400.0,26400.0,2666600
2025-12-03,27700.0,27900.0,27450.0,27750.0,2066500
2025-12-04,27700.0,27900.0,27450.0,27750.0,2066500
2025-12-05,27400.0,28000.0,27200.0,28000.0,3578600
2025-12-08,26950.0,27550.0,26800.0,27450.0,3507000
2025-12-09,26900.0,27150.0,26550.0,26900.0,2669000
2025-12-10,26750.0,27100.0,26750.0,26800.0,1098300
2025-12-11,26650.0,27000.0,26600.0,26800.0,1028300
2025-12-12,25300.0,26800.0,25100.0,26700.0,2898000
2025-12-15,25600.0,26000.0,25250.0,25300.0,1872800
2025-12-16,26500.0,26500.0,25600.0,25800.0,1904800
2025-12-17,26300.0,26650.0,26200.0,26500.0,1757900
2025-12-18,26300.0,26650.0,26200.0,26500.0,1757900
2025-12-19,26450.0,26750.0,26450.0,26500.0,855000
2025-12-22,26600.0,26800.0,26450.0,26450.0,1127300
2025-12-23,26250.0,26850.0,26250.0,26650.0,1072000
2025-12-24,26000.0,26600.0,25900.0,26400.0,1436000
2025-12-25,26000.0,26600.0,25900.0,26400.0,1436000
2025-12-26,25500.0,25950.0,25200.0,25550.0,1406500
2025-12-29,26000.0,26200.0,25600.0,25600.0,1106300
2025-12-30,26600.0,26900.0,26150.0,26200.0,2111300
2025-12-31,26200.0,26800.0,26200.0,26600.0,1021300
2026-01-01,26200.0,26200.0,26200.0,26200.0,0
2026-01-02,26200.0,26200.0,26200.0,26200.0,0
2026-01-05,25750.0,26450.0,25500.0,26200.0,1408600
2026-01-06,27550.0,27550.0,25850.0,25850.0,4061800
2026-01-07,29450.0,29450.0,28500.0,28550.0,13681500
2026-01-08,30050.0,30900.0,29600.0,30900.0,10234200
2026-01-09,31600.0,32000.0,30300.0,30400.0,9394000
2026-01-12,32200.0,32950.0,31000.0,32300.0,8946600
2026-01-13,34000.0,34450.0,31550.0,32100.0,14389700
2026-01-14,36350.0,36350.0,33700.0,34300.0,14095400
2026-01-15,37350.0,38850.0,35800.0,36350.0,11037100
2026-01-16,35900.0,38500.0,35550.0,37400.0,8596200
2026-01-19,38000.0,38400.0,35950.0,36000.0,9356800
2026-01-20,39000.0,40650.0,37600.0,39200.0,10142500
2026-01-21,38500.0,39500.0,36500.0,38000.0,8356100
2026-01-22,39000.0,40800.0,38500.0,39050.0,7081600
2026-01-23,36900.0,38850.0,36600.0,38550.0,6548400
2026-01-26,38650.0,39350.0,36650.0,36650.0,8681600
2026-01-27,39850.0,40600.0,38400.0,38700.0,8227600
2026-01-28,38200.0,42400.0,38200.0,41150.0,13817900
2026-01-29,40850.0,40850.0,37900.0,38200.0,9435700
2026-01-30,39850.0,41800.0,39650.0,40850.0,6315900
2026-02-02,41800.0,41800.0,39650.0,40000.0,8064000
2026-02-03,42800.0,43800.0,41000.0,42000.0,9200800
2026-02-04,41700.0,43000.0,40500.0,42600.0,6342400
2026-02-05,40000.0,41700.0,40000.0,41700.0,6209000
2026-02-06,39000.0,40850.0,38850.0,39000.0,5838700
2026-02-09,38650.0,39700.0,38600.0,39500.0,2801400
2026-02-10,35950.0,38900.0,35950.0,38000.0,10816400
2026-02-11,35300.0,36800.0,35200.0,35950.0,5445000
2026-02-12,35350.0,36200.0,35300.0,36000.0,2433900
2026-02-13,36400.0,36400.0,35100.0,35500.0,3173000
2026-02-16,36400.0,36400.0,36400.0,36400.0,0
2026-02-17,36400.0,36400.0,36400.0,36400.0,0
2026-02-18,36400.0,36400.0,36400.0,36400.0,0
2026-02-19,36400.0,36400.0,36400.0,36400.0,0
2026-02-20,36400.0,36400.0,36400.0,36400.0,0
2026-02-23,38900.0,38900.0,37000.0,37500.0,2792600
2026-02-24,39450.0,40300.0,39050.0,39550.0,8201000
2026-02-25,42200.0,42200.0,39500.0,39800.0,11972300
2026-02-26,40800.0,42900.0,40050.0,42600.0,6612100
2026-02-27,40000.0,42300.0,39800.0,40800.0,6357900
2026-03-02,42800.0,42800.0,37500.0,38800.0,16546200
2026-03-03,42800.0,42800.0,37500.0,38800.0,16546200
2026-03-04,43600.0,46500.0,42800.0,46000.0,8585300
2026-03-05,40550.0,42900.0,40550.0,42600.0,7891200
2026-03-06,37750.0,41100.0,37750.0,39650.0,8579500
2026-03-09,35150.0,35150.0,35150.0,35150.0,1767500
2026-03-10,33350.0,36100.0,32700.0,35150.0,14546300
2026-03-11,35650.0,35650.0,33350.0,33350.0,4178200
2026-03-12,35800.0,37850.0,35100.0,35700.0,5803200
2026-03-13,34000.0,36050.0,33300.0,35300.0,7857500
2026-03-16,33050.0,34400.0,32500.0,33300.0,4862300
2026-03-17,33300.0,34100.0,33200.0,33900.0,2762700
2026-03-18,34000.0,34500.0,32950.0,33050.0,3530400
2026-03-19,32450.0,33500.0,32050.0,33500.0,4199100
2026-03-20,30750.0,32400.0,30700.0,32400.0,4793600
2026-03-23,28600.0,30500.0,28600.0,29700.0,5932600
2026-03-24,28700.0,29850.0,28600.0,29300.0,3819500
2026-03-25,30500.0,30500.0,29350.0,29450.0,3946500
2026-03-26,30000.0,30500.0,29650.0,30250.0,2429400
2026-03-27,32100.0,32100.0,30000.0,30000.0,4463000
2026-03-30,33100.0,33400.0,31150.0,31200.0,5368600
2026-03-31,31700.0,33500.0,31700.0,33500.0,3647100
2026-04-01,32500.0,33000.0,32300.0,32500.0,3228800
2026-04-02,32100.0,32650.0,31800.0,31800.0,2491400
2026-04-03,32050.0,32900.0,31500.0,32100.0,2702000
2026-04-06,31450.0,31900.0,30850.0,31900.0,1823400
2026-04-07,31500.0,31850.0,30500.0,31600.0,1758900
2026-04-08,33200.0,33400.0,32050.0,32500.0,3915600
2026-04-09,32800.0,33000.0,32350.0,32700.0,2438700
2026-04-10,33650.0,34100.0,32700.0,32800.0,4553100
2026-04-13,32600.0,34150.0,32600.0,33000.0,3696900
2026-04-14,32700.0,33100.0,32350.0,33000.0,2532000
2026-04-15,33000.0,33150.0,31900.0,33100.0,3427600
2026-04-16,32200.0,32950.0,32150.0,32900.0,2608700
2026-04-17,33500.0,34150.0,32250.0,32400.0,7670800
2026-04-20,33000.0,33750.0,32850.0,33500.0,2060200
2026-04-21,32650.0,33200.0,32450.0,33000.0,2498000
2026-04-22,32750.0,32800.0,32200.0,32800.0,1974400
2026-04-23,32600.0,33450.0,32100.0,32900.0,2807500
2026-04-24,33350.0,33500.0,32700.0,32700.0,3028100
2026-04-27,33350.0,33350.0,33350.0,33350.0,0
2026-04-28,33000.0,33400.0,32300.0,33300.0,2409800
2026-04-29,33700.0,34300.0,32500.0,32850.0,4047300
2026-04-30,33700.0,33700.0,33700.0,33700.0,0
2026-05-01,33700.0,33700.0,33700.0,33700.0,0
2026-05-04,36050.0,36050.0,33800.0,34200.0,8648600
2026-05-05,35200.0,36450.0,34700.0,36100.0,3995600
2026-05-06,35800.0,35950.0,34900.0,35300.0,4387700
2026-05-07,35850.0,36900.0,35250.0,35800.0,5267800
2026-05-08,35700.0,36600.0,34950.0,35850.0,3718400
2026-05-11,34750.0,35900.0,34650.0,35900.0,4902100
2026-05-12,36300.0,36450.0,34200.0,34800.0,4448700
2026-05-13,36800.0,37800.0,36300.0,36400.0,6025700
2026-05-14,36200.0,37200.0,36100.0,37100.0,2812800
2026-05-15,37750.0,37850.0,36500.0,36800.0,6754600
2026-05-18,39300.0,40000.0,37000.0,37700.0,5789400
2026-05-19,36550.0,39600.0,36550.0,39600.0,8321000
2026-05-20,37600.0,37800.0,34000.0,35950.0,8781200
2026-05-21,36200.0,37950.0,36000.0,37650.0,2582700
2026-05-22,35300.0,36500.0,35200.0,36500.0,2908400
2026-05-25,34300.0,35300.0,34300.0,34950.0,2522300
2026-05-26,35150.0,35300.0,34350.0,34650.0,1557200
2026-05-27,34800.0,35500.0,34350.0,35500.0,2334400
2026-05-28,34350.0,35300.0,34250.0,34550.0,2688300
2026-05-29,34900.0,35000.0,33800.0,34550.0,3248500
2026-06-01,35050.0,35700.0,34850.0,35250.0,2044700
2026-06-02,34600.0,35050.0,34200.0,35050.0,1757800
2026-06-03,34650.0,35000.0,34250.0,34250.0,1330200
2026-06-04,35350.0,36000.0,34900.0,34900.0,2947200
2026-06-05,34800.0,35600.0,34700.0,35600.0,2075500
2026-06-08,33500.0,34750.0,33200.0,34200.0,4176100
2026-06-09,33400.0,33900.0,33000.0,33250.0,2036300
2026-06-10,33950.0,34100.0,33250.0,33250.0,1361500
2026-06-11,35400.0,35400.0,33500.0,33500.0,5014200
2026-06-12,35000.0,35600.0,34750.0,35500.0,1481200
2026-06-15,35300.0,35900.0,34950.0,35400.0,1964200
2026-06-16,35300.0,35800.0,35050.0,35700.0,1740800
2026-06-17,35550.0,35850.0,35200.0,35400.0,1940400
2026-06-18,35550.0,36200.0,35450.0,35600.0,2554000
2026-06-19,35100.0,35550.0,34600.0,35550.0,2075600
2026-06-22,34500.0,35100.0,34300.0,35000.0,2204200
2026-06-23,33550.0,34950.0,33500.0,34700.0,3035700
2026-06-24,33650.0,33750.0,32600.0,33600.0,2912800
2026-06-25,33100.0,33650.0,32900.0,33650.0,1238200
2026-06-26,32100.0,33200.0,32050.0,32800.0,2752100
2026-06-29,32600.0,32650.0,32050.0,32100.0,1216700
2026-06-30,32800.0,33100.0,32700.0,32850.0,1406600
2026-07-01,32800.0,33100.0,32700.0,32850.0,1406600
2026-07-02,33000.0,33600.0,33000.0,33150.0,1562700
2026-07-03,32500.0,33150.0,32500.0,33000.0,1487500
2026-07-06,31000.0,32650.0,30500.0,32600.0,2561300
2026-07-07,31450.0,31600.0,30600.0,31000.0,1970000
2026-07-08,31500.0,31850.0,31100.0,31550.0,1083200
2026-07-09,31500.0,32000.0,31500.0,31700.0,1088100
2026-07-10,30600.0,31600.0,30600.0,31500.0,1002000
2026-07-13,29500.0,30900.0,29300.0,30700.0,1978500
2026-07-14,30500.0,30600.0,29700.0,29700.0,1379100
2026-07-15,30100.0,30700.0,30000.0,30600.0,1005100
2026-07-16,30250.0,30450.0,29250.0,30100.0,1225400
2026-07-17,29700.0,30400.0,29600.0,30400.0,805000
2026-07-20,27900.0,29700.0,27900.0,29700.0,1635100
2026-07-21,27350.0,28400.0,27200.0,27900.0,993500
2026-07-22,27150.0,28150.0,27100.0,27100.0,1768300
2026-07-23,27100.0,27850.0,26100.0,27550.0,2528200
2026-07-24,26200.0,27100.0,26200.0,27050.0,1312600
2026-07-27,26000.0,26950.0,26000.0,26300.0,1547600
2026-07-28,26350.0,26850.0,25550.0,25850.0,1180100
2026-07-29,26750.0,26750.0,26300.0,26500.0,1239700
2026-07-30,27550.0,27900.0,26750.0,26750.0,1627200
2026-07-31,27500.0,28400.0,27500.0,27900.0,2216700
2026-08-03,28200.0,28500.0,27650.0,27700.0,1804000
2026-08-04,28500.0,28600.0,28050.0,28300.0,1402200
2026-08-05,28150.0,28750.0,28050.0,28650.0,1300700
2026-08-06,27850.0,28300.0,27750.0,28150.0,1138800
2026-08-07,29750.0,29750.0,28200.0,28250.0,2129200
2026-08-10,31800.0,31800.0,31100.0,31800.0,6118100
2026-08-11,31400.0,32200.0,31250.0,31800.0,2514400
2026-08-12,32250.0,32650.0,31300.0,31400.0,3730100
2026-08-13,32650.0,32900.0,31850.0,32000.0,4974900
2026-08-14,31200.0,32600.0,31200.0,32250.0,3662700
2026-08-17,31350.0,32100.0,30900.0,31200.0,1799100
2026-08-18,32000.0,32900.0,31350.0,31600.0,3420700
2026-08-19,31700.0,32300.0,31450.0,32300.0,1513300
2026-08-20,31450.0,31950.0,31200.0,31950.0,1405800
2026-08-21,31700.0,32000.0,31200.0,31250.0,708581
