Price,Close,High,Low,Open,Volume
Ticker,HCM.VN,HCM.VN,HCM.VN,HCM.VN,HCM.VN
Date,,,,,
2010-02-22,3893.19580078125,3927.956528661554,3858.435072900946,3927.956528661554,1094563
2010-02-23,3719.392578125,3823.674766766005,3719.392578125,3823.674766766005,1621934
2010-02-24,3788.914794921875,3788.914794921875,3684.6325854266324,3684.6325854266324,888643
2010-02-25,3823.67529296875,3893.1965232211796,3788.91455863808,3858.4357888905097,1082132
2010-02-26,3858.436279296875,3858.436279296875,3754.15430145956,3823.675778957064,1565748
2010-03-01,3858.436279296875,3893.197018045627,3823.675778957064,3893.197018045627,1268176
2010-03-02,3823.67529296875,3893.1965232211796,3788.91455863808,3823.67529296875,857179
2010-03-03,3997.47900390625,3997.47900390625,3893.1967936700635,3893.1967936700635,6404653
2010-03-04,4032.239501953125,4171.281963885886,4032.239501953125,4136.521467607153,3407438
2010-03-05,4206.0419921875,4206.0419921875,4032.238596199294,4032.238596199294,4991799
2010-03-08,4414.607421875,4414.607421875,4310.325443144184,4379.846921237357,4288989
2010-03-09,4484.12841796875,4484.12841796875,4345.085476728145,4414.606947348448,5350332
2010-03-10,4379.84619140625,4518.888647605515,4379.84619140625,4414.6066862516145,3684292
2010-03-11,4414.607421875,4484.128899968172,4310.325443144184,4414.607421875,7620507
2010-03-12,4449.36865234375,4484.129635501132,4379.847639664913,4449.36865234375,3577961
2010-03-15,4518.8896484375,4553.650627799442,4449.368166531527,4518.8896484375,3595730
2010-03-16,4310.32421875,4518.888116966803,4310.32421875,4484.1276262032525,3877500
2010-03-17,4171.2822265625,4379.846647822231,4136.521728094805,4345.085672536681,4177671
2010-03-18,4379.84619140625,4379.84619140625,4240.803258389179,4275.5637532345445,4562752
2010-03-19,4414.607421875,4518.889400605816,4379.846921237357,4414.607421875,3703536
2010-03-22,4379.84619140625,4414.6066862516145,4345.0852197430795,4414.6066862516145,1827924
2010-03-23,4275.5634765625,4379.845907986081,4275.5634765625,4345.084938572296,3532170
2010-03-24,4379.84619140625,4379.84619140625,4275.5637532345445,4310.324724897715,3016387
2010-03-25,4206.0419921875,4379.845388175706,4171.281026899228,4310.32393441688,4475805
2010-03-26,4171.2822265625,4240.803700315743,4067.000254341562,4171.2822265625,2725487
2010-03-29,4136.52197265625,4206.043450519776,4101.760995315545,4101.760995315545,1680788
2010-03-30,3997.47900390625,4171.282210815374,3997.47900390625,4171.282210815374,2713477
2010-03-31,4032.239501953125,4171.281963885886,3997.478767265478,4032.239501953125,3459972
2010-04-01,4206.0419921875,4206.0419921875,4066.999084669848,4101.759573140402,2288926
2010-04-02,4206.0419921875,4310.32393441688,4206.0419921875,4275.562969128608,2041007
2010-04-05,4240.80419921875,4310.325681150744,4206.043696661709,4240.80419921875,1094774
2010-04-06,4171.2822265625,4310.3251740689875,4171.2822265625,4275.564198783438,2085183
2010-04-07,4066.99853515625,4171.280463295549,4066.99853515625,4171.280463295549,2326500
2010-04-08,4066.99853515625,4171.280463295549,4066.99853515625,4066.99853515625,1916276
2010-04-09,4101.759765625,4136.520732544512,4066.9992755232292,4101.759765625,1390871
2010-04-12,4171.2822265625,4206.04320184805,4136.521728094805,4206.04320184805,1833823
2010-04-13,4206.0419921875,4206.0419921875,4101.759573140402,4171.281026899228,1048982
2010-04-14,4066.99853515625,4136.519979521668,4066.99853515625,4136.519979521668,1291142
2010-04-15,4240.80419921875,4240.80419921875,4101.761235354763,4136.522214729715,3777139
2010-04-16,4310.32421875,4310.32421875,4240.8027604051495,4240.8027604051495,4592671
2010-04-19,4171.2822265625,4310.3251740689875,4171.2822265625,4171.2822265625,2818474
2010-04-20,4136.52197265625,4171.2824731790715,4136.52197265625,4136.52197265625,1224703
2010-04-21,4136.52197265625,4206.043450519776,4136.52197265625,4171.2824731790715,1036200
2010-04-22,4310.32421875,4310.32421875,4171.281302060299,4206.042269641599,3039072
2010-04-23,4310.32421875,4310.32421875,4310.32421875,4310.32421875,0
2010-04-26,4206.0419921875,4310.32393441688,4206.0419921875,4206.0419921875,764965
2010-04-27,4171.2822265625,4206.04320184805,4171.2822265625,4171.2822265625,958313
2010-04-28,4171.2822265625,4240.803700315743,4136.521728094805,4240.803700315743,1213044
2010-04-29,4136.52197265625,4240.803951042597,4136.52197265625,4240.803951042597,1299921
2010-04-30,4136.52197265625,4136.52197265625,4136.52197265625,4136.52197265625,0
2010-05-03,4136.52197265625,4136.52197265625,4136.52197265625,4136.52197265625,0
2010-05-04,4171.2822265625,4240.803700315743,4136.521728094805,4171.2822265625,1016044
2010-05-05,4101.759765625,4136.520732544512,4066.9992755232292,4101.759765625,1984401
2010-05-06,4101.759765625,4171.281222646282,4101.759765625,4171.281222646282,1151661
2010-05-07,4032.239501953125,4066.999998231859,3997.478767265478,4066.999998231859,2148111
2010-05-10,3997.47900390625,4067.0002389881147,3962.7182671608543,4067.0002389881147,1192747
2010-05-11,3997.47900390625,4067.0002389881147,3997.47900390625,4067.0002389881147,1372822
2010-05-12,3997.47900390625,3997.47900390625,3927.957530415459,3962.7182671608543,1321342
2010-05-13,3927.9560546875,3997.477502059174,3927.9560546875,3997.477502059174,1012041
2010-05-14,3893.19580078125,3962.7172565418578,3893.19580078125,3927.956528661554,1995006
2010-05-17,3788.914794921875,3858.4360295097786,3754.154058423461,3858.4360295097786,1101094
2010-05-18,3788.914794921875,3823.675531420289,3754.154058423461,3754.154058423461,634755
2010-05-19,3649.871826171875,3788.9145238074566,3615.1110921607524,3684.632321774089,2641420
2010-05-20,3754.153564453125,3754.153564453125,3476.0681858740472,3510.8289177986553,1881160
2010-05-21,3684.63232421875,3684.63232421875,3580.350360525102,3615.1110945592873,2887582
2010-05-24,3649.871826171875,3684.632321774089,3545.5896241385076,3580.35035814963,1632609
2010-05-25,3649.871826171875,3649.871826171875,3649.871826171875,3649.871826171875,0
2010-05-26,3615.111083984375,3649.871817916878,3580.350350051872,3615.111083984375,1235027
2010-05-27,3649.871826171875,3649.871826171875,3545.5896241385076,3545.5896241385076,643955
2010-05-28,3754.153564453125,3788.914296377733,3684.632100603909,3754.153564453125,1238187
2010-05-31,3669.346923828125,3810.475614439107,3669.346923828125,3810.475614439107,480807
2010-06-01,3669.346923828125,3704.629156977282,3669.346923828125,3704.629156977282,736732
2010-06-02,3669.346923828125,3704.629156977282,3634.064690678968,3669.346923828125,244477
2010-06-03,3739.910888671875,3739.910888671875,3669.3466692548373,3739.910888671875,665236
2010-06-04,3669.346923828125,3669.346923828125,3634.064690678968,3669.346923828125,423217
2010-06-07,3514.105224609375,3598.7822898389163,3507.0486815140957,3563.5003003194247,1034234
2010-06-08,3478.82275390625,3528.2178262199777,3422.3711389824393,3443.5405248270704,945110
2010-06-09,3471.765869140625,3528.2174785009183,3457.6530272969503,3521.1609365862837,1070473
2010-06-10,3457.654052734375,3471.7668987635006,3429.428360676124,3429.428360676124,722475
2010-06-11,3471.765869140625,3528.2174785009183,3464.7095692115845,3528.2174785009183,331353
2010-06-14,3492.934814453125,3528.217035626357,3492.934814453125,3528.217035626357,803241
2010-06-15,3492.934814453125,3492.934814453125,3492.934814453125,3492.934814453125,0
2010-06-16,3528.217041015625,3563.49926224275,3492.9348197885006,3563.49926224275,697542
2010-06-17,3598.7822265625,3669.3466883320366,3598.7822265625,3634.0644574472685,585874
2010-06-18,3563.499755859375,3634.063966102627,3563.499755859375,3563.499755859375,376583
2010-06-21,3563.499755859375,3598.7817399882024,3563.499755859375,3563.499755859375,381429
2010-06-22,3499.991455078125,3563.4993582029047,3499.991455078125,3563.4993582029047,512762
2010-06-23,3528.217041015625,3528.217041015625,3457.6525985613757,3499.991360828151,688623
2010-06-24,3507.049072265625,3598.782690811304,3499.9927703697754,3499.9927703697754,665446
2010-06-25,3457.654052734375,3507.049134829147,3457.654052734375,3507.049134829147,495204
2010-06-28,3429.426513671875,3521.160084448592,3422.369973464957,3521.160084448592,333601
2010-06-29,3415.314697265625,3457.653225220194,3415.314697265625,3429.427539917148,1185373
2010-06-30,3387.08837890625,3394.144677920365,3387.08837890625,3387.08837890625,458965
2010-07-01,3351.80712890625,3387.08936015487,3351.80712890625,3387.08936015487,377496
2010-07-02,3351.80712890625,3394.145661213214,3344.7505858622726,3351.80712890625,648169
2010-07-05,3358.863525390625,3422.3714466481615,3351.8072241318096,3422.3714466481615,873614
2010-07-06,3281.243408203125,3422.372123117088,3281.243408203125,3422.372123117088,531655
2010-07-07,3281.243408203125,3316.5256474280377,3245.9611689782123,3316.5256474280377,1374437
2010-07-08,3281.243408203125,3351.8078866529504,3281.243408203125,3281.243408203125,287318
2010-07-09,3281.243408203125,3330.6384947208653,3260.0742582567277,3330.6384947208653,255082
2010-07-12,3245.96044921875,3316.524912021607,3217.734760891861,3316.524912021607,241105
2010-07-13,3408.258056640625,3408.258056640625,3281.2422344549022,3316.524461058848,1427251
2010-07-14,3408.258056640625,3528.217578696919,3408.258056640625,3521.1610365818897,1212201
2010-07-15,3387.08837890625,3436.4831979617466,3351.8061578789843,3408.2575179341593,360921
2010-07-16,3330.638671875,3387.0903060346172,3316.5258238315205,3387.0903060346172,268074
2010-07-19,3330.638671875,3351.808064933069,3330.638671875,3330.638671875,1255534
2010-07-20,3302.411865234375,3351.8069377685492,3302.411865234375,3351.8069377685492,426939
2010-07-21,3260.0732421875,3302.4117708703047,3260.0732421875,3302.4117708703047,433822
2010-07-22,3140.1142578125,3274.186651479494,3140.1142578125,3260.073806143861,1157210
2010-07-23,3140.1142578125,3210.6787264763184,3133.0579561375107,3175.3964921444094,522805
2010-07-26,3140.1142578125,3140.1142578125,3140.1142578125,3140.1142578125,0
2010-07-27,3133.057861328125,3161.283551145254,3111.888472972455,3111.888472972455,588472
2010-07-28,3111.888427734375,3196.5657379404392,3111.888427734375,3196.5657379404392,439370
2010-07-29,3126.0009765625,3126.0009765625,3090.7187471506245,3111.8881331948737,105909
2010-07-30,3154.22705078125,3210.6786731722186,3118.9448170351006,3175.3964394260697,223056
2010-08-02,3118.945068359375,3189.5095415377514,3118.945068359375,3189.5095415377514,289846
2010-08-03,3090.71923828125,3168.3400101303296,3090.71923828125,3161.2837083180457,206200
2010-08-04,2998.985595703125,3076.606366902071,2991.929051964286,3034.267830426007,318220
2010-08-05,2977.8154296875,3048.3798807260146,2977.8154296875,3034.2670389154305,319274
2010-08-06,2893.13916015625,2977.81623388797,2893.13916015625,2977.81623388797,812231
2010-08-09,2794.3486328125,2864.912851679749,2794.3486328125,2857.856550785838,519856
2010-08-10,2681.445556640625,2787.2920026185793,2660.2761706507863,2787.2920026185793,1755936
2010-08-11,2688.50146484375,2752.0093715567077,2681.445165200968,2681.445165200968,1035990
2010-08-12,2554.429443359375,2674.3887194578415,2554.429443359375,2582.6551269136503,1050528
2010-08-13,2497.978271484375,2533.260503095437,2427.414050247887,2455.639738742482,1195908
2010-08-16,2603.825439453125,2617.9382862648376,2540.3175078075774,2596.768895054429,1536743
2010-08-17,2540.3173828125,2575.5993771129088,2519.1479926437205,2547.3736848783146,389997
2010-08-18,2427.413818359375,2483.86518995582,2427.413818359375,2476.80888949907,1271617
2010-08-19,2378.019287109375,2427.4143694634017,2342.7370508585464,2349.793594902979,1027772
2010-08-20,2462.6962890625,2462.6962890625,2328.6239053425497,2399.1883687710783,654350
2010-08-23,2399.187744140625,2526.203551654801,2370.9618209264736,2526.203551654801,148891
2010-08-24,2279.228271484375,2328.623335397468,2279.228271484375,2293.341112318748,1337074
2010-08-25,2166.326171875,2279.2291858281374,2166.326171875,2279.2291858281374,639109
2010-08-26,2243.9462890625,2243.9462890625,2088.7047812496135,2187.4949196707603,593599
2010-08-27,2236.890625,2272.1728618960706,2145.1567606730823,2180.438997569153,1203352
2010-08-30,2342.73681640625,2342.73681640625,2328.6239717154126,2342.73681640625,503492
2010-08-31,2455.64013671875,2455.64013671875,2328.6242759224588,2363.9065132515784,1183125
2010-09-01,2526.2041015625,2540.316945248893,2406.24456724972,2455.6396411449086,986406
2010-09-02,2526.2041015625,2526.2041015625,2526.2041015625,2526.2041015625,0
2010-09-03,2526.2041015625,2526.2041015625,2526.2041015625,2526.2041015625,0
2010-09-06,2646.16357421875,2646.16357421875,2526.204273716685,2526.204273716685,1961364
2010-09-07,2610.882080078125,2730.841656495689,2575.599837485564,2596.7692314382425,1538358
2010-09-08,2540.3173828125,2603.8253113331707,2526.204536695203,2533.2608387610176,580957
2010-09-09,2610.882080078125,2646.1643226706856,2547.3741402058,2610.882080078125,608278
2010-09-10,2483.86572265625,2603.825276004151,2483.86572265625,2589.7124300783385,2012072
2010-09-13,2370.96240234375,2476.8090958854455,2363.9061012990164,2378.018945374116,1353016
2010-09-14,2413.30126953125,2448.583260085482,2349.793347753734,2448.583260085482,375178
2010-09-15,2363.90625,2392.13193992573,2349.793405037135,2349.793405037135,665446
2010-09-16,2363.90625,2363.90625,2258.0595498000416,2363.90625,457700
2010-09-17,2469.752197265625,2476.8087392800057,2370.9620609778804,2399.187987049806,768125
2010-09-20,2490.921875,2575.5989372423114,2469.752488446609,2540.3169489674947,717207
2010-09-21,2434.470703125,2505.0351765426826,2434.470703125,2505.0351765426826,481088
2010-09-22,2434.470703125,2455.640093547439,2385.075620129756,2399.188708401829,224882
2010-09-23,2434.470703125,2434.470703125,2434.470703125,2434.470703125,0
2010-09-24,2385.07470703125,2385.07470703125,2342.736184380861,2342.736184380861,221089
2010-09-27,2335.680419921875,2399.188339436801,2335.680419921875,2385.0752533351433,352282
2010-09-28,2342.73681640625,2378.0190491261656,2335.680515053653,2363.9062044353277,193839
2010-09-29,2300.39794921875,2385.0750051018986,2293.34140690235,2293.34140690235,255082
2010-09-30,2279.228271484375,2321.5667939874934,2272.171972059977,2321.5667939874934,330651
2010-10-01,2265.1162109375,2328.624137562184,2265.1162109375,2328.624137562184,142289
2010-10-04,2152.213134765625,2258.0595951035352,2152.213134765625,2258.0595951035352,1028756
2010-10-05,2180.438720703125,2180.438720703125,2102.8179545792414,2116.9307991485257,395686
2010-10-06,2180.438720703125,2201.6081085498718,2152.213031564557,2173.3824194113035,721421
2010-10-07,2138.1005859375,2215.7213665444287,2138.1005859375,2208.664821950305,355794
2010-10-08,2102.81787109375,2152.2129461179957,2102.81787109375,2102.81787109375,425113
2010-10-11,2095.76171875,2116.930865272339,2074.5923302420124,2074.5923302420124,295254
2010-10-12,2060.47900390625,2095.7612291824566,2046.3661621928857,2074.591845619614,607645
2010-10-13,2046.365966796875,2067.535106352803,2025.196585255378,2025.196585255378,254520
2010-10-14,2046.365966796875,2088.7044878942997,2046.365966796875,2081.6479467186114,309090
2010-10-15,2116.93115234375,2138.100543722462,2032.2540708002632,2032.2540708002632,541347
2010-10-18,2074.592041015625,2116.9305701433836,2067.535498501524,2116.9305701433836,287529
2010-10-19,2004.027587890625,2081.648220096295,2004.027587890625,2060.479077760276,468867
2010-10-20,1905.2376708984375,1996.9713979269384,1905.2376708984375,1982.8584330813744,389576
2010-10-21,1905.2376708984375,1975.8020111549997,1884.0684051193132,1905.2376708984375,313725
2010-10-22,1841.7294921875,1954.6324690330844,1834.6730712587507,1877.0117178240441,238998
2010-10-25,1841.7294921875,1841.7294921875,1806.447266550956,1806.447266550956,447798
2010-10-26,1933.4637451171875,1933.4637451171875,1898.1815096472287,1898.1815096472287,765386
2010-10-27,1891.12451171875,1975.8016817089529,1891.12451171875,1933.4631572102485,945671
2010-10-28,1898.1810302734375,1905.2374513868078,1891.1246091600672,1898.1810302734375,301575
2010-10-29,1926.4066162109375,1954.6324202137585,1926.4066162109375,1933.4631579562383,392174
2010-11-01,1933.4637451171875,1933.4637451171875,1898.1815096472287,1898.1815096472287,290127
2010-11-02,1926.4066162109375,1947.5759994612517,1919.3501954584308,1926.4066162109375,458262
2010-11-03,1919.350341796875,1947.5761479517369,1919.350341796875,1947.5761479517369,457279
2010-11-04,1933.4637451171875,1947.5765909080385,1919.3507783335053,1919.3507783335053,168696
2010-11-05,2025.19677734375,2025.19677734375,1975.801710385552,2004.0275147871491,844257
2010-11-08,2032.253173828125,2046.3660145230788,1982.8579894102118,2025.1966324878608,511919
2010-11-09,1954.6324462890625,1982.8581296756272,1954.6324462890625,1982.8581296756272,736029
2010-11-10,1947.5760498046875,1996.9711173418552,1947.5760498046875,1954.6324707395977,405588
2010-11-11,1961.689697265625,1982.8589687637673,1947.5768496001967,1968.7461210983392,701475
2010-11-12,1919.350341796875,1954.6325692422513,1898.1810779253312,1940.5197266612222,776694
2010-11-15,1891.12451171875,1940.5195779600326,1869.9551284766035,1869.9551284766035,496890
2010-11-16,1884.068115234375,1891.1245360750406,1848.7858900382514,1869.955152560248,304033
2010-11-17,1884.068115234375,1975.8017071558231,1813.5037858349235,1933.4631821118296,753658
2010-11-18,1940.5201416015625,1947.576564400948,1940.5201416015625,1940.5201416015625,198966
2010-11-19,1877.0123291015625,1968.7459520425462,1877.0123291015625,1968.7459520425462,185693
2010-11-22,1905.2376708984375,1905.2376708984375,1799.391100017187,1813.504064862751,357901
2010-11-23,1905.2376708984375,1926.4069366775618,1926.4069366775618,1841.72975256825,445902
2010-11-24,1905.2376708984375,1912.2940928248122,1884.0684051193132,1884.0684051193132,134493
2010-11-25,1961.689697265625,1982.8589687637673,1905.238185611065,1905.238185611065,385643
2010-11-26,1940.5201416015625,2011.0844905882473,1926.407175009962,2011.0844905882473,196087
2010-11-29,2032.253173828125,2032.253173828125,1891.1244039002245,1905.2372445951783,369700
2010-11-30,2131.0439453125,2131.0439453125,2095.761949888847,2131.0439453125,2584602
2010-12-01,2109.875,2187.4957845973745,2046.367063330721,2116.9313029711984,833020
2010-12-02,2196.740966796875,2196.740966796875,2138.741071549881,2174.990975001442,1004104
2010-12-03,2305.48974609375,2305.48974609375,2305.48974609375,2305.48974609375,438527
2010-12-06,2406.98974609375,2414.2398252913213,2319.990038835137,2406.98974609375,3514401
2010-12-07,2290.990234375,2428.7397510562923,2290.990234375,2392.489852074642,1224281
2010-12-08,2182.240234375,2327.2395450228505,2182.240234375,2247.489936597652,990690
2010-12-09,2290.990234375,2290.990234375,2095.241078221027,2182.240786052498,873262
2010-12-10,2399.739501953125,2399.739501953125,2298.2399024140213,2348.989702183573,2826480
2010-12-13,2515.7392578125,2515.7392578124995,2515.7392578124995,2515.7392578124995,246794
2010-12-14,2392.489990234375,2602.739068397826,2392.4899902343745,2544.7394255758245,2687070
2010-12-15,2392.489990234375,2472.2396234258586,2319.990188084409,2428.7398913093575,1095055
2010-12-16,2276.490478515625,2356.240112496997,2276.490478515625,2305.490300213857,1345853
2010-12-17,2356.239990234375,2377.9899796907002,2276.490360391121,2377.9899796907002,1022997
2010-12-20,2283.740478515625,2443.2397409095224,2283.740478515625,2443.2397409095224,1087540
2010-12-21,2247.48974609375,2298.239537812153,2174.9899726039275,2247.48974609375,1190921
2010-12-22,2174.990966796875,2283.7406767413304,2174.990966796875,2283.7406767413304,608278
2010-12-23,2174.990966796875,2174.990966796875,2174.990966796875,2174.990966796875,0
2010-12-24,2225.740478515625,2240.2403881418327,2138.7407721359355,2138.7407721359355,1294934
2010-12-27,2240.240478515625,2305.490198777027,2174.990758254223,2247.4905579324272,474697
2010-12-28,2319.990234375,2319.990234375,2225.7406885974615,2247.4906794009203,841377
2010-12-29,2247.48974609375,2341.739252732627,2247.48974609375,2276.4895560407326,392104
2010-12-30,2182.240234375,2254.739765387732,2182.240234375,2254.739765387732,578991
2010-12-31,2167.741455078125,2211.2411962992105,2167.741455078125,2189.4912013774097,1399720
2011-01-03,2167.741455078125,2167.741455078125,2167.741455078125,2167.741455078125,0
2011-01-04,2218.490478515625,2240.2402169819798,2203.99032137482,2211.240399945222,373492
2011-01-05,2189.49072265625,2203.990633226279,2174.9908120862206,2196.740802252495,270673
2011-01-06,2189.49072265625,2203.990633226279,2174.9908120862206,2203.990633226279,273763
2011-01-07,2174.990966796875,2203.9907899997384,2167.741135307399,2203.9907899997384,152894
2011-01-10,2174.990966796875,2174.990966796875,2174.990966796875,2174.990966796875,0
2011-01-11,2008.2410888671875,2095.240654806205,2008.2410888671873,2095.240654806205,588051
2011-01-12,2058.990966796875,2102.490813598089,2008.2411662473257,2102.490813598089,361061
2011-01-13,2066.240966796875,2124.240598081845,2029.991072932562,2066.240966796875,306351
2011-01-14,2087.99072265625,2087.99072265625,2066.240739010935,2066.240739010935,265406
2011-01-17,2124.24072265625,2189.490435989565,2102.4909839600973,2116.9908926316753,647818
2011-01-18,2102.490478515625,2174.99000444443,2102.490478515625,2124.2402119830817,518381
2011-01-19,2087.99072265625,2138.7402701246738,2073.490692122309,2109.7404576791782,226708
2011-01-20,2095.240966796875,2138.7406940880865,2087.991136559558,2087.991136559558,789406
2011-01-21,2073.4912109375,2138.7408052661845,2073.4912109375,2138.7408052661845,308668
2011-01-24,2037.24072265625,2073.4906111079763,2029.9907698281424,2073.4906111079763,557781
2011-01-25,2015.4918212890625,2066.241639497087,2015.4918212890625,2066.241639497087,243564
2011-01-26,2087.99072265625,2095.2405514564307,2015.4909429201248,2015.4909429201248,69740
2011-01-27,2102.490478515625,2116.990383701386,2087.9905733298638,2095.2404016115597,253045
2011-01-28,2116.99072265625,2138.7404596060933,2066.240922069268,2138.7404596060933,288512
2011-01-31,2116.99072265625,2116.99072265625,2116.99072265625,2116.99072265625,0
2011-02-01,2116.99072265625,2116.99072265625,2116.99072265625,2116.99072265625,0
2011-02-02,2116.99072265625,2116.99072265625,2116.99072265625,2116.99072265625,0
2011-02-03,2116.99072265625,2116.99072265625,2116.99072265625,2116.99072265625,0
2011-02-04,2116.99072265625,2116.99072265625,2116.99072265625,2116.99072265625,0
2011-02-07,2116.99072265625,2116.99072265625,2116.99072265625,2116.99072265625,0
2011-02-08,2116.99072265625,2145.9905376709803,2102.490815148885,2116.99072265625,80555
2011-02-09,2124.24072265625,2174.990527317987,2116.9908926316753,2167.7406972934127,229728
2011-02-10,2124.24072265625,2124.24072265625,2095.2409053130937,2095.2409053130937,93478
2011-02-11,2109.740966796875,2131.490955690846,2095.2410570750435,2131.490955690846,230922
2011-02-14,2073.4912109375,2116.9910648011805,2073.4912109375,2116.9910648011805,104645
2011-02-15,2051.7412109375,2087.9911074866554,2037.2411777311079,2087.9911074866554,162797
2011-02-16,2066.240966796875,2102.4908606611884,2022.741119021941,2044.4909807538045,359587
2011-02-17,1979.2410888671875,2073.4907296429183,1964.7411823820585,2073.4907296429183,694031
2011-02-18,1892.2415771484375,1979.2411427383706,1892.2415771484375,1971.9911892984762,727110
2011-02-21,1797.991943359375,1877.7415504192886,1797.991943359375,1819.7418022908448,1062467
2011-02-22,1776.24267578125,1826.9924913801053,1732.742816080625,1732.742816080625,640795
2011-02-23,1797.991943359375,1834.241708245158,1761.742054162401,1805.2418963365317,247075
2011-02-24,1797.991943359375,1797.991943359375,1725.492164965427,1732.7421179425835,421601
2011-02-25,1797.991943359375,1812.4918493136881,1776.2419601167142,1812.4918493136881,349543
2011-02-28,1776.24267578125,1826.9924913801053,1776.24267578125,1826.9924913801053,451801
2011-03-01,1768.9920654296875,1768.9920654296875,1703.7423621740413,1739.992252565487,161322
2011-03-02,1689.243408203125,1725.493194722416,1681.993450899267,1725.493194722416,1844850
2011-03-03,1616.7430419921875,1689.2427093482725,1616.7430419921875,1660.2427678191102,864132
2011-03-04,1616.7430419921875,1674.7428007392982,1616.7430419921875,1652.992813514623,223477
2011-03-07,1645.7430419921875,1667.492907321266,1594.9932319131103,1594.9932319131103,301996
2011-03-08,1645.7430419921875,1645.7430419921877,1616.7432215534163,1631.243131772802,375389
2011-03-09,1623.9930419921875,1645.7429055176412,1565.993281613094,1645.7429055176412,119885
2011-03-10,1703.7425537109375,1703.7425537109377,1580.4930865598344,1580.4930865598344,503702
2011-03-11,1783.4920654296875,1783.4920654296875,1747.2422974476542,1776.242111833281,2282816
2011-03-14,1696.4925537109375,1790.7420778726087,1696.4925537109373,1783.4921240379576,656176
2011-03-15,1725.4925537109375,1754.492496464308,1645.7429286838012,1645.7429286838012,404043
2011-03-16,1710.9930419921875,1732.742910876787,1696.4931294024545,1718.242998287054,321661
2011-03-17,1710.9930419921875,1761.742860367501,1710.9930419921875,1718.242998287054,389857
2011-03-18,1783.4920654296875,1783.4920654296875,1696.4924979616057,1725.4923123472324,219053
2011-03-21,1783.4920654296875,1855.9917257049558,1783.4920654296875,1855.9917257049558,535588
2011-03-22,1783.4920654296875,1797.9920969337027,1739.9923438512476,1754.4922510440608,755835
2011-03-23,1783.4920654296875,1783.4920654296875,1739.9923438512476,1783.4920654296875,161182
2011-03-24,1754.4920654296875,1797.9919067173157,1739.992159770874,1783.4918767473139,268215
2011-03-25,1739.9920654296875,1797.9918092314224,1689.2422740642714,1797.9918092314224,358674
2011-03-28,1732.7421875,1754.4921716157698,1696.4924211590437,1732.7421875,827893
2011-03-29,1725.4925537109375,1739.9925872432323,1652.9928832943392,1739.9925872432323,1649043
2011-03-30,1696.4925537109375,1703.7425075455885,1652.9927063918244,1652.9927063918244,230922
2011-03-31,1696.4925537109375,1696.4925537109373,1638.492798722522,1667.4926140611267,249252
2011-04-01,1689.243408203125,1696.4933655069833,1645.7435400687104,1689.243408203125,153807
2011-04-04,1638.49267578125,1660.2425356532428,1631.2427224905855,1645.7426290719143,205990
2011-04-05,1631.2431640625,1638.4931193157024,1594.9932634852585,1616.7432535560956,382412
2011-04-06,1681.9930419921875,1681.9930419921875,1623.9932733503026,1667.4930065982899,734203
2011-04-07,1667.49267578125,1689.2426624014577,1645.742813472253,1645.742813472253,261332
2011-04-08,1667.49267578125,1667.4926757812502,1652.992767575252,1652.992767575252,160198
2011-04-11,1667.49267578125,1667.4926757812502,1667.4926757812502,1667.4926757812502,0
2011-04-12,1667.49267578125,1667.4926757812502,1667.4926757812502,1667.4926757812502,0
2011-04-13,1638.49267578125,1696.4924264177612,1623.9927691999212,1696.4924264177612,133861
2011-04-14,1623.9930419921875,1631.2429965006722,1580.493190630063,1631.2429965006722,478068
2011-04-15,1631.2431640625,1638.4931193157024,1573.2433977256517,1631.2431640625002,524912
2011-04-18,1609.4931640625,1631.2430280080512,1565.993311860178,1631.2430280080512,265827
2011-04-19,1602.2432861328125,1609.4933660022014,1536.9935617981953,1558.7435527838913,372369
2011-04-20,1609.4931640625,1631.2430280080512,1573.243266508695,1631.2430280080512,283455
2011-04-21,1594.9930419921875,1616.7430290426532,1551.4933165136822,1551.4933165136822,426798
2011-04-22,1515.2431640625,1587.7428185456486,1515.2431640625,1587.7428185456486,626959
2011-04-25,1587.7432861328125,1587.7432861328125,1558.7434655236418,1565.9934206759344,475118
2011-04-26,1522.4932861328125,1638.4927959105669,1522.4932861328125,1638.4927959105669,128173
2011-04-27,1522.4932861328125,1558.7431795550629,1522.4932861328125,1522.4932861328125,117989
2011-04-28,1500.7437744140625,1529.7435964612978,1500.7437744140625,1529.7435964612978,39048
2011-04-29,1507.9935302734375,1544.243303033154,1486.2436666176077,1486.2436666176077,174807
2011-05-02,1507.9935302734375,1507.9935302734377,1507.9935302734377,1507.9935302734377,0
2011-05-03,1507.9935302734375,1507.9935302734377,1507.9935302734377,1507.9935302734377,0
2011-05-04,1522.4932861328125,1529.7432399550214,1486.2435170217677,1507.9933784883947,113494
2011-05-05,1507.9935302734375,1507.9935302734377,1486.2436666176077,1493.493621169551,39048
2011-05-06,1515.2431640625,1522.4931170796956,1507.9932110453044,1507.9932110453044,38206
2011-05-09,1544.2435302734375,1544.2435302734375,1515.2437077982495,1529.7436190358435,185693
2011-05-10,1544.2435302734375,1551.4936102034708,1507.9937521794525,1544.2435302734375,105066
2011-05-11,1515.2431640625,1536.993023114087,1515.2431640625,1536.993023114087,56747
2011-05-12,1522.4932861328125,1522.4932861328125,1500.7434246661858,1515.2433323106036,118832
2011-05-13,1493.493408203125,1515.243268757508,1493.4934082031248,1515.243268757508,119323
2011-05-16,1449.9935302734375,1515.2432347848503,1449.9935302734375,1515.2432347848503,173332
2011-05-17,1413.7442626953125,1464.494082878023,1399.2443495891816,1435.4942566657612,198545
2011-05-18,1362.994384765625,1442.7440205082587,1362.994384765625,1377.49429593497,300522
2011-05-19,1333.9942626953125,1362.9942055317429,1326.7443080640098,1362.9942055317429,162095
2011-05-20,1290.4945068359375,1355.7442276949319,1290.4945068359375,1355.7442276949319,274676
2011-05-23,1232.4945068359375,1283.2441782729059,1232.4945068359377,1283.2441782729059,500823
2011-05-24,1174.4951171875,1217.994848864319,1174.4951171875,1196.2449830259095,705830
2011-05-25,1116.495361328125,1130.9952720258646,1116.495361328125,1116.495361328125,854159
2011-05-26,1167.2452392578125,1167.2452392578125,1065.7456099967023,1065.7456099967023,1530984
2011-05-27,1225.2442626953125,1225.2442626953125,1167.2446460902013,1196.2444543927568,868697
2011-05-30,1167.2452392578125,1225.2448853370313,1167.2452392578125,1225.2448853370313,347015
2011-05-31,1159.9951171875,1159.9951171875,1109.245428705644,1116.495384203052,490780
2011-06-01,1217.9947509765625,1217.9947509765625,1159.9949890908956,1159.9949890908956,567332
2011-06-02,1275.9947509765625,1275.9947509765625,1275.9947509765625,1275.9947509765625,356356
2011-06-03,1254.2447509765625,1333.994383451212,1232.494885113812,1333.994383451212,4654897
2011-06-06,1312.2440185546875,1312.2440185546875,1232.4944164080446,1246.9943214690372,899389
2011-06-07,1377.4940185546875,1377.4940185546873,1377.4940185546873,1377.4940185546873,666991
2011-06-08,1428.2440185546875,1435.4939736785273,1362.9942981289012,1406.49402887194,1368959
2011-06-09,1428.2440185546875,1486.2437838566339,1377.4942083765807,1377.4942083765807,1560832
2011-06-10,1493.493408203125,1493.4934082031248,1471.7434233375413,1471.7434233375413,2237376
2011-06-13,1507.9935302734375,1558.7433364482588,1493.493621169551,1493.493621169551,876212
2011-06-14,1482.5672607421875,1571.9682521629493,1452.7668451069148,1490.0173327153736,1564625
2011-06-15,1415.516357421875,1467.6669842675788,1415.516357421875,1430.4165000227856,891101
2011-06-16,1467.667236328125,1475.1173089080728,1363.365964723777,1415.516600525951,1291774
2011-06-17,1400.6162109375,1475.1170514780024,1400.6162109374998,1475.1170514780024,1476062
2011-06-20,1333.5654296875,1400.6161983453903,1333.5654296875,1363.3657145387779,781820
2011-06-21,1393.1661376953125,1393.1661376953125,1333.5655620759658,1363.3658498856391,743544
2011-06-22,1378.2659912109375,1452.766838338214,1378.2659912109373,1393.1661350878871,307334
2011-06-23,1333.5654296875,1400.6161983453903,1318.6651595193462,1400.6161983453903,843133
2011-06-24,1363.3658447265625,1370.8159166507892,1318.665285438675,1318.665285438675,87368
2011-06-27,1370.81591796875,1378.2659899001394,1341.0156302431917,1363.3658460373604,203883
2011-06-28,1333.5654296875,1370.8157857515973,1326.1152307321656,1341.0155009003195,185271
2011-06-29,1326.1153564453125,1341.0156280259832,1288.864996849954,1333.5655561069113,172981
2011-06-30,1303.76513671875,1355.9157677360054,1303.76513671875,1326.1153524079195,342239
2011-07-01,1281.414794921875,1303.7650084114957,1251.614382526533,1281.414794921875,306351
2011-07-04,1266.5145263671875,1288.8647376292552,1266.5145263671875,1273.9645967878769,67984
2011-07-05,1326.1153564453125,1326.1153564453127,1318.6652845262408,1318.6652845262408,564102
2011-07-06,1296.315185546875,1348.4658214208662,1296.315185546875,1326.115475907705,463389
2011-07-07,1296.315185546875,1341.0157488306586,1281.41504036646,1281.41504036646,327561
2011-07-08,1296.315185546875,1326.115475907705,1288.8651129566676,1288.8651129566676,336691
2011-07-11,1266.5145263671875,1296.3148080499443,1259.064328203997,1281.414667208566,234363
2011-07-12,1259.064208984375,1273.9644761573622,1244.164069553877,1244.164069553877,246584
2011-07-13,1273.9649658203125,1303.7652561353896,1259.0646929202355,1259.0646929202355,145169
2011-07-14,1288.8651123046875,1288.8651123046875,1251.6146216299549,1288.8651123046875,181689
2011-07-15,1288.8651123046875,1303.7652574775652,1273.9649671318098,1288.8651123046875,50356
2011-07-18,1266.5145263671875,1288.8647376292552,1251.614257783308,1251.614257783308,179091
2011-07-19,1244.1641845703125,1281.4146643326576,1244.1641845703125,1281.4146643326576,87298
2011-07-20,1296.315185546875,1296.315185546875,1251.6146222630916,1266.5148951860451,114056
2011-07-21,1281.414794921875,1326.1152219011167,1281.414794921875,1296.314937248289,184709
2011-07-22,1273.9649658203125,1296.3151835566202,1273.9649658203125,1296.3151835566202,151841
2011-07-25,1266.5145263671875,1281.414667208566,1266.5145263671875,1273.9645967878769,139620
2011-07-26,1259.064208984375,1296.3146853031092,1259.064208984375,1266.5144064421133,167432
2011-07-27,1266.5145263671875,1266.5145263671875,1259.064328203997,1266.5145263671875,121149
2011-07-28,1281.414794921875,1288.864866085082,1259.06445368974,1259.06445368974,306210
2011-07-29,1266.5145263671875,1288.8647376292552,1259.064328203997,1288.8647376292552,223407
2011-08-01,1251.614501953125,1288.8649890660417,1251.6145019531248,1288.8649890660417,112090
2011-08-02,1221.8140869140625,1273.9647123312354,1221.8140869140625,1251.6143712995824,749233
2011-08-03,1229.2647705078125,1229.2647705078125,1214.3646208908567,1229.2647705078125,244547
2011-08-04,1288.8651123046875,1288.8651123046875,1244.164549043516,1244.164549043516,168907
2011-08-05,1288.8651123046875,1296.3151848911264,1266.5148945453711,1288.8651123046875,399619
2011-08-08,1259.064208984375,1273.9644761573622,1251.614139269126,1266.5144064421133,580817
2011-08-09,1229.2647705078125,1236.7148453162904,1199.464471273901,1236.7148453162904,1299851
2011-08-10,1236.7144775390625,1266.5148956534283,1221.8143323531488,1266.5148956534283,301856
2011-08-11,1229.2647705078125,1259.0650697417243,1221.8146956993346,1259.0650697417243,222494
2011-08-12,1259.064208984375,1266.5144064421133,1229.2639301233792,1229.2639301233792,565155
2011-08-15,1273.9649658203125,1273.9649658203125,1259.0646929202355,1266.5148932415432,517678
2011-08-16,1288.8651123046875,1303.7652574775652,1266.5148945453711,1273.9649671318098,1133752
2011-08-17,1348.4654541015625,1348.4654541015625,1288.8647618724738,1288.8647618724738,1322465
2011-08-18,1378.2659912109375,1415.5164786458395,1363.3658473339874,1400.6163347688896,967654
2011-08-19,1333.5654296875,1370.8157857515973,1326.1152307321656,1341.0155009003195,1246334
2011-08-22,1393.2742919921875,1393.2742919921875,1393.2742919921875,1393.2742919921875,182985
2011-08-23,1447.5582275390625,1456.6054672595728,1420.416508377532,1456.6054672595728,970504
2011-08-24,1411.3687744140625,1492.7939033846349,1411.3687744140625,1492.7939033846349,256144
2011-08-25,1447.5582275390625,1447.5582275390625,1411.3692686570216,1411.3692686570216,568156
2011-08-26,1447.5582275390625,1465.652706980083,1447.5582275390625,1447.5582275390625,473309
2011-08-29,1519.9354248046875,1519.9354248046875,1474.6992476455448,1483.7464830773733,798391
2011-08-30,1592.313232421875,1592.313232421875,1583.265997420941,1592.313232421875,1071944
2011-08-31,1664.6910400390625,1664.6910400390625,1619.4548670015201,1619.4548670015201,1884157
2011-09-01,1746.1165771484375,1746.1165771484375,1718.9748667097178,1718.9748667097178,1317852
2011-09-02,1746.1165771484375,1746.1165771484375,1746.1165771484375,1746.1165771484375,0
2011-09-05,1737.0692138671875,1764.2109223298391,1673.738560787667,1746.1164500214047,1391184
2011-09-06,1655.6439208984375,1709.927332329288,1655.6439208984375,1691.8328618523378,1222021
2011-09-07,1737.0692138671875,1737.0692138671875,1691.8330330961014,1718.974741558753,1942396
2011-09-08,1800.400146484375,1818.4946216022336,1791.3529089254457,1818.4946216022336,2105313
2011-09-09,1800.400146484375,1809.4473840433043,1746.1167211307998,1746.1167211307998,623271
2011-09-12,1755.1639404296875,1800.400127753714,1728.0222280352718,1755.1639404296877,1720431
2011-09-13,1809.4468994140625,1827.5413696856283,1755.1634885993656,1800.3996642782797,1836849
2011-09-14,1718.9749755859375,1818.49458683127,1718.9749755859373,1809.4473494453307,2118846
2011-09-15,1700.8798828125,1709.9271169111967,1637.5492441216227,1682.7854146151064,1126307
2011-09-16,1628.502197265625,1709.9273135160313,1628.5021972656248,1682.7856080992292,767219
2011-09-19,1691.8331298828125,1691.8331298828125,1628.5024731802598,1628.5024731802598,384245
2011-09-20,1628.502197265625,1709.9273135160313,1628.5021972656248,1709.9273135160313,417673
2011-09-21,1646.5968017578125,1682.785745263314,1628.5023300050616,1655.644037634188,736278
2011-09-22,1673.739013671875,1691.8334908763554,1646.5972978651546,1646.5972978651546,566768
2011-09-23,1628.502197265625,1655.643902682427,1628.5021972656248,1637.549432404559,1013994
2011-09-26,1610.4075927734375,1628.5020615432795,1610.4075927734375,1628.5020615432795,391243
2011-09-27,1619.45556640625,1655.644520465441,1592.3138508618565,1592.3138508618565,363599
2011-09-28,1619.45556640625,1646.5972819506433,1619.45556640625,1646.5972819506433,393904
2011-09-29,1547.0771484375,1610.4077971700149,1547.0771484375,1583.2660905703656,619975
2011-09-30,1501.8409423828125,1565.1715899182175,1483.746471658411,1538.0298838316153,518130
2011-10-03,1447.5582275390625,1510.888905582634,1438.5109878185524,1510.888905582634,706551
2011-10-04,1429.4632568359375,1456.6049666697058,1402.3215470021692,1402.3215470021692,962985
2011-10-05,1465.6524658203125,1492.794180515921,1447.5579893565734,1492.794180515921,673471
2011-10-06,1519.9354248046875,1538.0298956683446,1465.6520122137163,1465.6520122137163,652651
2011-10-07,1510.8885498046875,1547.0775001651,1492.794074624481,1547.0775001651,379850
2011-10-10,1474.6993408203125,1510.8882848341243,1465.6521048168595,1510.8882848341243,503382
2011-10-11,1483.74658203125,1519.9355261720734,1474.699345996044,1519.9355261720734,325313
2011-10-12,1438.5106201171875,1474.6995697488785,1420.4161453013419,1474.6995697488785,1002196
2011-10-13,1483.74658203125,1492.7938180664557,1429.4631658200146,1429.4631658200146,345323
2011-10-14,1501.8409423828125,1519.935413107214,1465.6520009340095,1465.6520009340095,204267
2011-10-17,1447.5582275390625,1501.8416658621238,1447.5582275390625,1492.7944261416135,335087
2011-10-18,1429.4632568359375,1447.5577300584496,1429.4632568359375,1438.5104934471935,381932
2011-10-19,1447.5582275390625,1483.7471864211034,1429.463748098042,1483.7471864211034,251113
2011-10-20,1456.6051025390625,1474.6995774493928,1447.5578650838972,1447.5578650838972,247296
2011-10-21,1519.9354248046875,1519.9354248046875,1447.5575413500592,1447.5575413500592,1071944
2011-10-24,1492.7940673828125,1565.1719677525266,1492.7940673828125,1556.1247302063123,739112
2011-10-25,1474.6993408203125,1501.8410488306713,1474.6993408203125,1492.7938128272183,249320
2011-10-26,1483.74658203125,1492.7938180664557,1474.699345996044,1474.699345996044,169394
2011-10-27,1501.8409423828125,1510.8881777450133,1483.746471658411,1483.746471658411,177028
2011-10-28,1574.2188720703125,1574.2188720703125,1510.8882226525552,1556.1244008080962,916487
2011-10-31,1601.3607177734375,1646.5968998501596,1601.3607177734375,1646.5968998501596,2229076
2011-11-01,1574.2188720703125,1610.4078145947453,1565.1716364392043,1601.3605789636372,703718
2011-11-02,1519.9354248046875,1556.1243665320017,1510.888189372859,1538.0298956683446,751257
2011-11-03,1538.02978515625,1547.0770199380072,1519.9353155927352,1519.9353155927352,154993
2011-11-04,1528.9827880859375,1565.1717328392738,1528.9827880859375,1565.1717328392738,188016
2011-11-07,1510.8885498046875,1538.0302625749969,1483.746837034378,1528.9830249848937,391475
2011-11-08,1528.9827880859375,1528.9827880859375,1483.7466071442673,1519.9355518976035,387889
2011-11-09,1501.8409423828125,1519.935413107214,1492.7937070206117,1519.935413107214,85709
2011-11-10,1465.6524658203125,1483.7469422840513,1447.5579893565734,1483.7469422840513,471111
2011-11-11,1447.5582275390625,1483.7471864211034,1447.5582275390625,1465.652706980083,207506
2011-11-14,1429.4632568359375,1465.6522032809619,1402.3215470021692,1447.5577300584496,220576
2011-11-15,1438.5106201171875,1447.5578575251102,1411.368907893419,1447.5578575251102,282285
2011-11-16,1483.74658203125,1483.74658203125,1456.6048739256323,1465.652109960838,206407
2011-11-17,1447.5582275390625,1492.7944261416135,1447.5582275390625,1483.7471864211034,185414
2011-11-18,1438.5106201171875,1447.5578575251102,1420.4161453013419,1429.4633827092646,332773
2011-11-21,1429.4632568359375,1447.5577300584496,1429.4632568359375,1447.5577300584496,160892
2011-11-22,1438.5106201171875,1438.5106201171873,1438.5106201171873,1438.5106201171873,0
2011-11-23,1456.6051025390625,1483.746814904558,1456.6051025390625,1474.6995774493928,163206
2011-11-24,1447.5582275390625,1465.652706980083,1438.5109878185524,1456.6054672595728,115088
2011-11-25,1429.4632568359375,1456.6049666697058,1429.4632568359375,1447.5577300584496,354808
2011-11-28,1465.6524658203125,1492.794180515921,1447.5579893565734,1447.5579893565734,666588
2011-11-29,1447.5582275390625,1483.7471864211034,1447.5582275390625,1483.7471864211034,129431
2011-11-30,1447.5582275390625,1465.652706980083,1429.463748098042,1465.652706980083,149846
2011-12-01,1465.6524658203125,1483.7469422840513,1456.6052275884429,1474.699704052182,706204
2011-12-02,1528.9827880859375,1528.9827880859375,1474.6993709559333,1483.7466071442673,477184
2011-12-05,1601.3607177734375,1601.3607177734375,1547.077299281371,1574.2190085274042,1289224
2011-12-06,1583.2666015625,1628.5027938283588,1556.124886202985,1628.5027938283588,1193047
2011-12-07,1565.1719970703125,1583.266472501675,1556.1247593546314,1556.1247593546314,582788
2011-12-08,1538.02978515625,1574.2187242832792,1538.0297851562498,1565.1714895015218,492336
2011-12-09,1528.9827880859375,1528.9827880859375,1492.7938433326012,1501.8410795209354,2530794
2011-12-12,1483.74658203125,1528.9827622072794,1483.74658203125,1528.9827622072794,457000
2011-12-13,1447.5582275390625,1492.7944261416135,1447.5582275390625,1465.652706980083,470244
2011-12-14,1420.416259765625,1456.605212313604,1402.3217834916356,1447.5579741766092,824821
2011-12-15,1375.179931640625,1402.3216433389769,1375.179931640625,1402.3216433389769,635937
2011-12-16,1429.4632568359375,1429.4632568359375,1384.227073779657,1384.227073779657,785610
2011-12-19,1420.416259765625,1429.4634979026198,1393.2745453546408,1429.4634979026198,393904
2011-12-20,1382.1134033203125,1429.772490834274,1382.1134033203125,1429.772490834274,422705
2011-12-21,1382.1134033203125,1420.2406733314817,1382.1134033203125,1382.1134033203125,324850
2011-12-22,1315.3907470703125,1382.1134729513574,1315.3907470703125,1382.1134729513574,823202
2011-12-23,1315.3907470703125,1334.4543830363252,1286.795293121293,1315.3907470703125,258631
2011-12-26,1305.8585205078125,1334.4539655098347,1296.3267055071385,1315.3903355084865,347290
2011-12-27,1267.7315673828125,1315.3906539229397,1248.6679327667619,1315.3906539229397,610721
2011-12-28,1324.9224853515625,1324.9224853515625,1267.7315808938877,1267.7315808938877,779942
2011-12-29,1305.8585205078125,1324.9221505091607,1286.7948905064643,1324.9221505091607,345670
2011-12-30,1334.4539794921875,1353.5176096932835,1315.3903492910915,1324.9221643916394,489734
2012-01-02,1334.4539794921875,1334.4539794921875,1334.4539794921875,1334.4539794921875,0
2012-01-03,1315.3907470703125,1372.5816549683511,1315.3907470703125,1334.4543830363252,74894
2012-01-04,1296.3267822265625,1315.3904133561375,1296.3267822265625,1305.8585977913501,228789
2012-01-05,1258.199462890625,1296.3267234201753,1258.199462890625,1296.3267234201753,323751
2012-01-06,1229.604248046875,1258.1996988057456,1229.604248046875,1258.1996988057456,291365
2012-01-09,1248.667724609375,1258.1995403284127,1201.0086460141874,1239.1359088903375,168700
2012-01-10,1305.8585205078125,1305.8585205078125,1229.6040005024201,1229.6040005024201,619628
2012-01-11,1277.263427734375,1324.9225158806044,1277.263427734375,1324.9225158806044,349661
2012-01-12,1277.263427734375,1286.795245363621,1258.1997924758834,1258.1997924758834,306170
2012-01-13,1315.3907470703125,1315.3907470703125,1286.795293121293,1296.3271111042995,424787
2012-01-16,1353.517822265625,1363.0496388631614,1324.9223724730155,1343.9860056680884,634028
2012-01-17,1343.9859619140625,1363.0495944885108,1334.4541456268382,1353.5177782012865,478630
2012-01-18,1372.58154296875,1372.58154296875,1334.4542741478247,1334.4542741478247,220519
2012-01-19,1420.2401123046875,1420.2401123046875,1372.5810436171303,1382.1128573546418,399398
2012-01-20,1439.30419921875,1439.3041992187498,1401.1769320981325,1429.7723824385955,574807
2012-01-23,1439.30419921875,1439.3041992187498,1439.3041992187498,1439.3041992187498,0
2012-01-24,1439.30419921875,1439.3041992187498,1439.3041992187498,1439.3041992187498,0
2012-01-25,1439.30419921875,1439.3041992187498,1439.3041992187498,1439.3041992187498,0
2012-01-26,1439.30419921875,1439.3041992187498,1439.3041992187498,1439.3041992187498,0
2012-01-27,1439.30419921875,1439.3041992187498,1439.3041992187498,1439.3041992187498,0
2012-01-30,1458.3677978515625,1467.8996144034327,1401.1768985403423,1439.3041647478224,707303
2012-01-31,1467.8994140625,1515.558490317274,1458.3675988115453,1458.3675988115453,795904
2012-02-01,1429.772216796875,1467.8994795003796,1410.708585445123,1467.8994795003796,748365
2012-02-02,1496.4952392578125,1496.4952392578123,1467.8997862544547,1467.8997862544547,836735
2012-02-03,1448.836181640625,1534.6225424697486,1429.7725459008198,1534.6225424697486,2553985
2012-02-06,1439.30419921875,1486.9632831195217,1420.2405656584413,1448.8360159989043,513966
2012-02-07,1420.2401123046875,1458.3673672547332,1401.1764848296646,1439.3037397797104,1527035
2012-02-08,1477.431884765625,1477.431884765625,1429.7727873672306,1429.7727873672306,1178762
2012-02-09,1439.30419921875,1496.495099899676,1429.7723824385955,1477.4314663393673,1454628
2012-02-10,1382.1134033203125,1429.772490834274,1382.1134033203125,1410.7088558286894,949221
2012-02-13,1343.9859619140625,1382.1132270629594,1334.4541456268382,1382.1132270629594,593487
2012-02-14,1382.1134033203125,1401.1770383258972,1353.5179508119359,1382.1134033203125,462899
2012-02-15,1353.517822265625,1382.1132720582343,1343.9860056680884,1382.1132720582343,640216
2012-02-16,1353.517822265625,1372.581455460698,1334.454189070552,1353.517822265625,289109
2012-02-17,1410.708740234375,1410.7087402343748,1363.0496566256272,1382.1132900691262,598865
2012-02-20,1477.431884765625,1477.431884765625,1448.8364263265885,1448.8364263265885,1865246
2012-02-21,1477.431884765625,1544.154621123377,1467.900065285946,1544.154621123377,2136774
2012-02-22,1544.154296875,1544.1542968749998,1458.3679395716906,1458.3679395716906,2064598
2012-02-23,1620.408447265625,1620.408447265625,1553.6857409541478,1572.7493713288554,3248276
2012-02-24,1610.8765869140625,1687.1311062749426,1610.8765869140625,1620.4084018341725,2650220
2012-02-27,1658.535888671875,1677.5995211230982,1610.8768075438168,1620.4086237694285,1991612
2012-02-28,1582.28125,1658.535774558291,1582.2812499999998,1658.535774558291,2639058
2012-02-29,1610.8765869140625,1610.8765869140625,1534.6220675531822,1582.2811421537324,1815856
2012-03-01,1610.8765869140625,1639.4720316743926,1572.7493272336224,1629.9402167542826,1275922
2012-03-02,1677.5997314453125,1677.5997314453125,1544.1542875565722,1610.8770095009424,3405757
2012-03-05,1753.8538818359375,1753.8538818359373,1753.8538818359373,1753.8538818359373,1143541
2012-03-06,1696.6630859375,1811.0448760850538,1677.5994542462413,1753.853981011277,6620779
2012-03-07,1696.6630859375,1715.7267176287592,1629.9403750180938,1687.1312700918706,2352956
2012-03-08,1620.408447265625,1696.662968764456,1620.408447265625,1658.5357080150404,2939966
2012-03-09,1601.3448486328125,1649.0039255142815,1572.7494025039314,1620.4084793854001,1161065
2012-03-12,1544.154296875,1620.4088367001636,1534.6224793968545,1620.4088367001636,1545195
2012-03-13,1620.408447265625,1620.408447265625,1563.2175561415017,1591.8130017035633,1309408
2012-03-14,1620.408447265625,1649.0038928276867,1601.3448168909172,1649.0038928276867,1650683
2012-03-15,1696.6630859375,1696.6630859375002,1582.2812957899466,1620.4085591724645,2646114
2012-03-16,1772.9178466796875,1772.9178466796875,1734.7905782654025,1763.3860295761162,6325481
2012-03-19,1763.3861083984375,1811.0451960466269,1725.258838279886,1725.258838279886,2703427
2012-03-20,1820.576904296875,1820.5769042968748,1763.3860025519084,1772.9178195094028,2485626
2012-03-21,1896.831787109375,1906.3636058113545,1839.6408748974966,1849.1726935994764,5958933
2012-03-22,1858.7041015625,1915.8950011362558,1849.1722849668743,1858.7041015625002,2643396
2012-03-23,1925.42724609375,1944.4908835262086,1858.7045150801441,1858.7045150801441,2409401
2012-03-26,1896.831787109375,1973.0863367252125,1877.7681497054155,1973.0863367252125,2510957
2012-03-27,1811.044921875,1877.7676344814047,1811.0449218750002,1877.7676344814047,6361280
2012-03-28,1801.513427734375,1801.5134277343748,1725.258885413996,1763.3861565741854,2909950
2012-03-29,1734.79052734375,1811.0450619340054,1715.7268936961862,1811.0450619340054,2447918
2012-03-30,1725.2587890625,1734.7906063202186,1687.1315200316258,1715.7269718047814,2222772
2012-04-02,1725.2587890625,1725.2587890625,1725.2587890625,1725.2587890625,0
2012-04-03,1811.044921875,1811.0449218750002,1734.7903931819665,1753.8540253552248,2665546
2012-04-04,1782.44970703125,1858.7042457100013,1763.386072361562,1839.6406110403134,1573476
2012-04-05,1849.17236328125,1868.2359972798665,1763.3860102874753,1772.9178272867834,2492161
2012-04-06,1877.7677001953125,1906.3631494559197,1849.1722509347055,1858.704067354908,3038688
2012-04-09,1963.55419921875,1963.55419921875,1887.2996619836697,1906.3632962924398,3789656
2012-04-10,1973.085693359375,2058.8720337047625,1954.0220621715112,1973.085693359375,5022608
2012-04-11,2020.74462890625,2058.8718885947555,1982.617369217745,2058.8718885947555,2680004
2012-04-12,2020.74462890625,2058.8718885947555,2001.6809990619975,2039.8082587505028,3481634
2012-04-13,1992.149658203125,2096.999647297214,1963.5542066320097,1982.6178410127532,3300905
2012-04-16,2087.4677734375,2087.4677734375,2001.6814210530317,2020.745054916247,3127173
2012-04-17,2182.7861328125,2182.7861328125,2135.1270440047037,2173.254315050941,4384994
2012-04-18,2144.658447265625,2220.912974620298,2116.062999507623,2182.7857109429615,3773751
2012-04-19,2039.808837890625,2116.063378917735,2039.808837890625,2116.063378917735,4075006
2012-04-20,2049.340087890625,2087.467347843651,1982.617382972829,2039.8082729023686,2845119
2012-04-23,2058.872314453125,2096.999582027897,2039.808680665739,2077.935948240511,1653749
2012-04-24,2154.190673828125,2154.190673828125,2030.2770432557134,2058.8724964647313,1850730
2012-04-25,2259.04052734375,2259.04052734375,2182.786120273878,2211.3815733942947,2996758
2012-04-26,2259.04052734375,2344.826886704999,2239.977026514711,2297.167798170972,5527263
2012-04-27,2306.699462890625,2316.231279965252,2249.5086950274253,2259.0403775174896,1824994
2012-04-30,2306.699462890625,2306.699462890625,2306.699462890625,2306.699462890625,0
2012-05-01,2306.699462890625,2306.699462890625,2306.699462890625,2306.699462890625,0
2012-05-02,2211.3818359375,2316.2317085759423,2201.8500170990424,2306.6998897374847,2179976
2012-05-03,2249.50830078125,2278.1036124089874,2125.5947005280495,2182.7855929526036,2980565
2012-05-04,2297.167724609375,2316.231359412516,2239.976954784519,2259.0404550030926,3188997
2012-05-07,2363.890380859375,2382.9540151337987,2335.29492944774,2373.422197996587,2985712
2012-05-08,2297.167724609375,2392.4858986250806,2287.6359072078044,2335.294994215657,3090159
2012-05-09,2335.294677734375,2354.358309953995,2268.5719649657044,2278.1037810755142,2351394
2012-05-10,2316.231689453125,2363.8907832519376,2297.1680519336,2363.8907832519376,2840261
2012-05-11,2259.04052734375,2335.295068998194,2230.4452088079056,2335.295068998194,2249145
2012-05-14,2154.190673828125,2259.0405343432863,2154.190673828125,2230.4452157188402,2899078
2012-05-15,2077.936279296875,2173.254463419878,2058.8726424722745,2144.6590081829772,3017694
2012-05-16,2116.063232421875,2135.12686635887,2049.340513642393,2087.4677815163827,1186223
2012-05-17,2087.4677734375,2173.254125821968,2087.4677734375,2173.254125821968,1337515
2012-05-18,2001.68115234375,2068.4038619080266,1992.1493366917105,2068.4038619080266,3519747
2012-05-21,2096.99951171875,2096.99951171875,2001.6813459776906,2020.7449791259025,974668
2012-05-22,2125.594970703125,2144.6586039344047,2096.9995208562054,2096.9995208562054,2159329
2012-05-23,2030.2769775390625,2116.063334389357,2030.2769775390627,2068.4042472503047,1471400
2012-05-24,1954.022705078125,2049.3408923787447,1934.9590676180007,2030.2772549186209,1860677
2012-05-25,2049.340087890625,2049.340087890625,2030.276457914112,2030.276457914112,1267421
2012-05-28,2144.658447265625,2144.658447265625,2087.4675517496207,2144.658447265625,2536230
2012-05-29,2125.594970703125,2135.126787318765,2068.404071009286,2077.9358876249257,552078
2012-05-30,2135.126953125,2173.2542225483853,2125.595135769154,2125.595135769154,1715688
2012-05-31,2068.403564453125,2144.658078703361,2049.3399358905663,2144.658078703361,1705625
2012-06-01,2058.872314453125,2116.063215815283,2039.808680665739,2068.404131346818,783181
2012-06-04,1973.085693359375,2020.7447713290348,1963.553877765443,2020.7447713290348,2165055
2012-06-05,2030.2769775390625,2030.2769775390627,1982.6178904000103,1992.1497078278207,1074835
2012-06-06,2047.7208251953125,2086.7250340119863,2028.2187207869758,2028.2187207869758,1246832
2012-06-07,2145.2314453125,2145.2314453125,2096.476182062669,2106.2272347126354,2648832
2012-06-08,2125.7294921875,2223.2400256676638,2115.9784388394837,2223.2400256676638,1887685
2012-06-11,2154.982177734375,2193.986382538256,2115.977972930494,2145.2311265334047,1283152
2012-06-12,2106.2275390625,2154.9828093574674,2106.2275390625,2125.729647180487,1078941
2012-06-13,2086.725341796875,2125.729556366538,2086.725341796875,2106.2274490817063,440344
2012-06-14,2086.725341796875,2135.4806100089536,2047.7211272272125,2135.4806100089536,597073
2012-06-15,2115.978271484375,2135.480376637964,2076.9740611771963,2076.9740611771963,654154
2012-06-18,2135.480712890625,2184.2359834516,2115.9786046662352,2164.73387522721,801456
2012-06-19,2096.476318359375,2115.978424927184,2076.9742117915666,2106.2273716432796,516279
2012-06-20,2106.2275390625,2115.9785931214938,2086.7254309445134,2096.4764850035067,656294
2012-06-21,2076.97412109375,2115.978332526122,2076.97412109375,2106.227279668029,617372
2012-06-22,2047.7208251953125,2076.973981807818,2037.9697729911443,2076.973981807818,1476258
2012-06-25,1979.463623046875,2057.4720471149317,1950.2104640213538,2047.7209941064248,1121565
2012-06-26,1891.7042236328125,1950.2105440857886,1891.7042236328127,1950.2105440857886,1819210
2012-06-27,1862.450927734375,1930.7082966239093,1852.69987503587,1901.4551385283946,1004394
2012-06-28,1862.450927734375,1862.450927734375,1842.9488223373653,1862.450927734375,911282
2012-06-29,1901.4552001953125,1911.206253210058,1862.4509881363304,1862.4509881363304,709270
2012-07-02,1852.699951171875,1930.7083759656412,1852.6999511718752,1930.7083759656412,1485511
2012-07-03,1813.69580078125,1852.7000145116012,1803.9447473486623,1852.7000145116012,1599501
2012-07-04,1784.4425048828125,1842.948821032415,1784.4425048828125,1823.4467156492142,524665
2012-07-05,1862.450927734375,1862.450927734375,1764.940400749326,1803.9446115433457,412699
2012-07-06,1920.95751953125,1950.2106818238083,1862.4511949461332,1872.2022490436527,2785030
2012-07-09,1881.9532470703125,1920.9574622983,1872.2021932633156,1911.2064084913031,928574
2012-07-10,1881.9532470703125,1940.4595699122935,1872.2021932633156,1891.7043008773094,298767
2012-07-11,1911.2060546875,1920.9571066893752,1891.7039506837496,1891.7039506837496,820021
2012-07-12,1959.9615478515625,1959.9615478515625,1920.9573352041668,1930.7083883660157,1007864
2012-07-13,2047.7208251953125,2057.471877399481,1959.961355357797,1959.961355357797,1544
2012-07-16,2018.467529296875,2115.9780446097698,2018.467529296875,2115.9780446097698,833149
2012-07-17,2115.978271484375,2115.978271484375,2047.7209034468126,2047.7209034468126,1412352
2012-07-18,2115.978271484375,2145.231429214759,2037.9698508700178,2106.22721890758,600138
2012-07-19,2213.4892578125,2213.4892578125,2076.9744933327806,2106.2276571498633,2910876
2012-07-20,2125.7294921875,2232.99107901568,2125.7294921875,2213.4889723196475,1797291
2012-07-23,2115.978271484375,2164.733534368348,2096.476166330786,2115.978271484375,1067259
2012-07-24,2067.222900390625,2115.9781607224804,2037.9697441915116,2115.9781607224804,1829158
2012-07-25,2057.471923828125,2096.4761335249627,2047.7208714039155,2067.2229762523343,1008095
2012-07-26,2096.476318359375,2096.476318359375,2057.472105223758,2067.223158507662,595106
2012-07-27,2076.97412109375,2096.476226809936,2047.720962519471,2047.720962519471,394424
2012-07-30,2076.97412109375,2096.476226809936,2047.720962519471,2047.720962519471,394424
2012-07-31,2086.725341796875,2106.2274490817063,2067.2232345120437,2096.4763954392906,276964
2012-08-01,2047.7208251953125,2086.7250340119863,2037.9697729911443,2047.7208251953127,773407
2012-08-02,2067.222900390625,2096.476056589738,2047.7207962578827,2057.4718483242536,370018
2012-08-03,2067.222900390625,2096.476056589738,2057.4718483242536,2067.222900390625,434156
2012-08-06,2145.2314453125,2164.7335506124323,2086.725129412703,2106.2272347126354,1076917
2012-08-07,2115.978271484375,2154.9824817915533,2096.476166330786,2154.9824817915533,260077
2012-08-08,2106.2275390625,2145.2317552984737,2106.2275390625,2145.2317552984737,306864
2012-08-09,2125.7294921875,2154.9826522315493,2125.7294921875,2145.2315988835326,259325
2012-08-10,2115.978271484375,2135.480376637964,2106.22721890758,2135.480376637964,290555
2012-08-13,2115.978271484375,2115.978271484375,2086.725113753991,2115.978271484375,288589
2012-08-14,2145.2314453125,2145.2314453125,2106.2272347126354,2106.2272347126354,622924
2012-08-15,2135.480712890625,2135.480712890625,2115.9786046662352,2125.72965877843,119484
2012-08-16,2125.7294921875,2145.2315988835326,2106.2273854914674,2125.7294921875,273783
2012-08-17,2164.733154296875,2164.733154296875,2106.2268491083096,2115.9778999730706,1625642
2012-08-20,2262.244384765625,2271.995438741684,2203.7380609092706,2203.7380609092706,2805908
2012-08-21,2154.982177734375,2223.2395361411664,2154.982177734375,2193.986382538256,1778206
2012-08-22,2047.7208251953125,2135.4802950328285,2047.7208251953127,2057.471877399481,1924988
2012-08-23,1950.2108154296875,1998.9660892574318,1950.2108154296875,1950.2108154296875,519749
2012-08-24,1950.2108154296875,2028.2192535540785,1852.7002677741984,1852.7002677741984,6022029
2012-08-27,1852.699951171875,1940.459429064862,1852.6999511718752,1940.459429064862,1389854
2012-08-28,1813.69580078125,1862.451067944189,1774.6915870508992,1823.446854213838,791335
2012-08-29,1901.4552001953125,1901.4552001953125,1833.1978290920938,1891.704147180567,1855472
2012-08-30,1911.2060546875,1950.2102626950011,1872.2018466799989,1911.2060546875,1063384
2012-08-31,1881.9532470703125,1911.2064084913031,1872.2021932633156,1911.2064084913031,431900
2012-09-03,1881.9532470703125,1881.9532470703125,1881.9532470703125,1881.9532470703125,0
2012-09-04,1901.4552001953125,1930.708359239549,1881.9530941658213,1881.9530941658213,550517
2012-09-05,1842.9493408203125,1911.2067289129204,1842.9493408203125,1901.4556734711193,1293157
2012-09-06,1784.4425048828125,1852.6998737240153,1784.4425048828125,1842.948821032415,1525879
2012-09-07,1813.69580078125,1842.9489610790133,1794.1936939160746,1842.9489610790133,568445
2012-09-10,1725.9364013671875,1794.1937786176443,1725.9364013671875,1794.1937786176443,1782139
2012-09-11,1706.434326171875,1735.6874884093372,1706.4343261718752,1725.9364343301831,594875
2012-09-12,1735.6871337890625,1774.6913421366828,1706.433977528347,1725.9360817021573,467236
2012-09-13,1784.4425048828125,1784.4425048828125,1735.6872414248105,1774.6914521912122,569486
2012-09-14,1852.699951171875,1862.4510042710958,1803.9446856757713,1852.6999511718752,1582613
2012-09-17,1833.197509765625,1872.2017150304266,1833.197509765625,1862.4506637142263,1006013
2012-09-18,1745.4385986328125,1833.1980881680977,1745.4385986328125,1803.9449249896693,1025503
2012-09-19,1774.691650390625,1774.6916503906248,1716.1853277069754,1716.1853277069754,1079462
2012-09-20,1706.434326171875,1755.1895965676454,1686.932218013567,1745.4385424884913,2226821
2012-09-21,1745.4385986328125,1745.4385986328125,1716.1854354543839,1735.6875442400028,562257
2012-09-24,1735.6871337890625,1745.4381858759675,1725.9360817021573,1745.4381858759675,396622
2012-09-25,1725.9364013671875,1755.1895630459546,1725.9364013671875,1735.6874552601098,676478
2012-09-26,1784.4425048828125,1794.193557574413,1725.9361887332102,1725.9361887332102,939505
2012-09-27,1774.691650390625,1794.1937579518412,1755.1895428294083,1784.4427041712331,261638
2012-09-28,1755.189453125,1774.6915596895008,1755.189453125,1764.9405064072505,360244
2012-10-01,1716.18505859375,1755.1892675999727,1706.4340063421942,1755.1892675999727,575732
2012-10-02,1735.6871337890625,1745.4381858759675,1706.433977528347,1745.4381858759675,268289
2012-10-03,1764.940185546875,1803.944391585039,1735.6870310182521,1745.438082527793,460817
2012-10-04,1764.940185546875,1784.442288565957,1755.189134037334,1764.940185546875,343241
2012-10-05,1774.691650390625,1784.4427041712331,1755.1895428294083,1774.6916503906248,299230
2012-10-08,1824.447998046875,1824.4479980468752,1794.5390121646851,1794.5390121646851,900814
2012-10-09,1794.5390625,1824.4480492211121,1794.5390625,1814.4783869807413,517147
2012-10-10,1814.478271484375,1824.4479330901504,1774.5996250612743,1794.5389482728247,349661
2012-10-11,1814.478271484375,1864.326579513251,1814.4782714843752,1814.4782714843752,768607
2012-10-12,1804.5087890625,1824.4481142539832,1794.5391264667585,1814.4784516582417,286218
2012-10-15,1774.5994873046875,1804.5084698002727,1774.5994873046875,1794.5388089684109,510959
2012-10-16,1854.35693359375,1854.35693359375,1794.5389634530898,1804.5086251431999,875078
2012-10-17,1834.41748046875,1854.3568024387007,1824.4478194837748,1854.3568024387007,170435
2012-10-18,1824.447998046875,1844.387321968335,1814.4783360861452,1814.4783360861452,176854
2012-10-19,1774.5994873046875,1834.4174522958579,1744.690504809102,1824.447791463996,689201
2012-10-22,1754.6602783203125,1774.5996012644832,1744.6906168482271,1774.5996012644832,380660
2012-10-23,1754.6602783203125,1764.6299397923979,1744.6906168482271,1764.6299397923979,219131
2012-10-24,1754.6602783203125,1774.5996012644832,1744.6906168482271,1764.6299397923979,217280
2012-10-25,1724.7515869140625,1754.6605764114174,1714.7819237482777,1754.6605764114174,472268
2012-10-26,1724.7515869140625,1754.6605764114174,1724.7515869140625,1734.7212500798476,102133
2012-10-29,1744.6907958984375,1744.6907958984377,1714.7818084127491,1734.7211334032081,70903
2012-10-30,1744.6907958984375,1744.6907958984377,1744.6907958984377,1744.6907958984377,80619
2012-10-31,1734.720947265625,1744.6906086910983,1714.7816244146786,1714.7816244146786,32560
2012-11-01,1734.720947265625,1744.6906086910983,1734.720947265625,1744.6906086910983,37129
2012-11-02,1654.963623046875,1674.9029455024604,1654.9636230468752,1664.9332842746678,816030
2012-11-05,1625.0545654296875,1664.9332085265312,1625.0545654296873,1644.9938869781092,455149
2012-11-06,1615.08544921875,1644.9944416258888,1615.08544921875,1644.9944416258888,190040
2012-11-07,1654.963623046875,1684.8726067302532,1625.0546393634972,1625.0546393634972,318084
2012-11-08,1625.0545654296875,1654.9635477523202,1625.0545654296873,1654.9635477523202,246544
2012-11-09,1664.9334716796875,1664.9334716796875,1635.024484629752,1644.9941469797304,220981
2012-11-12,1744.6907958984375,1744.6907958984377,1674.9031584318311,1674.9031584318311,624139
2012-11-13,1704.8121337890625,1784.5694331834854,1704.8121337890627,1764.6301083348797,209183
2012-11-14,1694.8424072265625,1734.7210554146397,1694.8424072265627,1704.812069273582,423225
2012-11-15,1684.8726806640625,1734.7209889904168,1684.8726806640625,1684.8726806640625,333467
2012-11-16,1694.8424072265625,1704.812069273582,1674.903083132524,1684.8727451795435,224567
2012-11-19,1664.9334716796875,1694.842458729623,1654.963809329709,1694.842458729623,388988
2012-11-20,1684.8726806640625,1704.812003994604,1674.9030189987916,1694.8423423293334,81140
2012-11-21,1684.8726806640625,1684.8726806640625,1674.9030189987916,1684.8726806640625,339829
2012-11-22,1684.8726806640625,1694.8423423293334,1674.9030189987916,1674.9030189987916,216065
2012-11-23,1674.9029541015625,1684.87261538054,1674.9029541015623,1674.9029541015623,150077
2012-11-26,1644.99462890625,1694.8429552599778,1644.9946289062502,1694.8429552599778,355155
2012-11-27,1625.0545654296875,1644.9938869781092,1625.0545654296873,1635.0242262038983,496500
2012-11-28,1625.0545654296875,1625.0545654296873,1615.0849046554763,1625.0545654296873,578508
2012-11-29,1625.0545654296875,1654.9635477523202,1625.0545654296873,1654.9635477523202,148574
2012-11-30,1635.0240478515625,1644.993707538259,1635.0240478515625,1635.0240478515625,136140
2012-12-03,1644.99462890625,1664.9339594477412,1635.0249636355045,1654.9642941769957,827770
2012-12-04,1684.8726806640625,1684.8726806640625,1644.994034002979,1674.9030189987916,174888
2012-12-05,1684.8726806640625,1734.7209889904168,1684.8726806640625,1694.8423423293334,360418
2012-12-06,1674.9029541015625,1694.842276659518,1674.9029541015623,1694.842276659518,257763
2012-12-07,1664.9334716796875,1704.8121210796014,1664.9334716796875,1704.8121210796014,702387
2012-12-10,1734.720947265625,1734.720947265625,1664.9333172873128,1664.9333172873128,759700
2012-12-11,1714.781982421875,1734.721309435696,1704.8123189149644,1734.721309435696,366837
2012-12-12,1784.5693359375,1794.5389978185292,1704.8120408892669,1714.781702770296,1040829
2012-12-13,1744.6907958984375,1784.5694458793557,1744.6907958984377,1754.660458393667,1278351
2012-12-14,1754.6602783203125,1774.5996012644832,1734.7209553761418,1734.7209553761418,1336994
2012-12-17,1794.5390625,1804.5087247403708,1764.630075778888,1774.5997380192587,1186396
2012-12-18,1754.6602783203125,1794.538924208654,1754.6602783203125,1794.538924208654,473887
2012-12-19,1834.41748046875,1834.4174804687502,1784.5691755438736,1784.5691755438736,3627433
2012-12-20,1874.296630859375,1884.2662945382374,1814.4786487862011,1834.4179761439257,2352320
2012-12-21,1874.296630859375,1894.2359582170996,1844.387639822788,1874.296630859375,2896533
2012-12-24,1884.2662353515625,1914.1752254486782,1814.4785917916254,1854.3572452544465,490023
2012-12-25,1924.1448974609375,1924.1448974609373,1854.3572535873948,1884.266243818913,1561620
2012-12-26,1993.93310546875,2013.8724379311052,1924.1454418505064,1924.1454418505064,2569600
2012-12-27,2073.689453125,2073.689453125,1993.9321610522418,2043.7804685977158,1044473
2012-12-28,2153.447021484375,2173.386347060774,2003.9020796613815,2023.8414052377807,2756749
2012-12-31,2153.447021484375,2153.447021484375,2153.447021484375,2153.447021484375,0
2013-01-01,2153.447021484375,2153.447021484375,2153.447021484375,2153.447021484375,0
2013-01-02,2133.508056640625,2213.265372431555,2133.508056640625,2193.3260434838226,420333
2013-01-03,2033.81103515625,2153.446986681131,2033.8110351562498,2153.446986681131,1177548
2013-01-04,2093.628662109375,2113.567984041528,2053.7500182450685,2063.719679211145,391417
2013-01-07,2053.750732421875,2133.508047885511,2053.750732421875,2093.6293901536933,422878
2013-01-08,2143.476806640625,2153.446466861124,2033.8105442151343,2053.7498646561326,1385575
2013-01-09,2093.628662109375,2243.173576600523,2063.719679211145,2233.2039156344467,2024982
2013-01-10,2113.568115234375,2123.5377768192857,2083.659130479643,2113.568115234375,1911860
2013-01-11,2083.6591796875,2153.4468124299856,2073.689517867145,2143.4771506096304,1528308
2013-01-14,2083.6591796875,2143.4771506096304,2043.7805324060796,2053.750194226435,465328
2013-01-15,2153.447021484375,2173.386347060774,2073.6897191787784,2113.5683703315767,1037243
2013-01-16,2113.568115234375,2243.1737158382152,2113.568115234375,2153.446761574018,2172399
2013-01-17,2093.628662109375,2143.4769669397574,2093.628662109375,2133.507305973681,1051760
2013-01-18,2053.750732421875,2093.6293901536933,2043.7810679889208,2053.750732421875,607078
2013-01-21,2053.750732421875,2123.5383834525564,2043.7810679889208,2053.750732421875,695100
2013-01-22,2043.7806396484375,2073.6896266789036,2013.871652617972,2033.8109773049491,737782
2013-01-23,2073.689453125,2073.689453125,2033.8108070886208,2043.7804685977158,630674
2013-01-24,2113.568115234375,2113.568115234375,2083.659130479643,2093.6287920645536,840378
2013-01-25,2163.416259765625,2193.3252422614637,2123.5376164378404,2143.4769381017327,1009136
2013-01-28,2183.35595703125,2243.1739323133866,2163.416631937205,2173.3862944842276,1440806
2013-01-29,2193.32568359375,2203.295346431752,2173.3863579177455,2183.3560207557475,496500
2013-01-30,2193.32568359375,2223.2346721077565,2153.447032241741,2193.32568359375,717771
2013-01-31,2123.5380859375,2173.3864011183505,2123.5380859375,2153.44707504601,489502
2013-02-01,2123.5380859375,2133.50774897367,2093.6290968289895,2123.5380859375,270313
2013-02-04,2133.508056640625,2173.38671453609,2113.5687276928925,2143.477721114491,613960
2013-02-05,2133.508056640625,2153.4473855883575,2103.5990632190264,2123.538392166759,545022
2013-02-06,2213.264404296875,2213.264404296875,2133.5071233936833,2163.41610373238,1111444
2013-02-07,2263.113525390625,2273.0831891181906,2223.234870480363,2243.1741979354942,886992
2013-02-08,2283.05322265625,2312.962218683626,2253.1442266288745,2253.1442266288745,877102
2013-02-11,2283.05322265625,2283.05322265625,2283.05322265625,2283.05322265625,0
2013-02-12,2283.05322265625,2283.05322265625,2283.05322265625,2283.05322265625,0
2013-02-13,2283.05322265625,2283.05322265625,2283.05322265625,2283.05322265625,0
2013-02-14,2283.05322265625,2283.05322265625,2283.05322265625,2283.05322265625,0
2013-02-15,2283.05322265625,2283.05322265625,2283.05322265625,2283.05322265625,0
2013-02-18,2293.02197265625,2312.961295381667,2283.0523112935416,2302.9916340189584,725752
2013-02-19,2233.204345703125,2293.022323019282,2233.204345703125,2293.022323019282,1109651
2013-02-20,2223.235107421875,2243.174437002042,2213.2654426317913,2243.174437002042,1223699
2013-02-21,2083.6591796875,2243.1737688131816,2083.6591796875,2213.2647833521164,1429759
2013-02-22,2093.628662109375,2163.4162888719106,2043.780357278992,2093.628662109375,2176506
2013-02-25,2133.508056640625,2163.4170500622236,2093.62939874516,2103.5990632190264,1173384
2013-02-26,2013.8721923828125,2123.538507554324,2003.9025273672207,2103.59917752314,976403
2013-02-27,2063.72021484375,2093.6292055047716,1993.9325699680328,2093.6292055047716,1344571
2013-02-28,2063.72021484375,2093.6292055047716,2053.750551290076,2083.6595419510977,676883
2013-03-01,2063.72021484375,2083.6595419510977,2053.750551290076,2063.72021484375,382395
2013-03-04,2003.902099609375,2043.7807511591482,2003.902099609375,2043.7807511591482,1344224
2013-03-05,1964.023681640625,2013.8720020062942,1944.0843534943572,2003.9023379331602,371348
2013-03-06,2023.8414306640625,2033.8110935775146,1973.9931160968015,2013.8717677506104,514602
2013-03-07,2013.8721923828125,2043.7811874295885,1993.9328623516287,2033.8115224139965,516395
2013-03-08,2033.81103515625,2043.7806977833234,2003.9020472750296,2023.8413725291764,207911
2013-03-11,2093.628662109375,2093.628662109375,2033.8106963129155,2073.6893401772218,683476
2013-03-12,2073.689453125,2103.5984376522842,2063.7197916159053,2083.6591146340947,334046
2013-03-13,2063.72021484375,2093.6292055047716,2063.72021484375,2073.689878397424,293158
2013-03-14,2073.689453125,2093.6287761431895,2053.7501301068105,2073.689453125,609854
2013-03-15,2163.416259765625,2183.3555814295173,2083.6589731100553,2083.6589731100553,1905556
2013-03-18,2173.385986328125,2243.1736142623627,2163.4163251946625,2163.4163251946625,1255334
2013-03-19,2193.32568359375,2233.2043349457585,2153.447032241741,2153.447032241741,1782602
2013-03-20,2193.32568359375,2223.2346721077565,2173.3863579177455,2213.265009269754,1764211
2013-03-21,2173.385986328125,2223.2342919954376,2173.385986328125,2203.2949697285126,1467872
2013-03-22,2163.416259765625,2193.3252422614637,2123.5376164378404,2183.3555814295173,814006
2013-03-25,2163.416259765625,2183.3555814295173,2123.5376164378404,2153.4465989336786,552252
2013-03-26,2143.476806640625,2173.3857873021225,2143.476806640625,2173.3857873021225,884852
2013-03-27,2123.5380859375,2153.44707504601,2113.56842290133,2133.50774897367,641662
2013-03-28,2103.598388671875,2143.4770337797154,2103.598388671875,2103.598388671875,480307
2013-03-29,2093.628662109375,2103.5983230754514,2053.7500182450685,2053.7500182450685,605805
2013-04-01,2143.476806640625,2143.476806640625,2073.689185097131,2073.689185097131,1094267
2013-04-02,2133.508056640625,2183.356379009956,2133.508056640625,2143.477721114491,1359607
2013-04-03,2133.508056640625,2153.4473855883575,2113.5687276928925,2143.477721114491,1302237
2013-04-04,2113.568115234375,2133.507438404197,2103.5984536494643,2133.507438404197,1560984
2013-04-05,2133.508056640625,2133.508056640625,2093.62939874516,2133.508056640625,1403040
2013-04-08,2263.113525390625,2273.0831891181906,2143.477560659839,2143.477560659839,8004272
2013-04-09,2312.962158203125,2352.8408185301923,2273.083497876058,2273.083497876058,3271410
2013-04-10,2233.204345703125,2322.9313116773606,2233.204345703125,2302.991985905308,2773579
2013-04-11,2233.204345703125,2302.991985905308,2223.234682817099,2293.022323019282,3629746
2013-04-12,2153.447021484375,2243.173986578171,2143.4773586961755,2213.264998213572,2042795
2013-04-15,2043.7806396484375,2143.4772630833236,2043.7806396484377,2123.5379383963464,2325543
2013-04-16,2053.750732421875,2083.6597257207386,1993.9327458241482,2033.811403555966,2281126
2013-04-17,2083.6591796875,2093.628841507855,2063.71985604679,2063.71985604679,894626
2013-04-18,2033.81103515625,2073.6896856645435,2013.871709902103,2073.6896856645435,1124225
2013-04-19,2033.81103515625,2033.8110351562498,2033.8110351562498,2033.8110351562498,0
2013-04-22,2013.8721923828125,2053.7508524451805,2013.8721923828127,2023.8418573984045,840263
2013-04-23,2053.750732421875,2053.750732421875,2013.8720746900572,2013.8720746900572,297669
2013-04-24,2043.7806396484375,2063.7199643354147,2043.7806396484377,2043.7806396484377,394771
2013-04-25,2093.628662109375,2103.5983230754514,2053.7500182450685,2063.719679211145,749348
2013-04-26,2053.750732421875,2103.5990545866475,2053.750732421875,2093.6293901536933,402810
2013-04-29,2053.750732421875,2053.750732421875,2053.750732421875,2053.750732421875,0
2013-04-30,2053.750732421875,2053.750732421875,2053.750732421875,2053.750732421875,0
2013-05-01,2053.750732421875,2053.750732421875,2053.750732421875,2053.750732421875,0
2013-05-02,2073.689453125,2093.6287761431895,2063.7197916159053,2073.689453125,835462
2013-05-03,2093.628662109375,2103.5983230754514,2073.6893401772218,2073.6893401772218,1127059
2013-05-06,2193.32568359375,2193.32568359375,2103.5987180517304,2113.5683808897325,848764
2013-05-07,2153.447021484375,2193.3256726371733,2153.447021484375,2193.3256726371733,111150
2013-05-08,2163.416259765625,2173.3859205975714,2153.4465989336786,2173.3859205975714,852350
2013-05-09,2203.294921875,2213.264582791931,2163.416278207277,2163.416278207277,999247
2013-05-10,2203.294921875,2223.234243708862,2193.3252609580695,2213.264582791931,990283
2013-05-13,2193.32568359375,2223.2346721077565,2183.3560207557475,2213.265009269754,505522
2013-05-14,2119.23046875,2182.4910842012873,2119.23046875,2182.4910842012873,850152
2013-05-15,2119.23046875,2129.773904658548,2087.600161024356,2119.23046875,1039210
2013-05-16,2140.3173828125,2161.4042550458066,2119.2305105791934,2150.8608189291535,237984
2013-05-17,2108.687744140625,2140.3180625357572,2108.687744140625,2129.774623070713,302700
2013-05-20,2129.774169921875,2140.317607143608,2098.143858256677,2108.68729547841,553524
2013-05-21,2203.577880859375,2214.1213164083106,2161.4041386636336,2161.4041386636336,1878027
2013-05-22,2193.034423828125,2224.66473016509,2193.034423828125,2214.121294719435,1257763
2013-05-23,2193.034423828125,2214.121294719435,2182.49098838247,2214.121294719435,809032
2013-05-24,2235.2080078125,2245.751442513824,2193.0342690072057,2193.0342690072057,1199871
2013-05-27,2266.838134765625,2298.4684363977235,2256.294700888259,2266.838134765625,1961192
2013-05-28,2266.838134765625,2287.9250025203573,2256.294700888259,2266.838134765625,1253656
2013-05-29,2309.012451171875,2351.186197291327,2266.838705052423,2298.469014642012,3302351
2013-05-30,2309.012451171875,2309.012451171875,2266.838705052423,2309.012451171875,930309
2013-05-31,2309.012451171875,2351.186197291327,2309.012451171875,2330.0993242316013,1933663
2013-06-03,2287.925048828125,2319.555351100423,2277.381614737359,2309.0119170096573,938175
2013-06-04,2277.3818359375,2319.555576396863,2277.3818359375,2298.4687061671816,1841997
2013-06-05,2298.46875,2309.012185315909,2277.3818793681826,2298.46875,1288241
2013-06-06,2382.81640625,2403.9032784191872,2287.925481488659,2287.925481488659,2400264
2013-06-07,2498.793701171875,2498.793701171875,2393.35950409449,2393.35950409449,3367587
2013-06-10,2446.077392578125,2551.5116204964547,2435.533954899477,2498.794432103216,2460006
2013-06-11,2414.447509765625,2477.708147109742,2393.360630650919,2435.534388880331,2014919
2013-06-12,2414.447509765625,2435.534388880331,2403.904070208272,2414.447509765625,935225
2013-06-13,2393.35986328125,2414.4467356349887,2361.7295547506415,2414.4467356349887,1590652
2013-06-14,2372.2724609375,2424.989630044291,2372.2724609375,2424.989630044291,932796
2013-06-17,2266.838134765625,2372.2724735392867,2266.838134765625,2372.2724735392867,2478744
2013-06-18,2298.46875,2309.012185315909,2245.751573420456,2245.751573420456,1128273
2013-06-19,2319.5556640625,2340.6425350891423,2298.468793035858,2319.5556640625,730148
2013-06-20,2298.46875,2319.555620631818,2298.46875,2309.012185315909,978889
2013-06-21,2298.46875,2319.555620631818,2266.8384440522736,2266.8384440522736,643802
2013-06-24,2287.925048828125,2340.642219281955,2277.381614737359,2319.555351100423,793360
2013-06-25,2214.12109375,2277.381700681946,2193.034224772685,2266.8382661932883,1562777
2013-06-26,2235.2080078125,2256.294877215147,2214.121138409853,2214.121138409853,1195129
2013-06-27,2287.925048828125,2298.4684829188914,2235.207878374295,2235.207878374295,581284
2013-06-28,2287.925048828125,2319.555351100423,2277.381614737359,2287.925048828125,658665
2013-07-01,2266.838134765625,2287.9250025203573,2245.751267010893,2287.9250025203573,370886
2013-07-02,2287.925048828125,2309.0119170096573,2256.2947465558273,2266.838180646593,761320
2013-07-03,2287.925048828125,2309.0119170096573,2277.381614737359,2287.925048828125,915446
2013-07-04,2330.0986328125,2340.64206621377,2287.9248992074217,2287.9248992074217,2335316
2013-07-05,2319.5556640625,2351.185970602463,2309.0122285491793,2330.099099575821,612109
2013-07-08,2287.925048828125,2319.555351100423,2287.925048828125,2309.0119170096573,757734
2013-07-09,2266.838134765625,2298.4684363977235,2266.838134765625,2287.9250025203573,744953
2013-07-10,2277.3818359375,2298.4687061671816,2277.3818359375,2277.3818359375,603319
2013-07-11,2277.3818359375,2287.9252710523406,2266.838400822659,2266.838400822659,693655
2013-07-12,2309.012451171875,2319.5558877017384,2287.925578112149,2287.925578112149,1381526
2013-07-15,2298.46875,2319.555620631818,2298.46875,2309.012185315909,721530
2013-07-16,2309.012451171875,2319.5558877017384,2287.925578112149,2287.925578112149,795731
2013-07-17,2340.64208984375,2351.185523351461,2298.4683558129063,2309.011789320617,1121912
2013-07-18,2319.5556640625,2361.729406115784,2319.5556640625,2319.5556640625,1360938
2013-07-19,2319.5556640625,2330.099099575821,2319.5556640625,2319.5556640625,1618297
2013-07-22,2309.012451171875,2319.5558877017384,2298.469014642012,2319.5558877017384,650222
2013-07-23,2266.838134765625,2309.0118702750897,2266.838134765625,2287.9250025203573,1273725
2013-07-24,2245.751953125,2277.382264420678,2245.751953125,2266.8388273221185,999015
2013-07-25,2235.2080078125,2277.3817466177943,2235.2080078125,2235.2080078125,610606
2013-07-26,2235.2080078125,2245.751442513824,2214.121138409853,2245.751442513824,599559
2013-07-29,2203.577880859375,2256.295058604052,2193.03444531044,2245.751623055117,879416
2013-07-30,2224.66455078125,2245.751419972239,2193.0342469947664,2193.0342469947664,198484
2013-07-31,2214.12109375,2224.6645282386576,2203.5776592613424,2224.6645282386576,357873
2013-08-01,2245.751953125,2256.2953902235595,2203.5782047307625,2203.5782047307625,552541
2013-08-02,2277.3818359375,2277.3818359375,2245.7515305929774,2256.2949657078184,650048
2013-08-05,2287.925048828125,2340.642219281955,2266.838180646593,2277.381614737359,845410
2013-08-06,2319.5556640625,2319.5556640625,2277.381922009216,2277.381922009216,744664
2013-08-07,2330.0986328125,2340.64206621377,2309.011766009961,2319.55519941123,998321
2013-08-08,2330.0986328125,2340.64206621377,2287.9248992074217,2287.9248992074217,613787
2013-08-09,2319.5556640625,2330.099099575821,2309.0122285491793,2330.099099575821,157769
2013-08-12,2309.012451171875,2309.012451171875,2287.925578112149,2309.012451171875,559423
2013-08-13,2298.46875,2330.0990559477264,2298.46875,2309.012185315909,794805
2013-08-14,2330.0986328125,2340.64206621377,2309.011766009961,2319.55519941123,868080
2013-08-15,2351.1865234375,2361.729961429902,2330.099647452696,2330.099647452696,808396
2013-08-16,2330.0986328125,2361.728933016309,2319.55519941123,2361.728933016309,653345
2013-08-19,2414.447509765625,2424.990949322978,2340.6434328641553,2340.6434328641553,2580820
2013-08-20,2382.81640625,2424.990150588374,2361.729534080813,2393.359842334594,1587703
2013-08-21,2351.1865234375,2382.816837414706,2330.099647452696,2382.816837414706,1335953
2013-08-22,2340.64208984375,2403.902690890016,2340.64208984375,2403.902690890016,916487
2013-08-23,2372.2724609375,2372.2724609375,2340.6421594734256,2351.1855932947838,1492682
2013-08-26,2382.907470703125,2404.375106939696,2339.972198229984,2393.6412888214104,377999
2013-08-27,2350.70654296875,2382.908004537586,2350.70654296875,2382.908004537586,341911
2013-08-28,2307.770751953125,2339.972206420697,2264.8354793296953,2318.5045701089825,866403
2013-08-29,2286.3037109375,2329.2389947402,2286.3037109375,2318.5051737895246,528656
2013-08-30,2297.03759765625,2339.9728826882597,2275.569955140245,2339.9728826882597,214273
2013-09-02,2297.03759765625,2297.03759765625,2297.03759765625,2297.03759765625,0
2013-09-03,2286.3037109375,2339.9728156908745,2264.83606903615,2339.9728156908745,170435
2013-09-04,2264.835693359375,2286.3033316998076,2254.101874189159,2286.3033316998076,333410
2013-09-05,2297.03759765625,2307.7714189142525,2264.8361338822424,2275.569955140245,436180
2013-09-06,2361.43994140625,2361.43994140625,2275.569392571251,2339.9723041975003,763864
2013-09-09,2307.770751953125,2339.972206420697,2297.0369337972675,2339.972206420697,345670
2013-09-10,2339.97216796875,2339.97216796875,2307.770714030333,2339.97216796875,136140
2013-09-11,2339.97216796875,2361.439803927695,2329.2383499892776,2329.2383499892776,423919
2013-09-12,2339.97216796875,2361.439803927695,2329.2383499892776,2339.97216796875,139205
2013-09-13,2339.97216796875,2372.173621907167,2329.2383499892776,2329.2383499892776,428199
2013-09-16,2329.238525390625,2393.6414381172663,2329.238525390625,2393.6414381172663,87444
2013-09-17,2339.97216796875,2350.7059859482224,2307.770714030333,2329.2383499892776,794632
2013-09-18,2329.238525390625,2361.4399817539456,2297.0370690273044,2339.9723441783985,459371
2013-09-19,2350.70654296875,2361.4403634916953,2329.2389019228594,2339.9727224458047,473540
2013-09-20,2361.43994140625,2361.43994140625,2329.2384855931255,2361.43994140625,393499
2013-09-23,2382.907470703125,2382.907470703125,2361.439834466554,2372.1736525848396,395407
2013-09-24,2436.5771484375,2468.778610551955,2393.641865618227,2393.641865618227,2064077
2013-09-25,2458.04541015625,2458.04541015625,2436.5777633290663,2436.5777633290663,523451
2013-09-26,2436.5771484375,2468.778610551955,2415.1095070278634,2458.0447898471366,659012
2013-09-27,2436.5771484375,2447.3109691423183,2404.375686323045,2436.5771484375,363830
2013-09-30,2458.04541015625,2468.779233569842,2436.5777633290663,2447.311586742658,871840
2013-10-01,2458.04541015625,2500.980703810618,2447.311586742658,2468.779233569842,1158058
2013-10-02,2458.04541015625,2468.779233569842,2436.5777633290663,2458.04541015625,840725
2013-10-03,2458.04541015625,2468.779233569842,2447.311586742658,2447.311586742658,762534
2013-10-04,2468.778076171875,2490.245712934728,2458.0442577904487,2458.0442577904487,670116
2013-10-07,2490.24658203125,2511.714226286315,2468.778937776185,2479.5127599037173,1020183
2013-10-08,2500.9794921875,2511.7133104009927,2468.778037547023,2500.9794921875,1598518
2013-10-09,2468.778076171875,2500.979531316155,2458.0442577904487,2500.979531316155,592272
2013-10-10,2404.37548828125,2479.512227026172,2404.37548828125,2479.512227026172,1030824
2013-10-11,2415.10888671875,2447.3103405624165,2404.375068770861,2436.5765226145277,655947
2013-10-14,2468.778076171875,2511.713349697581,2415.1089842647425,2425.842802646169,1611241
2013-10-15,2479.511962890625,2511.7134189224025,2468.778144213366,2500.9796002451435,1473192
2013-10-16,2511.71337890625,2543.914682868769,2479.5119233875002,2500.9795604,2629631
2013-10-17,2543.914794921875,2554.648613900923,2511.713489540969,2543.914794921875,1734889
2013-10-18,2511.71337890625,2543.914682868769,2500.9795604,2543.914682868769,3089928
2013-10-21,2500.9794921875,2543.9146134852426,2500.9794921875,2500.9794921875,1963678
2013-10-22,2522.447998046875,2522.447998046875,2490.24653230726,2500.980354220465,1019084
2013-10-23,2522.447998046875,2543.9154903170056,2500.980354220465,2522.447998046875,2613843
2013-10-24,2533.181396484375,2543.915065046938,2511.713756246743,2533.181396484375,2145912
2013-10-25,2562.69921875,2602.9510437007198,2549.2819437664266,2562.69921875,1684204
2013-10-28,2482.19580078125,2562.6993017332366,2482.19580078125,2562.6993017332366,775894
2013-10-29,2495.613037109375,2509.030312317255,2482.195761901495,2495.613037109375,297217
2013-10-30,2535.864501953125,2549.2816236958834,2509.029955355142,2509.029955355142,190989
2013-10-31,2522.447998046875,2522.447998046875,2495.613443263863,2522.447998046875,588004
2013-11-01,2509.030517578125,2522.4477938836562,2495.6132412725933,2509.030517578125,246555
2013-11-04,2495.613037109375,2509.030312317255,2495.613037109375,2509.030312317255,530957
2013-11-05,2522.447998046875,2535.865275438381,2495.613443263863,2495.613443263863,419362
2013-11-06,2549.2822265625,2549.2822265625,2522.447825174821,2522.447825174821,797408
2013-11-07,2522.447998046875,2562.6996786651143,2522.447998046875,2562.6996786651143,858989
2013-11-08,2549.2822265625,2562.699503034474,2522.447825174821,2522.447825174821,655554
2013-11-11,2589.5341796875,2589.5341796875,2535.865222791961,2549.282348348639,918627
2013-11-12,2549.2822265625,2602.951332450396,2549.2822265625,2589.5340559784217,1582509
2013-11-13,2562.69921875,2576.1164937335734,2549.2819437664266,2562.69921875,672117
2013-11-14,2549.2822265625,2576.116779506448,2549.2822265625,2576.116779506448,456051
2013-11-15,2670.037353515625,2670.037353515625,2589.5337055770888,2589.5337055770888,2266934
2013-11-18,2831.044921875,2844.4621978228083,2670.037610501302,2683.4548864491103,2787158
2013-11-19,2777.375244140625,2844.4616100163034,2777.375244140625,2831.044336841168,2052302
2013-11-20,2790.79248046875,2804.209753466737,2696.8715694828443,2804.209753466737,8903075
2013-11-21,2750.541259765625,2884.7140189304127,2750.541259765625,2804.2103634315404,2605144
2013-11-22,2831.044921875,2871.2967497184245,2750.541266188151,2763.9585421359593,1652095
2013-11-25,2844.4619140625,2871.296463281132,2817.6273648438682,2871.296463281132,4250531
2013-11-26,2857.878662109375,2871.2959342465665,2804.2095735606085,2804.2095735606085,2199385
2013-11-27,2857.878662109375,2884.713206383758,2831.0441178349915,2857.878662109375,1781827
2013-11-28,2857.878662109375,2884.713206383758,2844.461389972183,2857.878662109375,1613184
2013-11-29,2831.044921875,2871.2967497184245,2831.044921875,2857.8794737706166,1162453
2013-12-02,2884.71337890625,2898.130651845872,2844.4615600873844,2857.8788330270063,1805932
2013-12-03,3018.88671875,3072.5558213608892,2857.8794109173323,2911.5485135282215,4285555
2013-12-04,3153.05859375,3166.4758656515423,3032.3031466361194,3032.3031466361194,3222899
2013-12-05,3099.39013671875,3166.4765098752705,3045.721038193534,3153.0592352439667,4181732
2013-12-06,3112.807861328125,3139.642414469855,3072.55603161553,3099.39058475726,1358208
2013-12-09,3085.972900390625,3139.641999581984,3085.972900390625,3112.807449986304,2509141
2013-12-10,3085.972900390625,3099.3901751884646,3045.721075997106,3085.972900390625,1782474
2013-12-11,2992.0517578125,3059.138126891535,2992.0517578125,3059.138126891535,2292427
2013-12-12,3059.138671875,3085.9732242871714,2978.635014638486,2992.052290844572,1829065
2013-12-13,3179.894287109375,3193.3115638613663,3059.138796341454,3059.138796341454,2952146
2013-12-16,3139.642578125,3193.3116872059836,3139.642578125,3193.3116872059836,899750
2013-12-17,3139.642578125,3166.477132665492,3112.808023584508,3112.808023584508,805921
2013-12-18,3099.39013671875,3153.0592352439667,3085.972862087446,3153.0592352439667,1020414
2013-12-19,3126.224609375,3153.0591579800425,3112.8073350724785,3153.0591579800425,2071272
2013-12-20,3139.642578125,3179.8944099357377,3139.642578125,3179.8944099357377,1461151
2013-12-23,3153.05859375,3153.05859375,3112.806778045373,3139.6413218484577,913167
2013-12-24,3126.224609375,3153.0591579800425,3099.390060769957,3153.0591579800425,1096569
2013-12-25,3085.972900390625,3126.224724784144,3072.5556255927854,3126.224724784144,2450151
2013-12-26,3112.807861328125,3153.05969104072,3059.1387550446652,3059.1387550446652,1433253
2013-12-27,3139.642578125,3166.477132665492,3126.225300854754,3139.642578125,1446762
2013-12-30,3072.555908203125,3139.642288362855,3059.138632171179,3139.642288362855,1567704
2013-12-31,3287.232421875,3287.2324218750005,3059.138722590151,3059.138722590151,6004320
2014-01-01,3287.232421875,3287.2324218750005,3287.2324218750005,3287.2324218750005,0
2014-01-02,3327.484619140625,3394.571008702181,3287.232785403691,3327.484619140625,2825374
2014-01-03,3421.404296875,3421.404296875,3273.8142945226,3300.6488404048546,2347346
2014-01-06,3448.239013671875,3488.4908344903693,3394.5699192472157,3407.9871928533807,2254905
2014-01-07,3381.152587890625,3475.0735015296,3381.152587890625,3448.238954775607,2316763
2014-01-08,3461.65673828125,3461.65673828125,3327.483984738856,3381.153086155814,3428647
2014-01-09,3501.90869140625,3501.90869140625,3434.8223122009094,3488.491415565182,2451446
2014-01-10,3421.404296875,3542.1597533451454,3421.404296875,3528.7424804040184,2636560
2014-01-13,3407.987548828125,3448.239373851046,3394.570273820485,3407.987548828125,1994376
2014-01-14,3421.404296875,3461.6561156983817,3381.152478051618,3394.5697509927454,3037369
2014-01-15,3528.742919921875,3622.663842207961,3448.2392722480868,3448.2392722480868,5488307
2014-01-16,3689.74951171875,3689.74951171875,3488.490430909776,3501.907702963708,5982529
2014-01-17,3595.8291015625,3770.2536622370326,3595.8291015625,3730.0018405429096,4056164
2014-01-20,3555.57763671875,3689.7503891652127,3542.160361474104,3595.829462452689,2323611
2014-01-21,3689.74951171875,3730.0013278805445,3501.907702963708,3555.576791179434,2568733
2014-01-22,3609.246337890625,3743.419075474383,3555.5772428571217,3716.5845279576315,3243488
2014-01-23,3662.91552734375,3689.750075552221,3609.2464309268094,3649.498253239515,1370700
2014-01-24,3730.001708984375,3797.088076108419,3649.4980684355223,3703.1671621347577,2312646
2014-01-27,3864.174560546875,3877.5918343790254,3636.0809054003157,3730.0018222253693,2558276
2014-01-28,3864.174560546875,3864.1745605468745,3864.1745605468745,3864.1745605468745,0
2014-01-29,3864.174560546875,3864.1745605468745,3864.1745605468745,3864.1745605468745,0
2014-01-30,3864.174560546875,3864.1745605468745,3864.1745605468745,3864.1745605468745,0
2014-01-31,3864.174560546875,3864.1745605468745,3864.1745605468745,3864.1745605468745,0
2014-02-03,3864.174560546875,3864.1745605468745,3864.1745605468745,3864.1745605468745,0
2014-02-04,3864.174560546875,3864.1745605468745,3864.1745605468745,3864.1745605468745,0
2014-02-05,3864.174560546875,3864.1745605468745,3864.1745605468745,3864.1745605468745,0
2014-02-06,3810.50634765625,3917.844563170864,3797.0890707169237,3823.923624595577,2259717
2014-02-07,3716.585205078125,3864.1752433095226,3649.498824063853,3810.5061384981054,4134818
2014-02-10,3756.836181640625,3810.505274279955,3676.3325426816305,3703.167089001295,2325600
2014-02-11,3689.74951171875,3837.3395043119976,3662.914967610887,3823.922232258066,3591877
2014-02-12,3783.67138671875,3783.67138671875,3689.750458247761,3716.585009239472,2484342
2014-02-13,3797.08837890625,3797.0883789062505,3730.002006432421,3797.0883789062505,3951370
2014-02-14,3931.262451171875,3944.6797301967367,3797.0896609232586,3797.0896609232586,5459066
2014-02-17,3864.174560546875,3931.2609297076274,3850.757286714724,3877.5918343790254,3074151
2014-02-18,3944.677490234375,3944.6774902343745,3850.7565903927843,3850.7565903927843,2928457
2014-02-19,3944.677490234375,3944.6774902343745,3944.6774902343745,3944.6774902343745,0
2014-02-20,3756.836181640625,3984.9298253577767,3730.0016353209603,3971.5125521979444,7271244
2014-02-21,3823.9228515625,3891.0092226971487,3689.750109293202,3756.836480427851,4681367
2014-02-24,4052.01708984375,4052.01708984375,3837.340671673881,3877.592500080731,4258489
2014-02-25,4226.44140625,4226.44140625,3998.3477266971026,4025.1822772327378,5029525
2014-02-26,4266.69287109375,4266.69287109375,4132.52012976651,4226.441048695578,3704351
2014-02-27,4078.8505859375,4266.692403196379,4052.016040614803,4266.692403196379,4832197
2014-02-28,4266.69287109375,4293.527419359198,4065.43375910289,4092.268307368338,6837262
2014-03-03,4132.51953125,4266.6922531448845,4132.51953125,4266.6922531448845,3975336
2014-03-04,4226.44140625,4266.693232053452,4065.43410303619,4092.268653571825,4857829
2014-03-05,4360.61328125,4360.61328125,4226.440555577309,4280.109645846385,3884098
2014-03-06,4588.70751953125,4588.70751953125,4293.527484156507,4360.613855832585,6876265
2014-03-07,4682.62890625,4763.132560279156,4521.62159819169,4602.125252220845,4345794
2014-03-10,4722.8798828125,4736.297156067969,4682.628063046094,4682.628063046094,2062712
2014-03-11,4669.2109375,4736.297305899604,4642.376390140158,4709.462758539763,3082618
2014-03-12,4682.62890625,4736.2980089361035,4655.794354906949,4669.211630578475,3263660
2014-03-13,4883.88720703125,4897.304480410766,4709.462653097546,4722.879926477061,4025026
2014-03-14,5044.89599609375,5071.730550876762,4857.054112612664,4883.888667395676,3942301
2014-03-17,5366.9091796875,5366.9091796875,5111.9812679691495,5152.232788251001,4087996
2014-03-18,5568.16796875,5702.340698192469,5326.657055753556,5433.995239307531,4128942
2014-03-19,5823.0966796875,5863.348807357,5595.003310310341,5635.254831754839,3991807
2014-03-20,5769.4267578125,5930.434033087963,5635.2540284162815,5930.434033087963,7119998
2014-03-21,5742.59228515625,5836.513500043637,5662.088646492028,5769.4268313776565,4737952
2014-03-24,5688.923828125,5836.514151939972,5688.923828125,5769.427475780896,4000921
2014-03-25,5326.6572265625,5688.923304561428,5326.6572265625,5662.088757812436,10124194
2014-03-26,5232.7373046875,5541.334971776939,5219.320331105395,5487.665864998348,6460141
2014-03-27,5487.66455078125,5487.66455078125,5232.736051522128,5299.822722041611,4880824
2014-03-28,5621.83837890625,5702.342035450672,5568.169274543302,5595.003826724776,4783201
2014-03-31,5702.341796875,5769.427871409395,5595.0035926399405,5635.255116115572,5196409
2014-04-01,5501.08251953125,5715.758934194911,5474.247967698293,5635.255278696038,5201915
2014-04-02,5420.5791015625,5621.838552241408,5272.989363126366,5501.082760589048,4591193
2014-04-03,5487.66455078125,5568.168191669666,5420.577880261766,5420.577880261766,1478409
2014-04-04,5541.33349609375,5595.002588580009,5474.246827373465,5487.664403607491,2541435
2014-04-07,5554.75048828125,5608.419580981793,5541.333518218577,5581.585034631522,1688507
2014-04-08,5527.91796875,5595.004662335573,5501.0834125608,5568.170106146374,2477171
2014-04-09,5527.91796875,5527.91796875,5527.91796875,5527.91796875,0
2014-04-10,5621.83837890625,5715.7590084288795,5527.917143158563,5568.169274543302,3665580
2014-04-11,5635.2548828125,5702.341560794498,5581.585782916905,5621.837910951105,1958288
2014-04-14,5541.33349609375,5675.506227309397,5527.9159198597235,5635.254104832241,2197904
2014-04-15,5179.068359375,5541.3351445373,5179.068359375,5541.3351445373,6876265
2014-04-16,4883.88720703125,5192.484494760111,4816.800840133671,5179.066918268128,9070468
2014-04-17,4977.80908203125,5098.564262655365,4910.722702177561,4910.722702177561,5305460
2014-04-18,4642.376953125,4977.808835801121,4642.376953125,4977.808835801121,6046423
2014-04-21,4320.361328125,4628.958587499103,4320.361328125,4628.958587499103,7293730
2014-04-22,4320.361328125,4320.361328125,4320.361328125,4320.361328125,0
2014-04-23,4494.787109375,4669.211695531232,4494.787109375,4615.542592098545,3504571
2014-04-24,4494.787109375,4588.708040382202,4414.28345422597,4441.118005942313,2273134
2014-04-25,4521.62109375,4575.290190448664,4481.369271226002,4508.203819575334,5521110
2014-04-28,4441.11767578125,4535.038599806193,4441.11767578125,4521.621324945487,2889732
2014-04-29,4441.11767578125,4441.11767578125,4387.448576338425,4387.448576338425,1464899
2014-04-30,4441.11767578125,4441.11767578125,4441.11767578125,4441.11767578125,0
2014-05-01,4441.11767578125,4441.11767578125,4441.11767578125,4441.11767578125,0
2014-05-02,4441.11767578125,4441.11767578125,4441.11767578125,4441.11767578125,0
2014-05-05,4132.51953125,4494.785880366188,4132.51953125,4494.785880366188,6512793
2014-05-06,4071.283203125,4154.370621818182,3849.7167532765147,4154.370621818182,5546001
2014-05-07,4071.283203125,4140.522718702651,4015.8915906628786,4071.283203125,1997708
2014-05-08,3794.325439453125,3946.652385713106,3794.3254394531255,3946.652385713106,7324682
2014-05-09,3725.08544921875,3794.3249615246914,3641.9980344516202,3641.9980344516202,7965154
2014-05-12,3475.8232421875,3628.150170893924,3475.8232421875,3628.150170893924,3750664
2014-05-13,3240.409423828125,3406.5842821188467,3240.409423828125,3323.4968529734856,8389652
2014-05-14,3461.976318359375,3461.976318359375,3185.0181878633457,3185.0181878633457,4930977
2014-05-15,3461.976318359375,3697.390729281,3323.4972531113604,3517.367944458581,10893889
2014-05-16,3697.390625,3697.3906250000005,3503.519939120698,3600.455282060349,5445788
2014-05-19,3835.869384765625,3891.26100494767,3641.998714128469,3683.5424292650027,4709683
2014-05-20,3863.5654296875,3905.1091473490965,3738.9342767027106,3780.477994364307,5377822
2014-05-21,4002.044921875,4015.89282926156,3794.3263110765906,3863.565848009394,3622413
2014-05-22,3877.412841796875,4043.587691281353,3877.412841796875,4002.0439789102334,6466896
2014-05-23,3863.5654296875,3918.9570532362955,3780.477994364307,3877.413335574699,3233263
2014-05-26,3863.5654296875,3905.1091473490965,3752.782182589909,3822.0217120259035,1808291
2014-05-27,4098.97998046875,4098.97998046875,3877.4134781276834,3877.4134781276834,7729147
2014-05-28,4279.0029296875,4279.0029296875,4154.371767283757,4154.371767283757,7139754
2014-05-29,4265.154296875,4431.329151798998,4209.762678567001,4237.458487721001,5694564
2014-05-30,4320.54443359375,4403.631832563646,4209.761234967222,4292.8486339371175,8334039
2014-06-02,4209.7626953125,4209.7626953125,4154.371076784165,4154.371076784165,247786
2014-06-03,4209.7626953125,4237.458504576668,4140.523172152081,4154.371076784165,2477865
2014-06-04,4029.739990234375,4223.610657736281,4002.0441805912455,4223.610657736281,5022493
2014-06-05,4154.3701171875,3946.6515956860812,4195.913821487784,4029.7390042866487,4454382
2014-06-06,4445.17626953125,4445.17626953125,4168.218227015852,4209.761933393162,6170650
2014-06-09,4708.287109375,4749.830821923964,4625.199684277071,4749.830821923964,8964193
2014-06-10,4500.5693359375,4694.440028500266,4500.5693359375,4625.2004954421345,7334769
2014-06-11,4735.9833984375,4735.9833984375,4514.416909020963,4555.960625786564,5812730
2014-06-12,4735.9833984375,4805.222926380168,4680.591776083366,4735.9833984375,4572317
2014-06-13,4694.439453125,4735.983167868061,4666.743643296292,4708.287358039353,2616110
2014-06-16,4694.439453125,4777.526882611122,4680.591548210646,4694.439453125,3726328
2014-06-17,4929.85498046875,4985.246612977849,4694.44054230508,4708.288450432356,5250542
2014-06-18,4888.3095703125,4999.092797126175,4846.765860257372,4943.701183719338,4221938
2014-06-19,4902.1572265625,4916.0051292161825,4639.047076142543,4777.526102679363,7818812
2014-06-20,4985.24462890625,5109.875752449929,4916.005115826428,4999.092531522214,3948825
2014-06-23,4916.00537109375,4985.244887768886,4888.3095644236955,4957.549081098831,2172272
2014-06-24,4971.39794921875,4971.39794921875,4846.766795016695,4860.614701039146,4056025
2014-06-25,4985.24462890625,5054.484141986071,4971.396726290285,5012.940434138179,2850173
2014-06-26,4971.39794921875,5040.637479331002,4971.39794921875,4985.245855241201,2956402
2014-06-27,4943.7021484375,4999.093772653506,4929.854242383499,4971.397960545503,2086262
2014-06-30,4957.55078125,5012.942413586213,4916.007056997841,4943.7028731659475,2020610
2014-07-01,4971.39794921875,5040.637479331002,4943.702137173849,4971.39794921875,3777545
2014-07-02,5040.63720703125,5096.028828128747,4971.397680659378,4999.0934912081275,2278686
2014-07-03,5123.72509765625,5165.268817200822,5054.485565081963,5123.72509765625,2993786
2014-07-04,5082.1806640625,5123.724377770157,5040.636950354842,5123.724377770157,5191922
2014-07-07,5040.63720703125,5109.876733403121,5012.941396482502,5096.028828128747,1861683
2014-07-08,4999.09375,5040.637467973747,4971.3979380175015,4999.09375,4200794
2014-07-09,5012.94140625,5068.3330274554255,4999.093500948644,5026.789311551356,2761480
2014-07-10,4888.3095703125,4999.092797126175,4846.765860257372,4999.092797126175,6444364
2014-07-11,4819.0703125,4902.157737074844,4791.374504308385,4846.766120691615,5057470
2014-07-14,4832.91943359375,4860.6152487595655,4763.679895679212,4846.767341176657,3269675
2014-07-15,5040.63720703125,5040.63720703125,4860.614438464385,4860.614438464385,5811249
2014-07-16,4999.09375,5165.268621894991,4999.09375,5151.420715903741,4085220
2014-07-17,5026.7890625,5068.332776345793,4957.549539423679,4985.245348654207,4229341
2014-07-18,5054.484375,5109.875988017435,4999.092761982565,5012.940665236924,4627929
2014-07-21,4999.09375,4999.09375,4999.09375,5123.724903921243,3235206
2014-07-22,4943.7021484375,4943.7021484375,4943.7021484375,5012.941678707507,4182565
2014-07-23,4902.1572265625,4902.1572265625,4902.1572265625,4985.244642484592,3740856
2014-07-24,4943.7021484375,4943.7021484375,4943.7021484375,4902.158430275496,2247178
2014-07-25,4860.6142578125,4860.6142578125,4860.6142578125,4957.549591130375,2441961
2014-07-28,4708.287109375,4708.287109375,4708.287109375,4819.070342838904,5585513
2014-07-29,4708.287109375,4708.287109375,4708.287109375,4735.9829177409765,2883301
2014-07-30,4722.13525390625,4722.13525390625,4722.13525390625,4708.287349018428,2709476
2014-07-31,4735.9833984375,4735.9833984375,4735.9833984375,4735.9833984375,2819360
2014-08-01,4666.74365234375,4666.74365234375,4666.74365234375,4680.591557284951,2930770
2014-08-04,4735.9833984375,4735.9833984375,4735.9833984375,4652.895964906299,3412361
2014-08-05,4791.375,4791.375,4791.375,4749.831283414674,2613889
2014-08-06,4805.22119140625,4805.22119140625,4805.22119140625,4819.069091994858,1867374
2014-08-07,4791.375,4791.375,4791.375,4735.983377886231,1641962
2014-08-08,4722.13525390625,4722.13525390625,4722.13525390625,4805.22268323318,2914577
2014-08-11,4708.287109375,4708.287109375,4708.287109375,4749.830821923964,1686841
2014-08-12,4708.287109375,4708.287109375,4708.287109375,4708.287109375,1802647
2014-08-13,4819.0703125,4819.0703125,4819.0703125,4694.4391756377345,2908562
2014-08-14,4860.6142578125,4860.6142578125,4860.6142578125,4846.766353052803,4348108
2014-08-15,4846.765625,4846.765625,4846.765625,4846.765625,2411425
2014-08-18,4971.39794921875,4971.39794921875,4971.39794921875,4846.766795016695,7355913
2014-08-19,4957.55078125,4957.55078125,4957.55078125,5012.942413586213,5322579
2014-08-20,4943.7021484375,4943.7021484375,4943.7021484375,4985.245866599505,1618736
2014-08-21,5026.7890625,5026.7890625,5026.7890625,4943.701634808414,7844166
2014-08-22,5040.63720703125,5040.63720703125,5040.63720703125,5054.485112305624,4126166
2014-08-25,5109.87548828125,5109.87548828125,5109.87548828125,5082.17968448113,5714366
2014-08-26,5137.572265625,5137.572265625,5137.572265625,5165.268074673334,4344452
2014-08-27,5206.81201171875,5206.81201171875,5206.81201171875,5137.572486126201,5334146
2014-08-28,5414.53076171875,5414.53076171875,5414.53076171875,5206.812178295742,6639101
2014-08-29,5400.68212890625,5400.68212890625,5400.68212890625,5442.226155244029,3825246
2014-09-01,5400.68212890625,5400.68212890625,5400.68212890625,5400.68212890625,0
2014-09-02,5400.68212890625,5400.68212890625,5400.68212890625,5400.68212890625,0
2014-09-03,5359.13916015625,5469.9224050760895,5359.13916015625,5469.9224050760895,4157812
2014-09-04,5303.74658203125,5331.442388270791,5303.74658203125,5331.442388270791,5217553
2014-09-05,5359.13916015625,5372.986752930258,5359.13916015625,5372.986752930258,3436466
2014-09-08,5428.37841796875,5428.37841796875,5414.530825086125,5414.530825086125,3202449
2014-09-09,5289.89892578125,5483.769589970999,5289.89892578125,5483.769589970999,11048235
2014-09-10,5428.37841796875,5428.37841796875,5289.899360732763,5289.899360732763,3003826
2014-09-11,5414.53076171875,5414.53076171875,5414.53076171875,5483.7699766854485,3860687
2014-09-12,5386.833984375,5386.833984375,5386.833984375,5428.377380767113,3194537
2014-09-15,5345.29052734375,5345.29052734375,5345.29052734375,5469.921981058353,5697479
2014-09-16,5359.13916015625,5359.13916015625,5345.290941700298,5345.290941700298,2983144
2014-09-17,5733.03173828125,5733.03173828125,5733.03173828125,5483.769461587201,18321053
2014-09-18,5456.07373046875,5456.07373046875,5456.07373046875,5760.727628527923,6031109
2014-09-19,5469.9228515625,5469.9228515625,5414.531224581199,5414.531224581199,3487452
2014-09-22,5345.29052734375,5580.70521739049,5345.29052734375,5580.70521739049,4632047
2014-09-23,5331.44287109375,5345.290462626663,5331.44287109375,5345.290462626663,2861786
2014-09-24,5262.2041015625,5331.443950288303,5262.2041015625,5331.443950288303,3528075
2014-09-25,5331.44287109375,5331.44287109375,5262.203036383525,5262.203036383525,4230081
2014-09-26,5345.29052734375,5386.834553809249,5345.29052734375,5386.834553809249,2596308
2014-09-29,5372.98681640625,5525.314092811581,5372.98681640625,5525.314092811581,4416212
2014-09-30,5414.53076171875,5414.53076171875,5372.986732193178,5372.986732193178,2409899
2014-10-01,5483.76953125,5483.76953125,5469.9219396542485,5469.9219396542485,2847490
2014-10-02,5636.09716796875,5636.09716796875,5525.313925102711,5525.313925102711,6687635
2014-10-03,5636.09716796875,5691.488789401769,5636.09716796875,5691.488789401769,3490043
2014-10-06,5622.24951171875,5677.6411386882155,5622.24951171875,5677.6411386882155,2172966
2014-10-07,5608.4013671875,5622.24895972932,5608.4013671875,5622.24895972932,2901252
2014-10-08,5539.1611328125,5580.705158842153,5539.1611328125,5580.705158842153,3205225
2014-10-09,5483.76953125,5608.400984021215,5483.76953125,5608.400984021215,2520708
2014-10-10,5414.53076171875,5456.074165562381,5414.53076171875,5456.074165562381,3559397
2014-10-13,5442.2255859375,5442.2255859375,5400.681563945606,5400.681563945606,1656027
2014-10-14,5331.44287109375,5442.226106084601,5331.44287109375,5442.226106084601,3279344
2014-10-15,5262.2041015625,5303.748135934386,5262.2041015625,5303.748135934386,3872762
2014-10-16,4985.24462890625,5262.202368384632,4985.24462890625,5262.202368384632,6004043
2014-10-17,5068.33251953125,5068.33251953125,4985.245096049738,4985.245096049738,3346940
2014-10-20,5068.33251953125,5068.33251953125,5068.33251953125,5068.33251953125,2500119
2014-10-21,5082.1806640625,5082.1806640625,5068.332759493281,5068.332759493281,1678791
2014-10-22,5248.35546875,5248.35546875,5096.02851994393,5096.02851994393,2770039
2014-10-23,5123.72509765625,5234.508349775109,5123.72509765625,5234.508349775109,4184786
2014-10-24,5096.0283203125,5123.724128101378,5096.0283203125,5123.724128101378,1749070
2014-10-27,4916.00537109375,5026.788597773968,4916.00537109375,5026.788597773968,2897875
2014-10-28,4985.24462890625,4985.24462890625,4916.005115826428,4916.005115826428,2013300
2014-10-29,5109.87548828125,5109.87548828125,5068.33178258107,5068.33178258107,1196644
2014-10-30,5012.94140625,5068.3330274554255,5012.94140625,5068.3330274554255,1085141
2014-10-31,5109.87548828125,5109.87548828125,5012.94017498083,5012.94017498083,1878894
2014-11-03,5165.26806640625,5165.26806640625,5137.572257402244,5137.572257402244,2051840
2014-11-04,5109.87548828125,5165.26709588149,5109.87548828125,5165.26709588149,1710298
2014-11-05,5054.484375,5096.028084763077,5054.484375,5096.028084763077,2730065
2014-11-06,5109.87548828125,5123.72339018131,5109.87548828125,5123.72339018131,829517
2014-11-07,5151.42041015625,5151.42041015625,5109.876694648208,5109.876694648208,1013566
2014-11-10,5179.11572265625,5179.11572265625,5179.11572265625,5179.11572265625,2066876
2014-11-11,5206.81201171875,5206.81201171875,5179.11620148173,5179.11620148173,1158381
2014-11-12,5206.81201171875,5234.50782195577,5206.81201171875,5234.50782195577,1075101
2014-11-13,5165.26806640625,5220.659684414263,5165.26806640625,5220.659684414263,2220251
2014-11-14,5123.72509765625,5151.420910685965,5123.72509765625,5151.420910685965,2249399
2014-11-17,5109.87548828125,5165.26709588149,5109.87548828125,5165.26709588149,596841
2014-11-18,5054.484375,5096.028084763077,5054.484375,5096.028084763077,1810975
2014-11-19,4985.24462890625,5054.484141986071,4985.24462890625,5054.484141986071,2609494
2014-11-20,5054.484375,5054.484375,5040.636471745642,5040.636471745642,1409703
2014-11-21,4957.55078125,5054.486137838372,4957.55078125,5054.486137838372,1410628
2014-11-24,4902.1572265625,4916.0051292161825,4902.1572265625,4916.0051292161825,2006961
2014-11-25,4916.00537109375,4916.00537109375,4902.157467758722,4902.157467758722,824011
2014-11-26,4916.00537109375,4971.396984433859,4916.00537109375,4971.396984433859,1600044
2014-11-27,4943.7021484375,4943.7021484375,4916.006336329498,4916.006336329498,1463604
2014-11-28,4929.85498046875,4929.85498046875,4902.1591642142,4902.1591642142,661060
2014-12-01,4902.1572265625,4943.700934523546,4902.1572265625,4943.700934523546,843305
2014-12-02,4902.1572265625,4902.1572265625,4902.1572265625,4902.1572265625,678734
2014-12-03,4957.55078125,4957.55078125,4916.007056997841,4916.007056997841,796112
2014-12-04,4929.85498046875,4985.246612977849,4929.85498046875,4985.246612977849,898408
2014-12-05,4929.85498046875,4929.85498046875,4916.007072341475,4916.007072341475,646532
2014-12-08,4874.4619140625,4929.853530277312,4874.4619140625,4929.853530277312,760626
2014-12-09,4569.8076171875,4805.221965098054,4569.8076171875,4805.221965098054,1866217
2014-12-10,4777.5263671875,4777.5263671875,4569.807815881917,4569.807815881917,2346837
2014-12-11,4694.439453125,4694.439453125,4666.743643296292,4666.743643296292,571533
2014-12-12,4652.89501953125,4652.89501953125,4625.199213981416,4625.199213981416,790005
2014-12-15,4639.04736328125,4680.591073813687,4639.04736328125,4680.591073813687,706031
2014-12-16,4445.17626953125,4583.655290788949,4445.17626953125,4583.655290788949,2133131
2014-12-17,4140.52294921875,4445.176834721469,4140.52294921875,4445.176834721469,3843799
2014-12-18,4292.85107421875,4292.85107421875,4223.611535717786,4223.611535717786,1988824
2014-12-19,4251.306640625,4306.69826216853,4251.306640625,4306.69826216853,1400403
2014-12-22,4334.39306640625,4334.39306640625,4251.305653385538,4251.305653385538,1223340
2014-12-23,4362.0908203125,4362.0908203125,4348.242911953282,4348.242911953282,1438851
2014-12-24,4348.24169921875,4375.937508212761,4348.24169921875,4375.937508212761,1050117
2014-12-25,4279.0029296875,4348.242464356245,4279.0029296875,4348.242464356245,681186
2014-12-26,4168.2197265625,4209.763447885459,4168.2197265625,4209.763447885459,1343541
2014-12-29,3946.65283203125,4154.371418603472,3946.65283203125,4154.371418603472,1214503
2014-12-30,4126.67529296875,4126.67529296875,3946.652531641481,3946.652531641481,1422611
2014-12-31,4320.54443359375,4320.54443359375,4182.06543531059,4182.06543531059,1851875
2015-01-01,4320.54443359375,4320.54443359375,4320.54443359375,4320.54443359375,0
2015-01-02,4320.54443359375,4320.54443359375,4320.54443359375,4320.54443359375,0
2015-01-05,4334.39306640625,4389.784675086725,4334.39306640625,4389.784675086725,1703682
2015-01-06,4432.4521484375,4432.4521484375,4278.157917049823,4278.157917049823,848486
2015-01-07,4488.55908203125,4488.55908203125,4446.4788376664455,4446.4788376664455,1999836
2015-01-08,4460.50537109375,4544.665855772523,4460.50537109375,4544.665855772523,1188270
2015-01-09,4502.58447265625,4502.58447265625,4474.53098487097,4474.53098487097,1100964
2015-01-12,4418.42529296875,4530.639276710972,4418.42529296875,4530.639276710972,1132611
2015-01-13,4432.4521484375,4432.4521484375,4390.371903513588,4390.371903513588,1001722
2015-01-14,4600.77294921875,4600.77294921875,4460.50547159375,4460.50547159375,2823015
2015-01-15,4656.87890625,4656.87890625,4600.771927658058,4600.771927658058,1483128
2015-01-16,4684.93310546875,4684.93310546875,4684.93310546875,4684.93310546875,1706319
2015-01-19,4600.77294921875,4656.87994026875,4600.77294921875,4656.87994026875,2456212
2015-01-20,4586.74658203125,4586.74658203125,4558.693084178574,4558.693084178574,857694
2015-01-21,4544.66552734375,4586.74576664213,4544.66552734375,4586.74576664213,1310044
2015-01-22,4558.6923828125,4558.6923828125,4544.665636044212,4544.665636044212,919228
2015-01-23,4642.853515625,4642.853515625,4614.800018147621,4614.800018147621,1719228
2015-01-26,4670.90673828125,4698.960234108052,4670.90673828125,4698.960234108052,1265535
2015-01-27,4558.6923828125,4698.959850495384,4558.6923828125,4698.959850495384,2529313
2015-01-28,4572.7197265625,4614.799972361062,4572.7197265625,4614.799972361062,1008570
2015-01-29,4544.66552734375,4600.772513074922,4544.66552734375,4600.772513074922,1096662
2015-01-30,4446.47900390625,4558.692993074389,4446.47900390625,4558.692993074389,1130806
2015-02-02,4376.3447265625,4502.58544896953,4376.3447265625,4474.531955101302,71588
2015-02-03,4278.1572265625,4460.504925135509,4278.1572265625,4390.371194915121,113113
2015-02-04,4376.3447265625,4376.3447265625,4250.10400415547,4292.1842449578135,96049
2015-02-05,4362.318359375,4404.398603840495,4348.291611219835,4390.37185568533,20010
2015-02-06,4446.47900390625,4460.505752552267,4362.318512030146,4362.318512030146,54368
2015-02-09,4404.39892578125,4474.53267168352,4404.39892578125,4460.505922503065,58624
2015-02-10,4418.42529296875,4460.505536872083,4362.318301097639,4460.505536872083,55293
2015-02-11,4544.66552734375,4544.66552734375,4418.424809448613,4418.424809448613,71028
2015-02-12,4572.7197265625,4628.826720960583,4558.692977962979,4558.692977962979,61354
2015-02-13,4544.66552734375,4600.772513074922,4516.612034478164,4586.74576664213,86745
2015-02-16,4544.66552734375,4544.66552734375,4544.66552734375,4544.66552734375,0
2015-02-17,4544.66552734375,4544.66552734375,4544.66552734375,4544.66552734375,0
2015-02-18,4544.66552734375,4544.66552734375,4544.66552734375,4544.66552734375,0
2015-02-19,4544.66552734375,4544.66552734375,4544.66552734375,4544.66552734375,0
2015-02-20,4544.66552734375,4544.66552734375,4544.66552734375,4544.66552734375,0
2015-02-23,4544.66552734375,4544.66552734375,4544.66552734375,4544.66552734375,0
2015-02-24,4544.66552734375,4544.66552734375,4544.66552734375,4544.66552734375,0
2015-02-25,4516.6123046875,4586.746041047263,4502.585557415548,4586.746041047263,52892
2015-02-26,4530.6396484375,4544.666397556134,4446.479153725697,4460.50590284433,28440
2015-02-27,4488.55908203125,4558.692822639257,4488.55908203125,4558.692822639257,77695
2015-03-02,4460.50537109375,4600.772845558372,4460.50537109375,4558.692603218985,51073
2015-03-03,4558.6923828125,4558.6923828125,4474.53190220277,4474.53190220277,69886
2015-03-04,4741.0400390625,4755.066785677718,4572.719079679883,4572.719079679883,296861
2015-03-05,4769.09375,4825.2007390221315,4741.040255488934,4769.09375,213613
2015-03-06,4755.0673828125,4783.120879565855,4727.013886059144,4769.0941311891775,105807
2015-03-09,4628.826171875,4727.013400424375,4628.826171875,4698.959906553125,105738
2015-03-10,4656.87890625,4670.905650897986,4586.745183010073,4642.852161602014,83571
2015-03-11,4656.87890625,4684.93239554597,4600.771927658058,4656.87890625,49223
2015-03-12,4656.87890625,4656.87890625,4572.718438362087,4628.825416954029,88142
2015-03-13,4572.7197265625,4656.880218159625,4572.7197265625,4656.880218159625,112298
2015-03-16,4460.50537109375,4614.799593004834,4460.50537109375,4572.719350665448,155641
2015-03-17,4502.58447265625,4516.61121654889,4460.504240978331,4460.504240978331,88827
2015-03-18,4446.47900390625,4516.612747136336,4446.47900390625,4488.559249844302,80707
2015-03-19,4460.50537109375,4530.6391083260605,4446.478623647287,4446.478623647287,77316
2015-03-20,4586.74658203125,4614.800079883926,4446.4790927678705,4460.505841694208,153305
2015-03-23,4488.55908203125,4572.719570760859,4488.55908203125,4558.692822639257,95702
2015-03-24,4460.50537109375,4488.558865986674,4404.398381307901,4488.558865986674,116023
2015-03-25,4488.55908203125,4488.55908203125,4418.425341423242,4460.505585788047,62830
2015-03-26,4488.55908203125,4544.666074517656,4460.505585788047,4488.55908203125,84844
2015-03-27,4488.55908203125,4516.612578274453,4446.4788376664455,4502.5858301528515,40936
2015-03-30,4432.4521484375,4586.746379825178,4432.4521484375,4488.559141669383,141826
2015-03-31,4460.50537109375,4530.6391083260605,4432.451876200826,4432.451876200826,63209
2015-04-01,4348.2919921875,4488.559486028428,4334.265242803407,4460.505987260242,85117
2015-04-02,4432.4521484375,4446.478896745471,4292.184665357793,4348.291658589676,101953
2015-04-03,4446.47900390625,4446.47900390625,4376.345260676163,4390.37200932218,109707
2015-04-06,4390.37060546875,4446.477582112199,4376.343861307888,4404.397349629612,71861
2015-04-07,4418.42529296875,4474.532284839861,4348.291553129861,4390.3717970331945,83372
2015-04-08,4418.42529296875,4432.452040936528,4390.3717970331945,4418.42529296875,31762
2015-04-09,4418.42529296875,4446.4787889043055,4390.3717970331945,4390.3717970331945,55705
2015-04-10,4460.50537109375,4516.612360879599,4404.398381307901,4404.398381307901,116435
2015-04-13,4446.47900390625,4488.559249844302,4418.425506614215,4460.505752552267,40358
2015-04-14,4390.37060546875,4460.504326273061,4376.343861307888,4460.504326273061,38780
2015-04-15,4390.37060546875,4418.424093790475,4334.263628825301,4418.424093790475,79023
2015-04-16,4446.47900390625,4488.559249844302,4376.345260676163,4390.37200932218,97576
2015-04-17,4544.66552734375,4586.74576664213,4432.4515558814055,4432.4515558814055,220900
2015-04-20,4474.53173828125,4558.692215807817,4460.504992026822,4544.665469553389,59605
2015-04-21,4404.39892578125,4460.505922503065,4404.39892578125,4446.479173322612,70751
2015-04-22,4348.2919921875,4390.372240339778,4320.238493419314,4376.345490955686,124004
2015-04-23,4320.23828125,4376.345276030926,4320.23828125,4376.345276030926,81610
2015-04-24,4390.37060546875,4404.397349629612,4348.290372986164,4348.290372986164,55418
2015-04-27,4404.39892578125,4432.452424142158,4390.372176600797,4390.372176600797,77788
2015-04-28,4404.39892578125,4404.39892578125,4404.39892578125,4404.39892578125,0
2015-04-29,4404.39892578125,4404.39892578125,4404.39892578125,4404.39892578125,0
2015-04-30,4404.39892578125,4404.39892578125,4404.39892578125,4404.39892578125,0
2015-05-01,4404.39892578125,4404.39892578125,4404.39892578125,4404.39892578125,0
2015-05-04,4236.07763671875,4404.398615007491,4236.07763671875,4404.398615007491,354598
2015-05-05,4250.10400390625,4278.157497772833,4165.943522306498,4222.050510039666,88517
2015-05-06,4114.94873046875,4319.963986191546,4100.304783631407,4319.963986191546,139679
2015-05-07,4085.661376953125,4144.237172046712,4041.729530632935,4114.949274499919,45253
2015-05-08,4202.8125,4232.100394291459,4100.304869979889,4100.304869979889,101166
2015-05-11,4217.455078125,4276.030847693742,4173.523250948443,4232.099020517186,115491
2015-05-12,4173.52490234375,4202.812798716861,4144.237005970639,4188.1688505303055,21523
2015-05-13,4100.30517578125,4173.524916970639,4056.3733310676166,4173.524916970639,86033
2015-05-14,4056.373291015625,4085.6611872021963,4012.4414467357674,4056.3732910156245,55992
2015-05-15,3953.86572265625,4085.6612577722763,3953.8657226562495,4085.6612577722763,83617
2015-05-18,3734.206298828125,3953.8655123371045,3734.206298828125,3953.8655123371045,97960
2015-05-19,3719.562744140625,3778.1385405967694,3675.6308967985165,3690.2748459125523,74855
2015-05-20,3968.51025390625,3968.51025390625,3778.138897443147,3792.782847940309,95332
2015-05-21,4232.10009765625,4232.10009765625,4114.948528701766,4114.948528701766,506394
2015-05-22,4407.82763671875,4466.403423662846,4349.251849774653,4393.183689982726,299919
2015-05-25,4481.04736328125,4539.623150132305,4393.183683004666,4393.183683004666,219323
2015-05-26,4407.82763671875,4510.335263870918,4349.251849774653,4466.403423662846,316714
2015-05-27,4539.623046875,4627.486725153055,4393.183583078242,4437.115422217269,447964
2015-05-28,4656.7744140625,4803.213871448884,4539.6228481533935,4554.266793892032,548770
2015-05-29,4627.48681640625,4686.062603080057,4568.911029732442,4642.1307630747015,229927
2015-06-01,4627.48681640625,4715.350496416961,4612.842869737798,4627.48681640625,320462
2015-06-02,4554.26708984375,4729.99445012677,4554.26708984375,4627.486823295008,462061
2015-06-03,4642.130859375,4715.350594236191,4539.623230569332,4539.623230569332,247342
2015-06-04,4671.41845703125,4744.638187248424,4627.486618900945,4686.062403074685,165649
2015-06-05,4993.5859375,4993.5859375,4627.487237476207,4671.419081479063,1027331
2015-06-08,4978.94091796875,5198.600090709628,4978.94091796875,5125.3803664626685,457296
2015-06-09,4964.29736328125,5037.51709328281,4847.145795278755,4920.365525280315,350905
2015-06-10,4978.94091796875,5022.872752516926,4832.501469474832,4978.94091796875,359895
2015-06-11,4993.5859375,5096.093573506662,4993.5859375,5052.161729503807,381659
2015-06-12,5169.3125,5227.888282785546,5037.51698873252,5198.6003913927725,357623
2015-06-15,5096.0927734375,5198.600393350816,5081.448827735599,5169.312501947012,232828
2015-06-16,4993.5859375,5183.9572615123725,4993.5859375,5081.44962550571,420773
2015-06-17,4920.3662109375,5022.873847224209,4905.722262896542,4964.298055060376,360834
2015-06-18,4935.0087890625,5008.228508942128,4920.364845086574,4935.0087890625,316881
2015-06-19,4935.0087890625,5066.804284845831,4905.720901110649,4993.584564966202,221668
2015-06-22,5022.87353515625,5037.517482287389,4905.721958107136,4905.721958107136,294548
2015-06-23,4978.94091796875,5052.160642215709,4978.94091796875,5022.872752516926,147989
2015-06-24,5125.38134765625,5169.313190614657,4993.585818781031,5022.873714086635,492945
2015-06-25,5198.6005859375,5213.2445321819005,5096.0929622267,5125.3808547155,438479
2015-06-26,5359.6845703125,5550.055891937586,5242.532987773986,5242.532987773986,1176523
2015-06-29,5535.41064453125,5593.986091223789,5374.327256359523,5388.971200738771,417867
2015-06-30,5418.2587890625,5550.054281167858,5388.970901927976,5506.122450466072,624472
2015-07-01,5520.767578125,5550.055471541178,5418.259951168378,5491.479684708823,536801
2015-07-02,5564.69970703125,5608.6318828716885,5462.192399485364,5462.192399485364,249109
2015-07-03,5755.0703125,5828.28970996209,5550.055073297601,5593.9865794450625,607173
2015-07-06,5755.0703125,5813.6460951292565,5667.206638556115,5799.001818647462,636066
2015-07-07,5681.85107421875,5769.714760855881,5667.207457270423,5711.13896976446,486911
2015-07-08,5535.41064453125,5667.206143944481,5491.4788113935065,5667.206143944481,823077
2015-07-09,5784.359375,5784.359375000001,5462.192505308507,5476.836453930847,625869
2015-07-10,5755.0703125,5930.7976603877705,5755.0703125,5828.28970996209,470491
2015-07-13,5740.42724609375,5857.578836047685,5696.495730685575,5755.071525662543,408193
2015-07-14,5711.13818359375,5828.289749650011,5652.56240056562,5784.358243203396,512048
2015-07-15,5550.0556640625,5769.714541478895,5550.0556640625,5711.138752614652,508745
2015-07-16,5623.27490234375,5637.919179949488,5506.123658918407,5506.123658918407,279705
2015-07-17,5550.0556640625,5637.919347358864,5550.0556640625,5608.631452926743,204693
2015-07-20,5593.986328125,5593.986328125,5462.191153954793,5535.410878951833,302006
2015-07-21,5257.17724609375,5535.4122710560005,5213.245400047079,5520.768322373777,1438971
2015-07-22,5359.6845703125,5388.9724659471285,5198.601144322043,5198.601144322043,277383
2015-07-23,5374.328125,5447.547858730579,5345.040231507768,5359.684178253884,350947
2015-07-24,5476.83544921875,5520.767287026583,5345.039935795249,5359.683881731194,372873
2015-07-27,5681.85107421875,5784.359039453265,5520.767979541872,5535.411927314727,663572
2015-07-28,5593.986328125,5740.425778119082,5593.986328125,5696.494273945324,321656
2015-07-29,5491.478515625,5637.9179515303185,5491.478515625,5564.697902753224,356101
2015-07-30,5447.54833984375,5506.124132001473,5432.904391804319,5491.480183962042,335124
2015-07-31,5418.2587890625,5535.410337600596,5418.2587890625,5447.546676197025,255494
2015-08-03,5242.533203125,5374.328738894681,5198.60135786844,5286.46504838156,461849
2015-08-04,5345.04052734375,5403.616317570252,5227.888946890747,5242.532894447372,418668
2015-08-05,5432.9052734375,5476.837124684902,5345.041570942695,5388.973422190097,305791
2015-08-06,5345.04052734375,5432.904212683503,5315.752632230499,5418.260265126877,280279
2015-08-07,5447.54833984375,5506.124132001473,5315.752807488872,5345.0407035677335,444628
2015-08-10,5711.13818359375,5711.13818359375,5550.055111090875,5550.055111090875,710366
2015-08-11,5593.986328125,5813.645833940589,5593.986328125,5755.070053942956,671784
2015-08-12,5652.5634765625,5696.495653020815,5506.12432194115,5506.12432194115,819010
2015-08-13,5696.49462890625,5769.714027641285,5593.986676698434,5681.850352169859,6884084
2015-08-14,5711.13818359375,5755.070351689332,5593.986617537489,5667.206677147135,451244
2015-08-17,5637.9189453125,5711.138345346929,5491.479483594656,5711.138345346929,5004541
2015-08-18,5608.630859375,5652.562365549471,5535.411131043415,5579.342968042366,3973254
2015-08-19,5974.728515625,5974.728515625,5535.410524591071,5579.342356776909,9753597
2015-08-20,5711.13818359375,6047.949266829984,5711.13818359375,5930.797700773723,9308603
2015-08-21,5711.13818359375,5711.13818359375,5491.479328062745,5506.123273819777,7312653
2015-08-24,5315.751953125,5608.630866841226,5315.751953125,5520.767192726358,9904103
2015-08-25,5286.46435546875,5432.903820463022,5169.312783473331,5169.312783473331,7450389
2015-08-26,5520.767578125,5579.343364957355,5301.108377503667,5301.108377503667,4518647
2015-08-27,5535.41064453125,5593.986091223789,5506.122755772754,5579.3424776689935,5073710
2015-08-28,5813.6474609375,5872.22325732805,5535.412428082389,5535.412428082389,12093032
2015-08-31,5828.291015625,5916.154709252248,5799.003117749251,5842.9352953874295,6548372
2015-09-01,5696.49462890625,5842.934088025292,5652.562460346051,5828.289811288902,4540624
2015-09-02,5696.49462890625,5696.49462890625,5696.49462890625,5696.49462890625,0
2015-09-03,5462.19189453125,5681.850768479759,5418.260053576646,5637.919258349666,8667854
2015-09-04,5462.19189453125,5535.41162945559,5447.547947546382,5491.479788500986,4343990
2015-09-07,5418.2587890625,5535.410337600596,5388.970901927976,5447.546676197025,2983468
2015-09-08,5520.767578125,5520.767578125,5330.396270919845,5345.040217627934,4036547
2015-09-09,5491.478515625,5579.342177168191,5491.478515625,5564.697902753224,1935803
2015-09-10,5476.83544921875,5564.69879400993,5432.903611410917,5432.903611410917,3269119
2015-09-11,5403.6162109375,5506.123841811034,5403.6162109375,5476.835947275738,2572110
2015-09-14,5257.17724609375,5418.260681598211,5257.17724609375,5388.972784233763,3725541
2015-09-15,5301.10791015625,5359.683691824545,5227.8881830708815,5227.8881830708815,3678488
2015-09-16,5286.46435546875,5359.684087965887,5286.46435546875,5301.108301968177,2114809
2015-09-17,5286.46435546875,5345.040141466459,5286.46435546875,5345.040141466459,1358717
2015-09-18,5418.2587890625,5447.546676197025,5374.326958360714,5388.970901927976,2616017
2015-09-21,5491.478515625,5520.7664028060635,5388.970910491277,5418.258797672341,2333975
2015-09-22,5447.54833984375,5520.768080040904,5432.904391804319,5506.124132001473,1676153
2015-09-23,5432.9052734375,5462.193174269101,5418.261323021699,5447.549223853301,2051423
2015-09-24,5432.9052734375,5476.837124684902,5418.261323021699,5432.9052734375,1665188
2015-09-25,5374.328125,5447.547858730579,5345.040231507768,5388.972071746116,2864007
2015-09-28,5345.04052734375,5418.260265126877,5330.396579787125,5374.328422457002,1165368
2015-09-29,5301.10791015625,5315.751855573324,5257.176073905029,5315.751855573324,2481473
2015-09-30,5301.10791015625,5345.039746407472,5301.10791015625,5330.395800990398,1396285
2015-10-01,5315.751953125,5388.971681554057,5315.751953125,5345.039844496623,1923912
2015-10-02,5315.751953125,5315.751953125,5315.751953125,5315.751953125,0
2015-10-05,5345.04052734375,5388.9723700136265,5271.820789560624,5271.820789560624,2051886
2015-10-06,5593.986328125,5608.6306039488745,5403.61537395716,5447.547208955384,5977717
2015-10-07,5432.9052734375,5593.988397186719,5432.9052734375,5593.988397186719,4668783
2015-10-08,5491.478515625,5535.410346396596,5432.902741262873,5432.902741262873,2906943
2015-10-09,5491.478515625,5550.054289987127,5476.834572034468,5506.122459215532,3436975
2015-10-12,5623.27490234375,5681.850689468675,5506.123658918407,5506.123658918407,8798697
2015-10-13,5579.34326171875,5637.919047467236,5550.055368844507,5593.986877331373,3553336
2015-10-14,5579.34326171875,5637.919047467236,5564.69898445713,5593.986877331373,2776702
2015-10-15,5564.69970703125,5593.987603708515,5550.056089517159,5579.343986194423,2142245
2015-10-16,5506.12353515625,5623.274775948363,5506.12353515625,5623.274775948363,2457044
2015-10-19,5418.2587890625,5506.122450466072,5418.2587890625,5506.122450466072,6388890
2015-10-20,5359.6845703125,5403.616413764444,5330.3966746778715,5388.9724659471285,4152214
2015-10-21,5257.17724609375,5345.040938187092,5257.17724609375,5286.465143458197,6988184
2015-10-22,5418.2587890625,5418.2587890625,5242.5314662553565,5242.5314662553565,2825883
2015-10-23,5359.6845703125,5418.260361581758,5345.040622495186,5418.260361581758,2025329
2015-10-26,5286.46435546875,5359.684087965887,5286.46435546875,5359.684087965887,2365112
2015-10-27,5286.46435546875,5330.396194967032,5271.820408969323,5301.108301968177,1357051
2015-10-28,5213.24462890625,5315.752254518933,5198.6006823901525,5315.752254518933,2359745
2015-10-29,5301.10791015625,5345.039746407472,5213.244237653807,5257.176073905029,1878154
2015-10-30,5242.533203125,5345.040842056974,5242.533203125,5345.040842056974,2231771
2015-11-02,5213.24462890625,5257.176468454543,5198.6006823901525,5242.532521938446,1563355
2015-11-03,5242.533203125,5271.821099962706,5183.957409449586,5198.60135786844,1243050
2015-11-04,5213.24462890625,5330.3962010350315,5213.24462890625,5271.820414970641,1686748
2015-11-05,5227.888671875,5257.176565447546,5198.600778302453,5198.600778302453,683962
2015-11-06,5198.6005859375,5271.8203171595005,5198.6005859375,5257.1763709151,1463141
2015-11-09,5169.3125,5213.24433708916,5169.3125,5183.956445696386,949718
2015-11-10,5096.0927734375,5198.600393350816,5096.0927734375,5154.668556245109,1326885
2015-11-11,5066.8046875,5140.02441319833,5052.160742360334,5081.448632639666,1540962
2015-11-12,4964.29736328125,5066.804985283434,4935.009471280626,5052.161039283122,2999338
2015-11-13,5022.87353515625,5066.805376549667,4964.2977466316925,4964.2977466316925,1926040
2015-11-16,5037.51708984375,5110.736819795324,5022.873143853435,5037.51708984375,925474
2015-11-17,5052.16064453125,5096.0924790995605,5037.516699675147,5052.16064453125,708252
2015-11-18,5008.2294921875,5066.80527959115,5008.2294921875,5052.161332740237,1043917
2015-11-19,4949.6533203125,5022.873048879615,4949.6533203125,5022.873048879615,1127290
2015-11-20,4978.94091796875,4978.94091796875,4935.009083420575,4949.653028269967,1459069
2015-11-23,5096.0927734375,5154.668556245109,4993.5851535241845,4993.5851535241845,4080130
2015-11-24,5081.44970703125,5140.025499974832,5037.517862323563,5110.737603503041,1444773
2015-11-25,5052.16064453125,5081.448534243457,4993.584865106836,5022.872754819043,950967
2015-11-26,4935.0087890625,5066.804284845831,4920.364845086574,5037.51639689398,1776969
2015-11-27,4788.56982421875,4949.653223929685,4788.56982421875,4949.653223929685,2548699
2015-11-30,4642.130859375,4759.282435152905,4642.130859375,4759.282435152905,2554852
2015-12-01,4642.130859375,4729.994541208429,4612.842965430523,4642.130859375,1065570
2015-12-02,4686.0625,4759.282231731632,4627.4867146146935,4627.4867146146935,1271504
2015-12-03,4715.349609375,4788.569328943315,4671.417777634012,4686.061721547674,2164731
2015-12-04,4686.0625,4729.99433903898,4671.418553653673,4715.350392692653,869121
2015-12-07,4627.48681640625,4729.994443085412,4627.48681640625,4686.062603080057,716672
2015-12-08,4700.70654296875,4729.994436263411,4583.5549697901015,4612.842863084764,1049099
2015-12-09,4598.19921875,4729.994747240989,4598.19921875,4729.994747240989,779780
2015-12-10,4568.91015625,4656.77381946297,4568.91015625,4583.5541001188285,1131177
2015-12-11,4568.91015625,4627.485931725313,4539.622268512343,4598.198043987656,938152
2015-12-14,4598.19921875,4598.19921875,4568.91132352978,4598.19921875,424544
2015-12-15,4671.41845703125,4686.062403074685,4598.198726814075,4598.198726814075,813925
2015-12-16,4686.0625,4715.350392692653,4686.0625,4700.706446346327,1300189
2015-12-17,4715.349609375,4759.281441115989,4700.705665461337,4744.637497202326,909836
2015-12-18,4671.41845703125,4729.9942412049895,4671.41845703125,4686.062403074685,978589
2015-12-21,4642.130859375,4686.0627002917145,4612.842965430523,4642.130859375,456607
2015-12-22,4538.181640625,4686.488241137013,4538.181640625,4671.657581085811,998067
2015-12-23,4493.6884765625,4582.672413425966,4464.027164274678,4567.8417572820545,1330540
2015-12-24,4478.85693359375,4523.348893215964,4478.85693359375,4493.687586801155,333306
2015-12-25,4404.70361328125,4493.687531429203,4404.70361328125,4449.195572355226,1400126
2015-12-28,4434.365234375,4449.195888453319,4419.53458029668,4419.53458029668,905904
2015-12-29,4553.0107421875,4597.502707111572,4434.365502389976,4464.026812339358,1095551
2015-12-30,4582.67138671875,4641.993998003684,4582.67138671875,4582.67138671875,1353674
2015-12-31,4567.841796875,4597.5031094199185,4523.349828057621,4582.672453147459,759839
2016-01-04,4449.1953125,4582.671181926273,4449.1953125,4582.671181926273,1122849
2016-01-05,4375.0419921875,4449.195251971058,4375.0419921875,4449.195251971058,1582278
2016-01-06,4300.888671875,4375.041930614955,4256.396716631027,4345.380627118973,2547265
2016-01-07,4019.108154296875,4271.229351045105,4019.108154296875,4271.229351045105,3257414
2016-01-08,3900.4609375,4004.275496084778,3841.138332594412,4004.275496084778,2516914
2016-01-11,3944.952880859375,3959.783532046976,3870.799624921372,3870.799624921372,1322814
2016-01-12,4197.07421875,4197.07421875,3944.953132479785,3944.953132479785,2393474
2016-01-13,4152.58251953125,4315.719703103787,4152.58251953125,4300.889050051738,3035102
2016-01-14,4078.4287109375,4137.751315242662,4004.2754555560473,4078.4287109374995,1984198
2016-01-15,4033.9375,4137.752076637122,4004.276192389394,4063.5988076106064,1575107
2016-01-18,3826.30810546875,3959.7839813005353,3766.985493987957,3959.7839813005353,3435772
2016-01-19,4004.27685546875,4004.27685546875,3855.9702928572224,3870.8009491183752,1935201
2016-01-20,3930.123046875,4048.768281046093,3930.123046875,3959.784355417773,1394157
2016-01-21,3841.139892578125,3944.954493324629,3781.817263580123,3900.4625215761275,2511593
2016-01-22,3930.123046875,3959.784355417773,3811.477812703907,3900.4617383322266,2082792
2016-01-25,4197.07421875,4197.07421875,3930.122480346243,3930.122480346243,3551717
2016-01-26,4078.4287109375,4197.073919547824,4078.4287109374995,4078.4287109374995,2355489
2016-01-27,4152.58251953125,4182.243825635347,4137.7518664792005,4152.58251953125,1729777
2016-01-28,4093.26025390625,4182.244179752961,4093.26025390625,4152.582871137391,1361539
2016-01-29,4122.921875,4152.583185863615,4078.4299087045774,4093.2605641363853,1402254
2016-02-01,4093.26025390625,4197.074834060746,4093.26025390625,4152.582871137391,1070243
2016-02-02,4048.767578125,4093.259533214751,4048.7675781249995,4063.5982298215836,1063951
2016-02-03,4108.0908203125,4122.9214743029515,3989.4455883888913,4004.2762423793424,481313
2016-02-04,4078.4287109375,4137.751315242662,4078.4287109374995,4108.090013090081,614330
2016-02-05,4137.751953125,4167.413259850215,4093.259993037178,4108.090646399785,1057057
2016-02-15,4078.4287109375,4122.920664166371,4063.598059861209,4093.25936201379,543172
2016-02-16,4093.26025390625,4122.92156252182,4078.429599598465,4078.429599598465,1214272
2016-02-17,4093.26025390625,4137.7522168296055,4078.429599598465,4093.26025390625,2079739
2016-02-18,4108.0908203125,4122.9214743029515,4093.260166322049,4108.0908203125,1353535
2016-02-19,4063.59912109375,4122.921740891359,4063.59912109375,4108.091085941956,775246
2016-02-22,4345.380859375,4345.380859375,4063.5984611021986,4063.5984611021986,7334630
2016-02-23,4449.1953125,4538.179225450848,4375.042051707626,4478.85661681695,5519768
2016-02-24,4745.81005859375,4745.81005859375,4404.704936551143,4419.535594031257,4763121
2016-02-25,4582.67138671875,4760.639220573553,4567.840733897516,4745.808567752319,5209364
2016-02-26,4745.81005859375,4760.640716073864,4597.503483792617,4656.82611371307,4852647
2016-02-29,4790.30078125,4879.284702914875,4730.97816680675,4745.808820417563,3669975
2016-03-01,4790.30078125,4864.454049304063,4745.808820417563,4760.639474028375,3617694
2016-03-02,4805.13232421875,4923.777575064707,4805.13232421875,4849.624293285983,3366742
2016-03-03,4745.81005859375,4864.455318434657,4701.31808615341,4864.455318434657,3396862
2016-03-04,4730.97900390625,4775.470972611098,4701.317691436352,4745.809660141199,2243384
2016-03-07,4701.31640625,4849.622928057332,4701.31640625,4745.8083627922,3050370
2016-03-08,4641.99462890625,4745.809212764528,4641.99462890625,4701.317248253837,2303670
2016-03-09,4671.65576171875,4730.9783788204795,4627.163798892453,4627.163798892453,1713444
2016-03-10,4879.2861328125,4879.2861328125,4671.656921414414,4671.656921414414,5194744
2016-03-11,4805.13232421875,4894.116262353217,4790.301667863005,4879.285605997473,2356507
2016-03-14,4775.4697265625,4834.792336023431,4760.639074197267,4819.961683658198,1769288
2016-03-15,4701.31640625,4849.622928057332,4701.31640625,4745.8083627922,3422494
2016-03-16,4745.81005859375,4775.471373553977,4656.82611371307,4671.656771193184,2328562
2016-03-17,4716.14794921875,4864.454499038286,4716.14794921875,4819.962534092425,2587794
2016-03-18,4805.13232421875,4879.285605997473,4745.8096987957715,4745.8096987957715,6401475
2016-03-21,4730.97900390625,4849.6242537858425,4730.97900390625,4834.7935975508935,2402773
2016-03-22,4686.4853515625,4745.807955190409,4641.993398841567,4730.977304283432,3601223
2016-03-23,4745.81005859375,4760.640716073864,4641.995456232957,4686.487428673297,3103716
2016-03-24,4686.4853515625,4805.1305588183195,4686.4853515625,4745.807955190409,2630221
2016-03-25,4597.5029296875,4701.317519536242,4567.841618302145,4671.656208150886,3760889
2016-03-28,4582.67138671875,4641.993998003684,4567.840733897516,4612.332692361217,1428626
2016-03-29,4404.70361328125,4627.163408651132,4375.042307231932,4627.163408651132,3221835
2016-03-30,4389.8720703125,4493.686620439135,4345.380120258227,4404.702720330591,2954274
2016-03-31,4300.888671875,4434.364537606919,4300.888671875,4389.872582362947,2815011
2016-04-01,4330.55029296875,4330.55029296875,4241.5663759548215,4271.227681626131,2448578
2016-04-04,4286.05859375,4360.2118624142295,4271.227940017155,4300.889247482846,1136081
2016-04-05,4375.0419921875,4375.0419921875,4271.22742849052,4286.058080447231,1758740
2016-04-06,4389.8720703125,4434.364020366772,4345.380120258227,4404.702720330591,1546375
2016-04-07,4404.70361328125,4464.026225379886,4389.872960256591,4419.534266305908,2566465
2016-04-08,4375.0419921875,4419.533948057635,4375.0419921875,4419.533948057635,1699564
2016-04-11,4478.85693359375,4478.85693359375,4389.873014349323,4389.873014349323,2946085
2016-04-12,4582.67138671875,4627.16334518245,4478.856816970115,4493.687469791348,3470981
2016-04-13,4553.0107421875,4671.655981985024,4523.349432238119,4597.502707111572,2747045
2016-04-14,4538.181640625,4582.673620778603,4538.181640625,4553.012300676201,1707430
2016-04-15,4493.6884765625,4582.672413425966,4493.6884765625,4538.180444994233,1964719
2016-04-19,4271.22802734375,4478.857183848635,4271.22802734375,4478.857183848635,4225501
2016-04-20,4271.22802734375,4330.550643488003,4241.566719271624,4300.889335415876,3358090
2016-04-21,4360.2119140625,4419.534529696582,4315.71995233694,4345.38126015398,1755362
2016-04-22,4389.8720703125,4404.702720330591,4330.5494702401365,4360.210770276319,2904676
2016-04-25,4478.85693359375,4508.51824000856,4419.534320764132,4478.85693359375,3155719
2016-04-26,4434.365234375,4478.857196609957,4404.703926218362,4478.857196609957,1976471
2016-04-27,4375.0419921875,4478.856555884481,4360.211340230789,4449.195251971058,1818377
2016-04-28,4330.55029296875,4404.703557147023,4315.719640133095,4404.703557147023,2339527
2016-04-29,4315.720703125,4345.382016102096,4300.890046636452,4300.890046636452,1256328
2016-05-04,4345.380859375,4404.703469537695,4271.2275966716315,4315.719554293652,1961064
2016-05-05,4389.8720703125,4449.194670384863,4360.210770276319,4389.8720703125,1629563
2016-05-06,4449.1953125,4508.517921133899,4389.872703866102,4404.703356024576,4481865
2016-05-09,4410.005859375,4516.454284962669,4410.005859375,4516.454284962669,2856882
2016-05-10,4379.591796875,4425.212548337684,4364.384879720772,4379.591796875,1848867
2016-05-11,4364.3837890625,4410.004529124574,4318.763049000426,4379.590702416524,2368027
2016-05-12,4364.3837890625,4455.625269186648,4364.3837890625,4364.3837890625,1146213
2016-05-13,4318.76513671875,4394.799740244481,4303.558216013604,4379.592819539334,2375013
2016-05-16,4364.3837890625,4394.797615770549,4303.5561356464,4303.5561356464,1467768
2016-05-17,4394.79931640625,4440.420074121983,4349.178558690516,4410.006235644828,2526769
2016-05-18,4410.005859375,4455.626613198287,4394.7989414339045,4440.419695257191,2348456
2016-05-19,4394.79931640625,4425.213154883406,4364.385477929094,4410.006235644828,1049562
2016-05-20,4394.79931640625,4425.213154883406,4379.592397167672,4410.006235644828,1099253
2016-05-23,4364.3837890625,4410.004529124574,4349.176875708475,4410.004529124574,752344
2016-05-24,4379.591796875,4394.798714029228,4349.177962566543,4364.384879720772,975211
2016-05-25,4531.66162109375,4638.1100565046745,4410.006266338408,4410.006266338408,10202431
2016-05-26,4486.0400390625,4607.695371472132,4486.0400390625,4546.867705267316,2933500
2016-05-27,4607.69482421875,4622.9017389638375,4470.832591512966,4486.039506258054,4809573
2016-05-30,4774.97216796875,4835.799843274629,4714.144492662871,4714.144492662871,6851975
2016-05-31,4790.17822265625,4851.005886988934,4714.143642240394,4774.971306573078,4096786
2016-06-01,4820.591796875,4927.040203761194,4790.177966336088,4790.177966336088,6813157
2016-06-02,4820.591796875,4851.005627413912,4774.971051066631,4790.177966336088,2795856
2016-06-03,4805.38671875,4927.04208741564,4805.38671875,4866.214403082819,3703889
2016-06-06,4683.72998046875,4835.799146832757,4683.72998046875,4805.385313559956,7351887
2016-06-07,4805.38671875,4805.38671875,4698.938271167565,4744.55903441718,3022379
2016-06-08,4805.38671875,4911.835166332435,4805.38671875,4851.007481999614,3276939
2016-06-09,4866.21337890625,4972.661804084821,4774.971871610332,4805.385707375638,7291509
2016-06-10,4942.24853515625,4972.662374409782,4866.2139370224195,4866.2139370224195,4846401
2016-06-13,4851.0068359375,4927.041431227159,4820.592997821636,4911.834512169227,3354389
2016-06-14,4835.7998046875,4851.006723392627,4774.972129866994,4820.592885982373,4567736
2016-06-15,4835.7998046875,4851.006723392627,4774.972129866994,4805.385967277247,2617359
2016-06-16,4820.591796875,4927.040203761194,4820.591796875,4835.798712144457,4886514
2016-06-17,4744.55810546875,4805.385777891974,4714.144269257138,4805.385777891974,5039935
2016-06-20,4774.97216796875,4835.799843274629,4744.55833031581,4835.799843274629,2285996
2016-06-21,4820.591796875,4896.6263732222815,4790.177966336088,4805.384881605543,4819936
2016-06-22,4805.38671875,4866.214403082819,4805.38671875,4805.38671875,2013808
2016-06-23,4805.38671875,4820.593639833205,4774.97287658359,4820.593639833205,2927624
2016-06-24,4577.28173828125,4774.971662080955,4470.833317773716,4774.971662080955,11570032
2016-06-27,4516.455078125,4577.282760571704,4440.42047506662,4531.661998736677,2012883
2016-06-28,4516.455078125,4531.661998736677,4455.627395678296,4501.248157513324,2221037
2016-06-29,4622.90234375,4622.90234375,4531.660843342907,4531.660843342907,2693745
2016-06-30,4546.86767578125,4668.523007401956,4546.86767578125,4622.9022580441915,3157524
2016-07-01,4577.28173828125,4653.316324358059,4546.867903850526,4546.867903850526,2848091
2016-07-04,4896.62841796875,4896.62841796875,4668.524593674734,4668.524593674734,8009292
2016-07-05,5094.3173828125,5185.55889432931,5063.90354564023,5094.3173828125,12758025
2016-07-06,5094.3173828125,5124.73121998477,4987.868952709555,5018.282789881825,5062791
2016-07-07,5124.7314453125,5185.559122331553,5063.903768293447,5109.524526057737,4433747
2016-07-08,5109.52294921875,5261.592094836648,5109.52294921875,5155.143692904119,8182145
2016-07-11,4972.66259765625,5246.387163226838,4942.248757037296,5155.145641369975,6367098
2016-07-12,5048.6962890625,5063.903206630588,4896.627113381621,5018.282453926324,5103182
2016-07-13,5079.11083984375,5185.559277818917,5079.11083984375,5155.145438397441,5093281
2016-07-14,4881.42041015625,5109.524183693585,4866.213491920427,5063.903428986117,5457215
2016-07-15,4866.21337890625,4972.661804084821,4851.006461023597,4866.21337890625,2896116
2016-07-18,5003.076171875,5003.076171875,4866.21389637725,4866.21389637725,2525334
2016-07-19,4987.86962890625,5124.731914735644,4896.628105019988,5063.904232144802,3440630
2016-07-20,4851.0068359375,4987.869107458886,4835.799916879569,4942.248350285091,4805964
2016-07-21,4729.35107421875,4911.834087122729,4729.35107421875,4881.420251638732,3537744
2016-07-22,4653.31689453125,4759.765328081962,4607.69613729523,4729.351489924616,3162151
2016-07-25,4607.69482421875,4698.936312689272,4607.69482421875,4653.315568454012,1591531
2016-07-26,4638.109375,4668.523209219952,4577.281706560097,4638.109375,1831656
2016-07-27,4638.109375,4638.109375,4638.109375,4638.109375,0
2016-07-28,4714.1435546875,4759.764302089728,4638.108975683788,4668.522807285272,2506735
2016-07-29,4744.55810546875,4820.5926959977805,4714.144269257138,4729.351187362944,2975186
2016-08-01,4698.93701171875,4790.178513762661,4683.730094711431,4744.557762740706,933062
2016-08-02,4531.66162109375,4653.316975849092,4531.66162109375,4653.316975849092,3802391
2016-08-03,4440.419921875,4486.040678026552,4394.799165723448,4410.006084440633,3954331
2016-08-04,4333.97265625,4501.2488071191965,4333.97265625,4501.2488071191965,2748572
2016-08-05,4333.97265625,4333.97265625,4212.317273799675,4288.351887831128,4024980
2016-08-08,4318.76513671875,4364.385898834188,4288.351295308457,4333.972057423896,1250406
2016-08-09,4364.3837890625,4379.590702416524,4303.5561356464,4303.5561356464,2286690
2016-08-10,4440.419921875,4440.419921875,4364.3853282890805,4364.3853282890805,2035276
2016-08-11,4440.419921875,4486.040678026552,4394.799165723448,4440.419921875,2094174
2016-08-12,4364.3837890625,4501.246009248723,4364.3837890625,4486.039095894697,2879368
2016-08-15,4425.212890625,4425.212890625,4349.1782989726335,4364.385217303106,1879727
2016-08-16,4455.62548828125,4531.660058790189,4455.62548828125,4455.62548828125,2697539
2016-08-17,4410.005859375,4486.040449080478,4379.592023492809,4486.040449080478,1634189
2016-08-18,4394.79931640625,4455.626993360561,4379.592397167672,4425.213154883406,2068727
2016-08-19,4349.17822265625,4410.005894910781,4349.17822265625,4410.005894910781,2021026
2016-08-22,4318.76513671875,4379.592819539334,4318.76513671875,4349.178978129043,1287743
2016-08-23,4333.97265625,4364.386501862581,4318.765733443709,4349.17957905629,1180404
2016-08-24,4349.17822265625,4394.798976847148,4333.971304592617,4379.592058783515,1033924
2016-08-25,4333.97265625,4379.593424668871,4333.97265625,4349.17957905629,751650
2016-08-26,4455.62548828125,4501.246230586614,4349.177089568734,4349.177089568734,3572445
2016-08-29,4364.3837890625,4516.452922602747,4349.176875708475,4455.625269186648,2020147
2016-08-30,4394.79931640625,4440.420074121983,4364.385477929094,4394.79931640625,1000658
2016-08-31,4394.79931640625,4455.626993360561,4394.79931640625,4410.006235644828,1469294
2016-09-01,4410.005859375,4440.419695257191,4379.592023492809,4410.005859375,1717192
2016-09-05,4379.591796875,4425.212548337684,4379.591796875,4410.005631183456,1270023
2016-09-06,4394.79931640625,4440.420074121983,4394.79931640625,4410.006235644828,1610223
2016-09-07,4394.79931640625,4410.006235644828,4379.592397167672,4394.79931640625,996031
2016-09-08,4455.62548828125,4486.039316484826,4410.004745975886,4410.004745975886,3672150
2016-09-09,4592.48876953125,4622.90260471717,4470.83342878757,4470.83342878757,4896971
2016-09-12,4463.23046875,4592.489105988626,4463.23046875,4592.489105988626,2398054
2016-09-13,4410.005859375,4478.437161881284,4410.005859375,4463.230243940188,1837439
2016-09-14,4371.98974609375,4425.213799409411,4371.98974609375,4394.799956502523,1629424
2016-09-15,4318.76513671875,4387.1964516632925,4318.76513671875,4349.178978129043,2704341
2016-09-16,4349.17822265625,4364.385140719883,4318.764386528985,4318.764386528985,1361817
2016-09-19,4402.40283203125,4410.006119679234,4364.385363163145,4379.592282001841,898732
2016-09-20,4394.79931640625,4402.402947796907,4333.971639451938,4394.79931640625,1323461
2016-09-21,4379.591796875,4410.005631183456,4371.988510069231,4394.798714029228,1911559
2016-09-22,4455.62548828125,4493.6429453070305,4410.004745975886,4425.211660077674,4001847
2016-09-23,4470.83349609375,4531.66116738132,4455.626578271857,4455.626578271857,2385701
2016-09-26,4455.62548828125,4478.436031205242,4425.211660077674,4470.832402383038,1323276
2016-09-27,4501.2470703125,4508.850700553192,4448.023032798393,4470.8332364351,2185134
2016-09-28,4562.0751953125,4592.489032238202,4501.247521461097,4501.247521461097,3098256
2016-09-29,4531.66162109375,4607.696217815838,4516.454701749332,4577.282379127003,3636061
2016-09-30,4470.83349609375,4539.264798063619,4470.83349609375,4531.66116738132,2319817
2016-10-03,4470.83349609375,4531.66116738132,4470.83349609375,4470.83349609375,1267108
2016-10-04,4432.81591796875,4524.057415527723,4425.212288067501,4486.039953106816,2109396
2016-10-05,4394.79931640625,4470.833912599139,4394.79931640625,4432.816786274063,2311813
2016-10-06,4394.79931640625,4470.833912599139,4364.385477929094,4394.79931640625,1573719
2016-10-07,4410.005859375,4410.005859375,4364.385105551713,4410.005859375,1543229
2016-10-10,4394.79931640625,4440.420074121983,4379.592397167672,4410.006235644828,1315504
2016-10-11,4394.79931640625,4410.006235644828,4356.782190081174,4410.006235644828,2006591
2016-10-12,4364.3837890625,4425.211442478599,4364.3837890625,4394.797615770549,686368
2016-10-13,4387.1962890625,4387.1962890625,4341.575528637884,4379.592657220352,1362418
2016-10-14,4364.3837890625,4425.211442478599,4364.3837890625,4425.211442478599,1031564
2016-10-17,4349.17822265625,4410.005894910781,4349.17822265625,4364.385140719883,1147231
2016-10-18,4349.17822265625,4387.195689586687,4333.971304592617,4333.971304592617,1105499
2016-10-19,4394.79931640625,4455.626993360561,4349.178558690516,4364.385477929094,2055819
2016-10-20,4394.79931640625,4486.040831837717,4394.79931640625,4410.006235644828,1264980
2016-10-21,4387.1962890625,4516.454938494199,4379.592657220352,4470.834178069584,2316902
2016-10-24,4318.76513671875,4387.1964516632925,4318.76513671875,4387.1964516632925,2245466
2016-10-25,4303.55712890625,4326.367675973257,4288.350212042473,4318.764045770027,1010467
2016-10-26,4250.3330078125,4318.76396057829,4242.729377759259,4303.557044014484,1803665
2016-10-27,4257.93701171875,4288.350849970618,4227.523173466882,4250.33372392715,474327
2016-10-28,4288.3505859375,4303.557504127146,4257.936749558207,4273.143667747854,808928
2016-10-31,4257.93701171875,4311.161400430886,4242.730092592816,4288.350849970618,943750
2016-11-01,4250.3330078125,4288.350127450678,4242.729377759259,4257.936294323065,448464
2016-11-02,4181.9013671875,4257.93594374623,4181.9013671875,4227.522113122738,852558
2016-11-03,4090.660400390625,4151.488069445395,4022.229444475354,4151.488069445395,2051100
2016-11-04,4029.8330078125,4098.264311965361,4029.8330078125,4098.264311965361,1122802
2016-11-07,4105.8671875,4121.07410428164,4029.832603591802,4060.2464371550814,750725
2016-11-08,4136.2822265625,4174.299701367947,4105.868384135256,4136.2822265625,966976
2016-11-09,4060.24658203125,4105.867334003991,3877.7635741402864,4105.867334003991,2837126
2016-11-10,4136.2822265625,4151.489147776123,4060.2476204943887,4151.489147776123,1264749
2016-11-11,4060.24658203125,4136.281168652485,4060.24658203125,4121.0742513282385,1186789
2016-11-14,4052.64306640625,4067.849982872207,4045.0394364019344,4060.2463528678913,823641
2016-11-15,4090.660400390625,4113.470948057509,4052.6432790027393,4052.6432790027393,582776
2016-11-16,4121.07470703125,4151.4885450428665,4098.264500293903,4113.471419299712,882446
2016-11-17,4090.660400390625,4128.677865321202,4083.0571135301243,4121.07423491801,507361
2016-11-18,4067.85009765625,4090.6603012274927,4029.832633647267,4090.6603012274927,640147
2016-11-21,4075.453857421875,4090.6607760821903,4045.0400201012435,4075.4538574218745,866022
2016-11-22,4121.07470703125,4128.67833830552,4075.4539500138258,4075.4539500138258,1246890
2016-11-23,4105.8671875,4143.8846512254395,4105.8671875,4128.6777344438,603828
2016-11-24,4067.85009765625,4136.281051912662,4067.85009765625,4105.867218122549,878421
2016-11-25,4083.057373046875,4113.471209507346,4067.8504548166397,4113.471209507346,609102
2016-11-28,4029.8330078125,4090.660681040503,3999.419171198498,4090.660681040503,872545
2016-11-29,4029.8330078125,4052.6435570443587,4014.626089505499,4029.8330078125,900490
2016-11-30,4075.453857421875,4075.4538574218745,4029.8331014409277,4029.8331014409277,681926
2016-12-01,4060.24658203125,4121.0742513282385,4060.24658203125,4105.867334003991,1020691
2016-12-02,4083.057373046875,4090.6606603906357,4052.643536586404,4060.2468239301647,415152
2016-12-05,4029.8330078125,4083.0573936583605,4029.8330078125,4083.0573936583605,1737179
2016-12-06,3953.7978515625,4029.8324322375993,3953.7978515625,4022.2291459414228,1578715
2016-12-07,3938.591552734375,3999.4192268081524,3923.384634215931,3930.988265246513,1255912
2016-12-08,3892.97021484375,3984.2117123059315,3892.9702148437495,3984.2117123059315,556265
2016-12-09,3892.97021484375,3923.3840473311434,3862.5563823563557,3892.9702148437495,1388883
2016-12-12,3885.366455078125,3892.969740502211,3832.142082939011,3832.142082939011,1238608
2016-12-13,3892.97021484375,3953.7978798185377,3892.9702148437495,3923.3840473311434,1783724
2016-12-14,4022.228759765625,4022.228759765625,3892.9698132568265,3892.9698132568265,558023
2016-12-15,4022.228759765625,4029.8320453318074,3953.797471956818,4022.228759765625,753131
2016-12-16,4083.057373046875,4121.074496851107,4029.8329874696938,4029.8329874696938,1559839
2016-12-19,4303.55712890625,4303.55712890625,4083.057006152823,4105.867209677147,4025582
2016-12-20,4227.52294921875,4288.350622495894,4227.52294921875,4273.143704176608,1462169
2016-12-21,4242.7294921875,4280.746956393701,4219.9192884979275,4227.522575213557,1001491
2016-12-22,4166.6962890625,4273.1447431801535,4166.6962890625,4257.937821163346,1272244
2016-12-23,4121.07470703125,4166.695464048674,4105.867788025442,4166.695464048674,965588
2016-12-26,4159.09130859375,4197.1084264052815,4143.884392760605,4166.694594738992,1141494
2016-12-27,4197.5302734375,4220.678594565269,4174.382300939526,4197.5302734375,1070752
2016-12-28,4205.24658203125,4212.962456810562,4182.09826043371,4182.09826043371,609935
2016-12-29,4228.39501953125,4282.407543439469,4205.247044020471,4220.67914390427,1217140
2016-12-30,4197.5302734375,4243.826567063243,4197.5302734375,4243.826567063243,823919
2017-01-03,4367.28271484375,4367.28271484375,4197.529662906618,4228.3938541679145,1887222
2017-01-04,4336.41845703125,4390.430965224459,4313.270488255403,4351.850552425061,1452777
2017-01-05,4359.5673828125,4429.0116474606975,4336.4190621765765,4336.4190621765765,1569508
2017-01-06,4398.1484375,4459.876841515857,4367.284235492071,4367.284235492071,2407955
2017-01-09,4382.7158203125,4413.580018685333,4382.7158203125,4398.147919498916,801063
2017-01-10,4320.98681640625,4382.715204478193,4290.122622370278,4382.715204478193,1396748
2017-01-11,4297.8388671875,4344.13515847837,4290.122644324133,4336.418935615003,1506632
2017-01-12,4351.8505859375,4382.714776962799,4320.9863949122,4320.9863949122,1209830
2017-01-13,4390.431640625,4459.875906265216,4351.851221890597,4351.851221890597,2366269
2017-01-16,4320.98681640625,4390.431427302074,4305.554719388264,4382.715204478193,1130205
2017-01-17,4336.41845703125,4351.850552425061,4305.554266243627,4320.986361637439,1154310
2017-01-18,4336.41845703125,4398.146838606495,4336.41845703125,4351.850552425061,1434548
2017-01-19,4313.2705078125,4344.134698740067,4305.554285765738,4305.554285765738,489040
2017-01-20,4290.12255859375,4320.9867521708975,4290.12255859375,4305.554655382323,1502977
2017-01-23,4212.96240234375,4290.12289228832,4197.530304354836,4290.12289228832,1592966
2017-01-24,4305.5546875,4305.5546875,4212.9621060778545,4212.9621060778545,771822
2017-01-25,4328.70263671875,4336.418510195383,4290.122223446359,4336.418510195383,752066
2017-01-26,4328.70263671875,4328.70263671875,4328.70263671875,4328.70263671875,0
2017-02-03,4351.8505859375,4398.1468724754495,4344.134712496046,4351.8505859375,1893191
2017-02-06,4421.29541015625,4452.159602718003,4320.986610015673,4351.850802577426,2651504
2017-02-07,4560.18505859375,4583.33303266924,4421.296168251354,4421.296168251354,5426911
2017-02-08,4567.900390625,4583.332487717077,4513.888225117619,4583.332487717077,2895746
2017-02-09,4513.8876953125,4567.899854480353,4513.8876953125,4567.899854480353,1560579
2017-02-10,4529.31982421875,4575.616110404784,4506.171506810864,4513.887728823405,2087049
2017-02-13,4722.22119140625,4753.0853844783815,4552.468129509531,4552.468129509531,4980991
2017-02-14,4729.93701171875,4814.813361133686,4675.92450412128,4737.652885015683,3407087
2017-02-15,4706.78857421875,4745.368985606141,4675.924384560727,4745.368985606141,3230163
2017-02-16,4614.1962890625,4768.517246844849,4606.480415488257,4706.788863731909,2939700
2017-02-17,4645.060546875,4691.356834870064,4598.764258879936,4614.196354878291,2878628
2017-02-20,4891.9736328125,4891.9736328125,4660.492214132269,4683.640530315152,5730143
2017-02-21,4814.81396484375,4969.13493642944,4814.81396484375,4891.974450636595,3228960
2017-02-22,4868.82568359375,4976.85034605131,4799.381083413315,4837.961494320161,4372398
2017-02-23,4891.9736328125,4953.702011127229,4814.81315991909,4891.9736328125,3133511
2017-02-24,4799.3818359375,4930.554835232523,4791.665961724145,4930.554835232523,2981895
2017-02-27,4837.9619140625,4915.122393940927,4753.085211881355,4799.381499808411,2178565
2017-02-28,4814.81396484375,4999.999130746578,4814.81396484375,4907.4065477951635,2650856
2017-03-01,4722.22119140625,4814.813770622643,4598.764419117727,4799.381674086578,5338171
2017-03-02,4699.07275390625,4814.8132921091465,4691.356532090201,4768.517007102042,1843362
2017-03-03,4729.93701171875,4783.949170686485,4660.4924088976795,4660.4924088976795,2076454
2017-03-06,4745.369140625,4753.0850139767,4691.356632644149,4729.937045291862,2095053
2017-03-07,4745.369140625,4760.801235958138,4699.072854625587,4760.801235958138,1870196
2017-03-08,4768.51708984375,4861.109661464595,4699.072835442985,4722.220804033328,2714473
2017-03-09,4876.54296875,4922.839266066897,4768.518275010573,4768.518275010573,4531463
2017-03-10,4868.82568359375,4953.702029781258,4845.677367323698,4853.393588956956,2945946
2017-03-13,4853.39404296875,4861.109916694069,4783.949436292104,4861.109916694069,1883567
2017-03-14,4853.39404296875,4884.258235129536,4814.81362845289,4861.109916694069,1863441
2017-03-15,4845.67822265625,4868.826543012317,4807.098153569183,4845.67822265625,2168201
2017-03-16,5015.431640625,5015.431640625,4822.530584583949,4830.246459483284,5171379
2017-03-17,4984.56591796875,5123.454761310502,4984.56591796875,5061.726386491946,5739027
2017-03-20,5030.86328125,5123.455863395026,5030.86328125,5077.159572322514,3119770
2017-03-21,5054.01123046875,5069.443326361219,4969.134528745295,5030.862912315171,2197534
2017-03-22,4938.27099609375,5054.011905050606,4922.838898141489,5054.011905050606,4415287
2017-03-23,4984.56591796875,4999.99801167339,4907.405449445554,4922.837543150194,2205307
2017-03-24,4945.9873046875,5015.431572355472,4938.27108126339,4999.999474137056,1053541
2017-03-27,5046.29638671875,5046.29638671875,4945.987910331025,4953.703786070152,2228024
2017-03-28,4984.56591796875,5054.010513954477,4984.56591796875,5046.294292787307,816747
2017-03-29,4922.8388671875,5015.431454318859,4891.974671477046,4984.5672586084065,1112253
2017-03-30,4930.55517578125,4984.567344894634,4922.838952405166,4961.419372025984,1039522
2017-03-31,4999.99853515625,5046.294821117232,4922.838058554615,4930.554280529646,2360162
2017-04-03,5138.88916015625,5154.321260783235,5000.000254513382,5015.432355140368,3996757
2017-04-04,5077.15966796875,5169.7522518580845,5015.431278709193,5169.7522518580845,1944963
2017-04-05,5185.18310546875,5316.3560754974,5185.18310546875,5208.331420203682,7965755
2017-04-07,5185.18310546875,5231.479386308914,5131.17095213674,5185.18310546875,2541204
2017-04-10,5246.912109375,5270.06042688695,5162.035758633911,5162.035758633911,1479658
2017-04-11,5146.60400390625,5308.64084269878,5146.60400390625,5293.20874621236,2831482
2017-04-12,5015.431640625,5146.604651581953,5015.431640625,5138.888428052811,3524096
2017-04-13,4938.27099609375,5061.727779711839,4938.27099609375,5015.431485855055,1548781
2017-04-14,4830.24560546875,4938.270275368716,4830.24560546875,4930.554401833591,3301599
2017-04-17,4675.923828125,4922.837316006436,4675.923828125,4830.244758050897,2225849
2017-04-18,4799.3818359375,4814.813932993987,4660.492962429123,4737.653447711555,1335398
2017-04-19,4807.09814453125,4822.530241863019,4768.517726886936,4783.949824218705,1210802
2017-04-20,4822.529296875,4876.54145263747,4807.097202567193,4861.1093583296615,1681567
2017-04-21,4830.24560546875,4907.406083968726,4830.24560546875,4891.973988268731,1047665
2017-04-24,4783.94921875,4868.825917647413,4783.94921875,4783.94921875,794863
2017-04-25,4776.23388671875,4876.5423437341315,4776.23388671875,4814.813955223195,1737364
2017-04-26,4876.54296875,4907.407166961265,4791.666597983934,4830.246671433103,1063257
2017-04-27,4876.54296875,4938.271365172529,4861.110869644367,4861.110869644367,1119055
2017-04-28,4876.54296875,4876.54296875,4876.54296875,4876.54296875,0
2017-05-03,5077.15966796875,5123.455959913417,4969.134986764526,4969.134986764526,1186419
2017-05-04,5138.88916015625,5177.469586038642,5092.592858275294,5100.309082903715,2254303
2017-05-05,5077.15966796875,5131.1721828857535,5061.72757065386,5131.1721828857535,1265674
2017-05-08,5223.7646484375,5231.48052260526,5077.15955295231,5077.15955295231,2950758
2017-05-09,5478.39306640625,5555.55353704056,5200.6153721227365,5231.4795603764605,5492193
2017-05-10,5478.39306640625,5694.442384182316,5462.960972279388,5570.985631167421,7292758
2017-05-11,5725.3076171875,5740.739714130404,5555.554550815559,5555.554550815559,4655180
2017-05-12,5756.17138671875,5810.183547722159,5709.875099303078,5771.603482523974,4648934
2017-05-15,5797.001953125,5860.357169638036,5717.807932483705,5828.679561381518,3760288
2017-05-16,5543.58251953125,5892.036300393195,5543.58251953125,5860.3586839512,4669199
2017-05-17,5638.6142578125,5694.0502545717,5464.387401711564,5543.58142721199,3014837
2017-05-18,5828.68115234375,5892.0363861498545,5654.454259376962,5654.454259376962,5443012
2017-05-19,6232.5693359375,6232.5693359375,5797.002369996935,5860.357591065949,10349745
2017-05-22,6335.521484375,6604.781535693264,6335.521484375,6573.103924693211,11627542
2017-05-23,6438.474609375,6541.426671853157,6272.166605792208,6272.166605792208,6939280
2017-05-24,6858.20263671875,6881.961024615664,6438.474456839627,6438.474456839627,8594753
2017-05-25,7048.26708984375,7333.365548400845,6842.362289734752,6858.201450805686,7791792
2017-05-26,6969.07421875,7159.139898778701,6858.202929884431,7048.2686099131315,4437079
2017-05-29,6604.78173828125,7127.461977996446,6604.78173828125,7016.5906939133265,5586068
2017-05-30,6398.87646484375,6794.846945215964,6367.198855039396,6573.103676585492,7470562
2017-05-31,6493.90966796875,6620.620114478104,6367.1992214593965,6478.071219972901,2984671
2017-06-01,6596.86279296875,6683.975692845417,6493.910012983396,6493.910012983396,2239868
2017-06-02,7048.26708984375,7056.1863125614545,6501.8285565182,6604.780598754935,7544866
2017-06-05,6739.41064453125,7095.783559813435,6699.813812974467,7048.267505072408,3872392
2017-06-06,6779.00830078125,6826.525076938448,6739.411464407355,6810.685913007497,2210951
2017-06-07,6794.8466796875,6937.395560418777,6755.24984788832,6779.007517586485,3055367
2017-06-08,6731.49072265625,6858.201142994584,6620.618747042462,6794.845932825418,3005537
2017-06-09,6739.41064453125,6858.201854837167,6636.458596229386,6763.169029719546,4159848
2017-06-12,6731.49072265625,6794.845932825418,6652.296352127045,6723.571500293978,2584186
2017-06-13,6937.396484375,6937.396484375,6668.13713351662,6699.814746302058,4372120
2017-06-14,6747.33056640625,7000.751459628481,6747.33056640625,6969.073847975702,2739318
2017-06-15,6779.00830078125,6842.363525233744,6747.330688555003,6747.330688555003,1940614
2017-06-16,6755.2509765625,6818.606204280873,6731.492587259188,6810.686264089308,2567715
2017-06-19,6953.23486328125,6984.91247248899,6763.169208034807,6779.0076548208835,5473686
2017-06-20,7024.509765625,7151.22021076325,6969.0737669681075,7016.590541712768,3137537
2017-06-21,6984.91357421875,7016.591188422997,6842.363952481786,6984.91357421875,3824552
2017-06-22,7032.4296875,7127.462530785618,6984.913623675043,7032.4296875,3202079
2017-06-23,7135.38134765625,7143.30057110758,6992.831747354357,7127.461408569329,2511639
2017-06-26,7167.05859375,7254.171478569463,7143.3002089648935,7174.97781679985,1998864
2017-06-27,7119.54296875,7190.817418928169,7064.106967217793,7190.817418928169,3107186
2017-06-28,7016.59033203125,7119.542386720584,6921.5575010174925,7119.542386720584,3047872
2017-06-29,7064.10546875,7190.8158935820275,6969.07265012598,6984.911811047743,2248844
2017-06-30,7064.10546875,7103.703013236647,7016.589417255749,7103.703013236647,789774
2017-07-03,7380.88330078125,7380.88330078125,7127.462390346334,7127.462390346334,3767505
2017-07-04,7404.6416015625,7499.674441840009,7349.205599158366,7444.238439435875,2282665
2017-07-05,7491.7548828125,7491.7548828125,7365.044434768012,7444.238106977993,1806765
2017-07-06,7586.78759765625,7650.142820666472,7563.029210118508,7602.626045590987,2950758
2017-07-07,7127.46240234375,7586.7881610980485,7079.946339375066,7586.7881610980485,5572327
2017-07-10,6889.88037109375,7238.334109107669,6826.52514600031,7127.462107376319,4713060
2017-07-11,7079.94677734375,7079.94677734375,6858.203466622805,6889.8810824400825,2733627
2017-07-12,7127.46240234375,7174.979180948125,7000.751946913005,7151.220791645937,2412397
2017-07-13,7127.46240234375,7127.46240234375,7127.46240234375,7127.46240234375,0
2017-07-14,6969.07421875,7127.462285440583,6937.396605411884,7064.107058764351,2403144
2017-07-17,6604.78173828125,6953.23546996993,6588.942574477576,6953.23546996993,4269732
2017-07-18,6430.5537109375,6588.941751000876,6383.037656736266,6414.715264748942,1950423
2017-07-19,6509.74853515625,6541.426145341038,6430.554151876475,6430.554151876475,2461902
2017-07-20,6438.474609375,6509.749059118673,6359.280219720957,6509.749059118673,1561134
2017-07-21,6493.90966796875,6573.104054854917,6478.071219972901,6573.104054854917,2286135
2017-07-24,6462.232421875,6557.26526213251,6335.52196819832,6462.232421875,1531153
2017-07-25,6588.94287109375,6588.94287109375,6398.877190707324,6414.716355224034,1938023
2017-07-26,6731.49072265625,6779.006772465379,6620.618747042462,6644.377129764773,2015613
2017-07-27,6731.49072265625,6779.006772465379,6676.0547348493565,6731.49072265625,2750885
2017-07-28,6763.1708984375,6794.848515562818,6683.976497806323,6731.493281312182,1157179
2017-07-31,6937.396484375,6937.396484375,6763.1699718729315,6763.1699718729315,2797383
2017-08-01,6897.798828125,6937.39566049539,6858.201995754609,6937.39566049539,1343958
2017-08-02,6810.6865234375,6905.7193686338705,6786.9288488651955,6810.6865234375,1840123
2017-08-03,6794.8466796875,6874.04034328586,6731.491462554583,6874.04034328586,1732090
2017-08-04,6937.396484375,6937.396484375,6755.250747585488,6842.36364601869,1517227
2017-08-07,6937.396484375,7127.462161087621,6937.396484375,7000.751709945874,2287153
2017-08-08,6826.5263671875,6937.397673116792,6826.5263671875,6937.397673116792,1327533
2017-08-09,6573.10595703125,6794.849302592427,6573.10595703125,6794.849302592427,2006822
2017-08-10,6517.66796875,6636.459189678532,6493.909581437168,6509.748744857599,1148712
2017-08-11,6557.26611328125,6612.702122869444,6493.91087821925,6525.58849575025,1081949
2017-08-14,6620.6201171875,6636.459280825472,6525.587282266593,6525.587282266593,736475
2017-08-15,6588.94287109375,6683.975711286963,6573.104422212722,6652.298097889226,936162
2017-08-16,6573.10595703125,6652.299651199461,6501.831489152691,6588.944409610553,1649920
2017-08-17,6335.521484375,6636.459146693318,6335.521484375,6557.264761375372,2425444
2017-08-18,6422.63623046875,6462.233072319341,6208.812139458357,6335.522605888849,1606152
2017-08-21,6335.521484375,6470.151867851945,6335.521484375,6335.521484375,994921
2017-08-22,5939.55224609375,6383.038840519149,5939.55224609375,6335.5220618700105,3010349
2017-08-23,6018.74609375,6145.456552894962,5955.3912219953745,5955.3912219953745,317339389
2017-08-24,6066.26220703125,6137.536653557905,6002.90698442186,6050.423043561086,186575518
2017-08-25,6042.50439453125,6090.021173826884,6018.746004883434,6066.262784179067,1171799
2017-08-28,6177.13330078125,6177.13330078125,5987.06799655546,6042.503635742605,1846970
2017-08-29,6050.42333984375,6177.133791267403,6050.42333984375,6145.456178411489,1705625
2017-08-30,6050.42333984375,6097.940116945454,6034.584891233628,6090.020892640393,826649
2017-08-31,6105.85888671875,6129.617273500982,6066.262052505439,6082.100499936517,1630951
2017-09-01,6256.32958984375,6256.32958984375,6137.538335979191,6137.538335979191,2251574
2017-09-04,6256.32958984375,6256.32958984375,6256.32958984375,6256.32958984375,0
2017-09-05,6272.1669921875,6375.1197766437035,6169.214923367006,6224.650927976391,2246068
2017-09-06,6200.89208984375,6248.408866255988,6192.972865653595,6232.569702240023,951476
2017-09-07,6208.81103515625,6303.843868076534,6200.8918113218,6224.650198460777,1260862
2017-09-08,6082.10009765625,6224.649693285561,6082.10009765625,6208.810531266497,2830927
2017-09-11,5987.0693359375,6082.101830401446,5971.230527223862,6050.424212974169,2530470
2017-09-12,6042.50439453125,6066.262784179067,5979.149165894207,5987.068748382762,782325
2017-09-13,6161.294921875,6161.294921875,6042.50370286919,6082.10053732592,848764
2017-09-14,6470.15283203125,6525.588122815566,6200.892740587966,6208.811965609192,7229142
2017-09-15,6636.4599609375,6636.459960937501,6414.716656730878,6493.910336129671,2846380
2017-09-18,6573.10595703125,6715.654892788369,6525.5891680216455,6652.299651199461,2511500
2017-09-19,6588.94287109375,6723.573264760896,6533.50758437447,6533.50758437447,2490264
2017-09-20,6628.53857421875,6668.135401003593,6557.263427243455,6573.102587338682,1378658
2017-09-21,6541.42724609375,6660.218483185096,6541.42724609375,6644.379317609577,2731175
2017-09-22,6533.5078125,6596.863041507602,6438.4749689885975,6541.427037217024,1455599
2017-09-25,6493.90966796875,6652.297726105443,6493.90966796875,6525.587279596089,1010837
2017-09-26,6541.42724609375,6541.42724609375,6383.039168517198,6533.508021123855,1285661
2017-09-27,6414.71630859375,6565.185150048126,6414.71630859375,6565.185150048126,1094718
2017-09-28,6517.66796875,6541.426356062832,6414.715911241899,6478.071133652366,1471238
2017-09-29,6478.0712890625,6525.587349192453,6422.635289214514,6446.393677097315,1082920
2017-10-02,6462.232421875,6565.185202214063,6446.3939729832555,6462.232421875,1182949
2017-10-03,6367.19921875,6493.909665205436,6351.360770760891,6493.909665205436,993394
2017-10-04,6462.232421875,6470.152361956553,6367.1995816174895,6383.038746144915,928482
2017-10-05,6462.232421875,6557.26526213251,6462.232421875,6493.91003529417,1947184
2017-10-06,6541.42724609375,6541.42724609375,6462.23284948761,6462.23284948761,1253645
2017-10-09,6810.6865234375,6937.396983699327,6604.78238332989,6604.78238332989,3496197
2017-10-10,6771.08935546875,6881.961360644179,6707.734128407271,6810.686193473253,2055449
2017-10-11,6858.20263671875,6905.71869687693,6810.685860924922,6810.685860924922,1795522
2017-10-12,6794.8466796875,6953.234722519791,6731.491462554583,6889.879505386874,2098939
2017-10-13,6858.20263671875,6889.880248702753,6747.330636956916,6747.330636956916,1534207
2017-10-16,6866.1220703125,6889.880458934356,6810.686068740059,6889.880458934356,1852013
2017-10-17,6889.88037109375,6889.88037109375,6826.52514600031,6866.121982774795,1001583
2017-10-18,6889.88037109375,7008.671597052865,6889.88037109375,6961.154820414955,3451596
2017-10-19,6810.6865234375,6953.236149049914,6810.6865234375,6921.558533984457,1056039
2017-10-20,6620.6201171875,6842.363398669615,6620.6201171875,6810.685787029312,2618331
2017-10-23,6224.65087890625,6612.701476841447,6161.29565003374,6612.701476841447,3979870
2017-10-24,6319.6845703125,6335.523021838286,6177.134928401433,6177.134928401433,1381156
2017-10-25,6478.0712890625,6533.507288910485,6319.683229236575,6319.683229236575,1550030
2017-10-26,6351.3603515625,6478.070789654875,6256.327522993219,6478.070789654875,1026799
2017-10-27,6367.19921875,6462.232053591577,6280.086323538618,6303.843995522282,867595
2017-10-30,6430.5537109375,6478.070480774292,6367.19849491215,6367.19849491215,2398702
2017-10-31,6367.19921875,6414.715993988609,6280.086323538618,6335.521607136141,1625121
2017-11-01,6311.7646484375,6430.555168687117,6295.925483022786,6351.361488520705,1383377
2017-11-02,6192.97216796875,6747.3299646331325,6192.97216796875,6311.763379980967,1658803
2017-11-03,6367.19921875,6398.876830363859,6192.972712691596,6192.972712691596,849134
2017-11-06,6525.5869140625,6525.5869140625,6375.118803987909,6454.312470802367,601329
2017-11-07,6620.6201171875,6715.652952108407,6501.8296102630975,6509.748834264263,2537271
2017-11-08,6596.86279296875,6636.459630697751,6533.507566348076,6612.7012418060785,674292
2017-11-09,6652.29833984375,6707.734344215005,6604.782275836749,6620.6207252938475,1174991
2017-11-10,6573.10595703125,6652.299651199461,6541.428336236796,6652.299651199461,757850
2017-11-13,6842.36474609375,6889.881530729207,6541.427734067055,6541.427734067055,2504560
2017-11-14,6858.20263671875,6921.557860686756,6779.00824894092,6874.041084892928,2793404
2017-11-15,6858.20263671875,6897.799472789841,6779.00824894092,6858.20263671875,1546282
2017-11-16,7238.33349609375,7238.333496093749,6858.2021777264035,6866.12140128349,4395901
2017-11-17,7159.14013671875,7365.04498807777,7048.26884416828,7365.04498807777,1711918
2017-11-20,7190.81640625,7270.010785233925,7032.428363917719,7270.010785233925,1167774
2017-11-21,7222.49560546875,7357.126007830168,7111.624309234571,7143.301924678012,2849294
2017-11-22,7570.947265625,7618.464033366993,7222.493592847319,7222.493592847319,5045163
2017-11-23,7729.33740234375,7792.692632818991,7539.271710918025,7665.982171868508,3232384
2017-11-24,7808.52978515625,7887.723445015702,7539.269767235928,7618.464142730919,2142754
2017-11-27,7966.919921875,8077.791218048887,7808.5318447439295,7840.209460170144,2416792
2017-11-28,7792.69189453125,8061.951956358909,7792.69189453125,8046.112792422857,2175048
2017-11-29,8030.2744140625,8030.2744140625,7776.853513963712,7776.853513963712,1827723
2017-11-30,8188.66259765625,8204.501046328694,7951.080142484235,7951.080142484235,4203663
2017-12-01,8204.5,8252.016771228808,8125.306335466095,8125.306335466095,1180404
2017-12-04,8331.2099609375,8347.049122322898,8141.144318125947,8156.983479511347,2151776
2017-12-05,8362.890625,8473.762648318752,8315.374554746106,8331.21300628547,3082202
2017-12-06,8822.21484375,8885.570069614043,8236.178646689777,8315.373036837665,2822506
2017-12-07,8489.599609375,8758.85967899355,8362.8891567629,8711.342901446174,1702849
2017-12-08,8695.5048828125,8758.86011225243,8077.79103795533,8489.600029314874,2576875
2017-12-11,8426.2431640625,8711.341641195142,8394.565555492207,8394.565555492207,1060342
2017-12-12,8347.05078125,8584.632524164641,7919.402642113693,8426.244457009652,4305218
2017-12-13,8204.5,8394.565653644067,8156.983944406774,8394.565653644067,1067606
2017-12-14,8347.05078125,8362.889230147657,8156.985100664015,8156.985100664015,2157791
2017-12-15,8362.890625,8537.117885747812,8220.341698602517,8347.052173460635,1882735
2017-12-18,8711.341796875,8774.697015147804,8394.565705510979,8394.565705510979,1437463
2017-12-19,8632.1484375,8948.92454008047,8632.1484375,8869.730156617548,1364500
2017-12-20,8917.2470703125,8980.602291826748,8632.148573498387,8632.148573498387,1045629
2017-12-21,9170.6689453125,9186.507394581233,8917.248031927205,9012.280874446691,1243697
2017-12-22,8996.4423828125,9170.669631621451,8996.4423828125,9170.669631621451,612479
2017-12-25,8885.5703125,9043.958381489623,8869.731147783194,9028.119216772817,666843
2017-12-26,9344.8955078125,9344.8955078125,8885.570458037135,8885.570458037135,927279
2017-12-27,9424.087890625,9503.281551701702,9249.860691239375,9249.860691239375,1098466
2017-12-28,9550.7998046875,9582.477417166789,9392.41174229106,9503.283028150738,1285708
2017-12-29,9519.1240234375,9725.028186345591,9424.091167717812,9582.47926058396,1306111
2018-01-01,9519.1240234375,9519.1240234375,9519.1240234375,9519.1240234375,0
2018-01-02,9424.087890625,9534.959159259493,9376.571121470539,9534.959159259493,2089825
2018-01-03,9820.060546875,9820.060546875,9424.090692494867,9424.090692494867,1382359
2018-01-04,9994.2841796875,10136.833046651916,9725.02417505899,9725.02417505899,1343449
2018-01-05,9756.7021484375,10041.800608751322,9740.863702904497,10041.800608751322,748365
2018-01-08,9883.4130859375,9930.929856262845,9756.702652584,9804.219422909344,1554379
2018-01-09,9864.0859375,10135.428487725034,9848.124992812302,10039.660656087457,1131963
2018-01-10,9784.2783203125,10039.659166795962,9752.355714502066,9864.084474253403,1304723
2018-01-11,9784.2783203125,9896.007080063837,9496.974868018604,9784.2783203125,2784475
2018-01-12,9656.5888671875,9896.008074233014,9592.743649152639,9736.39502914586,1363251
2018-01-15,10007.736328125,10007.736328125,9576.780799126473,9640.626009261785,1606059
2018-01-16,9880.046875,10039.659915962604,9768.317385740971,9975.814699577562,1146907
2018-01-17,9496.9765625,9927.931457248036,9496.9765625,9896.008845741868,1311802
2018-01-18,9736.3935546875,9736.3935546875,9353.322304489815,9417.167512856096,3282629
2018-01-19,10055.62109375,10055.62109375,9736.395004387447,9736.395004387447,2301866
2018-01-22,10055.62109375,10055.62109375,10055.62109375,10055.62109375,0
2018-01-23,10055.62109375,10055.62109375,10055.62109375,10055.62109375,0
2018-01-24,10055.62109375,10055.62109375,10055.62109375,10055.62109375,0
2018-01-25,11204.833984375,11204.833984375,10598.304470399611,10630.227076398316,3845835
2018-01-26,11986.9384765625,11986.9384765625,11125.028763446397,11332.525359263498,5352005
2018-01-29,12816.92578125,12816.92578125,12066.744868408965,12098.667475788805,1658618
2018-01-30,13247.8837890625,13710.761321003452,12657.31580401087,12912.696710232229,3838386
2018-01-31,12896.7314453125,13343.647931518304,12896.7314453125,13311.726046531112,1647051
2018-02-01,13088.2685546875,13327.688488389096,12800.965788118297,12848.850063326794,2660341
2018-02-02,13088.2685546875,13231.921380312991,12816.9267324075,13231.921380312991,939540
2018-02-05,12322.1240234375,12848.848084947767,12178.472662271368,12848.848084947767,3540243
2018-02-06,11651.75,12290.202094310704,11460.214371706788,11460.214371706788,4834002
2018-02-07,12465.7763671875,12465.7763671875,12130.587947041224,12370.007835048387,2386858
2018-02-08,12274.2421875,12609.429204690861,11827.324962628196,11827.324962628196,1717793
2018-02-09,12928.65625,12976.540525293263,11492.13880875884,11492.13880875884,2228949
2018-02-12,13184.0380859375,13247.883310184996,12928.657188947514,12928.657188947514,1205574
2018-02-13,12737.12109375,13279.804760683906,12449.816872994854,13184.03764865949,1386986
2018-02-14,12737.12109375,12737.12109375,12737.12109375,12737.12109375,0
2018-02-15,12737.12109375,12737.12109375,12737.12109375,12737.12109375,0
2018-02-16,12737.12109375,12737.12109375,12737.12109375,12737.12109375,0
2018-02-19,12737.12109375,12737.12109375,12737.12109375,12737.12109375,0
2018-02-20,12737.12109375,12737.12109375,12737.12109375,12737.12109375,0
2018-02-21,12689.2353515625,13008.461425356667,12657.313465353476,12769.041509425846,1746294
2018-02-22,12609.4306640625,12769.042998401303,12354.049775247655,12370.010720213346,759978
2018-02-23,12769.0419921875,12785.004378236288,12545.584453253674,12641.351557842218,732634
2018-02-26,12785.0009765625,13295.76257804655,12769.038594760783,13152.109795873821,3675620
2018-02-27,12545.5830078125,12944.615208581748,12449.814471917103,12848.848115027024,1364593
2018-02-28,12545.5830078125,12545.5830078125,12545.5830078125,12545.5830078125,0
2018-03-01,12800.962890625,13327.685471672334,12609.42727548592,12769.039566931539,7231547
2018-03-02,12753.080078125,12753.080078125,12481.738286372298,12689.234865810204,1730054
2018-03-05,11875.208984375,12928.655006641122,11875.208984375,12912.694063858642,3036397
2018-03-06,12449.814453125,12609.428198596177,11763.478809216547,11970.97610139281,2707903
2018-03-07,11907.1318359375,12513.660655209602,11811.36401376237,12513.660655209602,2493086
2018-03-08,12034.8212890625,12050.782230878172,11827.323997266421,11907.130869855786,947960
2018-03-09,11907.1318359375,12226.357909854602,11907.1318359375,12226.357909854602,1382220
2018-03-12,11396.3701171875,12034.822264994666,11380.409174077517,11907.131835433232,1645293
2018-03-13,12018.859375,12050.781979134808,11396.36895495639,11396.36895495639,1588154
2018-03-14,12258.2783203125,12417.892059225684,12210.395496745094,12274.240703842246,1181793
2018-03-15,12178.4736328125,12258.279790671393,11970.977045443062,12258.279790671393,632652
2018-03-16,12561.5439453125,12753.079574696001,12194.433628408953,12290.20216427104,2684168
2018-03-19,12593.466796875,12928.65377508156,12561.543472010242,12609.42773813707,2229042
2018-03-20,12609.4306640625,12689.236831231901,12449.816887382745,12609.4306640625,661291
2018-03-21,12785.0009765625,12992.497516580283,12609.426315467244,12609.426315467244,2981247
2018-03-22,12737.12109375,13008.462927216953,12609.430649490145,12928.656760139782,1855113
2018-03-23,12593.466796875,12609.42773813707,12290.201701192578,12609.42773813707,1741019
2018-03-26,12609.4306640625,12769.042998401303,12338.088830281966,12593.46971909681,1155605
2018-03-27,12290.203125,12896.731944289964,12290.203125,12832.886729504664,1847757
2018-03-28,12258.2783203125,12449.813941603956,12226.35643793423,12290.20164503138,1556692
2018-03-29,12593.466796875,12689.233886788039,12194.433168938924,12194.433168938924,1379074
2018-03-30,12753.080078125,12753.080078125,12385.96974672974,12609.42871100189,1049331
2018-04-02,13630.953125,13630.953125,12848.84957637871,12912.69479345679,6516772
2018-04-03,14285.365234375,14285.365234375,13822.487803711261,14045.945326592098,3607098
2018-04-04,14237.4794921875,14349.208963245399,14125.751463470184,14205.557610365577,1559145
2018-04-05,14429.0166015625,14604.591296752702,14157.674808667203,14157.674808667203,2230707
2018-04-06,14205.556640625,14604.588790202666,14125.750499177564,14317.286104055702,2564198
2018-04-09,14684.3984375,14732.282710736863,14221.520975785877,14301.327136286762,3003363
2018-04-10,14365.1708984375,14844.010697633781,14045.944846420207,14844.010697633781,2789749
2018-04-11,13519.2216796875,14381.132706782158,13519.2216796875,14365.170323065126,3523124
2018-04-12,13535.18359375,13710.758288529756,13279.802744012439,13487.300766179755,2139238
2018-04-13,13072.3046875,13726.717680442907,12928.653336335083,13726.717680442907,2926467
2018-04-16,12928.65625,13152.11379746707,12769.04247980276,13008.462413928175,2628232
2018-04-17,13008.462890625,13104.231444720976,12848.850556919635,13088.269057477683,2349474
2018-04-18,12896.7314453125,13152.11229457296,12864.809560325306,13008.460927449134,1981699
2018-04-19,12465.7763671875,12769.040020166583,12290.201686492872,12705.194812854048,2817370
2018-04-20,12769.0419921875,12785.004378236288,12370.009745443698,12449.815906324291,2161076
2018-04-23,11875.208984375,13008.461162894277,11875.208984375,13008.461162894277,2297887
2018-04-24,11412.3291015625,11907.129039336238,11412.3291015625,11492.135240712687,1315365
2018-04-25,11412.3291015625,11412.3291015625,11412.3291015625,11412.3291015625,0
2018-04-26,11013.2998046875,11524.06156820555,10614.267537524252,11428.293737545917,2954968
2018-04-27,11412.3291015625,11460.212640818569,10981.373642406781,11156.948302409548,1715295
2018-04-30,11412.3291015625,11412.3291015625,11412.3291015625,11412.3291015625,0
2018-05-01,11412.3291015625,11412.3291015625,11412.3291015625,11412.3291015625,0
2018-05-02,11332.5244140625,11619.827868195165,11252.71825961083,11492.137444136202,2392641
2018-05-03,11524.0615234375,11587.906743629233,10694.07366094496,11332.525862862298,1617533
2018-05-04,11348.486328125,11667.711674147597,11300.602057460866,11651.750731373137,974563
2018-05-07,11747.5205078125,11747.5205078125,11204.836103212741,11428.2943874597,1650707
2018-05-08,11571.9443359375,11779.440914738243,11571.9443359375,11747.51830867887,935190
2018-05-09,11460.2158203125,11699.635025357155,11460.2158203125,11571.945311524982,1332669
2018-05-10,10710.033203125,11316.562674691297,10710.033203125,11172.91059715623,2202299
2018-05-11,10853.68359375,11156.948663134364,10534.45758448764,10694.070589118819,2713131
2018-05-14,11077.14453125,11156.951413826713,10853.686269673795,10853.686269673795,826186
2018-05-15,11412.3291015625,11571.942101033097,11061.18050272719,11061.18050272719,1320547
2018-05-16,11172.912109375,11412.332030614749,11172.912109375,11332.525149811363,1157687
2018-05-17,11334.8525390625,11367.330628669326,11107.505911814726,11204.9401806352,869353
2018-05-18,11204.9423828125,11286.137989647146,10734.01035781803,11286.137989647146,1177351
2018-05-21,10734.009765625,11204.941764638252,10734.009765625,11042.551293647559,486819
2018-05-22,10084.4482421875,10685.292639473864,9987.01395610975,10555.380258036863,2830788
2018-05-23,10392.990234375,10392.990234375,9743.428298869088,9905.818782745566,1760405
2018-05-24,10506.662109375,10555.378879190246,10295.554150257085,10555.378879190246,782325
2018-05-25,10116.92578125,10522.901584057576,10116.92578125,10360.511116190646,723751
2018-05-28,9418.646484375,9905.817892207473,9418.646484375,9743.427422929983,1924328
2018-05-29,10068.2080078125,10068.2080078125,9418.646153520114,9418.646153520114,1421408
2018-05-30,10068.2080078125,10230.598471385596,9743.427080666308,10084.447421029548,1254108
2018-05-31,10409.2294921875,10636.576166176052,9824.62375907408,10068.209114344892,1821986
2018-06-01,10555.3779296875,10717.76837066299,10263.075135931618,10263.075135931618,1640250
2018-06-04,10945.115234375,10961.354645697744,10474.183311806302,10555.378167261846,1457404
2018-06-05,10928.8798828125,10993.836080433137,10766.489388760905,10798.967487571224,1699703
2018-06-06,11367.3330078125,11367.3330078125,10717.771079724953,10880.16156174684,1557618
2018-06-07,11091.26953125,11578.440976262142,11091.26953125,11578.440976262142,1018239
2018-06-08,11188.7021484375,11286.136422881307,10912.638003986987,11042.550369912064,844831
2018-06-11,11221.1806640625,11351.09303489807,10815.204138341609,10961.355922391363,898732
2018-06-12,11042.548828125,11042.548828125,10636.57310815216,11042.548828125,1490716
2018-06-13,11042.548828125,11042.548828125,10880.158393391996,11042.548828125,328633
2018-06-14,11010.0712890625,11204.93982043917,10945.115111936942,10945.115111936942,964153
2018-06-15,10880.162109375,11123.748211527962,10669.054838980725,11010.074501531353,434954
2018-06-18,10133.1640625,10880.16018529823,10133.1640625,10880.16018529823,2230615
2018-06-19,9743.4287109375,10068.20969242607,9434.887145383158,9905.819201681785,3121112
2018-06-20,10116.92578125,10116.92578125,9662.232471222596,9987.013406956456,511063
2018-06-21,9824.6240234375,10003.253190946753,9743.428413682692,10003.253190946753,273529
2018-06-22,9987.013671875,9987.013671875,9467.364160916444,9467.364160916444,817349
2018-06-25,10084.4482421875,10230.599304444358,10019.492051469,10230.599304444358,507454
2018-06-26,10149.404296875,10149.404296875,9662.232873015731,9662.232873015731,367636
2018-06-27,10068.2080078125,10392.988934958694,10068.2080078125,10279.315977317265,1059000
2018-06-28,9678.4697265625,10068.206792077206,9581.035460183823,9792.143404197317,1588015
2018-06-29,9256.255859375,9889.579045762264,9256.255859375,9889.579045762264,1468508
2018-07-02,8622.93359375,9093.86559008739,8622.93359375,9012.670721913151,2404763
2018-07-03,8022.08935546875,8557.978331525335,8022.08935546875,8541.738915902002,2062944
2018-07-04,8574.2158203125,8574.2158203125,7486.200071414396,7794.741588127774,3104872
2018-07-05,8119.52392578125,8574.217306713297,7981.492189999638,8541.739208075294,1553778
2018-07-06,8687.8916015625,8687.8916015625,7794.743462248037,7794.743462248037,2618608
2018-07-09,8249.4365234375,8817.803630455779,8249.4365234375,8687.891232705273,1011623
2018-07-10,8249.4365234375,8525.50073551714,8135.763542265623,8281.914622875127,793707
2018-07-11,7672.95068359375,8005.851013971221,7672.95068359375,7875.938618339074,1633727
2018-07-12,7632.35107421875,7875.937137076518,7486.200023479673,7616.112394678622,1426544
2018-07-13,7924.65380859375,8038.3274988063395,7681.068482554514,7794.7414390476315,1081023
2018-07-16,8103.28466796875,8103.28466796875,7875.937993644903,7908.416089976881,1054651
2018-07-17,8379.349609375,8379.349609375,7778.505087292009,8062.688664140841,1902259
2018-07-18,8752.845703125,8752.845703125,8411.825359512604,8444.303452536666,3063741
2018-07-19,9012.669921875,9061.386691711143,8687.889010569244,8834.040053797113,2456489
2018-07-20,9175.05859375,9207.536678566317,8639.169827421114,8687.887321505239,2207851
2018-07-23,8866.51953125,9288.734781962836,8866.51953125,9077.627523466197,1719135
2018-07-24,8866.51953125,8866.51953125,8866.51953125,8866.51953125,0
2018-07-25,8135.76220703125,8850.280277392936,8135.762207031251,8622.933618641491,1251146
2018-07-26,8525.5,8525.5,8119.523425194512,8200.719033643436,1387541
2018-07-27,8769.083984375,8898.996350568992,8574.215435084012,8671.649709729505,835485
2018-07-30,9077.626953125,9093.865633349296,8817.802199780177,8850.280293948279,1477114
2018-07-31,9191.298828125,9304.972511120597,8980.191607875211,9028.908376502308,1382961
2018-08-01,9012.669921875,9418.645694147473,8996.43050944999,9191.299056233445,832756
2018-08-02,9256.255859375,9256.255859375,8947.714339798262,9012.67052641647,912658
2018-08-03,9483.6025390625,9499.841952622215,9353.690165462745,9386.168258862685,1375604
2018-08-06,9223.7783203125,9483.60308239791,9223.7783203125,9483.60308239791,617199
2018-08-07,9061.3876953125,9337.451867357826,9061.3876953125,9126.343884767926,1149174
2018-08-08,9223.7783203125,9337.452020584635,9028.909748748443,9061.38784400912,1180728
2018-08-09,9191.298828125,9467.362962743291,9191.298828125,9223.77691844954,986130
2018-08-10,9694.7109375,9824.623316787902,9207.539515170363,9304.973799636291,1625306
2018-08-13,9824.6240234375,9857.102120595508,9597.277343331447,9694.71163480547,1136960
2018-08-14,9613.5146484375,9840.861295988509,9581.036555930214,9759.666431580028,1661718
2018-08-15,9240.017578125,9743.42767926968,9240.017578125,9662.232809354531,2001455
2018-08-16,9256.255859375,9304.973366198401,8931.474926283965,9012.67052641647,2210489
2018-08-17,9288.734375,9467.36426318129,9288.734375,9434.886168395558,629506
2018-08-20,9467.36328125,9532.319464084372,9256.255320178567,9386.167685847311,1144085
2018-08-21,9581.037109375,9581.037109375,9304.973673976103,9304.973673976103,1050996
2018-08-22,9499.841796875,9743.427126521277,9499.841796875,9743.427126521277,1564049
2018-08-23,9467.36328125,9613.514325767614,9434.885189832814,9516.080051516055,584442
2018-08-24,9532.3203125,9645.993275717787,9418.646615562699,9467.364123884261,1226995
2018-08-27,9954.53515625,10035.73002204205,9597.276132582114,9613.51481225273,2079554
2018-08-28,10068.2080078125,10214.359791888026,9987.013142885691,10214.359791888026,2775591
2018-08-29,9905.81640625,10100.684940151037,9905.81640625,10100.684940151037,1528886
2018-08-30,10311.7958984375,10311.7958984375,9905.81930066048,9905.81930066048,1661394
2018-08-31,10019.4921875,10328.033730742067,10019.4921875,10263.07753914168,846775
2018-09-03,10019.4921875,10019.4921875,10019.4921875,10019.4921875,0
2018-09-04,9759.6689453125,10003.25433499607,9581.039023654173,9954.537550547222,1244299
2018-09-05,9662.232421875,9824.622888912558,9597.276235059977,9759.666702097535,819708
2018-09-06,9662.232421875,9792.144795505046,9597.276235059977,9727.188608690023,692197
2018-09-07,9954.53515625,10003.251928981334,9613.51481225273,9613.51481225273,1451759
2018-09-10,10068.2080078125,10084.447421029548,9808.383266095547,9954.535050171073,880457
2018-09-11,10246.837890625,10279.315983358707,10019.491241489048,10051.969334222755,1527637
2018-09-12,10116.92578125,10311.794342690317,10116.92578125,10311.794342690317,828129
2018-09-13,10116.92578125,10263.076835470489,10116.92578125,10133.164461176944,758359
2018-09-14,10214.3603515625,10376.750824033441,10149.404162574123,10149.404162574123,1474060
2018-09-17,10214.3603515625,10376.750824033441,10165.642842961457,10230.599031949834,590318
2018-09-18,10506.662109375,10506.662109375,10084.446924858612,10133.163694673858,1631043
2018-09-19,10555.3779296875,10685.290282467893,10555.3779296875,10555.3779296875,1319806
2018-09-20,10945.115234375,10945.115234375,10555.378167261846,10587.856256187943,2043280
2018-09-21,10912.6376953125,10961.355198016108,10750.247242499525,10961.355198016108,1195302
2018-09-24,10685.2919921875,10961.356152877672,10636.575218959526,10880.160552538387,1522686
2018-09-25,10798.96484375,10847.681613178745,10604.09629859614,10685.291158883863,728332
2018-09-26,10815.2041015625,10928.877792516794,10750.247916365612,10831.44351472146,670683
2018-09-27,11075.029296875,11107.507390806362,10766.487771386814,10863.922053180899,1519216
2018-09-28,11204.9423828125,11221.18179766725,10880.16142291302,11139.986190832604,2117770
2018-10-01,11286.1376953125,11302.376376024204,11075.029710023611,11204.94209059538,1300559
2018-10-02,11269.8974609375,11367.331739277475,11075.028904257553,11156.224503067271,1832628
2018-10-03,11269.8974609375,11334.853646497482,11188.702595847262,11269.8974609375,241281
2018-10-04,11269.8974609375,11334.853646497482,11221.180688627253,11286.136874187236,743877
2018-10-05,10896.3994140625,11269.897102286544,10896.3994140625,11269.897102286544,545902
2018-10-08,10961.357421875,10961.357421875,10798.966936115967,10798.966936115967,770296
2018-10-09,10863.9228515625,10961.35714051696,10863.9228515625,10896.400947880655,373234
2018-10-10,10815.2041015625,11123.74634810746,10815.2041015625,11123.74634810746,527672
2018-10-11,10068.2080078125,10652.813676675647,10068.2080078125,10165.642285956357,2233391
2018-10-12,10376.7509765625,10392.98965718853,9694.710982159158,9694.710982159158,742906
2018-10-15,10198.1220703125,10376.75197673337,10198.1220703125,10311.795780529344,521241
2018-10-16,10198.1220703125,10230.600168414512,10084.449093815254,10198.1220703125,537620
2018-10-17,10214.3603515625,10376.750824033441,10198.120937455646,10376.750824033441,507269
2018-10-18,10068.2080078125,10263.076564100216,10068.2080078125,10263.076564100216,369532
2018-10-19,9905.81640625,10068.206851167532,9808.382139299481,9922.05581760145,572551
2018-10-22,9272.4951171875,10068.208023039344,9272.4951171875,10019.491250753477,847931
2018-10-23,9093.865234375,9256.255698090972,8769.084306943054,9256.255698090972,1471423
2018-10-24,8866.51953125,9175.061812092235,8866.51953125,8931.47572366736,338904
2018-10-25,8769.083984375,8769.083984375,8298.152023781506,8298.152023781506,1173233
2018-10-26,8557.9765625,9028.908512436168,8557.9765625,8963.95233080915,850939
2018-10-29,8736.6064453125,8752.845858973424,8444.303602891354,8541.737883698403,288658
2018-10-30,8655.41015625,8850.27868585097,8557.975891449516,8557.975891449516,383783
2018-10-31,8898.998046875,8996.432340093188,8736.607558178019,8736.607558178019,923577
2018-11-01,8850.2802734375,9012.67074390167,8785.324085251832,8931.475141809831,512034
2018-11-02,9337.451171875,9337.451171875,8866.518466539948,8866.518466539948,865466
2018-11-05,9223.7783203125,9337.452020584635,9158.822129791148,9337.452020584635,708714
2018-11-06,9110.1044921875,9353.689816746142,9110.1044921875,9353.689816746142,434769
2018-11-07,8915.236328125,9126.343569707513,8850.280140911997,9110.10488976401,825122
2018-11-08,8947.71484375,9142.583414579976,8931.475429321068,9093.865905012715,371800
2018-11-09,8769.083984375,8947.713854751464,8720.367213911979,8947.713854751464,441431
2018-11-12,9175.05859375,9175.05859375,8493.018812607335,8525.496897423653,693585
2018-11-13,9077.626953125,9175.061235629308,8898.99706834068,9175.061235629308,493713
2018-11-14,9175.05859375,9191.297269298508,8947.712000035777,9077.624339301048,1504272
2018-11-15,9093.865234375,9175.060833092726,8866.518585172638,9175.060833092726,1216539
2018-11-16,8947.71484375,9256.256380704363,8947.71484375,9240.017699994965,630940
2018-11-19,9028.91015625,9240.018151832095,8996.432059523491,9077.627668199548,667444
2018-11-20,9207.5390625,9207.5390625,8947.71431669796,8947.71431669796,495887
2018-11-21,9256.255859375,9256.255859375,9012.67052641647,9093.865392829483,425469
2018-11-22,9175.05859375,9369.927102647904,9175.05859375,9369.927102647904,316927
2018-11-23,9012.669921875,9207.538468658453,9012.669921875,9093.864782841718,226522
2018-11-26,8980.193359375,9028.910137503832,8931.4758475266,9012.671456034077,363101
2018-11-27,8931.474609375,9093.865070158536,8898.996517218293,8980.192114469794,219859
2018-11-28,8915.236328125,9077.626796157509,8915.236328125,9077.626796157509,409923
2018-11-29,8993.689453125,9141.126621122385,8993.689453125,9091.981145181973,457624
2018-11-30,8944.5419921875,9075.597563357662,8895.396523086714,8960.924308671794,155363
2018-12-03,9190.2705078125,9255.798285908048,9026.451062573633,9255.798285908048,991173
2018-12-04,9206.65234375,9304.944013685152,9190.2707688488,9304.944013685152,1178508
2018-12-05,9206.65234375,9255.79854880557,9075.596783836463,9091.979098913647,736983
2018-12-06,9206.65234375,9370.471793641922,9173.888453771615,9190.2707688488,558764
2018-12-07,9419.6181640625,9517.909835723201,9239.416395929884,9272.18028648345,1372134
2018-12-10,9255.798828125,9419.61828296063,9223.034937157874,9419.61828296063,632050
2018-12-11,9141.125,9403.236132334796,9108.36110845815,9403.236132334796,223283
2018-12-12,9141.125,9141.125,9141.125,9141.125,0
2018-12-13,9190.2705078125,9337.707638439499,9190.2705078125,9190.2705078125,762430
2018-12-14,9075.5966796875,9223.034552986266,9075.5966796875,9173.888348494685,410016
2018-12-17,8715.1962890625,9010.071376517944,8682.43239045634,8960.925898696794,1071122
2018-12-18,8354.7919921875,8600.52156028622,8354.7919921875,8420.319778323685,1202983
2018-12-19,8027.15283203125,8420.31953760875,8027.15283203125,8354.791753345833,874673
2018-12-20,8272.8828125,8272.8828125,7863.333770006616,7863.333770006616,423017
2018-12-21,8203.2373046875,8352.086755874274,8104.004586317138,8319.009183084152,318269
2018-12-24,7938.6162109375,8236.314346869996,7938.6162109375,8203.236776210832,380590
2018-12-25,7748.4208984375,7773.228516492024,7525.147105109797,7690.534961785424,992237
2018-12-26,7690.5341796875,7930.34636066357,7690.5341796875,7930.34636066357,385772
2018-12-27,7839.38330078125,8104.0038593650015,7831.114095141106,8104.0038593650015,366248
2018-12-28,7748.4208984375,7855.92281846105,7690.534961785424,7839.383659162274,373604
2018-12-31,7748.4208984375,7748.4208984375,7748.4208984375,7748.4208984375,0
2019-01-01,7748.4208984375,7748.4208984375,7748.4208984375,7748.4208984375,0
2019-01-02,7673.99658203125,7905.539604897872,7640.919007336018,7690.535743010118,182661
2019-01-03,7260.52783203125,7624.381181745545,7144.75593803633,7607.842019490888,1711316
2019-01-04,7343.22119140625,7359.760353187675,6979.367852102842,7260.527624286746,892949
2019-01-07,7376.2978515625,7475.530568138621,7359.759439097704,7475.530568138621,532669
2019-01-08,7376.2978515625,7475.530568138621,7277.06513498638,7376.2978515625,445641
2019-01-09,7277.0654296875,7442.453297345453,7194.371869489761,7442.453297345453,1139227
2019-01-10,7111.677734375,7326.6823411720325,7111.677734375,7277.065606040988,807124
2019-01-11,7219.1796875,7293.604035471154,7161.293751405805,7194.371322422142,852882
2019-01-14,7111.677734375,7293.604766838835,7095.1393208396485,7277.065606040988,687108
2019-01-15,7111.677734375,7227.449618172439,7078.600160041802,7111.677734375,841639
2019-01-16,7194.3720703125,7260.527219222327,7128.216921402673,7210.910483908708,1150655
2019-01-17,7210.90966796875,7277.0648093928885,7161.293685531852,7161.293685531852,560383
2019-01-18,7177.83349609375,7260.5278126208395,7161.295081145868,7210.911073252074,524202
2019-01-21,7219.1796875,7277.064876331775,7111.677021250089,7243.987305315438,1532310
2019-01-22,7492.0693359375,7607.840458922148,7219.179566444308,7277.064754305428,1757259
2019-01-23,7723.61328125,7748.421648969955,7401.106742678092,7475.531098575456,1632246
2019-01-24,7558.2255859375,7740.151876540938,7533.417217635321,7740.151876540938,696685
2019-01-25,7525.146484375,7640.917600866989,7525.146484375,7566.493258317684,743785
2019-01-28,7425.9150390625,7541.6861752059895,7359.7598906197945,7492.070187505206,680353
2019-01-29,7607.84033203125,7607.84033203125,7277.064632931526,7376.2973426614435,1141078
2019-01-30,7409.37548828125,7640.91849564199,7343.220343321038,7624.380083033164,983909
2019-01-31,7508.60791015625,7607.8406236904175,7458.991927020378,7525.1470693764895,1367230
2019-02-01,7425.9150390625,7574.763749427343,7376.298304099225,7558.225335947913,434722
2019-02-04,7425.9150390625,7425.915039062501,7425.915039062501,7425.915039062501,0
2019-02-05,7425.9150390625,7425.915039062501,7425.915039062501,7425.915039062501,0
2019-02-06,7425.9150390625,7425.915039062501,7425.915039062501,7425.915039062501,0
2019-02-07,7425.9150390625,7425.915039062501,7425.915039062501,7425.915039062501,0
2019-02-08,7425.9150390625,7425.915039062501,7425.915039062501,7425.915039062501,0
2019-02-11,7938.6162109375,7938.6162109375,7583.032886798272,7607.840504345837,2318938
2019-02-12,8401.7021484375,8434.779718893013,7988.232891374811,8087.465602741346,3308539
2019-02-13,8451.3193359375,8600.168037425883,8401.702603933074,8567.090465177082,2824958
2019-02-14,8335.546875,8434.779584788837,8269.391735140774,8401.702014859226,1577420
2019-02-15,8434.779296875,8500.934434476078,8203.23631527123,8269.391452872307,2035276
2019-02-18,8434.779296875,8434.779296875,8434.779296875,8434.779296875,0
2019-02-19,8302.4697265625,8600.167871042278,8302.4697265625,8600.167871042278,3077020
2019-02-20,10575.6552734375,10575.6552734375,10536.916442461512,10575.6552734375,859147
2019-02-21,11040.5205078125,11156.736261448432,10769.349419645368,11156.736261448432,2315106
2019-02-22,10846.8271484375,11079.258657027785,10749.980437437389,10963.042902732643,846762
2019-02-25,11582.861328125,11582.861328125,10866.196260029716,10866.196260029716,1937669
2019-02-26,11854.03125,11989.616782327792,11621.599015618414,11718.445717672208,2118328
2019-02-27,11776.5546875,11989.61790024184,11776.5546875,11970.248109667595,844491
2019-02-28,11040.5205078125,11776.554610523359,11040.5205078125,11640.96981370226,1894470
2019-03-01,11389.16796875,11505.383716801936,11195.474557155152,11427.906053259025,832501
2019-03-04,11427.9072265625,11582.861822295084,11350.430302327462,11389.169138076237,1258924
2019-03-05,11272.951171875,11582.860323231462,11234.212341139839,11427.905747553232,1107716
2019-03-06,11427.9072265625,11466.646062311274,11117.998035097333,11350.430302327462,752482
2019-03-07,11582.861328125,11757.185707925866,11427.906739003383,11447.276529682635,949793
2019-03-08,11582.861328125,11582.861328125,11582.861328125,11582.861328125,0
2019-03-11,11234.212890625,11331.05959856864,11195.474805257505,11311.690555884892,396300
2019-03-12,11350.4287109375,11389.167541254885,11214.843178457853,11389.167541254885,876767
2019-03-13,12008.9873046875,12125.203062577904,11505.38469081242,11505.38469081242,3665367
2019-03-14,11970.2470703125,12163.940475662044,11931.50823979011,12086.463561879673,1250213
2019-03-15,11931.509765625,11970.24860110142,11776.555170981817,11970.24860110142,723643
2019-03-18,12047.7255859375,12183.31112875214,11931.509086126754,11931.509086126754,1207804
2019-03-19,11815.29296875,12202.679794965969,11815.29296875,12047.72521393207,1036527
2019-03-20,11776.5546875,11854.032355272027,11311.690922655254,11621.600099218418,946296
2019-03-21,11234.212890625,11892.770803546728,11234.212890625,11854.031970916782,1173770
2019-03-22,11292.3212890625,11466.644911543473,11195.474583041148,11427.906079682445,1073544
2019-03-25,10846.8271484375,11079.258657027785,10691.872560289818,10885.565235027565,1179774
2019-03-26,11079.2578125,11195.474305198893,10924.303236163889,11001.780897963152,567221
2019-03-27,11098.6279296875,11214.84367855964,11021.15026559778,11137.366761732359,402680
2019-03-28,11079.2578125,11137.366432480654,10846.826321627042,10846.826321627042,520821
2019-03-29,10924.3037109375,11156.73595917445,10924.3037109375,11137.366916514058,831473
2019-04-01,10846.8271484375,11040.52057043772,10808.088314584962,11040.52057043772,1221907
2019-04-02,10769.34765625,11079.2567800423,10769.34765625,11040.518700015022,1094482
2019-04-03,10691.8720703125,10904.934525843722,10653.133238235248,10653.133238235248,924549
2019-04-04,10691.8720703125,10924.303568251129,10672.502280642655,10769.348987204563,1138985
2019-04-05,10691.8720703125,10846.826651359064,10653.133238235248,10808.087819281815,1226114
2019-04-08,10924.3037109375,10943.673500860341,10653.133377379765,10730.610295283783,1366735
2019-04-09,11001.7802734375,11272.95057981687,10924.302616036324,10963.041444736911,2471488
2019-04-10,10866.1953125,11001.780846381816,10808.087440054196,10924.303184945804,766507
2019-04-11,10730.6103515625,10924.30376823208,10691.872266038547,10866.195892683696,1158007
2019-04-12,10536.916015625,10827.456115281895,10536.916015625,10653.13250384519,1334794
2019-04-15,10536.916015625,10536.916015625,10536.916015625,10536.916015625,0
2019-04-16,10440.0703125,10498.178184367573,10285.114991169936,10498.178184367573,968676
2019-04-17,10323.8525390625,10536.914958530891,10323.8525390625,10498.176880272864,514263
2019-04-18,10033.3154296875,10323.855585943733,10013.946384842098,10072.054266640838,1327604
2019-04-19,9917.0966796875,10188.26696217645,9917.0966796875,10013.943369275477,1046305
2019-04-22,9413.494140625,9762.14207175926,9413.494140625,9684.664421612844,1665100
2019-04-23,9413.494140625,9607.187518728733,9374.755315551793,9413.494140625,1145879
2019-04-24,10033.3154296875,10072.054266640838,9452.235864437569,9452.235864437569,1071193
2019-04-25,9839.6201171875,10033.31351778227,9762.143205307026,10033.31351778227,811721
2019-04-26,9858.9892578125,9955.835951746503,9781.51160376036,9839.619470668295,717836
2019-04-29,9858.9892578125,9858.9892578125,9858.9892578125,9858.9892578125,0
2019-04-30,9858.9892578125,9858.9892578125,9858.9892578125,9858.9892578125,0
2019-05-01,9858.9892578125,9858.9892578125,9858.9892578125,9858.9892578125,0
2019-05-02,9607.189453125,9975.20649726451,9607.189453125,9858.990745907287,806387
2019-05-03,9800.8828125,9936.467605863994,9510.342688555813,9607.18939653721,1041347
2019-05-06,9684.6669921875,9723.40582754305,9568.451233383352,9684.6669921875,1246381
2019-05-07,9917.0966796875,9955.835504975152,9723.403300511545,9878.357854399846,831118
2019-05-08,10227.0068359375,10227.0068359375,9684.665468096417,9684.665468096417,1240692
2019-05-09,10072.0546875,10362.594855896405,10033.315848927967,10265.748133097602,1234727
2019-05-10,10188.2685546875,10207.638343990138,9994.57589249808,10188.2685546875,959511
2019-05-13,10440.0703125,10440.0703125,10188.268288969848,10265.74594963488,1255052
2019-05-14,10459.439453125,10536.916367261623,10188.26838549079,10265.746046889824,1174125
2019-05-15,10575.6552734375,10653.132935389478,10498.17835874794,10536.916442461512,1849690
2019-05-16,10478.80859375,10672.502001813391,10478.80859375,10653.13295991202,587526
2019-05-17,10343.2236328125,10517.54724879464,10265.745971978835,10478.808418377808,1436541
2019-05-20,11191.966796875,11191.966796875,10945.537907036873,11048.216545114325,991708
2019-05-21,10493.751953125,10760.716238914172,10493.751953125,10719.644627501722,1432195
2019-05-22,10473.2158203125,10678.573086467,10473.2158203125,10493.752022284656,1406734
2019-05-23,10452.6806640625,10534.823097159418,10370.537438704385,10391.073641174513,649787
2019-05-24,10267.8583984375,10473.21566147759,10226.787579638414,10370.537029957544,956548
2019-05-27,10083.0400390625,10350.004394102203,9959.825965124599,10267.86114996935,1014562
2019-05-28,10083.0400390625,10226.790320164302,10000.896794929648,10103.575453965024,791790
2019-05-29,10206.251953125,10267.858977056501,10041.966291887262,10083.037905262,409988
2019-05-30,10206.251953125,10308.930590431237,10103.573315818761,10185.716542568236,494056
2019-05-31,10021.4306640625,10247.323344334309,10021.4306640625,10247.323344334309,525937
2019-06-03,9528.572265625,9857.144351405388,9528.572265625,9816.072741650196,924865
2019-06-04,9466.96484375,9733.929107392094,9384.82242000072,9569.64346763243,767356
2019-06-05,9569.6455078125,9733.931182596698,9466.966862039717,9651.788741335236,356458
2019-06-06,9384.822265625,9610.714917546078,9282.143643431584,9528.571702886908,669461
2019-06-07,9549.1083984375,9569.64380703787,9446.42977091338,9446.42977091338,505513
2019-06-10,9713.3935546875,9775.00056964614,9672.32194729471,9692.857354860558,514895
2019-06-11,9672.3232421875,9733.930265393847,9590.180808666106,9733.930265393847,403095
2019-06-12,9631.2509765625,9733.929605701358,9528.572347423642,9672.322586670272,346305
2019-06-13,9549.1083984375,9610.715416499745,9405.358161451504,9528.572197575995,425257
2019-06-14,9487.501953125,9651.787608629103,9466.965751023748,9487.501953125,313852
2019-06-17,9384.822265625,9610.714917546078,9323.214458500075,9610.714917546078,374315
2019-06-18,9343.7509765625,9446.429602253358,9241.072350871642,9323.214776067656,533937
2019-06-19,9384.822265625,9569.643310216494,9343.750658295416,9487.500887818416,489158
2019-06-20,9713.3935546875,9713.3935546875,9343.750672674574,9384.822280067365,950563
2019-06-21,9857.1455078125,10021.431173845565,9733.930664091777,9775.002278665352,1049939
2019-06-24,9898.21484375,10062.500485112956,9775.000810793063,9857.144027605096,957457
2019-06-25,9775.0,9857.143209998618,9754.46459363087,9857.143209998618,487321
2019-06-26,9651.787109375,9816.072756381167,9651.787109375,9795.536555342182,362522
2019-06-27,9487.501953125,9672.323018469173,9487.501953125,9651.787608629103,479518
2019-06-28,9590.1806640625,9610.71607406791,9425.89421497447,9487.502029513076,515291
2019-07-01,9775.0,9795.53540636913,9713.39298863156,9775.0,508278
2019-07-02,9754.4677734375,9857.14642327691,9733.931568112834,9857.14642327691,518372
2019-07-03,9733.9306640625,9836.609304365511,9651.78822717683,9754.466867479841,605205
2019-07-04,10021.4306640625,10041.96607417405,9733.930168933659,9754.4663713064,1851152
2019-07-05,10103.5732421875,10267.858902227983,10103.5732421875,10165.180265670031,1155123
2019-07-08,9959.8232421875,10144.644302565732,9816.07300038588,10062.501080890188,757954
2019-07-09,9959.8232421875,9959.8232421875,9959.8232421875,9959.8232421875,0
2019-07-10,9733.9306640625,9980.359559241972,9692.859049489049,9857.145507782852,1314409
2019-07-11,9795.537109375,9898.215743593972,9775.001699435681,9816.073311575507,1242885
2019-07-12,9795.537109375,10021.43058001345,9795.537109375,9857.144923715332,1409756
2019-07-15,9795.537109375,9898.215743593972,9754.46628949636,9795.537109375,735969
2019-07-16,9549.1083984375,9733.929452624236,9528.572197575995,9651.78702596162,3048546
2019-07-17,9816.0732421875,9898.215673625316,9569.644363351692,9569.644363351692,2513088
2019-07-18,9713.3935546875,9836.607584604777,9672.32194729471,9816.072177038928,846821
2019-07-19,9672.3232421875,9816.073491176441,9672.3232421875,9713.394855078797,1729732
2019-07-22,9384.822265625,9590.179510011832,9323.214458500075,9569.643310216494,2608731
2019-07-23,9446.4296875,9487.501296599206,9364.286469301587,9364.286469301587,1214223
2019-07-24,9179.466796875,9466.966519272628,9158.930593107225,9446.431107766099,1927003
2019-07-25,9179.466796875,9179.466796875,9179.466796875,9179.466796875,0
2019-07-26,9179.466796875,9179.466796875,9179.466796875,9179.466796875,0
2019-07-29,9179.466796875,9179.466796875,9179.466796875,9179.466796875,0
2019-07-30,9179.466796875,9179.466796875,9179.466796875,9179.466796875,0
2019-07-31,8768.7509765625,8830.357994546452,8625.000739759193,8748.215567988227,1109336
2019-08-01,8748.2158203125,8871.429859834258,8707.144209718195,8768.751229479074,776561
2019-08-02,8645.537109375,8707.14412856166,8542.858479976852,8707.14412856166,1567048
2019-08-05,8399.1083984375,8645.53727208305,8358.036787453048,8645.53727208305,1617615
2019-08-06,8399.1083984375,8399.1083984375,8399.1083984375,8399.1083984375,0
2019-08-07,8050.0009765625,8419.643894716108,7967.858546006793,8296.429852751962,1879616
2019-08-08,8316.9658203125,8378.573637689025,7947.322877359473,8008.930694735998,2382621
2019-08-09,8296.4296875,8522.322357355228,8296.4296875,8399.108317845314,1854095
2019-08-12,8255.3583984375,8378.573235007514,8091.072741938669,8296.430010627504,1084922
2019-08-13,8050.0009765625,8173.215810787817,8008.930157415232,8152.679608953012,1805543
2019-08-14,8132.14404296875,8193.751062765896,8050.000821731784,8132.14404296875,1116447
2019-08-15,8029.4658203125,8070.537433016718,7865.180161756826,7865.180161756826,1227912
2019-08-16,8583.9306640625,8583.9306640625,8050.002023121677,8050.002023121677,5648290
2019-08-19,8727.6787109375,8912.500543254131,8686.607104615907,8830.357330610947,2874761
2019-08-20,8645.537109375,8871.429777146466,8645.537109375,8789.286556723488,1942825
2019-08-21,8809.82421875,8912.502865173681,8583.930721261131,8625.00233828286,3322379
2019-08-22,8933.037109375,9097.322763716897,8850.89467833464,9035.715742371332,3028161
2019-08-23,8748.2158203125,8974.10849018944,8707.144209718195,8850.894450667683,1346369
2019-08-26,8542.859375,8625.001811767774,8481.252349358861,8563.394786126635,2456279
2019-08-27,8399.1083984375,8748.215903413597,8378.572989075856,8625.001070460241,1843606
2019-08-28,8255.3583984375,8440.180257161926,8255.3583984375,8419.64405493633,1399445
2019-08-29,8296.4296875,8378.572908680713,8255.358076909644,8358.036707254956,1015806
2019-08-30,8604.46484375,8666.071858243971,8337.500586102067,8337.500586102067,1636716
2019-09-02,8604.46484375,8604.46484375,8604.46484375,8604.46484375,0
2019-09-03,8481.251953125,8604.465998650867,8481.251953125,8542.858975887933,903769
2019-09-04,8666.0732421875,8768.751880161923,8399.108941906243,8440.180555548255,1683352
2019-09-05,8666.0732421875,8830.358904494335,8666.0732421875,8727.68026651991,1660478
2019-09-06,8707.1455078125,8768.752536757987,8625.002274377666,8666.073891095082,1246815
2019-09-09,8583.9306640625,8768.752543298087,8583.9306640625,8666.0738975586,911887
2019-09-10,8748.2158203125,8891.965269000832,8542.858559602135,8625.000988529588,3033910
2019-09-11,8666.0732421875,8830.358904494335,8625.001628545488,8748.216469471525,832362
2019-09-12,8830.3583984375,8871.43000972575,8686.608155059212,8789.28678714925,1326439
2019-09-13,9097.32421875,9138.395836969794,8727.681239294454,8830.35988871329,3241531
2019-09-16,9302.681640625,9466.96732341572,9117.860544583435,9138.395957834282,3440323
2019-09-17,9692.8603515625,9754.468177829272,9200.003287257698,9241.074907348433,4565916
2019-09-18,9569.6455078125,9775.002799358066,9508.038478801085,9610.717124573868,3397381
2019-09-19,9692.8603515625,9754.468177829272,9508.039249546202,9508.039249546202,2609422
2019-09-20,9610.716796875,9733.930850696572,9610.716796875,9651.78841223594,1548559
2019-09-23,9569.6455078125,9898.216857380896,9528.573891051132,9610.717124573868,3829058
2019-09-24,9692.8603515625,9733.931971653235,9569.646283551634,9651.789523733105,1525349
2019-09-25,9713.3935546875,9713.3935546875,9590.179524770223,9651.78653972886,1181118
2019-09-26,10185.7158203125,10226.787430774903,9733.929689748375,9733.929689748375,4689134
2019-09-27,10041.9658203125,10267.858494873728,10021.430410720086,10185.716064242904,2902257
2019-09-30,9980.359375,10226.788265630283,9939.287761184749,10185.716651815032,2314434
2019-10-01,10165.1796875,10165.1796875,9939.287016825197,9939.287016825197,1842362
2019-10-02,10041.9658203125,10226.787675688902,10021.430410720086,10144.644452796907,2122397
2019-10-03,10041.9658203125,10062.501229904912,9795.536943897687,9857.14475719727,2501414
2019-10-04,9528.572265625,10083.037016667227,9528.572265625,10062.500815659061,3867734
2019-10-07,9200.001953125,9692.858945958445,9179.466542188233,9631.251920886918,2711208
2019-10-08,9364.287109375,9528.57276474005,9200.00145400995,9220.537656093818,1767005
2019-10-09,9364.287109375,9446.430333188116,9282.144677823066,9364.287109375,1106906
2019-10-10,9302.681640625,9487.50352892788,9282.146227374153,9343.753259388008,1201542
2019-10-11,9343.7509765625,9384.822585291067,9282.14395960021,9364.286384796224,888361
2019-10-14,9651.787109375,9754.465737786497,9508.036871146676,9528.572279924518,2294286
2019-10-15,9569.6455078125,9672.324153585283,9549.110095562453,9651.788741335236,923008
2019-10-16,9590.1806640625,9672.323096345326,9549.109051790492,9672.323096345326,1139479
2019-10-17,9425.89453125,9528.573169244692,9405.359120555548,9528.573169244692,958978
2019-10-18,9241.0732421875,9528.572946495024,9200.001629497512,9446.430513376245,1363554
2019-10-21,9117.8583984375,9200.000824367658,9056.250588663472,9097.322197759115,2054033
2019-10-22,9076.787109375,9179.46573960383,9056.25090797254,9117.858719918762,1198421
2019-10-23,9097.32421875,9158.93124994904,9076.788805770755,9076.788805770755,957318
2019-10-24,9241.0732421875,9282.144854877488,9076.787583688743,9097.322993903139,1566060
2019-10-25,9425.89453125,9528.573169244692,9220.538047521828,9241.073458216282,2554667
2019-10-28,9508.0380859375,9590.181316066153,9364.28782934298,9508.0380859375,1998093
2019-10-29,9384.822265625,9569.643310216494,9364.286065829661,9446.429280488832,1148288
2019-10-30,9508.0380859375,9590.181316066153,9364.28782934298,9384.824033005765,1204386
2019-10-31,9364.287109375,9569.644376646609,9364.287109375,9549.10896682392,782487
2019-11-01,9816.0732421875,9836.608651981658,9323.215484515882,9343.751686571222,4041243
2019-11-04,10165.1796875,10350.00153969659,9857.144587607614,9857.144587607614,6256103
2019-11-05,10185.7158203125,10350.001469900959,10083.037190287068,10165.179618950722,3253008
2019-11-06,10165.1796875,10350.00153969659,10083.037258282417,10103.572667521523,3114777
2019-11-07,10391.0732421875,10493.751873811985,10124.108958416075,10165.179777256935,3533754
2019-11-08,10493.751953125,10637.50140467682,10411.608730300099,10555.35897411309,3051114
2019-11-11,10267.8583984375,10493.751863138297,10267.8583984375,10452.680252078047,3008705
2019-11-12,10493.751953125,10534.822772276279,10267.858486487106,10267.858486487106,2651318
2019-11-13,10596.431640625,10616.967052245376,10514.288409620998,10514.288409620998,3256919
2019-11-14,10411.6083984375,10637.501065614055,10329.465970492001,10637.501065614055,1793434
2019-11-15,10267.8583984375,10432.144050417339,10267.8583984375,10329.466211158458,1671323
2019-11-18,9939.287109375,10391.073247192575,9857.144679392546,10267.858413827145,4116738
2019-11-19,10124.109375,10165.180195530831,9980.359126358497,9980.359126358497,1416591
2019-11-20,10103.5732421875,10247.323491820875,10062.50162911208,10103.5732421875,968973
2019-11-21,10185.7158203125,10288.39445033793,10021.430170724041,10021.430170724041,2174979
2019-11-22,9857.1455078125,10267.859276764546,9775.002278665352,10185.716839878629,2511843
2019-11-25,9775.0,9980.357232735498,9631.249778632942,9857.143209998618,1301155
2019-11-26,9857.1455078125,9980.35955927199,9816.073893238927,9857.1455078125,1059342
2019-11-27,9816.0732421875,9959.823487530153,9795.53704013216,9939.287285474815,1353540
2019-11-28,9549.1083984375,9816.072671547985,9549.1083984375,9816.072671547985,2493078
2019-11-29,9610.716796875,9651.78841223594,9487.502743053428,9651.78841223594,1196327
2019-12-02,9528.572265625,9713.39411339279,9508.036856877976,9692.857912384625,1569418
2019-12-06,9816.0732421875,9918.751875680655,9775.001630338002,9836.608651981658,782980
2019-12-09,9713.3935546875,9918.750799390358,9713.3935546875,9795.535977211986,1379199
2019-12-10,9364.287109375,9733.93003201166,9364.287109375,9692.858420105102,2373119
2019-12-11,9323.2158203125,9508.037684161427,9323.2158203125,9446.430660298854,1559186
2019-12-12,9405.357421875,9528.571448310735,9384.822014889402,9446.429028107268,1646138
2019-12-13,9384.822265625,9590.179510011832,9364.286065829661,9528.571702886908,1295091
2019-12-16,9508.0380859375,9528.573497339043,9323.216214278655,9323.216214278655,899719
2019-12-17,9364.287109375,9549.10896682392,9323.215497468442,9508.037354917364,919946
2019-12-18,9117.8583984375,9425.893486002004,9117.8583984375,9364.286468489103,1341155
2019-12-19,8908.357421875,9284.766879042058,8908.357421875,9201.119974443158,1926213
2019-12-20,8552.8583984375,8908.35649588411,8448.300181939316,8908.35649588411,2272025
2019-12-23,8531.9482421875,8761.976027169538,8531.9482421875,8573.770889083127,1161029
2019-12-24,8699.2412109375,8720.152534291266,8531.94820381532,8594.682980640635,685777
2019-12-25,8741.0634765625,8803.799057416762,8636.506057588023,8657.417380030123,619566
2019-12-26,8699.2412109375,8761.975987762817,8657.41775746595,8741.063857645031,710626
2019-12-27,8950.1806640625,8950.1806640625,8657.41809197771,8678.329416139464,1363278
2019-12-30,8761.9755859375,9096.561584837706,8741.06345677875,8950.179907782373,1004113
2019-12-31,8929.26953125,8971.09298723381,8741.064382704893,8741.064382704893,884944
2020-01-01,8929.26953125,8929.26953125,8929.26953125,8929.26953125,0
2020-01-02,8992.00390625,9075.650814444636,8929.269128486038,8971.092582583356,1293570
2020-01-03,8866.53515625,9096.562964537316,8866.53515625,9033.828181073875,1246045
2020-01-06,8720.1533203125,8845.622885272765,8678.329863071047,8824.711560034084,2103790
2020-01-07,8782.88671875,8824.710169400745,8678.328495505122,8741.063268099257,928914
2020-01-08,8594.6826171875,8720.152165532258,8448.300939609293,8720.152165532258,2225941
2020-01-09,8678.3291015625,8720.152555134016,8573.770871015722,8678.3291015625,1124348
2020-01-10,8782.88671875,8866.533620051488,8615.593722910988,8678.328495505122,2564761
2020-01-13,8971.0947265625,8992.00605522669,8782.889541527904,8803.801676956316,2783602
2020-01-14,8971.0947265625,9012.918190655102,8908.359933805708,8929.271262469898,1065208
2020-01-15,8845.6240234375,8992.005739235445,8845.6240234375,8971.094411306107,1119094
2020-01-16,9138.384765625,9138.384765625,8845.621420188781,8929.268320817404,3187448
2020-01-17,9033.828125,9242.944606422863,9033.828125,9138.38636571143,1370547
2020-01-20,9033.828125,9054.739450436648,8971.093341925962,8971.093341925962,730517
2020-01-21,9180.2099609375,9284.768203216001,8992.004802130554,9012.91693464472,1776822
2020-01-22,9284.767578125,9284.767578125,9138.385887437329,9201.12066722803,1598613
2020-01-23,9284.767578125,9284.767578125,9284.767578125,9284.767578125,0
2020-01-24,9284.767578125,9284.767578125,9284.767578125,9284.767578125,0
2020-01-27,9284.767578125,9284.767578125,9284.767578125,9284.767578125,0
2020-01-28,9284.767578125,9284.767578125,9284.767578125,9284.767578125,0
2020-01-29,9284.767578125,9284.767578125,9284.767578125,9284.767578125,0
2020-01-30,8636.5068359375,9075.651100910516,8636.5068359375,9075.651100910516,6345722
2020-01-31,8050.98046875,8699.241170901505,8050.98046875,8490.124711270179,4081420
2020-02-03,7800.04052734375,8030.0683093922435,7507.277968987851,7528.189292168982,3159755
2020-02-04,7549.1015625,7946.423206903651,7528.1902366952245,7946.423206903651,2069618
2020-02-05,7653.65869140625,7820.951693794824,7570.01259359396,7737.305595982534,3042463
2020-02-06,7904.60009765625,8009.158344826431,7716.394930044265,7758.218390265167,3610533
2020-02-07,7862.7734375,8092.801164953698,7800.038676082067,7904.596880699896,3128308
2020-02-10,7674.5712890625,7820.952170853882,7611.8357034215705,7695.482613100113,2008285
2020-02-11,7716.3955078125,7758.218971164951,7653.6607161659285,7737.30764287083,2458906
2020-02-12,7925.509765625,8030.067990911798,7758.216766518918,7779.128895634666,2885902
2020-02-13,7841.86328125,7925.509373280232,7779.128510536342,7904.598051963659,1674898
2020-02-14,8030.06787109375,8030.06787109375,7800.04010160067,7841.86355244413,3297096
2020-02-17,7946.4208984375,8301.918174430031,7946.4208984375,8030.066984121204,2879028
2020-02-18,7925.509765625,8113.714893846828,7883.687120921464,8050.980120027545,2410393
2020-02-19,7883.68798828125,7967.334093655008,7862.77585686476,7904.599312933672,1716655
2020-02-20,7904.60009765625,8071.89313177571,7862.776637435348,8030.069671554807,3005564
2020-02-21,7883.68798828125,8050.9810057928335,7862.77585686476,7904.599312933672,1754798
2020-02-24,7339.9833984375,7695.481503150341,7339.9833984375,7653.658054343431,5174243
2020-02-25,7360.89599609375,7402.719447570392,7005.397868688265,7005.397868688265,2544179
2020-02-26,7151.779296875,7339.983611831841,7068.132396829326,7068.132396829326,1761771
2020-02-27,7444.5419921875,7444.5419921875,7151.779449315304,7151.779449315304,1751855
2020-02-28,7172.69091796875,7319.072595778231,7109.956143697254,7193.603047235239,1957363
2020-03-02,7193.603515625,7360.896526829763,7193.603515625,7277.249617845363,2366502
2020-03-03,7235.4267578125,7360.896310843486,7235.4267578125,7360.896310843486,2046231
2020-03-05,7590.92431640625,7779.129458239515,7444.54262906527,7444.54262906527,3255477
2020-03-06,7590.92431640625,7674.5712253908205,7402.719981337023,7528.189538049841,1510298
2020-03-09,7068.13330078125,7151.780211524627,7068.13330078125,7068.13330078125,2466609
2020-03-10,6817.1943359375,7047.222135527236,6587.166132965728,6775.3708796218925,3113869
2020-03-11,6357.1376953125,6942.663641823394,6357.1376953125,6921.752317819593,3127656
2020-03-12,5917.99365234375,5980.728433400711,5917.99365234375,5959.817108636415,3541299
2020-03-13,5855.2587890625,5917.993569238488,5520.672353565827,5520.672353565827,3794965
2020-03-16,5499.7607421875,5897.08196627466,5457.937688978453,5687.965490083308,2095751
2020-03-17,5876.17041015625,5876.17041015625,5248.821366582337,5269.733095490613,2727919
2020-03-18,5771.611328125,6064.373856198402,5750.69960372491,5980.727361980006,2362354
2020-03-19,5834.3466796875,6064.374460878726,5562.495445525868,5562.495445525868,3134333
2020-03-20,5834.3466796875,6001.639684805119,5813.434953202296,5980.727958319916,3538672
2020-03-23,5437.02587890625,5646.142351952344,5437.02587890625,5562.495843410314,2033213
2020-03-24,5248.8203125,5604.3180190204685,5227.908587791274,5520.671523567533,3698749
2020-03-25,5583.40771484375,5604.31903998,5290.644725733774,5478.849475634326,3512559
2020-03-26,5311.55517578125,5583.406794966908,5311.55517578125,5437.0251228375555,3245185
2020-03-27,5165.1748046875,5353.379556288996,5144.263075980212,5353.379556288996,2919047
2020-03-30,4809.6767578125,4976.9697712326515,4809.6767578125,4851.499809476526,3415316
2020-03-31,4663.29541015625,5018.793593944627,4516.914113535548,4956.058406779708,2619437
2020-04-01,4976.96923828125,4976.96923828125,4684.206294455061,4726.029745022508,2896805
2020-04-02,4976.96923828125,4976.96923828125,4976.96923828125,4976.96923828125,0
2020-04-03,5311.55517578125,5311.55517578125,5186.085632106922,5311.55517578125,3252178
2020-04-06,5667.052734375,5667.052734375,5541.582799661928,5604.317565327496,3676152
2020-04-07,6022.55126953125,6043.462995524233,5729.788315775481,6022.55126953125,11301519
2020-04-08,6336.2265625,6336.2265625,5771.6123263380805,5855.258835023324,5153641
2020-04-09,6440.7841796875,6628.988918759245,6273.491167930842,6273.491167930842,4534233
2020-04-10,6461.69580078125,6482.607527752577,6168.932833328706,6315.314518745985,5327564
2020-04-13,6482.60791015625,6524.431366566036,6315.314891281181,6398.961400718716,4075751
2020-04-14,6649.90087890625,6649.90087890625,6294.40311563086,6482.607861292188,3541576
2020-04-15,6859.017578125,6942.663681380839,6691.72416146725,6691.72416146725,3429341
2020-04-16,6879.9287109375,7047.221719561302,6691.723975390219,6754.458752778642,3015046
2020-04-17,7026.310546875,7193.603559090589,6942.663637385183,7026.310546875,5392768
2020-04-20,6879.9287109375,7151.779950796682,6733.547025855163,7151.779950796682,5271348
2020-04-21,6566.2548828125,6900.840944166128,6419.873581815805,6817.194832209787,4733993
2020-04-22,7005.3984375,7005.3984375,6294.402931722874,6357.137710649673,4496762
2020-04-23,7068.13330078125,7277.249770875637,7005.398521105745,7235.427122268004,3733850
2020-04-24,7172.69091796875,7193.603047235239,6921.751820882767,7026.310046923255,3664656
2020-04-27,7109.9560546875,7277.249052905137,7068.132603442096,7256.337730664423,2179266
2020-04-28,7026.310546875,7109.956649600774,6942.663637385183,7109.956649600774,1844179
2020-04-29,6900.83984375,7047.221524786564,6838.105068095473,7026.310201823057,3571897
2020-04-30,6900.83984375,6900.83984375,6900.83984375,6900.83984375,0
2020-05-01,6900.83984375,6900.83984375,6900.83984375,6900.83984375,0
2020-05-04,6482.60791015625,6775.37089487864,6482.60791015625,6775.37089487864,4131928
2020-05-05,6649.90087890625,6859.017755996879,6482.607861292188,6608.077826193752,2184915
2020-05-06,6859.017578125,6859.017578125,6691.72416146725,6733.547213095169,2950987
2020-05-07,7068.13330078125,7089.045431849122,6775.3707267075415,6817.19418207923,3884939
2020-05-08,7214.5146484375,7486.3658852917015,7089.045095047567,7109.956418357883,8435547
2020-05-11,7611.8359375,7632.748068944747,7277.2499020247615,7381.808138956282,6292804
2020-05-12,7570.01171875,7674.569934004873,7402.7187356949835,7570.01171875,4577689
2020-05-13,7528.1904296875,7695.483460706763,7339.985265563246,7444.543510795802,6085953
2020-05-14,7758.216796875,8030.068022331569,7360.896023288931,7444.54211978727,7258301
2020-05-15,7758.216796875,7758.216796875,7758.216796875,7758.216796875,0
2020-05-18,7758.216796875,7758.216796875,7758.216796875,7758.216796875,0
2020-05-19,8092.8037109375,8092.8037109375,7800.041129963203,8030.068929783299,5663480
2020-05-20,8092.8037109375,8092.8037109375,8092.8037109375,8092.8037109375,0
2020-05-21,7737.306640625,7820.952749730661,7695.483182690117,7800.041424145272,3499009
2020-05-22,7737.306640625,8009.15790705558,7674.571857104728,7695.483182690117,5768130
2020-05-25,7946.4208984375,7946.4208984375,7737.304474082421,7737.304474082421,4490283
2020-05-26,8343.7431640625,8343.7431640625,7967.333691948673,8050.980599869092,8031346
2020-05-27,7862.7734375,8364.652335607292,7820.949994300105,8343.741017389253,7932641
2020-05-28,7904.60009765625,8009.158344826431,7820.9531772144455,7925.5114243846265,4384941
2020-05-29,7862.7734375,7925.508198917934,7800.038676082067,7841.862119281963,3375060
2020-06-01,8155.53857421875,8155.53857421875,7904.598665134419,7946.422117775808,3151774
2020-06-02,7967.3330078125,8281.00767543352,7925.509557443573,8281.00767543352,3985895
2020-06-03,8050.98046875,8092.803115265054,7925.510108912796,8050.98046875,2169192
2020-06-04,8239.185546875,8469.213350661466,8197.362089796345,8218.274221717717,10217170
2020-06-05,8364.654296875,8448.301202887553,8176.449968492767,8239.184744620177,5648211
2020-06-08,8364.654296875,8364.654296875,8364.654296875,8364.654296875,0
2020-06-09,8364.654296875,8364.654296875,8364.654296875,8364.654296875,0
2020-06-10,8636.5068359375,8741.064264335026,8427.39036561434,8573.771249429308,5363475
2020-06-11,8050.98046875,8699.241170901505,8050.98046875,8615.594264343368,9867703
2020-06-12,8050.98046875,8050.98046875,7570.012772950752,7611.835419465806,6461374
2020-06-15,7507.2783203125,8113.715595349417,7507.278320312501,8092.80346442563,8838524
2020-06-16,7841.86328125,7883.686730647086,7632.746841028514,7737.305061139257,4478115
2020-06-17,7841.86328125,7946.421501360744,7674.570290425599,7862.774602566573,3018818
2020-06-18,7758.216796875,7841.863700137321,7653.65857117909,7716.39334524384,2404507
2020-06-19,8113.7158203125,8134.627145052031,7758.217652391987,7779.129783895589,4742091
2020-06-22,8113.7158203125,8176.450601295162,8009.157583086707,8176.450601295162,3642789
2020-06-23,8531.9482421875,8678.32911985024,8155.538772778698,8197.361419674326,10294383
2020-06-24,8239.185546875,8573.771589976057,8155.5394394817795,8531.94893966149,5153700
2020-06-25,8176.45068359375,8260.097596921947,8071.892445315544,8092.803770265554,3356354
2020-06-26,8009.15771484375,8322.83243168133,7925.510800981428,8239.185517819009,4894800
2020-06-29,7674.5712890625,7988.245183446924,7528.189600507072,7904.599080532425,5098076
2020-06-30,7674.5712890625,7883.687756494812,7528.189600507072,7841.864301655541,3008665
2020-07-01,7967.3330078125,8009.156458181428,7695.481790560408,7758.21656273182,2302306
2020-07-02,7967.3330078125,8050.9799085503555,7904.598235641088,8050.9799085503555,2068492
2020-07-03,7946.4208984375,8050.97911061504,7946.4208984375,8009.155664391248,2517690
2020-07-06,8155.53857421875,8197.361220096138,8009.15689335589,8071.891668935972,2388270
2020-07-07,8071.8916015625,8281.008056260016,8071.8916015625,8239.184603967713,3921718
2020-07-08,8218.2734375,8218.2734375,8030.068301987323,8071.89175507503,3359712
2020-07-09,8308.1171875,8372.687908791599,8265.069763180896,8308.1171875,3598128
2020-07-10,8308.1171875,8308.1171875,8308.1171875,8308.1171875,0
2020-07-13,8243.5478515625,8415.736747401683,8135.92968786623,8372.689315848325,3570455
2020-07-14,8394.212890625,8437.25948895191,8135.9291487925675,8200.499876657126,4194188
2020-07-15,8394.212890625,8394.212890625,8394.212890625,8394.212890625,0
2020-07-16,8265.0703125,8351.165166860304,8222.022885319848,8286.594441277159,1550850
2020-07-17,8308.1171875,8394.212036138204,8222.022338861794,8265.069763180896,3275921
2020-07-20,8092.8798828125,8351.163566008307,8092.879882812501,8308.116147080003,3648952
2020-07-21,8071.35693359375,8222.021660722861,7920.691376090596,8178.9750703282825,4941753
2020-07-22,7963.7412109375,8135.930115834201,7899.170475398024,8135.930115834201,2416003
2020-07-23,7899.1689453125,7985.262965897112,7834.597391906374,7963.739668344492,2223137
2020-07-24,7425.6494140625,7877.645335381649,7361.078686784648,7834.597907071685,6994660
2020-07-27,6909.0830078125,7318.0315151662,6909.0830078125,7102.795196440815,6979431
2020-07-28,7382.60205078125,7382.60205078125,6930.606125480752,6930.606125480752,5186766
2020-07-29,7124.31884765625,7318.031023263643,6887.558829935413,7318.031023263643,5757069
2020-07-30,7145.841796875,7231.936646522198,7016.700352778324,7145.841796875,4572296
2020-07-31,7102.794921875,7188.889778186755,6930.6060396256735,6930.6060396256735,1707115
2020-08-03,7382.60205078125,7404.126180312918,7059.748411548177,7059.748411548177,3809602
2020-08-04,7425.6494140625,7490.220141340351,7296.507959506796,7447.173543404576,5004310
2020-08-05,7490.2197265625,7576.3145784148455,7339.554981382109,7382.601576934139,3786886
2020-08-06,7425.6494140625,7533.267569650315,7361.078686784648,7468.696842372464,2854554
2020-08-07,7382.60205078125,7468.6969081595325,7318.031322934635,7425.649479470391,2814673
2020-08-10,7468.6962890625,7576.314436677546,7425.648863941657,7468.6962890625,5454535
2020-08-11,7683.93359375,7726.9810245260915,7468.697270243779,7533.268001220798,6010793
2020-08-12,7640.88525390625,7748.503402855585,7576.314530611477,7683.932679560811,2263650
2020-08-13,7834.59765625,7899.169211834806,7683.9329075498845,7705.456205828712,6406086
2020-08-14,7705.45654296875,7856.122128635162,7597.838386117628,7791.551400599328,4765360
2020-08-17,7619.36083984375,7683.931553677338,7511.742706663097,7597.83671498321,2931649
2020-08-18,7576.314453125,7683.932600973674,7533.267027910704,7576.314453125,2282592
2020-08-19,7662.40869140625,7683.932819813473,7554.7905404925905,7619.362095340108,2522036
2020-08-20,7576.314453125,7662.408473179462,7554.790325330788,7619.361878339295,3019707
2020-08-21,7770.02783203125,7813.075263954733,7554.791502788093,7597.838934711575,5413015
2020-08-24,7920.69384765625,8049.835319885252,7834.598979254048,7856.1231115417495,7268829
2020-08-25,7899.1689453125,8028.310391376485,7899.1689453125,8006.787093823866,4562716
2020-08-26,8006.78759765625,8114.405752939559,7920.692741279929,7920.692741279929,6635515
2020-08-27,8071.35693359375,8071.35693359375,7963.7387968592175,8006.7862176278395,3435839
2020-08-28,8114.40625,8286.595142926151,8114.40625,8178.976981050527,11509002
2020-08-31,7985.26318359375,8243.546913137261,7920.692458801412,8135.928761691978,7162183
2020-09-01,8092.8798828125,8135.927301740803,7942.214331750447,7985.261750678749,3645871
2020-09-02,8092.8798828125,8092.879882812501,8092.879882812501,8092.879882812501,0
2020-09-03,8178.97509765625,8222.021688194658,8092.880255831344,8222.021688194658,7037919
2020-09-04,8394.212890625,8523.35434635412,8006.787693063449,8006.787693063449,12401512
2020-09-07,8243.5478515625,8587.925643240867,8243.5478515625,8480.307479544595,8518825
2020-09-08,8437.259765625,8437.259765625,8200.500145566439,8265.07087554839,6146199
2020-09-09,8480.306640625,8544.877366380213,8265.070334524844,8286.59446335936,7524055
2020-09-10,8544.8779296875,8674.020220085593,8437.259769542869,8566.40205994096,9493803
2020-09-11,8544.8779296875,8544.8779296875,8544.8779296875,8544.8779296875,0
2020-09-14,8480.306640625,8587.924793675078,8458.783342164652,8587.924793675078,5437390
2020-09-15,8587.9248046875,8781.63781257571,8480.30665149942,8523.354078849487,10875965
2020-09-16,8717.06640625,8717.06640625,8566.401653495406,8566.401653495406,5606078
2020-09-17,8738.58984375,8781.637268432685,8630.971697230343,8695.542419067313,5000873
2020-09-18,8910.779296875,8932.302595441746,8695.54298971084,8738.590417218507,6305801
2020-09-21,8867.7333984375,9018.399005506633,8867.7333984375,8975.351570576264,5816999
2020-09-22,8846.20703125,8889.254451265904,8760.112191218192,8824.682906055034,5871971
2020-09-23,8910.779296875,8953.826724382667,8846.208570800587,8867.731869367333,4008552
2020-09-24,8910.779296875,8932.302595441746,8738.590417218507,8867.731869367333,5874223
2020-09-25,8695.5439453125,8910.780276130175,8674.020644380438,8910.780276130175,4485601
2020-09-28,8910.779296875,8953.826724382667,8738.590417218507,8867.731869367333,5828515
2020-09-29,8932.302734375,9169.063174162657,8910.77943547348,8953.826863650707,7361904
2020-09-30,9039.9208984375,9061.445027734175,8889.25614523171,8910.779444154197,5439464
2020-10-01,9534.9638671875,9664.106146700477,9104.491262892552,9147.538689396877,10989563
2020-10-02,9384.2998046875,9642.583575038743,9039.921997802036,9513.442105050264,8866158
2020-10-05,9599.5341796875,9664.105731859268,9470.3927360922,9513.440160748672,4340813
2020-10-06,9470.3935546875,9664.1065671986,9384.298697932747,9599.535009445439,7424560
2020-10-07,9384.2998046875,9599.536141584487,9362.776503147516,9384.2998046875,6340309
2020-10-08,9491.916015625,9491.916015625,9319.727147692654,9448.869421422502,4874672
2020-10-09,9707.1533203125,9750.200749377731,9534.964434425776,9599.535162836522,6371124
2020-10-12,9534.9638671875,9836.295022343626,9470.39314261809,9814.770893904386,5334399
2020-10-13,9470.3935546875,9534.96428206647,9341.252099929561,9534.96428206647,2621827
2020-10-14,9621.05859375,9685.629317470783,9427.345592213513,9491.916315934295,5481932
2020-10-15,9621.05859375,9793.247467130132,9534.963741872863,9728.67674340935,5317964
2020-10-16,9664.107421875,9707.15402368515,9448.871091327192,9642.583290595661,5226825
2020-10-19,9857.8203125,10094.579960557501,9771.725442093097,9814.772877296547,8039405
2020-10-20,9900.8671875,9943.914620267773,9685.630854035404,9814.772321964452,3377964
2020-10-21,9470.3935546875,9922.389476714477,9470.3935546875,9922.389476714477,9321519
2020-10-22,9599.5341796875,9599.5341796875,9255.156443183954,9362.774589638077,6822712
2020-10-23,9513.4404296875,9642.581876933546,9470.393003814104,9599.53445106015,4220835
2020-10-26,9427.3466796875,9728.677865642834,9427.3466796875,9513.44154149595,5901600
2020-10-27,9255.1572265625,9470.393537688858,9255.1572265625,9384.29868108864,5019342
2020-10-28,8867.7333984375,9276.682784714532,8867.7333984375,9212.11121713182,6609737
2020-10-29,8932.302734375,9018.397590729453,8695.543124961529,8695.543124961529,4495162
2020-10-30,8910.779296875,9018.39745045708,8781.637844726174,8996.873321516161,2742892
2020-11-02,9126.0166015625,9126.0166015625,8932.303571791197,9039.921737136528,1690246
2020-11-03,9362.7763671875,9405.82380001665,9169.064165017744,9169.064165017744,5981855
2020-11-04,9427.3466796875,9534.964841760942,9319.728517614058,9405.823379422507,3785977
2020-11-05,9384.2998046875,9534.965406590249,9362.776503147516,9362.776503147516,3754709
2020-11-06,9319.728515625,9470.39410857051,9276.6819151042,9470.39410857051,2592356
2020-11-09,9578.0107421875,9578.0107421875,9341.251155607619,9341.251155607619,4559358
2020-11-10,9793.2470703125,9986.959233625721,9599.534076625168,9750.199646118192,12507229
2020-11-11,9728.677734375,9857.819194970945,9664.107004077026,9728.677734375,5788752
2020-11-12,9728.677734375,9793.248464672974,9642.582873728217,9685.630304051609,3754788
2020-11-13,9857.8203125,9857.8203125,9707.15470447508,9728.678837263966,5855497
2020-11-16,9685.630859375,10008.485359749879,9685.630859375,10008.485359749879,6072284
2020-11-17,9900.8671875,9943.914620267773,9685.630854035404,9750.201587999929,5628577
2020-11-18,9986.9599609375,10094.57811407363,9900.865936653097,9900.865936653097,6010714
2020-11-19,10030.0078125,10094.578541037954,9965.437083962046,10051.531942262121,6652542
2020-11-20,10073.056640625,10073.056640625,9965.438467990689,10073.056640625,5152831
2020-11-23,10438.95703125,10460.480330405726,9943.913677300547,10116.102561668939,13317686
2020-11-24,10546.5732421875,10654.191387334766,10288.290358133345,10546.5732421875,9500657
2020-11-25,10460.48046875,10654.192654836044,10417.433039495032,10546.574496885729,5347495
2020-11-26,10417.43359375,10438.95772470977,10266.76799852862,10438.95772470977,5046936
2020-11-27,10589.62109375,10632.668519621251,10438.956348761834,10503.52707238164,4040769
2020-11-30,10417.43359375,10632.669921102186,10417.43359375,10632.669921102186,4085054
2020-12-01,10568.0986328125,10568.0986328125,10223.720859321997,10223.720859321997,5943812
2020-12-02,10632.6689453125,10869.428551522115,10568.098219107529,10611.145646702234,9009089
2020-12-03,10718.763671875,10847.905122735223,10675.716244796871,10740.286970226982,5420402
2020-12-04,10568.0986328125,10761.81081901058,10546.574502985464,10740.28751955775,5030699
2020-12-07,10675.716796875,10697.240096340027,10568.098638801453,10589.62193826648,4957910
2020-12-08,11407.5185546875,11407.5185546875,10740.286378073188,10740.286378073188,43763254
2020-12-09,11751.896484375,12010.180206466737,11579.70761310522,11601.231740997775,8914394
2020-12-10,11558.1845703125,11881.039022448884,11536.660441945583,11622.755294664947,7219980
2020-12-11,11816.46875,11816.46875,11321.425369078837,11536.66169385971,11761956
2020-12-14,12376.0830078125,12569.795191171494,11837.992225636079,12053.228538506648,10674960
2020-12-15,12289.9892578125,12548.273022602756,12139.323659153662,12311.512558889075,9635233
2020-12-16,12117.798828125,12397.605858664347,12074.751401032601,12311.511004479547,10042812
2020-12-17,11859.5146484375,12139.321668418599,11751.896499954451,12031.70351993555,12117981
2020-12-18,12569.7958984375,12612.843329508607,11881.040322796756,12031.70508598427,9126381
2020-12-21,13237.0283203125,13323.123183408103,12677.414201313846,12785.032364996221,12455319
2020-12-22,13193.9775390625,13409.21381178282,12935.694676097348,13107.883528198796,10602487
2020-12-23,12655.8896484375,13129.408857486229,12483.699939284325,13129.408857486229,11025059
2020-12-24,12483.69921875,12785.030362001655,11794.943743387568,12698.935512394291,11219624
2020-12-25,13344.6474609375,13344.6474609375,12419.1313515882,12419.1313515882,12304447
2020-12-28,13753.5947265625,13904.260318712224,13323.122911008511,13689.023995748114,11363701
2020-12-29,13666.0107421875,13949.357007795112,13295.480622141808,13600.623271797658,8498460
2020-12-30,13404.4599609375,13709.602609254513,13295.480563806772,13513.439358068228,7992334
2020-12-31,13687.806640625,13883.969897763378,13295.4809672257,13404.460367663141,7637436
2021-01-01,13687.806640625,13687.806640625,13687.806640625,13687.806640625,0
2021-01-04,13949.3544921875,14341.680084652531,13862.170653472032,14341.680084652531,833429
2021-01-05,13774.9892578125,13992.948039074821,13731.397333384559,13774.9892578125,852372
2021-01-06,13774.9892578125,14232.70236211242,13731.397333384559,13949.35611464688,976281
2021-01-07,14080.130859375,14080.130859375,13731.397150354616,13992.94785255859,795780
2021-01-08,14210.90625,14472.4561043159,13949.35555480675,14254.497331801083,1142481
2021-01-11,13905.7646484375,14319.886682832888,13818.580796708762,14254.49837359763,1290765
2021-01-12,14080.130859375,14167.313866191409,13600.622219691315,13774.989074201507,1355713
2021-01-13,13883.9677734375,14080.130159684462,13840.375851756844,14080.130159684462,880638
2021-01-14,14668.6201171875,14842.986135433346,13731.397513632364,13883.968830694223,2190584
2021-01-15,14886.5771484375,15039.147606657009,14712.209468968415,14842.984387692934,1457815
2021-01-18,14516.0458984375,14930.167865830941,14494.250359470381,14930.167865830941,1393480
2021-01-19,13513.4384765625,14450.66106257457,13513.4384765625,14428.86552092116,1522643
2021-01-20,13513.4384765625,13774.989180790313,12576.21589055043,13644.213408237718,1375248
2021-01-21,13731.3984375,13818.581452488717,13164.705897002257,13513.439638712029,1354705
2021-01-22,13426.2548828125,13774.989442022188,13339.071873668123,13557.030657845156,877774
2021-01-25,13687.806640625,13840.37796941291,12532.626005041066,13186.501566788258,1351643
2021-01-26,12990.337890625,13687.805313076935,12859.56211825723,13666.00977145433,900016
2021-01-27,12096.70703125,12990.33767712803,12096.70703125,12859.561906909566,1115380
2021-01-28,11268.46484375,11856.952918558025,11268.46484375,11268.46484375,1052961
2021-01-29,11726.17578125,12031.318373968288,10549.199011216491,10549.199011216491,1128358
2021-02-01,10919.7294921875,11878.747545442948,10919.7294921875,11595.401321546504,819958
2021-02-02,11159.4833984375,11268.46277612818,10527.40351235792,10919.729103868915,775435
2021-02-03,11900.54296875,11922.339349375952,11268.463066388878,11464.625446758619,1251852
2021-02-04,11900.54296875,12183.889189868938,11682.58420775431,11900.54296875,953170
2021-02-05,12205.6875,12336.462440919717,11900.54485001741,11987.728704548847,745193
2021-02-08,11965.931640625,12728.787381361888,11551.810457322837,12336.461740015538,1245788
2021-02-09,11965.931640625,11965.931640625,11965.931640625,11965.931640625,0
2021-02-10,11965.931640625,11965.931640625,11965.931640625,11965.931640625,0
2021-02-11,11965.931640625,11965.931640625,11965.931640625,11965.931640625,0
2021-02-12,11965.931640625,11965.931640625,11965.931640625,11965.931640625,0
2021-02-15,11965.931640625,11965.931640625,11965.931640625,11965.931640625,0
2021-02-16,11965.931640625,11965.931640625,11965.931640625,11965.931640625,0
2021-02-17,12815.9716796875,12859.562765125454,12380.054098288605,12598.012888988053,816106
2021-02-18,12728.787109375,12990.33781164292,12641.603261659902,12772.379033232548,886031
2021-02-19,12663.3994140625,12903.153729609066,12467.236180704504,12554.420026836358,826595
2021-02-22,12772.37890625,12968.541300342671,12641.603135977522,12750.582524099238,942385
2021-02-23,12903.1552734375,13055.726601984325,12641.604544625437,12728.78840118861,839039
2021-02-24,12903.1552734375,12903.1552734375,12903.1552734375,12903.1552734375,0
2021-02-25,12772.37890625,12968.541300342671,12641.603135977522,12946.745759069272,593136
2021-02-26,12706.9921875,12772.379656036044,12532.625324444747,12576.2164095505,729213
2021-03-01,13491.64453125,13491.64453125,12815.972569519761,13033.930534474937,1266884
2021-03-02,13513.4384765625,13709.601714952705,13426.254628194101,13687.805332421916,1081425
2021-03-03,13578.826171875,13622.418096795878,13448.051237989755,13557.030629853256,890929
2021-03-04,13208.296875,13840.37684149971,13164.704950202029,13687.805525145508,1153464
2021-03-05,13513.4384765625,13513.4384765625,12881.358518962443,13077.520916475269,888520
2021-03-08,13774.9892578125,14123.72297148126,13600.62240097812,13818.580341363058,1147321
2021-03-09,13600.623046875,13774.989911990104,13404.459798072117,13622.418589685354,632484
2021-03-10,13971.15234375,14014.744270322499,13469.847290359825,13600.623070077321,1236307
2021-03-11,14210.90625,14472.4561043159,14123.722404643133,14167.313486444216,1342241
2021-03-12,14167.314453125,14298.09107096095,14036.53951704386,14210.907219655255,624662
2021-03-15,13971.15234375,14210.90751946003,13949.356800902462,14167.314752010107,586618
2021-03-16,13709.6025390625,14014.744344939776,13644.214228416899,13971.152418135187,767929
2021-03-17,13862.171875,13905.763798199032,13666.00948192039,13666.00948192039,523172
2021-03-18,14058.3359375,14167.31449060431,13905.76461775011,14036.53955417721,579507
2021-03-19,14254.4990234375,14341.682879140812,13992.949138082467,14101.928537272881,841310
2021-03-22,13971.15234375,14298.091372605028,13971.15234375,14210.90751946003,480249
2021-03-23,13709.6025390625,14014.744344939776,13666.010612257909,14014.744344939776,724275
2021-03-24,13077.5205078125,13666.009363715899,13077.5205078125,13513.438054277633,867680
2021-03-25,13077.5205078125,13339.07120386705,12990.337503045885,13295.479281045067,692019
2021-03-26,12903.1552734375,13295.480946216867,12706.992857486546,13033.930217404803,690597
2021-03-29,13273.68359375,13317.275516091448,13055.724822920107,13186.499749067105,423855
2021-03-30,13557.029296875,13557.029296875,13273.683074065046,13339.070534578526,473750
2021-03-31,13469.845703125,13709.600850583207,13426.253781689205,13600.621467432384,429919
2021-04-01,14254.4990234375,14341.682879140812,13469.847685617502,13600.623469172468,1119291
2021-04-02,14254.4990234375,14603.232764495844,14210.907936463294,14559.641677521638,854327
2021-04-05,14516.0458984375,14603.229736060523,14298.08882701177,14603.229736060523,1054739
2021-04-06,14385.2734375,14646.824994998708,14298.091266755267,14385.2734375,794101
2021-04-07,14472.4560546875,14516.047136339103,14298.090046326397,14385.272209629602,570223
2021-04-08,14407.068359375,14603.231598607503,14341.681734134008,14581.436056860506,667110
2021-04-09,14690.4140625,14930.168362625105,14385.271461543225,14428.86422268254,939245
2021-04-12,15082.7421875,15126.333271750298,14625.027394097911,14886.578944864075,1041742
2021-04-13,14472.4560546875,15257.107296699201,14472.4560546875,15257.107296699201,1164940
2021-04-14,14777.59765625,14799.393195578385,14298.089064007196,14385.27122132074,964627
2021-04-15,14385.2734375,14799.395475556827,14385.2734375,14777.599932870644,796511
2021-04-16,13949.3544921875,14428.863923367999,13731.395736276116,14210.905167456616,1102936
2021-04-19,14319.8857421875,14341.681283249272,13818.57988899318,14341.681283249272,695969
2021-04-20,13949.3544921875,14516.046080328895,13862.170653472032,14385.27116313298,754971
2021-04-21,13949.3544921875,13949.3544921875,13949.3544921875,13949.3544921875,0
2021-04-22,13077.5205078125,13949.355600742765,13077.5205078125,13905.76367792078,1003915
2021-04-23,13731.3984375,13731.3984375,12903.155170281201,13121.113969069173,1055984
2021-04-26,13121.1123046875,13818.579699634978,13121.1123046875,13818.579699634978,600702
2021-04-27,13077.5205078125,13295.479281045067,13033.928584990517,13121.112430634485,454412
2021-04-28,13251.8876953125,13382.663467105005,13077.520840466532,13077.520840466532,396557
2021-04-29,13382.6630859375,13687.804863007494,13339.071163248258,13339.071163248258,381485
2021-04-30,13382.6630859375,13382.6630859375,13382.6630859375,13382.6630859375,0
2021-05-03,13382.6630859375,13382.6630859375,13382.6630859375,13382.6630859375,0
2021-05-04,13644.2138671875,13644.2138671875,13077.521356363242,13077.521356363242,585927
2021-05-05,13905.7646484375,14123.723436881934,13666.010317499587,13731.397785857434,666143
2021-05-06,13862.171875,14101.927032156002,13818.579951800966,13840.376333839164,739979
2021-05-07,13840.375,14080.12929317279,13513.436868831315,13687.803703945825,968973
2021-05-10,14777.59765625,14777.59765625,13644.211952750858,13774.987711353042,1801039
2021-05-11,14449.0439453125,15136.03830046016,14449.0439453125,14847.943066074116,933378
2021-05-12,14980.908203125,14980.908203125,14316.075535096541,14316.075535096541,962632
2021-05-13,15534.9375,15867.35429062197,14847.943141368565,14847.943141368565,2502718
2021-05-14,15690.0634765625,15823.029826374688,15490.613096876112,15734.385023187826,1047885
2021-05-17,15335.490234375,15867.355781390728,15291.166965499231,15867.355781390728,1134007
2021-05-18,15291.166015625,15557.098772613346,15136.038859037893,15291.166015625,1223626
2021-05-19,15712.224609375,15734.385383194705,15246.841519416144,15291.163067055559,923818
2021-05-20,16399.22265625,16620.83386565536,15690.06747012751,15734.389028033922,1887635
2021-05-21,16044.6435546875,16598.671526111746,16044.643554687498,16310.576296996542,1132901
2021-05-24,16487.865234375,16576.508338104006,15955.998062318899,16088.96442784882,1205453
2021-05-25,16598.671875,16709.477471613878,16310.57663982931,16399.221459107717,1021792
2021-05-26,16421.380859375,16731.63684586364,16399.220083897893,16598.670483064616,921645
2021-05-27,16088.9638671875,16598.67024554932,15911.675955971128,16421.380624396596,898198
2021-05-28,16598.671875,16598.671875,15978.15984998768,16155.449488544491,1064675
2021-05-31,17396.47265625,17485.11576980898,16709.478266548293,16975.411027098435,1619076
2021-06-01,17019.73046875,17618.081670532603,16842.442553727906,17507.276082417648,876470
2021-06-02,17640.244140625,17640.244140625,16753.799350556732,16886.765727079663,1330883
2021-06-03,18615.33203125,18836.943228642056,17728.887241681772,18172.109636465888,1495760
2021-06-04,18526.6875,18881.266789320944,18305.078009079283,18615.332322330236,1127686
2021-06-07,17684.5625,18526.68387240524,17241.340185070007,18260.751167421742,14804913
2021-06-08,17684.5625,17684.5625,17684.5625,17684.5625,0
2021-06-09,16931.0859375,17507.276373217544,16088.96447980033,16620.831653573838,15514038
2021-06-10,16908.923828125,17263.501346034613,16532.18553595909,16886.763053868704,10611988
2021-06-11,17462.955078125,17728.887839995536,16620.833525577233,16908.927065947544,10855935
2021-06-14,18681.814453125,18681.814453125,17329.9866083403,17507.276234842335,24068972
2021-06-15,19900.677734375,19989.320845713428,18881.266564554044,19014.232941498245,21131534
2021-06-16,19723.388671875,20166.611081348216,19102.878324574467,19501.777467138392,14450153
2021-06-17,19701.2265625,19856.353711361586,19102.877034106466,19102.877034106466,13364737
2021-06-18,19767.7109375,20077.966977240936,19546.099724818858,19945.000591619584,8523724
2021-06-21,19413.130859375,20122.28596539291,19280.164490738698,19501.775675111352,8666339
2021-06-22,19723.388671875,19900.67831963893,19324.487819374463,19501.777467138392,10445077
2021-06-23,20432.54296875,20809.283026643512,19789.871870462994,19789.871870462994,12185496
2021-06-24,20033.646484375,20609.83532600917,19812.035259905184,20609.83532600917,9171418
2021-06-25,21429.791015625,21429.791015625,19989.318403212088,20166.608024098987,18836655
2021-06-28,21717.884765625,22116.785562308098,21496.2753018344,22116.785562308098,9919061
2021-06-29,22338.3984375,22604.33118225331,21607.08253446015,21717.886419826944,10108885
2021-06-30,22648.654296875,22825.942222228423,22205.431918586703,22205.431918586703,11144326
2021-07-01,23933.998046875,24022.642864071535,22914.586923956074,23180.519665609194,12167916
2021-07-02,24155.607421875,25042.05210743438,23712.385079095307,24155.607421875,12425492
2021-07-05,24155.607421875,24155.607421875,24155.607421875,24155.607421875,0
2021-07-06,24155.607421875,24155.607421875,24155.607421875,24155.607421875,0
2021-07-07,24155.607421875,24155.607421875,24155.607421875,24155.607421875,0
2021-07-08,24155.607421875,24155.607421875,24155.607421875,24155.607421875,0
2021-07-09,21318.986328125,22648.65341098041,21186.019961826743,21939.49660749567,14422697
2021-07-12,21318.986328125,21318.986328125,21318.986328125,21318.986328125,0
2021-07-13,21053.0546875,21053.0546875,19900.67717322882,20343.897847232995,10669469
2021-07-14,21053.0546875,21053.0546875,21053.0546875,21053.0546875,0
2021-07-15,21363.310546875,21363.310546875,20166.61139087887,20166.61139087887,8707424
2021-07-16,21363.310546875,21363.310546875,21363.310546875,21363.310546875,0
2021-07-19,19723.388671875,20742.799871676074,19723.388671875,20388.222286084823,13885421
2021-07-20,21053.0546875,21097.376241919465,19457.45478928814,19856.353908872847,11438643
2021-07-21,20432.54296875,21296.826972227424,20388.22141367384,21053.054999435466,8142297
2021-07-22,20676.3125,20964.407703785215,20277.41342160855,20388.21900615112,6948241
2021-07-23,20055.8046875,20698.47749786112,20055.8046875,20565.509412317304,8155532
2021-07-26,19812.033203125,20210.93233979702,19501.777179089037,19967.160360174687,8219926
2021-07-27,20366.0625,20742.80088243537,19789.8736815955,20033.64567669702,13171753
2021-07-28,20343.8984375,20609.832901542264,20166.610504741722,20255.255326089144,4371292
2021-07-29,20809.28515625,20809.28515625,20476.8683293499,20609.834718122598,6424990
2021-07-30,21208.18359375,21496.278851137726,20831.4452201845,20920.088336362274,15305449
2021-08-02,21318.986328125,21584.919060721513,20942.248005290538,21186.019961826743,1254400940
2021-08-03,21939.498046875,21939.498046875,21053.054976751166,21318.98772679466,14426647
2021-08-04,21939.498046875,21939.498046875,21939.498046875,21939.498046875,0
2021-08-05,22382.71875,22427.042011624457,21762.208476685293,21939.496393373895,11861155
2021-08-06,21850.85546875,22427.04424782853,21850.85546875,22338.39942567724,13138173
2021-08-09,22958.90625,23091.874317861824,21673.562510138334,21717.884059468066,18042198
2021-08-10,22958.90625,22958.90625,22958.90625,22958.90625,0
2021-08-11,22604.330078125,23446.453245270404,22604.330078125,22914.5860718068,11631232
2021-08-12,22515.6875,23047.55472627724,22338.399564531977,22471.36594361714,11218202
2021-08-13,23446.453125,23446.453125,22560.00841041989,22604.32996217433,18947666
2021-08-16,24687.4765625,24864.764487921453,23933.998177133457,23978.3197310047,14817753
2021-08-17,24687.4765625,24687.4765625,24687.4765625,24687.4765625,0
2021-08-18,24776.12109375,25219.34349767364,24066.96593144681,24244.255576990905,13433082
2021-08-19,24997.73046875,25175.02010133686,24377.22017456892,24776.11928298466,8337257
2021-08-20,25263.666015625,25706.88669648222,24421.542789142244,24953.41000008206,26456492
2021-08-23,25307.98828125,25795.532240836288,24909.087434361885,25263.666724900915,14765210
2021-08-24,23579.419921875,25485.275751126006,23579.419921875,25352.307673555577,20914056
2021-08-25,24022.640625,24066.962174498956,23180.51750502919,23579.418290265116,9262873
2021-08-26,23180.51953125,24155.609094887077,22958.908344511416,24022.642724831217,12078831
2021-08-27,23712.384765625,23712.384765625,22560.007373606415,22914.584901155493,12982718
2021-08-30,24598.828125,24598.828125,23490.772341909123,23889.673107796338,10228982
2021-08-31,24199.927734375,24731.7948604934,24199.927734375,24598.828506447866,10270265
2021-09-01,24332.8984375,24598.83290305846,23889.677748109043,24111.287237836234,10794702
2021-09-02,24332.8984375,24332.8984375,24332.8984375,24332.8984375,0
2021-09-03,24332.8984375,24332.8984375,24332.8984375,24332.8984375,0
2021-09-06,24643.154296875,24731.799118144576,24199.931900463685,24643.154296875,9374081
2021-09-07,24953.41015625,25440.954105199755,24776.120514848335,24820.443780167025,12309346
2021-09-08,24953.41015625,24953.41015625,24953.41015625,24953.41015625,0
2021-09-09,24598.828125,24731.794476983658,24332.893711096447,24377.216968381825,7043054
2021-09-10,24465.865234375,24953.40916393677,24377.220417199274,24687.476422346073,5392511
2021-09-13,23623.7421875,24421.54212732117,23402.13099810876,24377.22057341752,17679537
2021-09-14,22825.94140625,23801.0309456142,22825.94140625,23579.419764392173,10738209
2021-09-15,23535.09765625,23712.387293895743,22692.976152273997,22737.297706717178,5760703
2021-09-16,23136.19921875,23623.74317174894,23136.19921875,23490.776794561643,4911926
2021-09-17,23801.03515625,23978.323106629734,23224.846325126582,23402.134275506316,8311381
2021-09-20,23978.3203125,24332.897881878223,23623.74274312178,24111.28668727477,10400041
2021-09-21,23978.3203125,23978.3203125,23978.3203125,23978.3203125,0
2021-09-22,23978.3203125,23978.3203125,23978.3203125,23978.3203125,0
2021-09-23,24421.541015625,24687.475456750748,23712.38592582917,24155.608284435668,17917953
2021-09-24,24155.607421875,24731.796125501325,24155.607421875,24421.540143568272,894465597
2021-09-27,22914.5859375,24332.89611184139,22825.94112411956,24244.25300839736,7941411
2021-09-28,23845.353515625,23845.353515625,22604.331189801003,22870.265644579613,7580528
2021-09-29,23313.486328125,23933.99834632785,23269.16477394044,23889.676792143295,5770382
2021-09-30,23047.55078125,23579.417916488055,23047.55078125,23357.806752633558,5383425
2021-10-01,22382.71875,23313.485014940263,22382.71875,22914.58591993861,10451991
2021-10-04,21407.630859375,22338.397121098016,21407.630859375,22249.75230809192,1125751017
2021-10-05,22249.75390625,22515.686654433342,21629.243590510032,21673.565145228415,7851734
2021-10-06,22249.75390625,22249.75390625,22249.75390625,22249.75390625,0
2021-10-07,21717.884765625,22161.107113078942,21717.884765625,21939.49593935197,10595001
2021-10-08,21717.884765625,21717.884765625,21717.884765625,21717.884765625,0
2021-10-11,21717.884765625,21717.884765625,21717.884765625,21717.884765625,0
2021-10-12,22396.568359375,22891.03920074695,22396.568359375,22861.9531835887,4386549
2021-10-13,22047.529296875,22571.086114399524,22047.529296875,22396.56660524595,4908323
2021-10-14,22047.529296875,22047.529296875,22047.529296875,22047.529296875,0
2021-10-15,22134.791015625,22396.5685926485,22105.704998163805,22338.3965577261,3080381
2021-10-18,22134.791015625,22134.791015625,22134.791015625,22134.791015625,0
2021-10-19,22658.34765625,22920.125230692982,22425.656098981497,22629.259929139178,4538401
2021-10-20,22483.828125,22716.51968218229,22222.05055065401,22687.43366501859,3740463
2021-10-21,22134.791015625,22658.34787960835,22076.618980702606,22571.0881172884,4183377
2021-10-22,21814.83984375,22192.96491309114,21814.83984375,22192.96491309114,4869645
2021-10-25,21814.83984375,21814.83984375,21814.83984375,21814.83984375,0
2021-10-26,21814.83984375,21814.83984375,21814.83984375,21814.83984375,0
2021-10-27,21814.83984375,21814.83984375,21814.83984375,21814.83984375,0
2021-10-28,22512.916015625,22745.607592171225,22280.224439078775,22280.224439078775,5219853
2021-10-29,22222.052734375,22687.435894471942,22105.706944350764,22687.435894471942,4891618
2021-11-01,22222.052734375,22222.052734375,22222.052734375,22222.052734375,0
2021-11-02,23501.857421875,23443.685379362774,22978.302199518643,22978.302199518643,6548144
2021-11-03,23123.73046875,23792.719114642852,22978.29867484087,23618.19959400284,7428704
2021-11-04,24345.365234375,24607.142840355125,23181.905597930618,23210.993328545726,11521181
2021-11-05,24490.796875,24665.314707777234,24345.36506269621,24665.314707777234,7019953
2021-11-08,25596.08203125,25828.775333836635,24607.143617455662,24665.31566064987,11128533
2021-11-09,25276.130859375,25741.51401679137,25014.35155087592,25712.427996936975,6734760
2021-11-10,25596.08203125,26003.293173355858,25276.132373808658,25479.736234924985,6985790
2021-11-11,25508.8203125,26032.375465998688,24723.48587231561,25712.42585438787,9145428
2021-11-12,25741.513671875,25770.599691339667,25130.69700349811,25305.216540159072,6029228
2021-11-15,26526.849609375,26904.973012785595,26265.070290149295,26352.33006322453,8386169
2021-11-16,26177.8125,26788.627498023252,26003.29295202959,26177.8125,7388822
2021-11-17,26352.33203125,27050.40684811185,26177.814182002887,26177.814182002887,7957552
2021-11-18,27981.169921875,28184.77547991019,26701.366244125442,26875.885782423175,12511153
2021-11-19,27108.576171875,28213.860262876027,26061.464117798878,28213.860262876027,9820560
2021-11-22,26177.8125,27341.270453347424,26177.8125,26846.799540722328,9184407
2021-11-23,27050.404296875,27050.404296875,25712.428545714894,26177.811713063893,9653809
2021-11-24,27515.787109375,28126.603791095753,27283.09552870134,27632.132899711833,9727854
2021-11-25,27748.48046875,28359.297189624624,27254.011255606692,27690.308424820963,10480792
2021-11-26,28330.20703125,29260.973333887727,27690.3060531548,27690.3060531548,16091337
2021-11-29,28621.07421875,28853.767519492012,27922.99944633373,27922.99944633373,13283807
2021-11-30,28504.73046875,29493.66894566762,28388.384664998706,29086.46119744317,10317954
2021-12-01,28068.427734375,28562.8985851247,27632.130628981417,28388.37905899272,9550417
2021-12-02,27748.48046875,28272.037413794445,27748.48046875,28068.43184016957,6809106
2021-12-03,25886.9453125,27864.82369228589,25886.9453125,27748.47790523966,15110696
2021-12-06,24771.115234375,26297.29898976389,24096.072751301057,25827.702793591197,9020215
2021-12-07,25798.35546875,25915.754095078813,24741.76783179066,25475.50881499324,6414652
2021-12-08,25827.705078125,26297.30131583481,25534.209370642722,26297.30131583481,4210918
2021-12-09,26121.203125,26121.203125,25475.50979270572,25592.908423540124,4742325
2021-12-10,25710.306640625,26267.950559466917,25680.957414741242,26238.60133358316,5545078
2021-12-13,26238.6015625,26238.6015625,25622.259186513333,25827.70549490214,5208415
2021-12-14,26473.3984375,26913.643724836245,26179.90272954923,26414.699986073883,6462811
2021-12-15,25945.103515625,26649.495232056903,25945.103515625,26355.997820838627,4103162
2021-12-16,25534.20703125,26121.20011784552,25475.506859885478,26062.501671890936,5302476
2021-12-17,27089.7421875,27177.79159454433,25680.958576431392,25827.706437898494,8973410
2021-12-20,27588.685546875,28058.280047637974,26884.29379573054,27119.091046112026,9839071
2021-12-21,26884.29296875,27823.48194138581,26884.29296875,27471.28607664738,5471635
2021-12-22,26414.701171875,27295.190060664052,26414.701171875,27295.190060664052,7507414
2021-12-23,25475.509765625,26238.601727942503,24771.117981367366,26179.903275292767,8332742
2021-12-24,25827.705078125,26121.20251101737,25475.50919390021,25622.258773051442,4091273
2021-12-27,25769.005859375,26355.998982268615,25769.005859375,26297.300532684276,2901440
2021-12-28,25446.16015625,26003.804075078748,25446.16015625,25886.40544613639,4788979
2021-12-29,25827.705078125,26179.90268775988,25387.46151690158,25504.860144976512,4124984
2021-12-30,26972.341796875,27001.692747585308,26003.80355868659,26062.503734697137,5110441
2021-12-31,26708.1953125,27353.888621424157,26678.84608720619,27265.839220132668,4117459
2022-01-03,26708.1953125,26708.1953125,26708.1953125,26708.1953125,0
2022-01-04,26913.64453125,27324.54060518487,26708.196494282565,26825.595126062504,5508808
2022-01-05,26884.29296875,27471.28607664738,26854.942019297632,27001.691590329476,6559130
2022-01-06,26414.701171875,26942.994160066395,26414.701171875,26766.897072472657,4923223
2022-01-07,26326.650390625,26942.99275313365,26297.301165126988,26414.699792529118,4641792
2022-01-10,25504.857421875,26414.697123666505,25475.506473932437,26326.64773065864,7463017
2022-01-11,24477.623046875,25769.00802580939,24213.47482530805,25534.21075691223,7963422
2022-01-12,25035.263671875,25358.10857973776,24125.423944201866,24477.619800842116,5800773
2022-01-13,24536.318359375,25387.45964419123,24506.96913587374,25240.710075865005,3714277
2022-01-14,24477.623046875,24947.217584669324,24184.125598048453,24360.224412426418,3067589
2022-01-17,22775.341796875,24624.370705546826,22775.341796875,24536.32129908384,11906605
2022-01-18,21660.048828125,22540.53923510593,21483.951781974672,21894.846039931945,4601309
2022-01-19,22892.740234375,22892.740234375,22012.249628103214,22188.348439521633,3664462
2022-01-20,23010.13671875,23186.2355137288,22423.143611170664,23010.13671875,2727465
2022-01-21,22364.44140625,23010.134628641194,22247.04279539795,22892.736017789142,3697120
2022-01-24,20808.9140625,22188.348424506927,20808.9140625,21982.90038646118,6103424
2022-01-25,21190.458984375,21366.557793995078,20720.86445926831,20808.913864078346,2616247
2022-01-26,20544.767578125,21425.256458697826,20544.767578125,21425.256458697826,2784654
2022-01-27,21131.759765625,21454.60469587832,20603.465081320344,20603.465081320344,2968562
2022-01-28,21806.8046875,22188.34983570138,21219.80976277597,21366.55935666211,2447088
2022-01-31,21806.8046875,21806.8046875,21806.8046875,21806.8046875,0
2022-02-01,21806.8046875,21806.8046875,21806.8046875,21806.8046875,0
2022-02-02,21806.8046875,21806.8046875,21806.8046875,21806.8046875,0
2022-02-03,21806.8046875,21806.8046875,21806.8046875,21806.8046875,0
2022-02-04,21806.8046875,21806.8046875,21806.8046875,21806.8046875,0
2022-02-07,22599.240234375,23010.1362642698,22070.947310693067,22305.74454908725,3443381
2022-02-08,22716.638671875,22863.388238755073,22305.744370676664,22423.142988934753,2363562
2022-02-09,22628.58984375,23010.134902202793,22599.23889663066,22716.637508878433,2640176
2022-02-10,22481.841796875,22834.037657312703,22393.794125823057,22834.037657312703,1668414
2022-02-11,22599.240234375,22834.03747276918,22305.74454908725,22305.74454908725,2185373
2022-02-14,21689.40234375,22188.346046609793,21689.40234375,21953.54880698048,8742095
2022-02-15,21689.40234375,21689.40234375,21689.40234375,21689.40234375,0
2022-02-16,21894.849609375,22100.297634552015,21630.70313438172,21777.450984332427,3701484
2022-02-17,21777.44921875,22012.246449799222,21748.099996221325,22012.246449799222,3045014
2022-02-18,22188.34765625,22188.34765625,21542.65433772298,21630.703740323952,6938383
2022-02-21,22599.240234375,22892.73764507271,22247.044376783724,22276.395325640467,7567914
2022-02-22,22247.04296875,22540.54036087202,21748.099300093407,22305.743137338344,6350089
2022-02-23,22364.44140625,22599.2386279541,22305.742963528894,22364.44140625,5160858
2022-02-24,21806.8046875,22716.642852378638,21425.257813888355,22305.748475564134,10402383
2022-02-25,22188.34765625,22540.543541243802,21894.85022271678,22188.34765625,8349146
2022-02-28,22100.296875,22540.542135131633,22012.247477891677,22305.744893116094,5553054
2022-03-01,22247.04296875,22393.792527515936,22100.295135393917,22158.99530398226,5201944
2022-03-02,21777.44921875,22393.793244311637,21777.44921875,22305.743851315703,7867404
2022-03-03,22041.6015625,22188.349428281304,21748.104105527153,22070.950790574214,5773533
2022-03-04,22335.09375,22804.68822631459,22247.044354338523,22276.395303165657,10519169
2022-03-07,22247.04296875,22364.441580516836,21982.89652362708,22070.945913804673,6523612
2022-03-08,22129.64453125,22716.637594706644,21953.54747491794,21953.54747491794,8811926
2022-03-09,21777.44921875,22364.442296373054,21630.70138069671,22188.34523579109,8074338
2022-03-10,21894.849609375,22276.396434820897,21865.500384466868,22247.045484502716,4178712
2022-03-11,21249.16015625,22012.250432522564,21219.809203000885,21777.45315899097,8297676
2022-03-14,20427.3671875,21249.1575438277,20427.3671875,21249.1575438277,9488713
2022-03-15,20427.3671875,20750.212104856946,20398.016237859363,20427.3671875,4765050
2022-03-16,20544.767578125,20750.213890832227,20515.41662595812,20603.46603163845,2970217
2022-03-17,20779.564453125,20926.312309565437,20720.86427530275,20750.213501508813,2792329
2022-03-18,20720.86328125,20896.962080858546,20720.86328125,20896.962080858546,3693357
2022-03-21,20838.26171875,20896.961893229138,20691.51387066719,20779.563269680886,3830160
2022-03-22,21073.05859375,21219.806439241616,20926.310748258384,21043.709369733675,3514566
2022-03-23,21219.80859375,21337.207227145114,21102.409960354886,21102.409960354886,4404307
2022-03-24,20896.96484375,21219.80981003387,20896.96484375,21219.80981003387,4845716
2022-03-25,20662.166015625,21014.361909613373,20662.166015625,20896.963278283914,3624731
2022-03-28,19957.771484375,20632.814011444178,19899.07303440901,20427.367711153165,7795617
2022-03-29,20251.271484375,20368.670124638415,20133.872844111585,20163.222072824872,3748590
2022-03-30,20133.873046875,20603.467612657834,20016.474405429293,20133.873046875,4349978
2022-03-31,20016.474609375,20398.019766608504,20016.474609375,20251.27189465874,2726562
2022-04-01,20221.921875,20251.27110316081,19928.424417161186,20016.473827053855,3574464
2022-04-04,21131.759765625,21425.255470475306,20574.11585591733,20662.165257536453,7219663
2022-04-05,20720.86328125,21454.60425366218,20720.86328125,21131.759330063247,5660058
2022-04-06,20691.51171875,20955.658162909833,20544.763885928965,20574.1131074112,7999541
2022-04-07,20427.3671875,20808.912278728218,20398.016237859363,20779.563054497587,5596699
2022-04-08,20251.271484375,20662.16758800209,20192.573026948427,20486.06876490183,4146656
2022-04-11,20251.271484375,20251.271484375,20251.271484375,20251.271484375,0
2022-04-12,18959.88671875,20515.41829363603,18959.88671875,20515.41829363603,7892989
2022-04-13,19077.283203125,19282.731234707262,18490.290059611474,18959.884574422296,7245549
2022-04-14,18783.78515625,19312.079830893083,18783.78515625,19312.079830893083,3329003
2022-04-15,17903.294921875,18959.882462507543,17903.294921875,18783.783676363833,4730435
2022-04-18,16788.009765625,17903.297646506642,16788.009765625,17903.297646506642,9918233
2022-04-19,15614.0224609375,17345.652628751915,15614.0224609375,17345.652628751915,7021909
2022-04-20,15966.21875,16377.113089561077,15614.022862343316,15614.022862343316,7286484
2022-04-21,16494.51171875,16905.40778372044,15379.225603877581,15819.470894800164,7771086
2022-04-22,16142.3134765625,16876.05609621252,15584.669637759636,16553.2094815993,3614497
2022-04-25,15027.029296875,16377.112632509152,15027.029296875,16142.315380624077,4375412
2022-04-26,15790.1181640625,15790.1181640625,14117.187454864948,14557.433558881614,5203750
2022-04-27,15819.46875,15995.565807247767,15496.622132067574,15555.320576013539,2362057
2022-04-28,15614.0224609375,16112.966190938412,15614.0224609375,15848.819713339113,3462193
2022-04-29,15584.669921875,15966.216712196327,15349.872693404903,15437.922085433662,3659947
2022-05-02,15584.669921875,15584.669921875,15584.669921875,15584.669921875,0
2022-05-03,15584.669921875,15584.669921875,15584.669921875,15584.669921875,0
2022-05-04,15085.7275390625,15760.770060273686,15085.727539062498,15672.72066067874,3059914
2022-05-05,14704.181640625,15467.271794465814,14410.685095799698,15320.523953405649,3173238
2022-05-06,13676.9443359375,14557.434899656206,13676.9443359375,14205.238156545702,7058480
2022-05-09,12737.7548828125,13559.546160484806,12737.7548828125,13207.35026835599,7957703
2022-05-10,13383.4482421875,13471.496784049848,12209.461069950665,12737.75490923996,6983382
2022-05-11,13324.7490234375,13500.846971145591,13031.252443924017,13383.448339340197,2330001
2022-05-12,12414.91015625,13266.050734052285,12414.91015625,13060.602681142887,5579542
2022-05-13,11622.4677734375,12620.356124369286,11622.4677734375,12444.258180087207,10209596
2022-05-16,12414.91015625,12414.91015625,12121.413554025961,12414.91015625,7453687
2022-05-17,13266.048828125,13266.048828125,12209.46034921291,12326.85897323592,6412846
2022-05-18,13442.146484375,14029.13959227238,13266.048552005786,13500.845795164738,9798587
2022-05-19,13706.2939453125,13853.042664278946,12913.852760844826,13089.951568686585,9453497
2022-05-20,13559.544921875,14234.586555440368,13500.845611882143,13794.34216184643,6664629
2022-05-23,12620.35546875,13676.94394225845,12620.35546875,13588.894543338989,7309059
2022-05-24,13383.4482421875,13383.4482421875,12326.85970090384,12620.356278286783,7412751
2022-05-25,14087.83984375,14175.888384461376,13500.846696657303,13500.846696657303,6424284
2022-05-26,14351.9853515625,14762.880526555262,14029.139573992115,14087.838884705367,9241145
2022-05-27,14205.23828125,14616.133478663525,14058.489565106931,14351.986134688023,6366945
2022-05-30,14205.23828125,14586.784253057938,14146.538967333781,14322.636909082436,5032785
2022-05-31,13941.0908203125,14263.937475495626,13853.042281529399,14087.839535224386,6378382
2022-06-01,13999.791015625,14205.23905690242,13676.945202809888,13970.44178841685,4412886
2022-06-02,13999.791015625,13999.791015625,13999.791015625,13999.791015625,0
2022-06-03,13823.6923828125,13941.09101126804,13412.797183218112,13618.245214367831,4939476
2022-06-06,13647.5947265625,14087.840023863087,13588.89541110276,13706.29404202224,3249089
2022-06-07,13383.4482421875,13647.594730479614,12796.454224716548,13530.196099526438,5620327
2022-06-08,13882.3916015625,13970.441003651109,13412.797090970033,13500.846493058641,5297811
2022-06-09,13794.3427734375,14029.140023818987,13794.3427734375,13941.090623573418,2729722
2022-06-10,13207.3505859375,13794.343753600258,13207.3505859375,13588.895713565751,4433203
2022-06-13,12297.509765625,12796.45348706173,12297.509765625,12502.956926597471,7100469
2022-06-14,11622.4677734375,12297.510324538001,11563.768458676806,11857.265032480273,4399341
2022-06-15,10830.0244140625,11915.961950022069,10830.0244140625,11622.465435263386,8535914
2022-06-16,10859.3759765625,11270.271153212216,10624.578732762662,11240.921066384735,4631257
2022-06-17,10448.482421875,10771.328250864004,10213.685141626585,10389.783101812896,5642299
2022-06-20,9744.0888671875,10771.327309888014,9744.0888671875,10624.579453905118,5971738
2022-06-21,10419.130859375,10419.130859375,9685.389030845912,9861.486966168291,8604240
2022-06-22,11123.521484375,11123.521484375,10918.0743451355,11035.472956902337,3233136
2022-06-23,11798.564453125,11798.564453125,10918.074826087302,11064.82266590777,8201358
2022-06-24,11681.166015625,12004.012648517328,11446.368778141481,11446.368778141481,6183488
2022-06-27,12473.6083984375,12473.6083984375,11739.866524951749,11827.915929360268,8564809
2022-06-28,12473.6083984375,12825.804290661445,12326.859678658324,12561.656940140952,7143511
2022-06-29,12708.4052734375,13001.901841365094,12326.859303779107,12326.859303779107,7779965
2022-06-30,11857.2646484375,12855.152967048864,11857.2646484375,12620.355715610896,8009925
2022-07-01,12679.0546875,12679.0546875,11769.215793998153,11945.31372784093,8309566
2022-07-04,13559.544921875,13559.544921875,13060.60035558322,13295.397595554648,9369218
2022-07-05,13530.1962890625,13941.091503154592,13354.098340165889,13500.847062265604,9011787
2022-07-06,13324.7490234375,14146.539446075252,13089.951759826714,13236.69961823092,11800053
2022-07-07,13735.6435546875,14029.1401196696,13354.097588858252,13471.496214851093,7071273
2022-07-08,14263.9375,14381.336127049175,13706.293590163898,13941.09084426225,10025989
2022-07-11,13295.3994140625,14205.239274749656,13266.05018640426,13970.442002663307,13417750
2022-07-12,13295.3994140625,13295.3994140625,13295.3994140625,13295.3994140625,0
2022-07-13,13588.8955078125,14205.238755878716,13588.8955078125,13823.692771322472,8400617
2022-07-14,14528.0830078125,14528.0830078125,13500.845521190438,13500.845521190438,15494163
2022-07-15,14205.23828125,14792.232283117224,14205.23828125,14762.88133210155,10262571
2022-07-18,14440.0361328125,14762.88194132207,14146.539551119673,14322.63750013537,13621524
2022-07-19,14674.833984375,14968.329697832829,14146.539284576731,14263.937915041888,12861662
2022-07-20,15261.8271484375,15672.721492676474,14909.631256771181,15027.029887326622,15073974
2022-07-21,14850.9296875,15232.474769708133,14792.231240426425,15027.028479540655,9256345
2022-07-22,14469.384765625,14968.32847291897,14469.384765625,14674.832783478983,9290358
2022-07-25,15115.076171875,15379.224360315628,14087.838680626346,14263.936610215114,14965767
2022-07-26,14850.9296875,15232.474769708133,14821.580463963212,15056.377703077444,6029078
2022-07-27,15085.7275390625,15291.175562980692,14704.182441364452,14704.182441364452,8961521
2022-07-28,15261.8271484375,15819.47107492837,15232.476196741043,15525.973635834705,15815024
2022-07-29,15320.5224609375,15702.067500689212,15085.725247950326,15437.921067431085,10128929
2022-08-01,15878.1669921875,16112.964215807617,15291.173933137208,15379.223323347216,15136431
2022-08-02,15643.3720703125,16112.96658664825,15437.924038063082,15790.119925314895,13202689
2022-08-03,15731.4208984375,15848.819523230091,15408.57424890536,15584.671323389226,10382518
2022-08-04,16112.966796875,16289.06560550353,15760.770905028068,15848.820309342334,14845218
2022-08-05,16259.7138671875,16553.211292232998,15966.218167552048,16024.916617315119,13640486
2022-08-08,16024.9169921875,16289.065198530707,15966.218541051288,16201.015796416305,11769502
2022-08-09,15848.8193359375,16171.665981654416,15731.42071253226,15966.217959342739,15455486
2022-08-10,16024.9169921875,16259.714247552514,15672.721109139977,15760.770511254379,12891611
2022-08-11,15760.7705078125,16406.463822630325,15584.671703622153,16377.112871658544,14248646
2022-08-12,16024.9169921875,16112.966394301902,15614.022658003767,15731.421285686274,7811118
2022-08-15,15907.5185546875,16230.365216026714,15790.119925601432,16142.315812859635,10061055
2022-08-16,15731.4208984375,15966.218148022685,15731.4208984375,15848.819523230091,9002155
2022-08-17,15848.8193359375,16289.064605059657,15702.069762623432,15848.8193359375,16415960
2022-08-18,16611.91015625,16729.30878411378,15848.819937840479,15848.819937840479,24909284
2022-08-19,16523.861328125,16670.60917137768,16347.762535893808,16611.90899883063,11172027
2022-08-22,16259.7138671875,16553.211292232998,16083.616792488237,16435.81266729681,11568738
2022-08-23,16729.30859375,16729.30859375,15848.819757495834,15966.218384023727,17224884
2022-08-24,16582.560546875,16876.057972447234,16523.862097006582,16729.308396956094,8210237
2022-08-25,16641.2578125,16905.404241543092,16582.55764748501,16611.90686728763,9177484
2022-08-26,16142.3134765625,16641.25887202288,16024.914864467679,16641.25887202288,12718238
2022-08-29,15731.4208984375,15848.819523230091,15085.72759937322,15672.720723336182,20199918
2022-08-30,15320.5224609375,15907.515493405432,15261.824020395594,15848.817052863527,10388688
2022-08-31,15320.5224609375,15614.019839876353,15085.725247950326,15085.725247950326,8598521
2022-09-01,15320.5224609375,15320.5224609375,15320.5224609375,15320.5224609375,0
2022-09-02,15320.5224609375,15320.5224609375,15320.5224609375,15320.5224609375,0
2022-09-05,15525.9736328125,15672.721489625703,15203.126967495355,15203.126967495355,8439144
2022-09-06,15437.923828125,15790.119710587353,15437.923828125,15643.37185758056,6657254
2022-09-07,14440.0361328125,15672.721775922375,14410.686905995757,15379.226056934627,11014456
2022-09-08,14528.0830078125,14850.929641956991,14381.335165168624,14733.5310227599,7764765
2022-09-09,14909.630859375,14909.630859375,13970.440977259264,14645.48265360818,7162926
2022-09-12,14733.53125,15115.076336922753,14733.53125,15115.076336922753,4212423
2022-09-13,15085.7275390625,15085.727539062498,14440.035105284633,14733.531666092755,6260242
2022-09-14,15966.21875,15966.21875,14704.183054544355,14850.930909715446,17415865
2022-09-15,15790.1181640625,16083.615566740278,15731.419718772893,16024.915396040757,7695687
2022-09-16,15437.923828125,15966.21851452357,15379.225377086317,15731.42125954867,11359697
2022-09-19,14586.7841796875,15496.623972164976,14528.084003361495,15437.923795838971,11373844
2022-09-20,14938.978515625,15115.075575561477,14381.33466257467,14792.23067810962,9253034
2022-09-21,15173.77734375,15349.874422231096,14733.532059432133,14733.532059432133,5343863
2022-09-22,15966.21875,15966.21875,14968.32953893434,15027.029716248842,14892174
2022-09-23,15555.3203125,16024.914757752087,15555.3203125,15878.16692496327,10721739
2022-09-26,15144.4287109375,15467.273655022867,14469.386145286004,15261.827342989493,12744725
2022-09-27,15203.1259765625,15614.0220193496,14968.328730801304,15144.427527827209,7568817
2022-09-28,15379.2236328125,15790.117919710914,15085.726234676586,15203.124848848973,16861734
2022-09-29,14410.685546875,15702.069521823547,14410.685546875,15702.069521823547,8905235
2022-09-30,14381.3369140625,14616.134181010044,13412.79775655134,14410.687003783487,18626918
2022-10-03,13383.4482421875,14263.937974336326,13383.4482421875,14263.937974336326,7587780
2022-10-04,12502.9560546875,13618.243769380653,12473.60683204029,13559.544461381274,10476879
2022-10-05,13089.9501953125,13295.397345064304,12502.956243738128,12502.956243738128,5776092
2022-10-06,12180.111328125,13089.951110861908,12180.111328125,13089.951110861908,9056635
2022-10-07,11328.9697265625,11857.263490716306,11328.9697265625,11534.417732863674,10520223
2022-10-10,11769.216796875,12033.363288795077,11152.873544553022,11152.873544553022,6023208
2022-10-11,10947.4248046875,11769.216042690534,10947.4248046875,11769.216042690534,7819696
2022-10-12,11328.9697265625,11710.515654248276,10947.423798876724,10947.423798876724,5507303
2022-10-13,11505.068359375,11593.1177568644,11240.9210296118,11387.669737859133,3228320
2022-10-14,11886.6142578125,12180.110810297438,11769.215636818524,11886.6142578125,6112303
2022-10-17,12268.1591796875,12268.1591796875,11593.117549403738,11739.865392319996,5435215
2022-10-18,12092.0615234375,12649.705409595177,12033.362212405376,12502.956700662366,5174102
2022-10-19,12062.712890625,12326.859371866325,12033.362802317606,12209.460744046837,2944031
2022-10-20,11739.8662109375,12121.412181993835,11739.8662109375,12033.362779940433,3781850
2022-10-21,10918.0751953125,11857.264162580674,10918.0751953125,11769.215628251779,8853162
2022-10-24,10154.9853515625,11123.5236564079,10154.9853515625,10947.42570437191,8466835
2022-10-25,10536.529296875,10859.375937284552,9509.29092761369,10213.683519170443,8706277
2022-10-26,10360.431640625,10830.026139034402,10184.333703721475,10771.326826733226,2637166
2022-10-27,11064.822265625,11064.822265625,10389.780674002326,10683.277205730648,6456190
2022-10-28,11270.2724609375,11563.769049742634,11240.922370704437,11358.32100622649,7627210
2022-10-31,12033.3623046875,12033.3623046875,11182.221856841932,11299.620479806492,14764401
2022-11-01,12209.458984375,12502.955511623926,12121.410457552782,12385.556900724356,8320100
2022-11-02,12268.1591796875,12444.257108810001,12062.71202706374,12209.459869979999,6561237
2022-11-03,12385.5576171875,12855.152087950255,11974.662455270092,12033.361764115436,12649611
2022-11-04,12150.7607421875,12561.655916291716,11563.767636324335,12209.460052773817,13621223
2022-11-07,11328.9697265625,12385.557254870111,11328.9697265625,12033.361412100909,12854438
2022-11-08,11827.9150390625,11915.96357413846,10947.424512072885,10976.774598901538,8529894
2022-11-09,11945.314453125,12268.16025341983,11622.467790125114,12004.013767969975,9381559
2022-11-10,11123.521484375,11739.864627503355,11123.521484375,11651.81610003069,8906740
2022-11-11,10360.431640625,11681.166598753953,10360.431640625,11446.369349549252,13928990
2022-11-14,9714.7392578125,10272.383159039797,9656.039945194101,10008.23582090449,13432198
2022-11-15,9039.6962890625,9744.088006019452,9039.6962890625,9479.941543513087,10974574
2022-11-16,9656.0400390625,9656.0400390625,8423.353599387907,8423.353599387907,15041618
2022-11-17,10331.0830078125,10331.0830078125,9978.88625111906,10037.585566783788,10492832
2022-11-18,10859.3759765625,11035.473909412378,9802.78751675823,10154.984245162987,13272671
2022-11-21,10859.3759765625,11182.221755434777,10741.97735466258,10976.774598462418,7680336
2022-11-22,11152.873046875,11593.11833070337,10653.928449383184,10771.327076710077,14412538
2022-11-23,10389.7822265625,11211.57263820313,10389.7822265625,11006.124603940441,7506511
2022-11-24,11006.123046875,11006.123046875,10154.983529441273,10301.731365120906,10262722
2022-11-25,11769.216796875,11769.216796875,11035.474911987414,11358.320720190295,10908958
2022-11-28,12473.6083984375,12561.656940140952,11945.314560101582,12062.713190842898,15662570
2022-11-29,12591.005859375,12943.20171887717,11915.963363976682,12473.607239540945,20518220
2022-11-30,12884.5029296875,13177.999491134307,12209.46040700733,12326.859031586053,11584992
2022-12-01,12297.509765625,13207.34953441671,12150.761054040362,13207.34953441671,18203268
2022-12-02,13148.650390625,13148.650390625,12121.41198449906,12268.159835257035,14550695
2022-12-05,13735.6435546875,13941.090718822456,13266.049050716138,13794.34286768392,14482971
2022-12-06,12796.453125,13676.94364418527,12796.453125,13383.447092025179,20508889
2022-12-07,12414.91015625,12913.853948678297,12268.16142378541,12679.056666899065,12470068
2022-12-08,13266.048828125,13266.048828125,12620.35553329344,12737.754157316447,11533672
2022-12-09,13001.90234375,13354.09823887173,12796.454306909789,13295.398923018109,7429005
2022-12-12,12238.8115234375,13618.245909560874,12238.8115234375,13031.25273731797,11769652
2022-12-13,13089.9501953125,13089.9501953125,12033.361772642607,12326.858317077307,11320117
2022-12-14,13266.048828125,13618.244700194025,13148.650204101992,13500.846076171016,10882771
2022-12-15,13764.9921875,13794.342274087736,13060.600461854241,13060.600461854241,12376759
2022-12-16,13588.8955078125,14029.140808246235,13383.448333593811,13559.54628122629,9327681
2022-12-19,13178.0,14322.637065194984,13178.0,13618.245290522702,13740417
2022-12-20,12825.8037109375,13324.748300388419,12385.558434204042,13148.65036223604,13491644
2022-12-21,13001.90234375,13089.95174888297,12092.06251666633,13089.95174888297,9657421
2022-12-22,12913.8525390625,13295.398511658546,12679.055282912639,13295.398511658546,5503390
2022-12-23,12444.2568359375,13001.900697283461,12444.2568359375,12913.851303300431,6451223
2022-12-26,11593.1181640625,12649.705794817019,11593.1181640625,12620.355707054658,9800694
2022-12-27,12385.5576171875,12385.5576171875,11563.767293352683,11622.466602198027,7903072
2022-12-28,12532.3076171875,12767.104876859907,12268.160268703512,12620.356158212122,5551399
2022-12-29,11974.6630859375,12532.306980690084,11974.6630859375,12385.558269495452,5467873
2022-12-30,11739.8662109375,12268.16003514278,11739.8662109375,12150.761407541608,4835332
2023-01-02,11739.8662109375,11739.8662109375,11739.8662109375,11739.8662109375,0
2023-01-03,12561.65625,12561.65625,11886.614591676953,11915.963816397294,4869194
2023-01-04,12767.103515625,13001.900750263208,12708.404206965446,12796.452738602293,7734816
2023-01-05,13089.9501953125,13177.998727290425,12708.404256194905,12737.75347928589,6256479
2023-01-06,13031.251953125,13559.545776352019,13031.251953125,13060.601178618424,8005711
2023-01-09,13089.9501953125,13412.795962838185,13031.25088642556,13207.34881308638,4742475
2023-01-10,13178.0,13295.398629112045,12649.706168995788,13119.300685443975,5994012
2023-01-11,13471.49609375,13764.992656093735,13236.698843875014,13324.748243930646,7523517
2023-01-12,13412.796875,13559.54558854975,13266.049024155278,13383.447649913067,4672042
2023-01-13,13412.796875,13853.042152944223,13354.097562121106,13530.195500757789,8788599
2023-01-16,13764.9921875,13882.39080844096,13383.447100794378,13530.19494561808,6107336
2023-01-17,14272.025390625,14272.025390625,13854.016407290517,14003.304891089492,7526527
2023-01-18,14242.16796875,14451.172910999352,14003.305679117038,14272.026193774629,7713295
2023-01-19,14510.8876953125,14510.8876953125,14063.020487754125,14063.020487754125,7204312
2023-01-20,14510.8876953125,14510.8876953125,14510.8876953125,14510.8876953125,0
2023-01-23,14510.8876953125,14510.8876953125,14510.8876953125,14510.8876953125,0
2023-01-24,14510.8876953125,14510.8876953125,14510.8876953125,14510.8876953125,0
2023-01-25,14510.8876953125,14510.8876953125,14510.8876953125,14510.8876953125,0
2023-01-26,14510.8876953125,14510.8876953125,14510.8876953125,14510.8876953125,0
2023-01-27,14510.8876953125,14779.60731773475,14451.172126147449,14779.60731773475,7091289
2023-01-30,14510.8876953125,14869.181110302812,14331.740987817344,14510.8876953125,8805154
2023-01-31,15048.3291015625,15048.3291015625,14212.310233048367,14451.172516154978,9738990
2023-02-01,14003.3046875,15108.043137643037,14003.3046875,15018.469346553164,11239600
2023-02-02,14033.1630859375,14331.74093057011,13794.30081023141,14092.878654864022,8010527
2023-02-03,14092.87890625,14331.741186216865,13854.016626283134,14092.87890625,3641586
2023-02-06,14212.310546875,14272.026118970252,13913.732686398742,14092.879402684497,4028967
2023-02-07,13913.732421875,14570.60370243453,13913.732421875,14331.7414185947,6945457
2023-02-08,14421.314453125,14570.60382055565,13645.01202435222,14152.594820447232,5218800
2023-02-09,14361.599609375,14630.320133309688,14331.742260960616,14421.315183844814,4823142
2023-02-10,14152.5947265625,14540.745499553494,14033.163584466656,14212.310297610422,4816821
2023-02-13,13555.4404296875,14152.596202440014,13197.146966035993,13973.44947061426,7053815
2023-02-14,13615.154296875,13764.442782491684,13465.86493361734,13674.86986664987,2505030
2023-02-15,13943.58984375,14063.020986314157,13465.865273493366,13525.580844775444,4678213
2023-02-16,14540.74609375,14540.74609375,14063.021505844774,14092.879731409366,6074378
2023-02-17,14451.173828125,14570.60498052103,14272.027099530955,14540.746753601485,4177357
2023-02-20,15436.48046875,15436.48046875,14510.888647156846,14510.888647156846,18662737
2023-02-21,15526.0537109375,15764.915994708139,15406.62256905218,15466.337262353845,14153833
2023-02-22,14451.173828125,15585.769775887286,14451.173828125,15406.623924934313,17796925
2023-02-23,14958.7548828125,14958.7548828125,14063.020468896852,14630.318814024633,13073412
2023-02-24,14331.7421875,15018.470851562353,14272.026613336271,14958.756155039668,6205912
2023-02-27,13585.296875,14092.879686865484,13465.865728401184,14033.164113566076,11891104
2023-02-28,13555.4404296875,13973.44947061426,13525.58220222933,13794.302738788505,4319276
2023-03-01,14331.7421875,14331.7421875,13436.008575044076,13555.439723371532,7151638
2023-03-02,14033.1630859375,14451.172068423153,13973.447517010978,14451.172068423153,4187892
2023-03-03,13674.8701171875,14242.167601621735,13674.8701171875,14152.594684138854,5726879
2023-03-06,13854.0166015625,14242.167366995563,13734.585461792176,14003.305087454915,5177112
2023-03-07,14391.45703125,14510.888173515934,14003.305380065216,14033.163604452198,7382501
2023-03-08,14839.3251953125,14839.3251953125,14152.59564488112,14272.026794726486,9254088
2023-03-09,14690.0361328125,14988.61401380045,14630.32055661491,14839.325512127012,11141326
2023-03-10,14510.8876953125,14660.177057045614,14331.740987817344,14540.745041074542,9431976
2023-03-13,14331.7421875,14600.461832416257,14122.73723910643,14331.7421875,7085720
2023-03-14,13674.8701171875,14301.883172490656,13645.011892932544,14301.883172490656,10542948
2023-03-15,14630.3203125,14630.3203125,14092.880135689174,14182.45305967045,9617689
2023-03-16,14301.8837890625,14690.03545526467,14242.168215619167,14510.888734934675,8663686
2023-03-17,14182.4521484375,14570.60380112682,14092.879230211349,14510.888229762386,5621681
2023-03-20,13854.0166015625,14242.167366995563,13854.0166015625,14182.451797110401,6430455
2023-03-21,14272.025390625,14301.882736328407,13854.016407290517,14003.304891089492,4605372
2023-03-22,14242.16796875,14540.745830791204,14212.310621366389,14391.457338591112,5274785
2023-03-23,14630.3203125,14630.3203125,14092.880135689174,14092.880135689174,8596865
2023-03-24,14630.3203125,14869.182613304813,14600.46208607887,14779.60881168248,8335000
2023-03-27,14839.3251953125,15108.044843644046,14570.6046693399,14690.035819185265,9667053
2023-03-28,14570.6044921875,15018.470859841846,14570.6044921875,14958.756163286238,6783973
2023-03-29,14839.3251953125,14839.3251953125,14540.746443058031,14630.320244262582,6569815
2023-03-30,14749.7509765625,15167.760866829041,14719.893628766906,15167.760866829041,7892537
2023-03-31,15227.474609375,15466.33688735414,14510.887775437583,14809.46650055248,16533499
2023-04-03,15585.7666015625,15675.340386436728,15496.19281668827,15615.62394475998,13655837
2023-04-04,15944.0615234375,16123.209110463114,15406.62227292457,15526.053412514328,18116581
2023-04-05,15973.919921875,15973.919921875,15585.769131457435,15824.631426373178,10331649
2023-04-06,15376.7626953125,16093.351265938629,15346.905350160298,15944.061029613822,15100011
2023-04-07,15645.4833984375,15735.05543006349,15287.190006088065,15436.47848074654,11496801
2023-04-10,15287.19140625,15944.061808079492,15287.19140625,15884.347114859533,11491082
2023-04-11,15466.3369140625,15526.053361301381,15018.469703257719,15287.191082909758,9926661
2023-04-12,15108.0439453125,15496.194720409781,15078.186598447019,15496.194720409781,8199552
2023-04-13,15346.90625,15526.053841981022,15048.329270407638,15137.901311116144,10535423
2023-04-14,15078.1865234375,15555.911092036693,15078.1865234375,15466.337296603846,8097966
2023-04-17,15257.3330078125,15287.19211108115,15018.470713355704,15197.618311839336,4245232
2023-04-18,15735.0556640625,15794.772107983039,15227.473789506243,15346.90492206547,11014607
2023-04-19,15287.19140625,15794.773319747606,15287.19140625,15675.3421780257,8999897
2023-04-20,15137.900390625,15376.762661887182,15108.043045537703,15287.190626625286,5055359
2023-04-21,15287.19140625,15675.3421780257,15108.043816026146,15227.474957748052,8184051
2023-04-24,15137.900390625,15496.193797518272,15108.043045537703,15227.474181168793,4046424
2023-04-25,14690.0361328125,15257.33366786907,14481.0311773004,15257.33366786907,10449940
2023-04-26,14869.1826171875,14869.1826171875,14391.458015453132,14600.462089891389,7384909
2023-04-27,14630.3203125,14988.613763707217,14630.3203125,14839.32526452474,3526305
2023-04-28,14899.0380859375,14928.89718623971,14630.318470190881,14809.466050876557,4691607
2023-05-01,14899.0380859375,14899.0380859375,14899.0380859375,14899.0380859375,0
2023-05-02,14899.0380859375,14899.0380859375,14899.0380859375,14899.0380859375,0
2023-05-03,14899.0380859375,14899.0380859375,14899.0380859375,14899.0380859375,0
2023-05-04,15167.7607421875,15197.61808973774,14779.608202906207,14809.46730573849,6473346
2023-05-05,14899.0380859375,15167.759456966014,14899.0380859375,15108.04301164349,3636770
2023-05-08,15227.474609375,15287.19105651076,14988.612331395861,15018.469677322766,6868101
2023-05-09,15227.474609375,15346.90574836457,15048.32877853162,15346.90574836457,3548579
2023-05-10,15257.3330078125,15376.764155040899,15197.618311839336,15287.19211108115,5966772
2023-05-11,15257.3330078125,15406.62325830955,15167.760963852754,15287.19211108115,5393076
2023-05-12,15555.9111328125,15615.62582640293,15167.760358628717,15257.33239901436,7936633
2023-05-15,15317.0478515625,15735.055945351427,15287.19050670941,15675.341255645244,6077989
2023-05-16,15317.0478515625,15436.478986256749,15197.616716868253,15317.0478515625,5030527
2023-05-17,15048.3291015625,15317.048731236942,15018.469999712685,15227.474936251467,6219909
2023-05-18,15317.0478515625,15585.767465804087,15018.469137185937,15108.042927027096,8671813
2023-05-19,15376.7626953125,15585.767621941708,15227.474214269594,15346.905350160298,8538924
2023-05-22,15645.4833984375,15764.914529220647,15496.193168497199,15496.193168497199,7211235
2023-05-23,15914.205078125,16272.498517174141,15705.200133192486,15705.200133192486,20287808
2023-05-24,15914.205078125,15914.205078125,15914.205078125,15914.205078125,0
2023-05-25,15526.0537109375,15794.773341358972,15466.337262353845,15615.625750889998,8184954
2023-05-26,15764.916015625,15914.204504359228,15526.05373153744,15555.911078227888,5662466
2023-05-29,16242.6416015625,16242.6416015625,15824.631700575812,15973.920198664442,9585182
2023-05-30,16272.498046875,16391.929189772978,16063.493107983038,16242.640699971007,9073491
2023-05-31,16182.923828125,16451.645209086986,16063.492688346993,16332.214069308979,9396157
2023-06-01,16362.0712890625,16362.0712890625,16003.777872495712,16123.209011351308,7701255
2023-06-02,16362.0712890625,16660.64825856052,16362.0712890625,16600.933566773692,9965038
2023-06-05,16033.63671875,16571.077771532648,16033.63671875,16571.077771532648,12749993
2023-06-06,16541.216796875,16541.216796875,15973.918459562223,16033.634905465526,12169374
2023-06-07,16451.64453125,16600.93301100107,16302.354296217043,16600.93301100107,9554782
2023-06-08,15814.8564453125,16481.383665043883,15754.264033199868,16481.383665043883,17880150
2023-06-09,16117.8251953125,16117.8251953125,15693.671150769658,15936.044381627791,7840014
2023-06-12,15996.6376953125,16178.4167178631,15754.264477856954,16178.4167178631,7087376
2023-06-13,15845.15234375,16117.823536209404,15845.15234375,16087.525549659224,7951833
2023-06-14,15814.8564453125,16148.120055178193,15754.264033199868,15966.339256676152,8648185
2023-06-15,15966.3388671875,16117.823455937854,15754.263648884657,15845.152264836435,8016999
2023-06-16,16269.3076171875,16814.648263679814,16057.230600158147,16057.230600158147,25098459
2023-06-19,16420.7890625,16541.975664786307,16117.82344732524,16299.60246021369,7928055
2023-06-20,16541.9765625,16541.9765625,16269.30713782886,16451.08794166437,6026971
2023-06-21,17269.095703125,17299.39369025308,16572.274058656458,16602.570264702466,17793764
2023-06-22,17269.095703125,17269.095703125,17269.095703125,17269.095703125,0
2023-06-23,17390.283203125,17662.95441481428,17178.207968809555,17572.064010917853,10725501
2023-06-26,17269.095703125,17511.46891365721,16844.94347523467,17511.46891365721,9410906
2023-06-27,17450.87890625,17450.87890625,17208.505662319403,17390.284704726193,6379737
2023-06-28,17602.359375,17784.14017408174,17390.282369765333,17572.06316884707,7165936
2023-06-29,16966.12890625,17693.248487521607,16966.12890625,17662.952283572442,8678134
2023-06-30,17057.01953125,17208.502334138775,16905.53494727925,16966.129137083946,6041268
2023-07-03,17087.31640625,17299.393407267013,17026.722214067122,17117.612611800418,4764448
2023-07-04,18056.810546875,18056.810546875,17087.317650035886,17208.504262140777,20018719
2023-07-05,17905.326171875,18117.40316990948,17693.249173840522,18056.808978578763,7675520
2023-07-06,17935.623046875,18329.479071447677,17511.46903496436,17814.4364407694,16049800
2023-07-07,18056.810546875,18056.810546875,17541.767890699764,17753.84312607169,7098362
2023-07-10,18208.29296875,18541.55659002472,18208.29296875,18238.59095692562,9755696
2023-07-11,18299.181640625,18511.258632388297,18177.995042629114,18268.885436396522,9580366
2023-07-12,18056.810546875,18511.26078753888,17875.03151925875,18299.18377108478,9909354
2023-07-13,18359.779296875,18420.37171677308,18147.702265067117,18238.59267599654,5413844
2023-07-14,18390.07421875,18511.260831140335,17935.62397701571,18420.37042657704,7376331
2023-07-17,18753.634765625,18965.71179060437,18359.778705722056,18420.371123669163,10050520
2023-07-18,18693.041015625,18874.821835997413,18571.85439573749,18632.448596222388,5603622
2023-07-19,18359.779296875,18783.931579408465,18359.779296875,18723.339159510386,7032595
2023-07-20,18117.40625,18420.37191491389,17935.625426185812,18359.779494364037,7722626
2023-07-21,18450.66796875,18450.66796875,17996.21947523233,17996.21947523233,6830928
2023-07-24,18480.962890625,18693.038106613272,18299.18209854133,18662.741901626665,4949861
2023-07-25,18359.779296875,18753.635369459425,18329.48130584366,18480.965917753463,7279561
2023-07-26,18329.48046875,18450.66708409396,18177.997644840605,18359.778458397654,5068754
2023-07-27,18450.66796875,18632.448791022915,18238.59271754134,18359.779338695847,7581910
2023-07-28,18693.041015625,18874.821835997413,18390.075356447363,18480.96576663357,9536571
2023-07-31,18662.744140625,18905.11737175978,18602.151723382416,18874.82116313849,6385606
2023-08-01,18177.99609375,18693.038719743756,18177.99609375,18662.742513763435,9529347
2023-08-02,18299.181640625,18480.962428159815,18147.698838400633,18208.291246857592,5216091
2023-08-03,17996.21875,18359.778598812365,17996.21875,18299.184400135855,5719806
2023-08-04,18359.779296875,18359.779296875,17965.921443208274,18177.998475016157,5895135
2023-08-07,18965.7109375,18965.7109375,18480.964491398725,18571.85311423109,10288306
2023-08-08,18905.1171875,19359.56743671895,18874.82097917399,19086.89799962046,8673167
2023-08-09,18511.259765625,18965.70998120096,18511.259765625,18844.523375786175,7420427
2023-08-10,18087.10546875,18602.149869390956,18087.10546875,18541.555677105294,7928055
2023-08-11,17875.03125,18177.996885157445,17632.656248359042,18147.70067785813,10230515
2023-08-14,18571.8515625,18693.038163899833,17875.02994026247,18117.403143062136,13193208
2023-08-15,18268.888671875,18693.04094943835,18208.294471604648,18602.152320656238,5787830
2023-08-16,18359.779296875,18420.37171677308,18117.406055118077,18268.88888594558,4697627
2023-08-17,18480.962890625,19026.301704712,18450.664904556383,18480.962890625,14223513
2023-08-18,17208.50390625,18480.964197576544,17208.50390625,18420.370002236166,13605872
2023-08-21,17269.095703125,17541.76690078529,16996.426286546786,17390.282308391106,8634791
2023-08-22,17693.251953125,17693.251953125,16420.791546120014,17299.395881394863,11355785
2023-08-23,17481.173828125,17875.031656297015,17359.987215091038,17875.031656297015,4821035
2023-08-24,18026.513671875,18026.513671875,17359.986439428267,17481.173047047483,8635092
2023-08-25,18117.40625,18450.66812518881,17905.329215910886,17996.21962781798,8005260
2023-08-28,18299.181640625,18359.775830163926,18087.104648861707,18329.47784485348,9589095
2023-08-29,18541.55859375,18783.931838854616,18299.185348645387,18450.66818156519,11100541
2023-08-30,19814.015625,19814.015625,18541.55541575724,18693.038222713134,20758865
2023-08-31,19814.015625,20268.4658269497,19783.719419825225,19995.794637130668,11510947
2023-09-01,19814.015625,19814.015625,19814.015625,19814.015625,0
2023-09-04,19814.015625,19814.015625,19814.015625,19814.015625,0
2023-09-05,20298.765625,20571.435081999425,19814.01913207554,19965.50196584385,22249994
2023-09-06,20632.029296875,21177.368211210032,20086.688601457634,20298.765637513407,12790778
2023-09-07,20329.060546875,20753.214591837885,20238.170139942635,20722.916602138946,14161207
2023-09-08,20601.732421875,20844.107462705997,20238.17253225216,20298.766737730515,10624969
2023-09-11,20571.43359375,21086.478041032875,20510.841177059196,20783.51061433223,15805994
2023-09-12,21722.708984375,21753.005195039306,20510.842746979397,20601.73137897231,16036556
2023-09-13,21450.037109375,21904.485561382175,21207.663889204985,21753.00274404645,11537585
2023-09-14,20753.21484375,21662.113580859605,20753.21484375,21480.33454587058,14115306
2023-09-15,20874.40234375,21116.775588042496,20601.7311081092,20904.698554015984,9716566
2023-09-18,20965.29296875,21147.07201327606,20601.7313175332,20783.5121431416,8515597
2023-09-19,20995.587890625,21177.366923993555,20722.916668948827,21177.366923993555,9857281
2023-09-20,21389.443359375,21510.62997198456,21086.47771839219,21147.07013415588,9048659
2023-09-21,20722.916015625,21389.443272821536,20722.916015625,21389.443272821536,15409885
2023-09-22,19298.974609375,20177.57709970758,19298.974609375,19995.796291455506,18744005
2023-09-25,17965.919921875,19450.457237738985,17965.919921875,19389.863041889646,15607036
2023-09-26,18177.99609375,18996.006122793187,17935.622883743283,17965.919089723604,10320663
2023-09-27,19086.900390625,19086.900390625,18147.70356620847,18480.96724278892,8742697
2023-09-28,18693.041015625,19086.89886607113,18541.55818603618,19026.30466558623,6937781
2023-09-29,18511.259765625,19086.89658661574,18299.18276087861,18935.41199403571,6064896
2023-10-02,18844.521484375,18935.41009350211,18420.36751745425,18420.36751745425,5386755
2023-10-03,17572.064453125,18632.4477757158,17572.064453125,18602.15156734863,12715378
2023-10-04,17996.21875,18541.55763267743,17329.69146996954,17450.878086240333,8535462
2023-10-05,17572.064453125,18329.480348797482,17572.064453125,18147.701317512256,4873558
2023-10-06,18087.10546875,18087.10546875,17238.799244325073,17572.06284919109,6094544
2023-10-09,18480.962890625,18480.962890625,17965.9185004426,18087.105101471047,4789731
2023-10-10,18299.181640625,18783.928032608554,18177.995042629114,18662.741434612664,5270721
2023-10-11,18874.8203125,18874.8203125,18208.293066376864,18299.183469226773,6365440
2023-10-12,19086.900390625,19450.46027932665,18905.119555732963,19026.30618530018,8201809
2023-10-13,19026.302734375,19147.48934196181,18511.2600974016,18844.523713535844,5974447
2023-10-16,18268.888671875,18996.008388625552,18268.888671875,18905.11797876116,7010622
2023-10-17,16996.42578125,18632.445794245235,16996.42578125,18420.368796063998,4359610
2023-10-18,16966.12890625,17572.061890643006,15875.44953434259,17329.6886968858,12148003
2023-10-19,16390.494140625,17087.317603605206,16360.197932951645,16966.130991829614,6045633
2023-10-20,17511.470703125,17511.470703125,16360.198725991499,16451.089134499533,10260163
2023-10-23,17541.765625,17875.029210514564,17299.392432095217,17511.467640075447,6546639
2023-10-24,17875.03125,17965.919871897946,17541.767626461096,17541.767626461096,5583003
2023-10-25,17390.283203125,17996.218041713073,17359.986995520245,17905.327637816645,4975746
2023-10-26,16239.0087890625,16996.424549287218,16178.41460208194,16966.128346337882,18080011
2023-10-27,16663.162109375,16905.535311653835,15996.636693649207,16541.97550823558,6483129
2023-10-30,15754.263671875,16723.756492098317,15754.263671875,16420.789095237513,4396481
2023-10-31,14784.771484375,15936.044327005,14724.17817686816,15936.044327005,10912118
2023-11-01,15754.263671875,15784.55987723647,14693.879563944221,14845.363262374623,8445314
2023-11-02,16602.5703125,16784.349330381447,15966.339297209739,16057.2296966915,9065063
2023-11-03,16360.197265625,16723.757086122307,16208.712671272886,16693.46087968472,8372775
2023-11-06,16602.5703125,16693.460711981763,16420.789513536474,16541.976119151466,5460649
2023-11-07,16329.9013671875,16784.349815568963,16329.9013671875,16541.976597332665,6764408
2023-11-08,17450.87890625,17450.87890625,16299.6051070385,16360.199308562309,10643932
2023-11-09,17572.064453125,18056.81091132854,17450.877838574113,17572.064453125,12258167
2023-11-10,17511.470703125,18056.811373090954,17269.09746782508,17390.28408547504,8555027
2023-11-13,17693.251953125,17753.844372891654,17208.505470662585,17450.878711893794,7068564
2023-11-14,17814.4375,18026.51451856523,17602.360481434767,17935.62411331125,7082861
2023-11-15,17844.732421875,18359.77682713695,17784.140010127747,18268.886428434012,8705073
2023-11-16,17935.623046875,17935.623046875,17541.767022302323,17814.4364407694,6433314
2023-11-17,17390.283203125,18117.404653214257,17329.69078791549,17996.218041713073,10384925
2023-11-20,17784.142578125,17935.625410449033,16935.83622359517,17026.724854340202,9103139
2023-11-21,17875.03125,18026.514067578722,17753.842858638447,17996.21786027941,5576532
2023-11-22,18359.779296875,18450.667926722123,17844.734822329814,17844.734822329814,12553443
2023-11-23,17329.689453125,18662.74207696184,17329.689453125,18541.555474794855,10618197
2023-11-24,17814.4375,17814.4375,17026.723622935795,17632.656689492032,9203671
2023-11-27,17390.283203125,17875.03143021189,17329.69078791549,17814.43723392022,4284662
2023-11-28,17693.251953125,17723.548163008327,16996.428439314706,17390.284511044843,6763957
2023-11-29,17753.841796875,17935.622591963835,17662.95318041262,17662.95318041262,5954883
2023-11-30,17723.546875,18026.51429506286,17723.546875,17814.437279127076,6540167
2023-12-01,17875.03125,18117.404470558813,17662.9542367405,17996.21786027941,5611598
2023-12-04,18783.931640625,19086.899084349672,18147.702324210193,18208.294744305742,12970923
2023-12-05,18632.447265625,18905.11669562921,18571.853069467306,18874.820488091445,7381147
2023-12-06,19086.900390625,19147.492814867393,18662.74629659853,18783.932926165748,10605404
2023-12-07,18693.041015625,19268.67790536125,18238.592526858545,19238.381695659948,16969339
2023-12-08,18783.931640625,18965.712463076266,18632.44880930382,18783.931640625,8273898
2023-12-11,19389.865234375,19571.646061395502,18874.822526287502,18965.71293979775,16049649
2023-12-12,19208.083984375,19601.94002294932,19177.78599595994,19420.16099786969,6491255
2023-12-13,18814.2265625,19480.753824409094,18783.930354526547,19389.863419406545,12859856
2023-12-14,18632.447265625,19086.897503020125,18480.96444685401,19056.599514400197,9947128
2023-12-15,19086.900390625,19117.196602746197,18541.559667031313,18662.74629659853,8970550
2023-12-18,18783.931640625,19208.085705623078,18783.931640625,19147.49150444522,7887420
2023-12-19,19086.900390625,19086.900390625,18662.74629659853,18783.932926165748,9666300
2023-12-20,19783.720703125,20056.39012954911,19117.193459552578,19117.193459552578,20195403
2023-12-21,19814.015625,20056.388828562238,19601.938626612537,19753.42143356843,11324632
2023-12-22,19632.23828125,20056.39235255049,19571.64586025412,19874.611527398185,9363499
2023-12-25,19874.609375,19995.795984949717,19541.347533449883,19753.422765050283,10360244
2023-12-26,19844.314453125,20026.09527036482,19814.018243945782,19935.20486174491,13512563
2023-12-27,20238.16796875,20601.727776393782,19904.906147554724,19935.2023529212,21641683
2023-12-28,20601.732421875,20601.732421875,20298.766737730515,20480.54579200072,14173097
2023-12-29,20722.916015625,20783.510212225672,20510.840780228078,20601.72940350583,20819817
2024-01-01,20722.916015625,20722.916015625,20722.916015625,20722.916015625,0
2024-01-02,22524.279296875,23162.61919597672,22478.683589796306,23162.61919597672,17256500
2024-01-03,22615.470703125,22706.662117250504,22387.49216781124,22524.279288999496,6658300
2024-01-04,22524.279296875,22889.044953504555,22524.279296875,22524.279296875,10109300
2024-01-05,22433.0859375,22615.46875,22113.916015625,22569.873046875,8871600
2024-01-08,22433.0859375,22661.064453125,22387.490234375,22524.27734375,3772600
2024-01-09,22205.109375,22524.279324948668,22113.917960728955,22524.279324948668,5652700
2024-01-10,22022.724609375,22296.298828125,21931.533203125,22250.703125,4238600
2024-01-11,22205.109375,22478.68361781314,22022.726546457907,22068.32225359343,4012200
2024-01-12,22387.490234375,22524.27734375,21657.958984375,22159.51171875,8532300
2024-01-15,22113.916015625,22661.064453125,22113.916015625,22524.27734375,2120900
2024-01-16,22524.279296875,22524.279296875,21885.93939777328,22068.322226088058,4261900
2024-01-17,22661.064453125,23162.6171875,22341.89453125,22615.46875,9167400
2024-01-18,22433.0859375,22797.8515625,22433.0859375,22706.66015625,3962100
2024-01-19,22250.703125,22661.064453125,22250.703125,22615.46875,4683100
2024-01-22,22661.064453125,22661.064453125,21977.12890625,22387.490234375,5569700
2024-01-23,22889.04296875,22934.638671875,22524.27734375,22706.66015625,9885300
2024-01-24,23892.146484375,24439.294877146946,22889.041097626432,22889.041097626432,19150300
2024-01-25,23892.146484375,23892.146484375,23892.146484375,23892.146484375,0
2024-01-26,24484.892578125,24986.4453125,23983.33984375,24028.935546875,8663300
2024-01-29,24120.126953125,24758.466796875,23983.33984375,24621.6796875,6310900
2024-01-30,24576.08203125,24667.273430252782,24028.933637233302,24120.125036236088,4980600
2024-01-31,24165.72265625,25168.828125,24165.72265625,24712.87109375,10405600
2024-02-01,24348.107421875,24621.681662570227,24120.128887962313,24211.320301527387,3361400
2024-02-02,24348.107421875,24348.107421875,24348.107421875,24348.107421875,0
2024-02-05,24576.08203125,24712.869129754177,24074.529336734697,24348.103533743044,5626000
2024-02-06,24895.25390625,25351.2109375,24621.6796875,24621.6796875,5538400
2024-02-07,24895.25390625,25214.423828125,24849.658203125,25032.041015625,4695000
2024-02-08,24895.25390625,24895.25390625,24895.25390625,24895.25390625,0
2024-02-09,24895.25390625,24895.25390625,24895.25390625,24895.25390625,0
2024-02-15,24621.6796875,25077.63671875,24484.892578125,25077.63671875,6290700
2024-02-16,24576.08203125,24895.251927759742,24484.890632247218,24667.273430252782,6881100
2024-02-19,24439.296875,24621.6796875,24165.72265625,24576.083984375,10741000
2024-02-20,24439.296875,24804.0625,24348.10546875,24621.6796875,7344700
2024-02-21,24484.892578125,24530.48828125,24165.72265625,24393.701171875,6725800
2024-02-22,24211.318359375,24484.892578125,24211.318359375,24439.296875,4806600
2024-02-23,24120.126953125,24758.466796875,23983.33984375,24348.10546875,13398000
2024-02-26,25807.16796875,25807.16796875,24256.9140625,24302.509765625,31976200
2024-02-27,25807.16796875,26308.720703125,25715.9765625,25989.55078125,8406300
2024-02-28,25989.552734375,26263.12697368421,25396.808549205045,25852.765614720392,12622000
2024-02-29,25487.99609375,26308.718687108678,25396.804694487924,26171.931588215564,16328000
2024-03-01,25807.16796875,26445.5078125,25624.78515625,25852.763671875,9258800
2024-03-04,25989.552734375,26399.914093338815,25807.16990816886,26171.93556058114,8874800
2024-03-05,26445.505859375,26536.697258890086,25670.378963496765,25898.357462284483,9807300
2024-03-06,26035.14453125,26536.697227999124,25761.570333023203,26354.31442918126,7538100
2024-03-07,26445.505859375,26627.888658405172,25898.357462284483,25898.357462284483,10505500
2024-03-08,25807.16796875,26764.677734375,25807.16796875,26627.890625,11267900
2024-03-11,25351.2109375,25852.763671875,25077.63671875,25852.763671875,8417300
2024-03-12,25579.189453125,25670.380859375,25077.63671875,25351.2109375,7014600
2024-03-13,26491.103515625,26536.69921875,25442.40234375,25670.380859375,10741500
2024-03-14,26126.337890625,26764.677734375,25898.359375,26673.486328125,12695400
2024-03-15,25807.16796875,26080.7421875,25533.59375,25989.55078125,10762900
2024-03-18,24712.87109375,25943.955078125,24165.72265625,25852.763671875,16182800
2024-03-19,24986.4453125,25123.232421875,24667.275390625,24758.466796875,3954300
2024-03-20,25487.99609375,25487.99609375,24758.464899653398,25032.039097439625,6133000
2024-03-21,25761.572265625,26171.93359375,25670.380859375,25852.763671875,9357800
2024-03-22,26080.7421875,26399.912109375,25807.16796875,25943.955078125,11751800
2024-03-25,25624.78515625,26308.720703125,25533.59375,26171.93359375,8075800
2024-03-26,25807.16796875,26080.7421875,25260.01953125,25442.40234375,6666300
2024-03-27,26445.505859375,26445.505859375,25807.166062769396,26080.740261314655,7475100
2024-03-28,27403.01953125,27403.01953125,26810.2753483777,26901.466761127285,17332400
2024-03-29,26901.462890625,27403.015588585808,26901.462890625,27357.419888771186,7324900
2024-04-01,27129.4453125,27357.423844537814,26445.509716386554,26901.466780462186,9565600
2024-04-02,27266.23046875,27266.23046875,26445.5078125,26992.65625,6649500
2024-04-03,26673.486328125,27539.8046875,26627.890625,27311.826171875,8325000
2024-04-04,26719.08203125,27038.251953125,26354.31640625,26627.890625,8164100
2024-04-05,25715.9765625,26764.677734375,25715.9765625,26445.5078125,10629700
2024-04-08,25579.189453125,25989.55078125,25533.59375,25715.9765625,5607500
2024-04-09,26308.720703125,26445.5078125,25579.189453125,25670.380859375,8110200
2024-04-10,25989.552734375,26354.31838678728,25989.552734375,26308.722680235744,4220700
2024-04-11,26263.126953125,26308.722659640844,25715.9784749349,25715.9784749349,5209700
2024-04-12,26901.462890625,26901.462890625,26171.9316935911,26399.910192664196,8264100
2024-04-15,25032.041015625,26947.060546875,25032.041015625,26719.08203125,11798400
2024-04-16,24940.849609375,25077.63671875,23800.95703125,24986.4453125,10412300
2024-04-17,23800.95703125,25168.828125,23800.95703125,25168.828125,5981000
2024-04-19,22661.064453125,23892.1484375,22615.46875,23345.0,11996800
2024-04-22,24165.72265625,24211.318359375,23162.6171875,23436.19140625,6757900
2024-04-23,24028.9375,24530.490275142314,23481.789018026564,24211.320327324476,7314700
2024-04-24,25214.423828125,25214.423828125,24256.9140625,24439.296875,6962100
2024-04-25,24895.25390625,25123.232421875,24621.6796875,25123.232421875,3330900
2024-04-26,24667.275390625,24712.87109375,24256.9140625,24439.296875,6447600
2024-04-29,24667.275390625,24667.275390625,24667.275390625,24667.275390625,0
2024-04-30,24667.275390625,24667.275390625,24667.275390625,24667.275390625,0
2024-05-02,24028.9375,24712.87310246679,23892.150379506642,24667.277395635672,4281200
2024-05-03,24120.126953125,24621.6796875,24028.935546875,24530.48828125,3872300
2024-05-06,25214.423828125,25715.9765625,24256.9140625,24439.296875,11116800
2024-05-07,25396.80859375,25533.595713644525,25168.83006059246,25442.40430038151,4929800
2024-05-08,25670.380859375,25898.359375,25032.041015625,25077.63671875,7405000
2024-05-09,25807.16796875,26171.93359375,25579.189453125,25898.359375,9689300
2024-05-10,25989.552734375,26171.93556058114,25396.808549205045,25807.16990816886,5863100
2024-05-13,25807.16796875,26354.31640625,25579.189453125,26263.125,6603300
2024-05-14,25989.552734375,26354.31838678728,25807.16990816886,25989.552734375,4578900
2024-05-15,26445.505859375,27266.228455010776,25898.357462284483,26035.14456155711,10773600
2024-05-16,26719.08203125,27220.634765625,26582.294921875,26764.677734375,7158100
2024-05-17,26901.462890625,27220.63278932733,26536.697292108052,26719.080091366526,7595300
2024-05-20,26855.87109375,27266.232451719017,26810.275387309,27220.636745278014,8583200
2024-05-21,27083.84765625,27083.84765625,26491.103515625,26764.677734375,6831000
2024-05-22,27813.37890625,28497.314453125,27357.421875,27357.421875,17061800
2024-05-23,27950.1640625,27950.1640625,27175.037163539968,27813.376962683524,6492800
2024-05-24,26536.69921875,27950.166015625,26080.7421875,27630.99609375,16383100
2024-05-27,26491.103515625,26673.486328125,26080.7421875,26536.69921875,6354100
2024-05-28,27129.4453125,27175.041018907563,26491.105422794117,26627.892542016805,7391600
2024-05-29,26719.08203125,27266.23046875,26627.890625,27129.443359375,4808600
2024-05-30,26399.91015625,26536.69725550518,25898.357458981,26263.123056994817,9606800
2024-05-31,26308.720703125,26627.890625,26171.93359375,26536.69921875,2788900
2024-06-03,26308.720703125,26308.720703125,26308.720703125,26308.720703125,0
2024-06-04,26764.6796875,27220.636752022998,26719.0839810477,27083.849632666097,8144900
2024-06-05,26673.486328125,27038.251953125,26627.890625,26947.060546875,8004400
2024-06-06,26263.126953125,26855.87113783095,26217.53124660916,26764.67972479926,7297500
2024-06-07,26171.93359375,26582.294921875,26171.93359375,26354.31640625,5067800
2024-06-10,26445.505859375,26855.867157192886,26263.123060344828,26263.123060344828,4766300
2024-06-11,26810.2734375,26855.869140625,26263.125,26582.294921875,8705600
2024-06-12,27266.23046875,27266.23046875,26810.2734375,26810.2734375,8467000
2024-06-13,26947.060546875,27539.8046875,26947.060546875,27539.8046875,4975700
2024-06-14,26354.31640625,27950.166015625,26354.31640625,27175.0390625,14972300
2024-06-17,25943.955078125,26354.31640625,25715.9765625,26171.93359375,18129600
2024-06-18,25807.16796875,26217.529296875,25807.16796875,26080.7421875,9549900
2024-06-19,25852.765625,26263.126984126982,25579.19138558201,25989.552744708995,7354200
2024-06-20,25624.78515625,26080.7421875,25533.59375,26080.7421875,6581800
2024-06-21,25670.380859375,25898.359375,25533.59375,25761.572265625,5746600
2024-06-24,24211.318359375,25761.572265625,24211.318359375,25715.9765625,16525300
2024-06-25,24484.892578125,24621.6796875,24165.72265625,24484.892578125,6287500
2024-06-26,24302.5078125,24621.6777087242,23892.146517354595,24484.8906103424,4955400
2024-06-27,24302.5078125,24484.8906103424,24074.529315196996,24484.8906103424,3053200
2024-06-28,23892.146484375,24621.677674737595,23755.359386182015,24302.50777895396,5959600
2024-07-01,24256.9140625,24393.701171875,23800.95703125,24074.53125,4325400
2024-07-02,24712.87109375,24804.0625,24484.892578125,24576.083984375,3348500
2024-07-03,24895.25390625,24986.4453125,24758.466796875,24849.658203125,4121600
2024-07-04,25077.63671875,25168.828125,24758.466796875,24895.25390625,4080100
2024-07-05,24895.25390625,25214.423828125,24804.0625,25077.63671875,2909200
2024-07-08,24940.849609375,25260.01953125,24895.25390625,25077.63671875,3177000
2024-07-09,25533.59375,25624.78515625,24895.25390625,24986.4453125,7553300
2024-07-10,25351.2109375,25715.9765625,25260.01953125,25715.9765625,4187800
2024-07-11,25715.9765625,25807.16796875,25396.806640625,25487.998046875,7066300
2024-07-12,25351.2109375,25852.763671875,25077.63671875,25761.572265625,4511300
2024-07-15,25011.650390625,25389.184736143867,24822.883217865565,25389.184736143867,3350900
2024-07-16,25011.650390625,25389.184736143867,25011.650390625,25058.842183814857,3766500
2024-07-17,24445.345703125,25247.606083343388,23879.04425826496,25200.414296271716,6925400
2024-07-18,24634.11328125,24728.49685704023,24256.57897808908,24634.11328125,5162100
2024-07-19,24539.73046875,25011.64836237981,24350.963311298077,24634.11404747596,4543300
2024-07-22,25011.650390625,25294.80114976415,24634.11604510613,24634.11604510613,9679100
2024-07-23,24115.005859375,25247.608874296722,24067.814067086594,25247.608874296722,6559200
2024-07-24,24115.005859375,24445.348405393834,23123.97822131849,23973.430482509786,7819300
2024-07-25,23643.0859375,23973.428455588823,23407.126996007984,23595.894149201595,3554100
2024-07-26,23973.431640625,24020.62343519316,23643.089078647885,23784.664462352364,2428300
2024-07-29,24209.38671875,24445.345653630604,24067.811357821636,24162.19493177388,3381900
2024-07-30,24162.197265625,24445.348014831543,23926.23830795288,24115.005474090576,3290800
2024-07-31,23926.23828125,24398.156196067554,23831.85469828649,24256.580821622287,2891500
2024-08-01,22888.01953125,24067.814352448455,22652.06056701031,24067.814352448455,8134300
2024-08-02,23171.16796875,23548.702273739815,22180.140418151732,22652.058299389002,7981100
2024-08-05,21708.224609375,22982.403010360053,21708.224609375,22840.827632472825,9279800
2024-08-06,22935.20703125,22982.398815264918,21802.604214891977,22274.522055041154,6847300
2024-08-07,23076.78515625,23123.976945935585,22557.67546970859,23029.59336656442,3599100
2024-08-08,22935.20703125,23454.316655414095,22793.63167920525,22888.015247235082,5062200
2024-08-09,24020.62109375,24115.004673686148,23171.168874324656,23359.936034196955,8512400
2024-08-12,24445.345703125,24445.345703125,23879.04425826496,23879.04425826496,4968500
2024-08-13,24539.73046875,24634.11404747596,23879.04541766827,24445.346890024037,7242300
2024-08-14,24445.345703125,24822.879999698358,24115.00319362331,24634.11285141168,5421900
2024-08-15,24067.8125,24539.730392156864,23926.23713235294,24350.96323529412,4530000
2024-08-16,25672.333984375,25672.333984375,24209.388481588925,24303.77206241383,18812800
2024-08-19,25625.142578125,26049.86869820442,25436.37541364526,25955.485115964548,6538600
2024-08-20,25861.1015625,26191.44410070712,25436.375441947996,25625.142606637775,11763300
2024-08-21,25955.484375,26049.867954545454,25672.333636363637,25861.100795454546,8750900
2024-08-22,26427.40234375,26427.40234375,25766.71728515625,26049.868024553572,9271100
2024-08-23,27135.279296875,27324.046457201086,26097.05991508152,26427.402445652173,21114400
2024-08-26,28031.923828125,28267.882782907196,27135.279799952652,27465.622336647728,22833200
2024-08-27,27560.005859375,28079.115558781035,27371.238695954624,27748.773022795376,9100300
2024-08-28,27795.966796875,28126.30935643039,27324.048854653014,27748.7750026528,14926100
2024-08-29,27560.005859375,27937.540186215752,27418.430486809717,27701.581231940283,6157200
2024-08-30,27654.38671875,27890.345649797353,27324.044215283702,27560.003146331055,8098600
2024-09-04,27512.8125,27607.19607632933,27040.894618353344,27040.894618353344,9684700
2024-09-05,27512.8125,28126.30574614065,27182.46998284734,27654.387864493994,14355500
2024-09-06,27654.38671875,27748.77029116894,27040.893498026875,27371.236001493173,9328200
2024-09-09,27512.8125,27795.963228987992,27135.278194682676,27418.428923670668,7050300
2024-09-10,27229.662109375,27701.579996885834,26757.74422186417,27654.38820813475,11805100
2024-09-11,27371.23828125,27654.38902209052,26757.74500942888,27088.087540409484,9904300
2024-09-12,27229.662109375,27654.38820813475,27229.662109375,27654.38820813475,5209800
2024-09-13,27560.005859375,28031.923767925942,27276.855114244434,27276.855114244434,13782200
2024-09-16,26616.16796875,27701.5790738586,26616.16796875,27560.003712322698,15529200
2024-09-17,27371.23828125,27371.23828125,26474.594268588364,26616.16963900862,9246500
2024-09-18,28456.650390625,29070.143682628524,27418.430973388266,27512.814556773425,29546000
2024-09-19,28786.9921875,28975.759349385244,28362.266073258197,28739.800397028688,11799200
2024-09-20,28928.564453125,29211.71516555363,28786.989096910685,29164.523380148858,10913800
2024-09-23,28739.798828125,29164.524919181036,28739.798828125,28928.56597970546,9420500
2024-09-24,28975.759765625,29070.143347923455,28739.80080987887,28786.992601028094,6478800
2024-09-25,29447.677734375,30013.979229266824,29164.526986929086,29211.71877817007,16079700
2024-09-26,29306.1015625,29589.252302234298,29070.142612721414,29494.868722322866,13391600
2024-09-27,29070.14453125,29542.06246195211,29070.14453125,29447.67887581169,10049500
2024-09-30,29211.716796875,29683.63467727686,28881.3742805937,29070.141432754444,7163000
2024-10-01,29258.91015625,30013.97880544355,29211.718365675406,29353.293737399195,11355500
2024-10-02,28928.564453125,29306.098736363172,28598.2219552916,29070.139809339315,11167000
2024-10-03,28645.41796875,29258.911269563425,28456.650799268944,28975.760515341844,12024500
2024-10-04,28739.798828125,29070.141343390806,28551.031676544542,28645.415252334773,7390600
2024-10-07,29353.29296875,29353.29296875,28786.991496684084,28975.75865403939,8423800
2024-10-08,28881.376953125,29589.253839231005,28409.45902905433,29542.06204682394,17115900
2024-10-09,28928.564453125,29117.331594744086,28503.838384482053,28645.41374069637,8226100
2024-10-10,28692.611328125,29306.10466244346,28692.611328125,29117.337482653165,7362200
2024-10-11,29447.677734375,29447.677734375,28456.6501183143,28739.800865760215,11692500
2024-10-14,29258.91015625,29778.019852570567,29258.91015625,29636.444480846774,7392300
2024-10-15,28645.41796875,29542.06202378501,28598.226176379736,29258.911269563425,9706900
2024-10-16,28598.22265625,28881.373375618812,28551.03086968853,28645.414442811467,4865800
2024-10-17,28881.376953125,28928.56874553207,27937.541104983662,28645.417991089667,10652200
2024-10-18,28739.798828125,29258.908494971267,28739.798828125,29164.524919181036,11179300
2024-10-21,27890.34765625,28739.79986913071,27843.155866645517,28598.224500317257,12904000
2024-10-22,27276.853515625,28079.113913143385,26946.510998999784,27843.1549726968,13150200
2024-10-23,27276.853515625,27701.579608428852,27088.086363267736,27276.853515625,7440200
2024-10-24,26616.16796875,27560.003712322698,26616.16796875,27324.04477642952,11027100
2024-10-25,26710.552734375,26852.128102225044,26616.169155808304,26663.360945091652,6450100
2024-10-28,27088.087890625,27371.23863512631,26852.128936873913,26899.32072762413,4600800
2024-10-29,27040.89453125,27371.237047338567,26899.31916721204,27276.85347131326,5348200
2024-10-30,26757.74609375,27135.28043016975,26616.17071759259,27088.088638117282,5236300
2024-10-31,27182.47265625,27276.85624186198,26804.938313802086,26899.321899414062,5144600
2024-11-01,26804.9375,27135.280039612677,26710.55391725352,27135.280039612677,4412600
2024-11-04,27371.23828125,27607.19723195043,26616.16963900862,26852.128589709053,9676700
2024-11-05,27324.044921875,27607.195646454016,27324.044921875,27324.044921875,3978300
2024-11-06,27795.966796875,27843.1585910972,27371.240648875213,27560.007825764005,8446300
2024-11-07,27654.38671875,27937.537436006824,27654.38671875,27890.345649797353,5230500
2024-11-08,27465.62109375,27795.963615496134,27371.23751610825,27748.77182667526,5941600
2024-11-11,26993.703125,27512.81280048077,26663.36060423951,27465.6210118007,10671600
2024-11-12,26899.322265625,27465.62378700658,26899.322265625,27088.08943941886,4161800
2024-11-13,26427.40234375,26946.51203264509,26191.443394252234,26852.128452845984,8130200
2024-11-14,25577.951171875,26663.362383965636,25294.800420894833,26568.97880030558,9896500
2024-11-15,24917.265625,25530.758907433712,24634.114879261364,25483.567116477272,12073000
2024-11-18,25813.908203125,26238.63429787477,24870.072437014394,24917.264225319926,8599700
2024-11-19,25483.56640625,25955.484302662036,25247.60745804398,25861.10072337963,3787000
2024-11-20,26144.251953125,26568.978067886957,25200.41614254287,25389.183304659295,11994000
2024-11-21,26474.595703125,26616.171081216577,25955.48598345588,26191.444946941847,7159900
2024-11-22,26144.251953125,26616.169858416066,26097.06016259589,26474.594486828744,4715300
2024-11-25,26285.828125,26380.21170893178,26049.869165170556,26144.252749102336,3334600
2024-11-26,26710.552734375,27135.278837925132,26333.018420108216,26380.210209391564,9110300
2024-11-27,26568.9765625,26852.127289631437,26427.40119893428,26757.743713920958,3880300
2024-11-28,26568.9765625,26899.319077486678,26333.0176232238,26710.55192606572,5475500
2024-11-29,26568.9765625,26804.9355017762,26333.0176232238,26521.78477464476,4145300
2024-12-02,26474.595703125,26899.321837399733,26333.020325033423,26804.938252005348,3083400
2024-12-03,26002.67578125,26427.401882940107,25955.483992173322,26427.401882940107,8782600
2024-12-04,25577.951171875,26002.67729834525,25483.567588214944,26002.67729834525,7916800
2024-12-05,27324.044921875,27324.044921875,25483.5652121114,25672.332361830744,14899200
2024-12-06,27607.197265625,28126.30695779915,27512.813685229703,27701.5808460203,15577400
2024-12-09,27937.5390625,28079.114429370777,27512.812961887666,27654.388328758443,7986900
2024-12-10,27890.34765625,28126.30660427242,27654.38870822758,27843.155866645517,6639600
2024-12-11,27748.7734375,28173.49956154337,27560.006271258506,27890.348812181124,5467400
2024-12-12,27654.38671875,28315.071725682592,27654.38671875,27795.96207737841,8189900
2024-12-13,27748.7734375,27890.348812181124,27512.814479698132,27607.19806281888,5267000
2024-12-16,27937.5390625,28031.92264041385,27701.58011771537,27748.771906672297,5484700
2024-12-17,27843.15625,28220.6905720339,27701.580879237288,28079.115201271186,6118300
2024-12-18,28079.115234375,28079.115234375,27654.389121586133,27843.15628282563,5232000
2024-12-19,27843.15625,27890.348040254237,27371.238347457627,27748.772669491525,10259900
2024-12-20,27654.38671875,27890.345649797353,27654.38671875,27843.153863587882,3564300
2024-12-23,27560.005859375,27937.540186215752,27560.005859375,27843.156604505566,5103700
2024-12-24,27276.853515625,27607.196032250216,27040.89457517842,27512.812456071584,9321100
2024-12-25,27843.15625,28551.03310381356,27324.04655720339,27324.04655720339,10109600
2024-12-26,27654.38671875,27984.729222216294,27607.194932540526,27937.537436006824,3739200
2024-12-27,27795.966796875,27984.733973763796,27607.199619986204,27748.7750026528,7832700
2024-12-30,27937.5390625,28503.840529983107,27890.347273543073,28031.92264041385,8700800
2024-12-31,27748.7734375,28031.924186862245,27748.7734375,27795.965229060377,4040100
2025-01-02,27654.38671875,27984.729222216294,27560.003146331055,27843.153863587882,4930400
2025-01-03,26946.51171875,27701.580348347197,26946.51171875,27654.388558997372,12208700
2025-01-06,26568.9765625,26993.702653197157,26427.40119893428,26899.319077486678,7286400
2025-01-07,26521.787109375,26899.32144545151,26427.40352535587,26616.170693394128,5610600
2025-01-08,26804.9375,26946.51287411972,26333.01958626761,26427.403169014087,4804200
2025-01-09,26427.40234375,26899.320242745536,26427.40234375,26804.936662946428,3330000
2025-01-10,25672.333984375,26710.553373448987,25672.333984375,26474.59442138672,11041300
2025-01-13,26238.634765625,26380.210133065422,25058.84003695481,25672.33329586331,7584400
2025-01-14,26002.67578125,26285.826515710072,26002.67578125,26238.634726633394,3458800
2025-01-15,26333.01953125,26474.594905073925,26049.86878360215,26144.25236615143,4488100
2025-01-16,26333.01953125,26474.594905073925,26049.86878360215,26144.25236615143,4488100
2025-01-17,26899.322265625,26993.70585252193,26568.979711485747,26663.363298382676,3914600
2025-01-20,26804.9375,27088.088248239437,26804.9375,27088.088248239437,3878300
2025-01-21,27088.087890625,27276.855053625874,26852.128936873913,26899.32072762413,5711400
2025-01-22,27135.279296875,27229.662877038045,27040.895716711955,27088.08750679348,4536900
2025-01-23,27654.38671875,27748.77029116894,27182.46885665529,27182.46885665529,7697100
2025-01-24,27607.197265625,27748.77263621795,27371.238314636754,27701.5808460203,5086400
2025-01-27,27607.197265625,27607.197265625,27607.197265625,27607.197265625,0
2025-01-28,27607.197265625,27607.197265625,27607.197265625,27607.197265625,0
2025-01-29,27607.197265625,27607.197265625,27607.197265625,27607.197265625,0
2025-01-30,27607.197265625,27607.197265625,27607.197265625,27607.197265625,0
2025-01-31,27607.197265625,27607.197265625,27607.197265625,27607.197265625,0
2025-02-03,27418.4296875,27701.580424376076,27088.08716114458,27324.046108541308,5707300
2025-02-04,27896.0390625,27896.0390625,27369.69870283019,27417.547826436534,7650000
2025-02-05,27704.64453125,28039.588420228843,27656.795404253022,27943.890166234887,3793800
2025-02-06,27561.09765625,28135.287190755207,27561.09765625,27848.192423502605,7148100
2025-02-07,27561.09765625,27848.192423502605,27417.5502726237,27608.946784125434,5575400
2025-02-10,27704.64453125,28039.588420228843,27034.756753292313,27513.24802326209,14471800
2025-02-11,27704.64453125,27991.739293231865,27608.946277256044,27943.890166234887,5185700
2025-02-12,27752.4921875,28278.832556573278,27561.095689655172,27800.34131196121,8866600
2025-02-13,27752.4921875,27896.039560883622,27608.94481411638,27704.643063038795,4558400
2025-02-14,28039.587890625,28661.62652983682,27943.88963843857,28183.13526890465,14030800
2025-02-17,28230.982421875,28661.624526615466,27848.189439883474,28039.585930879235,13675700
2025-02-18,28374.53125,28613.776876053962,28135.285623946038,28183.13474915683,8011900
2025-02-19,28709.4765625,28805.174817708335,28374.532669270833,28518.080052083336,9353400
2025-02-20,28709.4765625,28996.571328125003,28518.080052083336,28900.873072916667,7493800
2025-02-21,28613.775390625,28757.322758805392,28326.680654264215,28613.775390625,6721500
2025-02-24,29283.666015625,29283.666015625,28374.532593571283,28613.77823095384,12549700
2025-02-25,29714.3046875,30288.49415006039,29235.81346869968,29570.757321859906,24007800
2025-02-26,30097.099609375,30479.89260917627,29618.60835962341,29857.853984499205,16146200
2025-02-27,30192.798828125,30288.497081145997,29762.156689530508,30192.798828125,8451000
2025-02-28,29810.005859375,30432.044504915728,29714.307606214887,30192.79887201545,8919300
2025-03-03,30144.94921875,30479.893098958335,29666.457961309527,29714.307087053574,11947800
2025-03-04,30240.646484375,30384.193856927413,29475.060497428796,30144.948236006727,10569900
2025-03-05,29953.552734375,30958.384375624002,29953.552734375,30240.64748901757,13097700
2025-03-06,31054.083984375,31101.933112239985,30097.101427075308,30144.950554940293,16572500
2025-03-07,30910.53515625,31245.47903565209,30910.53515625,31245.47903565209,6999800
2025-03-10,30766.98828125,31293.3286717535,30527.742649202955,31054.083039706453,11773400
2025-03-11,31006.232421875,31006.232421875,30336.344684365355,30336.344684365355,11337300
2025-03-12,30766.98828125,31245.47954534409,30719.13915484059,31197.63041893468,7099500
2025-03-13,30432.04296875,31101.930707055817,30336.344720420595,30814.83596206761,12020300
2025-03-14,30432.04296875,30623.439465408803,30144.948223761792,30336.344720420595,9197000
2025-03-17,30910.53515625,30910.53515625,30432.0438999613,30623.440402476783,5418900
2025-03-18,30384.1953125,31006.23395669291,30384.1953125,30958.384830216535,8207900
2025-03-19,30575.59375,30623.44287949922,30001.404196009393,30288.498973004695,10722700
2025-03-20,30671.2890625,31054.082061719968,30336.345188182528,30623.439937597504,7952100
2025-03-21,30479.892578125,30766.987327683477,30479.892578125,30623.43995290424,7561400
2025-03-24,31006.232421875,31006.232421875,30001.400815610534,30479.892056688852,9866300
2025-03-25,30479.892578125,31197.629452021192,30432.04345319859,31101.931202168365,8146500
2025-03-26,29857.85546875,30623.441506410254,29570.760704627402,30432.04499699519,16936600
2025-03-27,29283.666015625,29857.855545343136,29283.666015625,29714.308162913603,14487900
2025-03-28,29570.759765625,30144.949275637133,29044.41938144721,29283.66501061893,10796900
2025-03-31,29283.666015625,29714.308162913603,29283.666015625,29283.666015625,7432100
2025-04-01,29570.759765625,29618.608891459342,29187.966758950242,29475.06151395631,6585300
2025-04-02,29475.060546875,29810.004416725853,29475.060546875,29618.607919668222,7039500
2025-04-03,27417.548828125,28709.475212696336,27417.548828125,28230.983959151396,23358800
2025-04-04,26173.470703125,26795.50931215722,25503.58297032107,25503.58297032107,26191000
2025-04-08,24355.205078125,25838.527980722007,24355.205078125,25072.94196647839,9271800
2025-04-09,22680.484375,24355.203685390294,22680.484375,22680.484375,26336200
2025-04-10,24259.5078125,24259.5078125,24259.5078125,24259.5078125,654200
2025-04-11,25599.283203125,25790.679713054906,24355.205888580607,24594.45152599299,23188600
2025-04-14,26125.625,26173.47413003663,25551.435439560442,26029.92673992674,16008100
2025-04-15,25455.734375,25934.225622650374,25072.9413768797,25838.5273731203,15756000
2025-04-16,24690.1484375,25790.67830971415,24690.1484375,25455.734435562015,13675700
2025-04-17,24833.697265625,24977.244648663294,24163.809478112955,24211.65860579239,9228300
2025-04-18,24929.39453125,25503.584040607006,24785.84715391075,25216.489285928503,16371600
2025-04-21,23350.373046875,24881.54504994877,23350.373046875,24690.14854956455,26521900
2025-04-22,23541.76953125,23972.41165682165,21723.502778836384,22584.787029979674,27662400
2025-04-23,23781.015625,24307.3560110664,23781.015625,24115.959507042255,8111700
2025-04-24,23733.16796875,24307.35751638105,23350.37493699597,23924.56448462702,9434200
2025-04-25,23781.015625,24020.261255030182,23589.619120975854,23924.56300301811,7733900
2025-04-28,24163.806640625,24403.052250928216,23685.315420018564,23924.56103032178,7947600
2025-04-29,24068.109375,24498.751491053677,24068.109375,24498.751491053677,5319900
2025-04-30,24068.109375,24068.109375,24068.109375,24068.109375,0
2025-05-01,24068.109375,24068.109375,24068.109375,24068.109375,0
2025-05-02,24068.109375,24068.109375,24068.109375,24068.109375,0
2025-05-05,24068.109375,24068.109375,24068.109375,24068.109375,0
2025-05-06,24259.5078125,24546.602579511837,24068.111301158777,24498.75345167653,6584600
2025-05-07,24403.052734375,24977.24221047794,24355.20361136642,24450.90185738358,11698200
2025-05-08,24211.658203125,24450.90383754323,24115.959949357708,24403.054710659584,7799800
2025-05-09,24977.244140625,25025.09326733118,24259.50724003233,24307.356366738506,14258400
2025-05-12,24977.244140625,24977.244140625,24977.244140625,24977.244140625,0
2025-05-13,25189.671875,25189.671875,24705.255108173078,25092.788521634615,10341800
2025-05-14,24995.90625,25577.20639534884,24899.022892441862,25286.55632267442,10990600
2025-05-15,25431.880859375,25528.76421502976,25044.347436755954,25092.789114583335,13612300
2025-05-16,25722.533203125,25867.85824947034,25480.324792549436,25770.974885240114,9655500
2025-05-19,24850.580078125,25334.99684378046,24850.580078125,25334.99684378046,11638600
2025-05-20,24850.580078125,25334.99684378046,24850.580078125,25334.99684378046,11638600
2025-05-21,25044.34765625,25286.55604750967,24705.25590848646,24850.58094324226,8855900
2025-05-22,24899.0234375,25286.556876215953,24753.698397981516,25044.34847701848,8745600
2025-05-23,24802.140625,25286.55743408203,24705.257263183594,24802.140625,11239900
2025-05-26,24899.0234375,24947.465117339492,23881.748160870622,24414.60663910506,9410300
2025-05-27,24899.0234375,24947.465117339492,23881.748160870622,24414.60663910506,9410300
2025-05-28,25141.232421875,25383.44082671002,24899.02401703998,24995.90737897399,11376400
2025-05-29,25141.232421875,25577.207550578034,25044.349059940992,25334.999145743015,12304100
2025-05-30,24802.140625,25383.440795898438,24802.140625,25238.115753173828,8750100
2025-06-02,24947.46484375,25044.348202366506,24608.373088592234,24705.25644720874,6630800
2025-06-03,24947.46484375,25044.348202366506,24608.373088592234,24705.25644720874,6630800
2025-06-04,25964.740234375,26352.273670708957,25383.440079874068,25431.881759415814,24215900
2025-06-05,25674.08984375,26303.831670106134,25528.764806898587,26303.831670106134,11124400
2025-06-06,25286.556640625,25819.415113894876,25286.556640625,25819.415113894876,10846900
2025-06-09,24656.814453125,24947.464525263997,24608.372774435167,24802.1394891945,6043600
2025-06-10,24656.814453125,24947.464525263997,24608.372774435167,24802.1394891945,6043600
2025-06-11,24705.255859375,24995.90592830882,24656.81418121936,24705.255859375,5919500
2025-06-12,24705.255859375,24947.464250153185,24608.372503063725,24899.022571997546,4281400
2025-06-13,24850.580078125,25044.346784387184,24802.138401559456,24802.138401559456,6568400
2025-06-16,19828.79296875,19867.37033175575,19404.44197568678,19404.44197568678,8008228
2025-06-17,19828.79296875,19867.37033175575,19404.44197568678,19404.44197568678,8008228
2025-06-18,19834.716796875,20028.036929898033,19757.387986764596,19950.710012040607,9466784
2025-06-19,19950.7109375,20298.68681463252,19757.38890325631,19796.053310105046,17334513
2025-06-20,19873.3828125,20028.038553001374,19834.718404311374,20028.038553001374,9039926
2025-06-23,19602.734375,19796.05452889281,19525.405556541602,19796.05452889281,25278293
2025-06-24,20200.1796875,20442.38807703837,20006.412975869305,20248.621365407675,17560600
2025-06-25,20200.1796875,20442.38807703837,20006.412975869305,20248.621365407675,17560600
2025-06-26,20297.064453125,20636.156222031623,20151.739409307876,20248.622771852628,8076800
2025-06-27,20200.1796875,20393.946399130695,20006.412975869305,20297.06304331535,5163000
2025-06-30,20733.0390625,20975.24746276285,20684.597382447428,20733.0390625,10804400
2025-07-01,20733.0390625,20975.24746276285,20684.597382447428,20733.0390625,10804400
2025-07-02,20587.712890625,20878.362954963235,20539.271213235294,20829.92127757353,7417300
2025-07-03,21992.5234375,21992.5234375,20539.272990088106,20587.714671668502,22333500
2025-07-04,22476.939453125,23058.239611395475,21895.639294854525,22089.406014278018,23375100
2025-07-07,23009.796875,23252.005263157895,22767.588486842105,23058.23855263158,12467100
2025-07-08,23009.796875,23252.005263157895,22767.588486842105,23058.23855263158,12467100
2025-07-09,23203.564453125,23494.2145297821,22912.914376467903,23155.122773682153,18456400
2025-07-10,23687.98046875,24220.83892510225,23300.447045948364,23348.88872379857,19676800
2025-07-11,23591.09765625,24027.07276694045,23494.214298318788,24027.07276694045,12500900
2025-07-14,24220.83984375,24705.256640625,23591.0980078125,24269.2815234375,19976200
2025-07-15,24220.83984375,24705.256640625,23591.0980078125,24269.2815234375,19976200
2025-07-16,24463.046875,25577.205445544554,24027.071782178216,24220.83849009901,26854800
2025-07-17,24366.1640625,24753.697486953282,24027.072316103382,24463.04741861332,30747800
2025-07-18,24123.955078125,24705.255200489457,24027.07172439759,24463.046816170932,22172400
2025-07-21,23736.421875,24269.280325255102,23687.98019770408,24172.396970663267,20035800
2025-07-22,23736.421875,24269.280325255102,23687.98019770408,24172.396970663267,20035800
2025-07-23,24511.490234375,24802.140316205536,23542.656628273224,23591.098308578312,17997100
2025-07-24,24559.931640625,25577.206915680476,24511.489960860454,24802.14003944773,20555800
2025-07-25,24366.1640625,24705.25580889662,24220.83902833002,24705.25580889662,9934600
2025-07-28,26303.83203125,26497.598749712248,25238.115079707644,25577.206837016576,27605900
2025-07-29,26303.83203125,26497.598749712248,25238.115079707644,25577.206837016576,27605900
2025-07-30,24463.046875,26739.805693069306,24463.046875,26691.36401608911,35775400
2025-07-31,24802.140625,25092.79071044922,24075.515411376953,24559.932220458984,17127700
2025-08-01,25092.7890625,25189.67241795367,24269.28054114382,25044.347384773166,15186700
2025-08-04,25577.205078125,25577.205078125,24850.579933860085,24995.904962713066,12135800
2025-08-05,25577.205078125,25577.205078125,24850.579933860085,24995.904962713066,12135800
2025-08-06,25722.533203125,27030.45862023305,24656.816196592514,25916.29993158545,36951400
2025-08-07,26933.57421875,26982.01589899955,25770.973892760794,25964.740613758993,22691200
2025-08-08,27321.107421875,27466.43246135306,26788.248943788785,27369.549101701017,17800100
2025-08-11,27224.224609375,27417.991332573398,26546.041078180606,27078.8995669762,22742000
2025-08-12,27224.224609375,27417.991332573398,26546.041078180606,27078.8995669762,22742000
2025-08-13,26885.130859375,27369.54763161599,26497.59744158221,27224.222599943696,15162500
2025-08-14,27757.08203125,27853.965389125216,26449.156699934552,26933.573489310646,33402400
2025-08-15,27853.96484375,28580.590013586956,27660.198131793477,28289.93994565217,15138500
2025-08-18,27708.640625,28532.149175043705,27417.990548513986,28338.382457386364,15847200
2025-08-19,27708.640625,28532.149175043705,27417.990548513986,28338.382457386364,15847200
2025-08-20,28096.173828125,28338.382223195043,27611.757037984913,27708.640396012932,19146000
2025-08-21,27272.6640625,28241.49759935613,26352.27220248668,28241.49759935613,23468800
2025-08-22,27321.107421875,27999.29093943927,26982.01566309286,27321.107421875,18142100
2025-08-25,25189.671875,26642.92217548077,24995.90516826923,26352.272115384614,14349800
2025-08-26,25189.671875,26642.92217548077,24995.90516826923,26352.272115384614,14349800
2025-08-27,26788.248046875,26885.131403283227,25044.3476315269,25092.78930973101,14065500
2025-08-28,26788.248046875,27563.314898140823,26739.80636867089,27030.45643789557,18018100
2025-08-29,27321.107421875,27321.107421875,26642.923904310726,27030.457342918882,12566500
2025-09-01,27321.107421875,27321.107421875,27321.107421875,27321.107421875,0
2025-09-02,27321.107421875,27321.107421875,27321.107421875,27321.107421875,0
2025-09-03,27950.849609375,28580.5914549935,27708.641207214037,28483.708094129117,13467900
2025-09-04,27950.849609375,28580.5914549935,27708.641207214037,28483.708094129117,13467900
2025-09-05,28774.357421875,28871.24078019781,27805.523838646888,27999.29055529251,18840200
2025-09-08,26642.923828125,27805.524140625,26642.923828125,27321.10734375,29747100
2025-09-09,26642.923828125,27805.524140625,26642.923828125,27321.10734375,29747100
2025-09-10,27030.45703125,27127.340389784946,26352.273521505376,27127.340389784946,12051600
2025-09-11,26691.365234375,27369.548743052404,26449.15683841878,27321.10706386116,9401000
2025-09-12,26400.71484375,26739.806594036698,25383.439592889907,26400.71484375,15420200
2025-09-15,26400.71484375,26400.71484375,26400.71484375,26400.71484375,0
2025-09-16,26836.69140625,27224.224856159744,26691.366362533845,26739.808043772562,8503700
2025-09-17,26546.0390625,27369.547573562955,26546.0390625,27321.105896441604,11096000
2025-09-18,26061.623046875,26739.806546236057,26013.181368349207,26449.15647508132,10213800
2025-09-19,26013.181640625,26303.831714821925,25916.298282559357,26255.390035789107,6177300
2025-09-22,25238.115234375,25964.74043306142,25044.348514725287,25819.415393324136,11458700
2025-09-23,25238.115234375,25964.74043306142,25044.348514725287,25819.415393324136,11458700
2025-09-24,25383.439453125,25722.531201544607,25238.114418088026,25480.322809816316,4718100
2025-09-25,26013.181640625,26013.181640625,25141.23141803422,25383.43981319832,7352600
2025-09-26,25916.298828125,26158.50722838785,25916.298828125,26013.182188230137,5113200
2025-09-29,25674.08984375,26061.623275353773,25383.43977004717,25383.43977004717,7253400
2025-09-30,25674.08984375,26061.623275353773,25383.43977004717,25383.43977004717,7253400
2025-10-01,25867.857421875,26110.065824701545,25286.55725509129,25722.532380179073,6970100
2025-10-02,25867.857421875,26206.949185832163,25770.974060744382,25964.740783005618,4951500
2025-10-03,25625.6484375,26158.50691162571,25577.206758034026,26061.623552693763,5904200
2025-10-06,26982.015625,26982.015625,25577.206912028727,25674.090271543988,18710100
2025-10-07,26982.015625,26982.015625,25577.206912028727,25674.090271543988,18710100
2025-10-08,26739.806640625,27224.223427592842,26691.364961928215,27224.223427592842,9546600
2025-10-09,26546.0390625,27563.314282048355,26158.505645529196,27563.314282048355,14158200
2025-10-10,26400.71484375,26788.24827264908,26255.389807912845,26739.806594036698,6373100
2025-10-13,26546.0390625,26739.8057709854,25916.297259922445,26013.180614165143,10366200
2025-10-14,26546.0390625,26739.8057709854,25916.297259922445,26013.180614165143,10366200
2025-10-15,26110.06640625,27175.78340242347,26110.06640625,26788.24994926948,15145400
2025-10-16,25867.857421875,26255.39086639747,25770.974060744382,26158.507505266854,12949000
2025-10-17,25964.740234375,26158.50695254198,25819.415195749767,25964.740234375,7194000
2025-10-20,23881.74609375,25916.296470905174,23881.74609375,25625.646417025862,14342000
2025-10-21,23881.74609375,25916.296470905174,23881.74609375,25625.646417025862,14342000
2025-10-22,23494.21484375,24172.398365012887,22961.35636275773,23833.306604381443,15860300
2025-10-23,23978.630859375,23978.630859375,23252.00568181818,23833.305823863637,6454700
2025-10-24,23639.5390625,24123.955846567624,23542.655705686477,24027.072489754097,3248300
2025-10-27,23203.564453125,23833.30628588205,22767.589338139354,23833.30628588205,21260600
2025-10-28,23203.564453125,23833.30628588205,22767.589338139354,23833.30628588205,21260600
2025-10-29,23252.005859375,23300.4475382487,22719.147391764323,23252.005859375,17952400
2025-10-30,23252.005859375,23542.65593261719,23203.564180501304,23397.330895996096,10385800
2025-10-31,22816.03125,23348.889729299364,22816.03125,23252.006369426752,8537300
2025-11-03,21653.4296875,22719.146584871367,21653.4296875,22622.263230564877,15802000
2025-11-04,22864.47265625,22912.914335606463,21508.105634269068,21653.430672338454,15067700
2025-11-05,22864.47265625,22912.914335606463,21508.105634269068,21653.430672338454,15067700
2025-11-06,21847.197265625,22380.055735518294,21847.197265625,22283.172377355877,8644800
2025-11-07,21217.45703125,22040.96563748573,21169.01534853025,21798.757223886987,13282700
2025-11-10,21556.546875,22137.84701544944,21120.57176966292,21169.013448033707,10428200
2025-11-11,21847.197265625,22040.963981949833,21604.98887021896,21750.313907462583,6673900
2025-11-12,22089.40625,22234.73129111842,21847.197848135966,21992.522889254386,8347100
2025-11-13,21992.5234375,22186.290163821588,21847.19839275881,22089.406800660796,7462900
2025-11-14,21895.638671875,22186.2887427406,21798.755314919803,21847.1969933974,7118900
2025-11-17,22234.73046875,22331.61382591231,21944.08039726307,21944.08039726307,8864600
2025-11-18,22234.73046875,22622.263897399236,22137.84711158769,22283.172147331155,11213500
2025-11-19,21944.08203125,22234.732124379138,21798.75698468543,22089.40707781457,8048400
2025-11-20,21944.08203125,22137.84876000276,21798.75698468543,21944.08203125,4931200
2025-11-21,21798.755859375,21944.0808984375,21653.4308203125,21798.755859375,5656500
2025-11-24,21847.197265625,22089.405661031044,21847.197265625,21944.080623787417,4541500
2025-11-25,21459.6640625,22040.964217691875,21362.780703301356,21944.080858493227,7600900
2025-11-26,21992.5234375,22283.17352698238,21508.106621696035,21508.106621696035,7296200
2025-11-27,21750.314453125,22137.84789549694,21701.87277282851,22089.406215200444,5295400
2025-11-28,21459.6640625,21895.639178893907,21459.6640625,21750.31414009594,4647700
2025-12-01,21411.22265625,21701.87273755656,21411.22265625,21604.98937712104,3749500
2025-12-02,21604.990234375,21798.756962934418,21314.340141535875,21459.665187955437,7069200
2025-12-03,21992.5234375,21992.5234375,21604.98998485683,21701.873348017623,5687700
2025-12-04,21992.5234375,21992.5234375,21604.98998485683,21701.873348017623,5687700
2025-12-05,22137.84765625,22380.05605511488,22089.405976477025,22380.05605511488,7354200
2025-12-08,21798.755859375,22283.17265625,21798.755859375,22186.289296875,6436800
2025-12-09,22186.291015625,22428.499432826145,21508.10744746179,21944.08259842385,13656800
2025-12-10,22331.615234375,22525.381960920553,22186.290189465835,22283.17355273861,7888000
2025-12-11,22234.73046875,22622.263897399236,22186.288790168845,22380.055504493463,7137400
2025-12-12,21653.4296875,22476.938199105145,21604.98801034676,22186.288136185685,11605100
2025-12-15,21944.08203125,22089.40707781457,21653.43193812086,21701.87362030905,7624600
2025-12-16,22670.70703125,23058.24048477564,21653.43171574519,22040.965169270832,13301700
2025-12-17,22283.171875,22719.14697690217,22186.28851902174,22670.705298913042,6094600
2025-12-18,22283.171875,22719.14697690217,22186.28851902174,22670.705298913042,6094600
2025-12-19,22380.0546875,22573.82139475108,22186.28798024892,22186.28798024892,8597600
2025-12-22,22573.822265625,22816.030659032993,22331.613872217004,22525.3805869434,8120400
2025-12-23,22283.171875,22912.913688858695,22137.84684103261,22767.588654891304,12389800
2025-12-24,22525.380859375,22670.70589717742,22089.405745967742,22186.289104502688,8551700
2025-12-25,22525.380859375,22670.70589717742,22089.405745967742,22186.289104502688,8551700
2025-12-26,22186.291015625,22380.057749385916,21653.432497782476,22089.40764874454,12134900
2025-12-29,22040.962890625,22283.17127403846,21992.52121394231,22283.17127403846,4177500
2025-12-30,21992.5234375,22186.290163821588,21895.640074339208,22089.406800660796,3418600
2025-12-31,21701.873046875,22089.406494140625,21701.873046875,21992.52313232422,5472800
2026-01-01,21701.873046875,21701.873046875,21701.873046875,21701.873046875,0
2026-01-02,21701.873046875,21701.873046875,21701.873046875,21701.873046875,0
2026-01-05,21072.12890625,21847.195716594826,20636.153825431033,21750.312365301725,9130100
2026-01-06,21072.12890625,21314.337284482757,20636.153825431033,21120.57058189655,7288600
2026-01-07,21556.546875,21653.430231741575,21169.013448033707,21217.455126404493,5999100
2026-01-08,21798.755859375,22283.17265625,21604.989140625,21604.989140625,11682400
2026-01-09,21895.638671875,22137.847064262998,21701.871957964602,21944.0803503526,9068900
2026-01-12,23397.330078125,23397.330078125,22476.938211697725,22525.379888878106,23784800
2026-01-13,24705.255859375,24995.90592830882,24463.04746859681,24899.022571997546,53751500
2026-01-14,25674.08984375,25674.08984375,24705.25626474057,24802.13962264151,39610400
2026-01-15,25238.115234375,26206.94883262356,25238.115234375,25674.09035358685,32267000
2026-01-16,25674.08984375,26642.923422759435,24802.13962264151,25189.673054245286,32554100
2026-01-19,25092.7890625,25770.972550675677,25044.347384773166,25722.530872948842,22972800
2026-01-20,24705.255859375,25625.647744332106,24705.255859375,25286.555997242645,24235100
2026-01-21,23009.796875,23639.53868421053,23009.796875,23542.65532894737,78387800
2026-01-22,22912.9140625,23397.3308502907,22816.030704941862,23252.00581395349,17603600
2026-01-23,22912.9140625,23591.097565406977,22816.030704941862,23155.12245639535,16200900
2026-01-26,22186.291015625,23203.566367869815,21944.08259842385,22767.59121690775,18567000
2026-01-27,22622.263671875,23009.797096660866,22089.40521279443,22234.730247089134,13051800
2026-01-28,22719.1484375,22864.473480810237,22428.49835087953,22670.70675639659,9153000
2026-01-29,22864.47265625,23155.122732388772,22719.147618180614,22719.147618180614,8057900
2026-01-30,22816.03125,23058.239649681527,22767.589570063694,22961.35628980892,10281500
2026-02-02,22961.35546875,23203.56385977057,22525.380364912977,22864.472112341773,10921000
2026-02-03,23155.12109375,23494.212825248433,22912.912714108264,23058.237741893307,12453000
2026-02-04,23348.888671875,24027.072160269712,23203.563638647563,23397.33034961748,12850600
2026-02-05,22807.037109375,23447.407481776456,22807.037109375,23447.407481776456,7571500
2026-02-06,22166.66796875,22708.519852430556,22166.66796875,22610.001328125,10291300
2026-02-09,22560.7421875,22807.03849959061,22314.445875409387,22412.964400245633,3948100
2026-02-10,22462.22265625,22708.518957305372,22363.70413582785,22560.74117667215,4437500
2026-02-11,23053.333984375,23201.11176632612,22560.74137787126,22659.259899172008,7222900
2026-02-12,22954.814453125,23201.110745540504,22954.814453125,23151.851487057404,3260400
2026-02-13,23250.37109375,23545.92665850106,22856.297007415254,22905.556268207096,6568400
2026-02-16,23250.37109375,23250.37109375,23250.37109375,23250.37109375,0
2026-02-17,23250.37109375,23250.37109375,23250.37109375,23250.37109375,0
2026-02-18,23250.37109375,23250.37109375,23250.37109375,23250.37109375,0
2026-02-19,23250.37109375,23250.37109375,23250.37109375,23250.37109375,0
2026-02-20,23250.37109375,23250.37109375,23250.37109375,23250.37109375,0
2026-02-23,23545.92578125,23545.92578125,23250.37022751046,23496.66652229341,5919100
2026-02-24,23742.962890625,23989.2591861709,23348.888817751555,23447.407335969918,12899200
2026-02-25,23792.22265625,24334.074517986544,23595.18561561853,23693.704135934266,11183800
2026-02-26,23792.22265625,24087.778217197207,23545.926355460662,23841.48191640787,7110200
2026-02-27,23890.7421875,24186.29776095361,23595.186614046394,23792.223663015466,10392300
2026-03-02,23004.07421875,23742.963112285866,22659.259401766594,22659.259401766594,15653500
2026-03-03,23004.07421875,23742.963112285866,22659.259401766594,22659.259401766594,15653500
2026-03-04,24235.556640625,24432.593686483742,22954.81584254319,23545.926980119413,22574400
2026-03-05,24137.037109375,25368.518594547193,24137.037109375,24629.62970344388,24647000
2026-03-06,23004.07421875,24038.518669700214,22856.296440042828,24038.518669700214,17439700
2026-03-09,21427.77734375,21674.073635057473,21427.77734375,21427.77734375,12429000
2026-03-10,21674.07421875,22166.666814630684,21329.259401633524,22166.666814630684,19269400
2026-03-11,22314.4453125,22610.00087955298,21526.297133692053,21723.334178394038,9581100
2026-03-12,21624.814453125,22215.925554349375,21575.555194689638,21969.62926217255,8759200
2026-03-13,21329.259765625,21772.593109483256,21230.74124476761,21378.519026053695,8326600
2026-03-16,21427.77734375,21969.629184626436,21279.99956896552,21526.29586027299,4880600
2026-03-17,21526.296875,22068.148741418765,21526.296875,21772.59317791762,7210600
2026-03-18,21132.22265625,21674.07451923077,20836.667094624125,21575.55599868881,8356300
2026-03-19,20245.556640625,20836.66778341697,20196.29737872567,20787.408521517642,12828900
2026-03-20,20196.296875,20639.630221036587,20196.296875,20393.33391768293,6673900
2026-03-23,18817.037109375,20048.51859559064,18817.037109375,19950.000076693388,16839400
2026-03-24,19457.408203125,19900.741554588607,19211.11189675633,19408.148941851265,7020100
2026-03-25,20787.408203125,20787.408203125,19851.482241372927,19999.260024807463,15099500
2026-03-26,21427.77734375,21674.073635057473,20738.14772808908,20885.925502873564,17367100
2026-03-27,21920.37109375,22265.185919943822,21280.00070224719,21477.037745786518,11310100
2026-03-30,21969.630859375,22117.40864542461,21181.482667110427,21181.482667110427,11841700
2026-03-31,22363.705078125,22708.51991413133,21969.630979832047,22166.668028978525,11220200
2026-04-01,23151.8515625,23447.4071143617,22708.518234707448,22757.777493351063,19337400
2026-04-02,23250.37109375,23545.92665850106,22757.778485831568,22856.297007415254,13654800
2026-04-03,23792.22265625,24235.555997670806,23299.630054671325,23447.407835144928,26829100
2026-04-06,23644.4453125,24038.519401041667,23151.852701822914,23644.4453125,16203000
2026-04-07,23890.7421875,23940.001449742267,23348.89030283505,23595.186614046394,8655500
2026-04-08,25023.705078125,25516.29769777313,24186.29762472318,24629.630982406496,30192700
2026-04-09,24826.66796875,25122.223539806546,24334.07535032242,24678.890183221723,11729800
2026-04-10,24925.185546875,25368.518886641552,24629.629987030632,25023.704066823124,12509900
2026-04-13,25516.296875,25861.111697635137,24481.852407094597,24629.63018822394,19506800
2026-04-14,25565.556640625,25910.371470074664,25319.26033387524,25762.593686024808,11570600
2026-04-15,26452.22265625,26698.518956587523,25713.333755237432,25713.333755237432,33493000
2026-04-16,26452.22265625,26895.555996857544,26107.407835777467,26205.926355912477,28545700
2026-04-17,26600.0,27634.444444444445,26353.703703703704,26452.222222222223,24187900
2026-04-20,27535.92578125,27880.74059425313,26501.481342240608,26501.481342240608,25060100
2026-04-21,26895.556640625,27979.26038804945,26550.74181189904,27535.927036830355,14482000
2026-04-22,26846.296875,27240.370957568808,26649.259833715598,26895.5561353211,10048900
2026-04-23,26402.962890625,27092.592518365207,25713.333262884797,26797.036963619405,13898300
2026-04-24,25811.8515625,26353.703408277674,25811.8515625,26353.703408277674,4525100
2026-04-27,25811.8515625,25811.8515625,25811.8515625,25811.8515625,0
2026-04-28,26353.705078125,26698.519910922896,25417.77910338785,25910.37172167056,7020800
2026-04-29,26353.705078125,26649.260649094627,26205.927292640186,26402.964339953272,3340300
2026-04-30,26353.705078125,26353.705078125,26353.705078125,26353.705078125,0
2026-05-01,26353.705078125,26353.705078125,26353.705078125,26353.705078125,0
2026-05-04,25959.630859375,26649.260521673386,25959.630859375,26550.741998487905,4214100
2026-05-05,26205.92578125,26353.70355821194,25614.814673402256,25811.851709351504,4940800
2026-05-06,28028.51953125,28028.51953125,26205.926872803164,26205.926872803164,26253700
2026-05-07,27782.22265625,28225.55599650931,27437.407836048314,28028.518956394062,6683400
2026-05-08,27535.92578125,28028.51837125447,26649.25911924195,27634.444299250892,13995800
2026-05-11,27141.8515625,27880.740443511797,27043.33304503176,27585.184891107077,7766300
2026-05-12,27289.630859375,27831.48273564418,26846.297506063856,26846.297506063856,6749300
2026-05-13,28077.779296875,28422.594130345395,27289.631106085526,27585.18667763158,12456800
2026-05-14,27831.482421875,28422.59355295907,27732.963900027655,28077.77872649336,9156300
2026-05-15,28324.07421875,28471.851997282607,27732.963104619565,27979.259402173913,9187900
2026-05-18,29161.482421875,29457.03798696157,27930.000900680956,28077.778683224242,17488100
2026-05-19,29555.556640625,29998.889990234373,29112.223291015624,29112.223291015624,15418000
2026-05-20,29161.482421875,29654.07503035262,28077.778683224242,29555.556508657097,12070900
2026-05-21,28471.8515625,29210.74044387976,28471.8515625,29210.74044387976,3398000
2026-05-22,28077.779296875,28865.927487664474,27535.92741570724,28274.81634457237,9990400
2026-05-25,27732.962890625,28274.8147410635,27732.962890625,27979.259186278865,2337100
2026-05-26,27388.1484375,28028.51881463579,27289.629917940645,27782.22251573741,5100700
2026-05-27,27092.59375,27388.14931818182,26797.03818181818,27338.89005681818,7998200
2026-05-28,27141.8515625,27535.925632372957,26797.03675136116,26994.073786297642,4341800
2026-05-29,27043.333984375,27732.963630606788,26994.074723929873,27289.630286600637,3735800
2026-06-01,26747.779296875,27191.11265538674,26501.4829865907,26994.0756071593,3933400
2026-06-02,26255.185546875,26895.555926067074,26255.185546875,26895.555926067074,4342700
2026-06-03,26895.556640625,27092.593685611264,26156.66772192651,26156.66772192651,4683400
2026-06-04,26944.814453125,26944.814453125,26649.258901536792,26895.555194526965,2417300
2026-06-05,26600.0,27141.85185185185,26600.0,27141.85185185185,2363100
2026-06-08,26944.814453125,27240.370004713208,26107.407056958407,26599.999642938757,9156700
2026-06-09,27043.333984375,27092.593244820127,26304.44507769809,27043.333984375,2862300
2026-06-10,27388.1484375,27634.444736398378,26747.778060364206,26895.555839703236,4043400
2026-06-11,27043.333984375,27486.667328381147,26944.815463484745,26994.074723929873,1904200
2026-06-12,26600.0,27585.185185185186,26501.48148148148,27585.185185185186,4151200
2026-06-15,27043.333984375,27535.926588826274,26895.556203039618,27092.593244820127,3854200
2026-06-16,27437.408203125,27535.926724500674,26895.5563355588,27043.334117622308,4451500
2026-06-17,27092.59375,27732.964147727274,27092.59375,27486.667840909093,3037100
2026-06-18,28028.51953125,28373.334358523727,26994.075049428822,27289.630615663445,6733800
2026-06-19,27831.482421875,28176.297248340707,27388.149073561945,28028.51946556969,2712900
2026-06-22,27930.0,28127.037037037036,27683.703703703704,28077.777777777777,2249700
2026-06-23,27141.8515625,28077.777478448275,27092.59230376588,27979.258960980034,5165900
2026-06-24,26600.0,27141.85185185185,26402.962962962964,27092.59259259259,4532600
2026-06-25,26550.7421875,27043.334806934137,26501.482925556586,26600.001449443414,1816500
2026-06-26,26501.482421875,26747.778726911012,26452.223160867798,26501.482421875,1841600
2026-06-29,26550.7421875,26698.51997333024,26550.7421875,26600.001449443414,1548200
2026-06-30,26797.037109375,27141.851925120634,26550.740812413835,26600.000071806066,3117800
2026-07-01,26797.037109375,27141.851925120634,26550.740812413835,26600.000071806066,3117800
2026-07-02,28570.37109375,28619.630354256467,27683.704404633623,27683.704404633623,11411100
2026-07-03,28127.037109375,28718.148222006348,28077.777849989056,28570.37044384851,4741300
2026-07-06,27388.1484375,28422.5928928732,26747.778060364206,28373.333633093524,6061700
2026-07-07,28176.296875,28570.370957167834,27191.11166958042,27289.630190122378,3960500
2026-07-08,27782.22265625,28324.074516566932,27782.22265625,28225.55599650931,4085900
2026-07-09,27683.705078125,28225.556956878336,27585.186554715303,27634.445816420153,5212300
2026-07-10,27388.1484375,28077.778074415466,27388.1484375,27782.22251573741,4311500
2026-07-13,27191.111328125,27338.8891070822,26205.926135076992,27338.8891070822,8621200
2026-07-14,26698.51953125,27240.371403655445,26600.001008994466,26846.297314633302,3559300
2026-07-15,26600.0,26698.51851851852,26353.703703703704,26402.962962962964,9926900
2026-07-16,24900.0,24900.0,23300.0,23400.0,10218000
2026-07-17,25400.0,26300.0,25000.0,25000.0,8596000
2026-07-20,25750.0,25800.0,24300.0,25400.0,9004200
2026-07-21,25750.0,25750.0,24750.0,25500.0,4415200
2026-07-22,25300.0,26000.0,25300.0,25850.0,5463100
2026-07-23,25950.0,26200.0,24100.0,25800.0,9829400
2026-07-24,25600.0,25900.0,25050.0,25900.0,2324900
2026-07-27,25000.0,25650.0,24500.0,25650.0,4502000
2026-07-28,25300.0,25500.0,24200.0,24600.0,5334100
2026-07-29,25250.0,25400.0,24800.0,25300.0,2366700
2026-07-30,25700.0,25900.0,24950.0,25200.0,5643000
2026-07-31,25000.0,25750.0,25000.0,25700.0,3965800
2026-08-03,25150.0,25450.0,24950.0,25050.0,4156200
2026-08-04,25100.0,25250.0,24900.0,25250.0,2499000
2026-08-05,25550.0,26250.0,25200.0,25250.0,9122500
2026-08-06,25450.0,26000.0,25350.0,25550.0,2800800
2026-08-07,25350.0,25800.0,25300.0,25300.0,2901100
2026-08-10,25950.0,26000.0,25250.0,25400.0,5487100
2026-08-11,26500.0,27350.0,26100.0,26150.0,9908700
2026-08-12,26150.0,26650.0,26150.0,26650.0,3313700
2026-08-13,25700.0,26500.0,25700.0,26100.0,6148600
2026-08-14,25200.0,25800.0,25200.0,25700.0,5071800
2026-08-17,25300.0,25400.0,25050.0,25200.0,2040200
2026-08-18,25100.0,25650.0,24850.0,25300.0,3915600
2026-08-19,24850.0,25200.0,24750.0,25000.0,2382100
2026-08-20,25100.0,25200.0,24900.0,25100.0,1598400
2026-08-21,26300.0,26600.0,25150.0,25250.0,6436700
2026-08-24,26250.0,27000.0,26200.0,26500.0,6291700
2026-08-25,26250.0,26600.0,26100.0,26100.0,5090000
2026-08-26,26500.0,26500.0,26000.0,26250.0,3561700
2026-08-27,26500.0,26900.0,26150.0,26600.0,2636000
2026-08-28,26050.0,26700.0,26050.0,26300.0,4649800
2026-08-31,26050.0,26050.0,26050.0,26050.0,0
2026-09-01,26050.0,26050.0,26050.0,26050.0,0
2026-09-02,26050.0,26050.0,26050.0,26050.0,0
2026-09-03,26050.0,26500.0,25850.0,26050.0,3248700
2026-09-04,26400.0,26500.0,26050.0,26500.0,2635800
2026-09-07,26400.0,27050.0,26400.0,26500.0,7588800
2026-09-08,26500.0,26800.0,26350.0,26500.0,2570600
2026-09-09,26500.0,26500.0,26500.0,26500.0,0
2026-09-10,26300.0,26450.0,26050.0,26200.0,2621700
2026-09-11,25500.0,26200.0,25000.0,26100.0,5841200
2026-09-14,24750.0,25500.0,24650.0,25200.0,4303400
2026-09-15,25150.0,25300.0,24750.0,24800.0,2214900
2026-09-16,24900.0,25250.0,24700.0,25250.0,3072800
2026-09-17,25300.0,25900.0,24200.0,24700.0,3614500
2026-09-18,25500.0,25850.0,25300.0,25700.0,4465900
2026-09-21,25000.0,25800.0,24950.0,25800.0,2444800
2026-09-22,25000.0,25300.0,24950.0,25050.0,1461300
2026-09-23,25500.0,25500.0,25000.0,25200.0,3410600
2026-09-24,25100.0,25550.0,25000.0,25500.0,1945600
2026-09-25,24900.0,25200.0,24800.0,25050.0,1961200
2026-09-28,23900.0,25000.0,23650.0,24900.0,4862400
2026-09-29,24450.0,24500.0,23550.0,23800.0,3720900
2026-09-30,23800.0,24650.0,23800.0,24450.0,1415900
2026-10-01,23550.0,24100.0,23500.0,23900.0,2365600
2026-10-02,23500.0,23750.0,22900.0,23500.0,3307000
2026-10-05,23400.0,23750.0,23400.0,23450.0,1224400
2026-10-06,23500.0,23650.0,22600.0,23650.0,3945500
2026-10-07,23000.0,23700.0,22500.0,23700.0,1284500
2026-10-08,23600.0,23600.0,22700.0,22950.0,4191648
