Price,Close,High,Low,Open,Volume
Ticker,HDB.VN,HDB.VN,HDB.VN,HDB.VN,HDB.VN
Date,,,,,
2018-01-05,3528.947021484375,3528.947021484375,3252.6911161611206,3475.478088516416,315103614
2018-01-08,3537.8583984375,3564.5929707775404,3528.9469452797325,3564.5929707775404,32496875
2018-01-09,3542.31396484375,3546.7696912211595,3466.5664035610635,3537.858238466341,44393474
2018-01-10,3591.327392578125,3591.327392578125,3484.3893205672775,3493.300986218229,85376137
2018-01-11,3787.3798828125,3787.3798828125,3591.3274904815694,3600.2389435087266,96612411
2018-01-12,4050.2685546875,4050.2685546875,3796.2912946989472,3796.2912946989472,183105689
2018-01-15,4054.72412109375,4072.5470262513622,3921.0519066782076,4054.72412109375,64181480
2018-01-16,4005.711181640625,4027.9898133642264,3961.153492459967,3974.520671494128,61356635
2018-01-17,3805.20263671875,4005.7111732795533,3805.20263671875,4001.2554469441334,56695523
2018-01-18,3921.052001953125,3921.052001953125,3716.0877361933995,3796.291237084914,52553355
2018-01-19,4027.98974609375,4108.192818959263,3965.6091525760144,3965.6091525760144,65834884
2018-01-22,4027.98974609375,4027.98974609375,4027.98974609375,4027.98974609375,0
2018-01-23,4027.98974609375,4027.98974609375,4027.98974609375,4027.98974609375,0
2018-01-24,4027.98974609375,4027.98974609375,4027.98974609375,4027.98974609375,0
2018-01-25,4259.6884765625,4304.2457404470015,4010.166947342373,4054.7242112268746,100622788
2018-01-26,4188.396484375,4286.4228919594125,4126.016314106215,4259.688533272791,55157179
2018-01-29,4192.85205078125,4232.953587280504,4126.016156615827,4197.307777058944,64497700
2018-01-30,4188.396484375,4192.85221082277,4072.547170999506,4192.85221082277,59897151
2018-01-31,4152.75048828125,4179.4848457800335,4099.281347550238,4179.4848457800335,54613970
2018-02-01,4099.28125,4161.661841746141,4081.4583454249414,4152.7503894586125,33546114
2018-02-02,4099.28125,4099.28125,4036.901083987295,4099.28125,44689343
2018-02-05,3831.9375,4063.636151459889,3814.114592308241,4027.9903360763706,32807518
2018-02-06,3653.707763671875,3680.442123499687,3564.593018045759,3564.593018045759,38216619
2018-02-07,3907.6845703125,3907.6845703125,3769.5566351747398,3778.468087394374,41467364
2018-02-08,4001.255615234375,4085.9144191680475,3876.4948468618063,3907.684932521581,45671072
2018-02-09,3974.5205078125,3983.43238586838,3751.733774017999,3903.22888923296,33801869
2018-02-12,4143.83935546875,4188.396621404206,3978.976620040604,3983.432772367629,33618027
2018-02-13,4152.75048828125,4183.94057202983,4054.7240850522658,4183.94057202983,49575488
2018-02-14,4152.75048828125,4152.75048828125,4152.75048828125,4152.75048828125,0
2018-02-15,4152.75048828125,4152.75048828125,4152.75048828125,4152.75048828125,0
2018-02-16,4152.75048828125,4152.75048828125,4152.75048828125,4152.75048828125,0
2018-02-19,4152.75048828125,4152.75048828125,4152.75048828125,4152.75048828125,0
2018-02-20,4152.75048828125,4152.75048828125,4152.75048828125,4152.75048828125,0
2018-02-21,4161.662109375,4197.307920817434,4054.7242493142344,4179.485015096217,31927249
2018-02-22,4010.167236328125,4117.10510309068,4010.167236328125,4117.10510309068,21953995
2018-02-23,3970.06494140625,4143.839120153409,3952.2420360441733,4010.1669042043777,21284376
2018-02-26,3921.052001953125,4099.281483593372,3889.861917169437,3970.0649923274914,23267207
2018-02-27,3965.609130859375,3974.5205833511864,3814.1140127651383,3965.609130859375,15454267
2018-02-28,3965.609130859375,3965.609130859375,3965.609130859375,3965.609130859375,0
2018-03-01,3916.596435546875,3921.0521621265593,3849.760111118132,3858.671990010979,26805993
2018-03-02,3880.950927734375,3880.950927734375,3849.7604134932826,3876.4952008047208,17695789
2018-03-05,3831.9375,3894.318102654667,3823.0260461541206,3885.406648808788,25231352
2018-03-06,3849.76025390625,3880.9507668543783,3814.114439946667,3831.9373469264588,24258036
2018-03-07,3787.3798828125,3912.140650926173,3760.6455237310283,3849.7600540026006,13281430
2018-03-08,3787.3798828125,3876.494838817544,3724.9997116223994,3831.937147948286,21355995
2018-03-09,3787.3798828125,3867.5833857903867,3733.9111646495567,3751.734070703871,9966405
2018-03-12,3787.3798828125,3823.025694921129,3760.6455237310283,3787.3798828125,13967193
2018-03-13,3769.55712890625,3787.3800356799384,3747.2784954391395,3787.3800356799384,16514856
2018-03-14,3921.052001953125,3943.3306339414735,3778.4683314942354,3787.3797842895747,58453419
2018-03-15,3965.609130859375,3974.5205833511864,3921.051868400319,3921.051868400319,42538617
2018-03-16,3992.343994140625,3992.343994140625,3965.60921039554,3983.4325414700816,28014615
2018-03-19,4027.98974609375,4041.3569249046686,3947.786247494789,3992.3439359313,42395281
2018-03-20,3921.052001953125,4001.2555028446395,3921.052001953125,3996.79977644697,26087650
2018-03-21,3876.494873046875,3938.8750447877906,3845.3043614429416,3921.0521385761003,20738525
2018-03-22,3787.3798828125,3921.05210395333,3787.3798828125,3876.494838817544,28190434
2018-03-23,3742.822509765625,3760.645415306079,3644.7961035596695,3742.822509765625,20768366
2018-03-26,3894.3173828125,3894.3173828125,3662.618774180766,3662.618774180766,34148615
2018-03-27,3992.343994140625,4005.7111731464406,3894.317589031191,3894.317589031191,44163255
2018-03-28,4050.2685546875,4050.2685546875,3961.1535996482016,3974.5207790440763,38203900
2018-03-29,4099.28125,4126.016032596024,4050.268262418589,4054.7239885623535,35254993
2018-03-30,4090.370361328125,4099.281814843572,4010.16727968911,4099.281814843572,23075832
2018-04-02,4063.6357421875,4108.193006929277,4054.724289239145,4099.281553980921,22674882
2018-04-03,4063.6357421875,4081.458648084211,4023.5342039199013,4045.8128362907896,20701345
2018-04-04,4143.83935546875,4152.750808655841,4063.6358510514497,4090.3702106127234,52348380
2018-04-05,4139.3837890625,4170.573876424323,4117.105155232625,4143.839515828475,27436281
2018-04-06,4139.3837890625,4143.839515828475,4108.19327596718,4139.3837890625,29108469
2018-04-09,4339.8916015625,4339.8916015625,4126.0163067189815,4143.839212478153,76026811
2018-04-10,4509.21044921875,4509.21044921875,4366.626339299693,4366.626339299693,90166203
2018-04-11,4464.65234375,4527.032939307187,4384.449268262354,4509.210033643266,55086930
2018-04-12,4375.5380859375,4446.8297130006185,4366.626206821122,4411.183899469059,26471575
2018-04-13,4455.74072265625,4464.652175151688,4375.537650197307,4415.639186426778,29684064
2018-04-16,4544.85595703125,4571.590316186307,4384.449376367435,4455.74100078092,27748881
2018-04-17,4527.033203125,4607.236283286568,4509.21029642243,4589.413376583997,16424061
2018-04-18,4616.1474609375,4669.616603585244,4509.210027108937,4535.9443855660775,45249087
2018-04-19,4384.44921875,4625.058868229263,4366.625887553891,4625.058868229263,33777018
2018-04-20,4464.65234375,4464.65234375,4339.891578369089,4366.625936864971,17638063
2018-04-23,4152.75048828125,4429.006367235567,4152.75048828125,4411.1834622363795,38179244
2018-04-24,4010.167236328125,4134.928009928857,3863.1278291796707,4099.281770519012,29481241
2018-04-25,4010.167236328125,4010.167236328125,4010.167236328125,4010.167236328125,0
2018-04-26,3760.6455078125,4054.7243079308187,3733.911148844193,4010.16704298364,30067402
2018-04-27,3814.114013671875,3836.3926449066994,3724.9994887325774,3742.822393720437,16697818
2018-04-30,3814.114013671875,3814.114013671875,3814.114013671875,3814.114013671875,0
2018-05-01,3814.114013671875,3814.114013671875,3814.114013671875,3814.114013671875,0
2018-05-02,3742.822509765625,3823.0255846976675,3653.7075563298968,3823.0255846976675,9954566
2018-05-03,3876.494873046875,3876.494873046875,3658.1634204867196,3698.2649594630225,20401171
2018-05-04,3831.9375,3921.0524641923057,3814.114592308241,3921.0524641923057,6322147
2018-05-07,3876.494873046875,3921.0521385761003,3787.3799162549485,3876.494873046875,15673332
2018-05-08,3849.76025390625,3876.4950401094306,3823.025893436563,3876.4950401094306,11327852
2018-05-09,3823.025634765625,3840.8485405394954,3742.8225587832094,3831.93708765256,5137203
2018-05-10,3564.5927734375,3823.0255393058255,3564.5927734375,3823.0255393058255,9410182
2018-05-11,3689.353515625,3689.353515625,3484.389455075471,3564.592958963027,8014784
2018-05-14,3609.150390625,3742.8226115469083,3591.327484599875,3698.264920750625,5388652
2018-05-15,3644.796142578125,3680.4419540406298,3595.7831518171806,3644.796142578125,13188775
2018-05-16,3577.9599609375,3644.7962857892903,3546.7698746822884,3644.7962857892903,9780117
2018-05-17,3609.150390625,3635.8847496626877,3582.4156058538415,3609.150390625,6862519
2018-05-18,3613.606201171875,3693.809280150197,3582.4156891690463,3644.7962874412224,15194012
2018-05-21,3662.618896484375,3680.441801476822,3609.1501815070337,3653.7074439881517,17090255
2018-05-22,3475.47802734375,3618.0619170375708,3408.641915526884,3582.415678530691,13757521
2018-05-23,3359.628662109375,3502.2125497665957,3279.4253716480703,3475.4779777016693,9385233
2018-05-24,3163.575927734375,3413.097454929963,3127.9301169159926,3386.3630968161765,23169074
2018-05-25,3141.297119140625,3181.3988669205955,3056.6381103459275,3163.5757496479887,26342524
2018-05-28,2922.966064453125,3119.018662443272,2922.966064453125,3119.018662443272,26378236
2018-05-29,3123.474365234375,3123.474365234375,2980.8906973836497,3029.903686861462,38588021
2018-05-30,3270.513916015625,3332.8943002958536,3110.1073352188864,3208.1335317353964,43665737
2018-05-31,3475.47802734375,3484.3894805371,3225.956486462988,3225.956486462988,18347405
2018-06-01,3671.530517578125,3711.632055652603,3457.6550092473776,3520.0353924521874,26346046
2018-06-04,3831.9375,3831.9375,3618.062181965381,3662.619451194779,22925060
2018-06-05,3849.76025390625,3921.052307558909,3805.2029864567717,3831.9373469264588,21569678
2018-06-06,3849.76025390625,3876.4950401094306,3814.114439946667,3849.76025390625,10762042
2018-06-07,3974.5205078125,3992.3438381908227,3823.025392597539,3840.848297242424,14793650
2018-06-08,3867.58349609375,3978.9766621101453,3849.760163797643,3965.609482188178,8449880
2018-06-11,3733.910888671875,3814.113959988388,3733.910888671875,3787.379602882884,16398524
2018-06-12,3644.796142578125,3698.2648597718826,3475.4778995310303,3698.2648597718826,22723117
2018-06-13,3653.707763671875,3742.8227221647326,3644.7963103959373,3644.7963103959373,3697972
2018-06-14,3493.301025390625,3698.264867459556,3493.301025390625,3698.264867459556,3410810
2018-06-15,3484.389404296875,3528.946882155425,3404.1861144448735,3493.3010701619733,10684944
2018-06-18,3279.42529296875,3520.035371446732,3243.7794815597044,3430.9206300573874,13730713
2018-06-19,3279.42529296875,3332.8942229490494,3083.3726916188057,3083.3726916188057,30088047
2018-06-20,3353.328125,3408.7548537918506,3057.717801467493,3057.717801467493,9124978
2018-06-21,3371.803466796875,3399.5168292656804,3325.6143086870215,3371.803466796875,3979556
2018-06-22,3454.94384765625,3454.94384765625,3325.614378753334,3371.803537836333,11196551
2018-06-25,3445.7060546875,3487.2763198646294,3436.468267017438,3482.6572053677487,2927284
2018-06-26,3399.516845703125,3404.135739470259,3325.6143247671303,3325.6143247671303,4182575
2018-06-27,3344.08984375,3454.9437336257197,3344.08984375,3399.51678868786,3296337
2018-06-28,3196.284912109375,3334.8521687944517,3187.0471244186165,3316.376593412935,7411109
2018-06-29,3339.47119140625,3339.47119140625,3214.7608321104635,3260.949772345252,12076624
2018-07-02,3344.08984375,3362.5656391705147,3223.9983871567865,3339.4709500603317,8434030
2018-07-03,3205.522705078125,3371.8035457711135,3177.8093419602187,3353.327970359176,22998147
2018-07-04,3168.571533203125,3223.9984797325465,3103.9067990291082,3140.85794960749,12687441
2018-07-05,3030.00439453125,3223.9986045646915,3002.2908098625544,3205.522807898275,15605626
2018-07-06,3233.236328125,3233.236328125,2919.1504389982897,3030.0043341399173,30674208
2018-07-09,3251.7119140625,3288.663286114053,3223.9985505202258,3242.474126215075,12284731
2018-07-10,3242.473876953125,3330.233075419113,3223.9983026785667,3233.236089815846,5853198
2018-07-11,3030.00439453125,3196.2850198959954,3016.147712527831,3187.047231893716,15203601
2018-07-12,3048.479736328125,3094.6688934527733,3002.290579203477,3030.004161743002,14627615
2018-07-13,3090.050048828125,3103.9067299867943,3043.860890970716,3048.4797846902725,16556732
2018-07-16,3099.287841796875,3117.7634167080646,3071.574258768246,3103.9067355246725,12585590
2018-07-17,3099.287841796875,3099.287841796875,3030.00421521807,3099.287841796875,15800133
2018-07-18,3256.330810546875,3284.044394772796,3108.5257635481425,3108.5257635481425,21207473
2018-07-19,3242.473876953125,3334.8519689877526,3242.473876953125,3260.9494512276833,18163270
2018-07-20,3270.1875,3270.1875,3140.858028407269,3233.236348494565,16716407
2018-07-23,3251.7119140625,3284.0443921903407,3214.760762672801,3233.2363383676507,13075183
2018-07-24,3251.7119140625,3251.7119140625,3251.7119140625,3251.7119140625,0
2018-07-25,3094.669189453125,3191.666185964475,3076.19339243898,3140.8581303338337,9309798
2018-07-26,3030.00439453125,3099.2880252102036,3002.2908098625544,3094.669131209064,12059307
2018-07-27,3085.43115234375,3103.9067272054203,3048.4797819585656,3103.9067272054203,7870861
2018-07-30,3251.7119140625,3251.7119140625,3150.0960270789737,3168.5716027738235,8284138
2018-07-31,3288.663330078125,3311.7578000054223,3177.809433103384,3251.7119575325924,14689743
2018-08-01,3302.52001953125,3334.852277502861,3288.6633375434167,3297.9011255353057,20680897
2018-08-02,3251.7119140625,3302.51996788519,3214.760762672801,3302.51996788519,11232360
2018-08-03,3311.7578125,3325.6144945086567,3242.4741817948584,3256.330863803515,26036088
2018-08-06,3311.7578125,3325.6144945086567,3279.4253338179433,3311.7578125,14791595
2018-08-07,3344.08984375,3390.2790013085237,3297.9009068533187,3311.757587922323,22022287
2018-08-08,3371.803466796875,3390.2790417760784,3325.6143086870215,3348.7087774110255,11799345
2018-08-09,3362.565673828125,3417.9926193372644,3362.565673828125,3381.0412487772232,17142208
2018-08-10,3427.23046875,3427.23046875,3344.0899386528217,3362.565734597666,21459412
2018-08-13,3454.94384765625,3454.94384765625,3399.516900889022,3427.230484603561,14819284
2018-08-14,3454.94384765625,3464.1816353404797,3362.565750152103,3431.8493784456755,12831658
2018-08-15,3371.803466796875,3491.8951454853873,3353.327891817672,3454.9437748651353,9910538
2018-08-16,3385.66015625,3417.9926332039386,3297.9009542239023,3325.614316759982,11512966
2018-08-17,3316.376708984375,3408.754809773067,3316.376708984375,3390.2792337477003,9169300
2018-08-20,3233.236328125,3320.9955330593743,3191.666062281426,3316.3766391502945,13551469
2018-08-21,3279.425048828125,3279.425048828125,3223.9983256102114,3233.236112813197,11163285
2018-08-22,3325.614501953125,3344.0900780060256,3279.4253411590157,3284.044455834099,10811549
2018-08-23,3316.376708984375,3344.0900730224253,3307.1389209716917,3325.6144969970587,10682204
2018-08-24,3325.614501953125,3330.23339596635,3297.9011378737746,3316.3767139266747,16047473
2018-08-27,3325.614501953125,3339.4711839928004,3316.3767139266747,3330.23339596635,8848090
2018-08-28,3330.233154296875,3339.4709416529545,3320.9953669407955,3325.614260618835,10273232
2018-08-29,3436.46826171875,3436.46826171875,3325.614368525231,3334.8521561810494,24567603
2018-08-30,3528.84619140625,3533.4650850148764,3427.2303113546286,3436.4680985718815,28869739
2018-08-31,3524.2275390625,3533.4653269121623,3491.895281588683,3528.846432987331,15608072
2018-09-03,3524.2275390625,3524.2275390625,3524.2275390625,3524.2275390625,0
2018-09-04,3454.94384765625,3510.370794423478,3445.7060599720203,3510.370794423478,13934514
2018-09-05,3417.99267578125,3464.1816139167495,3376.4224107974514,3454.9438262896497,12212818
2018-09-06,3371.803466796875,3427.2304123963304,3353.327891817672,3417.992624906729,8050887
2018-09-07,3385.66015625,3404.135731274053,3353.327899957907,3371.8034749819603,11500736
2018-09-10,3417.99267578125,3436.4682510354496,3385.6601984245517,3385.6601984245517,9157265
2018-09-11,3427.23046875,3454.9438316744936,3413.3735666259045,3431.8493625707492,12020464
2018-09-12,3427.23046875,3464.1816193159916,3422.611574929251,3431.8493625707492,9358131
2018-09-13,3565.797607421875,3570.416501090715,3431.8492497018397,3431.8492497018397,34349970
2018-09-14,3565.797607421875,3598.1298631037535,3542.702918415835,3565.797607421875,17223122
2018-09-17,3547.322021484375,3575.0356057951976,3538.0842336013857,3565.7978179122083,10941775
2018-09-18,3533.46533203125,3533.46533203125,3482.657278122647,3510.370862373637,12088072
2018-09-19,3556.559814453125,3565.7976017761785,3533.4651254836504,3533.4651254836504,13702632
2018-09-20,3588.892333984375,3588.892333984375,3538.084279309692,3556.5600759762137,14219425
2018-09-21,3588.892333984375,3598.130121986707,3528.8464913073603,3593.511227985541,14986395
2018-09-24,3602.7490234375,3630.4626081636584,3588.89234140535,3588.89234140535,15350850
2018-09-25,3593.510986328125,3607.3676673997848,3579.654305256465,3602.7487737092315,15495165
2018-09-26,3565.797607421875,3598.1298631037535,3538.084024746995,3593.5109694349135,17378786
2018-09-27,3561.178955078125,3588.8923189691736,3551.9409464525856,3565.797849059966,15776553
2018-09-28,3588.892333984375,3598.130121986707,3556.5600759762137,3561.1789699773794,18915466
2018-10-01,3639.7001953125,3672.0324516031214,3588.89214333682,3588.89214333682,25166777
2018-10-02,3621.224609375,3648.937971826291,3611.986601229391,3639.7001843425273,16163023
2018-10-03,3644.319091796875,3648.9379855561365,3611.9866148202,3621.2246230005685,16222901
2018-10-04,3579.654296875,3662.794603772136,3524.2273520562953,3648.9379227329205,23862370
2018-10-05,3510.370849609375,3588.892266821598,3510.370849609375,3579.6544789921427,12740471
2018-10-08,3491.895263671875,3510.3708392764015,3417.9927405919157,3473.4194674054957,15882417
2018-10-09,3482.6572265625,3510.3708104031953,3464.1816511099373,3491.8952349506326,15332945
2018-10-10,3491.895263671875,3501.133051474138,3464.181679603232,3482.6572552077587,15876546
2018-10-11,3334.85205078125,3417.9925783796125,3260.949531208583,3417.9925783796125,11233730
2018-10-12,3371.803466796875,3385.6601480312775,3288.6631587286147,3307.138733707818,14204553
2018-10-15,3279.425048828125,3376.4222557831504,3219.379432008719,3371.8033621816576,13586105
2018-10-16,3417.99267578125,3417.99267578125,3242.4740488808056,3279.4251993892053,17103757
2018-10-17,3431.849365234375,3454.943834356044,3417.992683761373,3417.992683761373,15101651
2018-10-18,3413.37353515625,3431.8493309307564,3371.803491152765,3431.8493309307564,14088710
2018-10-19,3353.328125,3371.80370126395,3307.1389636782637,3371.80370126395,15500937
2018-10-22,3371.803466796875,3404.135723010481,3353.327891817672,3353.327891817672,14945009
2018-10-23,3325.614501953125,3371.8036627472343,3288.6633498473243,3325.614501953125,11144011
2018-10-24,3233.236328125,3348.708896513855,3233.236328125,3325.6144269684546,22536145
2018-10-25,3168.571533203125,3187.0471084923156,3140.85794960749,3140.85794960749,23222299
2018-10-26,3177.809326171875,3247.0929542842687,3168.571538511803,3182.4282200019115,28793521
2018-10-29,3150.095947265625,3200.9037791391534,3094.669000923564,3177.8093101057316,17403833
2018-10-30,3066.95556640625,3173.1905704443047,3048.4799902820173,3150.096100289014,16759261
2018-10-31,3030.00439453125,3090.050237207924,2965.3396578534366,3071.5744405415076,21132136
2018-11-01,3034.623046875,3066.95530230825,3025.385259608357,3030.0041532416785,17876696
2018-11-02,3094.669189453125,3103.9069776292667,3043.8611338224837,3043.8611338224837,33099180
2018-11-05,3085.43115234375,3103.9067272054203,3011.5286322352254,3094.6689397745854,24468784
2018-11-06,3034.623046875,3090.0499911366974,3030.0041532416785,3085.431097503376,17991071
2018-11-07,3066.95556640625,3090.0502572233995,3002.290829309577,3002.290829309577,20527777
2018-11-08,3066.95556640625,3103.9069393165737,3057.717778344134,3071.574460437308,19819804
2018-11-09,3030.00439453125,3071.5744405415076,3020.766606528971,3048.479970535809,18312574
2018-11-12,2956.101806640625,3030.0043297404554,2946.8640188358777,3030.0043297404554,18025022
2018-11-13,2771.34521484375,2919.15025177854,2771.34521484375,2919.15025177854,19502802
2018-11-14,2660.491455078125,2854.4856581559857,2632.7780920649375,2775.964242290105,19366804
2018-11-15,2586.589111328125,2674.348541575726,2540.4001697892454,2674.348541575726,22293403
2018-11-16,2766.7265625,2766.7265625,2591.207927920394,2609.6837246447817,32616338
2018-11-19,2854.485595703125,2896.055859975246,2789.8208627586278,2789.8208627586278,22310525
2018-11-20,2812.91552734375,2817.534421037586,2771.34526343738,2808.2966336499135,10666256
2018-11-21,2794.43994140625,2794.43994140625,2729.7752041827707,2743.632106964977,14182931
2018-11-22,2845.247802734375,2868.34227136211,2775.9641761893267,2799.058644817061,16282388
2018-11-23,2799.05859375,2849.8666444658998,2799.05859375,2845.2477508246216,13413025
2018-11-26,2817.534423828125,2826.772211224947,2743.6319039917057,2799.058628372638,12286296
2018-11-27,2789.82080078125,2836.0099577617293,2771.3452262537944,2817.5343832342737,14405713
2018-11-28,2803.677490234375,2803.677490234375,2771.3452347126413,2789.820809296489,15263381
2018-11-29,2794.43994140625,2854.485784589614,2785.2021533260186,2817.5346322686883,15581069
2018-11-30,2771.34521484375,2799.0585765208334,2739.0127388919805,2794.4396829079865,14655695
2018-12-03,2956.101806640625,2960.7207005429987,2785.2020702672435,2789.820964169617,28735698
2018-12-04,2928.38818359375,2979.1962365055624,2877.5803513437877,2974.577342664657,20330531
2018-12-05,2882.19921875,2928.388156735425,2836.0100601027266,2863.723422893982,18410904
2018-12-06,2817.534423828125,2882.199156267722,2780.583053578994,2882.199156267722,16808769
2018-12-07,2826.772216796875,2863.7233664569985,2822.1533230893597,2826.772216796875,22019450
2018-12-10,2831.39111328125,2836.0100069932955,2799.058636635089,2826.772219569205,22642693
2018-12-11,2789.82080078125,2845.2477450254573,2789.82080078125,2831.3910641298653,21687380
2018-12-12,2789.82080078125,2789.82080078125,2789.82080078125,2789.82080078125,0
2018-12-13,2826.772216796875,2849.866685334452,2808.2966419668132,2826.772216796875,22003893
2018-12-14,2789.82080078125,2826.7721704980013,2775.9641198856584,2817.5343832342737,15461214
2018-12-17,2725.15625,2789.820985796365,2725.15625,2771.345410043648,15521288
2018-12-18,2715.91845703125,2720.537350960769,2660.4915092151696,2678.9673055950993,20311158
2018-12-19,2678.967041015625,2725.1559757491136,2632.7778856203045,2720.5370822757645,14494258
2018-12-20,2683.586181640625,2692.8239694381004,2632.7781280926592,2651.2537036876097,14549147
2018-12-21,2711.299560546875,2711.299560546875,2642.015931007524,2669.729294558523,17300123
2018-12-24,2678.967041015625,2725.1559757491136,2618.9212052002576,2715.918188802416,17131055
2018-12-25,2655.87255859375,2660.4914524246747,2568.113355144334,2632.778089439127,15235497
2018-12-26,2660.491455078125,2683.586144917631,2637.3969859004687,2678.9672510820997,10981987
2018-12-27,2725.15625,2725.15625,2683.586204556386,2706.6806742472827,12152940
2018-12-28,2799.05859375,2799.05859375,2706.680500262597,2725.1560748277097,15247335
2018-12-31,2799.05859375,2799.05859375,2799.05859375,2799.05859375,0
2019-01-01,2799.05859375,2799.05859375,2799.05859375,2799.05859375,0
2019-01-02,2605.064697265625,2799.0586773145865,2605.064697265625,2799.0586773145865,7077278
2019-01-03,2600.445556640625,2678.9671914196233,2595.82666290796,2674.348297686958,11964499
2019-01-04,2678.967041015625,2678.967041015625,2586.5887302249835,2614.302311726909,11049595
2019-01-07,2669.729248046875,2725.1561948450862,2632.778097289301,2678.9672563981185,7119252
2019-01-08,2632.778076171875,2674.3483411025622,2586.5889174335393,2669.729226633065,10405023
2019-01-09,2669.729248046875,2688.2050440875123,2642.0158849786944,2642.0158849786944,12200099
2019-01-10,2678.967041015625,2688.2048279623227,2674.3481475422764,2674.3481475422764,18192133
2019-01-11,2697.44287109375,2725.1562345658695,2674.3484015336508,2678.9672954456705,21835608
2019-01-14,2688.205078125,2715.9184415440814,2669.729281850426,2697.4428659313603,6998908
2019-01-15,2697.44287109375,2702.0617650057698,2674.3484015336508,2697.44287109375,7024249
2019-01-16,2697.44287109375,2697.44287109375,2669.7292869597773,2697.44287109375,8760523
2019-01-17,2669.729248046875,2697.4428317769057,2669.729248046875,2697.4428317769057,9769159
2019-01-18,2688.205078125,2715.9184415440814,2669.729281850426,2678.9672903186397,13869842
2019-01-21,2739.012939453125,2743.632054066041,2688.205105991459,2692.823999942519,12066449
2019-01-22,2780.583251953125,2803.6777220928006,2743.6320997296443,2743.6320997296443,13397371
2019-01-23,2771.34521484375,2799.0585765208334,2766.7263212309026,2771.34521484375,8322785
2019-01-24,2766.7265625,2785.20213856253,2743.632092421838,2771.3454565156326,7094889
2019-01-25,2766.7265625,2780.5832445468973,2752.8698804531027,2771.3454565156326,8721876
2019-01-28,2771.34521484375,2780.583002069445,2752.869640392361,2766.7263212309026,8580301
2019-01-29,2771.34521484375,2775.9641084565974,2757.4885340052083,2771.34521484375,9143861
2019-01-30,2771.34521484375,2775.9641084565974,2757.4885340052083,2771.34521484375,7515211
2019-01-31,2817.534423828125,2817.534423828125,2780.583053578994,2780.583053578994,7460421
2019-02-01,2817.534423828125,2826.772211224947,2799.058628372638,2817.534423828125,13077433
2019-02-04,2817.534423828125,2817.534423828125,2817.534423828125,2817.534423828125,0
2019-02-05,2817.534423828125,2817.534423828125,2817.534423828125,2817.534423828125,0
2019-02-06,2817.534423828125,2817.534423828125,2817.534423828125,2817.534423828125,0
2019-02-07,2817.534423828125,2817.534423828125,2817.534423828125,2817.534423828125,0
2019-02-08,2817.534423828125,2817.534423828125,2817.534423828125,2817.534423828125,0
2019-02-11,2831.39111328125,2836.0100069932955,2808.2966447210233,2826.772219569205,11253005
2019-02-12,2872.96142578125,2891.4372230217828,2826.772484334579,2831.391378479246,18487219
2019-02-13,2882.19921875,2909.912581541255,2872.961210491067,2877.5803249514574,12711999
2019-02-14,2845.247802734375,2886.818066926142,2826.772227832187,2872.9611650876564,9243071
2019-02-15,2808.296875,2845.2480277263394,2789.8210779749684,2845.2480277263394,11017797
2019-02-18,2808.296875,2808.296875,2808.296875,2808.296875,0
2019-02-19,2771.34521484375,2826.772158859756,2748.250746779514,2826.772158859756,15018487
2019-02-20,2743.6318359375,2771.345197440552,2743.6318359375,2771.345197440552,8223380
2019-02-21,2752.869873046875,2766.7265550564925,2715.9185003593702,2743.632085040463,13967584
2019-02-22,2780.583251953125,2817.5346248384644,2739.0129850398507,2752.8698877855145,12102846
2019-02-25,2863.723388671875,2872.9611761585666,2789.8208681164974,2789.8208681164974,17383091
2019-02-26,2831.39111328125,2868.3422629776132,2812.915538433069,2863.7233692655677,10979932
2019-02-27,2826.772216796875,2840.6288979194214,2817.5344293818443,2831.3911105043903,9309309
2019-02-28,2771.34521484375,2826.772158859756,2771.34521484375,2826.772158859756,14467254
2019-03-01,2808.296875,2812.9157690907923,2771.3455016117987,2771.3455016117987,9425935
2019-03-04,2808.296875,2826.7724513631697,2789.8210779749684,2808.296875,10615869
2019-03-05,2836.010009765625,2849.8666909153067,2799.0586393712965,2808.2966474662617,12748592
2019-03-06,2836.010009765625,2863.7233720649883,2817.5344348993826,2840.6289034821853,10847261
2019-03-07,2836.010009765625,2849.8666909153067,2808.2966474662617,2836.010009765625,15850521
2019-03-08,2836.010009765625,2836.010009765625,2836.010009765625,2836.010009765625,0
2019-03-11,2808.296875,2817.5346631815846,2780.5832897933833,2817.5346631815846,6126270
2019-03-12,2854.485595703125,2863.723383172075,2799.0586502275783,2808.2966583583734,14729956
2019-03-13,2863.723388671875,2886.818078050449,2854.4856011851834,2854.4856011851834,19991514
2019-03-14,2854.485595703125,2868.3422769065505,2836.0100207652245,2863.723383172075,12821874
2019-03-15,2937.6259765625,2951.4828787720053,2849.866772765499,2854.4856666147175,29986293
2019-03-18,2937.6259765625,2983.8151357165348,2923.7692950148444,2946.863984922787,13624360
2019-03-19,2946.864013671875,2988.4340587203915,2937.6260052214634,2937.6260052214634,16597531
2019-03-20,2933.007080078125,2946.8639822751807,2863.7234517402458,2937.6259739231937,9113628
2019-03-21,2863.723388671875,2951.482811119135,2859.104494928529,2933.007015483907,9518492
2019-03-22,2863.723388671875,2900.6747592804863,2845.247813698492,2863.723388671875,12126816
2019-03-25,2799.05859375,2836.009963542065,2775.9641255436095,2799.05859375,12437557
2019-03-26,2799.05859375,2831.3910699007874,2789.8208064674436,2799.05859375,13907021
2019-03-27,2803.677490234375,2822.1532854800635,2775.964128358603,2803.677490234375,14605894
2019-03-28,2785.201904296875,2836.009954857182,2771.3452234154747,2789.8207979240083,14471853
2019-03-29,2771.34521484375,2789.820789295139,2748.250746779514,2771.34521484375,11281280
2019-04-01,2729.775146484375,2775.964306571106,2725.156252541887,2771.3454126286183,10735527
2019-04-02,2660.491455078125,2743.6319854413864,2632.7780920649375,2734.3939771084742,14859301
2019-04-03,2609.68359375,2637.396956453766,2600.445585520231,2632.778062669805,11155751
2019-04-04,2697.44287109375,2702.0617650057698,2632.7781356636183,2632.7781356636183,15790642
2019-04-05,2702.061767578125,2702.061767578125,2669.729289501352,2688.205085828874,13354908
2019-04-08,2669.729248046875,2692.823937932209,2655.872566512785,2688.2050440875123,10429385
2019-04-09,2655.87255859375,2702.061717564845,2628.1591956082025,2669.7292400865235,18399261
2019-04-10,2595.82666015625,2642.015818095784,2586.588872700712,2637.396924368015,16770807
2019-04-11,2581.969970703125,2614.3024473557944,2581.969970703125,2605.0646599298443,10338491
2019-04-12,2558.875732421875,2591.207991322412,2540.4001559072826,2581.9702030651156,13987837
2019-04-15,2558.875732421875,2558.875732421875,2558.875732421875,2558.875732421875,0
2019-04-16,2642.015869140625,2642.015869140625,2540.3999845046023,2554.256665955626,14336051
2019-04-17,2632.778076171875,2665.110332825416,2632.778076171875,2651.25365140247,10410502
2019-04-18,2595.82666015625,2623.5402431847083,2577.351085245174,2614.30245572917,11300849
2019-04-19,2595.82666015625,2600.445553884019,2572.732191517405,2595.82666015625,9187107
2019-04-22,2595.82666015625,2605.0646682736324,2558.875510334098,2605.0646682736324,12167420
2019-04-23,2609.68359375,2623.5402751018833,2581.970010384387,2605.064699966039,13641091
2019-04-24,2618.92138671875,2623.540280512236,2600.4455908829573,2614.302492925264,11034038
2019-04-25,2595.82666015625,2623.5402431847083,2563.494404061867,2623.5402431847083,12127110
2019-04-26,2595.82666015625,2614.30245572917,2586.588872700712,2609.6835620014012,9242876
2019-04-29,2595.82666015625,2595.82666015625,2595.82666015625,2595.82666015625,0
2019-04-30,2595.82666015625,2595.82666015625,2595.82666015625,2595.82666015625,0
2019-05-01,2595.82666015625,2595.82666015625,2595.82666015625,2595.82666015625,0
2019-05-02,2591.207763671875,2605.0646655022847,2568.1132950575984,2605.0646655022847,12756908
2019-05-03,2586.589111328125,2595.8268996359006,2549.637958097021,2591.208005482013,13223998
2019-05-06,2521.92431640625,2572.732371630549,2512.6865283039883,2572.732371630549,9712607
2019-05-07,2411.070556640625,2535.780912448026,2411.070556640625,2521.9242307651875,18158280
2019-05-08,2429.546142578125,2429.546142578125,2364.881407120607,2401.832558432415,20730697
2019-05-09,2471.1162109375,2471.1162109375,2406.4514806489465,2429.545948372774,15440081
2019-05-10,2512.686279296875,2540.399861519105,2452.6404419208543,2475.735130549686,16074673
2019-05-13,2549.6376953125,2549.6376953125,2466.497167787865,2512.6863252280127,32978934
2019-05-14,2512.686279296875,2549.6376487059024,2475.735130549686,2531.1618536704696,15124839
2019-05-15,2549.6376953125,2554.2565889903303,2466.497167787865,2494.2107505166905,24458217
2019-05-16,2521.92431640625,2554.2567954260257,2475.7353758949416,2531.1621045085117,21691391
2019-05-17,2494.2109375,2517.3054076204744,2471.1164673795256,2517.3054076204744,13833054
2019-05-20,2508.067626953125,2512.686520990813,2480.354262727,2508.067626953125,12873632
2019-05-21,2503.44873046875,2517.30541256827,2480.354260302883,2508.0676245019235,15216711
2019-05-22,2494.2109375,2512.6865135963794,2480.3542554277155,2503.44872554819,6508337
2019-05-23,2448.021728515625,2498.8297824446067,2420.3083649153737,2494.2108885112316,16489516
2019-05-24,2448.021728515625,2466.497304249126,2424.927258848749,2438.7839406488747,8643701
2019-05-27,2489.592041015625,2494.210935035155,2443.4028801584627,2448.0217741779934,9408323
2019-05-28,2484.972900390625,2494.21068751294,2438.7837441172146,2484.972900390625,9820525
2019-05-29,2489.592041015625,2498.8298290546854,2448.0217741779934,2475.735358957034,17229776
2019-05-30,2526.54296875,2531.161862359254,2475.7351390482054,2484.9729262667133,22057216
2019-05-31,2521.92431640625,2531.1621045085117,2484.9731639972033,2517.305422355119,17298166
2019-06-03,2471.1162109375,2517.3051463851557,2443.402629007071,2517.3051463851557,14594349
2019-06-04,2457.25927734375,2475.7350719418064,2429.545916439414,2457.25927734375,13190830
2019-06-05,2484.972900390625,2489.5917939517826,2457.259318361844,2461.878211923002,16522390
2019-06-06,2475.7353515625,2494.2109275854386,2466.497342889173,2466.497342889173,7626554
2019-06-07,2484.972900390625,2484.972900390625,2448.0215312395294,2471.116219707153,9208631
2019-06-10,2475.7353515625,2494.2109275854386,2443.4028728605,2484.9731395739695,12599679
2019-06-11,2471.1162109375,2484.9728915717965,2452.640416096602,2457.2593096413675,8467393
2019-06-12,2475.7353515625,2484.9731395739695,2452.6406608719694,2475.7353515625,11669707
2019-06-13,2457.25927734375,2480.3539654258625,2448.0214903756378,2466.497064311862,10063756
2019-06-14,2457.25927734375,2484.9728589099186,2438.783703407526,2471.1161784577507,17416748
2019-06-17,2448.021728515625,2475.7353127777305,2434.1650467154996,2466.497304249126,9843321
2019-06-18,2401.83251953125,2466.497253941429,2378.738050335418,2452.64057242393,12211742
2019-06-19,2424.92724609375,2438.7839278209904,2309.454457043042,2401.8325558864967,18161704
2019-06-20,2484.972900390625,2489.5917939517826,2438.7837441172146,2448.0215312395294,17483182
2019-06-21,2457.25927734375,2498.829539362086,2448.0214903756378,2484.9728589099186,18716165
2019-06-24,2461.87841796875,2475.7353204738056,2452.640630073283,2466.497311916484,8284530
2019-06-25,2466.497314453125,2475.735323019948,2452.6406325956737,2457.2595265481573,6273031
2019-06-26,2457.25927734375,2475.7350719418064,2443.402596891582,2466.497064311862,13193765
2019-06-27,2452.640625,2475.735315352751,2443.4028371236413,2457.259518938179,7054188
2019-06-28,2540.39990234375,2540.39990234375,2392.594642994224,2452.640481335191,16908957
2019-07-01,2484.972900390625,2540.39984378635,2466.497105484159,2540.39984378635,11806976
2019-07-02,2448.021728515625,2480.354206711106,2424.927258848749,2480.354206711106,16365454
2019-07-03,2429.546142578125,2457.2595060619815,2415.6894608361968,2438.783930406077,11670196
2019-07-04,2448.021728515625,2448.021728515625,2420.3083649153737,2448.021728515625,15618933
2019-07-05,2424.92724609375,2461.878397366391,2424.92724609375,2448.0217156391504,10290843
2019-07-08,2401.83251953125,2420.308315549765,2387.975838013751,2420.308315549765,12492054
2019-07-09,2401.83251953125,2401.83251953125,2401.83251953125,2401.83251953125,0
2019-07-10,2397.213623046875,2411.0705252109333,2378.7380477105967,2411.0705252109333,17788346
2019-07-11,2411.070556640625,2424.927238323464,2397.213654295934,2397.213654295934,10359527
2019-07-12,2415.689453125,2420.308347024232,2392.5947629669877,2411.0705592257677,10359918
2019-07-15,2411.070556640625,2424.927238323464,2387.975866507375,2415.6894505349046,9504305
2019-07-16,2406.451416015625,2420.308096277754,2401.8323019330855,2406.451416015625,9968264
2019-07-17,2438.783935546875,2438.783935546875,2401.832563495322,2411.0705720046008,17989799
2019-07-18,2434.1650390625,2448.02172081906,2401.832560968672,2443.402826900207,10506679
2019-07-19,2438.783935546875,2443.402829470587,2420.3083598520257,2434.165041623163,8912273
2019-07-22,2411.070556640625,2448.021707794862,2397.213654295934,2438.7839200063027,7584482
2019-07-23,2415.689453125,2415.689453125,2392.5947629669877,2411.0705592257677,8732834
2019-07-24,2411.070556640625,2429.5461322177434,2397.213654295934,2420.308344429184,4969602
2019-07-25,2411.070556640625,2411.070556640625,2411.070556640625,2411.070556640625,0
2019-07-26,2411.070556640625,2411.070556640625,2411.070556640625,2411.070556640625,0
2019-07-29,2411.070556640625,2411.070556640625,2411.070556640625,2411.070556640625,0
2019-07-30,2411.070556640625,2411.070556640625,2411.070556640625,2411.070556640625,0
2019-07-31,2397.213623046875,2411.0705252109333,2383.3569415446664,2411.0705252109333,11986807
2019-08-01,2401.83251953125,2401.83251953125,2387.975838013751,2401.83251953125,10557360
2019-08-02,2406.451416015625,2406.451416015625,2374.118941408827,2392.5945150916664,19513760
2019-08-05,2364.88134765625,2406.451612498614,2360.262453858415,2401.8324980389307,10575950
2019-08-06,2364.88134765625,2364.88134765625,2364.88134765625,2364.88134765625,0
2019-08-07,2309.454345703125,2309.454345703125,2263.2651881772726,2309.454345703125,16102851
2019-08-08,2309.454345703125,2309.454345703125,2272.5031962119174,2309.454345703125,15096465
2019-08-09,2429.546142578125,2429.546142578125,2304.8355655770647,2309.454459491041,37720960
2019-08-12,2415.689453125,2448.0217104196236,2383.3569751685236,2443.4028165203918,12258607
2019-08-13,2406.451416015625,2411.070309436335,2364.881154567408,2406.451416015625,10432222
2019-08-14,2429.546142578125,2429.546142578125,2374.1191949485587,2406.4516730082446,14275292
2019-08-15,2434.1650390625,2434.1650390625,2374.1191974555513,2378.738091374405,16875007
2019-08-16,2438.783935546875,2448.0217233943,2415.689465928313,2429.54614769945,17832178
2019-08-19,2434.1650390625,2448.02172081906,2420.3083573059394,2438.7839329813532,6100636
2019-08-20,2429.546142578125,2434.165036492101,2406.4516730082446,2429.546142578125,9743427
2019-08-21,2448.021728515625,2448.021728515625,2411.0705770486234,2424.927258848749,12648892
2019-08-22,2443.40283203125,2443.40283203125,2429.546150245591,2438.783938102697,8946126
2019-08-23,2438.783935546875,2438.783935546875,2424.927253775738,2438.783935546875,8740759
2019-08-26,2429.546142578125,2429.546142578125,2383.356982776511,2429.546142578125,12491174
2019-08-27,2448.021728515625,2448.021728515625,2424.927258848749,2429.546152782124,23706804
2019-08-28,2438.783935546875,2448.0217233943,2424.927253775738,2448.0217233943,7053992
2019-08-29,2424.92724609375,2438.7839278209904,2351.0247228866156,2434.16503391191,22571758
2019-08-30,2401.83251953125,2434.1649970672643,2383.3569441745844,2415.6894217105987,10049960
2019-09-02,2401.83251953125,2401.83251953125,2401.83251953125,2401.83251953125,0
2019-09-03,2374.119140625,2397.213609666443,2364.881353008423,2392.5947158581544,13680129
2019-09-04,2360.262451171875,2387.9758139273413,2351.0246635867197,2369.5002387570303,9551170
2019-09-05,2360.262451171875,2364.8813449644526,2332.5488677545613,2364.8813449644526,8901413
2019-09-06,2355.6435546875,2364.8813422620997,2332.5488650891543,2355.6435546875,9752330
2019-09-09,2355.6435546875,2364.8813422620997,2332.5488650891543,2360.2624484748,7893951
2019-09-10,2346.40576171875,2360.262443048794,2295.5977095134085,2360.262443048794,12042674
2019-09-11,2346.40576171875,2351.0246554954315,2300.21660329009,2346.40576171875,12726578
2019-09-12,2374.119140625,2378.7380344332887,2337.1679901586917,2346.4057777752687,12730980
2019-09-13,2401.83251953125,2420.308315549765,2360.262474978753,2369.5002626570854,17917593
2019-09-16,2429.546142578125,2438.783930406077,2397.213664518439,2397.213664518439,21772110
2019-09-17,2420.308349609375,2429.5461374177057,2401.8325533308603,2424.9272435135404,15376876
2019-09-18,2411.070556640625,2424.927238323464,2406.4516627463454,2415.6894505349046,8860026
2019-09-19,2434.1650390625,2443.402826900207,2406.451675549379,2406.451675549379,15753659
2019-09-20,2434.1650390625,2448.02172081906,2429.5461451436463,2434.1650390625,11863724
2019-09-23,2438.783935546875,2438.783935546875,2424.927253775738,2434.165041623163,9047391
2019-09-24,2424.92724609375,2438.7839278209904,2411.0705643665096,2434.16503391191,12839877
2019-09-25,2443.40283203125,2443.40283203125,2420.3083623884854,2424.927256317038,11921450
2019-09-26,2448.021728515625,2457.2595163823758,2434.1650467154996,2438.7839406488747,18802656
2019-09-27,2461.87841796875,2466.497311916484,2438.7839482300824,2448.0217361255495,20640097
2019-09-30,2558.875732421875,2591.207991322412,2461.8785143965374,2461.8785143965374,34167107
2019-10-01,2609.68359375,2623.5402751018833,2558.875541464582,2558.875541464582,43796550
2019-10-02,2595.82666015625,2623.5402431847083,2591.207766428481,2605.0646682736324,24320556
2019-10-03,2568.11328125,2600.445537136151,2540.399919061871,2581.9699623440647,23425611
2019-10-04,2540.39990234375,2591.2077326876256,2531.1618943466583,2568.1132643495002,16962476
2019-10-07,2531.162109375,2558.875694396928,2521.9243212549777,2540.400118156883,13774056
2019-10-08,2549.6376953125,2554.2565889903303,2521.9241125836743,2531.1618999393354,16105982
2019-10-09,2540.39990234375,2554.256583346625,2535.780788014283,2545.018796011375,12712782
2019-10-10,2554.256591796875,2554.256591796875,2531.1619027205043,2545.0188044310635,15049404
2019-10-11,2586.589111328125,2600.4457937897887,2554.256852250909,2558.875746404797,22161710
2019-10-14,2623.540283203125,2623.540283203125,2600.4455935501587,2600.4455935501587,27358302
2019-10-15,2614.302490234375,2637.396959178035,2600.4455882063316,2628.159171600571,14012688
2019-10-16,2605.064697265625,2618.921378603144,2595.826689045432,2614.302484823971,10452182
2019-10-17,2577.35107421875,2605.064657128644,2577.35107421875,2600.445542758792,19066727
2019-10-18,2581.969970703125,2591.207758129075,2568.1132895642,2586.5888644161,12533930
2019-10-21,2586.589111328125,2591.208005482013,2572.732428866461,2577.351323020349,11447413
2019-10-22,2581.969970703125,2609.6835536428193,2572.732183277175,2586.5888644161,12244225
2019-10-23,2609.68359375,2609.68359375,2568.1133290325038,2577.351116600426,24541186
2019-10-24,2697.44287109375,2697.44287109375,2595.826763705606,2605.064772191499,45086868
2019-10-25,2669.729248046875,2702.0617256216024,2655.872566512785,2692.823937932209,15519136
2019-10-28,2669.729248046875,2683.5861502428156,2646.634778823391,2678.9672563981185,16930971
2019-10-29,2660.491455078125,2674.3483572465684,2637.3969859004687,2660.491455078125,14150252
2019-10-30,2669.729248046875,2674.348362553422,2651.2536726680883,2655.872566512785,21250425
2019-10-31,2720.537109375,2734.3937899330726,2669.729060000232,2669.729060000232,39207448
2019-11-01,2706.680419921875,2720.53710043441,2674.3481653926265,2711.2993134260532,14956162
2019-11-04,2725.15625,2725.15625,2692.8239924327445,2702.061780309103,26090977
2019-11-05,2725.15625,2725.15625,2702.061780309103,2715.9184621236413,15109087
2019-11-06,2688.205078125,2725.1562293504417,2688.205078125,2725.1562293504417,19388524
2019-11-07,2692.82373046875,2702.061517446436,2669.7290423627023,2688.204836979907,17260595
2019-11-08,2739.012939453125,2762.107629870283,2702.0617878446405,2706.680681795701,40104937
2019-11-11,2734.393798828125,2743.631806558726,2688.2048634842954,2734.393798828125,23970679
2019-11-12,2725.15625,2734.3940378763587,2692.8239924327445,2725.15625,19816086
2019-11-13,2725.15625,2725.15625,2692.8239924327445,2720.5373560618204,22569704
2019-11-14,2678.967041015625,2725.1559757491136,2678.967041015625,2715.918188802416,17620648
2019-11-15,2618.92138671875,2683.586120489405,2618.92138671875,2678.9672266959187,24535805
2019-11-18,2651.253662109375,2706.6806086868464,2614.30251149896,2628.1591929778656,31791055
2019-11-19,2660.491455078125,2665.1103489136563,2642.015879736,2655.8725612425937,17598046
2019-11-20,2669.729248046875,2683.5861502428156,2632.778097289301,2660.4914603574816,16357529
2019-11-21,2628.1591796875,2669.7292239140006,2628.1591796875,2655.872542505167,16748206
2019-11-22,2568.11328125,2646.634694778209,2540.399919061871,2632.7780136841443,15622455
2019-11-25,2568.11328125,2591.207749740108,2545.0188127598926,2568.11328125,9406269
2019-11-26,2568.11328125,2591.207749740108,2554.2566001559358,2577.351068646043,13899096
2019-11-27,2494.2109375,2577.3512505955664,2494.2109375,2568.1134625473765,11283042
2019-11-28,2415.689453125,2498.8297639730276,2401.8325507654513,2494.2108700737954,11857560
2019-11-29,2448.021728515625,2452.640622449,2411.0705770486234,2411.0705770486234,9369579
2019-12-02,2360.262451171875,2448.021653892699,2360.262451171875,2448.021653892699,9334748
2019-12-06,2568.11328125,2581.9699623440647,2549.637706457914,2568.11328125,7939447
2019-12-09,2586.589111328125,2595.8268996359006,2540.4001697892454,2563.494640558685,16128485
2019-12-10,2558.875732421875,2595.82688545106,2549.637944164579,2586.589097193764,9881381
2019-12-11,2586.589111328125,2595.8268996359006,2540.4001697892454,2540.4001697892454,12684017
2019-12-12,2586.589111328125,2595.8268996359006,2572.732428866461,2586.589111328125,11598968
2019-12-13,2581.969970703125,2595.8266518420505,2563.494395851225,2586.5888644161,13309119
2019-12-16,2545.01904296875,2581.9701958953265,2540.400148852928,2581.9701958953265,11624309
2019-12-17,2489.592041015625,2540.400095892317,2466.4973502561147,2512.6865111132765,13329861
2019-12-18,2443.40283203125,2489.5919919786334,2415.6894684599324,2452.640619888356,11917634
2019-12-19,2420.308349609375,2448.021713034367,2397.213659426695,2443.402819130202,12489413
2019-12-20,2420.308349609375,2424.9272435135404,2411.0705618010443,2420.308349609375,8766295
2019-12-23,2429.546142578125,2434.165036492101,2411.0705669222207,2420.308354750173,10788948
2019-12-24,2475.7353515625,2494.2109275854386,2434.165084849031,2434.165084849031,15723230
2019-12-25,2466.497314453125,2494.210898829883,2457.2595265481573,2471.1164290674637,8154989
2019-12-26,2448.021728515625,2466.497304249126,2438.7839406488747,2457.2595163823758,6464015
2019-12-27,2494.2109375,2494.2109375,2443.402882573098,2448.021776597193,21575646
2019-12-30,2484.972900390625,2498.8295810740974,2475.73511326831,2494.21068751294,8786548
2019-12-31,2545.01904296875,2545.01904296875,2475.7354105695563,2484.9731988012004,21048483
2020-01-01,2545.01904296875,2545.01904296875,2545.01904296875,2545.01904296875,0
2020-01-02,2568.11328125,2568.11328125,2508.0674425138773,2540.399919061871,20966884
2020-01-03,2545.01904296875,2563.4946194320382,2531.162139959421,2563.4946194320382,12774421
2020-01-06,2494.2109375,2540.4000984028075,2475.7353614036206,2540.4000984028075,12812188
2020-01-07,2466.497314453125,2494.210898829883,2457.2595265481573,2494.210898829883,8469350
2020-01-08,2466.497314453125,2484.973110924915,2415.6894809758032,2457.2595265481573,19124942
2020-01-09,2540.39990234375,2549.6376896790002,2461.8782686704412,2466.497162338066,19807281
2020-01-10,2595.82666015625,2623.5402431847083,2545.018829150791,2545.018829150791,18759509
2020-01-13,2577.35107421875,2600.445542758792,2554.2566056787077,2595.8266490507835,8476688
2020-01-14,2586.589111328125,2600.4457937897887,2549.637958097021,2558.875746404797,7954417
2020-01-15,2563.494384765625,2591.2077469236315,2554.256597379623,2586.5888532306303,6970534
2020-01-16,2646.634765625,2651.2536594466633,2558.8755623515544,2563.4944561732173,26584385
2020-01-17,2637.39697265625,2674.348343816791,2637.39697265625,2651.2536540932597,20170072
2020-01-20,2609.68359375,2637.396956453766,2595.82669173627,2637.396956453766,9194053
2020-01-21,2674.348388671875,2688.205070341294,2605.06475966293,2609.6836535527364,16206072
2020-01-22,2678.967041015625,2683.585934488974,2632.7778856203045,2674.3481475422764,21932176
2020-01-23,2678.967041015625,2678.967041015625,2678.967041015625,2678.967041015625,0
2020-01-24,2678.967041015625,2678.967041015625,2678.967041015625,2678.967041015625,0
2020-01-27,2678.967041015625,2678.967041015625,2678.967041015625,2678.967041015625,0
2020-01-28,2678.967041015625,2678.967041015625,2678.967041015625,2678.967041015625,0
2020-01-29,2678.967041015625,2678.967041015625,2678.967041015625,2678.967041015625,0
2020-01-30,2581.969970703125,2651.253597059595,2581.969970703125,2651.253597059595,16591465
2020-01-31,2494.2109375,2577.3512505955664,2401.8326156943854,2572.7323565714714,18504048
2020-02-03,2494.2109375,2535.780983716854,2360.2625694775315,2461.8784586694774,17856638
2020-02-04,2545.01904296875,2558.875725316216,2480.3543046853783,2498.8298811486666,15854924
2020-02-05,2623.540283203125,2632.778070799572,2517.305284520284,2545.0188679714743,13017750
2020-02-06,2762.107421875,2771.345209081487,2618.921278850774,2628.159066057261,32297476
2020-02-07,2766.7265625,2780.5832445468973,2734.394083728715,2762.1076684843674,17195238
2020-02-10,2725.15625,2762.1076221672893,2692.8239924327445,2757.4887282291097,12037684
2020-02-11,2678.967041015625,2734.3937626958113,2665.1101399337463,2715.918188802416,25779844
2020-02-12,2697.44287109375,2762.1076065238817,2683.5861893576903,2683.5861893576903,17514687
2020-02-13,2697.44287109375,2725.1562345658695,2688.2050832697105,2702.0617650057698,12103237
2020-02-14,2642.015869140625,2729.775072325624,2642.015869140625,2702.0617094235763,20679918
2020-02-17,2655.87255859375,2655.87255859375,2637.396983270052,2642.0158771009765,20261064
2020-02-18,2646.634765625,2678.96724303849,2646.634765625,2651.2536594466633,10565970
2020-02-19,2632.778076171875,2646.634757594821,2595.8267050488366,2646.634757594821,16678348
2020-02-20,2623.540283203125,2646.6347521942434,2614.3024956066774,2637.396964597796,11194888
2020-02-21,2623.540283203125,2651.253645992467,2605.06470801023,2618.921389404901,11677827
2020-02-24,2517.305419921875,2591.2079453303936,2517.305419921875,2586.5890512837273,13371149
2020-02-25,2586.589111328125,2591.208005482013,2489.5921134346127,2494.2110075885007,17948902
2020-02-26,2558.875732421875,2609.683788498868,2526.5432528594747,2558.875732421875,11743478
2020-02-27,2586.589111328125,2595.8268996359006,2554.256852250909,2563.494640558685,12168007
2020-02-28,2568.11328125,2568.11328125,2512.686336211899,2545.0188127598926,10107295
2020-03-02,2558.875732421875,2586.589097193764,2531.162146988123,2558.875732421875,12915311
2020-03-03,2558.875732421875,2614.3026826275163,2549.637944164579,2586.589097193764,24846643
2020-03-05,2586.589111328125,2646.6349559905334,2563.494640558685,2609.6838027594295,11591043
2020-03-06,2586.589111328125,2586.589111328125,2540.4001697892454,2577.351323020349,7046263
2020-03-09,2406.451416015625,2480.35393140881,2406.451416015625,2475.7350379881004,15769900
2020-03-10,2383.35693359375,2461.8783491728345,2309.454411833326,2314.073305651987,24447064
2020-03-11,2263.26513671875,2401.832385483942,2217.076200904911,2401.832385483942,13259122
2020-03-12,2106.222412109375,2230.93298596155,2106.222412109375,2230.93298596155,21314021
2020-03-13,2124.697998046875,2166.2682630951717,1963.036272998102,1963.036272998102,31997889
2020-03-16,2004.6064453125,2124.697899757497,1976.8928630083938,2064.6522828659176,24432290
2020-03-17,1958.41748046875,2083.128061401951,1875.277166733903,1902.9905310915651,30182071
2020-03-18,1967.6551513671875,2027.700991226821,1944.560682444962,2027.700991226821,16751336
2020-03-19,1930.7041015625,1939.9418896121106,1833.7068857178722,1939.9418896121106,22398973
2020-03-20,1930.7041015625,1930.7041015625,1824.4690976682616,1912.2283048014203,15059678
2020-03-23,1796.7554931640625,1810.6122845666437,1796.7554931640625,1810.6122845666437,6808511
2020-03-24,1755.1854248046875,1819.8501602727276,1727.4719509853949,1796.7555803681628,16134942
2020-03-25,1838.32568359375,1838.32568359375,1769.0420561835153,1838.32568359375,20217036
2020-03-26,1810.6123046875,1838.325667138791,1745.947571639309,1829.0878796550273,33490639
2020-03-27,1685.9017333984375,1801.3744080112265,1685.9017333984375,1801.3744080112265,19235404
2020-03-30,1593.5234375,1616.618015250437,1570.428859749563,1616.618015250437,17586012
2020-03-31,1644.3316650390625,1690.5207152245855,1487.2887178787985,1658.188346995441,14666066
2020-04-01,1750.56640625,1750.56640625,1648.950416368249,1653.5693099541124,7359450
2020-04-02,1750.56640625,1750.56640625,1750.56640625,1750.56640625,0
2020-04-03,1805.9932861328125,1805.9932861328125,1755.1853450486078,1764.4231324582956,11092644
2020-04-06,1893.7525634765625,1893.7525634765625,1810.6122576220132,1810.6122576220132,19768829
2020-04-07,1916.84716796875,1930.7040704819553,1856.801325951043,1893.7526982164993,11101450
2020-04-08,1907.6092529296875,1912.228146572298,1852.1823085565206,1893.752572001856,10571840
2020-04-09,1907.6092529296875,1921.4659338575193,1861.4203165035822,1907.6092529296875,20388550
2020-04-10,1847.5634765625,1893.7525221024687,1829.0877921479623,1861.4202674561327,15420513
2020-04-13,1866.039306640625,1866.039306640625,1787.5177796630721,1842.9446165714862,15862555
2020-04-14,1847.5634765625,1870.658054497943,1805.9932142125194,1870.658054497943,10464510
2020-04-15,1907.6092529296875,1907.6092529296875,1847.5635252448303,1847.5635252448303,11507194
2020-04-16,1935.32275390625,1958.4172211462637,1884.514705316389,1902.9902791083998,17265585
2020-04-17,1986.130859375,2032.3200209713038,1981.5119652815558,2004.6066564106386,24112352
2020-04-20,1972.274169921875,2027.7011195034897,1963.0363817685827,2013.8444372735514,14732206
2020-04-21,1856.80126953125,1939.941799436798,1842.9445881009415,1921.4660035345382,21679455
2020-04-22,1921.4659423828125,1930.7039503708618,1782.8988014969311,1801.374376149347,14558931
2020-04-23,1902.990478515625,1958.4174263614707,1866.0393270596308,1939.9418506334737,22060641
2020-04-24,1902.990478515625,1902.990478515625,1852.1824246017786,1902.990478515625,20312039
2020-04-27,1893.7525634765625,1921.465925207466,1870.6580953674766,1884.5147762329282,17267738
2020-04-28,1898.37158203125,1912.2282638086176,1856.8013160372939,1893.752688105461,16203137
2020-04-29,1907.6092529296875,1912.228146572298,1889.1336783592453,1898.3714656444665,20592743
2020-04-30,1907.6092529296875,1907.6092529296875,1907.6092529296875,1907.6092529296875,0
2020-05-01,1907.6092529296875,1907.6092529296875,1907.6092529296875,1907.6092529296875,0
2020-05-04,1990.74951171875,1999.9875194456688,1898.3714204060782,1907.6092074711619,17740404
2020-05-05,1999.98779296875,2004.6066871329829,1949.1797365003242,1995.368678142652,11516293
2020-05-06,1976.892822265625,1995.3683963130309,1953.7983547063675,1995.3683963130309,3853538
2020-05-07,1967.6551513671875,2013.8443098734858,1958.4173637982972,2013.8443098734858,11781538
2020-05-08,2069.271240234375,2101.6034964799555,1967.6551364245734,1967.6551364245734,21689826
2020-05-11,2083.1279296875,2115.460186060431,2032.3198775824767,2069.2712483848154,14374698
2020-05-12,2096.984619140625,2115.460194282681,2073.8901502130548,2083.127937784083,9946445
2020-05-13,2189.36279296875,2207.838589426296,2050.795533177357,2087.7469054305943,22203292
2020-05-14,2124.697998046875,2170.887156915888,2124.697998046875,2143.1737939915897,8422485
2020-05-15,2124.697998046875,2124.697998046875,2124.697998046875,2124.697998046875,0
2020-05-18,2124.697998046875,2124.697998046875,2124.697998046875,2124.697998046875,0
2020-05-19,2207.838623046875,2207.838623046875,2152.411674153915,2189.3628263079827,12896233
2020-05-20,2207.838623046875,2207.838623046875,2207.838623046875,2207.838623046875,0
2020-05-21,2314.0732421875,2314.0732421875,2138.554840568357,2138.554840568357,10992847
2020-05-22,2207.838623046875,2263.2653512779766,2203.2197290276163,2217.076411085392,10240357
2020-05-25,2226.31396484375,2254.02732604296,2198.600382982705,2217.076177777347,9222427
2020-05-26,2249.408447265625,2249.408447265625,2189.3626102782746,2189.3626102782746,7387725
2020-05-27,2189.36279296875,2290.978901168761,2189.36279296875,2290.978901168761,8324253
2020-05-28,2189.36279296875,2217.0763773241415,2184.743899019827,2217.0763773241415,4991616
2020-05-29,2235.5517578125,2235.5517578125,2147.7925597881303,2180.124814605906,9176442
2020-06-01,2304.83544921875,2309.454342899544,2240.170717025794,2240.170717025794,8715516
2020-06-02,2461.87841796875,2461.87841796875,2448.0217361255495,2461.87841796875,21942645
2020-06-03,2632.778076171875,2632.778076171875,2494.210820618716,2632.778076171875,19565419
2020-06-04,2568.11328125,2651.2535884762306,2568.11328125,2632.7780136841443,9232700
2020-06-05,2540.39990234375,2568.1132643495002,2484.972957670408,2531.1618943466583,9117444
2020-06-08,2540.39990234375,2540.39990234375,2540.39990234375,2540.39990234375,0
2020-06-09,2540.39990234375,2540.39990234375,2540.39990234375,2540.39990234375,0
2020-06-10,2586.589111328125,2595.8268996359006,2531.1621608196047,2591.208005482013,7036968
2020-06-11,2512.686279296875,2577.351010266294,2484.972917736483,2568.113223079497,17645303
2020-06-12,2484.972900390625,2494.21068751294,2364.88122647686,2364.88122647686,9068720
2020-06-15,2521.92431640625,2646.634897110502,2448.021790926297,2632.77821495711,26084323
2020-06-16,2521.92431640625,2549.6379013748947,2494.210952099465,2540.400113272633,16915415
2020-06-17,2480.354248046875,2521.924294140028,2475.7353540365248,2521.924294140028,5770523
2020-06-18,2452.640625,2471.116421414572,2429.546155309103,2448.0217310618204,6690222
2020-06-19,2475.7353515625,2475.7353515625,2434.165084849031,2434.165084849031,4467290
2020-06-22,2448.021728515625,2489.5919945778564,2415.6894709819985,2489.5919945778564,6306199
2020-06-23,2448.021728515625,2475.7353127777305,2434.1650467154996,2475.7353127777305,6031561
2020-06-24,2424.92724609375,2457.2595034573105,2420.3083521846697,2448.0217156391504,4533332
2020-06-25,2374.119140625,2406.4516179448683,2355.643565391846,2406.4516179448683,7146353
2020-06-26,2341.786865234375,2411.0704924663323,2323.3110694871657,2401.8324842618044,9093669
2020-06-29,2281.740966796875,2323.3110096686332,2203.219554043935,2309.4543287113806,15576274
2020-06-30,2290.978759765625,2314.0732280848088,2203.219559490886,2300.2165470932982,9852616
2020-07-01,2267.88427734375,2290.9787455193223,2226.31401396588,2249.408482141452,9064513
2020-07-02,2281.740966796875,2327.929903321051,2258.6462778729465,2309.4543287113806,6919364
2020-07-03,2401.83251953125,2438.7838909064308,2290.9788467294075,2304.8355282469065,16597434
2020-07-06,2401.83251953125,2429.5461032280978,2369.5002626570854,2401.83251953125,7601898
2020-07-07,2401.83251953125,2429.5461032280978,2401.83251953125,2424.9272093889317,6594925
2020-07-08,2406.451416015625,2411.070309436335,2374.118941408827,2401.8323019330855,5035840
2020-07-09,2512.686279296875,2521.9240664836725,2406.4515059868677,2406.4515059868677,16322405
2020-07-10,2512.686279296875,2512.686279296875,2512.686279296875,2512.686279296875,0
2020-07-13,2461.87841796875,2494.21089626474,2438.7839482300824,2466.497311916484,7819788
2020-07-14,2466.497314453125,2471.1164290674637,2424.927268880771,2457.2595265481573,11305643
2020-07-15,2466.497314453125,2466.497314453125,2466.497314453125,2466.497314453125,0
2020-07-16,2512.686279296875,2512.686279296875,2457.259335514253,2480.354024143084,8106363
2020-07-17,2489.592041015625,2498.8298290546854,2480.354252976564,2480.354252976564,5871886
2020-07-20,2471.1162109375,2512.68625284039,2466.4970967308986,2494.2106786613276,7192632
2020-07-21,2452.640625,2489.5919971672893,2448.0217310618204,2489.5919971672893,6442001
2020-07-22,2429.546142578125,2480.3541962937147,2411.0705669222207,2452.6406121480054,6664490
2020-07-23,2457.25927734375,2457.25927734375,2411.07034250319,2429.545916439414,5556351
2020-07-24,2337.16796875,2448.0216397953427,2290.9788104283634,2429.5460647314267,12748298
2020-07-27,2175.506103515625,2290.9788931586695,2175.506103515625,2189.362785313945,16296673
2020-07-28,2217.076416015625,2244.789780192804,2129.316988130842,2175.5061490879984,19222293
2020-07-29,2198.600341796875,2217.076136245414,2115.4600390948567,2143.1736204367503,9394626
2020-07-30,2226.31396484375,2240.1706454433547,2180.1248088498983,2180.1248088498983,4898962
2020-07-31,2212.457275390625,2226.31395593478,2129.316750802026,2129.316750802026,6769570
2020-08-03,2254.02734375,2272.5031386897826,2193.9815066848396,2193.9815066848396,5635112
2020-08-04,2277.1220703125,2300.2165385458666,2254.0273814172933,2300.2165385458666,4669820
2020-08-05,2355.6435546875,2364.8813422620997,2267.8843520669584,2277.122139641558,7864208
2020-08-06,2401.83251953125,2424.9272093889317,2318.6922097644056,2355.6435811395863,9399714
2020-08-07,2406.451416015625,2411.070309436335,2374.118941408827,2401.8323019330855,6063261
2020-08-10,2448.021728515625,2475.7353127777305,2411.0705770486234,2411.0705770486234,10195057
2020-08-11,2466.497314453125,2484.973110924915,2434.1650567857387,2466.497314453125,9119010
2020-08-12,2480.354248046875,2480.354248046875,2452.640663322915,2466.497345353966,5317522
2020-08-13,2503.44873046875,2503.44873046875,2466.4973575415042,2484.9731543360567,9779627
2020-08-14,2531.162109375,2558.875694396928,2503.4487450149327,2521.9243212549777,19472569
2020-08-17,2549.6376953125,2563.494376345992,2526.5430062615046,2545.018801634669,15984464
2020-08-18,2531.162109375,2563.4945884569393,2512.686533134955,2563.4945884569393,8305565
2020-08-19,2508.067626953125,2535.78099117925,2498.82983887775,2531.1620971415628,7206623
2020-08-20,2480.354248046875,2517.3054001296778,2480.354248046875,2508.067612108977,12914822
2020-08-21,2512.686279296875,2521.9240664836725,2484.972917736483,2484.972917736483,4745352
2020-08-24,2605.064697265625,2605.064697265625,2512.68638035847,2512.68638035847,14758329
2020-08-25,2605.064697265625,2642.0158474990094,2605.064697265625,2605.064697265625,10382617
2020-08-26,2609.68359375,2628.159168885844,2577.351116600426,2586.588904168348,6474778
2020-08-27,2600.445556640625,2623.5402459657957,2595.82666290796,2605.064671035135,5431996
2020-08-28,2605.064697265625,2632.7780599406633,2600.445582824605,2600.445582824605,7238519
2020-08-31,2618.92138671875,2628.1591743057224,2600.4455908829573,2605.0647053382913,7146158
2020-09-01,2632.778076171875,2642.0158637871727,2609.683607133631,2614.30250094128,8926851
2020-09-02,2632.778076171875,2632.778076171875,2632.778076171875,2632.778076171875,0
2020-09-03,2752.869873046875,2752.869873046875,2669.7293396654536,2678.967348333723,20608886
2020-09-04,2743.6318359375,2766.72630385671,2715.91825377261,2743.6318359375,16998285
2020-09-07,2697.44287109375,2771.3453943479217,2697.44287109375,2771.3453943479217,14678590
2020-09-08,2715.91845703125,2743.632041270217,2642.0159334970945,2697.4428813131744,9579544
2020-09-09,2688.205078125,2725.1562293504417,2660.491494044066,2669.729281850426,9465951
2020-09-10,2706.680419921875,2725.1559939385884,2688.2048459051616,2711.2993134260532,4993867
2020-09-11,2706.680419921875,2706.680419921875,2706.680419921875,2706.680419921875,0
2020-09-14,2794.43994140625,2845.2479965093826,2780.583259285903,2845.2479965093826,16220259
2020-09-15,2762.107421875,2803.6774643041917,2762.107421875,2789.820783494461,15440178
2020-09-16,2757.488525390625,2785.2018869811304,2743.6318445953725,2762.107418989043,12435405
2020-09-17,2734.393798828125,2766.726274230641,2734.393798828125,2757.488487161875,11138336
2020-09-18,2748.250732421875,2762.1074131880255,2734.3938309938867,2734.3938309938867,9859269
2020-09-21,2836.010009765625,2854.485584631867,2785.201958221615,2785.201958221615,20159114
2020-09-22,2854.485595703125,2854.485595703125,2799.0586502275783,2836.0100207652245,18117578
2020-09-23,2868.34228515625,2886.818080809134,2849.8667101652113,2863.7233914084904,10348373
2020-09-24,2868.34228515625,2872.9611789040096,2854.485603912971,2863.7233914084904,8564353
2020-09-25,2877.580322265625,2877.580322265625,2836.0100574556946,2868.3423140153145,14279303
2020-09-28,2905.293701171875,2928.3881702713375,2882.1992320724125,2928.3881702713375,10683085
2020-09-29,2886.818115234375,2956.1017429388207,2886.818115234375,2909.912584248574,20217916
2020-09-30,2891.43701171875,2905.2936931401205,2872.961215828408,2900.674799332997,25416270
2020-10-01,3029.8193359375,3066.470386079003,3011.4940315285953,3017.6023927776146,21450516
2020-10-02,3017.602294921875,3060.361925587622,2956.5173604414817,3054.2533438748465,14335140
2020-10-05,3029.8193359375,3054.253442919118,3017.6023927776146,3042.0364997592324,7421806
2020-10-06,3017.602294921875,3054.2533438748465,3011.4939338709396,3035.927819398361,11794473
2020-10-07,3017.602294921875,3029.8192376855854,2987.0598276816786,2993.1684093944536,10270753
2020-10-08,2993.168701171875,3023.7111713893855,2968.7345926007497,3005.385645126507,11143659
2020-10-09,2993.168701171875,3011.4942274347536,2993.168701171875,3011.4942274347536,10464880
2020-10-12,2974.843017578125,3017.6024294888452,2968.7344355929436,3005.3854861803325,10002349
2020-10-13,2932.083251953125,2980.9512436314894,2932.083251953125,2974.8428825853434,10463475
2020-10-14,2962.6259765625,2980.9515026167396,2919.866562877181,2932.0835066927207,9794684
2020-10-15,3005.385498046875,3005.385498046875,2956.5175039580213,2980.951390671523,9789135
2020-10-16,3029.8193359375,3054.253442919118,2980.9513426361113,3005.385449617729,11062428
2020-10-19,3023.7109375,3042.036462345367,3005.385412654633,3042.036462345367,9312399
2020-10-20,3090.904541015625,3127.5555917257648,3017.6024395953455,3017.6024395953455,17508939
2020-10-21,3090.904541015625,3151.989699086475,3084.795959009985,3127.5555917257648,16782294
2020-10-22,3084.7958984375,3109.2300053184263,3054.2534303327266,3090.904480323193,12233182
2020-10-23,3109.22998046875,3109.22998046875,3066.470348934335,3090.9044556199788,14567737
2020-10-26,3054.25341796875,3109.229992731898,3054.25341796875,3090.904467810849,14112826
2020-10-27,2999.277099609375,3054.25367907239,2999.277099609375,3054.25367907239,13573576
2020-10-28,2809.913330078125,2993.168585633108,2809.913330078125,2993.168585633108,24230438
2020-10-29,2883.21533203125,2913.7578000076282,2797.6960686384386,2809.9132323584663,15970867
2020-10-30,2956.517578125,2968.7345217882244,2877.1068926594035,2956.517578125,14202935
2020-11-02,2980.951416015625,2980.951416015625,2907.649313928204,2956.517529094386,10587246
2020-11-03,2974.843017578125,3005.3854861803325,2944.300328314068,2993.168542871819,11384690
2020-11-04,3078.6875,3121.446910697459,3054.2533934144208,3054.2533934144208,37242866
2020-11-05,3078.6875,3145.8810172830376,3054.2533934144208,3072.578918188144,23214897
2020-11-06,3066.470458984375,3103.1215099972574,3054.2535155340315,3103.1215099972574,9620162
2020-11-09,3109.22998046875,3109.22998046875,3078.687512608079,3103.121398631878,12498109
2020-11-10,3115.338623046875,3176.4235599592193,3109.230041090901,3164.20661670912,26411926
2020-11-11,3151.98974609375,3151.98974609375,3097.0131692086456,3115.3386948370135,25676921
2020-11-12,3164.206787109375,3170.315369394311,3145.8812609164274,3151.9898432013633,13063992
2020-11-13,3158.09814453125,3176.423670374333,3133.664257181709,3176.423670374333,29007191
2020-11-16,3078.6875,3176.423485018629,3078.6875,3176.423485018629,49943833
2020-11-17,3139.7724609375,3151.989624660303,3121.4469360151406,3151.989624660303,61495574
2020-11-18,3133.664306640625,3151.989832772942,3109.2301982435824,3151.989832772942,43716751
2020-11-19,3109.22998046875,3127.5555053175217,3103.121398631878,3109.22998046875,35982299
2020-11-20,3151.98974609375,3176.4236331570046,3109.230112740273,3109.230112740273,27750396
2020-11-23,3145.881103515625,3200.857679343773,3139.7725215363253,3176.423572088424,33763746
2020-11-24,3121.447021484375,3158.098072332647,3090.9045526647656,3158.098072332647,39140857
2020-11-25,3103.12158203125,3127.5556901609875,3078.6876945633694,3121.447107963089,33852672
2020-11-26,3115.338623046875,3133.664148252948,3084.795933928854,3115.338623046875,30900669
2020-11-27,3326.08251953125,3326.08251953125,3178.773527689788,3233.045307981241,61205872
2020-11-30,3411.366943359375,3558.6759423747485,3372.601289551098,3380.3544644451244,41347686
2020-12-01,3457.885498046875,3465.6386728212747,3333.835804965733,3341.5889797401323,34939586
2020-12-02,3419.1201171875,3450.132375430229,3403.613767404282,3411.366942295891,30065925
2020-12-03,3380.3544921875,3442.3794505250366,3380.3544921875,3411.366971356268,28696675
2020-12-04,3364.84814453125,3395.8604010252448,3364.84814453125,3380.3542727782474,23077798
2020-12-07,3388.107666015625,3395.8606203088407,3364.848361812267,3364.848361812267,15686258
2020-12-08,3442.37939453125,3442.37939453125,3388.107612034155,3395.860566203846,16972739
2020-12-09,3512.1572265625,3535.4165298690045,3465.638619949491,3488.8979232559955,30010144
2020-12-10,3450.13232421875,3519.910455883784,3450.13232421875,3519.910455883784,28644915
2020-12-11,3450.13232421875,3488.89797743953,3442.3793701040745,3457.8854989952765,19333357
2020-12-14,3465.638671875,3488.897975529998,3442.3793682200026,3457.8854971027176,18763298
2020-12-15,3450.13232421875,3473.391627886478,3411.366891659821,3465.6386737718026,27499491
2020-12-16,3473.3916015625,3488.8979509980336,3426.8729945795976,3442.3793440151308,26576321
2020-12-17,3527.663330078125,3574.181936359687,3426.872942914126,3473.3915491956877,36718312
2020-12-18,3674.972412109375,3674.972412109375,3519.9104609869955,3527.6634151129115,55429325
2020-12-21,3868.80029296875,3876.553467868338,3721.4912938477078,3721.4912938477078,36663637
2020-12-22,3814.5283203125,3876.5532751012147,3768.0097145518857,3876.5532751012147,24269678
2020-12-23,3721.4912109375,3814.5284250123827,3721.4912109375,3799.0220755586697,37077951
2020-12-24,3597.441162109375,3729.2442448414204,3488.8978233414186,3721.4910704073377,38647597
2020-12-25,3721.4912109375,3736.997119067515,3589.688343890183,3605.1944726820475,29601776
2020-12-28,3698.231689453125,3791.2689035958365,3651.7130823817693,3752.5034712569895,33053376
2020-12-29,3667.21923828125,3705.9846685739544,3651.712889634698,3698.2314942506787,20545871
2020-12-30,3659.46630859375,3705.9849163195054,3659.46630859375,3667.2194834353268,17521407
2020-12-31,3682.7255859375,3713.738064418635,3659.4662822421114,3674.9724111517535,15082274
2021-01-01,3682.7255859375,3682.7255859375,3682.7255859375,3682.7255859375,0
2021-01-04,3736.997314453125,3752.503664717574,3705.985055247948,3744.7504895853494,3980508
2021-01-05,3837.78759765625,3861.0471223809877,3736.9972064964677,3736.9972064964677,4215293
2021-01-06,3977.343505859375,4047.121191114304,3845.540426913542,3845.540426913542,6604706
2021-01-07,4155.6650390625,4178.9245633288965,4023.8623921906833,4031.615566946149,4854716
2021-01-08,4202.18359375,4264.2085496947975,4155.664987122325,4217.689943067123,4036290
2021-01-11,4163.41796875,4256.455177691812,4109.146189979997,4217.689747520003,3945127
2021-01-12,4147.91162109375,4171.171143996322,4078.1339350333815,4140.158446792892,2973811
2021-01-13,4163.41796875,4186.677050323616,4140.1584458527095,4147.911620151806,3723923
2021-01-14,4155.6650390625,4186.677296760663,4109.146431853405,4186.677296760663,2142095
2021-01-15,4326.2333984375,4341.739306046699,4178.924407546165,4186.677140688923,4140510
2021-01-18,4225.44287109375,4326.233253124697,4186.677000063641,4326.233253124697,3001964
2021-01-19,3930.8251953125,4186.677315442323,3930.8251953125,4186.677315442323,3370346
2021-01-20,3954.08447265625,4008.3562575298065,3721.4914241436672,3930.8253884668534,3882176
2021-01-21,4000.602783203125,4078.1340877921934,3876.5533137137822,3985.0964340205733,2748235
2021-01-22,4047.121337890625,4101.393118014763,3985.0963832739403,4000.6027322590326,1712044
2021-01-25,3977.343505859375,4047.121191114304,3954.083983225286,4047.121191114304,1383239
2021-01-26,3799.02197265625,3938.5777899884874,3721.491110135124,3938.5777899884874,2197527
2021-01-27,3612.94775390625,3837.787620994111,3566.429145497599,3729.244495589733,2549006
2021-01-28,3364.84814453125,3457.8853553369163,3364.84814453125,3364.84814453125,2628161
2021-01-29,3457.885498046875,3597.4413200149656,3132.255026126146,3132.255026126146,3144887
2021-02-01,3442.37939453125,3589.68839235945,3380.354437202612,3473.391652533717,1970319
2021-02-02,3597.441162109375,3643.9599880520313,3403.6135665520296,3442.3792180606033,1781931
2021-02-03,3721.4912109375,3736.997119067515,3597.4412979551907,3628.453776200768,2605487
2021-02-04,3651.713134765625,3744.7503502429563,3620.700876714416,3721.4912670354756,1937270
2021-02-05,3736.997314453125,3736.997314453125,3651.713270646098,3659.4664457783224,1797611
2021-02-08,3636.206787109375,3736.9969507084706,3543.169577226001,3729.244217654588,2283969
2021-02-09,3636.206787109375,3636.206787109375,3636.206787109375,3636.206787109375,0
2021-02-10,3636.206787109375,3636.206787109375,3636.206787109375,3636.206787109375,0
2021-02-11,3636.206787109375,3636.206787109375,3636.206787109375,3636.206787109375,0
2021-02-12,3636.206787109375,3636.206787109375,3636.206787109375,3636.206787109375,0
2021-02-15,3636.206787109375,3636.206787109375,3636.206787109375,3636.206787109375,0
2021-02-16,3636.206787109375,3636.206787109375,3636.206787109375,3636.206787109375,0
2021-02-17,3938.57763671875,3938.57763671875,3736.9968724199152,3768.0095692804553,2450382
2021-02-18,3954.08447265625,4000.6030823587666,3876.553603593297,3938.5781223141703,2700089
2021-02-19,3961.83740234375,3992.849659782604,3861.047014012855,3892.059271451709,2351350
2021-02-22,4000.602783203125,4062.6277386096417,3961.837351570436,3961.837351570436,3809607
2021-02-23,4023.8623046875,4070.3809108849973,3954.084174729409,3969.590523903138,2687673
2021-02-24,4023.8623046875,4023.8623046875,4023.8623046875,4023.8623046875,0
2021-02-25,3954.08447265625,3985.0967320166865,3845.540902909137,3977.34399816937,2874196
2021-02-26,3899.812255859375,3938.57768609739,3868.7999999336976,3876.5531742460357,2523009
2021-03-01,4000.602783203125,4000.602783203125,3923.071919937747,3923.071919937747,1907076
2021-03-02,4140.158203125,4186.67680486863,4016.108745583201,4047.120999637739,4823299
2021-03-03,4178.9248046875,4233.196589786589,4109.146669181893,4147.912103874463,3323249
2021-03-04,4062.627685546875,4186.677153415984,4000.6027309504784,4171.171245759649,2584387
2021-03-05,4008.35595703125,4078.134087015758,3969.5905254059417,4062.6277378361583,2940878
2021-03-08,4023.8623046875,4078.134085471862,4008.355955513771,4062.6277362981327,1719971
2021-03-09,4023.8623046875,4047.1213871244036,3915.318743118776,4008.355955513771,1485535
2021-03-10,4047.121337890625,4062.6276868757172,3969.590475612533,4023.862255736671,1635977
2021-03-11,4093.64013671875,4124.652836152558,4047.121528891744,4109.146486435654,2111027
2021-03-12,4132.40625,4163.41850990363,4101.3935487726385,4109.146724079479,2361550
2021-03-15,4132.40625,4155.665334596791,4116.899899386319,4132.40625,1655796
2021-03-16,4155.6650390625,4171.171388573431,4109.146431853405,4155.6650390625,2651768
2021-03-17,4264.20849609375,4279.714845215958,4171.171284007877,4171.171284007877,4545380
2021-03-18,4264.20849609375,4310.727102136686,4186.677191806397,4310.727102136686,4218324
2021-03-19,4209.93701171875,4248.702445928283,4178.924752615868,4233.1965370387015,2876644
2021-03-22,4178.9248046875,4209.937064176812,4140.158928671204,4209.937064176812,2310082
2021-03-23,4109.146484375,4178.924616742369,4078.1342262804496,4178.924616742369,2300639
2021-03-24,3954.08447265625,4078.134392745443,3876.553603593297,4047.1216920612833,3111546
2021-03-25,3969.590576171875,4016.109182981896,3938.5778774160635,3954.0842267939693,2407598
2021-03-26,3992.849853515625,4023.8625537829103,3845.5408512171707,3954.084419505235,2335962
2021-03-29,4031.61572265625,4062.627981552176,3985.096672326785,4031.61572265625,1835673
2021-03-30,4062.627685546875,4085.886767693221,4008.3559054404886,4047.121336566855,2385157
2021-03-31,4093.64013671875,4155.66509426266,4078.1342283255517,4124.652836152558,2263743
2021-04-01,4155.6650390625,4171.171388573431,4093.6400823424747,4124.652781364337,2058451
2021-04-02,4225.44287109375,4248.701952388147,4186.677000063641,4194.4301742696625,3626174
2021-04-05,4287.4677734375,4388.258164668191,4271.961864933807,4388.258164668191,3438252
2021-04-06,4279.71533203125,4310.727592479606,4217.6903698108,4287.4680661505345,3114635
2021-04-07,4302.9736328125,4310.726806842495,4248.701855926195,4287.467284752511,2525982
2021-04-08,4349.49267578125,4372.752200224798,4326.233592661405,4341.739500966734,3304597
2021-04-09,4341.73974609375,4364.99927185049,4326.233836912985,4364.99927185049,2267648
2021-04-12,4326.2333984375,4357.2456549795825,4186.677140688923,4357.2456549795825,5537447
2021-04-13,4287.4677734375,4388.258164668191,4264.208690020107,4388.258164668191,3406893
2021-04-14,4326.2333984375,4326.2333984375,4240.948920630329,4287.4675261052935,1722011
2021-04-15,4240.94921875,4326.233702552287,4240.94921875,4326.233702552287,2714369
2021-04-16,4132.40625,4248.702555631413,4109.146724079479,4217.6902957277825,2704286
2021-04-19,4233.1962890625,4233.1962890625,4132.405901227678,4233.1962890625,2153753
2021-04-20,4217.68994140625,4279.714897326623,4194.430417439725,4271.961722671114,2022837
2021-04-21,4217.68994140625,4217.68994140625,4217.68994140625,4217.68994140625,0
2021-04-22,4078.134033203125,4217.689850006954,4078.134033203125,4217.689850006954,2494914
2021-04-23,4171.17138671875,4178.924561470768,4031.6155651535205,4078.13417234193,2480925
2021-04-26,4109.146484375,4202.183699982355,4047.1215268621945,4171.1714418878055,2305768
2021-04-27,4155.6650390625,4178.9245633288965,4031.615566946149,4109.146431853405,1851061
2021-04-28,4163.41796875,4178.924317348193,4140.1584458527095,4155.664794450903,1709770
2021-04-29,4225.44287109375,4256.455126594169,4163.417918769243,4163.417918769243,2819230
2021-04-30,4225.44287109375,4225.44287109375,4225.44287109375,4225.44287109375,0
2021-05-03,4225.44287109375,4225.44287109375,4225.44287109375,4225.44287109375,0
2021-05-04,4217.68994140625,4233.1962907172665,4124.652728187538,4132.405902843046,2609101
2021-05-05,4504.55517578125,4512.308351159765,4233.196685475624,4233.196685475624,10138901
2021-05-06,4465.7890625,4566.579444477636,4434.776807015985,4543.319921871873,3172457
2021-05-07,4651.86376953125,4729.3950750848035,4403.764386142531,4403.764386142531,9176853
2021-05-10,4775.91357421875,4845.691262187807,4620.851407931077,4620.851407931077,5307383
2021-05-11,4651.86376953125,4806.925939314661,4651.86376953125,4775.913681887457,3134395
2021-05-12,4682.87646484375,4698.382372884119,4574.332901942691,4620.851508711188,5428623
2021-05-13,4698.38232421875,4814.679060597252,4667.370067135539,4682.87641633899,5279288
2021-05-14,4837.93798828125,4884.457034403153,4729.394871301174,4775.9134760994,4404730
2021-05-17,4830.185546875,4946.481845230147,4775.913764446451,4876.704154481799,4909099
2021-05-18,4744.90087890625,4837.938090467827,4729.394971195111,4830.185357274101,4200896
2021-05-19,4876.7041015625,4892.2100097140365,4737.147838932787,4744.901013670404,4124888
2021-05-20,4961.98828125,5008.506889666577,4806.92610608684,4876.704239373561,5693835
2021-05-21,4946.48193359375,5055.025500389864,4915.469675076451,4961.988283514255,3348779
2021-05-24,4923.22265625,4977.494437511825,4899.963132284778,4946.481738891528,3193150
2021-05-25,5039.51904296875,5039.51904296875,4884.457312366246,4884.457312366246,3470719
2021-05-26,5086.0380859375,5124.803518543915,5024.013128973014,5086.0380859375,2575294
2021-05-27,4961.98828125,5179.075414743167,4946.481931336571,5117.050456413161,3839276
2021-05-28,5093.791015625,5117.050540879083,4946.48201298696,4993.000622171408,3532854
2021-05-31,5241.099609375,5256.6059583346505,5024.012930558315,5117.0501416688485,5901341
2021-06-01,5318.63134765625,5427.174916600046,5272.112738298012,5272.112738298012,3023997
2021-06-02,5272.1123046875,5334.137259171749,5194.5810012512675,5272.1123046875,2898619
2021-06-03,5551.22412109375,5613.249077625072,5318.631085755917,5357.396518091607,4968786
2021-06-04,5496.95263671875,5582.2371220602045,5427.174943003777,5566.730771757445,5433403
2021-06-07,5372.90283203125,5566.730433751861,5272.112443830637,5535.718176353093,40503380
2021-06-08,5372.90283203125,5372.90283203125,5372.90283203125,5372.90283203125,0
2021-06-09,5179.0751953125,5248.85288431912,4806.9259024236535,5008.506677462676,32882183
2021-06-10,5070.53173828125,5272.112517499216,5039.519039125439,5163.5689531012795,23574123
2021-06-11,5341.89013671875,5388.408743508443,5070.531670666153,5086.038020037284,35895106
2021-06-14,5287.6181640625,5365.149466791204,5272.112256575703,5349.643117980727,26637757
2021-06-15,5388.40869140625,5520.211777139017,5272.112396218369,5287.618304115872,32659522
2021-06-16,5241.099609375,5388.408600520626,5132.556490628499,5303.124563889917,22422929
2021-06-17,5210.08740234375,5248.852833787973,5070.531584350332,5070.531584350332,25623540
2021-06-18,5310.8779296875,5357.396536918542,5241.099798179087,5287.6184054101295,22375133
2021-06-21,5217.84033203125,5279.865284225474,5194.580809462041,5264.358935846001,16998036
2021-06-22,5326.38427734375,5365.149709802116,5210.08753864495,5241.0997963469035,28264584
2021-06-23,5310.8779296875,5380.656061195913,5310.8779296875,5380.656061195913,17828645
2021-06-24,5310.8779296875,5388.408794631337,5279.865671974706,5310.8779296875,16791113
2021-06-25,5473.693359375,5473.693359375,5310.878010914336,5341.8902691014455,29124336
2021-06-28,5582.23681640625,5597.742724536265,5535.718209368809,5574.483641679393,31115465
2021-06-29,5566.73046875,5613.249075802461,5504.705512238817,5558.977294020639,27467199
2021-06-30,5504.705078125,5582.236377980604,5504.705078125,5566.73002974475,19888554
2021-07-01,5652.0146484375,5652.0146484375,5473.693390530166,5473.693390530166,32154162
2021-07-02,5768.31103515625,5783.817384047055,5659.7674755679745,5659.7674755679745,27139619
2021-07-05,5768.31103515625,5768.31103515625,5768.31103515625,5768.31103515625,0
2021-07-06,5768.31103515625,5768.31103515625,5768.31103515625,5768.31103515625,0
2021-07-07,5768.31103515625,5768.31103515625,5768.31103515625,5768.31103515625,0
2021-07-08,5768.31103515625,5768.31103515625,5768.31103515625,5768.31103515625,0
2021-07-09,5427.17431640625,5597.74238474868,5411.667967893785,5458.186572107508,20322219
2021-07-12,5427.17431640625,5427.17431640625,5427.17431640625,5427.17431640625,0
2021-07-13,5264.359375,5303.124807858836,5086.0381190551325,5287.61845818582,16979967
2021-07-14,5264.359375,5264.359375,5264.359375,5264.359375,0
2021-07-15,5148.0625,5202.334281107606,5008.50668057631,5008.50668057631,16703097
2021-07-16,5148.0625,5148.0625,5148.0625,5148.0625,0
2021-07-19,4946.48193359375,5093.790933867415,4837.938366797636,5093.790933867415,19921778
2021-07-20,5179.0751953125,5194.581103245253,4853.444508869297,4946.481721760586,13798008
2021-07-21,4993.00048828125,5194.581269782929,4969.74140497459,5163.569011599481,15268039
2021-07-22,5024.01318359375,5055.025441751305,4961.988225954933,4961.988225954933,14067883
2021-07-23,5016.259765625,5148.062408061812,5000.75341663584,5008.50659113042,25523284
2021-07-26,5039.51904296875,5055.025392558481,4915.469570222006,5016.259959907856,8563135
2021-07-27,5039.51904296875,5101.544000003973,4993.000435523259,5055.025392558481,20465025
2021-07-28,5101.5439453125,5117.050294735995,5047.272163653967,5086.038037212703,19040459
2021-07-29,5179.0751953125,5186.828369940723,5117.05023961041,5163.568846056054,11918793
2021-07-30,5225.59375,5256.606006882031,5163.568794912251,5194.581051794282,19447311
2021-08-02,5303.12451171875,5341.889942412825,5179.075045232975,5225.593650330601,22408940
2021-08-03,5411.66845703125,5411.66845703125,5279.865806733236,5303.124890280551,21455343
2021-08-04,5411.66845703125,5411.66845703125,5411.66845703125,5411.66845703125,0
2021-08-05,5504.705078125,5512.458252242926,5365.149267973309,5388.408349003425,19642577
2021-08-06,5427.17431640625,5520.211524833698,5403.914793637552,5504.705176321232,15672560
2021-08-09,5504.705078125,5504.705078125,5365.149267973309,5411.6678713572055,15088511
2021-08-10,5504.705078125,5504.705078125,5504.705078125,5504.705078125,0
2021-08-11,5496.95263671875,5558.977596606065,5489.19946156737,5520.212162172889,12250453
2021-08-12,5434.927734375,5504.705423162714,5427.174559771101,5473.693166070807,11991070
2021-08-13,5388.40869140625,5481.446345409723,5310.877827947663,5427.174564459236,15540246
2021-08-16,5543.470703125,5543.470703125,5365.149457411006,5388.4085392623765,19159950
2021-08-17,5543.470703125,5543.470703125,5543.470703125,5543.470703125,0
2021-08-18,5520.2119140625,5574.483696359147,5504.705564456686,5543.470997147519,9647880
2021-08-19,5582.23681640625,5582.23681640625,5450.433728697084,5520.211859915095,14160561
2021-08-20,5349.6435546875,5535.718431632007,5272.112686953408,5442.680772497896,18252984
2021-08-23,5210.08740234375,5318.630963446526,5179.075145453109,5318.630963446526,15567058
2021-08-24,5225.59375,5295.37143831549,5155.815620360821,5210.0874008971405,14819219
2021-08-25,5241.099609375,5272.1123072943,5217.840527259208,5272.1123072943,20515736
2021-08-26,5204.27294921875,5407.792032684761,5204.27294921875,5281.804259803943,13062643
2021-08-27,5136.43310546875,5194.581031732526,4981.370939010081,5175.198536752496,11990604
2021-08-30,5175.19873046875,5184.890198983376,5126.741829219324,5155.8157934394985,9581665
2021-08-31,5029.82763671875,5184.889796958476,5029.82763671875,5175.198329195306,9088779
2021-09-01,4971.6796875,5097.667454993033,4961.988218925834,5020.136589047122,14548761
2021-09-02,4971.6796875,4971.6796875,4971.6796875,4971.6796875,0
2021-09-03,4971.6796875,4971.6796875,4971.6796875,4971.6796875,0
2021-09-06,5107.3583984375,5155.815295002368,4971.679176320602,4981.370643898308,13573248
2021-09-07,5175.19873046875,5175.19873046875,5107.358892190073,5155.8157934394985,9103701
2021-09-08,5175.19873046875,5175.19873046875,5175.19873046875,5175.19873046875,0
2021-09-09,5117.05029296875,5184.89013034941,5058.901923974426,5155.8157251904,9167118
2021-09-10,5020.13623046875,5117.0500266406325,5020.13623046875,5097.6670908767865,12147283
2021-09-13,4884.45751953125,5029.828229129497,4884.45751953125,5029.828229129497,12765139
2021-09-14,4806.92626953125,4932.914484214274,4806.92626953125,4865.074642360051,9867977
2021-09-15,4797.23486328125,4845.691767718725,4787.543394129008,4806.926332433492,9031890
2021-09-16,4865.07421875,4884.4571551131385,4806.925850984273,4845.6912823868615,7921614
2021-09-17,4932.9140625,4932.9140625,4884.457162839194,4884.457162839194,10325890
2021-09-20,4981.37109375,5039.519021820066,4981.37109375,5000.753589332122,8685424
2021-09-21,4981.37109375,4981.37109375,4981.37109375,4981.37109375,0
2021-09-22,4981.37109375,4981.37109375,4981.37109375,4981.37109375,0
2021-09-23,4923.22265625,4971.679556520518,4884.457224298324,4942.605151563991,7913220
2021-09-24,4942.60498046875,4971.679384418826,4932.91395380907,4932.91395380907,750193855
2021-09-27,4942.60498046875,5029.8277509952995,4942.60498046875,4961.987916435468,10093203
2021-09-28,4932.9140625,4961.9880257670075,4894.148189712405,4942.60508937321,14142142
2021-09-29,4923.22265625,4971.679556520518,4884.457224298324,4942.605151563991,9584929
2021-09-30,4923.22265625,4942.605151563991,4884.457224298324,4894.148251293473,11434301
2021-10-01,4816.61767578125,4932.914419923147,4806.926206882138,4913.531482124924,9768188
2021-10-04,4671.24658203125,4826.308747691198,4661.555113929312,4787.542875283448,922680620
2021-10-05,4748.77783203125,4768.160769818126,4651.864025744309,4680.938432424624,5365788
2021-10-06,4748.77783203125,4748.77783203125,4748.77783203125,4748.77783203125,0
2021-10-07,4671.24658203125,4729.39494931919,4661.555113929312,4729.39494931919,6802012
2021-10-08,4671.24658203125,4671.24658203125,4671.24658203125,4671.24658203125,0
2021-10-11,4671.24658203125,4671.24658203125,4671.24658203125,4671.24658203125,0
2021-10-12,4952.29638671875,4991.061816845272,4913.530956592228,4971.679322443848,8138913
2021-10-13,4981.37109375,5058.901958725889,4952.296688391267,4981.37109375,13321443
2021-10-14,4981.37109375,4981.37109375,4981.37109375,4981.37109375,0
2021-10-15,4971.6796875,5039.519084871747,4961.988218925834,5029.8280576212865,13019743
2021-10-18,4971.6796875,4971.6796875,4971.6796875,4971.6796875,0
2021-10-19,4932.9140625,5010.444925427813,4903.839657909303,5000.753457230914,10864474
2021-10-20,4855.3828125,4981.371017820034,4855.3828125,4923.22264931261,11627818
2021-10-21,4768.16064453125,4903.839881503152,4768.16064453125,4865.07444827171,12989433
2021-10-22,4758.46923828125,4865.0745120582105,4758.46923828125,4845.691574526504,11549945
2021-10-25,4758.46923828125,4758.46923828125,4758.46923828125,4758.46923828125,0
2021-10-26,4758.46923828125,4758.46923828125,4758.46923828125,4758.46923828125,0
2021-10-27,4758.46923828125,4758.46923828125,4758.46923828125,4758.46923828125,0
2021-10-28,4952.29638671875,4961.987854581299,4894.148020867131,4923.222424454777,19175454
2021-10-29,4894.1484375,4952.296808301719,4894.1484375,4952.296808301719,13720601
2021-11-01,4894.1484375,4894.1484375,4894.1484375,4894.1484375,0
2021-11-02,4961.98828125,4961.98828125,4903.839910398351,4903.839910398351,23056523
2021-11-03,5272.1123046875,5301.186267648784,4961.9879735899385,4971.679441684928,5899989295
2021-11-04,5243.0380859375,5310.877923679386,5223.655590385318,5301.186455241445,24103847
2021-11-05,5175.19873046875,5252.72959593835,5136.43329773395,5243.038127423724,15057502
2021-11-08,5233.34716796875,5272.112601205296,5126.741895575466,5194.581293408495,24633572
2021-11-09,5369.0263671875,5407.791800151333,5272.112564116067,5272.112564116067,36250665
2021-11-10,5427.17431640625,5485.322682004322,5378.717418628468,5388.408445125087,22200851
2021-11-11,5369.0263671875,5446.557233115165,5272.112564116067,5427.174737295101,25923842
2021-11-12,5427.17431640625,5456.24827854345,5320.5690530303955,5369.025950808177,19691656
2021-11-15,5591.92822265625,5708.224968797295,5465.940448773224,5504.7058837123295,41956391
2021-11-16,5407.79150390625,5659.767466353183,5407.79150390625,5611.310567471992,31488277
2021-11-17,5388.40869140625,5427.174564459236,5310.877827947663,5427.174564459236,20542665
2021-11-18,5475.63134765625,5621.002044533105,5407.7915125842455,5407.7915125842455,32744040
2021-11-19,5853.59521484375,5853.59521484375,5543.4708773705,5553.162345664731,97218837
2021-11-22,6260.63330078125,6260.63330078125,5969.89190230346,5969.89190230346,61514683
2021-11-23,6163.7197265625,6260.633529597138,6086.188860664272,6260.633529597138,27514879
2021-11-24,6493.2265625,6580.449338207989,6173.411189316391,6183.102657875468,55151465
2021-11-25,6299.39892578125,6493.226530719295,6299.39892578125,6473.844035019712,40330380
2021-11-26,6076.49755859375,6435.078816176614,6076.49755859375,6357.547506830302,36864324
2021-11-29,6105.5712890625,6289.707424530437,5892.360748210973,6008.657487097933,54894530
2021-11-30,5911.74365234375,6260.633425745805,5911.74365234375,6260.633425745805,37705075
2021-12-01,6202.48486328125,6202.48486328125,5921.434936168473,5931.126404273814,29564763
2021-12-02,6105.5712890625,6299.398892991633,6105.5712890625,6280.01639739294,28358428
2021-12-03,6008.65771484375,6250.942228938463,6008.65771484375,6183.102829786174,46336874
2021-12-06,5640.384765625,6047.422909740779,5591.927864721869,5969.892044825249,42001623
2021-12-07,5814.82958984375,5902.05191894725,5630.693463664433,5698.532856823298,19730825
2021-12-08,5872.97802734375,6047.422687659354,5746.989824828094,5853.595091164823,30658251
2021-12-09,5960.2001953125,5989.274157466045,5776.064071918147,5776.064071918147,15951878
2021-12-10,5950.5087890625,6086.188457379512,5921.434826608099,5931.126294534124,19407675
2021-12-13,5824.52099609375,6018.3485881913975,5814.829528224132,5950.508754427751,28917063
2021-12-14,5737.298828125,5911.743489354671,5737.298828125,5814.82969059959,22851815
2021-12-15,5824.52099609375,5979.583158036603,5669.458834150897,5717.915732175309,21299480
2021-12-16,5756.681640625,5911.743815451221,5717.916207249373,5892.360878101552,16171042
2021-12-17,5717.916015625,5853.595248554538,5698.533078924911,5795.4468797779655,25628670
2021-12-20,5737.298828125,5814.82969059959,5640.384588046233,5717.915891844509,23218798
2021-12-21,5698.533203125,5776.064510291463,5679.150707326163,5737.299077370084,14841602
2021-12-22,5407.79150390625,5756.681264115567,5388.408567824301,5756.681264115567,47766569
2021-12-23,5204.27294921875,5495.014370934844,5155.816045599401,5427.17497066199,33427645
2021-12-24,5562.85400390625,5562.85400390625,5272.112593093907,5320.569494895964,15811986
2021-12-27,5572.54541015625,5727.607582451918,5562.853941639576,5688.841708385223,21222540
2021-12-28,5911.74365234375,5960.200553057266,5553.162410534252,5582.23681575658,39879928
2021-12-29,5931.12646484375,6086.188632141678,5911.743528435126,5911.743528435126,31393617
2021-12-30,5931.12646484375,6037.731732443805,5892.360592026502,5931.12646484375,17695398
2021-12-31,5979.58349609375,6183.1025675670135,5853.595289313302,5931.126595329815,33619764
2022-01-03,5979.58349609375,5979.58349609375,5979.58349609375,5979.58349609375,0
2022-01-04,6028.04052734375,6154.028295527696,6008.657590089124,6037.731995971063,31754538
2022-01-05,5911.74365234375,6057.114354484298,5911.74365234375,6008.657453770782,30523955
2022-01-06,5911.74365234375,6018.348922178225,5805.138382509274,5834.212787731603,31516721
2022-01-07,5872.97802734375,5979.583293680478,5863.286559254287,5911.7434583779195,19107374
2022-01-10,5737.298828125,5931.1264256351615,5737.298828125,5834.21262688008,26895624
2022-01-11,5679.15087890625,5814.830118892109,5621.002507105534,5717.916312998821,22050234
2022-01-12,5998.96630859375,6047.423211918173,5621.002550927992,5659.767985322786,26000316
2022-01-13,5969.8916015625,6299.398414973262,5969.8916015625,6066.80539617294,48442714
2022-01-14,5931.12646484375,6008.65732783087,5853.595160532942,5872.978096941566,12520795
2022-01-17,5621.00244140625,6105.571465208956,5621.00244140625,5969.892226808941,35203340
2022-01-18,5727.607421875,5795.446816942391,5524.088354025447,5669.459053728887,22246082
2022-01-19,5611.31103515625,5776.064681613447,5562.854132236335,5727.607778693532,14577672
2022-01-20,5601.61962890625,5708.224904786131,5504.705821983398,5562.854194401853,19697718
2022-01-21,5659.767578125,5814.8297458717925,5582.236714913449,5621.002146519225,18636404
2022-01-24,5621.00244140625,5776.064617287859,5562.854070285182,5659.7678750457235,21596051
2022-01-25,5824.52099609375,5824.52099609375,5611.310468256867,5621.001936126485,20085218
2022-01-26,5950.5087890625,6105.570951907888,5834.212497921217,5892.360422830021,37862220
2022-01-27,5969.8916015625,6105.570825752383,5911.743236531503,5950.508666110945,23202943
2022-01-28,5989.27490234375,6066.80621326845,5960.200936574317,5989.27490234375,20671366
2022-01-31,5989.27490234375,5989.27490234375,5989.27490234375,5989.27490234375,0
2022-02-01,5989.27490234375,5989.27490234375,5989.27490234375,5989.27490234375,0
2022-02-02,5989.27490234375,5989.27490234375,5989.27490234375,5989.27490234375,0
2022-02-03,5989.27490234375,5989.27490234375,5989.27490234375,5989.27490234375,0
2022-02-04,5989.27490234375,5989.27490234375,5989.27490234375,5989.27490234375,0
2022-02-07,6028.04052734375,6183.102701409635,6028.04052734375,6086.188897783921,26281499
2022-02-08,6086.18896484375,6163.719832069101,5989.274718826491,6037.732062496977,26922670
2022-02-09,6124.9541015625,6299.3987650255685,6105.571165033852,6144.336596767456,36196107
2022-02-10,6105.5712890625,6134.64569444609,5998.966018636736,6066.805856541413,27194060
2022-02-11,6047.4228515625,6134.645625407982,6028.040356181934,6086.1887249710235,19068670
2022-02-14,5659.767578125,5969.891913618585,5659.767578125,5911.743545548076,73917503
2022-02-15,5659.767578125,5659.767578125,5659.767578125,5659.767578125,0
2022-02-16,5669.45947265625,5785.75621754187,5640.385065772984,5776.064748580781,20052577
2022-02-17,5766.373046875,5766.373046875,5659.7677752533145,5698.53320820928,14595392
2022-02-18,5717.916015625,5737.298952325089,5659.767646848428,5698.533078924911,17459447
2022-02-21,5737.298828125,5746.989854941559,5591.927688668693,5679.150460607214,28755721
2022-02-22,5727.607421875,5746.989917041245,5611.310685582773,5650.076117238952,21673924
2022-02-23,5746.990234375,5795.44713695181,5717.9162693584,5737.29920691861,22522602
2022-02-24,5582.23681640625,5727.607518563716,5427.174645840212,5717.916050155146,69095428
2022-02-25,5669.45947265625,5727.60784509906,5640.385065772984,5659.7680036951615,18874687
2022-02-28,5582.23681640625,5688.841644929434,5553.162411180538,5679.150617844561,22449392
2022-03-01,5533.77978515625,5601.619179768652,5495.013912436377,5582.236684732404,31720964
2022-03-02,5301.1865234375,5504.705597957588,5291.495054874885,5475.631633593449,53528719
2022-03-03,5475.63134765625,5475.63134765625,5291.494778553289,5369.02608168182,19117632
2022-03-04,5427.17431640625,5524.088111961813,5427.17431640625,5524.088111961813,17133498
2022-03-07,5310.8779296875,5369.026299057227,5262.421028766677,5369.026299057227,32625132
2022-03-08,5301.1865234375,5349.643424926868,5291.495054874885,5310.877992000114,22465247
2022-03-09,5233.34716796875,5330.26097172197,5233.34716796875,5291.495097161715,20102005
2022-03-10,5223.65576171875,5339.952062817404,5223.65576171875,5339.952062817404,18680237
2022-03-11,5291.4951171875,5310.878054540983,5213.96425042099,5223.655719097731,13716871
2022-03-14,5252.7294921875,5301.1863924798145,5223.655528541589,5281.803897157105,10996439
2022-03-15,5272.1123046875,5320.569203838764,5252.729368497521,5262.420836592511,9438975
2022-03-16,5262.4208984375,5310.877798158239,5233.346935134532,5310.877798158239,17208574
2022-03-17,5330.2607421875,5388.408668876469,5281.803842397566,5320.569273964775,15554585
2022-03-18,5349.6435546875,5456.248828814662,5349.6435546875,5398.100457352236,10872401
2022-03-21,5485.32275390625,5485.32275390625,5349.643085291027,5349.643085291027,15673493
2022-03-22,5485.32275390625,5524.088184371881,5456.248350064269,5514.396716424554,14457365
2022-03-23,5427.17431640625,5524.088111961813,5427.17431640625,5504.705176321232,12481159
2022-03-24,5446.55712890625,5485.323002452081,5388.408759911201,5427.174633457032,11952367
2022-03-25,5417.48291015625,5465.93980848475,5417.48291015625,5446.556872623879,11070115
2022-03-28,5310.8779296875,5465.940100898873,5291.494992789691,5369.026299057227,15729916
2022-03-29,5339.95166015625,5369.026064231332,5281.8037346534475,5320.569165429876,8490508
2022-03-30,5485.32275390625,5504.705248477227,5349.643085291027,5369.026021185681,27235562
2022-03-31,5495.013671875,5562.8535048411895,5456.248242175892,5553.162037085496,11950968
2022-04-01,5708.224609375,5708.224609375,5427.1746721083255,5446.557167695582,35021481
2022-04-04,5640.384765625,5795.446936779758,5621.0022700579675,5795.446936779758,24114573
2022-04-05,5572.54541015625,5717.916113935244,5572.54541015625,5640.384807125559,11810144
2022-04-06,5621.00244140625,5669.459343786521,5533.780105386505,5543.471132803589,21591854
2022-04-07,5601.61962890625,5717.916373743162,5601.61962890625,5650.076532367676,32177011
2022-04-08,5475.63134765625,5669.458943492056,5475.63134765625,5621.002044533105,11484662
2022-04-11,5475.63134765625,5475.63134765625,5475.63134765625,5475.63134765625,0
2022-04-12,5388.40869140625,5485.322932715021,5349.643259676956,5475.631464451775,14576740
2022-04-13,5427.17431640625,5475.631214184032,5330.260520850687,5388.408445125087,15784007
2022-04-14,5291.4951171875,5446.557292044231,5291.4951171875,5427.1747960144585,17644104
2022-04-15,5097.6669921875,5330.260451556019,5087.975524493201,5291.494580778823,27489699
2022-04-18,5039.51904296875,5175.198719231495,4961.988177667498,5097.66741260654,16868170
2022-04-19,5020.13623046875,5136.4329624044785,5010.444762586827,5117.0500266406325,14366902
2022-04-20,4991.06201171875,5078.284784563584,4981.370984801493,5020.136416441592,14690052
2022-04-21,4826.30908203125,5000.753754655952,4671.24690562945,4981.371258433049,22147692
2022-04-22,4874.765625,4981.370890995516,4787.542853797689,4874.765625,15590490
2022-04-25,4564.6416015625,4923.222854535902,4535.567195434983,4874.765952313751,18856034
2022-04-26,4748.77783203125,4768.160769818126,4399.88804113352,4458.036413170428,20461061
2022-04-27,4845.69140625,4884.4572799671905,4642.172334529547,4710.012172210931,11553209
2022-04-28,4884.45751953125,4932.914422730665,4845.691643912741,4845.691643912741,13251031
2022-04-29,4903.83984375,4932.914249442529,4845.691473688648,4913.531312314176,10483035
2022-05-02,4903.83984375,4903.83984375,4903.83984375,4903.83984375,0
2022-05-03,4903.83984375,4903.83984375,4903.83984375,4903.83984375,0
2022-05-04,4806.92626953125,4903.840077138011,4806.92626953125,4894.1486081125895,10205583
2022-05-05,4874.765625,4884.457093058443,4748.777422887596,4845.691220824669,6870093
2022-05-06,4661.55517578125,4806.925875268114,4651.863707550721,4710.012075610205,10194858
2022-05-09,4458.0361328125,4642.172264912951,4419.270701000357,4564.641401288664,18784223
2022-05-10,4661.55517578125,4690.629139149147,4341.739372115935,4380.505245038051,16072185
2022-05-11,4700.3203125,4748.777209288959,4603.406518922082,4671.246350956089,6871025
2022-05-12,4448.3447265625,4661.555266488134,4419.2707626288675,4651.863798069024,13590502
2022-05-13,4302.9736328125,4516.184153342724,4167.294411258566,4438.652854366434,22794459
2022-05-16,4361.12255859375,4448.344895021459,4264.208753379914,4438.6534262353325,11437565
2022-05-17,4651.86376953125,4651.86376953125,4273.900034094226,4438.653230913597,11728074
2022-05-18,4651.86376953125,4719.703606725147,4574.332905301392,4651.86376953125,13279009
2022-05-19,4710.01171875,4729.3946537424845,4506.49266662354,4584.023965269821,14499333
2022-05-20,4719.70361328125,4787.543009245686,4651.863775993117,4710.012144908132,10825304
2022-05-23,4690.62890625,4777.851674670284,4584.024084978395,4768.160206920957,11124207
2022-05-24,4768.16064453125,4768.16064453125,4622.7899389205595,4671.24684079079,10959134
2022-05-25,4971.6796875,4971.6796875,4768.160612737349,4768.160612737349,15616137
2022-05-26,4952.29638671875,5000.753284707821,4903.83948872968,4903.83948872968,8762364
2022-05-27,5000.75341796875,5010.444886089559,4903.839619408034,4942.605050567583,7799908
2022-05-30,5010.44482421875,5058.901722900744,4981.370861539025,5058.901722900744,9184838
2022-05-31,5058.90185546875,5058.90185546875,4981.370992075342,5010.444955516948,10457855
2022-06-01,5068.59326171875,5126.741629214312,4961.987994864169,5058.901793582209,10985247
2022-06-02,5068.59326171875,5068.59326171875,5068.59326171875,5068.59326171875,0
2022-06-03,4923.22265625,5039.518952105029,4884.457224298324,5020.136456791038,5175069
2022-06-06,4903.83984375,4991.062178180175,4845.691473688648,4884.457347945353,7415671
2022-06-07,4903.83984375,4952.296745247176,4806.926040755649,4903.83984375,7191844
2022-06-08,5029.82763671875,5087.975560650438,4855.382540952683,4942.604868173882,12387897
2022-06-09,5000.75341796875,5039.5188491283,4981.3709230508175,4991.061949847942,4033551
2022-06-10,5020.13623046875,5117.0500266406325,4942.60492873704,5000.753294704904,15129313
2022-06-13,4758.46923828125,4961.988317069318,4748.777769515396,4845.691574526504,10393971
2022-06-14,4826.30908203125,4903.839949570292,4671.24690562945,4671.24690562945,12725503
2022-06-15,4748.77783203125,4845.691638318191,4642.172556850872,4845.691638318191,15068693
2022-06-16,4836.00048828125,4942.60531943824,4729.395215800551,4768.160649068885,10266203
2022-06-17,4768.16064453125,4797.234609123904,4632.481407559348,4729.395211299808,9519180
2022-06-20,4603.40673828125,4768.16037174393,4535.566903014574,4768.16037174393,8969871
2022-06-21,4574.3330078125,4651.863873779829,4496.801700521464,4496.801700521464,7755142
2022-06-22,4574.3330078125,4671.246810933515,4574.3330078125,4574.3330078125,7322876
2022-06-23,4554.94970703125,4593.71513692022,4506.49280933912,4574.33264263757,4649075
2022-06-24,4458.0361328125,4651.86373319691,4458.0361328125,4651.86373319691,10460186
2022-06-27,4525.8759765625,4545.258471837072,4458.036139792266,4477.419076390531,5913232
2022-06-28,4700.3203125,4768.1601445340075,4496.8012577216405,4516.184192966689,10068489
2022-06-29,4729.39501953125,4787.542946358764,4574.332851569267,4574.332851569267,6514767
2022-06-30,4651.86376953125,4816.617407674317,4651.86376953125,4768.160507199732,11190889
2022-07-01,4748.77783203125,4748.77783203125,4545.258750563931,4632.481529281154,9558350
2022-07-04,4758.46923828125,4806.926140786803,4739.086300749543,4787.543203255097,4889223
2022-07-05,4797.23486328125,4836.000739890215,4739.086489691533,4739.086489691533,10378583
2022-07-06,4622.78955078125,4777.851712011377,4554.949717329422,4748.777308536163,14352913
2022-07-07,4651.86376953125,4690.629201646178,4613.098337416321,4622.789805775977,4698037
2022-07-08,4593.71533203125,4680.938104640674,4593.71533203125,4661.555168211094,5200716
2022-07-11,4438.6533203125,4584.024465987871,4438.6533203125,4545.258591768463,7082262
2022-07-12,4438.6533203125,4438.6533203125,4438.6533203125,4438.6533203125,0
2022-07-13,4593.71533203125,4651.863699996303,4535.566964066196,4554.949900495778,5982245
2022-07-14,4593.71533203125,4603.40680024604,4506.493000745515,4593.71533203125,7477690
2022-07-15,4574.3330078125,4642.172405202987,4564.641539235658,4593.715503642479,7303758
2022-07-18,4554.94970703125,4642.17203461235,4554.94970703125,4642.17203461235,3671230
2022-07-19,4535.56689453125,4564.64129872988,4506.492931656302,4554.94983066367,3958475
2022-07-20,4622.78955078125,4642.172045107722,4584.024120804636,4613.098082956179,6147318
2022-07-21,4661.55517578125,4729.3950120712625,4651.863707550721,4651.863707550721,10377184
2022-07-22,4613.09814453125,4690.62900551935,4613.09814453125,4661.555042979732,5359260
2022-07-25,4574.3330078125,4613.098440796165,4564.641539235658,4564.641539235658,3697810
2022-07-26,4574.3330078125,4603.406972219322,4554.950070658815,4574.3330078125,3838634
2022-07-27,4632.48095703125,4632.48095703125,4545.258189088647,4574.332592177403,3230104
2022-07-28,4729.39501953125,4748.777514699192,4642.172246642597,4680.938119625861,12906896
2022-07-29,4680.93798828125,4777.851785372679,4680.93798828125,4777.851785372679,8289063
2022-08-01,4787.54296875,4806.925905332286,4690.629168485958,4690.629168485958,11405390
2022-08-02,4816.61767578125,4855.3831100539755,4768.160772609413,4768.160772609413,10436405
2022-08-03,4816.61767578125,4826.309144680362,4768.160772609413,4806.926206882138,8525481
2022-08-04,4826.30908203125,4913.531418343601,4787.543206938014,4845.691578254153,10467647
2022-08-05,4787.54296875,4806.925905332286,4748.777536909122,4806.925905332286,7779857
2022-08-08,4845.69140625,4865.074343108596,4787.543036997913,4826.308910715104,10871469
2022-08-09,4874.765625,4884.457093058443,4826.308726031463,4845.691220824669,14381824
2022-08-10,4855.3828125,4884.457217415558,4826.308848908136,4874.765749110373,9203957
2022-08-11,4903.83984375,4961.988213811352,4894.148375185824,4903.83984375,22362659
2022-08-12,4923.22265625,4932.914124568842,4894.148251293473,4923.22265625,6932112
2022-08-15,5097.6669921875,5097.6669921875,4932.913806679076,4961.987768438308,22490427
2022-08-16,5107.3583984375,5117.049866015205,5039.518566717221,5097.666930859795,10868671
2022-08-17,5184.89013671875,5194.581163793295,5107.35883085651,5107.35883085651,21901948
2022-08-18,5194.58154296875,5213.964481180081,5136.433610982217,5204.273012074415,23377342
2022-08-19,5087.9755859375,5175.198354915862,5087.9755859375,5117.049989371511,17842284
2022-08-22,4932.9140625,5068.593293285517,4932.9140625,5068.593293285517,12831355
2022-08-23,4981.37109375,4991.062120879211,4855.382886509556,4932.914192809145,11604502
2022-08-24,5020.13623046875,5058.901660672768,4981.370800264732,5039.518724908922,7274380
2022-08-25,5126.74169921875,5126.74169921875,4981.370999156688,4981.370999156688,10147761
2022-08-26,5097.6669921875,5175.198292418228,5097.6669921875,5175.198292418228,9716428
2022-08-29,5029.82763671875,5039.518663158252,4903.8394384448675,5020.13616895558,13122330
2022-08-30,5097.6669921875,5107.3584598818,5020.136133280438,5039.518627345371,7611054
2022-08-31,5175.19873046875,5175.19873046875,5039.5190539113955,5068.593459455273,11126538
2022-09-01,5175.19873046875,5175.19873046875,5175.19873046875,5175.19873046875,0
2022-09-02,5175.19873046875,5175.19873046875,5175.19873046875,5175.19873046875,0
2022-09-05,5117.05029296875,5175.198661963073,5049.210455588089,5146.124256804063,6155245
2022-09-06,5175.19873046875,5204.272694688924,5078.2849279698985,5117.0503607046985,9416126
2022-09-07,5058.90185546875,5281.803860041257,5058.90185546875,5184.890060137652,21217877
2022-09-08,4942.60498046875,5233.346813351118,4942.60498046875,5233.346813351118,8961011
2022-09-09,5000.75341796875,5039.5188491283,4845.691252006867,5039.5188491283,7708978
2022-09-12,4971.6796875,5117.050392141365,4971.6796875,5117.050392141365,4967562
2022-09-13,5020.13623046875,5039.518724908922,4942.60492873704,5039.518724908922,3466056
2022-09-14,4884.45751953125,4932.914422730665,4865.074581721995,4884.45751953125,9014170
2022-09-15,4874.765625,5000.753385788721,4855.382688883113,5000.753385788721,4706431
2022-09-16,4845.69140625,4942.605207895578,4845.69140625,4903.839775502087,4606641
2022-09-19,4748.77783203125,4903.840010355099,4710.012397781218,4903.840010355099,6229388
2022-09-20,4806.92626953125,4826.309207582092,4690.629523873647,4826.309207582092,3136843
2022-09-21,4787.54296875,4836.0003102057135,4719.703573359387,4836.0003102057135,3815319
2022-09-22,4787.54296875,4787.54296875,4710.012105068244,4758.469005200264,3097207
2022-09-23,4710.01171875,4806.925511065108,4710.01171875,4748.777147411312,3888529
2022-09-26,4545.25830078125,4680.9379692155635,4516.184338301712,4680.9379692155635,12222358
2022-09-27,4676.09228515625,4724.549184021777,4554.949817330592,4554.949817330592,5947086
2022-09-28,4639.74951171875,4663.97818302331,4554.950044800198,4554.950044800198,3233182
2022-09-29,4639.74951171875,4688.206413004166,4627.635617390174,4639.74951171875,5161826
2022-09-30,4639.74951171875,4700.320748656446,4494.378807862503,4494.378807862503,8619208
2022-10-03,4458.0361328125,4639.749397841962,4433.8079034262955,4506.493032908603,5169660
2022-10-04,4482.26513671875,4603.407175302447,4433.808233020526,4470.150800463262,8314430
2022-10-05,4482.26513671875,4615.521511557934,4482.26513671875,4603.407175302447,5681478
2022-10-06,4397.46484375,4603.406776978629,4361.122279451914,4445.921743255342,5217409
2022-10-07,4227.86572265625,4361.122079866587,4118.837593427944,4252.093950638281,11898275
2022-10-10,4094.609130859375,4179.409036387205,3961.352766920914,4167.294701122702,12317205
2022-10-11,3925.010498046875,4118.838111581477,3852.3249223095377,4046.1525358441404,16948188
2022-10-12,4070.381103515625,4118.83800565306,3888.6673895074628,3949.2386275101835,7619074
2022-10-13,4070.381103515625,4203.637474062642,4034.0385372434766,4191.523138197355,5613210
2022-10-14,4118.837890625,4227.866027720293,4082.4953253678023,4179.40912693613,3812148
2022-10-17,3997.695556640625,4094.6093615698696,3912.8960876584642,4070.3811309994153,5281946
2022-10-18,4070.381103515625,4106.723669787773,3997.6955296476176,4106.723669787773,4182955
2022-10-19,4046.15234375,4155.180481517951,4021.9241138702896,4118.837916036535,2457621
2022-10-20,4070.381103515625,4118.83800565306,3767.525354825732,4118.83800565306,9752147
2022-10-21,3997.695556640625,4118.838033464038,3925.0104236055486,4118.838033464038,6795764
2022-10-24,3864.43896484375,4021.9239992049133,3815.9820651421373,3997.6953286922626,8283468
2022-10-25,3876.55322265625,3997.6952488283227,3731.1825264555546,3852.3245526276273,6322369
2022-10-26,3864.43896484375,3900.7815292890373,3779.63950069685,3876.5533001000754,3433507
2022-10-27,4021.924072265625,4021.924072265625,3791.7534635090087,3864.4390350436497,8115224
2022-10-28,3997.695556640625,4070.3811309994153,3949.2386541760025,4034.038564481877,5203980
2022-10-31,3973.46728515625,4021.924187121922,3876.553481224905,3949.238613511559,5810551
2022-11-01,4021.924072265625,4130.952208905738,3973.467171683763,3997.6954013128457,13032333
2022-11-02,3985.581298828125,4034.0386435664345,3937.1243954135384,4021.924307381857,6697653
2022-11-03,3876.55322265625,3985.580913814011,3876.55322265625,3900.7814513611925,7058760
2022-11-04,3731.1826171875,3876.553316923205,3610.0401467459005,3803.8677463935073,26299312
2022-11-07,3476.78369140625,3803.8678883488615,3476.78369140625,3803.8678883488615,18237805
2022-11-08,3513.12646484375,3513.12646484375,3234.4991706669853,3234.4991706669853,24037166
2022-11-09,3585.811767578125,3634.2686684466235,3488.8979658411286,3488.8979658411286,16150244
2022-11-10,3537.354736328125,3573.6973003090425,3367.7555895395467,3513.1262867868995,14252564
2022-11-11,3585.811767578125,3622.154332898574,3537.354866709627,3537.354866709627,8227884
2022-11-14,3537.354736328125,3561.5831858693505,3343.527139998321,3343.527139998321,24796686
2022-11-15,3391.984130859375,3537.3548320400955,3307.184444839698,3513.1263818433085,13652707
2022-11-16,3610.040283203125,3610.040283203125,3161.8138317444373,3295.070421870104,14837498
2022-11-17,3706.9541015625,3767.5253393158655,3561.583395748648,3561.583395748648,14702083
2022-11-18,3634.268798828125,3706.9541527385018,3488.8980910073715,3706.9541527385018,9042242
2022-11-21,3585.811767578125,3706.954019749371,3549.468981595827,3706.954019749371,4734689
2022-11-22,3549.468994140625,3682.7255823308856,3537.3548792116103,3634.268681291127,5524426
2022-11-23,3549.468994140625,3634.268681291127,3537.3548792116103,3634.268681291127,3504759
2022-11-24,3585.811767578125,3610.040218012374,3488.8979658411286,3610.040218012374,3404783
2022-11-25,3622.154296875,3622.154296875,3573.6973964884223,3622.154296875,3527515
2022-11-28,3743.296630859375,3767.525302251849,3634.268712902504,3634.268712902504,6543212
2022-11-29,3743.296630859375,3815.982203713092,3634.268712902504,3755.410966555612,6879326
2022-11-30,3767.525146484375,3815.9820459421785,3670.6113475687675,3755.4108112890026,7590350
2022-12-01,3864.43896484375,3912.8958645453627,3791.7533946294866,3876.5533001000754,11877012
2022-12-02,3997.695556640625,3997.695556640625,3900.7817517113804,3900.7817517113804,8492746
2022-12-05,4106.7236328125,4155.180534513648,4034.0385009226316,4143.066198757435,14589796
2022-12-06,3973.46728515625,4227.866130806956,3973.46728515625,4227.866130806956,20369385
2022-12-07,3852.32470703125,3997.6954090584954,3840.2103715313883,3961.3528438826083,5856436
2022-12-08,3997.695556640625,4058.2667950523314,3925.0104236055486,3949.2386541760025,17028020
2022-12-09,4070.381103515625,4118.83800565306,3997.6955296476176,4118.83800565306,10553075
2022-12-12,3925.010498046875,4155.180678788285,3925.010498046875,4155.180678788285,14382756
2022-12-13,3985.581298828125,4070.3812107964436,3900.7818281835293,4070.3812107964436,13921673
2022-12-14,3985.581298828125,4034.0386435664345,3973.4674039672705,4034.0386435664345,9012771
2022-12-15,4058.2666015625,4070.380936931997,3985.5810306692083,4046.1522661930026,20042225
2022-12-16,4191.52294921875,4227.865955176051,4058.2665846797167,4058.2665846797167,22418896
2022-12-19,4203.63720703125,4336.893569113305,4203.63720703125,4239.979770994777,16121520
2022-12-20,4034.03857421875,4239.980079197686,3961.35299968452,4215.751848568752,23668970
2022-12-21,4070.381103515625,4118.83800565306,3997.6955296476176,4118.83800565306,8538631
2022-12-22,4082.495361328125,4155.180492482762,4046.152354427104,4118.837926905444,4862270
2022-12-23,4118.837890625,4118.837890625,4058.266654313871,4094.609219571069,4858167
2022-12-26,3937.124267578125,4167.29488231674,3912.8960373193654,4118.837980475511,7704875
2022-12-27,3961.35302734375,3997.6955942027607,3925.010460484739,3973.4673634046594,8024947
2022-12-28,3925.010498046875,3997.69563246049,3876.553594663224,3973.4674014305256,4403425
2022-12-29,3852.32470703125,3973.46717938247,3852.32470703125,3864.439042531111,5077890
2022-12-30,3864.43896484375,3864.43896484375,3791.7533946294866,3852.3246295874246,5691923
2023-01-02,3864.43896484375,3864.43896484375,3864.43896484375,3864.43896484375,0
2023-01-03,3997.695556640625,3997.695556640625,3852.3248492467583,3900.7817517113804,3530126
2023-01-04,3961.35302734375,4070.381169244501,3961.35302734375,4070.381169244501,6098169
2023-01-05,3973.46728515625,3997.6955154772313,3949.238613511559,3973.46728515625,7563864
2023-01-06,3985.581298828125,4094.6094418418757,3961.353067782693,3973.4674039672705,6388025
2023-01-09,4058.2666015625,4082.4952723014944,4009.809701408203,4021.9240367777006,4548166
2023-01-10,4058.2666015625,4082.4952723014944,3997.6953660387057,4082.4952723014944,3798719
2023-01-11,4046.15234375,4094.609244833123,4021.9241138702896,4058.266679351706,9508175
2023-01-12,4021.924072265625,4094.6092024765694,4021.924072265625,4046.1523018947073,2805299
2023-01-13,4034.03857421875,4106.723707429265,4021.924238242426,4070.381140824007,7371745
2023-01-16,4094.609130859375,4118.83780138838,4046.1522311250537,4082.4952369185617,8688968
2023-01-17,4179.4091796875,4179.4091796875,4118.837942611857,4143.066172647892,7178881
2023-01-18,4227.86572265625,4300.55084792601,4179.408825368521,4215.751388003401,9047837
2023-01-19,4239.97998046875,4312.6655533104795,4215.751750403976,4264.208651857228,10854122
2023-01-20,4239.97998046875,4239.97998046875,4239.97998046875,4239.97998046875,0
2023-01-23,4239.97998046875,4239.97998046875,4239.97998046875,4239.97998046875,0
2023-01-24,4239.97998046875,4239.97998046875,4239.97998046875,4239.97998046875,0
2023-01-25,4239.97998046875,4239.97998046875,4239.97998046875,4239.97998046875,0
2023-01-26,4239.97998046875,4239.97998046875,4239.97998046875,4239.97998046875,0
2023-01-27,4288.4365234375,4361.122090203204,4276.322630079606,4349.007755521642,5770635
2023-01-30,4421.69384765625,4433.8081837771915,4288.437032973334,4336.89393613338,14050746
2023-01-31,4518.607421875,4518.607421875,4373.236719861929,4421.693620532952,13200203
2023-02-01,4603.40673828125,4724.549206688097,4530.721610296088,4530.721610296088,20225390
2023-02-02,4445.921875,4615.52124895623,4445.921875,4603.406913389993,9174300
2023-02-03,4494.37890625,4494.37890625,4312.665632782689,4482.265011656235,9303746
2023-02-06,4482.26513671875,4482.26513671875,4373.236993066815,4433.808233020526,6378326
2023-02-07,4361.12255859375,4506.4932664145035,4361.12255859375,4482.265035772902,4091559
2023-02-08,4433.80810546875,4458.036335959002,4288.43695723239,4312.665629046354,6740553
2023-02-09,4409.57958984375,4470.150830200404,4312.665781802595,4433.808262515903,6396978
2023-02-10,4397.46484375,4433.807849371772,4336.8936090374,4361.122279451914,5954174
2023-02-13,4373.23681640625,4373.23681640625,4227.86611118395,4361.1224806401315,7100541
2023-02-14,4276.32275390625,4409.579115291044,4276.32275390625,4361.12221648533,5546435
2023-02-15,4312.6650390625,4373.236268987395,4264.208143387314,4276.322477637023,6757713
2023-02-16,4482.26513671875,4482.26513671875,4300.5514168576165,4300.5514168576165,11085037
2023-02-17,4470.150390625,4470.150390625,4385.350485935052,4421.693491369466,7450831
2023-02-20,4554.94970703125,4554.94970703125,4433.807683462759,4470.15024640094,10471005
2023-02-21,4603.40673828125,4603.40673828125,4506.492940085246,4554.949839183248,13029722
2023-02-22,4482.26513671875,4603.407175302447,4482.26513671875,4579.178944115198,7133742
2023-02-23,4373.23681640625,4445.921948355547,4264.208677158598,4445.921948355547,11177179
2023-02-24,4239.97998046875,4409.579356216982,4239.97998046875,4324.779889004718,5888145
2023-02-27,4094.609130859375,4239.979830062339,4094.609130859375,4239.979830062339,7353093
2023-02-28,4130.9521484375,4227.865948182614,4118.837813138438,4118.837813138438,4545182
2023-03-01,4288.4365234375,4312.665192800624,4034.038143066706,4130.951937871866,5728108
2023-03-02,4361.12255859375,4361.12255859375,4252.094417397256,4264.208753379914,6876714
2023-03-03,4312.6650390625,4373.236268987395,4215.751247712128,4361.1219347376855,4626133
2023-03-06,4361.12255859375,4421.693797183326,4239.980081414597,4324.779991969491,11608046
2023-03-07,4482.26513671875,4506.493367906,4336.893984300353,4336.893984300353,13059565
2023-03-08,4506.4931640625,4506.4931640625,4361.122459543423,4361.122459543423,7659363
2023-03-09,4482.26513671875,4530.722040416974,4409.579560509552,4482.26513671875,4468335
2023-03-10,4482.26513671875,4482.26513671875,4373.236993066815,4409.579560509552,5507265
2023-03-13,4470.150390625,4506.49295473573,4385.350485935052,4409.579156224661,10254638
2023-03-14,4373.23681640625,4470.150619887784,4373.23681640625,4397.46504661478,6652141
2023-03-15,4482.26513671875,4530.722040416974,4421.6938967650385,4421.6938967650385,6045197
2023-03-16,4324.77978515625,4530.721721718328,4264.208549463222,4482.264821428645,7902962
2023-03-17,4482.26513671875,4482.26513671875,4336.893984300353,4409.579560509552,11154796
2023-03-20,4312.6650390625,4397.464496163162,4264.208143387314,4385.350161913452,10850392
2023-03-21,4215.75146484375,4361.122159356602,4203.637129970093,4361.122159356602,19054028
2023-03-22,4276.32275390625,4312.665317679615,4215.751520068187,4288.436647614918,12557819
2023-03-23,4276.32275390625,4300.550982647267,4239.979748809204,4276.32275390625,6864031
2023-03-24,4373.23681640625,4409.579382380898,4288.436907367128,4288.436907367128,5138324
2023-03-27,4409.57958984375,4421.693926179827,4336.89401315102,4409.57958984375,4719021
2023-03-28,4397.46484375,4433.807849371772,4349.007944244657,4409.579178957258,8099556
2023-03-29,4385.3505859375,4445.92182171909,4373.236691840138,4409.579256779614,3990464
2023-03-30,4530.7216796875,4579.1785795276555,4433.807880007188,4433.807880007188,21594093
2023-03-31,4663.97802734375,4700.320591763802,4530.721663587765,4530.721663587765,20999086
2023-04-03,4688.2060546875,4724.549058866666,4603.406594250117,4712.4347241402775,10939549
2023-04-04,4639.74951171875,4676.092518675589,4615.521281737894,4651.86384737103,8395754
2023-04-05,4773.00634765625,4773.00634765625,4651.8638731105575,4676.0925445491785,17571920
2023-04-06,4760.89208984375,4869.920230454259,4736.663418008654,4773.0064257612985,19350599
2023-04-07,4712.4345703125,4760.891466312609,4651.86333998145,4724.548904643441,10025962
2023-04-10,4773.00634765625,4785.1206833755605,4724.549446102714,4724.549446102714,13917942
2023-04-11,4736.66357421875,4773.0065831699485,4676.092775280874,4748.777910535816,8437535
2023-04-12,4760.89208984375,4773.0064257612985,4736.663418008654,4736.663418008654,11013412
2023-04-13,4773.00634765625,4773.00634765625,4676.0925445491785,4760.8920119369395,9124685
2023-04-14,4724.54931640625,4785.1205520163185,4724.54931640625,4785.1205520163185,8899365
2023-04-17,4676.09228515625,4724.549184021777,4676.09228515625,4688.206178879871,5249491
2023-04-18,4688.2060546875,4700.320389413889,4627.635263702895,4676.092161284781,7952577
2023-04-19,4615.52099609375,4688.206122861704,4615.52099609375,4688.206122861704,4497059
2023-04-20,4651.86376953125,4676.0924404303905,4603.406869056665,4615.521204506235,3411498
2023-04-21,4554.94970703125,4651.86350241551,4554.94970703125,4651.86350241551,6244776
2023-04-24,4542.83544921875,4651.863581203557,4518.60722062417,4627.635352608976,4643293
2023-04-25,4445.921875,4567.064348014979,4433.807980757462,4542.835676882503,5584486
2023-04-26,4579.1787109375,4579.1787109375,4433.808007245292,4445.921901560199,5299106
2023-04-27,4603.40673828125,4615.521073386672,4518.607275190668,4579.178509394091,3589067
2023-04-28,4554.94970703125,4627.63527423128,4554.94970703125,4603.40660472338,4391487
2023-05-01,4554.94970703125,4554.94970703125,4554.94970703125,4554.94970703125,0
2023-05-02,4554.94970703125,4554.94970703125,4554.94970703125,4554.94970703125,0
2023-05-03,4554.94970703125,4554.94970703125,4554.94970703125,4554.94970703125,0
2023-05-04,4554.94970703125,4591.29226996943,4530.72147884702,4530.72147884702,3023904
2023-05-05,4615.52099609375,4615.52099609375,4518.607199520694,4554.949762904671,4927553
2023-05-08,4651.86376953125,4700.3206700058345,4615.521204506235,4627.635539955805,9154155
2023-05-09,4615.52099609375,4700.3204577642555,4615.52099609375,4676.092229282829,4584352
2023-05-10,4639.74951171875,4651.86384737103,4603.406946085614,4651.86384737103,3642040
2023-05-11,4651.86376953125,4676.0924404303905,4627.635539955805,4651.86376953125,4740285
2023-05-12,4700.3203125,4700.3203125,4651.863415711041,4700.3203125,5519949
2023-05-15,4700.3203125,4760.891543817114,4700.3203125,4700.3203125,9994253
2023-05-16,4724.54931640625,4736.663210469309,4700.320645632745,4724.54931640625,5917615
2023-05-17,4748.77783203125,4748.77783203125,4712.435265004578,4724.549601121375,6972587
2023-05-18,4700.3203125,4748.777209288959,4688.205977971845,4748.777209288959,7249013
2023-05-19,4700.3203125,4736.662874760804,4663.977750239196,4736.662874760804,5516219
2023-05-22,4712.4345703125,4724.548904643441,4676.092008643332,4676.092008643332,6814789
2023-05-23,4724.54931640625,4736.663210469309,4688.206310245993,4724.54931640625,6568206
2023-05-24,4724.54931640625,4724.54931640625,4724.54931640625,4724.54931640625,0
2023-05-25,4724.54931640625,4724.54931640625,4688.206310245993,4724.54931640625,6226870
2023-05-26,4724.54931640625,4736.663210469309,4700.320645632745,4736.663210469309,4497059
2023-05-29,5566.4716796875,5596.080833531949,5507.254309961819,5507.254309961819,7457984
2023-05-30,5566.4716796875,5596.080833531949,5507.254309961819,5596.080833531949,7512805
2023-05-31,5448.0361328125,5536.862650864563,5433.231322319173,5522.058309352816,6304787
2023-06-01,5507.25439453125,5507.25439453125,5359.2095609988455,5448.036554914611,8021120
2023-06-02,5640.494140625,5655.2984825598805,5522.058467182767,5536.862809117649,15885561
2023-06-05,5640.494140625,5714.516319280997,5610.884987773646,5684.9071664296425,10404067
2023-06-06,5684.9072265625,5684.9072265625,5596.080705032048,5625.689389214999,11412911
2023-06-07,5625.689453125,5684.907291145239,5610.885110865341,5684.907291145239,6096855
2023-06-08,5536.86279296875,5655.298466065551,5536.86279296875,5655.298466065551,7077802
2023-06-09,5477.64501953125,5551.667198824202,5448.036335406708,5522.05851469966,7500478
2023-06-12,5448.0361328125,5536.862650864563,5433.231322319173,5536.862650864563,8411357
2023-06-13,5507.25439453125,5507.25439453125,5448.036554914611,5462.840897573367,3688281
2023-06-14,5522.05859375,5581.276431828407,5477.645097945794,5477.645097945794,7402189
2023-06-15,5522.05859375,5536.862936024201,5477.645097945794,5522.05859375,5612870
2023-06-16,5507.25439453125,5610.885262124156,5507.25439453125,5522.058737190006,11388582
2023-06-19,5433.2314453125,5507.254092510063,5433.2314453125,5477.6449398347195,7427491
2023-06-20,5536.86279296875,5536.86279296875,5388.818436088544,5433.231461763651,8401301
2023-06-21,5522.05859375,5522.05859375,5448.036413397393,5492.449440219995,5335194
2023-06-22,5522.05859375,5522.05859375,5522.05859375,5522.05859375,0
2023-06-23,5522.05859375,5581.276431828407,5492.449440219995,5536.862936024201,6645718
2023-06-26,5566.4716796875,5596.080833531949,5507.254309961819,5522.058652393239,6306734
2023-06-27,5536.86279296875,5566.471476752155,5522.058451077048,5551.667134860452,5725756
2023-06-28,5551.6669921875,5566.471333698743,5507.253967653768,5536.862650676256,6195469
2023-06-29,5433.2314453125,5566.471459897569,5418.427103465623,5551.667118050693,9831524
2023-06-30,5507.25439453125,5551.667422507518,5418.427400615484,5477.645240232123,9871099
2023-07-03,5462.8408203125,5551.667343990378,5462.8408203125,5522.058659091622,5999864
2023-07-04,5492.44921875,5536.862712763337,5462.840535395498,5477.644877072749,5407208
2023-07-05,5462.8408203125,5522.058659091622,5462.8408203125,5522.058659091622,9119494
2023-07-06,5388.818359375,5477.644878442298,5359.20920703151,5462.840536761346,13190228
2023-07-07,5433.2314453125,5448.0362561409665,5374.014077924993,5388.81841977187,7091751
2023-07-10,5433.2314453125,5477.6449398347195,5403.622761618746,5448.0362561409665,10550690
2023-07-11,5507.25439453125,5507.25439453125,5433.23174327424,5433.23174327424,8989740
2023-07-12,5492.44921875,5522.0583710860865,5462.840535395498,5522.0583710860865,4742215
2023-07-13,5507.25439453125,5522.058737190006,5462.840897573367,5492.449582890878,5454244
2023-07-14,5596.08056640625,5596.08056640625,5492.449236369874,5536.86273052569,15006472
2023-07-17,5596.08056640625,5625.689249855736,5566.471413975177,5625.689249855736,9509083
2023-07-18,5596.08056640625,5610.884908130993,5566.471413975177,5610.884908130993,10953904
2023-07-19,5737.46337890625,5754.488349451651,5686.387998288434,5754.488349451651,9358709
2023-07-20,5788.53857421875,5788.53857421875,5737.463195235982,5771.51360421836,13185348
2023-07-21,5856.638671875,5856.638671875,5720.437979753488,5788.538325814244,10766831
2023-07-24,5873.6640625,5890.689501972715,5822.588682045077,5890.689501972715,6494794
2023-07-25,5856.638671875,5890.6890793961675,5805.563295084038,5839.613702605206,10335537
2023-07-26,5856.638671875,5856.638671875,5805.563295084038,5856.638671875,8364110
2023-07-27,5856.638671875,6043.914740787473,5822.5882643538325,5856.638671875,20725233
2023-07-28,5873.6640625,5890.689501972715,5839.614121517793,5873.6640625,8007566
2023-07-31,5907.71435546875,5924.739325622694,5856.638976025312,5856.638976025312,8473273
2023-08-01,5975.814453125,6009.8648609789225,5924.739075834907,5992.83942256117,12615555
2023-08-02,5924.7392578125,5975.814636671366,5907.7142878534105,5975.814636671366,4183465
2023-08-03,5856.638671875,5975.814394726717,5856.638671875,5924.739017935755,6328087
2023-08-04,5839.61376953125,5907.714116372484,5839.61376953125,5873.663708461075,8749707
2023-08-07,5907.71435546875,5958.789734912187,5873.663946179257,5890.689385314805,8822765
2023-08-08,5907.71435546875,5958.789734912187,5890.689385314805,5924.739325622694,9810030
2023-08-09,5890.689453125,5924.739393824852,5839.614073093612,5924.739393824852,7012121
2023-08-10,5856.638671875,5941.764456187128,5839.613702605206,5907.714048665962,5570713
2023-08-11,5805.5634765625,5873.663824752032,5771.5135369585305,5873.663824752032,7706027
2023-08-14,5839.61376953125,5839.61376953125,5788.538392154929,5805.563361619842,5901588
2023-08-15,5805.5634765625,5873.663824752032,5788.538506760515,5856.638854950047,5103596
2023-08-16,5839.61376953125,5856.638738996163,5788.538392154929,5822.588331084754,4964533
2023-08-17,5839.61376953125,5873.663708461075,5788.538392154929,5839.61376953125,7175725
2023-08-18,5516.13671875,5822.588524189756,5499.111748720458,5822.588524189756,13426805
2023-08-21,5516.13671875,5618.287476890452,5448.036369650232,5448.036369650232,13247687
2023-08-22,5584.23681640625,5584.23681640625,5396.960747569038,5516.136470372862,8891027
2023-08-23,5482.08642578125,5584.237186084535,5465.061455391239,5533.161805932892,5495117
2023-08-24,5516.13671875,5584.237067849768,5465.061339679774,5482.086309709316,6074783
2023-08-25,5533.16162109375,5567.2120297179035,5482.086242648316,5482.086242648316,4973559
2023-08-28,5550.18701171875,5550.18701171875,5499.111633716671,5499.111633716671,5156062
2023-08-29,5516.13671875,5550.187127790684,5482.086309709316,5516.13671875,8335338
2023-08-30,5567.2119140625,5567.2119140625,5516.136536678126,5533.161506145722,6741892
2023-08-31,5737.46337890625,5737.46337890625,5550.187295962001,5550.187295962001,10874020
2023-09-01,5737.46337890625,5737.46337890625,5737.46337890625,5737.46337890625,0
2023-09-04,5737.46337890625,5737.46337890625,5737.46337890625,5737.46337890625,0
2023-09-05,5822.58837890625,5839.613817492578,5703.412653709894,5754.488031505702,14426764
2023-09-06,5856.638671875,5856.638671875,5771.513356544449,5822.5882643538325,10408313
2023-09-07,5890.689453125,5907.714423474927,5839.614073093612,5856.639043443539,12620633
2023-09-08,5907.71435546875,5907.71435546875,5822.58856673582,5856.638976025312,16030929
2023-09-11,5822.58837890625,5958.7895426889345,5822.58837890625,5941.764573084194,22786925
2023-09-12,5924.7392578125,5924.7392578125,5788.538560176588,5839.613939035455,18972697
2023-09-13,5941.7646484375,5958.789618258151,5873.663831191711,5924.739209635256,22651528
2023-09-14,5958.78955078125,5992.839490036972,5890.689203288219,5941.764581153389,19290032
2023-09-15,6129.041015625,6129.041015625,5958.789902356618,5975.814872988971,28581325
2023-09-18,5992.83984375,6146.06598638932,5958.789902484562,6129.0410157566,33261526
2023-09-19,6026.89013671875,6026.89013671875,5907.714406645547,6009.865166417323,30859651
2023-09-20,6077.96533203125,6129.040710366101,5992.839545145969,6026.8899536964,24642137
2023-09-21,5975.814453125,6077.965207705185,5975.814453125,6077.965207705185,24595595
2023-09-22,5975.814453125,5992.83942256117,5822.588321254722,5941.76451425266,20076459
2023-09-25,5924.7392578125,5992.839606630456,5873.663878953634,5941.764696753187,24681910
2023-09-26,5924.7392578125,5958.789666712277,5822.588500094767,5890.689317894321,26469988
2023-09-27,5924.7392578125,5924.7392578125,5822.588500094767,5873.663878953634,18157216
2023-09-28,5890.689453125,5924.739393824852,5754.488283380764,5907.714423474927,33765313
2023-09-29,5907.71435546875,5924.739325622694,5856.638976025312,5907.71435546875,29290181
2023-10-02,5822.58837890625,5941.764573084194,5822.58837890625,5907.7141648931265,20093101
2023-10-03,5822.58837890625,5822.58837890625,5703.412653709894,5822.58837890625,28403335
2023-10-04,5822.58837890625,5822.58837890625,5737.463061900961,5805.56340930151,25923889
2023-10-05,5771.513671875,5839.6140216564645,5737.463262493466,5822.588582474896,26288613
2023-10-06,5822.58837890625,5822.58837890625,5737.463061900961,5771.51347009203,21465964
2023-10-09,5805.5634765625,5839.613885148063,5754.488098174952,5805.5634765625,23698594
2023-10-10,5924.7392578125,5958.789666712277,5822.588500094767,5839.613939035455,22154511
2023-10-11,5992.83984375,5992.83984375,5873.664111357735,5941.764931851843,25264960
2023-10-12,5958.78955078125,6026.889898274282,5924.73914254394,6009.8649286464215,18727855
2023-10-13,5992.83984375,5992.83984375,5890.689550972071,5941.764931851843,23305098
2023-10-16,5924.7392578125,6009.865045571143,5907.7142878534105,5975.814636671366,21636902
2023-10-17,5975.814453125,6060.940238269015,5958.78948368883,6026.889830415093,26299332
2023-10-18,5975.814453125,6009.8648609789225,5907.714106398737,5992.83942256117,23051794
2023-10-19,5958.78955078125,5975.814520409111,5907.714172916079,5958.78955078125,22371991
2023-10-20,6043.9150390625,6043.9150390625,5924.739310329306,5958.789719530905,25356071
2023-10-23,5958.78955078125,6043.914867902143,5856.638795050908,6043.914867902143,23834836
2023-10-24,5975.814453125,5992.83942256117,5873.663698544815,5958.78948368883,21945493
2023-10-25,5958.78955078125,5992.839490036972,5890.689203288219,5975.814520409111,21618849
2023-10-26,5788.53857421875,5924.739272185065,5635.312437270447,5907.714302184675,16735554
2023-10-27,5873.6640625,5907.714472463819,5737.463360607947,5805.563711553974,20332584
2023-10-30,5856.638671875,5941.764456187128,5822.5882643538325,5856.638671875,21529431
2023-10-31,5856.638671875,5941.764456187128,5788.538325814244,5941.764456187128,22187232
2023-11-01,5873.6640625,5873.6640625,5805.563711553974,5856.639092008896,20469955
2023-11-02,5992.83984375,5992.83984375,5839.614170092297,5890.689550972071,25501904
2023-11-03,6248.21630859375,6248.21630859375,5975.814452725335,5992.839422160367,44197603
2023-11-06,6214.166015625,6265.24139385592,6163.091106375671,6248.216424106145,27114813
2023-11-07,6129.041015625,6214.166337768383,6129.041015625,6214.166337768383,26682391
2023-11-08,6401.44287109375,6401.44287109375,6112.016026319887,6129.040996900228,29283129
2023-11-09,6384.4169921875,6435.492369395379,6367.392022778734,6435.492369395379,28445364
2023-11-10,6418.4677734375,6418.4677734375,6265.241632898582,6367.392393257861,31391646
2023-11-13,6401.44287109375,6435.492812254432,6265.241699506181,6418.467841674091,30075480
2023-11-14,6384.4169921875,6452.517807785727,6316.316645570855,6418.467399986614,25494288
2023-11-15,6435.49267578125,6520.618464840977,6435.49267578125,6469.5430852014615,28340150
2023-11-16,6452.51806640625,6486.568006588522,6384.417248078504,6486.568006588522,22381582
2023-11-17,6299.2919921875,6469.54310176113,6214.1662029098825,6452.518131498248,22183565
2023-11-20,6367.39208984375,6401.442498001503,6180.116017430083,6197.140987018165,21743527
2023-11-21,6367.39208984375,6401.442498001503,6299.291742509834,6384.417059431833,18950130
2023-11-22,6333.34228515625,6401.442633936279,6282.266906325829,6384.417195005074,18817555
2023-11-23,6146.06591796875,6350.367439213473,6146.06591796875,6350.367439213473,20377716
2023-11-24,6231.19140625,6265.241345486678,6146.065620195128,6163.091058795055,16230356
2023-11-27,6163.09130859375,6265.241599425667,6077.9655190886115,6265.241599425667,17817032
2023-11-28,6146.06591796875,6180.11632783674,6060.94059677119,6163.09135739355,15129697
2023-11-29,6146.06591796875,6265.241649034301,6112.01597708237,6163.09135739355,19676476
2023-11-30,6129.041015625,6180.116396503676,6094.990605378677,6129.041015625,16874053
2023-12-01,6197.14111328125,6197.14111328125,6077.965385773364,6146.065734494785,19043498
2023-12-04,6299.2919921875,6333.342401694868,6163.091292121239,6214.1662029098825,19069166
2023-12-05,6282.26708984375,6299.2920602906925,6180.116329198874,6299.2920602906925,18363977
2023-12-06,6333.34228515625,6401.442633936279,6282.266906325829,6333.34228515625,22511901
2023-12-07,6367.39208984375,6401.442498001503,6231.191395175917,6367.39208984375,25936865
2023-12-08,6384.4169921875,6401.4424305778475,6333.342083961203,6367.392022778734,22318115
2023-12-11,6384.4169921875,6418.467399986614,6299.291676162089,6401.4424305778475,19148712
2023-12-12,6401.44287109375,6401.44287109375,6333.342519790774,6401.44287109375,19875057
2023-12-13,6418.4677734375,6435.492743836843,6350.367422858518,6401.442803038157,19889443
2023-12-14,6435.49267578125,6469.5430852014615,6384.417296141735,6418.467705561947,18924179
2023-12-15,6469.54296875,6486.567938662854,6401.4426201169845,6435.492559942694,20610992
2023-12-18,6265.24169921875,6486.568192679482,6197.141347918897,6486.568192679482,20379408
2023-12-19,6452.51806640625,6452.51806640625,6180.116200040069,6265.24151947735,19557157
2023-12-20,6401.44287109375,6452.5182518163865,6265.241699506181,6452.5182518163865,19827386
2023-12-21,6384.4169921875,6418.467399986614,6248.21629895421,6350.367053369969,18347899
2023-12-22,6452.51806640625,6452.51806640625,6316.316898732359,6384.417248078504,19759124
2023-12-25,6520.6181640625,6520.6181640625,6418.467409495407,6452.517817344966,19221769
2023-12-26,6537.6435546875,6537.6435546875,6452.518233051736,6537.6435546875,18745343
2023-12-27,6571.69384765625,6571.69384765625,6520.6184679920525,6537.643438219583,18278226
2023-12-28,6588.71875,6588.71875,6469.543021671946,6537.643370862033,24043008
2023-12-29,6912.19580078125,6912.19580078125,6520.618217706982,6605.743534558821,35083453
2024-01-01,6912.19580078125,6912.19580078125,6912.19580078125,6912.19580078125,0
2024-01-02,6775.9951171875,6895.170842361823,6707.894300817955,6810.045056390685,18946181
2024-01-03,6810.04541015625,6810.04541015625,6741.945059230642,6775.995469184252,23107363
2024-01-04,6946.24658203125,6997.321493496909,6793.020440689434,6827.07038166654,31609126
2024-01-05,6980.29638671875,6980.29638671875,6878.14562781869,6946.246446406465,18431393
2024-01-08,6997.3212890625,7065.422106990297,6963.2713490802,6997.3212890625,15549425
2024-01-09,6997.3212890625,7014.346728035249,6946.24637908905,6997.3212890625,17708997
2024-01-10,7048.396484375,7048.396484375,6946.246198107977,6997.321106750695,17975841
2024-01-11,7082.447265625,7099.472236069616,7031.37188530954,7048.396855754156,15499498
2024-01-12,7116.49755859375,7116.49755859375,6980.296390329351,7082.4471492822495,16753325
2024-01-15,7150.54736328125,7150.54736328125,7031.371636424108,7133.522393439256,18607973
2024-01-16,7150.54736328125,7167.572802104837,7082.447014931682,7133.522393439256,17956378
2024-01-17,7099.47216796875,7150.5475477942755,6997.3214083177,7150.5475477942755,20058970
2024-01-18,7082.447265625,7116.497675495843,7048.396855754156,7099.472236069616,16136425
2024-01-19,7133.5224609375,7133.5224609375,7065.422111943559,7082.447081946644,20034712
2024-01-22,7218.64794921875,7218.64794921875,7082.44724803683,7150.547598627791,22429535
2024-01-23,7150.54736328125,7235.673150454405,7082.447014931682,7218.647711630817,18091210
2024-01-24,7201.62255859375,7201.62255859375,7099.471804177116,7150.547181385433,19855029
2024-01-25,7201.62255859375,7201.62255859375,7201.62255859375,7201.62255859375,0
2024-01-26,7252.6982421875,7269.72321231562,7167.572922565297,7167.572922565297,18819811
2024-01-29,7286.74853515625,7286.74853515625,7235.673156605258,7252.698126461723,16685344
2024-01-30,7439.97412109375,7474.024529418783,7286.748456085076,7303.773425756798,17766823
2024-01-31,7422.94921875,7491.049567036163,7320.798461829959,7439.974188576142,16289028
2024-02-01,7422.94921875,7456.999627383879,7388.899279097716,7422.94921875,17633119
2024-02-02,7422.94921875,7422.94921875,7422.94921875,7422.94921875,0
2024-02-05,7712.3759765625,7729.401415206569,7559.150311637007,7610.225220624446,26978006
2024-02-06,7831.5517578125,7848.577196577548,7695.35106158167,7712.3760313651255,17053171
2024-02-07,8018.82861328125,8018.82861328125,7814.527092006289,7848.57750187932,16832306
2024-02-08,8018.82861328125,8018.82861328125,8018.82861328125,8018.82861328125,0
2024-02-09,8018.82861328125,8018.82861328125,8018.82861328125,8018.82861328125,0
2024-02-12,8018.82861328125,8018.82861328125,8018.82861328125,8018.82861328125,0
2024-02-13,8018.82861328125,8018.82861328125,8018.82861328125,8018.82861328125,0
2024-02-14,8018.82861328125,8018.82861328125,8018.82861328125,8018.82861328125,0
2024-02-15,8052.87841796875,8103.95426640522,7916.677718743507,8052.87841796875,19401452
2024-02-16,7933.70263671875,8052.8783650023815,7899.652696627199,8035.853394956605,17239623
2024-02-19,7950.7275390625,7950.7275390625,7814.526841892869,7933.7025691616955,18668901
2024-02-20,8035.853515625,8052.878485926427,7831.551996081447,7933.702755853224,19296519
2024-02-21,8001.80322265625,8086.929008378016,7899.652467382764,8018.828192207969,17380943
2024-02-22,7797.501953125,8001.803469986798,7797.501953125,8001.803469986798,20214676
2024-02-23,7661.30078125,7848.577327928576,7661.30078125,7797.501948741837,21093624
2024-02-26,7729.4013671875,7797.501714395932,7644.27558144077,7661.300550997481,15810627
2024-02-27,7729.4013671875,7831.551653509355,7678.32598953578,7729.4013671875,17811955
2024-02-28,7899.65283203125,7899.65283203125,7729.401721710501,7729.401721710501,17457668
2024-02-29,7933.70263671875,7967.752576810302,7882.627726581423,7899.652696627199,16992243
2024-03-01,7933.70263671875,7950.727606764526,7814.526908435119,7933.70263671875,17222134
2024-03-04,7933.70263671875,7950.727606764526,7865.602287554047,7933.70263671875,16693242
2024-03-05,8001.80322265625,8001.80322265625,7831.551651212717,7933.702406486202,19296237
2024-03-06,7984.7783203125,8001.803290007518,7814.526747435958,7950.7274429592835,12785083
2024-03-07,7882.6279296875,7967.752782109731,7865.602490221442,7865.602490221442,15913021
2024-03-08,7831.5517578125,7882.627605126052,7746.42643991363,7882.627605126052,17444692
2024-03-11,7865.60205078125,7882.62748929612,7746.426326085083,7831.551642733094,18143958
2024-03-12,7814.52685546875,7848.57726431111,7644.275749220143,7848.57726431111,18569046
2024-03-13,7865.60205078125,7899.652458829405,7695.350948503643,7814.526673199809,17908425
2024-03-14,7814.52685546875,7882.627673153471,7746.426506765627,7882.627673153471,16037980
2024-03-15,7831.5517578125,7865.602166361004,7712.3760313651255,7763.451409697085,16842178
2024-03-18,7593.2001953125,7848.577083286018,7593.2001953125,7831.551644766726,18688082
2024-03-19,7610.2255859375,7610.2255859375,7337.824182335409,7593.200615457772,25065815
2024-03-20,7695.35107421875,7763.451422445996,7422.949212328168,7627.250725991503,17549342
2024-03-21,8138.00390625,8138.00390625,7678.325977109994,7712.375916168314,31571046
2024-03-22,8103.9541015625,8155.029010996848,8052.878254164965,8138.004041185399,18417007
2024-03-25,8018.82861328125,8103.954403473021,7950.727793535189,8103.954403473021,17728742
2024-03-26,8240.1552734375,8240.1552734375,7967.7529268483495,8001.803806399019,20405641
2024-03-27,8223.1298828125,8342.305610247233,8155.029065151284,8274.204792586017,16104268
2024-03-28,8257.1796875,8257.1796875,8172.0539013077005,8172.0539013077005,15243373
2024-03-29,8206.1044921875,8274.204368394261,8103.953739914213,8274.204368394261,18152138
2024-04-01,8172.05419921875,8223.130047981364,8052.878469390267,8206.105077714898,16941751
2024-04-02,8138.00390625,8155.02887577916,8001.803212053548,8069.903090170188,16290156
2024-04-03,7967.75244140625,8138.004014897152,7950.727471649796,8120.979045140698,18538864
2024-04-04,7950.7275390625,8103.9541440961275,7950.7275390625,7967.7525089633045,17229186
2024-04-05,7950.7275390625,8069.9032663313255,7899.6526293600855,7933.7025691616955,17817032
2024-04-08,8138.00390625,8172.05384530832,7933.702395973737,7950.727365502897,22784104
2024-04-09,8155.029296875,8189.079237691534,8069.903506870444,8138.004326466733,16409474
2024-04-10,8155.029296875,8189.079237691534,8035.853566053911,8172.054267283267,17674020
2024-04-11,8172.05419921875,8172.05419921875,8001.803558590866,8069.903439656735,15901738
2024-04-12,8274.205078125,8308.255019149059,8052.878585542166,8172.054317089597,24037649
2024-04-15,8001.80322265625,8291.229580961814,7933.702406486202,8257.179641858376,27478973
2024-04-16,8001.80322265625,8052.878131311406,7831.551651212717,8001.80322265625,20299581
2024-04-17,7831.5517578125,8018.828301356881,7627.250713466256,8018.828301356881,24582901
2024-04-18,7831.5517578125,7831.5517578125,7831.5517578125,7831.5517578125,0
2024-04-19,7576.17529296875,7746.4263968005425,7456.999567184654,7729.40142711184,26711163
2024-04-22,7627.2509765625,7712.376297397704,7559.150626098015,7593.200566839453,24103936
2024-04-23,7559.150390625,7644.275708808488,7354.848876614077,7559.150390625,24572182
2024-04-24,7627.2509765625,7695.351327026984,7559.150626098015,7593.200566839453,26557996
2024-04-25,7661.30078125,7712.376160436739,7576.175461926503,7627.250841113241,20781930
2024-04-26,8035.853515625,8035.853515625,7610.225506236467,7661.300886122355,28142415
2024-04-29,8035.853515625,8035.853515625,8035.853515625,8035.853515625,0
2024-04-30,8035.853515625,8035.853515625,8035.853515625,8035.853515625,0
2024-05-01,8035.853515625,8035.853515625,8035.853515625,8035.853515625,0
2024-05-02,8052.87841796875,8052.87841796875,7950.727659059016,8035.853447810995,17273472
2024-05-03,8325.2802734375,8325.2802734375,8052.877952760277,8052.877952760277,32135197
2024-05-06,8274.205078125,8342.305898136343,8120.979405553509,8342.305898136343,25623196
2024-05-07,8274.205078125,8308.255019149059,8120.979405553509,8308.255019149059,19735711
2024-05-08,8206.1044921875,8274.204368394261,8120.978708965903,8257.17939934257,17656531
2024-05-09,8069.9033203125,8240.154896385779,8018.828410268436,8206.104956356403,20095922
2024-05-10,8069.9033203125,8103.954198305075,7967.752562261172,8086.929228290386,19049985
2024-05-13,7916.677734375,8086.92931221512,7916.677734375,8069.903404060542,18415033
2024-05-14,7933.70263671875,8069.903335048157,7933.70263671875,7933.70263671875,19285236
2024-05-15,8001.80322265625,8035.853161759687,7933.702406486202,7950.72737603792,19699042
2024-05-16,8240.1552734375,8257.180244231215,8018.8287771927335,8035.853747986447,25635608
2024-05-17,8274.205078125,8359.330868648372,8189.079287601627,8257.18010761297,23291276
2024-05-20,8461.4814453125,8546.607233981025,8291.229867975448,8291.229867975448,29776198
2024-05-21,8410.4052734375,8478.506089345607,8308.254518556923,8461.481119859372,17727614
2024-05-22,8291.2294921875,8427.431123069284,8291.2294921875,8427.431123069284,16116680
2024-05-23,8410.4052734375,8410.4052734375,8172.053824703879,8308.254518556923,16426963
2024-05-24,8240.1552734375,8427.431828094837,8172.054452299401,8342.306036163025,20580246
2024-05-27,8103.9541015625,8274.20473764018,8069.903223976415,8240.154798017282,17325938
2024-05-28,8223.1298828125,8223.1298828125,8018.828367792046,8138.004095226778,20389563
2024-05-29,7984.7783203125,8223.129771969116,7984.7783203125,8223.129771969116,31825478
2024-05-30,7865.60205078125,7950.72736742926,7763.451295618368,7933.702397895975,24557514
2024-05-31,7916.677734375,7933.702704566371,7865.602354819285,7882.627793992259,12261268
2024-06-03,7916.677734375,7916.677734375,7916.677734375,7916.677734375,0
2024-06-04,8155.029296875,8223.13011647129,8103.954385650199,8206.105146063022,13703804
2024-06-05,8069.9033203125,8223.12992637109,8069.9033203125,8172.054078363828,14852416
2024-06-06,8069.9033203125,8155.029108349139,8001.803440253747,8069.9033203125,16498892
2024-06-07,8069.9033203125,8120.979168319763,8018.828410268436,8086.929228290386,12941635
2024-06-10,8138.00390625,8138.00390625,8052.8781206410285,8086.9289976625205,14640295
2024-06-11,8018.82861328125,8172.054285255859,8001.80364283554,8155.029314810149,17988816
2024-06-12,8172.05419921875,8172.05419921875,7967.752680094719,8035.8534991238,18213631
2024-06-13,8206.1044921875,8257.17939934257,8138.003678017593,8240.15443029088,22628962
2024-06-14,8155.029296875,8257.180057287824,8155.029296875,8240.155086879557,20796316
2024-06-17,8018.82861328125,8172.054285255859,7933.702823089479,8155.029314810149,23567146
2024-06-18,8069.9033203125,8086.929228290386,8001.803440253747,8035.853380283123,17075737
2024-06-19,8069.9033203125,8086.929228290386,7933.702622231795,8086.929228290386,19031086
2024-06-20,8035.853515625,8086.929364492496,7933.702755853224,8052.878485926427,21917003
2024-06-21,7882.6279296875,8035.853602010739,7882.6279296875,8035.853602010739,20188725
2024-06-24,7610.2255859375,7916.67786846227,7610.2255859375,7882.627927502815,26836968
2024-06-25,7695.35107421875,7729.40148282317,7593.200317387083,7610.225287198496,28590915
2024-06-26,7729.4013671875,7729.4013671875,7661.300550997481,7695.3509590924905,18404032
2024-06-27,7814.52685546875,7916.677613014234,7661.300719150525,7729.401536835245,24897133
2024-06-28,7831.5517578125,7831.5517578125,7729.401470130174,7814.526788029044,20532011
2024-07-01,7865.60205078125,7882.62748929612,7763.451295618368,7831.551642733094,15470162
2024-07-02,8206.1044921875,8240.15443029088,7882.627266315948,7882.627266315948,47144730
2024-07-03,8342.3056640625,8342.3056640625,8240.15490589331,8240.15490589331,33398332
2024-07-04,8359.3310546875,8376.356025578425,8274.20526226963,8376.356025578425,22960683
2024-07-05,8308.2548828125,8376.355701706325,8240.155001881885,8376.355701706325,24204073
2024-07-08,8308.2548828125,8342.305761241018,8240.155001881885,8342.305761241018,20572066
2024-07-09,8597.681640625,8614.70660976849,8274.20441300924,8274.20441300924,41348920
2024-07-10,8495.53125,8648.757854750384,8444.456340391998,8597.682007179192,23224142
2024-07-11,8614.70703125,8648.757909166097,8495.531303451651,8495.531303451651,32974373
2024-07-12,8561.5302734375,8685.6103515625,8490.626953125,8667.884765625,24388833
2024-07-15,8650.158203125,8667.884765625,8543.8046875,8579.255859375,24120015
2024-07-16,8774.2392578125,8791.96484375,8632.4326171875,8667.884765625,20656125
2024-07-17,8933.7705078125,9004.673828125,8721.0615234375,8791.96484375,45956063
2024-07-18,8898.3193359375,8969.2216796875,8721.0615234375,8951.49609375,23956693
2024-07-19,8845.1416015625,8933.7705078125,8756.5126953125,8916.044921875,19668577
2024-07-22,8969.2216796875,8969.2216796875,8721.0615234375,8809.6904296875,28284581
2024-07-23,8880.5927734375,9004.673828125,8791.96484375,8986.947265625,24315493
2024-07-24,8880.5927734375,8898.3193359375,8721.0615234375,8809.6904296875,24568233
2024-07-25,8880.5927734375,8880.5927734375,8738.787109375,8845.1416015625,15532501
2024-07-26,8898.3193359375,8969.2216796875,8845.1416015625,8880.5927734375,15729954
2024-07-29,8951.49609375,8951.49609375,8880.5927734375,8916.044921875,14165280
2024-07-30,8969.2216796875,8969.2216796875,8880.5927734375,8951.49609375,14024806
2024-07-31,9323.736328125,9323.736328125,8986.947265625,9004.673828125,25611913
2024-08-01,9146.4794921875,9465.54296875,9111.02734375,9341.4619140625,22766615
2024-08-02,9252.833984375,9252.833984375,8827.416015625,9075.576171875,27350064
2024-08-05,8685.6103515625,9217.3818359375,8614.70703125,9111.02734375,28662845
2024-08-06,8809.6904296875,8969.2216796875,8632.4326171875,8862.8671875,18115186
2024-08-07,8809.6904296875,8862.8671875,8596.9814453125,8827.416015625,17893757
2024-08-08,8845.1416015625,9040.125,8703.3359375,8703.3359375,22653503
2024-08-09,9040.125,9093.3017578125,8880.5927734375,8969.2216796875,14778794
2024-08-12,9057.8505859375,9217.3818359375,8933.7705078125,9075.576171875,27863724
2024-08-13,9199.65625,9252.833984375,9004.673828125,9093.3017578125,15215730
2024-08-14,9181.9306640625,9288.28515625,9128.75390625,9288.28515625,14078400
2024-08-15,9270.5595703125,9500.994140625,9181.9306640625,9181.9306640625,18261301
2024-08-16,9589.623046875,9589.623046875,9199.65625,9359.1884765625,24659626
2024-08-19,9571.896484375,9713.703125,9518.7197265625,9625.07421875,14892753
2024-08-20,9500.994140625,9625.07421875,9465.54296875,9554.1708984375,13912540
2024-08-21,9607.3486328125,9660.525390625,9465.54296875,9500.994140625,18243531
2024-08-22,9607.3486328125,9642.7998046875,9483.2685546875,9607.3486328125,15061716
2024-08-23,9607.3486328125,9625.07421875,9518.7197265625,9607.3486328125,13735960
2024-08-26,9607.3486328125,9642.7998046875,9518.7197265625,9625.07421875,17389123
2024-08-27,9607.3486328125,9642.7998046875,9554.1708984375,9625.07421875,14710250
2024-08-28,9589.623046875,9660.525390625,9554.1708984375,9642.7998046875,14665682
2024-08-29,9695.9775390625,9802.3310546875,9589.623046875,9607.3486328125,20970921
2024-08-30,9820.0576171875,9820.0576171875,9678.2509765625,9731.4287109375,16622723
2024-09-02,9820.0576171875,9820.0576171875,9820.0576171875,9820.0576171875,0
2024-09-03,9820.0576171875,9820.0576171875,9820.0576171875,9820.0576171875,0
2024-09-04,9607.3486328125,9749.154296875,9518.7197265625,9731.4287109375,15560144
2024-09-05,9554.1708984375,9642.7998046875,9465.54296875,9642.7998046875,16438528
2024-09-06,9483.2685546875,9571.896484375,9465.54296875,9554.1708984375,14710250
2024-09-09,9394.6396484375,9500.994140625,9270.5595703125,9500.994140625,15023354
2024-09-10,9323.736328125,9430.0908203125,9252.833984375,9430.0908203125,17722537
2024-09-11,9341.4619140625,9359.1884765625,9199.65625,9323.736328125,14297573
2024-09-12,9288.28515625,9376.9140625,9270.5595703125,9376.9140625,13791529
2024-09-13,9359.1884765625,9394.6396484375,9270.5595703125,9323.736328125,11374986
2024-09-16,9288.28515625,9359.1884765625,9235.1083984375,9359.1884765625,11824051
2024-09-17,9430.0908203125,9430.0908203125,9217.3818359375,9306.0107421875,12635019
2024-09-18,9465.54296875,9483.2685546875,9376.9140625,9412.365234375,16421321
2024-09-19,9518.7197265625,9536.4453125,9430.0908203125,9465.54296875,17780080
2024-09-20,9589.623046875,9642.7998046875,9518.7197265625,9536.4453125,23593379
2024-09-23,9571.896484375,9625.07421875,9500.994140625,9607.3486328125,17722255
2024-09-24,9571.896484375,9589.623046875,9500.994140625,9571.896484375,17764848
2024-09-25,9660.525390625,9695.9775390625,9571.896484375,9607.3486328125,20585606
2024-09-26,10032.765625,10068.2177734375,9642.7998046875,9660.525390625,53279878
2024-09-27,10032.765625,10139.1201171875,9961.86328125,10068.2177734375,29746580
2024-09-30,9997.314453125,10068.2177734375,9837.783203125,10068.2177734375,25850550
2024-10-01,9926.4111328125,10015.0400390625,9873.234375,9997.314453125,27962169
2024-10-02,9766.8798828125,9926.4111328125,9731.4287109375,9890.9599609375,25458464
2024-10-03,9802.3310546875,9926.4111328125,9749.154296875,9784.60546875,26471398
2024-10-04,9678.2509765625,9820.0576171875,9678.2509765625,9820.0576171875,24518588
2024-10-07,9518.7197265625,9678.2509765625,9465.54296875,9678.2509765625,26658414
2024-10-08,9642.7998046875,9749.154296875,9447.81640625,9536.4453125,28412079
2024-10-09,9571.896484375,9660.525390625,9536.4453125,9660.525390625,31266686
2024-10-10,9731.4287109375,9766.8798828125,9607.3486328125,9607.3486328125,29977318
2024-10-11,9695.9775390625,9731.4287109375,9607.3486328125,9731.4287109375,20878964
2024-10-14,9571.896484375,9731.4287109375,9571.896484375,9713.703125,22259161
2024-10-15,9625.07421875,9642.7998046875,9554.1708984375,9589.623046875,20310018
2024-10-16,9589.623046875,9589.623046875,9447.81640625,9589.623046875,29638545
2024-10-17,9430.0908203125,9571.896484375,9430.0908203125,9571.896484375,30348812
2024-10-18,9571.896484375,9571.896484375,9447.81640625,9465.54296875,23771087
2024-10-21,9554.1708984375,9589.623046875,9518.7197265625,9571.896484375,14656655
2024-10-22,9571.896484375,9571.896484375,9465.54296875,9554.1708984375,20193238
2024-10-23,9554.1708984375,9571.896484375,9430.0908203125,9571.896484375,20202829
2024-10-24,9536.4453125,9554.1708984375,9430.0908203125,9554.1708984375,16345725
2024-10-25,9536.4453125,9536.4453125,9447.81640625,9536.4453125,16293541
2024-10-28,9447.81640625,9536.4453125,9394.6396484375,9518.7197265625,17478259
2024-10-29,9678.2509765625,9713.703125,9465.54296875,9483.2685546875,23065898
2024-10-30,9642.7998046875,9695.9775390625,9589.623046875,9678.2509765625,19487203
2024-10-31,9536.4453125,9642.7998046875,9536.4453125,9642.7998046875,23465317
2024-11-01,9412.365234375,9554.1708984375,9412.365234375,9536.4453125,24507305
2024-11-04,9235.1083984375,9430.0908203125,9235.1083984375,9430.0908203125,20952586
2024-11-05,9235.1083984375,9306.0107421875,9181.9306640625,9217.3818359375,15540117
2024-11-06,9359.1884765625,9359.1884765625,9235.1083984375,9235.1083984375,17397303
2024-11-07,9306.0107421875,9394.6396484375,9288.28515625,9376.9140625,17994740
2024-11-08,9306.0107421875,9306.0107421875,9181.9306640625,9306.0107421875,20968100
2024-11-11,9057.8505859375,9306.0107421875,8986.947265625,9306.0107421875,23260812
2024-11-12,9146.4794921875,9181.9306640625,8969.2216796875,8969.2216796875,18376953
2024-11-13,9093.3017578125,9199.65625,9040.125,9111.02734375,20690820
2024-11-14,8951.49609375,9093.3017578125,8933.7705078125,9093.3017578125,21871589
2024-11-15,8756.5126953125,8951.49609375,8721.0615234375,8951.49609375,27125532
2024-11-18,8703.3359375,8827.416015625,8596.9814453125,8738.787109375,28480060
2024-11-19,8738.787109375,8809.6904296875,8667.884765625,8721.0615234375,23336408
2024-11-20,8738.787109375,8809.6904296875,8614.70703125,8721.0615234375,27166715
2024-11-21,8791.96484375,8791.96484375,8650.158203125,8738.787109375,22778180
2024-11-22,8756.5126953125,8827.416015625,8738.787109375,8791.96484375,22169179
2024-11-25,8756.5126953125,8791.96484375,8738.787109375,8756.5126953125,20828755
2024-11-26,8880.5927734375,8933.7705078125,8738.787109375,8756.5126953125,18443804
2024-11-27,8916.044921875,8986.947265625,8862.8671875,8880.5927734375,19873646
2024-11-28,8969.2216796875,9057.8505859375,8845.1416015625,8933.7705078125,20648791
2024-11-29,8986.947265625,9040.125,8916.044921875,8986.947265625,16732169
2024-12-02,9004.673828125,9040.125,8951.49609375,9004.673828125,15161007
2024-12-03,9235.1083984375,9270.5595703125,9075.576171875,9181.9306640625,32024341
2024-12-04,9181.9306640625,9270.5595703125,9146.4794921875,9235.1083984375,18898229
2024-12-05,9465.54296875,9465.54296875,9181.9306640625,9199.65625,26612154
2024-12-06,9518.7197265625,9536.4453125,9412.365234375,9483.2685546875,21455809
2024-12-09,9571.896484375,9607.3486328125,9465.54296875,9536.4453125,26237840
2024-12-10,9926.4111328125,9926.4111328125,9554.1708984375,9571.896484375,56153947
2024-12-11,10039.8564453125,10082.3984375,9912.2314453125,10039.8564453125,35022290
2024-12-12,10167.4814453125,10188.7529296875,10061.126953125,10061.126953125,28267986
2024-12-13,10082.3984375,10210.0234375,9933.501953125,10188.7529296875,21143222
2024-12-16,10103.6689453125,10103.6689453125,9997.314453125,10061.126953125,18346441
2024-12-17,10124.939453125,10167.4814453125,10061.126953125,10146.2109375,20499855
2024-12-18,10124.939453125,10210.0234375,10061.126953125,10124.939453125,19645400
2024-12-19,9997.314453125,10039.8564453125,9869.689453125,10039.8564453125,23761355
2024-12-20,9954.7724609375,10039.8564453125,9848.41796875,9997.314453125,16527758
2024-12-23,9954.7724609375,9997.314453125,9890.9599609375,9997.314453125,11435115
2024-12-24,9954.7724609375,9954.7724609375,9805.876953125,9954.7724609375,12574936
2024-12-25,10167.4814453125,10188.7529296875,9954.7724609375,9976.0439453125,23978789
2024-12-26,10273.8359375,10273.8359375,10082.3984375,10167.4814453125,18542719
2024-12-27,10614.169921875,10614.169921875,10252.5654296875,10273.8359375,29232685
2024-12-30,11337.3798828125,11337.3798828125,10380.1904296875,10614.169921875,24891304
2024-12-31,10848.1494140625,11209.7548828125,10741.7958984375,11209.7548828125,21589372
2025-01-01,10848.1494140625,10848.1494140625,10848.1494140625,10848.1494140625,0
2025-01-02,10677.982421875,10848.1494140625,10401.4609375,10826.87890625,29619599
2025-01-03,10401.4609375,10635.44140625,10316.3779296875,10635.44140625,16953457
2025-01-06,10422.732421875,10465.2744140625,10273.8359375,10401.4609375,15061669
2025-01-07,10316.3779296875,10444.0029296875,10252.5654296875,10444.0029296875,20277720
2025-01-08,9912.2314453125,10316.3779296875,9890.9599609375,10295.1064453125,43441075
2025-01-09,9508.083984375,9912.2314453125,9486.8134765625,9827.1474609375,43035121
2025-01-10,9189.021484375,9508.083984375,9189.021484375,9486.8134765625,37620207
2025-01-13,9231.5625,9295.375,9018.853515625,9018.853515625,34562036
2025-01-14,8997.5830078125,9274.1044921875,8976.3125,9252.833984375,29518992
2025-01-15,9210.2919921875,9210.2919921875,8997.5830078125,8997.5830078125,18736646
2025-01-16,9210.2919921875,9210.2919921875,8997.5830078125,8997.5830078125,18736646
2025-01-17,9571.896484375,9571.896484375,9103.9375,9189.021484375,31336265
2025-01-20,9784.60546875,9827.1474609375,9359.1884765625,9571.896484375,48633385
2025-01-21,9635.7099609375,9933.501953125,9508.083984375,9890.9599609375,30575130
2025-01-22,9359.1884765625,9656.98046875,9359.1884765625,9656.98046875,45073354
2025-01-23,9529.35546875,9763.3349609375,9316.646484375,9337.9169921875,31055364
2025-01-24,9635.7099609375,9848.41796875,9550.6259765625,9550.6259765625,26371261
2025-01-27,9635.7099609375,9635.7099609375,9635.7099609375,9635.7099609375,0
2025-01-28,9635.7099609375,9635.7099609375,9635.7099609375,9635.7099609375,0
2025-01-29,9635.7099609375,9635.7099609375,9635.7099609375,9635.7099609375,0
2025-01-30,9635.7099609375,9635.7099609375,9635.7099609375,9635.7099609375,0
2025-01-31,9635.7099609375,9635.7099609375,9635.7099609375,9635.7099609375,0
2025-02-03,9529.35546875,9593.16796875,9401.7294921875,9571.896484375,17542996
2025-02-04,9614.4384765625,9699.5224609375,9529.35546875,9550.6259765625,16779040
2025-02-05,9614.4384765625,9699.5224609375,9593.16796875,9614.4384765625,14648663
2025-02-06,9763.3349609375,9805.876953125,9635.7099609375,9656.98046875,30180929
2025-02-07,9742.064453125,9827.1474609375,9720.79296875,9827.1474609375,20928375
2025-02-10,9614.4384765625,9720.79296875,9571.896484375,9571.896484375,20149846
2025-02-11,9593.16796875,9720.79296875,9571.896484375,9678.2509765625,22935344
2025-02-12,9593.16796875,9699.5224609375,9593.16796875,9656.98046875,19455939
2025-02-13,9656.98046875,9656.98046875,9571.896484375,9593.16796875,16305388
2025-02-14,9720.79296875,9742.064453125,9678.2509765625,9720.79296875,19852491
2025-02-17,9635.7099609375,9763.3349609375,9614.4384765625,9763.3349609375,22176795
2025-02-18,9656.98046875,9699.5224609375,9614.4384765625,9635.7099609375,20701539
2025-02-19,9699.5224609375,9720.79296875,9614.4384765625,9656.98046875,18373944
2025-02-20,9720.79296875,9742.064453125,9678.2509765625,9720.79296875,25430069
2025-02-21,9805.876953125,9869.689453125,9699.5224609375,9720.79296875,27391905
2025-02-24,9976.0439453125,9997.314453125,9742.064453125,9784.60546875,32049446
2025-02-25,9869.689453125,9997.314453125,9805.876953125,9997.314453125,28257878
2025-02-26,9805.876953125,9912.2314453125,9805.876953125,9890.9599609375,17162899
2025-02-27,9869.689453125,9869.689453125,9720.79296875,9805.876953125,19673608
2025-02-28,9805.876953125,9869.689453125,9699.5224609375,9848.41796875,23863843
2025-03-03,9784.60546875,9827.1474609375,9720.79296875,9805.876953125,19365440
2025-03-04,9763.3349609375,9784.60546875,9678.2509765625,9742.064453125,23545568
2025-03-05,9742.064453125,9912.2314453125,9742.064453125,9742.064453125,22811230
2025-03-06,9805.876953125,9805.876953125,9720.79296875,9742.064453125,19946516
2025-03-07,9954.7724609375,10039.8564453125,9784.60546875,9805.876953125,46937404
2025-03-10,10082.3984375,10167.4814453125,9997.314453125,10018.5849609375,31879966
2025-03-11,10124.939453125,10124.939453125,9912.2314453125,9997.314453125,21882026
2025-03-12,10061.126953125,10188.7529296875,10018.5849609375,10167.4814453125,19605675
2025-03-13,9848.41796875,10082.3984375,9827.1474609375,10082.3984375,31411015
2025-03-14,9869.689453125,9933.501953125,9805.876953125,9848.41796875,16573360
2025-03-17,9954.7724609375,10018.5849609375,9848.41796875,9890.9599609375,18836783
2025-03-18,9890.9599609375,9997.314453125,9869.689453125,9976.0439453125,14004120
2025-03-19,9805.876953125,9933.501953125,9784.60546875,9869.689453125,20273019
2025-03-20,9827.1474609375,10018.5849609375,9763.3349609375,9890.9599609375,25560764
2025-03-21,9784.60546875,9848.41796875,9763.3349609375,9827.1474609375,18776607
2025-03-24,9635.7099609375,9805.876953125,9593.16796875,9784.60546875,25246484
2025-03-25,9678.2509765625,9763.3349609375,9635.7099609375,9656.98046875,31460848
2025-03-26,9678.2509765625,9805.876953125,9614.4384765625,9699.5224609375,28602245
2025-03-27,9635.7099609375,9678.2509765625,9571.896484375,9656.98046875,19234510
2025-03-28,9465.54296875,9635.7099609375,9465.54296875,9614.4384765625,21026866
2025-03-31,9401.7294921875,9444.271484375,9359.1884765625,9401.7294921875,18579859
2025-04-01,9550.6259765625,9550.6259765625,9380.458984375,9444.271484375,13641888
2025-04-02,9550.6259765625,9656.98046875,9486.8134765625,9550.6259765625,28652784
2025-04-03,8891.228515625,9337.9169921875,8891.228515625,9274.1044921875,61701954
2025-04-04,8848.6865234375,8976.3125,8295.6435546875,8295.6435546875,45706379
2025-04-07,8848.6865234375,8848.6865234375,8848.6865234375,8848.6865234375,0
2025-04-08,8231.8310546875,8763.603515625,8231.8310546875,8678.51953125,40665920
2025-04-09,7742.60107421875,8359.45703125,7657.517578125,7678.78857421875,45239073
2025-04-10,8274.373046875,8274.373046875,8274.373046875,8274.373046875,544641
2025-04-11,8806.1455078125,8848.6865234375,8465.8115234375,8806.1455078125,38481243
2025-04-14,8933.7705078125,9061.3955078125,8912.5,9061.3955078125,26470928
2025-04-15,8742.33203125,8955.041015625,8721.0615234375,8827.416015625,29841498
2025-04-16,8784.8740234375,8869.9580078125,8699.791015625,8763.603515625,14692385
2025-04-17,8806.1455078125,8806.1455078125,8657.2490234375,8763.603515625,20274194
2025-04-18,8848.6865234375,8912.5,8848.6865234375,8848.6865234375,17527952
2025-04-21,8678.51953125,8891.228515625,8678.51953125,8848.6865234375,19705576
2025-04-22,8635.978515625,8678.51953125,8146.748046875,8635.978515625,29129257
2025-04-23,8657.2490234375,8827.416015625,8657.2490234375,8721.0615234375,21528961
2025-04-24,9040.125,9040.125,8806.1455078125,8848.6865234375,31457557
2025-04-25,9040.125,9061.3955078125,8891.228515625,9040.125,34162899
2025-04-28,9146.4794921875,9146.4794921875,8976.3125,9103.9375,17490812
2025-04-29,9125.2080078125,9167.75,9018.853515625,9125.2080078125,16131677
2025-04-30,9125.2080078125,9125.2080078125,9125.2080078125,9125.2080078125,0
2025-05-01,9125.2080078125,9125.2080078125,9125.2080078125,9125.2080078125,0
2025-05-02,9125.2080078125,9125.2080078125,9125.2080078125,9125.2080078125,0
2025-05-05,9018.853515625,9167.75,8997.5830078125,9146.4794921875,18327166
2025-05-06,9018.853515625,9167.75,8997.5830078125,9146.4794921875,18327166
2025-05-07,9040.125,9146.4794921875,8997.5830078125,9040.125,18306716
2025-05-08,8912.5,9061.3955078125,8891.228515625,8997.5830078125,27591004
2025-05-09,9040.125,9103.9375,8912.5,8933.7705078125,21501694
2025-05-12,9146.4794921875,9146.4794921875,8997.5830078125,8997.5830078125,26102114
2025-05-13,9146.4794921875,9146.4794921875,8997.5830078125,8997.5830078125,26102114
2025-05-14,9274.1044921875,9401.7294921875,9189.021484375,9189.021484375,29599148
2025-05-15,9444.271484375,9465.54296875,9295.375,9295.375,29603379
2025-05-16,9465.54296875,9529.35546875,9337.9169921875,9423.0009765625,28090983
2025-05-19,9359.1884765625,9486.8134765625,9210.2919921875,9295.375,30982495
2025-05-20,9359.1884765625,9486.8134765625,9210.2919921875,9295.375,30982495
2025-05-21,9486.8134765625,9529.35546875,9359.1884765625,9359.1884765625,30072800
2025-05-22,9529.35546875,9656.98046875,9444.271484375,9486.8134765625,23555910
2025-05-23,9380.458984375,9508.083984375,9380.458984375,9444.271484375,28116840
2025-05-26,9614.4384765625,9614.4384765625,9423.0009765625,9444.271484375,47497795
2025-05-27,9614.4384765625,9614.4384765625,9423.0009765625,9444.271484375,47497795
2025-05-28,9614.4384765625,9678.2509765625,9571.896484375,9614.4384765625,22936754
2025-05-29,9465.54296875,9656.98046875,9465.54296875,9635.7099609375,27268497
2025-05-30,9380.458984375,9593.16796875,9380.458984375,9486.8134765625,26606324
2025-06-02,9189.021484375,9252.833984375,9103.9375,9167.75,20171471
2025-06-03,9189.021484375,9252.833984375,9103.9375,9167.75,20171471
2025-06-04,9295.375,9380.458984375,9189.021484375,9210.2919921875,21095975
2025-06-05,9295.375,9359.1884765625,9252.833984375,9337.9169921875,16161765
2025-06-06,9210.2919921875,9316.646484375,9167.75,9295.375,20818835
2025-06-09,9125.2080078125,9274.1044921875,9125.2080078125,9274.1044921875,15984762
2025-06-10,9125.2080078125,9274.1044921875,9125.2080078125,9274.1044921875,15984762
2025-06-11,9146.4794921875,9252.833984375,9103.9375,9146.4794921875,19907260
2025-06-12,9103.9375,9167.75,9082.6669921875,9167.75,15140886
2025-06-13,9252.833984375,9274.1044921875,9125.2080078125,9146.4794921875,20389375
2025-06-16,9252.833984375,9295.375,9125.2080078125,9167.75,17859155
2025-06-17,9252.833984375,9295.375,9125.2080078125,9167.75,17859155
2025-06-18,9316.646484375,9337.9169921875,9231.5625,9295.375,20847983
2025-06-19,9337.9169921875,9401.7294921875,9274.1044921875,9316.646484375,31305706
2025-06-20,9359.1884765625,9423.0009765625,9295.375,9359.1884765625,19229103
2025-06-23,9337.9169921875,9401.7294921875,9295.375,9359.1884765625,23987486
2025-06-24,9337.9169921875,9401.7294921875,9295.375,9359.1884765625,23987486
2025-06-25,9337.9169921875,9444.271484375,9316.646484375,9401.7294921875,30426570
2025-06-26,9274.1044921875,9380.458984375,9274.1044921875,9359.1884765625,24563861
2025-06-27,9231.5625,9316.646484375,9189.021484375,9295.375,20276075
2025-06-30,9274.1044921875,9316.646484375,9252.833984375,9274.1044921875,15645096
2025-07-01,9274.1044921875,9316.646484375,9252.833984375,9274.1044921875,15645096
2025-07-02,9401.7294921875,9486.8134765625,9274.1044921875,9295.375,55801165
2025-07-03,9486.8134765625,9571.896484375,9380.458984375,9423.0009765625,35892023
2025-07-04,9593.16796875,9678.2509765625,9444.271484375,9486.8134765625,43272065
2025-07-07,9912.2314453125,9912.2314453125,9614.4384765625,9635.7099609375,58492402
2025-07-08,9912.2314453125,9912.2314453125,9614.4384765625,9635.7099609375,58492402
2025-07-09,9997.314453125,10018.5849609375,9890.9599609375,9954.7724609375,40739260
2025-07-10,10295.1064453125,10507.8154296875,9997.314453125,10039.8564453125,80382421
2025-07-11,10358.919921875,10380.1904296875,10231.2939453125,10358.919921875,35082466
2025-07-14,10380.1904296875,10422.732421875,10231.2939453125,10422.732421875,30744611
2025-07-15,10380.1904296875,10422.732421875,10231.2939453125,10422.732421875,30744611
2025-07-16,10273.8359375,10529.0869140625,10273.8359375,10380.1904296875,73397520
2025-07-17,10316.3779296875,10337.6484375,10252.5654296875,10273.8359375,37702714
2025-07-18,10358.919921875,10401.4609375,10273.8359375,10358.919921875,30699479
2025-07-21,10422.732421875,10486.544921875,10337.6484375,10422.732421875,37938953
2025-07-22,10422.732421875,10486.544921875,10337.6484375,10422.732421875,37938953
2025-07-23,10826.87890625,10826.87890625,10358.919921875,10422.732421875,64440440
2025-07-24,11273.5673828125,11358.6513671875,10911.962890625,10933.2333984375,82304297
2025-07-25,11741.52734375,12060.58984375,11422.4638671875,11550.0888671875,119830009
2025-07-28,12103.1318359375,12443.4658203125,11869.15234375,12060.58984375,57740670
2025-07-29,12103.1318359375,12443.4658203125,11869.15234375,12060.58984375,57740670
2025-07-30,11273.5673828125,12081.861328125,11273.5673828125,12081.861328125,78853570
2025-07-31,11337.3798828125,11401.1923828125,10954.50390625,11273.5673828125,48126119
2025-08-01,11252.296875,11762.7978515625,11039.587890625,11550.0888671875,76100746
2025-08-04,11911.6943359375,11911.6943359375,11443.734375,11507.546875,44780465
2025-08-05,11911.6943359375,11911.6943359375,11443.734375,11507.546875,44780465
2025-08-06,11869.15234375,12379.6533203125,11486.2763671875,12209.486328125,70873882
2025-08-07,12018.048828125,12166.9443359375,11911.6943359375,12124.40234375,36109221
2025-08-08,12124.40234375,12209.486328125,11890.4228515625,12209.486328125,58113951
2025-08-11,11869.15234375,12060.58984375,11869.15234375,12060.58984375,65867743
2025-08-12,11869.15234375,12060.58984375,11869.15234375,12060.58984375,65867743
2025-08-13,12294.5693359375,12315.8408203125,11869.15234375,11911.6943359375,59610598
2025-08-14,12315.8408203125,12528.5498046875,12103.1318359375,12507.2783203125,58193402
2025-08-15,13166.67578125,13166.67578125,12422.1953125,12719.9873046875,140788708
2025-08-18,12975.23828125,13273.0302734375,12762.529296875,13273.0302734375,55118306
2025-08-19,12975.23828125,13273.0302734375,12762.529296875,13273.0302734375,55118306
2025-08-20,13826.0732421875,13868.615234375,13039.05078125,13145.4052734375,80183087
2025-08-21,13549.5517578125,13932.427734375,13166.67578125,13868.615234375,66060495
2025-08-22,14145.13671875,14442.9287109375,13613.3642578125,13613.3642578125,82848938
2025-08-25,13315.572265625,13996.240234375,12996.5087890625,13996.240234375,50342999
2025-08-26,13315.572265625,13996.240234375,12996.5087890625,13996.240234375,50342999
2025-08-27,13740.990234375,13740.990234375,13166.67578125,13315.572265625,26685306
2025-08-28,13804.802734375,14038.7822265625,13634.6357421875,13996.240234375,32975595
2025-08-29,13826.0732421875,13847.34375,13507.009765625,13826.0732421875,30274014
2025-09-01,13826.0732421875,13826.0732421875,13826.0732421875,13826.0732421875,0
2025-09-02,13826.0732421875,13826.0732421875,13826.0732421875,13826.0732421875,0
2025-09-03,14081.32421875,14272.76171875,14038.7822265625,14251.4912109375,25362370
2025-09-04,14081.32421875,14272.76171875,14038.7822265625,14251.4912109375,25362370
2025-09-05,14102.5947265625,14123.865234375,13847.34375,14102.5947265625,40893696
2025-09-08,13145.4052734375,13592.09375,12975.23828125,13570.822265625,59990930
2025-09-09,13145.4052734375,13592.09375,12975.23828125,13570.822265625,59990930
2025-09-10,13421.9267578125,13421.9267578125,12996.5087890625,13060.3212890625,31682278
2025-09-11,13443.197265625,13464.46875,13166.67578125,13443.197265625,28021405
2025-09-12,13400.6552734375,13443.197265625,12975.23828125,13273.0302734375,26877587
2025-09-15,13294.30078125,13443.197265625,13209.2177734375,13400.6552734375,26956333
2025-09-16,13294.30078125,13443.197265625,13209.2177734375,13400.6552734375,26956333
2025-09-17,13315.572265625,13421.9267578125,13145.4052734375,13358.1142578125,37379268
2025-09-18,13145.4052734375,13294.30078125,13145.4052734375,13273.0302734375,22255306
2025-09-19,13060.3212890625,13166.67578125,12847.6123046875,13166.67578125,31067823
2025-09-22,12337.111328125,12847.6123046875,12337.111328125,12847.6123046875,36022953
2025-09-23,12337.111328125,12847.6123046875,12337.111328125,12847.6123046875,36022953
2025-09-24,12209.486328125,12464.7373046875,12209.486328125,12358.3828125,24780589
2025-09-25,13060.3212890625,13060.3212890625,12018.048828125,12252.0283203125,53492610
2025-09-26,13187.947265625,13443.197265625,13145.4052734375,13400.6552734375,33859902
2025-09-29,13145.4052734375,13230.48828125,12677.4453125,12826.341796875,30695012
2025-09-30,13145.4052734375,13230.48828125,12677.4453125,12826.341796875,30695012
2025-10-01,13187.947265625,13187.947265625,12826.341796875,13060.3212890625,31515618
2025-10-02,13145.4052734375,13230.48828125,13060.3212890625,13187.947265625,22503063
2025-10-03,13124.1337890625,13315.572265625,13017.7802734375,13187.947265625,26258431
2025-10-06,13400.6552734375,13528.28125,12911.42578125,12975.23828125,55069648
2025-10-07,13400.6552734375,13528.28125,12911.42578125,12975.23828125,55069648
2025-10-08,13315.572265625,13507.009765625,13251.759765625,13507.009765625,22899849
2025-10-09,13379.384765625,13485.7392578125,13187.947265625,13485.7392578125,38391449
2025-10-10,13464.46875,13549.5517578125,13273.0302734375,13379.384765625,36074667
2025-10-13,13889.8857421875,13889.8857421875,13336.8427734375,13379.384765625,63984887
2025-10-14,13889.8857421875,13889.8857421875,13336.8427734375,13379.384765625,63984887
2025-10-15,13889.8857421875,14230.2197265625,13655.90625,13996.240234375,65714482
2025-10-16,14081.32421875,14294.033203125,13826.0732421875,13868.615234375,55717952
2025-10-17,14208.94921875,14208.94921875,13996.240234375,14145.13671875,39991759
2025-10-20,12868.8837890625,13698.4482421875,12868.8837890625,13613.3642578125,63212000
2025-10-21,12868.8837890625,13698.4482421875,12868.8837890625,13613.3642578125,63212000
2025-10-22,13762.2607421875,13762.2607421875,12932.6962890625,12932.6962890625,57515010
2025-10-23,13826.0732421875,13847.34375,13485.7392578125,13826.0732421875,29077073
2025-10-24,14038.7822265625,14570.5537109375,13783.53125,13804.802734375,80553547
2025-10-27,13230.48828125,14017.51171875,13230.48828125,14017.51171875,41268622
2025-10-28,13230.48828125,14017.51171875,13230.48828125,14017.51171875,41268622
2025-10-29,13698.4482421875,13698.4482421875,12996.5087890625,12996.5087890625,33988247
2025-10-30,14208.94921875,14506.7412109375,13762.2607421875,13804.802734375,73712270
2025-10-31,14208.94921875,14613.095703125,14123.865234375,14230.2197265625,54772528
2025-11-03,12996.5087890625,13655.90625,12975.23828125,13613.3642578125,55466905
2025-11-04,13230.48828125,13230.48828125,12443.4658203125,12996.5087890625,80917660
2025-11-05,13230.48828125,13230.48828125,12443.4658203125,12996.5087890625,80917660
2025-11-06,12805.0712890625,13230.48828125,12783.7998046875,13230.48828125,28578974
2025-11-07,12762.529296875,12826.341796875,12443.4658203125,12741.2587890625,53097469
2025-11-10,12592.3623046875,12783.7998046875,12464.7373046875,12719.9873046875,30307864
2025-11-11,12592.3623046875,12634.904296875,12358.3828125,12592.3623046875,26085190
2025-11-12,12762.529296875,12805.0712890625,12464.7373046875,12634.904296875,34437453
2025-11-13,12741.2587890625,12826.341796875,12634.904296875,12762.529296875,27040016
2025-11-14,12698.716796875,12762.529296875,12549.8203125,12698.716796875,34813318
2025-11-17,12783.7998046875,12975.23828125,12677.4453125,12762.529296875,28517623
2025-11-18,12953.966796875,12975.23828125,12762.529296875,12826.341796875,32822804
2025-11-19,13315.572265625,13400.6552734375,12762.529296875,12975.23828125,49237967
2025-11-20,13528.28125,13570.822265625,13273.0302734375,13358.1142578125,50338533
2025-11-21,13273.0302734375,13549.5517578125,13187.947265625,13464.46875,32623705
2025-11-24,13230.48828125,13613.3642578125,13209.2177734375,13315.572265625,38697737
2025-11-25,13528.28125,13655.90625,13294.30078125,13294.30078125,52506755
2025-11-26,13740.990234375,13740.990234375,13443.197265625,13528.28125,34414886
2025-11-27,13613.3642578125,13804.802734375,13443.197265625,13804.802734375,26568244
2025-11-28,13613.3642578125,13613.3642578125,13379.384765625,13570.822265625,29290745
2025-12-01,13400.6552734375,13634.6357421875,13379.384765625,13634.6357421875,17944248
2025-12-02,13613.3642578125,13613.3642578125,13166.67578125,13400.6552734375,34639607
2025-12-03,13719.71875,13826.0732421875,13507.009765625,13613.3642578125,33308209
2025-12-04,14017.51171875,14081.32421875,13783.53125,13953.6982421875,35518743
2025-12-05,14017.51171875,14038.7822265625,13804.802734375,14038.7822265625,21639676
2025-12-08,13932.427734375,14017.51171875,13783.53125,13974.9697265625,23352816
2025-12-09,13400.6552734375,13889.8857421875,13400.6552734375,13889.8857421875,48076050
2025-12-10,13677.1767578125,14038.7822265625,13443.197265625,13740.990234375,56439596
2025-12-11,13507.009765625,13719.71875,13443.197265625,13698.4482421875,15823979
2025-12-12,12847.6123046875,13570.822265625,12847.6123046875,13528.28125,36640229
2025-12-15,12762.529296875,12932.6962890625,12719.9873046875,12868.8837890625,27751317
2025-12-16,13655.90625,13655.90625,12698.716796875,12783.7998046875,40087900
2025-12-17,13655.90625,13847.34375,13485.7392578125,13613.3642578125,54896172
2025-12-18,17710.345703125,17958.62109375,17489.654296875,17655.171875,42328762
2025-12-19,14317.2412109375,14344.8271484375,14041.37890625,14124.1376953125,38608425
2025-12-22,14896.5517578125,14951.724609375,14206.896484375,14344.8271484375,71728418
2025-12-23,15172.4140625,15448.275390625,14868.9658203125,14896.5517578125,59070825
2025-12-24,15365.517578125,15448.275390625,15117.2412109375,15200.0,45649262
2025-12-25,15365.517578125,15448.275390625,15117.2412109375,15200.0,45649262
2025-12-26,15227.5859375,15448.275390625,14786.20703125,14896.5517578125,38601537
2025-12-29,15227.5859375,15282.7587890625,14979.310546875,15282.7587890625,26524125
2025-12-30,15420.689453125,15420.689453125,14896.5517578125,15227.5859375,52634093
2025-12-31,16386.20703125,16386.20703125,15310.3447265625,15337.9306640625,79730968
2026-01-01,16386.20703125,16386.20703125,16386.20703125,16386.20703125,0
2026-01-02,16386.20703125,16386.20703125,16386.20703125,16386.20703125,0
2026-01-05,15972.4140625,16275.8623046875,15448.275390625,16275.8623046875,45254318
2026-01-06,16027.5859375,16027.5859375,15503.4482421875,15889.6552734375,26527025
2026-01-07,16055.1728515625,16303.4482421875,15641.37890625,16027.5859375,41832500
2026-01-08,15889.6552734375,16110.3447265625,15724.1376953125,16082.7587890625,31902175
2026-01-09,15393.103515625,16055.1728515625,15172.4140625,15917.2412109375,54107293
2026-01-12,15558.62109375,15641.37890625,15034.482421875,15282.7587890625,42831368
2026-01-13,15696.5517578125,15696.5517578125,15448.275390625,15558.62109375,29353075
2026-01-14,15255.1728515625,15724.1376953125,15200.0,15724.1376953125,39804312
2026-01-15,16303.4482421875,16303.4482421875,14786.20703125,15172.4140625,59792743
2026-01-16,15696.5517578125,16275.8623046875,15696.5517578125,16275.8623046875,28823281
2026-01-19,15862.0693359375,16000.0,15558.62109375,15724.1376953125,30040918
2026-01-20,15972.4140625,16441.37890625,15862.0693359375,16000.0,35443618
2026-01-21,16027.5859375,16551.724609375,15613.79296875,15806.896484375,44413318
2026-01-22,16110.3447265625,16413.79296875,16027.5859375,16055.1728515625,33886318
2026-01-23,16331.0341796875,16331.0341796875,15806.896484375,16137.9306640625,29141193
2026-01-26,15641.37890625,16220.689453125,15613.79296875,16220.689453125,21212412
2026-01-27,16000.0,16000.0,15337.9306640625,15641.37890625,28535093
2026-01-28,15724.1376953125,15917.2412109375,15641.37890625,15724.1376953125,44153587
2026-01-29,15365.517578125,15779.310546875,15337.9306640625,15751.724609375,24626437
2026-01-30,15613.79296875,15668.9658203125,15337.9306640625,15393.103515625,28982962
2026-02-02,15337.9306640625,15586.20703125,15034.482421875,15448.275390625,29206081
2026-02-03,15200.0,15448.275390625,15089.6552734375,15393.103515625,37090275
2026-02-04,15200.0,15227.5859375,15006.896484375,15200.0,24255781
2026-02-05,15200.0,15393.103515625,15034.482421875,15200.0,30907837
2026-02-06,14620.689453125,15172.4140625,14620.689453125,15006.896484375,49283143
2026-02-09,14786.20703125,14786.20703125,14482.7587890625,14758.62109375,23820418
2026-02-10,14786.20703125,14841.37890625,14344.8271484375,14813.79296875,22418268
2026-02-11,15337.9306640625,15420.689453125,14703.4482421875,14758.62109375,53022512
2026-02-12,15365.517578125,15448.275390625,15255.1728515625,15365.517578125,17425918
2026-02-13,15558.62109375,15558.62109375,15282.7587890625,15310.3447265625,26242462
2026-02-16,15558.62109375,15558.62109375,15558.62109375,15558.62109375,0
2026-02-17,15558.62109375,15558.62109375,15558.62109375,15558.62109375,0
2026-02-18,15558.62109375,15558.62109375,15558.62109375,15558.62109375,0
2026-02-19,15558.62109375,15558.62109375,15558.62109375,15558.62109375,0
2026-02-20,15558.62109375,15558.62109375,15558.62109375,15558.62109375,0
2026-02-23,15558.62109375,15724.1376953125,15475.8623046875,15613.79296875,18376575
2026-02-24,15724.1376953125,15724.1376953125,15310.3447265625,15503.4482421875,40930962
2026-02-25,15696.5517578125,15917.2412109375,15558.62109375,15724.1376953125,33519831
2026-02-26,15668.9658203125,15751.724609375,15420.689453125,15724.1376953125,25611350
2026-02-27,15420.689453125,15668.9658203125,15420.689453125,15668.9658203125,23781268
2026-03-02,14868.9658203125,15255.1728515625,14868.9658203125,15062.0693359375,41731725
2026-03-03,14868.9658203125,15255.1728515625,14868.9658203125,15062.0693359375,41731725
2026-03-04,14537.9306640625,14675.8623046875,14179.310546875,14565.517578125,32444656
2026-03-05,14317.2412109375,14675.8623046875,14317.2412109375,14620.689453125,33107306
2026-03-06,14289.6552734375,14455.1728515625,14124.1376953125,14289.6552734375,21202081
2026-03-09,13296.5517578125,14068.9658203125,13296.5517578125,13296.5517578125,51069000
2026-03-10,13875.8623046875,14206.896484375,13572.4140625,13793.103515625,44384862
2026-03-11,14206.896484375,14344.8271484375,13765.517578125,13875.8623046875,26866325
2026-03-12,14179.310546875,14206.896484375,13848.275390625,13958.62109375,21093512
2026-03-13,14124.1376953125,14206.896484375,13903.4482421875,13958.62109375,16124543
2026-03-16,14124.1376953125,14151.724609375,13903.4482421875,14068.9658203125,12515493
2026-03-17,14179.310546875,14455.1728515625,14151.724609375,14179.310546875,21239600
2026-03-18,14179.310546875,14344.8271484375,13931.0341796875,14179.310546875,17662450
2026-03-19,14151.724609375,14179.310546875,13931.0341796875,14068.9658203125,23689193
2026-03-20,13793.103515625,14068.9658203125,13737.9306640625,14068.9658203125,22115037
2026-03-23,13406.896484375,13655.1728515625,13131.0341796875,13655.1728515625,44372175
2026-03-24,13406.896484375,13737.9306640625,13379.310546875,13517.2412109375,24399512
2026-03-25,13737.9306640625,13793.103515625,13517.2412109375,13517.2412109375,20134700
2026-03-26,13544.8271484375,13793.103515625,13517.2412109375,13765.517578125,16570600
2026-03-27,13958.62109375,13986.20703125,13544.8271484375,13572.4140625,26486243
2026-03-30,13903.4482421875,13958.62109375,13544.8271484375,13682.7587890625,26340881
2026-03-31,14041.37890625,14068.9658203125,13793.103515625,13848.275390625,31646612
2026-04-01,14124.1376953125,14344.8271484375,14124.1376953125,14234.482421875,24950331
2026-04-02,14124.1376953125,14151.724609375,13931.0341796875,14124.1376953125,25001806
2026-04-03,14124.1376953125,14179.310546875,13875.8623046875,14151.724609375,25357781
2026-04-06,14124.1376953125,14179.310546875,13931.0341796875,14068.9658203125,24298556
2026-04-07,13848.275390625,14096.5517578125,13820.689453125,14096.5517578125,25876881
2026-04-08,14537.9306640625,14620.689453125,14096.5517578125,14179.310546875,42892087
2026-04-09,14372.4140625,14482.7587890625,14289.6552734375,14482.7587890625,17985437
2026-04-10,14427.5859375,14731.0341796875,14427.5859375,14537.9306640625,19596750
2026-04-13,14289.6552734375,14427.5859375,14206.896484375,14344.8271484375,17084987
2026-04-14,14400.0,14593.103515625,14372.4140625,14427.5859375,20359268
2026-04-15,14537.9306640625,14620.689453125,14427.5859375,14565.517578125,20473456
2026-04-16,14400.0,14565.517578125,14400.0,14537.9306640625,14278875
2026-04-17,14455.1728515625,14620.689453125,14372.4140625,14510.3447265625,21846425
2026-04-20,14841.37890625,14868.9658203125,14455.1728515625,14455.1728515625,34741275
2026-04-21,14731.0341796875,14951.724609375,14703.4482421875,14896.5517578125,17182862
2026-04-22,14648.275390625,14731.0341796875,14482.7587890625,14675.8623046875,20132162
2026-04-23,14675.8623046875,14868.9658203125,14537.9306640625,14620.689453125,19090156
2026-04-24,14841.37890625,14896.5517578125,14620.689453125,14703.4482421875,27182787
2026-04-27,14841.37890625,14841.37890625,14841.37890625,14841.37890625,0
2026-04-28,14675.8623046875,14868.9658203125,14675.8623046875,14731.0341796875,14186981
2026-04-29,14675.8623046875,14675.8623046875,14455.1728515625,14648.275390625,18481700
2026-04-30,14675.8623046875,14675.8623046875,14675.8623046875,14675.8623046875,0
2026-05-01,14675.8623046875,14675.8623046875,14675.8623046875,14675.8623046875,0
2026-05-04,14620.689453125,14758.62109375,14593.103515625,14675.8623046875,12660675
2026-05-05,14565.517578125,14620.689453125,14344.8271484375,14565.517578125,18500006
2026-05-06,14675.8623046875,14758.62109375,14537.9306640625,14593.103515625,24569706
2026-05-07,15172.4140625,15337.9306640625,14703.4482421875,14703.4482421875,54078656
2026-05-08,15089.6552734375,15227.5859375,15034.482421875,15172.4140625,19755525
2026-05-11,14841.37890625,15172.4140625,14841.37890625,15089.6552734375,20891962
2026-05-12,15089.6552734375,15144.8271484375,14786.20703125,14841.37890625,22258043
2026-05-13,15282.7587890625,15337.9306640625,15034.482421875,15117.2412109375,29518375
2026-05-14,15337.9306640625,15503.4482421875,15227.5859375,15310.3447265625,25334762
2026-05-15,15200.0,15503.4482421875,15172.4140625,15365.517578125,23681218
2026-05-18,15144.8271484375,15200.0,14979.310546875,15089.6552734375,19050462
2026-05-19,14731.0341796875,15172.4140625,14703.4482421875,15172.4140625,25457468
2026-05-20,14234.482421875,14620.689453125,13875.8623046875,14593.103515625,34481906
2026-05-21,14262.0693359375,14482.7587890625,14206.896484375,14344.8271484375,19252918
2026-05-22,14262.0693359375,14289.6552734375,14124.1376953125,14262.0693359375,13868706
2026-05-25,14565.517578125,14675.8623046875,14289.6552734375,14289.6552734375,21953000
2026-05-26,14620.689453125,14703.4482421875,14482.7587890625,14565.517578125,15539650
2026-05-27,14731.0341796875,14731.0341796875,14482.7587890625,14675.8623046875,18907275
2026-05-28,14262.0693359375,14896.5517578125,14262.0693359375,14758.62109375,28259956
2026-05-29,14289.6552734375,14344.8271484375,14096.5517578125,14262.0693359375,25612256
2026-06-01,14206.896484375,14262.0693359375,14151.724609375,14262.0693359375,11766931
2026-06-02,13737.9306640625,14206.896484375,13737.9306640625,14206.896484375,26690875
2026-06-03,13903.4482421875,14124.1376953125,13682.7587890625,13737.9306640625,19341368
2026-06-04,14041.37890625,14068.9658203125,13793.103515625,13958.62109375,12003825
2026-06-05,14068.9658203125,14096.5517578125,13931.0341796875,14068.9658203125,12346025
2026-06-08,13848.275390625,13931.0341796875,13765.517578125,13931.0341796875,11797381
2026-06-09,13848.275390625,13958.62109375,13848.275390625,13903.4482421875,11246743
2026-06-10,13958.62109375,14041.37890625,13848.275390625,13903.4482421875,13288706
2026-06-11,13848.275390625,13986.20703125,13820.689453125,13931.0341796875,9043831
2026-06-12,13903.4482421875,14013.79296875,13793.103515625,13986.20703125,14774775
2026-06-15,13903.4482421875,14013.79296875,13848.275390625,14013.79296875,14838937
2026-06-16,13931.0341796875,13986.20703125,13848.275390625,13986.20703125,17709575
2026-06-17,13931.0341796875,14013.79296875,13793.103515625,13931.0341796875,17722806
2026-06-18,13875.8623046875,14013.79296875,13848.275390625,13958.62109375,11975912
2026-06-19,13875.8623046875,13903.4482421875,13765.517578125,13875.8623046875,16294375
2026-06-22,13931.0341796875,13958.62109375,13793.103515625,13848.275390625,11688268
2026-06-23,14151.724609375,14400.0,13903.4482421875,13958.62109375,32825643
2026-06-24,14179.310546875,14206.896484375,14013.79296875,14151.724609375,14829875
2026-06-25,14124.1376953125,14344.8271484375,14124.1376953125,14179.310546875,16678262
2026-06-26,14013.79296875,14151.724609375,13931.0341796875,14096.5517578125,13951718
2026-06-29,14234.482421875,14234.482421875,14013.79296875,14013.79296875,15308918
2026-06-30,14262.0693359375,14344.8271484375,14234.482421875,14289.6552734375,17203887
2026-07-01,14262.0693359375,14344.8271484375,14234.482421875,14289.6552734375,17203887
2026-07-02,14675.8623046875,14731.0341796875,14593.103515625,14703.4482421875,14237368
2026-07-03,14868.9658203125,14868.9658203125,14620.689453125,14731.0341796875,29437356
2026-07-06,15006.896484375,15117.2412109375,14758.62109375,14841.37890625,31513212
2026-07-07,15282.7587890625,15337.9306640625,14951.724609375,14951.724609375,34066662
2026-07-08,15200.0,15310.3447265625,15117.2412109375,15282.7587890625,13818137
2026-07-09,15062.0693359375,15172.4140625,14979.310546875,15117.2412109375,12819631
2026-07-10,14896.5517578125,15144.8271484375,14896.5517578125,14951.724609375,20210281
2026-07-13,14731.0341796875,14813.79296875,14344.8271484375,14786.20703125,28304725
2026-07-14,14786.20703125,14786.20703125,14482.7587890625,14648.275390625,17448937
2026-07-15,14537.9306640625,14896.5517578125,14482.7587890625,14896.5517578125,15196000
2026-07-16,14979.310546875,14979.310546875,14372.4140625,14510.3447265625,24663050
2026-07-17,15034.482421875,15117.2412109375,14813.79296875,14951.724609375,17913300
2026-07-20,14813.79296875,15034.482421875,14620.689453125,14979.310546875,27678325
2026-07-21,14868.9658203125,14896.5517578125,14675.8623046875,14813.79296875,20565893
2026-07-22,14234.482421875,14951.724609375,14013.79296875,14896.5517578125,37813825
2026-07-23,14317.2412109375,14317.2412109375,13875.8623046875,14234.482421875,21070675
2026-07-24,14262.0693359375,14262.0693359375,14041.37890625,14206.896484375,14120825
2026-07-27,13958.62109375,14344.8271484375,13958.62109375,14234.482421875,16305250
2026-07-28,13848.275390625,13958.62109375,13489.6552734375,13875.8623046875,20829793
2026-07-29,14068.9658203125,14096.5517578125,13517.2412109375,13820.689453125,23352250
2026-07-30,14179.310546875,14289.6552734375,13875.8623046875,14013.79296875,16292381
2026-07-31,13903.4482421875,14234.482421875,13903.4482421875,14179.310546875,16063643
2026-08-03,14344.8271484375,14344.8271484375,13931.0341796875,13958.62109375,13868887
2026-08-04,14731.0341796875,14758.62109375,14289.6552734375,14400.0,20437931
2026-08-05,14648.275390625,14758.62109375,14455.1728515625,14758.62109375,16997987
2026-08-06,14648.275390625,14703.4482421875,14482.7587890625,14648.275390625,13962050
2026-08-07,14648.275390625,14841.37890625,14510.3447265625,14620.689453125,17876687
2026-08-10,14868.9658203125,14896.5517578125,14537.9306640625,14703.4482421875,19253643
2026-08-11,14841.37890625,14951.724609375,14786.20703125,14868.9658203125,15040668
2026-08-12,15006.896484375,15117.2412109375,14703.4482421875,14841.37890625,23304943
2026-08-13,14731.0341796875,15227.5859375,14731.0341796875,15062.0693359375,18830968
2026-08-14,14593.103515625,14841.37890625,14455.1728515625,14758.62109375,14974875
2026-08-17,14813.79296875,14896.5517578125,14455.1728515625,14565.517578125,13310637
2026-08-18,14868.9658203125,15006.896484375,14675.8623046875,14813.79296875,15285718
2026-08-19,14731.0341796875,14896.5517578125,14565.517578125,14896.5517578125,12811475
2026-08-20,14813.79296875,14896.5517578125,14731.0341796875,14786.20703125,16177287
2026-08-21,15062.0693359375,15062.0693359375,14648.275390625,14841.37890625,24340787
2026-08-24,15117.2412109375,15448.275390625,15089.6552734375,15255.1728515625,25916212
2026-08-25,14896.5517578125,15172.4140625,14896.5517578125,15117.2412109375,20722856
2026-08-26,15310.3447265625,15337.9306640625,14813.79296875,14896.5517578125,24446275
2026-08-27,15337.9306640625,15475.8623046875,15227.5859375,15365.517578125,21230900
2026-08-28,15337.9306640625,15365.517578125,15172.4140625,15365.517578125,15406431
2026-08-31,15337.9306640625,15337.9306640625,15337.9306640625,15337.9306640625,0
2026-09-01,15337.9306640625,15337.9306640625,15337.9306640625,15337.9306640625,0
2026-09-02,15337.9306640625,15337.9306640625,15337.9306640625,15337.9306640625,0
2026-09-03,15006.896484375,15365.517578125,14924.1376953125,15310.3447265625,17816693
2026-09-04,15006.896484375,15117.2412109375,14868.9658203125,15034.482421875,16298181
2026-09-07,15089.6552734375,15255.1728515625,14924.1376953125,15006.896484375,14453962
2026-09-08,15089.6552734375,15172.4140625,14979.310546875,15117.2412109375,11731225
2026-09-09,15089.6552734375,15089.6552734375,15089.6552734375,15089.6552734375,0
2026-09-10,15144.8271484375,15172.4140625,14896.5517578125,15062.0693359375,16157350
2026-09-11,14786.20703125,15006.896484375,14675.8623046875,14951.724609375,16954668
2026-09-14,14786.20703125,14896.5517578125,14620.689453125,14731.0341796875,17678400
2026-09-15,14951.724609375,14951.724609375,14758.62109375,14786.20703125,14253318
2026-09-16,14951.724609375,14951.724609375,14786.20703125,14896.5517578125,17446400
2026-09-17,15227.5859375,15227.5859375,14841.37890625,14896.5517578125,26775337
2026-09-18,15172.4140625,15475.8623046875,15172.4140625,15310.3447265625,46616412
2026-09-21,15227.5859375,15282.7587890625,14951.724609375,15255.1728515625,20806593
2026-09-22,15200.0,15227.5859375,15062.0693359375,15144.8271484375,14080406
2026-09-23,15448.275390625,15806.896484375,15172.4140625,15255.1728515625,37425043
2026-09-24,15255.1728515625,15448.275390625,15144.8271484375,15448.275390625,16697475
2026-09-25,15337.9306640625,15448.275390625,15089.6552734375,15172.4140625,18213087
2026-09-28,15172.4140625,15393.103515625,15034.482421875,15393.103515625,18592625
2026-09-29,15117.2412109375,15227.5859375,14951.724609375,15172.4140625,14667656
2026-09-30,15172.4140625,15310.3447265625,15117.2412109375,15172.4140625,15310368
2026-10-01,15448.275390625,15558.62109375,15310.3447265625,15503.4482421875,22996093
2026-10-02,15696.5517578125,15696.5517578125,15255.1728515625,15503.4482421875,28312881
2026-10-05,15475.8623046875,15696.5517578125,15448.275390625,15668.9658203125,14515043
2026-10-06,15475.8623046875,15503.4482421875,15089.6552734375,15475.8623046875,25093518
2026-10-07,15503.4482421875,15531.0341796875,15227.5859375,15503.4482421875,18457593
2026-10-08,15448.275390625,15531.0341796875,15310.3447265625,15448.275390625,43996625
2026-10-09,22400.0,23050.0,21350.0,21650.0,44036854
