Price,Close,High,Low,Open,Volume
Ticker,MBB.VN,MBB.VN,MBB.VN,MBB.VN,MBB.VN
Date,,,,,
2011-11-01,1370.4639892578125,1439.980381246099,1370.4639892578125,1439.980381246099,16383705
2011-11-02,1310.878662109375,1370.463929683238,1310.878662109375,1350.602125132575,7562692
2011-11-03,1300.9478759765625,1310.8788527351023,1251.2934304183048,1291.0170452961697,7193300
2011-11-04,1281.0858154296875,1310.8785937409118,1281.0858154296875,1310.8785937409118,2915253
2011-11-07,1221.5006103515625,1281.0859543166887,1221.5006103515625,1281.0859543166887,6981461
2011-11-08,1191.7080078125,1211.5698152466157,1171.8462003783843,1201.6389115295578,6660570
2011-11-09,1151.9844970703125,1191.7081155290987,1151.9844970703125,1181.777210914402,4461507
2011-11-10,1171.8460693359375,1201.6387771555223,1132.1224589098247,1132.1224589098247,7579562
2011-11-11,1191.7080078125,1211.5698152466157,1181.7771040954422,1191.7080078125,6171521
2011-11-14,1181.77685546875,1191.7077570965073,1171.845953840993,1181.77685546875,4106515
2011-11-15,1171.8460693359375,1191.707874548994,1171.8460693359375,1181.7769719424657,2010239
2011-11-16,1181.77685546875,1191.7077570965073,1161.9150522132359,1171.845953840993,5803273
2011-11-17,1181.77685546875,1181.77685546875,1161.9150522132359,1181.77685546875,5020265
2011-11-18,1191.7080078125,1191.7080078125,1151.9843929442686,1171.8462003783843,8849932
2011-11-21,1231.4317626953125,1231.4317626953125,1171.846333618064,1171.846333618064,7515396
2011-11-22,1191.7080078125,1191.7080078125,1191.7080078125,1191.7080078125,0
2011-11-23,1261.22412109375,1291.0169019840096,1251.293291515751,1281.0859263278794,3497026
2011-11-24,1231.4317626953125,1261.224404194855,1231.4317626953125,1261.224404194855,3288260
2011-11-25,1221.5006103515625,1231.4315131855947,1201.638804683498,1221.5006103515625,3541551
2011-11-28,1251.2933349609375,1271.155140884673,1221.5006260753341,1231.431529037202,6742811
2011-11-29,1271.1551513671875,1281.0859813718814,1251.2933452796624,1251.2933452796624,8247734
2011-11-30,1241.3623046875,1281.0859147982505,1241.3623046875,1281.0859147982505,7183901
2011-12-01,1261.22412109375,1271.1550967498802,1251.293291515751,1251.293291515751,5446353
2011-12-02,1261.22412109375,1271.1550967498802,1251.293291515751,1261.22412109375,3045574
2011-12-05,1291.016845703125,1300.9476748481973,1261.2240661116589,1261.2240661116589,5516966
2011-12-06,1271.1551513671875,1291.0169574547124,1271.1551513671875,1291.0169574547124,4274733
2011-12-07,1161.915283203125,1181.7770904071858,1142.053475999064,1171.8461868051554,7493164
2011-12-08,1151.9844970703125,1171.8463062997055,1151.9844970703125,1171.8463062997055,2301366
2011-12-09,1132.1226806640625,1151.9844897675455,1122.191776112321,1151.9844897675455,5188122
2011-12-12,1142.053466796875,1151.9843703188862,1122.1916597528523,1122.1916597528523,3856176
2011-12-13,1132.1226806640625,1151.9844897675455,1132.1226806640625,1132.1226806640625,3909738
2011-12-14,1122.19189453125,1132.122800130947,1102.3300833318558,1132.122800130947,7139979
2011-12-15,1122.19189453125,1132.122800130947,1092.3991777321587,1132.122800130947,3511125
2011-12-16,1122.19189453125,1142.0537057306442,1112.260988931553,1122.19189453125,3078350
2011-12-19,1122.19189453125,1132.122800130947,1112.260988931553,1112.260988931553,2824577
2011-12-20,1122.19189453125,1122.19189453125,1112.260988931553,1112.260988931553,3378575
2011-12-21,1132.1226806640625,1132.1226806640625,1122.191776112321,1122.191776112321,3547094
2011-12-22,1112.2607421875,1132.1225489807487,1102.3298387908756,1132.1225489807487,3540527
2011-12-23,1102.3297119140625,1122.1915164212414,1102.3297119140625,1112.260614167652,3599150
2011-12-26,1092.3988037109375,1112.2606081099432,1062.606097112429,1102.3297059104405,6237013
2011-12-27,1042.744384765625,1082.467921248883,1042.744384765625,1082.467921248883,10408779
2011-12-28,1052.67529296875,1062.6061960933082,1032.813559758703,1042.744462883261,10493490
2011-12-29,1072.5372314453125,1072.5372314453125,1052.6754227475387,1062.6063270964257,6140553
2011-12-30,1072.5372314453125,1092.3990401430863,1072.5372314453125,1072.5372314453125,3072927
2012-01-02,1072.5372314453125,1072.5372314453125,1072.5372314453125,1072.5372314453125,0
2012-01-03,1082.468017578125,1082.468017578125,1062.6062110494545,1072.5371143137897,2783547
2012-01-04,1082.468017578125,1082.468017578125,1052.6753077851192,1072.5371143137897,2221656
2012-01-05,1062.6063232421875,1082.4681318679193,1052.6754189293215,1082.4681318679193,2882899
2012-01-06,1062.6063232421875,1072.5372275550535,1052.6754189293215,1062.6063232421875,1996502
2012-01-09,1072.5372314453125,1082.4681357941995,1052.6754227475387,1072.5372314453125,2800417
2012-01-10,1092.3988037109375,1092.3988037109375,1062.606097112429,1062.606097112429,5408636
2012-01-11,1102.3297119140625,1102.3297119140625,1092.3988096604728,1102.3297119140625,3938839
2012-01-12,1122.19189453125,1122.19189453125,1092.3991777321587,1102.3300833318558,2861932
2012-01-13,1142.053466796875,1142.053466796875,1122.1916597528523,1122.1916597528523,2561646
2012-01-16,1171.8460693359375,1181.7769719424657,1142.0533615163529,1142.0533615163529,3337725
2012-01-17,1142.053466796875,1181.7770808849205,1142.053466796875,1181.7770808849205,3890097
2012-01-18,1142.053466796875,1171.8461773629092,1132.1225632748635,1142.053466796875,2069705
2012-01-19,1181.77685546875,1181.77685546875,1151.9841505854786,1161.9150522132359,1618735
2012-01-20,1171.8460693359375,1191.707874548994,1161.9151667294093,1181.7769719424657,1662295
2012-01-23,1171.8460693359375,1171.8460693359375,1171.8460693359375,1171.8460693359375,0
2012-01-24,1171.8460693359375,1171.8460693359375,1171.8460693359375,1171.8460693359375,0
2012-01-25,1171.8460693359375,1171.8460693359375,1171.8460693359375,1171.8460693359375,0
2012-01-26,1171.8460693359375,1171.8460693359375,1171.8460693359375,1171.8460693359375,0
2012-01-27,1171.8460693359375,1171.8460693359375,1171.8460693359375,1171.8460693359375,0
2012-01-30,1191.7080078125,1191.7080078125,1161.9152966613265,1181.7771040954422,2754325
2012-01-31,1201.638916015625,1231.4316272780234,1181.7771085073593,1191.7080122614923,4954533
2012-02-01,1191.7080078125,1201.6389115295578,1171.8462003783843,1201.6389115295578,3535707
2012-02-02,1251.2933349609375,1251.2933349609375,1211.5697231134661,1211.5697231134661,8199594
2012-02-03,1271.1551513671875,1310.8787635422375,1261.2241752843563,1281.0859813718814,24564079
2012-02-06,1241.3623046875,1291.016890365003,1241.3623046875,1291.016890365003,6973990
2012-02-07,1251.2933349609375,1271.155140884673,1231.431529037202,1271.155140884673,5805503
2012-02-08,1300.9478759765625,1300.9478759765625,1251.2934304183048,1261.2242610986975,15040553
2012-02-09,1330.7406005859375,1360.5333867197598,1300.9479605302718,1300.9479605302718,24783871
2012-02-10,1310.878662109375,1350.602125132575,1300.9476867949807,1330.740320581912,18917214
2012-02-13,1277.1646728515625,1318.6984952270745,1277.1646728515625,1318.6984952270745,5472033
2012-02-14,1318.6982421875,1318.6982421875,1266.781047219373,1277.1644277817406,7552951
2012-02-15,1287.5479736328125,1318.6982618628306,1266.781066120085,1318.6982618628306,6280152
2012-02-16,1297.9310302734375,1297.9310302734375,1266.7807498212433,1277.1641279459382,7289149
2012-02-17,1318.6982421875,1318.6982421875,1297.9313349846204,1297.9313349846204,7004198
2012-02-20,1370.6153564453125,1380.998882474378,1329.0816905634565,1339.4650705143865,16952119
2012-02-21,1339.46533203125,1391.3825340784726,1339.46533203125,1391.3825340784726,16164629
2012-02-22,1380.998779296875,1391.3821584720397,1329.0815912648025,1329.0815912648025,20951398
2012-02-23,1443.2996826171875,1443.2996826171875,1370.615434508419,1391.3823416711894,33368105
2012-02-24,1474.4498291015625,1505.6002599012463,1453.6829239278168,1464.0664495537546,43659984
2012-02-27,1526.367431640625,1536.7508130017923,1464.066705239155,1495.2169954008123,29222922
2012-02-28,1483.9681396484375,1558.1666435597951,1452.1688873445983,1558.1666435597951,27487229
2012-02-29,1515.7677001953125,1515.7677001953125,1452.169039789762,1452.169039789762,34983191
2012-03-01,1579.365966796875,1589.965666327444,1505.1674735972201,1526.367021779776,67101258
2012-03-02,1653.5643310546875,1653.5643310546873,1600.565534512226,1611.1652341721501,81169642
2012-03-05,1727.76318359375,1727.76318359375,1727.76318359375,1727.76318359375,9246924
2012-03-06,1748.96240234375,1812.5610541353417,1727.7628517465525,1812.5610541353417,90994651
2012-03-07,1706.5633544921875,1748.9624570118701,1674.7641021631455,1727.7629057520287,55495149
2012-03-08,1621.76513671875,1695.9634841623263,1621.76513671875,1632.3648367300787,53534549
2012-03-09,1579.365966796875,1632.364762692556,1547.566569962332,1568.766118144888,37279911
2012-03-12,1526.3671875,1579.3661382712833,1505.1676370157734,1579.3661382712833,44535350
2012-03-13,1589.9656982421875,1600.5655471069413,1526.3670524179295,1558.1664498907692,29081570
2012-03-14,1547.566650390625,1621.765147446436,1547.5666503906248,1621.765147446436,20933765
2012-03-15,1621.76513671875,1621.76513671875,1515.7673909983373,1526.3670910096662,30371656
2012-03-16,1642.965087890625,1695.9638991587422,1632.3652361641248,1685.3640474322417,39561994
2012-03-19,1642.965087890625,1674.7643448272029,1621.765533559086,1632.3652361641248,23952687
2012-03-20,1685.3636474609375,1685.3636474609375,1642.9646979814597,1653.5643980709726,21599956
2012-03-21,1717.1630859375,1759.5621855251986,1695.9635361436508,1706.5632364798607,48904114
2012-03-22,1674.7640380859375,1727.7628396470634,1674.7640380859373,1695.9635885346745,29059385
2012-03-23,1695.963623046875,1727.762874806366,1674.764072166735,1695.963623046875,39681622
2012-03-26,1642.965087890625,1717.1634534902812,1642.965087890625,1717.1634534902812,25041896
2012-03-27,1568.7662353515625,1642.9647340947836,1568.7662353515625,1621.7651843283531,35560353
2012-03-28,1600.5655517578125,1600.5655517578127,1526.3670568531975,1547.5666055228844,18942856
2012-03-29,1558.1666259765625,1611.1654289253727,1547.5667759139378,1611.1654289253727,15372126
2012-03-30,1536.966796875,1568.766043066264,1526.3669487303046,1547.5664958982843,14770244
2012-04-02,1536.966796875,1536.966796875,1536.966796875,1536.966796875,0
2012-04-03,1611.16552734375,1611.16552734375,1536.9671688587061,1536.9671688587061,26278335
2012-04-04,1579.365966796875,1621.7650631619872,1568.766118144888,1611.16521451,14213826
2012-04-05,1621.76513671875,1632.3648367300787,1558.1664892865024,1579.366038430585,17481223
2012-04-06,1600.5655517578125,1642.9646490971866,1600.5655517578127,1621.7651004274996,14714291
2012-04-09,1621.76513671875,1632.3648367300787,1589.9657384419136,1611.165287585996,9348977
2012-04-10,1579.365966796875,1632.364762692556,1568.766118144888,1621.7650631619872,22869010
2012-04-11,1621.76513671875,1621.76513671875,1579.366038430585,1621.76513671875,22275713
2012-04-12,1674.7640380859375,1695.9635885346745,1621.7652365248114,1632.364937188463,58934438
2012-04-13,1642.965087890625,1695.9638991587422,1642.965087890625,1685.3640474322417,17240527
2012-04-16,1674.7640380859375,1695.9635885346745,1642.9647869735486,1664.1641883008517,14345497
2012-04-17,1685.3636474609375,1717.1630459723285,1664.1640981604855,1695.9634966718766,29929622
2012-04-18,1664.164306640625,1717.1632610919742,1664.164306640625,1685.3638585968758,32122735
2012-04-19,1632.3648681640625,1674.763967268695,1632.3648681640627,1664.164117931823,16135183
2012-04-20,1632.3648681640625,1674.763967268695,1611.1653186117464,1632.3648681640627,13582267
2012-04-23,1632.3648681640625,1653.5644177163788,1621.7651679486185,1621.7651679486185,19427243
2012-04-24,1642.965087890625,1642.965087890625,1611.1656818325857,1632.3652361641248,15734812
2012-04-25,1653.5643310546875,1674.763879495956,1642.964631394763,1664.1640307146115,14749211
2012-04-26,1621.76513671875,1664.16408588549,1621.76513671875,1664.16408588549,15140478
2012-04-27,1621.76513671875,1632.3648367300787,1600.5655875746675,1621.76513671875,15756421
2012-04-30,1621.76513671875,1621.76513671875,1621.76513671875,1621.76513671875,0
2012-05-01,1621.76513671875,1621.76513671875,1621.76513671875,1621.76513671875,0
2012-05-02,1611.16552734375,1642.9649303526596,1600.565825755078,1632.3650796425406,13193478
2012-05-03,1600.5655517578125,1611.1652515319454,1589.9657028622582,1611.1652515319454,8077215
2012-05-04,1611.16552734375,1621.7653780538687,1600.565825755078,1600.565825755078,11828250
2012-05-07,1589.9656982421875,1621.7650957150272,1589.9656982421875,1611.1652468502737,16495852
2012-05-08,1664.164306640625,1664.164306640625,1589.96594935447,1589.96594935447,43514944
2012-05-09,1653.5643310546875,1685.3635791558802,1642.964631394763,1664.1640307146115,14180462
2012-05-10,1664.164306640625,1674.7641571794727,1632.3650532669715,1653.564605223222,13626061
2012-05-11,1642.965087890625,1664.1644931007027,1632.3652361641248,1664.1644931007027,11283530
2012-05-14,1589.9656982421875,1642.9646443231131,1589.9656982421875,1632.3647954583596,21844686
2012-05-15,1568.7662353515625,1600.5656345619227,1568.7662353515625,1589.965785117993,15138403
2012-05-16,1579.365966796875,1589.965666327444,1558.1664186143191,1568.766118144888,11130538
2012-05-17,1579.3662109375,1622.3421725378607,1579.3662109375,1600.8541917376804,9424464
2012-05-18,1536.390380859375,1579.3663461386805,1525.6463139643897,1568.6222792436952,15173842
2012-05-21,1611.5980224609375,1611.5980224609377,1557.8781488390252,1557.8781488390252,7419667
2012-05-22,1579.3662109375,1611.598106562618,1568.6221449622572,1611.598106562618,4324739
2012-05-23,1536.390380859375,1579.3663461386805,1536.390380859375,1557.8783634990277,7577730
2012-05-24,1514.90234375,1557.8783074840646,1514.9023437499998,1547.1342409753922,7126130
2012-05-25,1590.110107421875,1590.110107421875,1536.3902316161893,1557.8782121685242,10699511
2012-05-28,1590.110107421875,1611.5980879742099,1568.6221268695401,1600.854173273194,7281542
2012-05-29,1579.3662109375,1590.1101257624377,1568.6221449622572,1568.6221449622572,5514905
2012-05-30,1600.8541259765625,1611.5980403601534,1568.6220805251921,1579.3661460590818,11946609
2012-05-31,1579.3662109375,1590.1101257624377,1568.6221449622572,1590.1101257624377,6100711
2012-06-01,1590.110107421875,1611.5980879742099,1579.366192720859,1590.110107421875,7795145
2012-06-04,1547.134033203125,1579.3660772502294,1536.3901192876183,1568.6220121844306,15030992
2012-06-05,1568.6219482421875,1568.6219482421877,1536.3900566592542,1547.1339701368033,3848534
2012-06-06,1568.6219482421875,1579.3660128700228,1557.8780347646384,1557.8780347646384,4523139
2012-06-07,1590.110107421875,1600.854173273194,1568.6221268695401,1579.366192720859,9146716
2012-06-08,1568.6219482421875,1611.597904452956,1568.6219482421877,1611.597904452956,4264983
2012-06-11,1568.6219482421875,1590.109926347572,1557.8780347646384,1568.6219482421877,7105155
2012-06-12,1536.390380859375,1568.6222792436952,1536.390380859375,1568.6222792436952,6726566
2012-06-13,1536.390380859375,1557.8783634990277,1536.390380859375,1536.390380859375,3495299
2012-06-14,1536.390380859375,1557.8783634990277,1536.390380859375,1547.1342966040424,5012885
2012-06-15,1547.134033203125,1568.6220121844306,1536.3901192876183,1547.134033203125,3966664
2012-06-18,1568.6219482421875,1579.3660128700228,1557.8780347646384,1568.6219482421877,7770079
2012-06-19,1547.134033203125,1568.6220121844306,1547.134033203125,1557.8780982689238,3642874
2012-06-20,1547.134033203125,1557.8780982689238,1547.134033203125,1547.134033203125,1413632
2012-06-21,1547.134033203125,1568.6220121844306,1536.3901192876183,1547.134033203125,5171524
2012-06-22,1536.390380859375,1547.1342966040424,1525.6463139643897,1547.1342966040424,5955729
2012-06-25,1514.90234375,1547.1342409753922,1514.9023437499998,1536.3903256170322,8044599
2012-06-26,1514.90234375,1525.6462591083598,1493.4143618829676,1514.9023437499998,6416779
2012-06-27,1504.1583251953125,1525.646307747402,1504.1583251953125,1504.1583251953125,5389343
2012-06-28,1493.4141845703125,1514.9021638860831,1493.4141845703127,1493.4141845703127,3388003
2012-06-29,1504.1583251953125,1504.1583251953125,1493.4144094944263,1504.1583251953125,3038514
2012-07-02,1482.6700439453125,1504.1580221684455,1482.6700439453127,1504.1580221684455,2370190
2012-07-03,1471.9261474609375,1482.6700611218273,1450.4381689888694,1471.9261474609375,3941482
2012-07-04,1450.4383544921875,1482.6702507474326,1450.4383544921875,1471.9263357124535,2705908
2012-07-05,1450.4383544921875,1450.4383544921875,1428.9503732719215,1439.6942883069005,3801686
2012-07-06,1461.1822509765625,1471.926317025447,1439.6942700290995,1439.6942700290995,3152609
2012-07-09,1407.46240234375,1461.1822802120887,1407.46240234375,1450.4383650985444,2853080
2012-07-10,1396.7183837890625,1418.206365900447,1396.7183837890625,1396.7183837890625,1797292
2012-07-11,1396.7183837890625,1407.4624504199119,1396.7183837890625,1407.4624504199119,1537869
2012-07-12,1418.2061767578125,1418.2061767578125,1396.7181975122262,1396.7181975122262,1004617
2012-07-13,1482.6700439453125,1482.6700439453127,1418.2061092759138,1418.2061092759138,5
2012-07-16,1504.1583251953125,1514.9023920465158,1482.670342643223,1493.4144094944263,11755067
2012-07-17,1536.390380859375,1547.1342966040424,1504.158331324737,1504.158331324737,6999703
2012-07-18,1525.6461181640625,1547.1340980459634,1514.9022037982613,1536.3901836801622,4301401
2012-07-19,1557.8779296875,1557.8779296875002,1504.1579124722523,1525.6458891282962,5974457
2012-07-20,1536.390380859375,1579.3663461386805,1536.390380859375,1557.8783634990277,6728006
2012-07-23,1514.90234375,1547.1342409753922,1514.9023437499998,1536.3903256170322,4367554
2012-07-24,1482.6700439453125,1514.9020868551554,1471.9261304088895,1504.1580221684455,5629865
2012-07-25,1482.6700439453125,1493.4141086320226,1471.9261304088895,1471.9261304088895,5713305
2012-07-26,1493.4141845703125,1504.1580986530505,1482.67011933728,1482.67011933728,2229818
2012-07-27,1514.90234375,1514.9023437499998,1493.4143618829676,1504.1582772413274,2147474
2012-07-30,1514.90234375,1514.9023437499998,1493.4143618829676,1504.1582772413274,2147474
2012-07-31,1504.1583251953125,1525.646307747402,1504.1583251953125,1504.1583251953125,1966649
2012-08-01,1482.6700439453125,1504.1580221684455,1482.6700439453127,1504.1580221684455,2567898
2012-08-02,1482.6700439453125,1504.1580221684455,1482.6700439453127,1482.6700439453127,2008369
2012-08-03,1493.4141845703125,1504.1580986530505,1482.67011933728,1482.67011933728,2892379
2012-08-06,1514.90234375,1525.6462591083598,1493.4143618829676,1504.1582772413274,5804351
2012-08-07,1504.1583251953125,1514.9023920465158,1493.4144094944263,1493.4144094944263,2848815
2012-08-08,1504.1583251953125,1514.9023920465158,1493.4144094944263,1504.1583251953125,4123055
2012-08-09,1504.1583251953125,1525.646307747402,1504.1583251953125,1504.1583251953125,3696983
2012-08-10,1504.1583251953125,1525.646307747402,1504.1583251953125,1504.1583251953125,3483083
2012-08-13,1536.390380859375,1536.390380859375,1493.4144155800695,1504.158331324737,5942648
2012-08-14,1579.3662109375,1611.598106562618,1536.390249337139,1536.390249337139,130104009
2012-08-15,1568.6219482421875,1611.597904452956,1557.8780347646384,1590.109926347572,10439165
2012-08-16,1568.6219482421875,1579.3660128700228,1557.8780347646384,1568.6219482421877,2643731
2012-08-17,1568.6219482421875,1568.6219482421877,1547.1339701368033,1557.8780347646384,7014801
2012-08-20,1600.8541259765625,1600.8541259765625,1568.6220805251921,1568.6220805251921,14080484
2012-08-21,1525.6461181640625,1579.3661434439637,1525.6461181640625,1579.3661434439637,18657790
2012-08-22,1493.4141845703125,1536.3901432018536,1471.926205254542,1471.926205254542,12660398
2012-08-23,1428.9503173828125,1482.6701927572317,1428.9503173828125,1482.6701927572317,42202672
2012-08-24,1493.4141845703125,1493.4141845703127,1396.7182020741982,1396.7182020741982,15609307
2012-08-27,1439.6942138671875,1482.6701740856377,1428.9502993877247,1482.6701740856377,18752581
2012-08-28,1461.1822509765625,1461.1822509765625,1428.950355130521,1450.4383360779839,3594355
2012-08-29,1493.4141845703125,1504.1580986530505,1461.1821400215097,1471.926205254542,4764468
2012-08-30,1504.1583251953125,1514.9023920465158,1482.670342643223,1504.1583251953125,5822099
2012-08-31,1471.9261474609375,1504.1580395938952,1471.9261474609375,1482.6700611218273,4657114
2012-09-03,1471.9261474609375,1471.9261474609375,1471.9261474609375,1471.9261474609375,0
2012-09-04,1482.6700439453125,1504.1580221684455,1471.9261304088895,1493.4141086320226,2852964
2012-09-05,1482.6700439453125,1493.4141086320226,1461.1820657221797,1493.4141086320226,4089748
2012-09-06,1471.9261474609375,1493.4141259330056,1471.9261474609375,1482.6700611218273,3503078
2012-09-07,1471.9261474609375,1471.9261474609375,1450.4381689888694,1471.9261474609375,2455704
2012-09-10,1428.9503173828125,1471.9262781424686,1428.9503173828125,1471.9262781424686,4656423
2012-09-11,1450.4383544921875,1450.4383544921875,1428.9503732719215,1428.9503732719215,2861377
2012-09-12,1439.6942138671875,1471.926259606175,1439.6942138671873,1450.43827949695,1223242
2012-09-13,1461.1822509765625,1461.1822509765625,1439.6942700290995,1439.6942700290995,1978635
2012-09-14,1482.6700439453125,1482.6700439453127,1461.1820657221797,1471.9261304088895,2491028
2012-09-17,1471.9261474609375,1493.4141259330056,1471.9261474609375,1471.9261474609375,3258925
2012-09-18,1439.6942138671875,1471.926259606175,1428.9502993877247,1471.926259606175,5065553
2012-09-19,1450.4383544921875,1450.4383544921875,1428.9503732719215,1428.9503732719215,2883332
2012-09-20,1407.46240234375,1439.6942988346914,1385.9744209663527,1439.6942988346914,8683535
2012-09-21,1439.6942138671875,1439.6942138671873,1418.206233757962,1418.206233757962,4421144
2012-09-24,1428.9503173828125,1439.6942319975756,1418.2062516177475,1439.6942319975756,1605520
2012-09-25,1428.9503173828125,1439.6942319975756,1418.2062516177475,1418.2062516177475,1374044
2012-09-26,1439.6942138671875,1439.6942138671873,1428.9502993877247,1428.9502993877247,1796543
2012-09-27,1428.9503173828125,1439.6942319975756,1428.9503173828125,1439.6942319975756,2268196
2012-09-28,1418.2061767578125,1428.9502419557525,1418.2061767578125,1428.9502419557525,1878369
2012-10-01,1396.7183837890625,1428.9504325312967,1396.7183837890625,1407.4624504199119,2579135
2012-10-02,1418.2061767578125,1418.2061767578125,1396.7181975122262,1407.4622627101662,2252176
2012-10-03,1418.2061767578125,1428.9502419557525,1418.2061767578125,1418.2061767578125,2353306
2012-10-04,1418.2061767578125,1428.9502419557525,1418.2061767578125,1418.2061767578125,2301330
2012-10-05,1418.2061767578125,1428.9502419557525,1418.2061767578125,1418.2061767578125,1494190
2012-10-08,1428.9503173828125,1428.9503173828125,1418.2062516177475,1418.2062516177475,1823454
2012-10-09,1418.2061767578125,1439.6941560033988,1418.2061767578125,1439.6941560033988,2522433
2012-10-10,1418.2061767578125,1428.9502419557525,1407.4622627101662,1407.4622627101662,2868753
2012-10-11,1407.46240234375,1439.6942988346914,1407.46240234375,1418.206317457294,9970279
2012-10-12,1407.46240234375,1418.206317457294,1396.7183360798967,1407.46240234375,4592230
2012-10-15,1396.7183837890625,1418.206365900447,1396.7183837890625,1418.206365900447,3086687
2012-10-16,1407.46240234375,1418.206317457294,1396.7183360798967,1396.7183360798967,11237315
2012-10-17,1407.46240234375,1418.206317457294,1396.7183360798967,1407.46240234375,3447644
2012-10-18,1396.7183837890625,1407.4624504199119,1385.974468308527,1396.7183837890625,7754981
2012-10-19,1385.974365234375,1396.7182799158911,1375.2304505528587,1396.7182799158911,3785551
2012-10-22,1364.4864501953125,1385.974431739739,1364.4864501953125,1385.974431739739,4670483
2012-10-23,1364.4864501953125,1375.2305165426808,1353.7425349982543,1364.4864501953125,2266640
2012-10-24,1353.7425537109375,1375.2305355523908,1353.7425537109375,1364.486469056508,1708494
2012-10-25,1353.7425537109375,1364.486469056508,1342.9984872150546,1353.7425537109375,2726998
2012-10-26,1342.998291015625,1364.4862697178867,1342.998291015625,1353.7423559419008,1703653
2012-10-29,1364.4864501953125,1375.2305165426808,1342.9984686508858,1353.7425349982543,2122810
2012-10-30,1353.7425537109375,1364.486469056508,1353.7425537109375,1364.486469056508,1793201
2012-10-31,1364.4864501953125,1364.4864501953125,1342.9984686508858,1353.7425349982543,2225381
2012-11-01,1418.2061767578125,1428.9502419557525,1375.2303694169339,1375.2303694169339,24226862
2012-11-02,1396.7183837890625,1396.7183837890625,1375.230552827992,1385.974468308527,11599194
2012-11-05,1385.974365234375,1407.4623457477103,1385.974365234375,1385.974365234375,8268354
2012-11-06,1396.7183837890625,1407.4624504199119,1385.974468308527,1396.7183837890625,5073275
2012-11-07,1407.46240234375,1428.9503837211473,1396.7183360798967,1396.7183360798967,9477017
2012-11-08,1439.6942138671875,1439.6942138671873,1396.718253648737,1407.4623192784995,12905012
2012-11-09,1439.6942138671875,1450.43827949695,1418.206233757962,1439.6942138671873,15799754
2012-11-12,1461.1822509765625,1461.1822509765625,1428.950355130521,1439.6942700290995,15544422
2012-11-13,1461.1826171875,1484.3759972427426,1449.5858455866844,1472.779225641927,8196035
2012-11-14,1437.9891357421875,1461.182514162106,1437.9891357421875,1449.585743378958,14362266
2012-11-15,1414.7955322265625,1437.9889069563867,1414.7955322265625,1437.9889069563867,2787849
2012-11-16,1426.3924560546875,1426.3924560546875,1414.7958476773067,1414.7958476773067,2645691
2012-11-19,1391.60205078125,1437.988796683714,1391.60205078125,1437.988796683714,10177322
2012-11-20,1403.19873046875,1414.7954991355982,1391.6021249482492,1391.6021249482492,3019267
2012-11-21,1403.19873046875,1414.7954991355982,1403.19873046875,1414.7954991355982,7088560
2012-11-22,1403.19873046875,1414.7954991355982,1391.6021249482492,1414.7954991355982,4016047
2012-11-23,1403.19873046875,1414.7954991355982,1403.19873046875,1403.19873046875,1842700
2012-11-26,1391.60205078125,1426.3920286349287,1391.60205078125,1403.1986556836966,4662589
2012-11-27,1403.19873046875,1414.7954991355982,1391.6021249482492,1391.6021249482492,3422520
2012-11-28,1403.19873046875,1414.7954991355982,1391.6021249482492,1403.19873046875,1768538
2012-11-29,1414.7955322265625,1414.7955322265625,1403.198763288475,1414.7955322265625,2336307
2012-11-30,1414.7955322265625,1426.392138018299,1403.198763288475,1414.7955322265625,3645755
2012-12-03,1414.7955322265625,1414.7955322265625,1403.198763288475,1414.7955322265625,2455992
2012-12-04,1414.7955322265625,1426.392138018299,1403.198763288475,1414.7955322265625,2282775
2012-12-05,1426.3924560546875,1437.9892275784557,1414.7958476773067,1414.7958476773067,8757927
2012-12-06,1426.3924560546875,1437.9892275784557,1414.7958476773067,1426.3924560546875,4934286
2012-12-07,1414.7955322265625,1437.9889069563867,1414.7955322265625,1426.392138018299,4386800
2012-12-10,1426.3924560546875,1437.9892275784557,1403.1990761535385,1414.7958476773067,5563367
2012-12-11,1426.3924560546875,1426.3924560546875,1414.7958476773067,1426.3924560546875,3604497
2012-12-12,1439.201416015625,1450.9022750223057,1427.500720155333,1427.500720155333,5871140
2012-12-13,1427.5006103515625,1450.9021634184808,1427.5006103515625,1450.9021634184808,3880188
2012-12-14,1450.9019775390625,1486.0045473619084,1427.500427470187,1427.500427470187,7206742
2012-12-17,1439.201416015625,1450.9022750223057,1439.201416015625,1450.9022750223057,2440416
2012-12-18,1427.5006103515625,1450.9021634184808,1427.5006103515625,1450.9021634184808,2026189
2012-12-19,1439.201416015625,1450.9022750223057,1427.500720155333,1439.201416015625,4176367
2012-12-20,1439.201416015625,1450.9022750223057,1427.500720155333,1450.9022750223057,6605475
2012-12-21,1439.201416015625,1439.201416015625,1427.500720155333,1427.500720155333,3221525
2012-12-24,1439.201416015625,1450.9022750223057,1427.500720155333,1439.201416015625,3242371
2012-12-25,1427.5006103515625,1450.9021634184808,1427.5006103515625,1439.2013053118335,2898219
2012-12-26,1450.9019775390625,1450.9019775390625,1427.500427470187,1427.500427470187,3085715
2012-12-27,1462.602783203125,1474.3036394031908,1450.9019270030592,1450.9019270030592,16547442
2012-12-28,1462.602783203125,1474.3036394031908,1450.9019270030592,1462.602783203125,6330485
2012-12-31,1462.602783203125,1462.602783203125,1462.602783203125,1462.602783203125,0
2013-01-01,1462.602783203125,1462.602783203125,1462.602783203125,1462.602783203125,0
2013-01-02,1532.807861328125,1532.807861328125,1474.303739501972,1474.303739501972,19805062
2013-01-03,1509.4061279296875,1544.5086984618124,1486.004577387963,1544.5086984618124,11538166
2013-01-04,1521.10693359375,1532.8077900440985,1486.0045273890582,1509.4060771434017,8003499
2013-01-07,1532.807861328125,1544.5087183226278,1509.4061473391193,1521.1070043336222,9283931
2013-01-08,1591.3118896484375,1603.0127459553953,1521.1069149530413,1521.1069149530413,30373709
2013-01-09,1567.910400390625,1661.517101034645,1556.2095424168258,1638.1153850870464,27367721
2013-01-10,1626.414306640625,1626.4143066406248,1556.2093314610129,1567.9101878486736,14248946
2013-01-11,1638.115234375,1673.2176419204854,1626.4143774777185,1638.115234375,21218220
2013-01-14,1626.414306640625,1638.1151630282857,1579.6110442363342,1614.713450252964,11633884
2013-01-15,1661.51708984375,1684.9186424873565,1638.11537405377,1638.11537405377,17460592
2013-01-16,1684.9185791015625,1696.6194365563722,1661.5170273383108,1673.217721646753,23245609
2013-01-17,1649.8162841796875,1696.6195540950016,1649.8162841796875,1673.2178375641554,15910938
2013-01-18,1649.8162841796875,1661.5171424451107,1614.713709383418,1649.8162841796875,22929785
2013-01-21,1638.115234375,1696.6193557150486,1626.4143774777185,1649.8160912722817,12803406
2013-01-22,1591.3118896484375,1638.1151517299177,1579.6110333414795,1626.4142954229599,9663035
2013-01-23,1591.3118896484375,1614.713439116002,1567.9101770345217,1603.0127459553953,5214133
2013-01-24,1614.71337890625,1614.7133789062498,1591.311830311287,1603.012686181941,3942325
2013-01-25,1626.414306640625,1638.1151630282857,1614.713450252964,1626.4143066406248,5970685
2013-01-28,1638.115234375,1673.2176419204854,1626.4143774777185,1626.4143774777185,20456643
2013-01-29,1638.115234375,1661.5169481695632,1614.7135205804368,1638.115234375,10791266
2013-01-30,1649.8162841796875,1661.5171424451107,1626.4145676488413,1638.1154259142645,12299800
2013-01-31,1626.414306640625,1649.8160194159464,1626.4143066406248,1638.1151630282857,6991547
2013-02-01,1626.414306640625,1626.4143066406248,1603.0127570116558,1626.4143066406248,3326724
2013-02-04,1603.0130615234375,1638.1154742081965,1603.0130615234375,1626.4146155978158,3957174
2013-02-05,1603.0130615234375,1614.7137569874349,1579.611344302676,1614.7137569874349,5983649
2013-02-06,1626.414306640625,1638.1151630282857,1603.0127570116558,1626.4143066406248,4048838
2013-02-07,1626.414306640625,1638.1151630282857,1614.713450252964,1626.4143066406248,3580012
2013-02-08,1649.8162841796875,1673.2178375641554,1626.4145676488413,1638.1154259142645,6591997
2013-02-11,1649.8162841796875,1649.8162841796875,1649.8162841796875,1649.8162841796875,0
2013-02-12,1649.8162841796875,1649.8162841796875,1649.8162841796875,1649.8162841796875,0
2013-02-13,1649.8162841796875,1649.8162841796875,1649.8162841796875,1649.8162841796875,0
2013-02-14,1649.8162841796875,1649.8162841796875,1649.8162841796875,1649.8162841796875,0
2013-02-15,1649.8162841796875,1649.8162841796875,1649.8162841796875,1649.8162841796875,0
2013-02-18,1673.2176513671875,1673.2176513671875,1638.11524362352,1661.5169575502052,12469477
2013-02-19,1661.51708984375,1684.9186424873565,1649.8162319487599,1673.2177845923666,17383721
2013-02-20,1649.8162841796875,1661.5171424451107,1638.1154259142645,1649.8162841796875,4627316
2013-02-21,1603.0130615234375,1661.517191428958,1603.0130615234375,1649.8163328185774,7398407
2013-02-22,1603.0130615234375,1638.1154742081965,1579.611344302676,1614.7137569874349,14618913
2013-02-25,1591.3118896484375,1614.713439116002,1591.3118896484375,1614.713439116002,3627643
2013-02-26,1544.5086669921875,1591.3119302683708,1544.5086669921875,1591.3119302683708,6914847
2013-02-27,1544.5086669921875,1556.2093604514669,1521.106953780918,1532.8078103865528,5111333
2013-02-28,1567.910400390625,1579.6112583644244,1556.2095424168258,1567.910400390625,3761626
2013-03-01,1556.20947265625,1579.6111875548143,1556.20947265625,1567.9103301055322,1984555
2013-03-04,1532.807861328125,1567.9102691652727,1521.1070043336222,1567.9102691652727,3730214
2013-03-05,1532.807861328125,1544.5087183226278,1521.1070043336222,1544.5087183226278,3115299
2013-03-06,1532.807861328125,1544.5087183226278,1532.807861328125,1532.807861328125,2235273
2013-03-07,1532.807861328125,1544.5087183226278,1521.1070043336222,1544.5087183226278,2077589
2013-03-08,1532.807861328125,1544.5087183226278,1532.807861328125,1532.807861328125,2368513
2013-03-11,1544.5086669921875,1556.2093604514669,1521.106953780918,1521.106953780918,2018193
2013-03-12,1544.5086669921875,1556.2093604514669,1532.8078103865528,1544.5086669921875,1353591
2013-03-13,1532.807861328125,1544.5087183226278,1521.1070043336222,1544.5087183226278,1562618
2013-03-14,1521.10693359375,1532.8077900440985,1521.10693359375,1532.8077900440985,1165410
2013-03-15,1521.10693359375,1544.5086464944468,1521.10693359375,1521.10693359375,1426865
2013-03-18,1521.10693359375,1532.8077900440985,1521.10693359375,1521.10693359375,1867249
2013-03-19,1521.10693359375,1532.8077900440985,1509.4060771434017,1521.10693359375,1993750
2013-03-20,1532.807861328125,1544.5087183226278,1521.1070043336222,1521.1070043336222,1879356
2013-03-21,1532.807861328125,1544.5087183226278,1532.807861328125,1532.807861328125,1366155
2013-03-22,1521.10693359375,1544.5086464944468,1521.10693359375,1532.8077900440985,2872291
2013-03-25,1532.807861328125,1532.807861328125,1509.4061473391193,1521.1070043336222,4202524
2013-03-26,1532.807861328125,1544.5087183226278,1521.1070043336222,1532.807861328125,1117551
2013-03-27,1521.10693359375,1532.8077900440985,1521.10693359375,1532.8077900440985,1032226
2013-03-28,1509.4061279296875,1521.1069847737292,1509.4061279296875,1521.1069847737292,1840121
2013-03-29,1509.4061279296875,1521.1069847737292,1497.705271085646,1509.4061279296875,1229603
2013-04-01,1532.807861328125,1532.807861328125,1509.4061473391193,1521.1070043336222,2893993
2013-04-02,1544.5086669921875,1556.2093604514669,1532.8078103865528,1532.8078103865528,5435839
2013-04-03,1532.807861328125,1556.2094121707698,1532.807861328125,1544.5087183226278,1969877
2013-04-04,1521.10693359375,1532.8077900440985,1521.10693359375,1532.8077900440985,4999224
2013-04-05,1521.10693359375,1532.8077900440985,1509.4060771434017,1521.10693359375,4535196
2013-04-08,1544.5086669921875,1544.5086669921875,1532.8078103865528,1532.8078103865528,2657210
2013-04-09,1567.910400390625,1567.910400390625,1544.5088475894008,1556.2095424168258,4194243
2013-04-10,1521.10693359375,1567.9101962487903,1521.10693359375,1567.9101962487903,2900675
2013-04-11,1532.807861328125,1544.5087183226278,1521.1070043336222,1532.807861328125,2350066
2013-04-12,1521.10693359375,1544.5086464944468,1509.4060771434017,1532.8077900440985,3678757
2013-04-15,1509.4061279296875,1532.807841617771,1497.705271085646,1532.807841617771,4253981
2013-04-16,1509.4061279296875,1521.1069847737292,1497.705271085646,1509.4061279296875,4403441
2013-04-17,1509.4061279296875,1521.1069847737292,1509.4061279296875,1509.4061279296875,1520527
2013-04-18,1497.705078125,1509.4059334615322,1497.705078125,1509.4059334615322,1893406
2013-04-19,1497.705078125,1497.705078125,1497.705078125,1497.705078125,0
2013-04-22,1497.705078125,1509.4059334615322,1497.705078125,1497.705078125,1908426
2013-04-23,1509.4061279296875,1521.1069847737292,1497.705271085646,1497.705271085646,1639546
2013-04-24,1497.705078125,1521.1067887980641,1497.705078125,1521.1067887980641,3308049
2013-04-25,1509.4061279296875,1521.1069847737292,1497.705271085646,1509.4061279296875,2058228
2013-04-26,1509.4061279296875,1521.1069847737292,1509.4061279296875,1509.4061279296875,1712363
2013-04-29,1509.4061279296875,1509.4061279296875,1509.4061279296875,1509.4061279296875,0
2013-04-30,1509.4061279296875,1509.4061279296875,1509.4061279296875,1509.4061279296875,0
2013-05-01,1509.4061279296875,1509.4061279296875,1509.4061279296875,1509.4061279296875,0
2013-05-02,1497.705078125,1521.1067887980641,1497.705078125,1509.4059334615322,2097235
2013-05-03,1521.10693359375,1521.10693359375,1497.7052206930534,1497.7052206930534,3701031
2013-05-06,1532.807861328125,1532.807861328125,1509.4061473391193,1521.1070043336222,3531125
2013-05-07,1521.10693359375,1544.5086464944468,1521.10693359375,1544.5086464944468,227862
2013-05-08,1521.10693359375,1521.10693359375,1509.4060771434017,1521.10693359375,3091255
2013-05-09,1521.10693359375,1521.10693359375,1509.4060771434017,1509.4060771434017,2686965
2013-05-10,1521.10693359375,1532.8077900440985,1509.4060771434017,1521.10693359375,2157887
2013-05-13,1509.4061279296875,1532.807841617771,1509.4061279296875,1521.1069847737292,1804255
2013-05-14,1521.291015625,1533.1761366401993,1521.291015625,1533.1761366401993,2446755
2013-05-15,1545.0614013671875,1556.9465234878655,1521.291157125832,1533.1762792465097,3192056
2013-05-16,1545.0614013671875,1556.9465234878655,1533.1762792465097,1533.1762792465097,1794832
2013-05-17,1545.0614013671875,1556.9465234878655,1533.1762792465097,1533.1762792465097,2228020
2013-05-20,1545.0614013671875,1545.0614013671875,1533.1762792465097,1533.1762792465097,2432763
2013-05-21,1545.0614013671875,1556.9465234878655,1545.0614013671875,1545.0614013671875,3465561
2013-05-22,1556.946533203125,1568.8316553979655,1545.0614110082847,1556.946533203125,3318272
2013-05-23,1545.0614013671875,1568.8316456085433,1545.0614013671875,1556.9465234878655,2617175
2013-05-24,1545.0614013671875,1556.9465234878655,1545.0614013671875,1545.0614013671875,2242469
2013-05-27,1568.83154296875,1580.716498596272,1556.9464216256486,1556.9464216256486,4941085
2013-05-28,1568.83154296875,1580.716498596272,1556.9464216256486,1568.83154296875,1426008
2013-05-29,1568.83154296875,1580.716498596272,1556.9464216256486,1568.83154296875,4208349
2013-05-30,1568.83154296875,1568.83154296875,1556.9464216256486,1568.83154296875,1524182
2013-05-31,1592.6019287109375,1616.3721760056847,1580.716805063564,1580.716805063564,9404493
2013-06-03,1580.7166748046875,1592.601797472668,1580.7166748046875,1580.7166748046875,3248996
2013-06-04,1556.946533203125,1580.7166118772147,1556.946533203125,1580.7166118772147,2968409
2013-06-05,1568.83154296875,1568.83154296875,1545.061300282547,1556.9464216256486,2657439
2013-06-06,1568.83154296875,1580.716498596272,1556.9464216256486,1568.83154296875,4370545
2013-06-07,1592.6019287109375,1592.6019287109375,1568.8318471318019,1568.8318471318019,6806392
2013-06-10,1592.6019287109375,1616.3721760056847,1592.6019287109375,1616.3721760056847,4916013
2013-06-11,1580.7166748046875,1604.4869201406486,1580.7166748046875,1592.601797472668,3796635
2013-06-12,1580.7166748046875,1592.601797472668,1568.8317178523046,1580.7166748046875,4304239
2013-06-13,1568.83154296875,1580.716498596272,1556.9464216256486,1580.716498596272,2781370
2013-06-14,1568.83154296875,1580.716498596272,1568.83154296875,1580.716498596272,2346811
2013-06-17,1545.0614013671875,1568.8316456085433,1545.0614013671875,1568.8316456085433,5872168
2013-06-18,1545.0614013671875,1556.9465234878655,1533.1762792465097,1545.0614013671875,3519874
2013-06-19,1556.946533203125,1568.8316553979655,1545.0614110082847,1545.0614110082847,2885712
2013-06-20,1545.0614013671875,1568.8316456085433,1545.0614013671875,1556.9465234878655,4369631
2013-06-21,1545.0614013671875,1556.9465234878655,1545.0614013671875,1545.0614013671875,3062528
2013-06-24,1556.946533203125,1556.946533203125,1545.0614110082847,1556.946533203125,4017826
2013-06-25,1545.0614013671875,1556.9465234878655,1533.1762792465097,1545.0614013671875,10135744
2013-06-26,1545.0614013671875,1556.9465234878655,1533.1762792465097,1545.0614013671875,2969894
2013-06-27,1568.83154296875,1568.83154296875,1545.061300282547,1545.061300282547,3035743
2013-06-28,1568.83154296875,1568.83154296875,1545.061300282547,1556.9464216256486,2072049
2013-07-01,1545.0614013671875,1556.9465234878655,1545.0614013671875,1545.0614013671875,1606536
2013-07-02,1556.946533203125,1556.946533203125,1545.0614110082847,1545.0614110082847,2908214
2013-07-03,1556.946533203125,1556.946533203125,1545.0614110082847,1545.0614110082847,4746165
2013-07-04,1556.946533203125,1568.8316553979655,1545.0614110082847,1556.946533203125,1980671
2013-07-05,1556.946533203125,1568.8316553979655,1556.946533203125,1556.946533203125,2175306
2013-07-08,1556.946533203125,1568.8316553979655,1545.0614110082847,1556.946533203125,2346640
2013-07-09,1556.946533203125,1556.946533203125,1545.0614110082847,1545.0614110082847,1684607
2013-07-10,1556.946533203125,1568.8316553979655,1545.0614110082847,1556.946533203125,1966565
2013-07-11,1556.946533203125,1556.946533203125,1556.946533203125,1556.946533203125,2055373
2013-07-12,1556.946533203125,1568.8316553979655,1556.946533203125,1556.946533203125,1654452
2013-07-15,1568.83154296875,1568.83154296875,1545.061300282547,1556.9464216256486,1640803
2013-07-16,1568.83154296875,1568.83154296875,1556.9464216256486,1568.83154296875,1787122
2013-07-17,1568.83154296875,1568.83154296875,1556.9464216256486,1556.9464216256486,1018234
2013-07-18,1556.946533203125,1568.8316553979655,1556.946533203125,1556.946533203125,1001786
2013-07-19,1568.83154296875,1568.83154296875,1556.9464216256486,1568.83154296875,2186157
2013-07-22,1556.946533203125,1568.8316553979655,1556.946533203125,1568.8316553979655,1529836
2013-07-23,1556.946533203125,1568.8316553979655,1556.946533203125,1556.946533203125,741930
2013-07-24,1556.946533203125,1568.8316553979655,1556.946533203125,1556.946533203125,2935570
2013-07-25,1545.0614013671875,1568.8316456085433,1545.0614013671875,1556.9465234878655,2043151
2013-07-26,1545.0614013671875,1568.8316456085433,1545.0614013671875,1556.9465234878655,3368130
2013-07-29,1556.946533203125,1568.8316553979655,1545.0614110082847,1556.946533203125,2234131
2013-07-30,1556.946533203125,1568.8316553979655,1545.0614110082847,1556.946533203125,2747217
2013-07-31,1556.946533203125,1568.8316553979655,1556.946533203125,1556.946533203125,1923389
2013-08-01,1556.946533203125,1568.8316553979655,1556.946533203125,1556.946533203125,4314347
2013-08-02,1556.946533203125,1568.8316553979655,1545.0614110082847,1556.946533203125,1515958
2013-08-05,1556.946533203125,1556.946533203125,1556.946533203125,1556.946533203125,3642606
2013-08-06,1568.83154296875,1568.83154296875,1556.9464216256486,1556.9464216256486,1273350
2013-08-07,1556.946533203125,1568.8316553979655,1556.946533203125,1556.946533203125,1593344
2013-08-08,1568.83154296875,1568.83154296875,1556.9464216256486,1556.9464216256486,801383
2013-08-09,1556.946533203125,1568.8316553979655,1556.946533203125,1556.946533203125,1634292
2013-08-12,1556.946533203125,1568.8316553979655,1556.946533203125,1556.946533203125,546667
2013-08-13,1556.946533203125,1568.8316553979655,1556.946533203125,1556.946533203125,1152617
2013-08-14,1556.946533203125,1568.8316553979655,1556.946533203125,1556.946533203125,2689021
2013-08-15,1568.83154296875,1568.83154296875,1556.9464216256486,1556.9464216256486,2826373
2013-08-16,1556.946533203125,1568.8316553979655,1556.946533203125,1568.8316553979655,2089697
2013-08-19,1568.83154296875,1580.716498596272,1556.9464216256486,1556.9464216256486,4783001
2013-08-20,1568.83154296875,1580.716498596272,1556.9464216256486,1568.83154296875,812463
2013-08-21,1568.83154296875,1568.83154296875,1556.9464216256486,1568.83154296875,2348067
2013-08-22,1568.83154296875,1568.83154296875,1556.9464216256486,1556.9464216256486,1185056
2013-08-23,1556.946533203125,1568.8316553979655,1556.946533203125,1556.946533203125,2538476
2013-08-26,1556.946533203125,1556.946533203125,1545.0614110082847,1556.946533203125,2678284
2013-08-27,1556.946533203125,1568.8316553979655,1545.0614110082847,1556.946533203125,1725784
2013-08-28,1556.946533203125,1556.946533203125,1533.1762888134444,1556.946533203125,2066738
2013-08-29,1545.0614013671875,1556.9465234878655,1545.0614013671875,1545.0614013671875,598410
2013-08-30,1556.946533203125,1556.946533203125,1545.0614110082847,1545.0614110082847,630335
2013-09-02,1556.946533203125,1556.946533203125,1556.946533203125,1556.946533203125,0
2013-09-03,1545.0614013671875,1556.9465234878655,1545.0614013671875,1556.9465234878655,1171292
2013-09-04,1545.0614013671875,1556.9465234878655,1533.1762792465097,1545.0614013671875,402919
2013-09-05,1545.0614013671875,1556.9465234878655,1533.1762792465097,1545.0614013671875,1348565
2013-09-06,1556.946533203125,1556.946533203125,1545.0614110082847,1545.0614110082847,903898
2013-09-09,1533.1763916015625,1556.9466375848622,1533.1763916015625,1545.0615145932122,2026589
2013-09-10,1545.0614013671875,1556.9465234878655,1533.1762792465097,1545.0614013671875,1120406
2013-09-11,1545.0614013671875,1556.9465234878655,1545.0614013671875,1545.0614013671875,1786608
2013-09-12,1545.0614013671875,1556.9465234878655,1533.1762792465097,1545.0614013671875,3221183
2013-09-13,1545.0614013671875,1556.9465234878655,1533.1762792465097,1545.0614013671875,2964639
2013-09-16,1545.0614013671875,1556.9465234878655,1533.1762792465097,1545.0614013671875,1206815
2013-09-17,1545.0614013671875,1556.9465234878655,1545.0614013671875,1545.0614013671875,1314013
2013-09-18,1545.0614013671875,1556.9465234878655,1533.1762792465097,1545.0614013671875,1431319
2013-09-19,1545.0614013671875,1556.9465234878655,1545.0614013671875,1545.0614013671875,1267867
2013-09-20,1556.946533203125,1556.946533203125,1533.1762888134444,1545.0614110082847,1984098
2013-09-23,1556.946533203125,1556.946533203125,1533.1762888134444,1556.946533203125,1050730
2013-09-24,1568.83154296875,1568.83154296875,1556.9464216256486,1556.9464216256486,1947775
2013-09-25,1604.48681640625,1616.3719383058256,1556.9464945235352,1568.8316164231107,8087567
2013-09-26,1604.48681640625,1616.3719383058256,1592.6016945066747,1616.3719383058256,2427909
2013-09-27,1592.6019287109375,1616.3721760056847,1592.6019287109375,1604.487052358311,2459777
2013-09-30,1604.48681640625,1604.48681640625,1592.6016945066747,1592.6016945066747,2112884
2013-10-01,1628.25732421875,1640.1422823298217,1604.4870765653786,1604.4870765653786,7413141
2013-10-02,1640.1419677734375,1652.0270893207226,1628.2570119417348,1628.2570119417348,6912791
2013-10-03,1628.25732421875,1652.0274061565074,1628.25732421875,1652.0274061565074,5463309
2013-10-04,1628.25732421875,1640.1422823298217,1616.3722003920643,1628.25732421875,3489662
2013-10-07,1628.25732421875,1640.1422823298217,1616.3722003920643,1616.3722003920643,3605883
2013-10-08,1652.027099609375,1663.9122212306793,1640.1419779880707,1640.1419779880707,9376623
2013-10-09,1640.1419677734375,1663.9122108680074,1640.1419677734377,1652.0270893207226,6171488
2013-10-10,1628.25732421875,1652.0274061565074,1628.25732421875,1640.1422823298217,2999534
2013-10-11,1628.25732421875,1640.1422823298217,1616.3722003920643,1628.25732421875,3720220
2013-10-14,1640.1419677734375,1640.1419677734377,1628.2570119417348,1640.1419677734377,2760753
2013-10-15,1640.1419677734375,1640.1419677734377,1628.2570119417348,1640.1419677734377,9233616
2013-10-16,1649.150634765625,1674.718778477326,1649.150634765625,1661.934618664739,3533857
2013-10-17,1674.71875,1674.71875,1649.1506067230662,1661.9345904047982,2559241
2013-10-18,1674.71875,1674.71875,1649.1506067230662,1661.9345904047982,832639
2013-10-21,1649.150634765625,1674.718778477326,1649.150634765625,1674.718778477326,2533145
2013-10-22,1649.150634765625,1661.934618664739,1636.3664749530383,1649.150634765625,2484392
2013-10-23,1649.150634765625,1661.934618664739,1649.150634765625,1649.150634765625,1018240
2013-10-24,1649.150634765625,1661.934618664739,1649.150634765625,1649.150634765625,2214135
2013-10-25,1649.150634765625,1649.150634765625,1636.3664749530383,1649.150634765625,346627
2013-10-28,1636.3665771484375,1649.1507377594287,1636.3665771484375,1649.1507377594287,1253834
2013-10-29,1623.5823974609375,1636.3665579217197,1623.5823974609377,1636.3665579217197,1028385
2013-10-30,1636.3665771484375,1636.3665771484375,1623.582416537446,1623.582416537446,328253
2013-10-31,1623.5823974609375,1636.3665579217197,1623.5823974609377,1636.3665579217197,453941
2013-11-01,1623.5823974609375,1636.3665579217197,1623.5823974609377,1623.5823974609377,825087
2013-11-04,1636.3665771484375,1636.3665771484375,1598.0142712289473,1623.582416537446,2803402
2013-11-05,1623.5823974609375,1636.3665579217197,1623.5823974609377,1636.3665579217197,781688
2013-11-06,1636.3665771484375,1649.1507377594287,1623.582416537446,1623.582416537446,2407176
2013-11-07,1623.5823974609375,1649.1507183825017,1623.5823974609377,1636.3665579217197,2053728
2013-11-08,1623.5823974609375,1636.3665579217197,1623.5823974609377,1623.5823974609377,1454371
2013-11-11,1636.3665771484375,1636.3665771484375,1623.582416537446,1623.582416537446,1557345
2013-11-12,1623.5823974609375,1649.1507183825017,1623.5823974609377,1649.1507183825017,4108245
2013-11-13,1623.5823974609375,1636.3665579217197,1610.7982370001555,1636.3665579217197,1211563
2013-11-14,1623.5823974609375,1636.3665579217197,1610.7982370001555,1623.5823974609377,1106673
2013-11-15,1623.5823974609375,1636.3665579217197,1610.7982370001555,1623.5823974609377,2254321
2013-11-18,1636.3665771484375,1649.1507377594287,1610.7982559264549,1623.582416537446,3359134
2013-11-19,1636.3665771484375,1636.3665771484375,1623.582416537446,1636.3665771484375,1543537
2013-11-20,1649.150634765625,1649.150634765625,1623.5823151404513,1623.5823151404513,1200629
2013-11-21,1636.3665771484375,1661.9347224569362,1636.3665771484375,1636.3665771484375,4269047
2013-11-22,1649.150634765625,1649.150634765625,1636.3664749530383,1649.150634765625,831117
2013-11-25,1636.3665771484375,1649.1507377594287,1636.3665771484375,1649.1507377594287,2014556
2013-11-26,1636.3665771484375,1649.1507377594287,1623.582416537446,1636.3665771484375,1982993
2013-11-27,1636.3665771484375,1649.1507377594287,1636.3665771484375,1649.1507377594287,998626
2013-11-28,1636.3665771484375,1649.1507377594287,1623.582416537446,1636.3665771484375,1596799
2013-11-29,1623.5823974609375,1636.3665579217197,1623.5823974609377,1636.3665579217197,1081648
2013-12-02,1623.5823974609375,1636.3665579217197,1623.5823974609377,1636.3665579217197,522647
2013-12-03,1636.3665771484375,1649.1507377594287,1623.582416537446,1636.3665771484375,2144978
2013-12-04,1623.5823974609375,1649.1507183825017,1623.5823974609377,1649.1507183825017,1186256
2013-12-05,1636.3665771484375,1636.3665771484375,1623.582416537446,1636.3665771484375,1771466
2013-12-06,1636.3665771484375,1636.3665771484375,1623.582416537446,1636.3665771484375,1530517
2013-12-09,1623.5823974609375,1636.3665579217197,1610.7982370001555,1636.3665579217197,4344685
2013-12-10,1623.5823974609375,1636.3665579217197,1610.7982370001555,1623.5823974609377,1676495
2013-12-11,1598.01416015625,1623.5823036875913,1598.01416015625,1623.5823036875913,1906171
2013-12-12,1610.7979736328125,1623.58213200337,1598.0139911757083,1610.7979736328125,1330882
2013-12-13,1623.5823974609375,1623.5823974609377,1610.7982370001555,1610.7982370001555,1956897
2013-12-16,1623.5823974609375,1623.5823974609377,1610.7982370001555,1610.7982370001555,2634090
2013-12-17,1623.5823974609375,1636.3665579217197,1610.7982370001555,1623.5823974609377,1235517
2013-12-18,1610.7979736328125,1636.366290373927,1598.0139911757083,1610.7979736328125,2457113
2013-12-19,1610.7979736328125,1623.58213200337,1610.7979736328125,1623.58213200337,2314516
2013-12-20,1610.7979736328125,1610.7979736328125,1598.0139911757083,1610.7979736328125,3817810
2013-12-23,1598.01416015625,1623.5823036875913,1598.01416015625,1610.7981439651849,2119672
2013-12-24,1610.7979736328125,1610.7979736328125,1598.0139911757083,1598.0139911757083,1275872
2013-12-25,1598.01416015625,1610.7981439651849,1598.01416015625,1610.7981439651849,1118565
2013-12-26,1598.01416015625,1610.7981439651849,1598.01416015625,1598.01416015625,3753219
2013-12-27,1598.01416015625,1610.7981439651849,1598.01416015625,1598.01416015625,1354441
2013-12-30,1598.01416015625,1610.7981439651849,1585.2300004338435,1598.01416015625,3268504
2013-12-31,1623.5823974609375,1623.5823974609377,1585.2300919920733,1598.0142524528553,2752451
2014-01-01,1623.5823974609375,1623.5823974609377,1623.5823974609377,1623.5823974609377,0
2014-01-02,1598.01416015625,1623.5823036875913,1598.01416015625,1610.7981439651849,704922
2014-01-03,1598.01416015625,1610.7981439651849,1598.01416015625,1598.01416015625,1201305
2014-01-06,1598.01416015625,1610.7981439651849,1598.01416015625,1598.01416015625,1526628
2014-01-07,1636.3665771484375,1661.9347224569362,1623.582416537446,1623.582416537446,8571911
2014-01-08,1623.5823974609375,1636.3665579217197,1623.5823974609377,1636.3665579217197,3642975
2014-01-09,1623.5823974609375,1636.3665579217197,1623.5823974609377,1623.5823974609377,2378205
2014-01-10,1623.5823974609375,1649.1507183825017,1623.5823974609377,1623.5823974609377,4160606
2014-01-13,1610.7979736328125,1636.366290373927,1610.7979736328125,1636.366290373927,3102122
2014-01-14,1623.5823974609375,1636.3665579217197,1623.5823974609377,1623.5823974609377,4126957
2014-01-15,1636.3665771484375,1636.3665771484375,1623.582416537446,1636.3665771484375,2708826
2014-01-16,1623.5823974609375,1636.3665579217197,1623.5823974609377,1623.5823974609377,2501695
2014-01-17,1687.5030517578125,1725.8553578609135,1636.366584982516,1636.366584982516,17415827
2014-01-20,1700.2872314453125,1738.6395379773298,1700.2872314453125,1700.2872314453125,9091966
2014-01-21,1751.423583984375,1751.423583984375,1700.2872907665837,1725.8554373754794,15213415
2014-01-22,1751.423583984375,1776.9919065067634,1738.6395986366736,1738.6395986366736,16617005
2014-01-23,1751.423583984375,1764.2077452455692,1738.6395986366736,1751.423583984375,8046897
2014-01-24,1751.423583984375,1764.2077452455692,1738.6395986366736,1751.423583984375,8290213
2014-01-27,1764.20751953125,1764.20751953125,1738.639376193566,1738.639376193566,3114353
2014-01-28,1764.20751953125,1764.20751953125,1764.20751953125,1764.20751953125,0
2014-01-29,1764.20751953125,1764.20751953125,1764.20751953125,1764.20751953125,0
2014-01-30,1764.20751953125,1764.20751953125,1764.20751953125,1764.20751953125,0
2014-01-31,1764.20751953125,1764.20751953125,1764.20751953125,1764.20751953125,0
2014-02-03,1764.20751953125,1764.20751953125,1764.20751953125,1764.20751953125,0
2014-02-04,1764.20751953125,1764.20751953125,1764.20751953125,1764.20751953125,0
2014-02-05,1764.20751953125,1764.20751953125,1764.20751953125,1764.20751953125,0
2014-02-06,1751.423583984375,1764.2077452455692,1738.6395986366736,1764.2077452455692,3260500
2014-02-07,1751.423583984375,1776.9919065067634,1751.423583984375,1751.423583984375,7758942
2014-02-10,1764.20751953125,1776.991679156827,1751.423359905673,1751.423359905673,7332167
2014-02-11,1751.423583984375,1776.9919065067634,1751.423583984375,1764.2077452455692,13624281
2014-02-12,1789.77587890625,1802.559862904953,1751.4233991697188,1764.2075590818959,17704008
2014-02-13,1879.2646484375,1879.2646484375002,1815.3440247229812,1815.3440247229812,38619707
2014-02-14,1892.0487060546875,1917.6168486098686,1879.2645468203643,1904.8326893755457,14840241
2014-02-17,1853.6964111328125,1892.0488926174737,1840.9124265514076,1892.0488926174737,18273943
2014-02-18,1866.4803466796875,1866.4803466796873,1840.9122046848652,1840.9122046848652,18287808
2014-02-19,1866.4803466796875,1866.4803466796873,1866.4803466796873,1866.4803466796873,0
2014-02-20,1917.6168212890625,1994.3214237752402,1892.0486790981574,1930.4009803412462,37534451
2014-02-21,1904.8326416015625,1943.1849424291756,1892.048658601332,1917.6168005152538,11311681
2014-02-24,1917.6168212890625,1917.6168212890625,1892.0486790981574,1917.6168212890625,13050062
2014-02-25,1943.1854248046875,1955.9695868919134,1892.0491282827916,1904.8331144565136,20447441
2014-02-26,1968.753173828125,1981.5373321805905,1943.1848571231942,1955.9690154756597,23377208
2014-02-27,1994.321533203125,2045.4579963042413,1955.9692298556556,1968.7533896093028,35040590
2014-02-28,1981.53759765625,2007.1057418732094,1968.753437591032,1994.3215818079914,15318756
2014-03-03,1917.6168212890625,1981.5374406365188,1917.6168212890625,1981.5374406365188,16742580
2014-03-04,1917.6168212890625,1917.6168212890625,1866.48036099379,1904.8326622368788,13857734
2014-03-05,1930.401123046875,1943.1851071306571,1917.6169630496174,1917.6169630496174,13129139
2014-03-06,1930.401123046875,1943.1851071306571,1917.6169630496174,1930.4011230468748,6597428
2014-03-07,1917.6168212890625,1943.1849634799676,1904.8326622368788,1930.4009803412462,9356530
2014-03-10,1930.401123046875,1943.1851071306571,1904.8328030523598,1917.6169630496174,14640493
2014-03-11,1943.1854248046875,1955.9695868919134,1917.6172765437395,1930.4014386309657,13508400
2014-03-12,1930.401123046875,1968.753427125172,1930.4011230468748,1943.1851071306571,12666743
2014-03-13,1930.401123046875,1943.1851071306571,1917.6169630496174,1917.6169630496174,9813910
2014-03-14,1930.401123046875,1955.9692671279147,1917.6169630496174,1930.4011230468748,14888430
2014-03-17,1930.401123046875,1955.9692671279147,1930.4011230468748,1943.1851071306571,10363780
2014-03-18,1955.9693603515625,1955.9693603515625,1917.617054445352,1943.1851997449978,16430108
2014-03-19,2045.4581298828125,2045.4581298828127,1955.9693575901658,1968.753518178682,42507012
2014-03-20,2032.6739501953125,2096.5943951784707,2019.8897908332942,2045.4579336438642,31368025
2014-03-21,2096.5947265625,2122.1630493278203,2032.6742714761883,2032.6742714761883,38521298
2014-03-24,2147.73095703125,2160.5151169904025,2109.3786530672674,2109.3786530672674,30335242
2014-03-25,2083.810791015625,2160.5154093222254,2083.810791015625,2160.5154093222254,27451974
2014-03-26,2019.8900146484375,2096.594627492915,2007.1058538698624,2096.594627492915,28985366
2014-03-27,2045.4581298828125,2045.4581298828127,1994.321663442231,2019.8899846192637,15843884
2014-03-28,2058.241943359375,2071.0261017919083,2032.673802407762,2045.4577849268417,9275031
2014-03-31,2032.6739501953125,2071.0262523679007,2032.6739501953125,2071.0262523679007,11872993
2014-04-01,1981.53759765625,2032.6740620036453,1968.753437591032,2019.8899019384273,18789714
2014-04-02,1981.53759765625,2007.1057418732094,1943.185117460596,1981.5375976562498,14260668
2014-04-03,2019.8900146484375,2019.8900146484373,1981.5377082261984,1994.3216930912872,5505860
2014-04-04,1994.321533203125,2019.8898527104193,1981.53754936295,1994.321533203125,4378559
2014-04-07,2007.105712890625,2032.6740326518545,1994.3215530100101,2007.105712890625,7225248
2014-04-08,2007.105712890625,2032.6740326518545,1994.3215530100101,2007.105712890625,7054752
2014-04-09,2007.105712890625,2007.105712890625,2007.105712890625,2007.105712890625,0
2014-04-10,1981.53759765625,2019.8899019384273,1968.753437591032,2007.1057418732094,11030715
2014-04-11,1981.53759765625,1981.5375976562498,1955.969277525814,1981.5375976562498,7456840
2014-04-14,1968.753173828125,1994.3213146196033,1968.7531738281252,1994.3213146196033,8907830
2014-04-15,1904.8326416015625,1968.753260256558,1904.8326416015625,1955.9691013428667,15606937
2014-04-16,1866.4803466796875,1904.832647628651,1802.5597278224407,1904.832647628651,17465370
2014-04-17,1866.4803466796875,1892.0486645879705,1853.6961877255458,1892.0486645879705,8546717
2014-04-18,1776.99169921875,1866.4804657811621,1776.99169921875,1866.4804657811621,20245269
2014-04-21,1776.99169921875,1815.3440026150022,1751.423379678934,1776.99169921875,7258952
2014-04-22,1776.99169921875,1776.99169921875,1776.99169921875,1776.99169921875,0
2014-04-23,1815.343994140625,1853.696297357841,1815.3439941406252,1840.9123135610835,4476629
2014-04-24,1789.77587890625,1828.1281827293071,1789.77587890625,1815.34402281713,4726708
2014-04-25,1802.5595703125,1815.3437281495455,1789.7755883889,1789.7755883889,3723967
2014-04-28,1789.77587890625,1815.34402281713,1789.77587890625,1802.559862904953,2438175
2014-04-29,1789.77587890625,1802.559862904953,1776.991718994073,1789.77587890625,1986995
2014-04-30,1789.77587890625,1789.77587890625,1789.77587890625,1789.77587890625,0
2014-05-01,1789.77587890625,1789.77587890625,1789.77587890625,1789.77587890625,0
2014-05-02,1789.77587890625,1789.77587890625,1789.77587890625,1789.77587890625,0
2014-05-05,1764.20751953125,1789.7758387824044,1738.639376193566,1789.7758387824044,3652500
2014-05-06,1738.639404296875,1751.4233882156218,1700.2871007136885,1751.4233882156218,10442237
2014-05-07,1751.423583984375,1764.2077452455692,1725.8554373754794,1751.423583984375,2234087
2014-05-08,1649.150634765625,1713.0710820016136,1636.3664749530383,1713.0710820016136,37321515
2014-05-09,1700.2872314453125,1713.0712163469939,1661.9347489998086,1661.9347489998086,4964670
2014-05-12,1649.150634765625,1674.718778477326,1610.7981553278646,1674.718778477326,18293106
2014-05-13,1661.9345703125,1674.7187297531452,1649.1505867853227,1649.1505867853227,6989146
2014-05-14,1700.2872314453125,1700.2872314453125,1649.1507640981272,1661.9347489998086,6691328
2014-05-15,1661.9345703125,1725.8551916022582,1636.3664273446775,1687.5028891937905,10755667
2014-05-16,1674.71875,1687.502909595202,1649.1506067230662,1661.9345904047982,3207238
2014-05-19,1687.5030517578125,1687.5030517578125,1649.1507456547113,1674.718891085617,4411192
2014-05-20,1687.5030517578125,1687.5030517578125,1661.934730413422,1661.934730413422,2957722
2014-05-21,1713.0709228515625,1725.855081476458,1661.9344642654369,1687.502781515228,7527237
2014-05-22,1713.0709228515625,1738.6392401013534,1700.2869401401235,1725.855081476458,8110530
2014-05-23,1713.0709228515625,1725.855081476458,1700.2869401401235,1713.0709228515625,2865514
2014-05-26,1700.2872314453125,1713.0712163469939,1674.7189098149765,1713.0712163469939,4483167
2014-05-27,1725.8551025390625,1725.8551025390625,1687.502802109775,1700.2869608906906,5709948
2014-05-28,1725.8551025390625,1751.4232441874346,1725.8551025390625,1738.639261319978,8796120
2014-05-29,1751.423583984375,1776.9919065067634,1725.8554373754794,1725.8554373754794,14819894
2014-05-30,1764.20751953125,1764.20751953125,1738.639376193566,1738.639376193566,4078655
2014-06-02,1713.0709228515625,1713.0709228515625,1713.0709228515625,1713.0709228515625,235436
2014-06-03,1713.0709228515625,1725.855081476458,1713.0709228515625,1713.0709228515625,2354364
2014-06-04,1700.2872314453125,1725.8553771621619,1687.5030706301445,1725.8553771621619,4767233
2014-06-05,1700.2872314453125,1674.7189098149765,1713.0712163469939,1687.5030706301445,2080274
2014-06-06,1725.8551025390625,1725.8551025390625,1700.2869608906906,1700.2869608906906,2634034
2014-06-09,1725.8551025390625,1751.4232441874346,1700.2869608906906,1725.8551025390625,9155712
2014-06-10,1725.8551025390625,1751.4232441874346,1713.0709437581472,1725.8551025390625,5720882
2014-06-11,1738.639404296875,1751.4233882156218,1713.0710846324353,1725.8552444646552,5544412
2014-06-12,1751.423583984375,1789.7760677679578,1738.6395986366736,1738.6395986366736,11175961
2014-06-13,1764.20751953125,1776.991679156827,1751.423359905673,1764.20751953125,1491345
2014-06-16,1738.639404296875,1764.2075480478418,1738.639404296875,1764.2075480478418,3776215
2014-06-17,1738.639404296875,1751.4233882156218,1738.639404296875,1738.639404296875,2971193
2014-06-18,1738.639404296875,1751.4233882156218,1738.639404296875,1738.639404296875,4428608
2014-06-19,1725.8551025390625,1738.639261319978,1700.2869608906906,1725.8551025390625,4097536
2014-06-20,1725.8551025390625,1738.639261319978,1725.8551025390625,1725.8551025390625,2163691
2014-06-23,1725.8551025390625,1738.639261319978,1713.0709437581472,1725.8551025390625,2962569
2014-06-24,1751.423583984375,1764.2077452455692,1725.8554373754794,1738.6395986366736,4705065
2014-06-25,1828.12841796875,1828.12841796875,1751.4236245389616,1764.2077860961758,19006596
2014-06-26,1815.343994140625,1828.1281538508542,1802.559834430396,1828.1281538508542,6235752
2014-06-27,1789.77587890625,1815.34402281713,1789.77587890625,1789.77587890625,4185969
2014-06-30,1764.20751953125,1789.7758387824044,1764.20751953125,1789.7758387824044,5163178
2014-07-01,1776.99169921875,1789.7758589886582,1764.207539448842,1764.207539448842,3752430
2014-07-02,1776.99169921875,1789.7758589886582,1764.207539448842,1776.99169921875,4960724
2014-07-03,1789.77587890625,1815.34402281713,1776.991718994073,1776.991718994073,12135810
2014-07-04,1802.5595703125,1802.5595703124998,1776.9914305518544,1802.5595703124998,6689355
2014-07-07,1815.343994140625,1828.1281538508542,1789.7758506336384,1802.559834430396,11901230
2014-07-08,1789.77587890625,1815.34402281713,1776.991718994073,1802.559862904953,6963896
2014-07-09,1789.77587890625,1802.559862904953,1789.77587890625,1802.559862904953,4675362
2014-07-10,1776.99169921875,1789.7758589886582,1751.423379678934,1789.7758589886582,7559138
2014-07-11,1776.99169921875,1776.99169921875,1751.423379678934,1776.99169921875,3698097
2014-07-14,1776.99169921875,1776.99169921875,1764.207539448842,1776.99169921875,1085030
2014-07-15,1789.77587890625,1802.559862904953,1776.991718994073,1802.559862904953,11606512
2014-07-16,1789.77587890625,1815.34402281713,1789.77587890625,1815.34402281713,20563604
2014-07-17,1776.99169921875,1789.7758589886582,1776.99169921875,1789.7758589886582,4448673
2014-07-18,1789.77587890625,1789.77587890625,1764.2075590818959,1776.991718994073,6297299
2014-07-21,1776.99169921875,1776.99169921875,1776.99169921875,1789.7758589886582,6309248
2014-07-22,1764.20751953125,1764.20751953125,1764.20751953125,1776.991679156827,3501844
2014-07-23,1776.99169921875,1776.99169921875,1776.99169921875,1776.99169921875,7667353
2014-07-24,1764.20751953125,1764.20751953125,1764.20751953125,1764.20751953125,4524819
2014-07-25,1764.20751953125,1764.20751953125,1764.20751953125,1776.991679156827,4954074
2014-07-28,1738.639404296875,1738.639404296875,1738.639404296875,1764.2075480478418,9420558
2014-07-29,1738.639404296875,1738.639404296875,1738.639404296875,1725.8552444646552,8068878
2014-07-30,1725.8551025390625,1725.8551025390625,1725.8551025390625,1738.639261319978,3947162
2014-07-31,1738.639404296875,1738.639404296875,1738.639404296875,1725.8552444646552,2822622
2014-08-01,1725.8551025390625,1725.8551025390625,1725.8551025390625,1738.639261319978,3862675
2014-08-04,1725.8551025390625,1725.8551025390625,1725.8551025390625,1725.8551025390625,3012112
2014-08-05,1751.423583984375,1751.423583984375,1751.423583984375,1738.6395986366736,2796864
2014-08-06,1738.639404296875,1738.639404296875,1738.639404296875,1751.4233882156218,6845535
2014-08-07,1764.20751953125,1764.20751953125,1764.20751953125,1738.639376193566,2750140
2014-08-08,1751.423583984375,1751.423583984375,1751.423583984375,1764.2077452455692,3977992
2014-08-11,1764.20751953125,1764.20751953125,1764.20751953125,1751.423359905673,5696421
2014-08-12,1764.20751953125,1764.20751953125,1764.20751953125,1751.423359905673,4819988
2014-08-13,1751.423583984375,1751.423583984375,1751.423583984375,1751.423583984375,6157634
2014-08-14,1764.20751953125,1764.20751953125,1764.20751953125,1751.423359905673,10005824
2014-08-15,1751.423583984375,1751.423583984375,1751.423583984375,1751.423583984375,4847718
2014-08-18,1751.423583984375,1751.423583984375,1751.423583984375,1751.423583984375,5908907
2014-08-19,1751.423583984375,1751.423583984375,1751.423583984375,1751.423583984375,8520396
2014-08-20,1764.20751953125,1764.20751953125,1764.20751953125,1751.423359905673,5053271
2014-08-21,1751.423583984375,1751.423583984375,1751.423583984375,1764.2077452455692,7083271
2014-08-22,1764.20751953125,1764.20751953125,1764.20751953125,1764.20751953125,5162389
2014-08-25,1776.99169921875,1776.99169921875,1776.99169921875,1776.99169921875,8970167
2014-08-26,1776.99169921875,1776.99169921875,1776.99169921875,1776.99169921875,8125297
2014-08-27,1764.20751953125,1764.20751953125,1764.20751953125,1776.991679156827,6013121
2014-08-28,1776.99169921875,1776.99169921875,1776.99169921875,1764.207539448842,4954806
2014-08-29,1789.77587890625,1789.77587890625,1789.77587890625,1776.991718994073,12994207
2014-09-01,1789.77587890625,1789.77587890625,1789.77587890625,1789.77587890625,0
2014-09-02,1789.77587890625,1789.77587890625,1789.77587890625,1789.77587890625,0
2014-09-03,1828.12841796875,1828.12841796875,1828.12841796875,1828.12841796875,11506300
2014-09-04,1815.343994140625,1815.3439941406252,1815.3439941406252,1815.3439941406252,6545237
2014-09-05,1815.343994140625,1815.3439941406252,1815.3439941406252,1815.3439941406252,5988829
2014-09-08,1802.5595703125,1828.127885986591,1802.5595703124998,1828.127885986591,7893422
2014-09-09,1776.99169921875,1802.559842845094,1776.99169921875,1802.559842845094,18873299
2014-09-10,1803.966064453125,1803.966064453125,1803.966064453125,1803.966064453125,10903964
2014-09-11,1803.966064453125,1803.966064453125,1803.966064453125,1803.966064453125,3546499
2014-09-12,1803.966064453125,1803.966064453125,1803.966064453125,1790.798413537689,6531347
2014-09-15,1790.79833984375,1790.79833984375,1790.79833984375,1803.9659902173182,3790663
2014-09-16,1790.79833984375,1790.79833984375,1790.79833984375,1790.79833984375,6963640
2014-09-17,1803.966064453125,1803.966064453125,1803.966064453125,1790.798413537689,9091999
2014-09-18,1790.79833984375,1790.79833984375,1790.79833984375,1790.79833984375,6414190
2014-09-19,1777.6309814453125,1777.6309814453125,1777.6309814453125,1777.6309814453125,3216698
2014-09-22,1764.46337890625,1777.6310305029256,1764.46337890625,1777.6310305029256,2106963
2014-09-23,1777.6309814453125,1777.6309814453125,1764.4633302120271,1764.4633302120271,3253306
2014-09-24,1790.79833984375,1790.79833984375,1777.6308653836436,1777.6308653836436,2187184
2014-09-25,1790.79833984375,1790.79833984375,1777.6308653836436,1777.6308653836436,5058923
2014-09-26,1790.79833984375,1790.79833984375,1790.79833984375,1790.79833984375,4066236
2014-09-29,1777.6309814453125,1790.7984567651245,1777.6309814453125,1790.7984567651245,3942896
2014-09-30,1790.79833984375,1790.79833984375,1777.6308653836436,1777.6308653836436,2774008
2014-10-01,1790.79833984375,1790.79833984375,1790.79833984375,1790.79833984375,6109341
2014-10-02,1803.966064453125,1803.966064453125,1790.798413537689,1790.798413537689,8191790
2014-10-03,1790.79833984375,1803.9659902173182,1790.79833984375,1803.9659902173182,5206997
2014-10-06,1817.1339111328125,1817.1339111328125,1803.9662587987932,1803.9662587987932,6621362
2014-10-07,1803.966064453125,1817.1337153685613,1803.966064453125,1817.1337153685613,1340272
2014-10-08,1803.966064453125,1803.966064453125,1803.966064453125,1803.966064453125,4656015
2014-10-09,1803.966064453125,1817.1337153685613,1803.966064453125,1817.1337153685613,2769357
2014-10-10,1803.966064453125,1803.966064453125,1803.966064453125,1803.966064453125,2134597
2014-10-13,1843.468994140625,1843.468994140625,1830.3013433898948,1830.3013433898948,19116712
2014-10-14,1817.1339111328125,1856.6368681348706,1817.1339111328125,1856.6368681348706,3880295
2014-10-15,1843.468994140625,1843.468994140625,1817.1336926391646,1817.1336926391646,6777480
2014-10-16,1830.301513671875,1830.301513671875,1830.301513671875,1830.301513671875,8877932
2014-10-17,1843.468994140625,1843.468994140625,1817.1336926391646,1817.1336926391646,7754791
2014-10-20,1817.1339111328125,1830.301563466832,1817.1339111328125,1830.301563466832,3665353
2014-10-21,1830.301513671875,1830.301513671875,1830.301513671875,1830.301513671875,3763248
2014-10-22,1830.301513671875,1843.4691656476568,1830.301513671875,1843.4691656476568,7281238
2014-10-23,1817.1339111328125,1830.301563466832,1817.1339111328125,1830.301563466832,5203824
2014-10-24,1830.301513671875,1830.301513671875,1817.1338616960932,1817.1338616960932,3742892
2014-10-27,1830.301513671875,1830.301513671875,1817.1338616960932,1817.1338616960932,4815909
2014-10-28,1830.301513671875,1830.301513671875,1817.1338616960932,1817.1338616960932,5285576
2014-10-29,1858.033447265625,1871.8993837203275,1858.033447265625,1871.8993837203275,3793563
2014-10-30,1816.435546875,1858.0333541545283,1816.435546875,1858.0333541545283,8797547
2014-10-31,1844.1676025390625,1844.1676025390625,1816.4357282502856,1816.4357282502856,9550558
2014-11-03,1830.3016357421875,1844.1675726619358,1830.3016357421875,1844.1675726619358,3105506
2014-11-04,1830.3016357421875,1830.3016357421875,1830.3016357421875,1830.3016357421875,860263
2014-11-05,1816.435546875,1830.3014826348428,1816.435546875,1830.3014826348428,2093995
2014-11-06,1816.435546875,1816.435546875,1816.435546875,1816.435546875,1548539
2014-11-07,1830.3016357421875,1830.3016357421875,1816.4356988224395,1816.4356988224395,4221862
2014-11-10,1816.435546875,1844.1674183946857,1816.435546875,1844.1674183946857,3247725
2014-11-11,1830.3016357421875,1830.3016357421875,1830.3016357421875,1830.3016357421875,2452141
2014-11-12,1830.3016357421875,1830.3016357421875,1830.3016357421875,1830.3016357421875,3589236
2014-11-13,1830.3016357421875,1830.3016357421875,1830.3016357421875,1830.3016357421875,1394993
2014-11-14,1830.3016357421875,1830.3016357421875,1830.3016357421875,1830.3016357421875,5060182
2014-11-17,1830.3016357421875,1830.3016357421875,1830.3016357421875,1830.3016357421875,6516572
2014-11-18,1816.435546875,1830.3014826348428,1816.435546875,1830.3014826348428,3045587
2014-11-19,1802.569580078125,1816.4355155992212,1802.569580078125,1816.4355155992212,4871232
2014-11-20,1788.70361328125,1816.435483838546,1788.70361328125,1816.435483838546,7105585
2014-11-21,1788.70361328125,1788.70361328125,1788.70361328125,1788.70361328125,10011744
2014-11-24,1760.971923828125,1774.8378605327916,1760.971923828125,1774.8378605327916,4504494
2014-11-25,1774.837890625,1774.8378906250002,1774.8378906250002,1774.8378906250002,3371667
2014-11-26,1760.971923828125,1774.8378605327916,1760.971923828125,1774.8378605327916,4359593
2014-11-27,1747.105712890625,1760.9716474188378,1747.105712890625,1760.9716474188378,2502758
2014-11-28,1774.837890625,1774.8378906250002,1774.8378906250002,1774.8378906250002,1964799
2014-12-01,1760.971923828125,1760.971923828125,1760.971923828125,1760.971923828125,1789529
2014-12-02,1760.971923828125,1760.971923828125,1760.971923828125,1760.971923828125,1910461
2014-12-03,1788.70361328125,1788.70361328125,1774.8376780026022,1774.8376780026022,3249585
2014-12-04,1844.1676025390625,1844.1676025390625,1788.7038539615087,1788.7038539615087,10948561
2014-12-05,1844.1676025390625,1858.033539683451,1844.1676025390625,1858.033539683451,3943224
2014-12-08,1816.435546875,1830.3014826348428,1816.435546875,1830.3014826348428,3056914
2014-12-09,1788.70361328125,1816.435483838546,1788.70361328125,1816.435483838546,7812357
2014-12-10,1788.70361328125,1788.70361328125,1788.70361328125,1788.70361328125,6851572
2014-12-11,1816.435546875,1816.435546875,1788.7036753553145,1788.7036753553145,8239178
2014-12-12,1802.569580078125,1816.4355155992212,1802.569580078125,1816.4355155992212,5572586
2014-12-15,1802.569580078125,1802.569580078125,1788.703644557029,1788.703644557029,1955387
2014-12-16,1774.837890625,1802.5697645045248,1774.8378906250002,1802.5697645045248,4012172
2014-12-17,1760.971923828125,1788.7037972374583,1760.971923828125,1788.7037972374583,8360056
2014-12-18,1774.837890625,1774.8378906250002,1760.9719536852378,1760.9719536852378,2624840
2014-12-19,1760.971923828125,1788.7037972374583,1760.971923828125,1788.7037972374583,3322582
2014-12-22,1774.837890625,1774.8378906250002,1760.9719536852378,1760.9719536852378,1884414
2014-12-23,1788.70361328125,1788.70361328125,1774.8376780026022,1774.8376780026022,5898119
2014-12-24,1802.569580078125,1802.569580078125,1802.569580078125,1802.569580078125,3817038
2014-12-25,1802.569580078125,1802.569580078125,1802.569580078125,1802.569580078125,2520104
2014-12-26,1788.70361328125,1802.569548559898,1788.70361328125,1802.569548559898,2221603
2014-12-29,1774.837890625,1802.5697645045248,1774.8378906250002,1802.5697645045248,3713288
2014-12-30,1774.837890625,1788.7038275647624,1774.8378906250002,1788.7038275647624,3456265
2014-12-31,1816.435546875,1816.435546875,1788.7036753553145,1788.7036753553145,4153953
2015-01-01,1816.435546875,1816.435546875,1816.435546875,1816.435546875,0
2015-01-02,1816.435546875,1816.435546875,1816.435546875,1816.435546875,0
2015-01-05,1802.569580078125,1816.4355155992212,1802.569580078125,1816.4355155992212,1853114
2015-01-06,1858.033447265625,1858.033447265625,1802.569701446815,1802.569701446815,15681350
2015-01-07,1871.8992919921875,1871.8992919921875,1871.8992919921875,1871.8992919921875,12230064
2015-01-08,1885.764892578125,1885.764892578125,1871.899143147648,1871.899143147648,4667890
2015-01-09,1982.826416015625,1982.826416015625,1885.76487425021,1885.76487425021,36608660
2015-01-12,1968.960693359375,2010.5585014495025,1968.9606933593748,2010.5585014495025,35333614
2015-01-13,2010.558837890625,2010.558837890625,1955.0950844893102,1955.0950844893102,26161558
2015-01-14,1982.826416015625,1996.6923505535412,1982.826416015625,1996.6923505535412,16922141
2015-01-15,1982.826416015625,1982.826416015625,1982.826416015625,1982.826416015625,24526396
2015-01-16,1941.228759765625,1968.9606309466567,1941.228759765625,1968.9606309466567,15634072
2015-01-19,1941.228759765625,1982.8265665371725,1941.228759765625,1982.8265665371725,15521840
2015-01-20,1955.0946044921875,1955.0946044921873,1941.2286695460975,1941.2286695460975,12355046
2015-01-21,1927.363037109375,1968.9608484766313,1927.363037109375,1968.9608484766313,9938856
2015-01-22,1996.6925048828125,1996.6925048828125,1927.3628268345692,1927.3628268345692,32912609
2015-01-23,2024.42431640625,2024.42431640625,2024.42431640625,2024.42431640625,41659704
2015-01-26,2024.42431640625,2038.2902516070226,2024.42431640625,2038.2902516070226,8996621
2015-01-27,1982.826416015625,2010.5582850914577,1982.826416015625,2010.5582850914577,30793934
2015-01-28,2066.022216796875,2066.022216796875,1968.9608424778921,1968.9608424778921,46845142
2015-01-29,2052.156005859375,2066.0219410891596,2052.156005859375,2066.0219410891596,29183068
2015-01-30,1968.960693359375,2024.4244374795448,1968.9606933593748,2024.4244374795448,20000779
2015-02-02,1941.228759765625,1982.8265665371725,1941.228759765625,1968.9606309466567,1549562
2015-02-03,1844.1676025390625,1955.0949144519336,1844.1676025390625,1941.228977307545,2621321
2015-02-04,1871.8992919921875,1885.7650425252032,1816.4355488912515,1844.1674204417195,2071433
2015-02-05,1885.764892578125,1899.6308272508056,1871.899143147648,1871.899143147648,571469
2015-02-06,1913.4970703125,1913.4970703125,1871.8994448325748,1885.7651964977274,666831
2015-02-09,1927.363037109375,1941.228974231794,1899.6311628645374,1913.4970999869563,1150096
2015-02-10,1941.228759765625,1968.9606309466567,1927.3628241751092,1941.228759765625,921298
2015-02-11,1955.0946044921875,1955.0946044921873,1941.2286695460975,1941.2286695460975,446274
2015-02-12,1941.228759765625,1955.0946953561408,1927.3628241751092,1955.0946953561408,639547
2015-02-13,1927.363037109375,1968.9608484766313,1927.363037109375,1955.0949113542126,586255
2015-02-16,1927.363037109375,1927.363037109375,1927.363037109375,1927.363037109375,0
2015-02-17,1927.363037109375,1927.363037109375,1927.363037109375,1927.363037109375,0
2015-02-18,1927.363037109375,1927.363037109375,1927.363037109375,1927.363037109375,0
2015-02-19,1927.363037109375,1927.363037109375,1927.363037109375,1927.363037109375,0
2015-02-20,1927.363037109375,1927.363037109375,1927.363037109375,1927.363037109375,0
2015-02-23,1927.363037109375,1927.363037109375,1927.363037109375,1927.363037109375,0
2015-02-24,1927.363037109375,1927.363037109375,1927.363037109375,1927.363037109375,0
2015-02-25,1955.0946044921875,2010.558344276547,1955.0946044921873,1996.6924093304572,1463448
2015-02-26,1982.826416015625,1982.826416015625,1955.094546939792,1968.9604814777085,769268
2015-02-27,1955.0946044921875,1982.8264743843672,1941.2286695460975,1982.8264743843672,483571
2015-03-02,1941.228759765625,1968.9606309466567,1927.3628241751092,1941.228759765625,764288
2015-03-03,1955.0946044921875,1968.9605394382772,1941.2286695460975,1941.2286695460975,700555
2015-03-04,1955.0946044921875,1955.0946044921873,1927.3627346000076,1955.0946044921873,635388
2015-03-05,1927.363037109375,1955.0949113542126,1927.363037109375,1941.228974231794,833745
2015-03-06,1941.228759765625,1955.0946953561408,1927.3628241751092,1941.228759765625,636143
2015-03-09,1927.363037109375,1955.0949113542126,1927.363037109375,1941.228974231794,836985
2015-03-10,1927.363037109375,1941.228974231794,1927.363037109375,1927.363037109375,458279
2015-03-11,1927.363037109375,1941.228974231794,1913.4970999869563,1927.363037109375,450985
2015-03-12,1927.363037109375,1941.228974231794,1913.4970999869563,1927.363037109375,716949
2015-03-13,1927.363037109375,1955.0949113542126,1927.363037109375,1927.363037109375,388620
2015-03-16,1913.4970703125,1927.3630072198862,1913.4970703125,1927.3630072198862,528656
2015-03-17,1913.4970703125,1927.3630072198862,1899.6311334051138,1913.4970703125,526401
2015-03-18,1899.6309814453125,1913.496917243502,1885.765045647123,1913.496917243502,632909
2015-03-19,1885.764892578125,1913.4967619234862,1885.764892578125,1899.6308272508056,232540
2015-03-20,1899.6309814453125,1913.496917243502,1885.765045647123,1885.765045647123,363454
2015-03-23,1899.6309814453125,1913.496917243502,1885.765045647123,1899.6309814453125,279474
2015-03-24,1885.764892578125,1899.6308272508056,1885.764892578125,1885.764892578125,623963
2015-03-25,1885.764892578125,1913.4967619234862,1885.764892578125,1885.764892578125,662595
2015-03-26,1899.6309814453125,1927.362853041691,1885.765045647123,1885.765045647123,218176
2015-03-27,1899.6309814453125,1913.496917243502,1899.6309814453125,1899.6309814453125,537351
2015-03-30,1885.764892578125,1913.4967619234862,1885.764892578125,1913.4967619234862,191051
2015-03-31,1899.6309814453125,1913.496917243502,1885.765045647123,1885.765045647123,229191
2015-04-01,1871.8992919921875,1899.6309783004372,1871.8992919921875,1899.6309783004372,493985
2015-04-02,1885.764892578125,1885.764892578125,1858.0332084749673,1885.764892578125,509613
2015-04-03,1871.8992919921875,1885.7650425252032,1871.8992919921875,1885.7650425252032,332252
2015-04-06,1871.8992919921875,1885.7650425252032,1858.0333562169535,1871.8992919921875,269510
2015-04-07,1885.764892578125,1899.6308272508056,1858.0332084749673,1871.899143147648,531408
2015-04-08,1885.764892578125,1885.764892578125,1871.899143147648,1871.899143147648,251129
2015-04-09,1899.6309814453125,1913.496917243502,1871.8992950911525,1885.765045647123,331979
2015-04-10,1899.6309814453125,1913.496917243502,1885.765045647123,1899.6309814453125,521520
2015-04-13,1899.6309814453125,1913.496917243502,1885.765045647123,1899.6309814453125,229476
2015-04-14,1885.764892578125,1913.4967619234862,1885.764892578125,1899.6308272508056,485065
2015-04-15,1899.6309814453125,1899.6309814453125,1871.8992950911525,1885.765045647123,331776
2015-04-16,1899.6309814453125,1913.496917243502,1871.8992950911525,1899.6309814453125,421907
2015-04-17,1899.6309814453125,1913.496917243502,1885.765045647123,1899.6309814453125,339114
2015-04-20,1885.764892578125,1899.6308272508056,1871.899143147648,1899.6308272508056,157338
2015-04-21,1871.8992919921875,1899.6309783004372,1871.8992919921875,1885.7650425252032,283141
2015-04-22,1871.8992919921875,1899.6309783004372,1871.8992919921875,1871.8992919921875,206701
2015-04-23,1885.764892578125,1885.764892578125,1871.899143147648,1885.764892578125,104762
2015-04-24,1885.764892578125,1899.6308272508056,1871.899143147648,1885.764892578125,211347
2015-04-27,1913.4970703125,1927.3630072198862,1885.7651964977274,1899.6311334051138,641588
2015-04-28,1913.4970703125,1913.4970703125,1913.4970703125,1913.4970703125,0
2015-04-29,1913.4970703125,1913.4970703125,1913.4970703125,1913.4970703125,0
2015-04-30,1913.4970703125,1913.4970703125,1913.4970703125,1913.4970703125,0
2015-05-01,1913.4970703125,1913.4970703125,1913.4970703125,1913.4970703125,0
2015-05-04,1858.033447265625,1899.6310713875048,1858.033447265625,1899.6310713875048,513903
2015-05-05,1871.8992919921875,1885.7650425252032,1858.0333562169535,1858.0333562169535,434968
2015-05-06,1858.033447265625,1885.7651349328023,1844.1675108109225,1871.8993837203275,471259
2015-05-07,1858.033447265625,1871.8993837203275,1844.1675108109225,1844.1675108109225,233695
2015-05-08,1871.8992919921875,1871.8992919921875,1858.0333562169535,1858.0333562169535,126180
2015-05-11,1844.1676025390625,1871.8994768278394,1844.1676025390625,1871.8994768278394,145075
2015-05-12,1816.435546875,1844.1674183946857,1816.435546875,1844.1674183946857,227812
2015-05-13,1830.3016357421875,1830.3016357421875,1816.4356988224395,1830.3016357421875,109326
2015-05-14,1830.3016357421875,1844.1675726619358,1816.4356988224395,1830.3016357421875,149234
2015-05-15,1816.435546875,1830.3014826348428,1816.435546875,1830.3014826348428,91979
2015-05-18,1788.70361328125,1816.435483838546,1788.70361328125,1816.435483838546,363908
2015-05-19,1802.569580078125,1816.4355155992212,1788.703644557029,1788.703644557029,222286
2015-05-20,1830.3016357421875,1830.3016357421875,1802.5697619026912,1816.4356988224395,263518
2015-05-21,1844.1676025390625,1858.033539683451,1830.301665394674,1844.1676025390625,220485
2015-05-22,1858.033447265625,1871.8993837203275,1830.30157435622,1844.1675108109225,318665
2015-05-25,1844.1676025390625,1871.8994768278394,1844.1676025390625,1844.1676025390625,306649
2015-05-26,1858.033447265625,1871.8993837203275,1844.1675108109225,1844.1675108109225,351766
2015-05-27,1858.033447265625,1871.8993837203275,1844.1675108109225,1844.1675108109225,348220
2015-05-28,1927.363037109375,1982.8267855990503,1844.1675996170986,1858.0335367395176,3574746
2015-05-29,1913.4970703125,1968.960817942045,1913.4970703125,1927.3630072198862,1930757
2015-06-01,1968.960693359375,2010.5585014495025,1913.496949239205,1941.2288212992898,2607986
2015-06-02,1927.363037109375,1996.692722721469,1927.363037109375,1955.0949113542126,1619818
2015-06-03,1913.4970703125,1941.2289441272726,1913.4970703125,1927.3630072198862,778204
2015-06-04,1913.4970703125,1955.0948810346588,1899.6311334051138,1913.4970703125,1214305
2015-06-05,1927.363037109375,1955.0949113542126,1899.6311628645374,1927.363037109375,1424663
2015-06-08,1941.228759765625,1955.0946953561408,1927.3628241751092,1941.228759765625,2191715
2015-06-09,1913.4970703125,1955.0948810346588,1913.4970703125,1927.3630072198862,847814
2015-06-10,1927.363037109375,1927.363037109375,1899.6311628645374,1913.4970999869563,598550
2015-06-11,1913.4970703125,1941.2289441272726,1913.4970703125,1927.3630072198862,1035057
2015-06-12,1927.363037109375,1941.228974231794,1913.4970999869563,1927.363037109375,575748
2015-06-15,2052.156005859375,2052.156005859375,1941.2287092633094,1941.2287092633094,5681382
2015-06-16,2093.75390625,2149.2176496777843,2079.887970393054,2121.485777963892,4668809
2015-06-17,2107.6201171875,2121.4860548541888,2066.022304187434,2093.7541795208112,2669672
2015-06-18,2093.75390625,2107.619842106946,2079.887970393054,2093.75390625,2557336
2015-06-19,2079.8876953125,2135.3514314047943,2079.8876953125,2107.619563358647,2387642
2015-06-22,2176.949951171875,2190.8158897662775,2079.888381011057,2079.888381011057,3718169
2015-06-23,2190.8154296875,2232.413051492808,2163.083558322483,2176.9494940049917,3550866
2015-06-24,2163.08349609375,2204.681301944567,2163.08349609375,2190.8153666609614,1826859
2015-06-25,2135.3515625,2176.9493671230266,2135.3515625,2163.0834322486844,2210648
2015-06-26,2107.6201171875,2163.0838678542545,2107.6201171875,2135.351992520877,2846064
2015-06-29,2149.217529296875,2149.217529296875,2079.887853895404,2093.7537889756986,2138471
2015-06-30,2093.75390625,2149.2176496777843,2093.75390625,2121.485777963892,2572871
2015-07-01,2066.022216796875,2107.6200280373973,2052.1562797167007,2093.754090957223,1935939
2015-07-02,2121.485595703125,2135.3515303688228,2066.0218570403335,2066.0218570403335,2807902
2015-07-03,2135.3515625,2204.6812368717106,2121.4856276256583,2149.217497374342,5415505
2015-07-06,2135.3515625,2149.217497374342,2107.619692751316,2149.217497374342,2368523
2015-07-07,2149.217529296875,2204.681269618052,2107.6197240559927,2135.351594216581,3375634
2015-07-08,2190.8154296875,2232.413051492808,2135.3516869574664,2149.2176226399747,8778795
2015-07-09,2190.8154296875,2204.6813653700083,2163.083558322483,2190.8154296875,3047332
2015-07-10,2260.14501953125,2274.0109558068475,2190.8155233954876,2190.8155233954876,9177818
2015-07-13,2315.608642578125,2343.340513667576,2260.1449003992234,2287.8767714886744,5319503
2015-07-14,2315.608642578125,2343.340513667576,2260.1449003992234,2329.4745781228503,4370220
2015-07-15,2232.412841796875,2315.6084480771606,2232.412841796875,2301.7425136971133,4347511
2015-07-16,2204.681396484375,2246.2790188767444,2204.681396484375,2218.5471471203514,2882853
2015-07-17,2218.547607421875,2246.279484932044,2204.681853909049,2204.681853909049,2274097
2015-07-20,2204.681396484375,2232.413082998548,2176.949524727982,2204.681396484375,3129829
2015-07-21,2204.681396484375,2246.2790188767444,2190.8154606061785,2204.681396484375,2192623
2015-07-22,2218.547607421875,2232.4135461769592,2190.815915153965,2190.815915153965,2829681
2015-07-23,2246.279052734375,2301.7427970831527,2218.5471805599864,2218.5471805599864,5338086
2015-07-24,2260.14501953125,2274.0109558068475,2246.2790832556525,2260.14501953125,3361040
2015-07-27,2246.279052734375,2287.8768609959584,2246.279052734375,2274.0109249087636,2996283
2015-07-28,2218.547607421875,2246.279484932044,2218.547607421875,2246.279484932044,3738689
2015-07-29,2204.681396484375,2232.413082998548,2190.8154606061785,2218.5471471203514,2196382
2015-07-30,2204.681396484375,2218.5471471203514,2190.8154606061785,2204.681396484375,1669581
2015-07-31,2190.8154296875,2232.413051492808,2190.8154296875,2218.5471158102996,1446430
2015-08-03,2149.217529296875,2190.8153345377573,2135.351594216581,2176.949399457463,3044476
2015-08-04,2163.08349609375,2176.9494313773557,2149.2175608101443,2163.08349609375,1641548
2015-08-05,2204.681396484375,2204.681396484375,2176.949524727982,2176.949524727982,1370757
2015-08-06,2218.547607421875,2260.145423687128,2190.815915153965,2218.547607421875,7280182
2015-08-07,2218.547607421875,2232.4135461769592,2204.681853909049,2204.681853909049,731412
2015-08-10,2232.412841796875,2246.2787761769223,2218.5469074168273,2218.5469074168273,1252342
2015-08-11,2232.412841796875,2260.14471055697,2218.5469074168273,2232.412841796875,2681136
2015-08-12,2190.8154296875,2232.413051492808,2176.9494940049917,2218.5471158102996,1984269
2015-08-13,2149.217529296875,2190.8153345377573,2135.351594216581,2190.8153345377573,27174164
2015-08-14,2135.3515625,2163.0834322486844,2107.619692751316,2135.3515625,1938320
2015-08-17,2099.439208984375,2199.4124076186486,2070.875411482834,2170.848610117108,25727045
2015-08-18,2113.720947265625,2128.002938179077,2085.157150680954,2099.439141594406,12979578
2015-08-19,2142.284423828125,2142.284423828125,2070.8750356549567,2099.438827972665,12841129
2015-08-20,2085.156982421875,2142.2845709813787,2085.156982421875,2128.002766462612,9329498
2015-08-21,2056.59326171875,2085.1570570203994,1999.4656711154514,2070.875251990687,23632519
2015-08-24,1928.05615234375,2028.0293368934472,1913.7741629839572,2028.0293368934472,30219344
2015-08-25,1942.338134765625,1985.1839215359814,1885.210542566636,1885.210542566636,19866835
2015-08-26,2013.7479248046875,2028.0297317025954,1956.620326728558,1956.620326728558,19613580
2015-08-27,2028.029541015625,2070.87532816524,2013.7477354605742,2042.3115318129069,14599575
2015-08-28,2085.156982421875,2085.156982421875,2028.0293938623718,2042.3113836233565,14451404
2015-08-31,2028.029541015625,2085.1571337202904,2028.0295410156248,2085.1571337202904,9883080
2015-09-01,2056.59326171875,2070.875251990687,2028.0294664171006,2042.3114566890376,8952351
2015-09-02,2056.59326171875,2056.59326171875,2056.59326171875,2056.59326171875,0
2015-09-03,2028.029541015625,2056.5933373679577,2013.7477354605742,2042.3115318129069,7837165
2015-09-04,2042.3115234375,2070.8753196726943,2028.0295326987875,2028.0295326987875,7286877
2015-09-07,2056.59326171875,2070.875251990687,2042.3114566890376,2056.59326171875,6122177
2015-09-08,2142.284423828125,2156.5664126080815,2056.593046875,2056.593046875,31927744
2015-09-09,2185.130615234375,2199.4124214538647,2156.566817553156,2170.8486237726456,14755874
2015-09-10,2185.130615234375,2199.4124214538647,2156.566817553156,2156.566817553156,12745235
2015-09-11,2170.848388671875,2199.412183259663,2156.566583999091,2185.130378586879,10575482
2015-09-14,2213.694091796875,2256.539689482396,2199.4121024068922,2199.4121024068922,18023228
2015-09-15,2213.69384765625,2243.2097656250003,2198.9359843803454,2243.2097656250003,11547384
2015-09-16,2184.17822265625,2198.936279328627,2169.4203574008393,2198.936279328627,11407501
2015-09-17,2169.420166015625,2198.936085339532,2169.420166015625,2169.420166015625,4299661
2015-09-18,2198.93603515625,2228.4519538065556,2184.177980122625,2198.93603515625,6573649
2015-09-21,2257.96826171875,2257.96826171875,2228.452337980054,2257.96826171875,27329828
2015-09-22,2243.209716796875,2272.7256341231496,2228.4518538422058,2257.9677711684803,26045753
2015-09-23,2257.96826171875,2257.96826171875,2228.452337980054,2228.452337980054,14679584
2015-09-24,2272.72607421875,2272.72607421875,2243.2101511769483,2257.9682084063356,19777317
2015-09-25,2243.209716796875,2257.9677711684803,2243.209716796875,2257.9677711684803,6035368
2015-09-28,2213.69384765625,2257.9678203178455,2198.9359843803454,2243.2097656250003,6944475
2015-09-29,2213.69384765625,2213.69384765625,2169.420066411595,2184.1779296875,11517740
2015-09-30,2213.69384765625,2243.2097656250003,2213.69384765625,2228.4519023490952,5501231
2015-10-01,2243.209716796875,2272.7256341231496,2228.4518538422058,2257.9677711684803,13917957
2015-10-02,2243.209716796875,2243.209716796875,2243.209716796875,2243.209716796875,0
2015-10-05,2243.209716796875,2272.7256341231496,2228.4518538422058,2228.4518538422058,13504258
2015-10-06,2287.48388671875,2302.241750952275,2257.967966834746,2257.967966834746,18786395
2015-10-07,2272.72607421875,2302.241997260552,2272.72607421875,2302.241997260552,9489941
2015-10-08,2228.451904296875,2257.9678222914235,2213.6938495911304,2243.209767585679,49607826
2015-10-09,2198.93603515625,2243.209817423236,2198.93603515625,2228.4519538065556,15005676
2015-10-12,2184.17822265625,2213.694144584037,2169.4203574008393,2184.17822265625,14232946
2015-10-13,2184.17822265625,2198.936279328627,2169.4203574008393,2169.4203574008393,8451471
2015-10-14,2169.420166015625,2198.936085339532,2169.420166015625,2184.1780299691036,7638205
2015-10-15,2169.420166015625,2184.1780299691036,2139.904246691718,2169.420166015625,15186626
2015-10-16,2169.420166015625,2184.1780299691036,2154.6621106451967,2154.6621106451967,12925123
2015-10-19,2154.662109375,2169.420164736728,2154.662109375,2169.420164736728,7560268
2015-10-20,2125.146240234375,2154.6621602376304,2125.146240234375,2154.6621602376304,9363659
2015-10-21,2095.630126953125,2125.146044234155,2080.872264021078,2125.146044234155,11024829
2015-10-22,2110.38818359375,2125.1460465418227,2095.6301292287417,2095.6301292287417,7499491
2015-10-23,2125.146240234375,2139.9042959444796,2110.3883759412242,2110.3883759412242,3914438
2015-10-26,2095.630126953125,2125.146044234155,2095.630126953125,2110.388181302108,6923543
2015-10-27,2080.872314453125,2110.388232449503,2066.1142597464655,2095.6301777428434,7975242
2015-10-28,2066.1142578125,2095.6301757812503,2066.1142578125,2080.8723125053452,4169660
2015-10-29,2066.1142578125,2080.8723125053452,2051.3563945365954,2066.1142578125,6447739
2015-10-30,2125.146240234375,2139.9042959444796,2080.872455937969,2080.872455937969,11487404
2015-11-02,2125.146240234375,2154.6621602376304,2110.3883759412242,2139.9042959444796,6843002
2015-11-03,2125.146240234375,2139.9042959444796,2095.63032023112,2125.146240234375,7183227
2015-11-04,2095.630126953125,2154.661961515185,2095.630126953125,2125.146044234155,7279493
2015-11-05,2095.630126953125,2125.146044234155,2095.630126953125,2095.630126953125,3586221
2015-11-06,2095.630126953125,2110.388181302108,2080.872264021078,2095.630126953125,3557904
2015-11-09,2139.904052734375,2139.904052734375,2095.630082052959,2095.630082052959,8888758
2015-11-10,2110.38818359375,2139.904100906831,2110.38818359375,2125.1460465418227,6060444
2015-11-11,2125.146240234375,2139.9042959444796,2110.3883759412242,2110.3883759412242,9684120
2015-11-12,2154.662109375,2154.662109375,2125.146190068493,2125.146190068493,16479627
2015-11-13,2198.93603515625,2213.6938987729304,2154.662061472319,2154.662061472319,22508143
2015-11-16,2184.17822265625,2198.936279328627,2169.4203574008393,2184.17822265625,10583079
2015-11-17,2154.662109375,2184.178028681507,2154.662109375,2169.420164736728,6322572
2015-11-18,2184.17822265625,2184.17822265625,2139.904435473052,2139.904435473052,7330441
2015-11-19,2169.420166015625,2184.1780299691036,2154.6621106451967,2184.1780299691036,6017252
2015-11-20,2154.662109375,2184.178028681507,2154.662109375,2154.662109375,6141197
2015-11-23,2154.662109375,2169.420164736728,2139.904245430221,2154.662109375,6432013
2015-11-24,2125.146240234375,2154.6621602376304,2110.3883759412242,2139.9042959444796,3766268
2015-11-25,2125.146240234375,2139.9042959444796,2110.3883759412242,2125.146240234375,4071853
2015-11-26,2125.146240234375,2139.9042959444796,2110.3883759412242,2125.146240234375,3319683
2015-11-27,2110.38818359375,2139.904100906831,2110.38818359375,2125.1460465418227,7439245
2015-11-30,2080.872314453125,2110.388232449503,2080.872314453125,2110.388232449503,5961097
2015-12-01,2095.630126953125,2110.388181302108,2080.872264021078,2095.630126953125,3671224
2015-12-02,2110.38818359375,2110.38818359375,2095.6301292287417,2095.6301292287417,1602146
2015-12-03,2110.38818359375,2110.38818359375,2095.6301292287417,2110.38818359375,561285
2015-12-04,2095.630126953125,2110.388181302108,2080.872264021078,2095.630126953125,3525178
2015-12-07,2080.872314453125,2095.6301777428434,2066.1142597464655,2080.872314453125,2003306
2015-12-08,2080.872314453125,2080.872314453125,2051.356396456747,2080.872314453125,6879554
2015-12-09,2066.1142578125,2095.6301757812503,2066.1142578125,2080.8723125053452,4591274
2015-12-10,2066.1142578125,2080.8723125053452,2051.3563945365954,2066.1142578125,1869958
2015-12-11,2066.1142578125,2080.8723125053452,2051.3563945365954,2051.3563945365954,2330674
2015-12-14,2095.630126953125,2095.630126953125,2066.114209672095,2066.114209672095,3315752
2015-12-15,2080.872314453125,2095.6301777428434,2066.1142597464655,2095.6301777428434,1888234
2015-12-16,2080.872314453125,2110.388232449503,2066.1142597464655,2080.872314453125,1525218
2015-12-17,2095.630126953125,2110.388181302108,2080.872264021078,2095.630126953125,3973037
2015-12-18,2080.872314453125,2095.6301777428434,2080.872314453125,2095.6301777428434,1744419
2015-12-21,2066.1142578125,2095.6301757812503,2066.1142578125,2080.8723125053452,4195161
2015-12-22,2066.1142578125,2080.8723125053452,2066.1142578125,2066.1142578125,1705159
2015-12-23,2066.1142578125,2080.8723125053452,2051.3563945365954,2066.1142578125,2608581
2015-12-24,2066.1142578125,2080.8723125053452,2066.1142578125,2066.1142578125,1836116
2015-12-25,2066.1142578125,2080.8723125053452,2066.1142578125,2066.1142578125,890671
2015-12-28,2066.1142578125,2066.1142578125,2051.3563945365954,2066.1142578125,2654960
2015-12-29,2066.1142578125,2066.1142578125,2051.3563945365954,2066.1142578125,3291207
2015-12-30,2066.1142578125,2080.8723125053452,2051.3563945365954,2066.1142578125,4576452
2015-12-31,2154.662109375,2154.662109375,2051.356487510701,2066.1143514554797,13673946
2016-01-04,2080.872314453125,2125.146095739222,2066.1142597464655,2125.146095739222,2829057
2016-01-05,2066.1142578125,2095.6301757812503,2066.1142578125,2066.1142578125,2126454
2016-01-06,2080.872314453125,2080.872314453125,2066.1142597464655,2066.1142597464655,1333749
2016-01-07,2051.356689453125,2080.872611665278,2051.356689453125,2080.872611665278,3195420
2016-01-08,2036.5982666015625,2051.356320763664,2021.840403856395,2036.5982666015625,3433375
2016-01-11,2021.84033203125,2051.3562478899767,2021.84033203125,2036.59819425215,2235896
2016-01-12,2051.356689453125,2051.356689453125,2021.840767240972,2021.840767240972,2482882
2016-01-13,2036.5982666015625,2066.1141835088315,2036.5982666015625,2051.356320763664,2015951
2016-01-14,2036.5982666015625,2036.5982666015625,2007.0823496942935,2021.840403856395,2433900
2016-01-15,2021.84033203125,2036.59819425215,2007.0822783934232,2021.84033203125,978437
2016-01-18,1962.80859375,2007.0823739372056,1933.2926764862175,2007.0823739372056,7700257
2016-01-19,1992.324462890625,1992.3244628906252,1948.0504923558892,1948.0504923558892,2457116
2016-01-20,1977.56640625,2007.082322761194,1977.56640625,1992.3244602140626,3711069
2016-01-21,1962.80859375,1992.3245110137823,1948.0505394096408,1962.80859375,4854199
2016-01-22,2007.0826416015625,2007.0826416015625,1948.0507992015166,1962.808855510009,5613807
2016-01-25,2095.630126953125,2095.630126953125,2021.840429459018,2021.840429459018,10930688
2016-01-26,2080.872314453125,2095.6301777428434,2051.356396456747,2095.6301777428434,12009588
2016-01-27,2095.630126953125,2110.388181302108,2080.872264021078,2095.630126953125,7198315
2016-01-28,2139.904052734375,2154.6619153502256,2110.3881360857417,2110.3881360857417,15437438
2016-01-29,2125.146240234375,2139.9042959444796,2110.3883759412242,2139.9042959444796,4837889
2016-02-01,2125.146240234375,2139.9042959444796,2110.3883759412242,2139.9042959444796,5848734
2016-02-02,2125.146240234375,2125.146240234375,2095.63032023112,2110.3883759412242,5340735
2016-02-03,2110.38818359375,2125.1460465418227,2110.38818359375,2110.38818359375,2286738
2016-02-04,2139.904052734375,2154.6619153502256,2110.3881360857417,2125.1459987015924,3654807
2016-02-05,2169.420166015625,2184.1780299691036,2139.904246691718,2139.904246691718,8268555
2016-02-15,2213.69384765625,2243.2097656250003,2184.1779296875,2213.69384765625,15343828
2016-02-16,2213.69384765625,2213.69384765625,2184.1779296875,2213.69384765625,3767861
2016-02-17,2198.93603515625,2213.6938987729304,2198.93603515625,2213.6938987729304,6194642
2016-02-18,2198.93603515625,2228.4519538065556,2198.93603515625,2213.6938987729304,11421792
2016-02-19,2287.48388671875,2302.241750952275,2198.936127066739,2228.452046950743,102429455
2016-02-22,2287.48388671875,2316.9998066027533,2287.48388671875,2302.241750952275,46695572
2016-02-23,2257.96826171875,2302.2420516183056,2257.96826171875,2287.484185457446,32838551
2016-02-24,2257.96826171875,2272.726127879609,2213.694280402217,2228.452337980054,32676461
2016-02-25,2228.451904296875,2272.7256855802275,2228.451904296875,2257.9678222914235,10350596
2016-02-26,2213.69384765625,2228.4519023490952,2198.9359843803454,2228.4519023490952,12393429
2016-02-29,2154.662109375,2213.693947988014,2154.662109375,2213.693947988014,9781395
2016-03-01,2228.451904296875,2228.451904296875,2139.90415031323,2139.90415031323,15381336
2016-03-02,2213.69384765625,2243.2097656250003,2198.9359843803454,2228.4519023490952,17452114
2016-03-03,2213.69384765625,2228.4519023490952,2198.9359843803454,2228.4519023490952,7663918
2016-03-04,2213.69384765625,2228.4519023490952,2198.9359843803454,2213.69384765625,13200798
2016-03-07,2184.17822265625,2213.694144584037,2184.17822265625,2198.936279328627,7120484
2016-03-08,2184.17822265625,2184.17822265625,2169.4203574008393,2184.17822265625,5224918
2016-03-09,2204.43359375,2219.22840255082,2189.63878494918,2189.63878494918,13578266
2016-03-10,2219.228515625,2219.228515625,2189.6388965157084,2204.433706070354,4992174
2016-03-11,2204.43359375,2219.22840255082,2189.63878494918,2219.22840255082,2763072
2016-03-14,2174.84375,2204.433364524802,2174.84375,2204.433364524802,5549304
2016-03-15,2174.84375,2189.638557262401,2160.0487513206517,2189.638557262401,7377980
2016-03-16,2174.84375,2174.84375,2160.0487513206517,2174.84375,4586237
2016-03-17,2189.638671875,2189.638671875,2160.048864384427,2174.8438638381917,7450953
2016-03-18,2189.638671875,2189.638671875,2174.8438638381917,2174.8438638381917,946267
2016-03-21,2174.84375,2189.638557262401,2160.0487513206517,2174.84375,4800758
2016-03-22,2160.048583984375,2189.6383876338386,2160.048583984375,2174.843581517573,4202611
2016-03-23,2160.048583984375,2174.843581517573,2160.048583984375,2174.843581517573,868948
2016-03-24,2145.254150390625,2174.843959178347,2145.254150390625,2160.0489590760035,5263982
2016-03-25,2160.048583984375,2160.048583984375,2145.253777868109,2145.253777868109,6266423
2016-03-28,2160.048583984375,2160.048583984375,2145.253777868109,2160.048583984375,5284968
2016-03-29,2145.254150390625,2160.0489590760035,2145.254150390625,2160.0489590760035,2531381
2016-03-30,2130.458984375,2160.0485967828527,2115.6641781710737,2145.2537905789263,5938123
2016-03-31,2115.664306640625,2145.253920845249,2115.664306640625,2130.459113742937,3850463
2016-04-01,2086.074462890625,2115.6642679713636,2071.2796560587267,2115.6642679713636,4723122
2016-04-04,2086.074462890625,2100.8692697225233,2071.2796560587267,2086.074462890625,2297623
2016-04-05,2100.86962890625,2115.6646296845774,2086.074819544897,2086.074819544897,7133570
2016-04-06,2145.254150390625,2145.254150390625,2100.8695329175243,2100.8695329175243,6172358
2016-04-07,2145.254150390625,2160.0489590760035,2115.6645330198685,2130.4593417052465,3989998
2016-04-08,2130.458984375,2145.2537905789263,2115.6641781710737,2145.2537905789263,4253962
2016-04-11,2145.254150390625,2145.254150390625,2115.6645330198685,2130.4593417052465,1922794
2016-04-12,2130.458984375,2145.2537905789263,2115.6641781710737,2145.2537905789263,3658147
2016-04-13,2130.458984375,2130.458984375,2100.869180550214,2115.6641781710737,3426562
2016-04-14,2145.254150390625,2145.254150390625,2115.6645330198685,2115.6645330198685,1708909
2016-04-15,2115.664306640625,2145.253920845249,2115.664306640625,2130.459113742937,604188
2016-04-19,2130.458984375,2130.458984375,2100.869180550214,2115.6641781710737,2381513
2016-04-20,2145.254150390625,2145.254150390625,2115.6645330198685,2130.4593417052465,3533345
2016-04-21,2160.048583984375,2160.048583984375,2115.6641656355773,2130.4589717518434,3064504
2016-04-22,2204.43359375,2219.22840255082,2145.2541671297517,2160.0489759305724,9393408
2016-04-25,2204.43359375,2219.22840255082,2174.8439761483596,2189.63878494918,5887090
2016-04-26,2204.43359375,2219.22840255082,2174.8439761483596,2174.8439761483596,4271822
2016-04-27,2174.84375,2204.433364524802,2174.84375,2174.84375,5411465
2016-04-28,2189.638671875,2189.638671875,2174.8438638381917,2189.638671875,4056982
2016-04-29,2234.0234375,2234.0234375,2204.4336280213724,2204.4336280213724,12052877
2016-05-04,2234.0234375,2234.0234375,2204.4336280213724,2234.0234375,8811053
2016-05-05,2234.0234375,2234.0234375,2219.228437052201,2219.228437052201,5572674
2016-05-06,2263.613525390625,2263.613525390625,2219.228897668826,2234.0239011874323,11756162
2016-05-09,2263.613525390625,2278.4083374922216,2234.0239011874323,2263.613525390625,7095732
2016-05-10,2248.818115234375,2263.612923401414,2204.433499316299,2204.433499316299,2843147
2016-05-11,2263.613525390625,2263.613525390625,2248.8187132890284,2248.8187132890284,5352218
2016-05-12,2234.0234375,2263.6130555616573,2234.0234375,2263.6130555616573,1716858
2016-05-13,2234.0234375,2248.8182465308287,2234.0234375,2234.0234375,1620885
2016-05-16,2219.228515625,2234.0235165966224,2219.228515625,2234.0235165966224,1714579
2016-05-17,2219.228515625,2234.0235165966224,2219.228515625,2219.228515625,2666940
2016-05-18,2263.613525390625,2293.203341010828,2219.228897668826,2234.0239011874323,18454542
2016-05-19,2307.99755859375,2322.7923668843414,2248.818134014423,2263.6129423050147,30056385
2016-05-20,2322.792236328125,2352.382042663127,2293.202621410073,2307.997428869099,25585304
2016-05-23,2278.4072265625,2322.7918326427866,2278.4072265625,2322.7918326427866,7628537
2016-05-24,2293.202880859375,2307.997689992262,2248.8182620437424,2263.6130711766295,11854519
2016-05-25,2248.818115234375,2293.202731152451,2248.818115234375,2293.202731152451,3063868
2016-05-26,2263.613525390625,2263.613525390625,2248.8187132890284,2248.8187132890284,4079664
2016-05-27,2278.4072265625,2293.2022228672063,2248.8176167869196,2263.61242167471,11895325
2016-05-30,2307.99755859375,2307.99755859375,2278.407750595606,2278.407750595606,11660666
2016-05-31,2307.99755859375,2322.7923668843414,2278.407750595606,2307.99755859375,4926355
2016-06-01,2307.99755859375,2322.7923668843414,2293.202750303158,2322.7923668843414,17279869
2016-06-02,2307.99755859375,2307.99755859375,2293.202750303158,2293.202750303158,15593377
2016-06-03,2278.4072265625,2307.9970277549965,2278.4072265625,2307.9970277549965,2000695
2016-06-06,2263.613525390625,2293.203341010828,2263.613525390625,2278.4083374922216,6166264
2016-06-07,2293.202880859375,2293.202880859375,2263.6130711766295,2263.6130711766295,8638928
2016-06-08,2278.4072265625,2307.9970277549965,2278.4072265625,2293.2022228672063,8140728
2016-06-09,2293.202880859375,2307.997689992262,2263.6130711766295,2278.4078803095167,7616931
2016-06-10,2278.4072265625,2352.3816338352835,2278.4072265625,2293.2022228672063,25672586
2016-06-13,2263.613525390625,2278.4083374922216,2263.613525390625,2278.4083374922216,456281
2016-06-14,2263.613525390625,2278.4083374922216,2263.613525390625,2263.613525390625,456387
2016-06-15,2263.613525390625,2278.4083374922216,2234.0239011874323,2278.4083374922216,1541870
2016-06-16,2248.818115234375,2278.407731568453,2248.818115234375,2278.407731568453,1317598
2016-06-17,2248.818115234375,2263.612923401414,2234.0233070673357,2248.818115234375,1098308
2016-06-20,2234.0234375,2263.6130555616573,2234.0234375,2263.6130555616573,390992
2016-06-21,2234.0234375,2248.8182465308287,2234.0234375,2248.8182465308287,680023
2016-06-22,2219.228515625,2248.818326151268,2219.228515625,2248.818326151268,1368579
2016-06-23,2219.228515625,2234.0235165966224,2219.228515625,2234.0235165966224,719663
2016-06-24,2204.43359375,2248.818211569428,2115.6645495281114,2248.818211569428,6138336
2016-06-27,2204.43359375,2204.43359375,2160.0489759305724,2160.0489759305724,1580556
2016-06-28,2204.43359375,2219.22840255082,2189.63878494918,2204.43359375,411660
2016-06-29,2219.228515625,2234.0235165966224,2219.228515625,2219.228515625,1433285
2016-06-30,2204.43359375,2219.22840255082,2204.43359375,2219.22840255082,1048440
2016-07-01,2219.228515625,2219.228515625,2189.6388965157084,2204.433706070354,1412246
2016-07-04,2219.228515625,2234.0235165966224,2204.433706070354,2204.433706070354,3580033
2016-07-05,2248.818115234375,2263.612923401414,2219.228307483338,2219.228307483338,3784803
2016-07-06,2234.0234375,2248.8182465308287,2234.0234375,2234.0234375,803871
2016-07-07,2234.0234375,2248.8182465308287,2234.0234375,2234.0234375,1499263
2016-07-08,2234.0234375,2263.6130555616573,2234.0234375,2263.6130555616573,1297407
2016-07-11,2248.818115234375,2248.818115234375,2219.228307483338,2234.0233070673357,1440704
2016-07-12,2219.228515625,2248.818326151268,2219.228515625,2248.818326151268,2899639
2016-07-13,2263.613525390625,2263.613525390625,2219.228897668826,2234.0239011874323,3679027
2016-07-14,2293.202880859375,2337.587308258036,2263.6130711766295,2263.6130711766295,4300968
2016-07-15,2293.202880859375,2307.997689992262,2263.6130711766295,2278.4078803095167,999155
2016-07-18,2293.202880859375,2307.997689992262,2263.6130711766295,2293.202880859375,1780769
2016-07-19,2248.818115234375,2278.407731568453,2248.818115234375,2263.612923401414,2181724
2016-07-20,2234.0234375,2263.6130555616573,2234.0234375,2248.8182465308287,1116750
2016-07-21,2248.818115234375,2263.612923401414,2234.0233070673357,2234.0233070673357,1338425
2016-07-22,2248.818115234375,2248.818115234375,2219.228307483338,2248.818115234375,2705096
2016-07-25,2219.228515625,2248.818326151268,2219.228515625,2234.0235165966224,1542506
2016-07-26,2234.0234375,2263.6130555616573,2234.0234375,2263.6130555616573,906044
2016-07-27,2234.0234375,2234.0234375,2234.0234375,2234.0234375,0
2016-07-28,2234.0234375,2248.8182465308287,2234.0234375,2248.8182465308287,1087497
2016-07-29,2219.228515625,2248.818326151268,2219.228515625,2248.818326151268,2036785
2016-08-01,2219.228515625,2234.0235165966224,2219.228515625,2234.0235165966224,1914368
2016-08-02,2204.43359375,2234.023402768608,2204.43359375,2219.22840255082,1245685
2016-08-03,2204.43359375,2219.22840255082,2189.63878494918,2219.22840255082,616695
2016-08-04,2189.638671875,2204.433479911808,2189.638671875,2204.433479911808,1931485
2016-08-05,2189.638671875,2189.638671875,2174.8438638381917,2174.8438638381917,883468
2016-08-08,2189.638671875,2204.433479911808,2189.638671875,2189.638671875,481718
2016-08-09,2189.638671875,2204.433479911808,2189.638671875,2189.638671875,765503
2016-08-10,2204.43359375,2219.22840255082,2189.63878494918,2204.43359375,1114630
2016-08-11,2219.228515625,2219.228515625,2204.433706070354,2219.228515625,1284053
2016-08-12,2204.43359375,2234.023402768608,2204.43359375,2234.023402768608,399312
2016-08-15,2204.43359375,2219.22840255082,2189.63878494918,2219.22840255082,291415
2016-08-16,2189.638671875,2204.433479911808,2189.638671875,2204.433479911808,747061
2016-08-17,2204.43359375,2219.22840255082,2189.63878494918,2189.63878494918,1263756
2016-08-18,2204.43359375,2219.22840255082,2189.63878494918,2189.63878494918,2091846
2016-08-19,2189.638671875,2219.228287948616,2189.638671875,2204.433479911808,641496
2016-08-22,2189.638671875,2204.433479911808,2189.638671875,2189.638671875,751300
2016-08-23,2189.638671875,2204.433479911808,2189.638671875,2189.638671875,542238
2016-08-24,2189.638671875,2204.433479911808,2189.638671875,2189.638671875,742503
2016-08-25,2204.43359375,2204.43359375,2189.63878494918,2189.63878494918,331691
2016-08-26,2204.43359375,2204.43359375,2189.63878494918,2204.43359375,732329
2016-08-29,2189.638671875,2204.433479911808,2189.638671875,2189.638671875,693855
2016-08-30,2189.638671875,2204.433479911808,2189.638671875,2204.433479911808,629890
2016-08-31,2189.638671875,2204.433479911808,2189.638671875,2189.638671875,616430
2016-09-01,2189.638671875,2189.638671875,2174.8438638381917,2189.638671875,668629
2016-09-05,2174.84375,2189.638557262401,2174.84375,2189.638557262401,555062
2016-09-06,2174.84375,2189.638557262401,2174.84375,2189.638557262401,958190
2016-09-07,2189.638671875,2189.638671875,2174.8438638381917,2174.8438638381917,358718
2016-09-08,2204.43359375,2204.43359375,2189.63878494918,2189.63878494918,1039272
2016-09-09,2204.43359375,2204.43359375,2189.63878494918,2204.43359375,1275097
2016-09-12,2204.43359375,2211.831093858894,2189.63878494918,2204.43359375,1346162
2016-09-13,2197.03564453125,2204.4331431279743,2189.638337351453,2189.638337351453,820034
2016-09-14,2189.638671875,2197.0359801849254,2182.241172148117,2197.0359801849254,733229
2016-09-15,2197.03564453125,2197.03564453125,2189.638337351453,2197.03564453125,864072
2016-09-16,2182.2412109375,2197.036019237286,2182.2412109375,2189.6387107958735,637522
2016-09-19,2182.2412109375,2189.6387107958735,2182.2412109375,2189.6387107958735,1282940
2016-09-20,2182.2412109375,2189.6387107958735,2174.843902496087,2182.2412109375,705513
2016-09-21,2174.84375,2182.2410579227267,2174.84375,2174.84375,1066511
2016-09-22,2182.2412109375,2189.6387107958735,2174.843902496087,2174.843902496087,1762698
2016-09-23,2182.2412109375,2189.6387107958735,2174.843902496087,2182.2412109375,1116167
2016-09-26,2182.2412109375,2182.2412109375,2174.843902496087,2174.843902496087,566191
2016-09-27,2174.84375,2189.638557262401,2174.84375,2174.84375,2262117
2016-09-28,2174.84375,2189.638557262401,2167.446250660326,2174.84375,5117029
2016-09-29,2189.638671875,2197.0359801849254,2174.8438638381917,2189.638671875,1064921
2016-09-30,2204.43359375,2204.43359375,2182.241284840286,2189.63878494918,485481
2016-10-03,2189.638671875,2204.433479911808,2182.241172148117,2204.433479911808,1570063
2016-10-04,2182.2412109375,2189.6387107958735,2174.843902496087,2174.843902496087,2662436
2016-10-05,2182.2412109375,2189.6387107958735,2174.843902496087,2174.843902496087,1917653
2016-10-06,2204.43359375,2204.43359375,2182.241284840286,2189.63878494918,3237160
2016-10-07,2211.8310546875,2219.2283632484205,2204.4335547096157,2219.2283632484205,2462011
2016-10-10,2197.03564453125,2211.830641724699,2189.638337351453,2211.830641724699,1474461
2016-10-11,2189.638671875,2197.0359801849254,2182.241172148117,2189.638671875,1710604
2016-10-12,2189.638671875,2197.0359801849254,2189.638671875,2197.0359801849254,2445689
2016-10-13,2189.638671875,2197.0359801849254,2189.638671875,2189.638671875,2016806
2016-10-14,2197.03564453125,2234.0229460979444,2197.03564453125,2197.03564453125,3733134
2016-10-17,2219.228515625,2219.228515625,2189.6388965157084,2197.036205584543,2531328
2016-10-18,2219.228515625,2219.228515625,2204.433706070354,2204.433706070354,642238
2016-10-19,2219.228515625,2234.0235165966224,2211.8312065561654,2219.228515625,3283848
2016-10-20,2219.228515625,2219.228515625,2211.8312065561654,2219.228515625,1472660
2016-10-21,2211.8310546875,2219.2283632484205,2204.4335547096157,2219.2283632484205,949658
2016-10-24,2229.215087890625,2268.0514863020294,2205.913133993598,2252.517041787652,2474079
2016-10-25,2221.447509765625,2244.749460933702,2221.447509765625,2221.447509765625,1078712
2016-10-26,2213.68017578125,2236.982126771133,2213.68017578125,2221.447492777878,575064
2016-10-27,2213.68017578125,2221.447492777878,2205.912858784622,2213.68017578125,912865
2016-10-28,2213.68017578125,2221.447492777878,2213.68017578125,2213.68017578125,810813
2016-10-31,2221.447509765625,2221.447509765625,2213.6801927095994,2221.447509765625,1334902
2016-11-01,2221.447509765625,2221.447509765625,2205.912875653574,2221.447509765625,555633
2016-11-02,2205.912841796875,2221.447475670498,2198.1455248600632,2221.447475670498,859417
2016-11-03,2182.611083984375,2205.91284339474,2182.611083984375,2205.91284339474,456003
2016-11-04,2159.309326171875,2174.84396144535,2159.309326171875,2167.0766438086125,1183288
2016-11-07,2167.07666015625,2174.8439778515813,2143.774707070256,2159.3093424609187,420421
2016-11-08,2174.84375,2190.3781923462,2159.3091162368523,2190.3781923462,441165
2016-11-09,2143.774658203125,2174.843928276229,2035.0324043642247,2174.843928276229,1354232
2016-11-10,2151.542236328125,2159.3095547872217,2143.7749178690283,2143.7749178690283,1092642
2016-11-11,2143.774658203125,2167.076610757953,2143.774658203125,2159.309293239677,437380
2016-11-14,2136.00732421875,2159.3092765939473,2128.2400067603508,2143.7746416771492,481390
2016-11-15,2128.239990234375,2143.7746250305454,2120.47267283629,2136.00730763246,882785
2016-11-16,2112.705322265625,2128.239956817879,2104.9380049894985,2104.9380049894985,819040
2016-11-17,2104.93798828125,2128.2399399246683,2097.170862483733,2112.7053054957228,809198
2016-11-18,2097.1708984375,2112.7053417158113,2097.1708984375,2104.9380243681762,949002
2016-11-21,2081.63623046875,2104.937990722234,2081.63623046875,2097.17086491571,1269139
2016-11-22,2081.63623046875,2097.17086491571,2081.63623046875,2097.17086491571,1264596
2016-11-23,2089.40380859375,2104.938253563523,2081.6364904003735,2089.40380859375,1971087
2016-11-24,2089.40380859375,2097.171126787126,2066.101854013621,2097.171126787126,1255663
2016-11-25,2073.869140625,2089.403776775183,2066.101822549909,2089.403776775183,649912
2016-11-28,2050.567138671875,2073.869092354786,2042.7998207775713,2073.869092354786,649609
2016-11-29,2066.1015625,2066.1015625,2042.7996112076262,2050.5669283050843,282232
2016-11-30,2073.869140625,2081.6364587000917,2050.567186399726,2066.101822549909,331643
2016-12-01,2058.334228515625,2081.6361796168258,2058.334228515625,2073.8688625830923,754791
2016-12-02,2066.1015625,2073.868879597458,2058.3342454025424,2066.1015625,353194
2016-12-05,2050.567138671875,2066.1017744604824,2050.567138671875,2058.3344565661787,1312796
2016-12-06,2066.1015625,2066.1015625,2035.0322941101683,2035.0322941101683,874810
2016-12-07,2042.7999267578125,2081.6365182441696,2042.7999267578127,2050.567245055084,746766
2016-12-08,2042.7999267578125,2050.567245055084,2035.0326084605413,2035.0326084605413,541652
2016-12-09,2066.1015625,2066.1015625,2035.0322941101683,2066.1015625,609788
2016-12-12,2050.567138671875,2058.3344565661787,2042.7998207775713,2042.7998207775713,685141
2016-12-13,2050.567138671875,2050.567138671875,2035.0325028832676,2050.567138671875,1111316
2016-12-14,2050.567138671875,2058.3344565661787,2042.7998207775713,2050.567138671875,754791
2016-12-15,2042.7999267578125,2050.567245055084,2042.7999267578127,2050.567245055084,493301
2016-12-16,2042.7999267578125,2050.567245055084,2042.7999267578127,2042.7999267578127,1025011
2016-12-19,2058.334228515625,2081.6361796168258,2042.799594448158,2042.799594448158,1274236
2016-12-20,2066.1015625,2066.1015625,2050.5669283050843,2058.3342454025424,804908
2016-12-21,2066.1015625,2066.1015625,2058.3342454025424,2066.1015625,861082
2016-12-22,2058.334228515625,2066.101545549359,2050.5669114818916,2066.101545549359,1047118
2016-12-23,2050.567138671875,2058.3344565661787,2050.567138671875,2058.3344565661787,363490
2016-12-26,2042.7999267578125,2058.3345633523554,2042.7999267578127,2058.3345633523554,816971
2016-12-27,2058.334228515625,2058.334228515625,2042.799594448158,2050.5669114818916,694629
2016-12-28,2066.1015625,2073.868879597458,2058.3342454025424,2066.1015625,1254855
2016-12-29,2081.63623046875,2081.63623046875,2066.10159602179,2066.10159602179,806675
2016-12-30,2174.84375,2174.84375,2066.1015050749156,2089.403455719637,6590479
2017-01-03,2136.00732421875,2159.3092765939473,2104.9380543851535,2112.7053718435527,1787524
2017-01-04,2112.705322265625,2159.3092259223863,2112.705322265625,2159.3092259223863,2061379
2017-01-05,2097.1708984375,2112.7053417158113,2097.1708984375,2112.7053417158113,2481498
2017-01-06,2136.00732421875,2151.541959135548,2097.170928343716,2112.7053718435527,2577039
2017-01-09,2128.239990234375,2143.7746250305454,2128.239990234375,2136.00730763246,1428021
2017-01-10,2128.239990234375,2136.00730763246,2120.47267283629,2136.00730763246,1336265
2017-01-11,2136.00732421875,2143.7746416771492,2128.2400067603508,2128.2400067603508,1508724
2017-01-12,2151.542236328125,2174.8441917054147,2143.7749178690283,2143.7749178690283,3152558
2017-01-13,2136.00732421875,2159.3092765939473,2136.00732421875,2159.3092765939473,1202467
2017-01-16,2120.47265625,2136.0072909246587,2112.7053389126704,2136.0072909246587,821866
2017-01-17,2198.1455078125,2198.1455078125,2143.774481093438,2143.774481093438,10387650
2017-01-18,2174.84375,2205.9128261093474,2174.84375,2205.9128261093474,2201385
2017-01-19,2159.309326171875,2190.378405301859,2151.542008535138,2190.378405301859,2024081
2017-01-20,2159.309326171875,2174.84396144535,2151.542008535138,2174.84396144535,2328420
2017-01-23,2143.774658203125,2174.843928276229,2143.774658203125,2151.541975721401,2015703
2017-01-24,2190.37841796875,2190.37841796875,2143.7747032957836,2143.7747032957836,2319689
2017-01-25,2198.1455078125,2198.1455078125,2174.843748599729,2190.3781909359273,3418943
2017-01-26,2198.1455078125,2198.1455078125,2198.1455078125,2198.1455078125,0
2017-02-03,2198.1455078125,2221.4474584422182,2190.3781909359273,2205.9128246890727,3047276
2017-02-06,2190.37841796875,2198.145735650405,2167.07665634075,2198.145735650405,1298866
2017-02-07,2174.84375,2205.9128261093474,2174.84375,2198.145509227774,3390377
2017-02-08,2198.1455078125,2198.1455078125,2174.843748599729,2198.1455078125,1850209
2017-02-09,2213.68017578125,2213.68017578125,2190.378224791367,2190.378224791367,2778115
2017-02-10,2198.1455078125,2213.6801415656455,2198.1455078125,2213.6801415656455,1073312
2017-02-13,2236.982177734375,2244.7494949079587,2213.6802262136234,2221.447543387207,4737745
2017-02-14,2221.447509765625,2252.516777989727,2221.447509765625,2252.516777989727,2916708
2017-02-15,2252.516845703125,2252.516845703125,2221.447576545043,2221.447576545043,2697614
2017-02-16,2268.051513671875,2306.8881039689163,2260.2843870294428,2260.2843870294428,4745417
2017-02-17,2291.353271484375,2291.353271484375,2260.284193326294,2268.0513193030943,2545697
2017-02-20,2275.818603515625,2291.353238076652,2275.818603515625,2283.5859207961385,2817079
2017-02-21,2275.818603515625,2283.5859207961385,2268.0512862351115,2275.818603515625,3168355
2017-02-22,2275.818603515625,2283.5859207961385,2252.5168430910417,2275.818603515625,4747083
2017-02-23,2300.11572265625,2316.313758653594,2275.8188682515893,2316.313758653594,3369784
2017-02-24,2292.0166015625,2308.214636831255,2267.719748250713,2267.719748250713,1789644
2017-02-27,2283.917724609375,2292.016742742623,2267.7198879342363,2267.7198879342363,1466934
2017-02-28,2267.719970703125,2283.917807969464,2259.620952274273,2283.917807969464,2192300
2017-03-01,2259.62109375,2283.917950966427,2243.4230558781305,2283.917950966427,1341009
2017-03-02,2251.52197265625,2267.72000979317,2235.3239355193305,2259.62099122471,1017643
2017-03-03,2235.323974609375,2259.6210307396473,2219.1259371891933,2235.323974609375,875466
2017-03-06,2259.62109375,2275.81913162187,2251.522074814065,2251.522074814065,1351204
2017-03-07,2259.62109375,2259.62109375,2251.522074814065,2259.62109375,1333035
2017-03-08,2283.917724609375,2283.917724609375,2243.422833534491,2259.620869800988,2911509
2017-03-09,2356.808837890625,2381.1056921843965,2275.8188578648937,2283.917676235248,11134063
2017-03-10,2332.51171875,2405.4026787747894,2332.51171875,2356.808771955379,6144973
2017-03-13,2381.105712890625,2381.105712890625,2316.313768224876,2332.511804289152,4556505
2017-03-14,2373.0068359375,2389.204872964775,2356.8089985015927,2381.1058544511375,3831643
2017-03-15,2348.7099609375,2373.0068166899723,2348.7099609375,2364.9077982420263,1795852
2017-03-16,2348.7099609375,2364.9077982420263,2340.610942489554,2348.7099609375,3205199
2017-03-17,2348.7099609375,2373.0068166899723,2340.610942489554,2340.610942489554,3716468
2017-03-20,2437.798828125,2478.2937185117667,2364.9076661643803,2364.9076661643803,15611582
2017-03-21,2494.49169921875,2502.5907170348796,2437.798774097193,2445.8977919133226,17729539
2017-03-22,2494.49169921875,2510.689734851009,2486.3926814026204,2502.5907170348796,13288814
2017-03-23,2494.49169921875,2502.5907170348796,2462.0956279542315,2486.3926814026204,8975477
2017-03-24,2534.986572265625,2559.2834240520647,2494.491486636004,2494.491486636004,10326682
2017-03-27,2502.5908203125,2559.283747773676,2494.491802162138,2534.9868929139484,5176842
2017-03-28,2486.392822265625,2510.6898770905286,2478.293803990657,2502.5908588155608,6319551
2017-03-29,2478.29345703125,2486.392474172361,2445.89758805814,2478.29345703125,6612181
2017-03-30,2518.78857421875,2543.0854263544315,2470.194470764715,2470.194470764715,4748597
2017-03-31,2486.392822265625,2518.788895365496,2470.1947857156892,2518.788895365496,2487756
2017-04-03,2502.5908203125,2502.5908203125,2445.8978928513234,2462.095729560689,5315081
2017-04-04,2502.5908203125,2510.689838462862,2486.392784011776,2502.5908203125,5440552
2017-04-05,2494.49169921875,2526.887770483268,2494.49169921875,2510.689734851009,4576693
2017-04-07,2486.392822265625,2494.491840540593,2470.1947857156892,2478.293803990657,1996625
2017-04-10,2478.29345703125,2486.392474172361,2470.194439890139,2470.194439890139,1697182
2017-04-11,2534.986572265625,2543.085389800216,2470.194435258231,2478.2934523841554,6516488
2017-04-12,2486.392822265625,2534.986931915432,2486.392822265625,2534.986931915432,3094567
2017-04-13,2510.689453125,2518.788470032334,2478.293385495664,2510.689453125,2422447
2017-04-14,2462.095458984375,2502.590545285907,2445.8976240550987,2502.590545285907,5404515
2017-04-17,2445.897705078125,2494.491610658353,2445.897705078125,2494.491610658353,4927819
2017-04-18,2462.095458984375,2462.095458984375,2413.5015550138733,2445.8976240550987,2633970
2017-04-19,2429.699951171875,2445.8979881034093,2421.600932706108,2445.8979881034093,1284078
2017-04-20,2429.699951171875,2445.8979881034093,2421.600932706108,2421.600932706108,1846828
2017-04-21,2445.897705078125,2462.0955405439718,2429.6996700209347,2445.897705078125,1502718
2017-04-24,2421.6005859375,2437.7986205495063,2421.6005859375,2429.699603243503,3259859
2017-04-25,2413.501708984375,2421.6007267613622,2397.303673430401,2413.501708984375,3825687
2017-04-26,2437.798828125,2478.2937185117667,2413.5017741381266,2421.600792133751,3931979
2017-04-27,2462.095458984375,2494.4915280256005,2437.7986067947927,2462.095458984375,6771770
2017-04-28,2462.095458984375,2462.095458984375,2462.095458984375,2462.095458984375,0
2017-05-03,2721.263671875,2721.263671875,2559.2837104149503,2559.2837104149503,20984907
2017-05-04,2672.670166015625,2721.2640819396684,2664.5711467630535,2721.2640819396684,11096362
2017-05-05,2705.065673828125,2753.659579527077,2656.4715685378296,2656.4715685378296,11405899
2017-05-08,2656.471923828125,2713.164854657865,2656.471923828125,2705.066035617648,9075662
2017-05-09,2696.966796875,2705.0658148455914,2656.471707022042,2656.471707022042,5789507
2017-05-10,2737.461669921875,2786.0557774398367,2688.8677619952664,2688.8677619952664,15523106
2017-05-11,2737.461669921875,2753.6597057611957,2713.164616162894,2737.461669921875,4880780
2017-05-12,2705.065673828125,2737.4615444303117,2705.065673828125,2737.4615444303117,5812017
2017-05-15,2672.670166015625,2705.0662430259113,2672.670166015625,2705.0662430259113,9482709
2017-05-16,2672.670166015625,2713.165062687097,2664.5711467630535,2672.670166015625,7693771
2017-05-17,2680.768798828125,2688.8678169132013,2664.570762657973,2664.570762657973,4959867
2017-05-18,2786.055908203125,2818.4517818109107,2688.8678881970436,2688.8678881970436,23763880
2017-05-19,2875.14453125,2875.14453125,2802.2533761517557,2802.2533761517557,17415358
2017-05-22,2964.233642578125,3012.8275483750404,2883.243466931026,2891.342484495736,15297249
2017-05-23,2850.847412109375,2956.134434058109,2850.847412109375,2915.6393488503913,16801431
2017-05-24,3045.223876953125,3045.223876953125,2850.8478380943093,2850.8478380943093,30517935
2017-05-25,3093.817626953125,3191.0056413588977,3077.619591286938,3126.2136982854995,26069084
2017-05-26,3150.5107421875,3174.8077971520343,3077.6197768852608,3077.6197768852608,10890744
2017-05-29,3110.015869140625,3174.807816516547,3101.916850769714,3150.5107614038147,14057282
2017-05-30,3077.619384765625,3158.6093580704396,3061.4213501863946,3110.0154539240857,16303638
2017-05-31,3053.32275390625,3110.0158827507266,3045.223935091261,3077.6198091253113,10507216
2017-06-01,3093.817626953125,3101.916644786219,3053.3225377876574,3077.619591286938,6044182
2017-06-02,3077.619384765625,3118.114471213701,3061.4213501863946,3110.0154539240857,4858472
2017-06-05,3093.817626953125,3150.5105521934297,3085.7186091200315,3110.0156626193125,9507894
2017-06-06,3142.41162109375,3150.5106391503837,3093.8177123453033,3093.8177123453033,7541652
2017-06-07,3280.0947265625,3288.193744614436,3182.9067095306254,3182.9067095306254,29627226
2017-06-08,3247.698486328125,3312.490427800106,3231.500451062293,3280.0945568597886,11701002
2017-06-09,3247.698486328125,3288.193574492704,3239.599468695209,3247.698486328125,7707902
2017-06-12,3215.302734375,3263.8966423794413,3215.302734375,3247.6986065141764,8840922
2017-06-13,3223.401611328125,3255.79768364772,3150.5106482003935,3207.2037747596846,15613298
2017-06-14,3296.292724609375,3312.4905609348802,3231.500580941939,3239.5995989003686,15042019
2017-06-15,3255.7978515625,3312.49078145432,3239.599814567304,3296.2929440504904,8346207
2017-06-16,3271.995849609375,3288.1938864117574,3239.5997760046102,3247.6987944058014,9315045
2017-06-19,3361.084228515625,3377.282263273067,3263.8964191536525,3271.9954365323733,14190172
2017-06-20,3466.37158203125,3482.5696173849187,3385.381405262906,3385.381405262906,18218803
2017-06-21,3547.361328125,3547.361328125,3361.084322394187,3466.3715512583412,24780161
2017-06-22,3514.9658203125,3612.1536369076716,3498.76778434952,3498.76778434952,12137423
2017-06-23,3482.56982421875,3498.767860534439,3433.9757152716834,3482.56982421875,10913253
2017-06-26,3514.9658203125,3547.361493055751,3442.0746584790895,3458.2726944420697,9890210
2017-06-27,3514.9658203125,3539.262475074261,3482.5697483865397,3514.9658203125,6119737
2017-06-28,3531.163330078125,3531.163330078125,3482.5696231197912,3490.6686408099627,5400478
2017-06-29,3612.154052734375,3628.352090562053,3539.2628825098236,3563.5599392513404,11107263
2017-06-30,3612.154052734375,3685.045222958927,3612.154052734375,3612.154052734375,11152637
2017-07-03,3604.0546875,3652.6487963135332,3595.9556693644113,3644.5497781779445,7517123
2017-07-04,3563.559326171875,3604.0544137742418,3531.1632560899816,3604.0544137742418,14149846
2017-07-05,3523.06494140625,3563.5596333161807,3482.5698503135986,3547.36159687912,16974092
2017-07-06,3531.163330078125,3555.460383148639,3514.965693880477,3555.460383148639,8856618
2017-07-07,3466.37158203125,3547.3613596169002,3458.272564354416,3523.064705769091,16019234
2017-07-10,3361.084228515625,3466.3714544389977,3336.787375970802,3450.173419681556,16730015
2017-07-11,3433.9755859375,3433.9755859375,3320.5895355895072,3361.0844252622073,16157676
2017-07-12,3450.173583984375,3482.569655042012,3450.173583984375,3466.3716195131933,7472910
2017-07-13,3450.173583984375,3450.173583984375,3450.173583984375,3450.173583984375,0
2017-07-14,3442.07470703125,3482.5697975099033,3425.8766708397884,3458.272743222711,4030397
2017-07-17,3336.78759765625,3466.371684733597,3328.688579739456,3409.6785593160407,13102980
2017-07-18,3352.985595703125,3377.282650626006,3239.59973857907,3328.688740371606,7002068
2017-07-19,3320.58935546875,3393.4803125988224,3320.58935546875,3393.4803125988224,3225236
2017-07-20,3369.18359375,3369.18359375,3271.995774353747,3320.5896840518735,4297337
2017-07-21,3288.19384765625,3385.3816681423336,3288.19384765625,3369.1836315308656,5420161
2017-07-24,3352.985595703125,3352.985595703125,3271.9958118095788,3304.3918850400873,7346279
2017-07-25,3579.757568359375,3579.757568359375,3336.787627459484,3336.787627459484,18008239
2017-07-26,3579.757568359375,3668.8467662398252,3547.361496402848,3595.9556043376388,19243361
2017-07-27,3595.95556640625,3636.450655924753,3563.559494791448,3579.757530598849,11025097
2017-07-28,3806.529052734375,3806.529052734375,3595.955018505176,3595.955018505176,33397850
2017-07-31,3855.123779296875,3903.7174880299194,3782.232617423244,3806.529671381121,25150011
2017-08-01,3838.925537109375,3838.925537109375,3774.133396702143,3822.7275020075667,13744868
2017-08-02,3806.529052734375,3887.5188202485933,3725.538886037512,3774.1329860556298,21928660
2017-08-03,3806.529052734375,3838.92511941312,3693.1432185414114,3774.1329860556298,38288472
2017-08-04,3774.13330078125,3855.1234742318975,3757.935266091121,3855.1234742318975,7577133
2017-08-07,3838.925537109375,3847.024554660279,3757.935361600335,3774.133396702143,18967538
2017-08-08,3774.13330078125,3838.925439541768,3741.7372314009913,3838.925439541768,17531441
2017-08-09,3636.450439453125,3774.133336437304,3563.5592826589045,3774.133336437304,37392363
2017-08-10,3644.5498046875,3668.8468592709974,3579.757659131507,3612.1537319095037,16848621
2017-08-11,3628.35205078125,3668.847144906462,3604.0549943061224,3628.3520507812495,15761228
2017-08-14,3757.935302734375,3766.0343201584124,3620.25240570842,3628.3514231324575,17080081
2017-08-15,3709.341552734375,3774.1336983196015,3709.3415527343755,3774.1336983196015,7357938
2017-08-16,3685.044677734375,3709.341331698301,3636.450571441131,3709.341331698301,8984259
2017-08-17,3571.65869140625,3685.0449477314396,3571.65869140625,3685.0449477314396,18727852
2017-08-18,3628.35205078125,3628.3520507812495,3514.9661864134064,3547.3618625308254,10121568
2017-08-21,3595.95556640625,3636.450655924753,3579.757530598849,3628.351638021052,5823625
2017-08-22,3563.559326171875,3612.153431294715,3514.965620231721,3595.9553962537684,9114625
2017-08-23,3563.559326171875,3587.856378733295,3531.1632560899816,3563.559326171875,448241407
2017-08-24,3693.1435546875,3693.1435546875,3555.460258771043,3555.460258771043,2082900278
2017-08-25,3717.4404296875,3757.9355191396457,3685.0447573084875,3701.2423939066416,15776722
2017-08-28,3733.638427734375,3774.1335167772577,3685.0447200656163,3685.0447200656163,10966298
2017-08-29,3717.4404296875,3790.3315907013625,3709.341411797071,3725.539447577929,21229438
2017-08-30,3757.935302734375,3790.3313724305244,3717.4402156141878,3749.8362853103376,11994288
2017-08-31,3847.0244140625,3887.519101154367,3757.935224258512,3774.133258768328,34181713
2017-09-01,3798.430908203125,3871.3216757837367,3766.034834086082,3871.3216757837367,18377382
2017-09-04,3798.430908203125,3798.4309082031255,3798.4309082031255,3798.4309082031255,0
2017-09-05,3782.23291015625,3830.8270218330363,3766.0348729306547,3790.331928769048,14273752
2017-09-06,3782.23291015625,3782.23291015625,3733.6387984794637,3774.133891543452,12143934
2017-09-07,3757.935302734375,3822.7274421266743,3757.935302734375,3774.1333375824497,14705832
2017-09-08,3685.044677734375,3774.133473422626,3685.044677734375,3757.935437991545,21727484
2017-09-11,3636.450439453125,3709.341197064664,3636.450439453125,3660.747491717865,19506415
2017-09-12,3725.539306640625,3741.737341808711,3628.351494814798,3628.351494814798,32322166
2017-09-13,3725.539306640625,3774.133412144883,3725.539306640625,3741.737341808711,7541551
2017-09-14,3741.73779296875,3790.331904332243,3741.73779296875,3749.836811529332,10421214
2017-09-15,3709.341552734375,3741.7376255269883,3701.242534536222,3741.7376255269883,9485283
2017-09-18,3725.539306640625,3774.133412144883,3709.3412714725387,3725.539306640625,13311223
2017-09-19,3709.341552734375,3774.1336983196015,3709.3415527343755,3725.5395891306816,12959391
2017-09-20,3717.4404296875,3725.539447577929,3701.2423939066416,3709.341411797071,7625534
2017-09-21,3749.836669921875,3766.034706431343,3709.341578648206,3717.4405969029394,10931120
2017-09-22,3717.4404296875,3790.3315907013625,3717.4404296875,3757.9355191396457,19076050
2017-09-25,3709.341552734375,3741.7376255269883,3701.242534536222,3717.4405709325283,12079432
2017-09-26,3685.044677734375,3717.4403494138414,3668.8466423032937,3717.4403494138414,14955209
2017-09-27,3676.94580078125,3693.1438368324316,3668.8467827556597,3693.1438368324316,9262404
2017-09-28,3652.64892578125,3693.144017894538,3636.4508889359345,3685.04499947188,32861245
2017-09-29,3699.218017578125,3767.249533467153,3690.7142277855223,3707.722206553463,12490805
2017-10-02,3673.706298828125,3767.249584546018,3656.698319829579,3699.2180677345737,9522785
2017-10-03,3665.2021484375,3690.713914834797,3605.6744273886743,3690.713914834797,7792020
2017-10-04,3809.768798828125,3809.7687988281245,3665.201995546372,3673.705784263175,16764674
2017-10-05,3758.74560546875,3869.2968646213885,3758.74560546875,3835.2813075189642,20266051
2017-10-06,3928.824951171875,3945.8329308843367,3758.74595241277,3758.74595241277,34741946
2017-10-09,3945.832275390625,4013.863783756114,3928.8242985035804,3988.352018016892,26979054
2017-10-10,3971.34423828125,4022.36777229268,3928.8244935441544,3928.8244935441544,25406624
2017-10-11,3962.84033203125,4022.36765355988,3937.3281665958966,3971.3441210545693,19137908
2017-10-12,3928.824951171875,3996.8564708389654,3928.824951171875,3979.8484911265036,19816909
2017-10-13,3971.34423828125,3971.3442382812495,3928.8244935441544,3928.8244935441544,16196228
2017-10-16,3928.824951171875,4022.36824081628,3928.824951171875,4013.864450551427,18905838
2017-10-17,3988.35205078125,3988.35205078125,3928.8243307789176,3928.8243307789176,24211138
2017-10-18,3928.824951171875,4013.864450551427,3928.824951171875,4005.360660286575,22080068
2017-10-19,3843.78515625,3937.328438702016,3843.78515625,3928.8246490910055,30302004
2017-10-20,3826.777099609375,3886.3048232176197,3818.273310172219,3843.7850776664045,18090374
2017-10-23,3775.753662109375,3826.7771984151527,3741.737705117038,3809.769219918984,14431913
2017-10-24,3801.265380859375,3801.265380859375,3758.7456347629227,3758.7456347629227,9869784
2017-10-25,3860.792724609375,3869.2965133172183,3818.27298270479,3826.7767714126335,16632585
2017-10-26,3826.777099609375,3869.2968451605902,3792.7615426780335,3852.2888671035607,14538911
2017-10-27,3911.816162109375,3911.816162109375,3826.7766803243885,3826.7766803243885,14903935
2017-10-30,3843.78515625,3945.8326274957517,3843.78515625,3928.8246490910055,17823792
2017-10-31,3843.78515625,3903.3128810752487,3818.273388234243,3843.78515625,15931136
2017-11-01,3852.288818359375,3886.30477404302,3843.78502902982,3852.288818359375,11860353
2017-11-02,3818.27294921875,3903.312432282128,3775.7532076870607,3877.8006671996504,18857386
2017-11-03,3852.288818359375,3852.288818359375,3801.26528401662,3826.7770511879976,8196556
2017-11-06,3894.80859375,3894.8085937499995,3843.7850590092885,3860.793036983764,13039784
2017-11-07,3954.3359375,3979.847702421529,3877.800642735413,3894.808219894647,32559444
2017-11-08,4047.8798828125,4064.887461127273,3962.840394507818,3971.344183665204,39962551
2017-11-09,3996.8564453125,4064.887964545098,3988.3526551019577,4064.887964545098,25019008
2017-11-10,4005.35986328125,4081.8951579838404,3954.3359342968456,3988.351886953115,31229321
2017-11-13,3920.320556640625,4013.8638318665517,3920.320556640625,4005.360042912447,30554839
2017-11-14,3928.824951171875,3979.8484911265036,3860.793431504784,3937.3287414367273,20916019
2017-11-15,3894.80859375,3945.8325276734267,3886.30480435412,3928.824549698951,17673677
2017-11-16,3962.84033203125,3971.3441210545693,3886.3046340905858,3894.8084231139046,25204356
2017-11-17,4013.8642578125,4039.3760265647825,3962.8407203079346,3996.856278916732,26313176
2017-11-20,4039.37548828125,4081.895230263158,3996.855746299342,4022.3675116519503,19408960
2017-11-21,4081.8955078125,4200.9509531301155,4030.871973637928,4064.8875300267387,45324859
2017-11-22,4115.91162109375,4149.927178785938,4064.887685781379,4090.3998530289277,54369614
2017-11-23,4200.95068359375,4285.990167883642,4115.911199303858,4217.9586602882655,54901336
2017-11-24,4209.455078125,4260.479015551313,4149.927350719006,4200.951288145319,20386267
2017-11-27,4149.9267578125,4251.974218902702,4149.9267578125,4217.958664661092,28152765
2017-11-28,4124.41552734375,4175.439464098882,4098.9037585575525,4141.423506262127,29920733
2017-11-29,4251.974609375,4251.974609375,4124.41537109375,4149.927138913456,26511598
2017-11-30,4354.02197265625,4371.02995051162,4268.982482562115,4268.982482562115,37368351
2017-12-01,4337.013671875,4371.0296250529755,4320.005695286012,4354.021648463988,21594010
2017-12-04,4396.54150390625,4413.549480934548,4362.525549849654,4388.0377149834485,23930280
2017-12-05,4234.96630859375,4413.549468097413,4234.96630859375,4396.541491118585,37633635
2017-12-06,4234.96630859375,4251.974285572579,4141.42303398423,4251.974285572579,28837870
2017-12-07,4200.95068359375,4285.990167883642,4183.9427068992345,4251.974214494611,11829109
2017-12-08,4234.96630859375,4260.478473653339,4175.438987941888,4217.9587307976135,12234125
2017-12-11,4081.8955078125,4209.454742431641,4081.8955078125,4192.44676464588,17963716
2017-12-12,4081.8955078125,4158.431208257069,3801.2652714869328,4098.903485598261,37658678
2017-12-13,3954.3359375,4115.911113974146,3954.3359375,4107.406926211852,11728167
2017-12-14,4081.8955078125,4115.911463384022,3962.8404616775956,3979.848040280645,14119138
2017-12-15,4124.41552734375,4124.41552734375,4064.8878007207977,4090.3999686897328,12286471
2017-12-18,4200.95068359375,4200.95068359375,4124.414988059772,4132.919175998373,22035365
2017-12-19,4175.4384765625,4209.454027171471,4141.422526770885,4192.4460522756635,17276304
2017-12-20,4234.96630859375,4260.478473653339,4149.926822882298,4183.942776839956,25508815
2017-12-21,4243.470703125,4311.502215167447,4226.462725318711,4251.974492436789,27247559
2017-12-22,4294.49462890625,4302.998818176109,4209.455131304146,4243.471090018087,21379725
2017-12-25,4251.974609375,4354.022079836544,4234.966631100955,4302.998544197134,20134250
2017-12-26,4251.974609375,4268.982587649044,4192.446885007205,4200.951073735589,24536651
2017-12-27,4268.982421875,4320.0059555330545,4234.966466647826,4251.974444261413,33745123
2017-12-28,4362.52587890625,4362.52587890625,4260.478807404644,4285.990575280046,50481678
2017-12-29,4320.005859375,4396.541557341197,4320.005859375,4379.533580106187,22633372
2018-01-01,4320.005859375,4320.005859375,4320.005859375,4320.005859375,0
2018-01-02,4515.59765625,4515.59765625,4311.502698080159,4337.0144680557,37799468
2018-01-03,4473.0771484375,4566.620422221092,4456.069171608841,4524.100679740788,36407531
2018-01-04,4481.5810546875,4515.597009236109,4447.5651001388915,4498.589031961805,31205816
2018-01-05,4447.56494140625,4498.58887140813,4413.549387254348,4490.084683483141,47048990
2018-01-08,4668.66845703125,4668.66845703125,4430.557949752992,4439.061739619711,44138699
2018-01-09,4711.18798828125,4762.211523502836,4524.101027164238,4694.180010146481,42731764
2018-01-10,4719.69140625,4779.219125444645,4643.156109442045,4677.171663851351,31750517
2018-01-11,4787.72314453125,4830.242888975014,4677.171888814006,4719.691633257769,47015679
2018-01-12,4677.171875,4898.274784964169,4660.163897436186,4830.242874708913,52738541
2018-01-15,4813.2353515625,4838.74711860963,4668.668139385147,4728.195861950258,30494562
2018-01-16,4855.7548828125,4855.7548828125,4728.195654004193,4745.20323183248,29209239
2018-01-17,4760.20361328125,4959.993510616263,4760.20361328125,4873.1284796886775,44939118
2018-01-18,4864.44140625,4864.44140625,4673.338269454078,4725.457529172201,26317550
2018-01-19,4829.69482421875,4916.559834642628,4821.008078525244,4916.559834642628,30908760
2018-01-22,4829.69482421875,4829.69482421875,4829.69482421875,4829.69482421875,0
2018-01-23,4829.69482421875,4829.69482421875,4829.69482421875,4829.69482421875,0
2018-01-24,4829.69482421875,4829.69482421875,4829.69482421875,4829.69482421875,0
2018-01-25,5159.783203125,5203.215720296921,4925.247528846232,4951.306957598989,83798329
2018-01-26,5472.49658203125,5507.242755176666,5159.7826547302375,5211.901506696428,41894766
2018-01-29,5750.46435546875,5828.643035888644,5541.988553935541,5541.988553935541,39346038
2018-01-30,5698.34619140625,5759.151793729942,5524.616132053961,5576.734986758866,34681044
2018-01-31,5541.98876953125,5680.972642626838,5533.302022617825,5559.361447854258,40804404
2018-02-01,5333.51318359375,5541.9894256714615,5316.140095461946,5541.9894256714615,27671706
2018-02-02,5385.6318359375,5489.869953022165,5316.139893798375,5333.512981271144,25978818
2018-02-05,5038.171875,5298.766971982759,5020.799194736056,5264.021203702904,31765610
2018-02-06,4829.69482421875,5038.17060458494,4690.710562889427,4690.710562889427,50876264
2018-02-07,5072.91796875,5125.036824200407,5003.426025565471,5107.664144218244,23579820
2018-02-08,4916.56005859375,5064.230664591166,4916.56005859375,5038.170834075477,9445781
2018-02-09,5020.79833984375,5038.171017149645,4725.457117116977,4742.8302021747695,20589112
2018-02-12,5368.25830078125,5368.25830078125,5125.035930424023,5211.900946193921,20630642
2018-02-13,5472.49658203125,5541.988928322082,5420.377730065059,5420.377730065059,24070733
2018-02-14,5472.49658203125,5472.49658203125,5472.49658203125,5472.49658203125,0
2018-02-15,5472.49658203125,5472.49658203125,5472.49658203125,5472.49658203125,0
2018-02-16,5472.49658203125,5472.49658203125,5472.49658203125,5472.49658203125,0
2018-02-19,5472.49658203125,5472.49658203125,5472.49658203125,5472.49658203125,0
2018-02-20,5472.49658203125,5472.49658203125,5472.49658203125,5472.49658203125,0
2018-02-21,5507.2421875,5628.853373221559,5455.123340906126,5507.2421875,21709949
2018-02-22,5481.18310546875,5594.107551954228,5385.631337094948,5385.631337094948,28837630
2018-02-23,5733.091796875,5733.091796875,5463.810375577103,5489.869802194328,41771377
2018-02-26,5654.91259765625,5828.642623862244,5646.225851694825,5802.583201481721,41036426
2018-02-27,5698.34619140625,5715.71927889187,5585.421734377654,5680.973103920631,23369814
2018-02-28,5698.34619140625,5698.34619140625,5698.34619140625,5698.34619140625,0
2018-03-01,5889.44873046875,6063.178771892562,5793.896963034506,5906.821408409602,38003947
2018-03-02,5941.56787109375,5941.56787109375,5767.837821152435,5785.210907696953,22483402
2018-03-05,5646.2265625,6071.865343389232,5646.2265625,5993.686658653846,28281057
2018-03-06,5906.8212890625,5976.313630429464,5654.912978738918,5733.091251148898,33178697
2018-03-07,5733.091796875,5967.627451933911,5646.226769649621,5924.194938321222,39144731
2018-03-08,5741.77783203125,5819.956102185593,5724.404747190765,5767.837255416031,18636661
2018-03-09,5819.95654296875,5872.075801437534,5767.837692251888,5846.016376079104,19300808
2018-03-12,5872.076171875,5958.941200384228,5863.389424372908,5906.821938627522,31634145
2018-03-13,6028.4326171875,6028.4326171875,5837.329489542149,5872.075661023817,29373582
2018-03-14,6045.8056640625,6150.043770085492,6028.43257843335,6097.924513198041,39129302
2018-03-15,6245.59521484375,6323.773897368281,6011.059575022073,6045.805746755624,35325389
2018-03-16,6254.28125,6332.459928725758,6132.670470345582,6254.28125,28621711
2018-03-19,6236.9091796875,6367.206718409351,6202.163006260898,6254.281858648865,47450738
2018-03-20,6323.77392578125,6384.57911496029,6167.416560029668,6167.416560029668,41467975
2018-03-21,6393.26513671875,6436.697642778991,6341.145884795336,6358.5189687698075,31385541
2018-03-22,6254.28125,6410.638607451516,6228.2218263420455,6393.265522428915,33793816
2018-03-23,6167.4169921875,6167.4169921875,5985.000596364423,6080.551964128521,47676655
2018-03-26,6219.53564453125,6219.53564453125,6097.92445405853,6097.92445405853,22477826
2018-03-27,6219.53564453125,6323.773749543308,6202.162559070589,6323.773749543308,23532186
2018-03-28,6150.0439453125,6228.222221243266,6115.2977730642115,6184.789709808866,19440060
2018-03-29,6115.2978515625,6202.162875546331,5993.6866548843645,6202.162875546331,16487806
2018-03-30,6028.4326171875,6150.043809621427,5967.627020970536,6132.670723880592,22633853
2018-04-02,6219.53564453125,6245.595068846288,6028.432519967792,6028.432519967792,23416583
2018-04-03,6375.89306640625,6375.89306640625,6219.536101281571,6289.028040475658,47166996
2018-04-04,6341.146484375,6506.1901861101815,6341.146484375,6428.011504708904,34324144
2018-04-05,6375.89306640625,6410.639239879261,6332.460553440954,6410.639239879261,19827532
2018-04-06,6358.51953125,6436.698212174938,6349.833192370299,6410.638787783928,21540896
2018-04-09,6393.26513671875,6428.010896915821,6254.280872674853,6367.205714632979,38050476
2018-04-10,6349.83349609375,6497.504118375358,6236.909046496729,6410.639094415815,41175917
2018-04-11,6115.2978515625,6367.206584216381,6115.2978515625,6367.206584216381,47704822
2018-04-12,6045.8056640625,6132.670684456341,5993.68640717505,6063.17874969165,38041920
2018-04-13,5750.46435546875,6132.670603240823,5750.46435546875,6097.924432442669,34219357
2018-04-16,5837.330078125,5915.50876796562,5750.465048414068,5785.211223399222,33452681
2018-04-17,5993.68603515625,5993.68603515625,5828.6427513030785,5889.44834335504,20983842
2018-04-18,5846.0166015625,6028.432993859317,5846.0166015625,6019.746654322112,14719212
2018-04-19,5541.98876953125,5846.016348710779,5507.242597381392,5837.329601797355,42368471
2018-04-20,5707.03125,5733.090671501909,5507.241808149548,5646.225661327638,26830718
2018-04-23,5316.13916015625,5733.09116320241,5316.13916015625,5724.40482454074,39805274
2018-04-24,5307.453125,5403.004486750029,5142.409418975127,5272.706952862578,30100698
2018-04-25,5307.453125,5307.453125,5307.453125,5307.453125,0
2018-04-26,4951.30615234375,5350.8854899910575,4951.30615234375,5342.198743318257,35211709
2018-04-27,5194.52880859375,5211.901487350039,4951.306412982537,4951.306412982537,24105294
2018-04-30,5194.52880859375,5194.52880859375,5194.52880859375,5194.52880859375,0
2018-05-01,5194.52880859375,5194.52880859375,5194.52880859375,5194.52880859375,0
2018-05-02,5090.291015625,5255.33432839448,4864.441692398195,5211.901813283781,23616111
2018-05-03,5255.33349609375,5255.33349609375,4881.814006847383,5003.425192998243,31724945
2018-05-04,5333.51318359375,5368.2593598573585,5229.275062554894,5298.767007330142,20130501
2018-05-07,5594.107421875,5620.166846188474,5333.512363236448,5385.631211863396,24826834
2018-05-08,5472.49658203125,5611.480866860981,5455.123903210474,5559.361607142857,25274486
2018-05-09,5420.37744140625,5541.988633186945,5376.944931163417,5455.12361270128,17763948
2018-05-10,5133.72314453125,5429.063980414652,5116.350058243538,5385.631468571335,26766836
2018-05-11,5307.453125,5307.453125,5029.484971156387,5090.290568520914,16173877
2018-05-14,5385.6318359375,5385.6318359375,5237.961611798841,5368.259156216684,13816602
2018-05-15,5385.6318359375,5481.1836131617565,5333.512981271144,5359.572408604322,21016768
2018-05-16,5264.02099609375,5385.63179190495,5237.961568973632,5342.199277454104,11873812
2018-05-17,5194.52880859375,5298.7665121392065,5177.155722085531,5264.0207468746985,17285293
2018-05-18,5264.02099609375,5264.02099609375,4986.052822057944,5211.901734101564,18473087
2018-05-21,5142.4091796875,5316.139216786727,5142.4091796875,5316.139216786727,13023296
2018-05-22,5003.42529296875,5133.722820268688,4864.441019197677,5072.917225978337,26334710
2018-05-23,5090.291015625,5125.0367830623845,4925.247295103564,4951.306722619592,16216417
2018-05-24,5081.60400390625,5159.782690144043,5003.425725420391,5090.290751128191,16713194
2018-05-25,4899.1875,5133.72314555088,4899.1875,5081.603886677392,17604508
2018-05-28,4569.10009765625,4899.187077729816,4560.413351383433,4794.948976719245,42264020
2018-05-29,4881.8134765625,4881.8134765625,4569.0996143599705,4655.964621388656,30400543
2018-05-30,4786.26318359375,4925.247062277152,4760.203349557667,4864.441462446187,18685497
2018-05-31,5055.54443359375,5064.231180568003,4760.2031915076295,4760.2031915076295,23241666
2018-06-01,5081.60400390625,5159.782690144043,4986.052638728444,5020.798812112338,31561660
2018-06-04,5290.080078125,5290.080078125,5038.171347642125,5055.544433839551,32458406
2018-06-05,5290.080078125,5350.8856759400305,5177.155629469613,5281.3937389022485,26110956
2018-06-06,5307.453125,5342.198889385501,5194.52867718126,5229.274441566761,35327552
2018-06-07,5368.25830078125,5455.1233165511485,5316.139046668178,5350.885216076892,45064429
2018-06-08,5342.19873046875,5385.63124047256,5211.901200457317,5281.393542664941,23250655
2018-06-11,5264.02099609375,5411.6916267770175,5255.334248552411,5281.394083424479,27353740
2018-06-12,5116.349609375,5229.274048710132,4977.365339018624,5211.9009639465985,52990895
2018-06-13,5125.03662109375,5159.782795184993,5003.4258272782845,5107.663941800071,19771677
2018-06-14,4968.6787109375,5142.408732944043,4968.6787109375,5125.035649193015,14787227
2018-06-15,5107.6640625,5125.0367422042145,4916.560915986062,4916.560915986062,18187711
2018-06-18,4864.44140625,5151.096315319849,4847.0683196772925,5116.350142174434,27444251
2018-06-19,4777.576171875,4803.635596716663,4534.354193766292,4777.576171875,39422513
2018-06-20,4847.068359375,4907.873959001512,4751.5169940704345,4829.695680411941,23176775
2018-06-21,4708.08447265625,4847.068350621332,4690.711385972631,4847.068350621332,12169667
2018-06-22,4847.068359375,4847.068359375,4621.219455335881,4673.338307728929,15674072
2018-06-25,4899.1875,4968.679437412725,4873.128074439219,4899.1875,18845658
2018-06-26,4847.068359375,4881.814532804989,4777.576420266959,4821.008933178477,12106602
2018-06-27,4742.830078125,4881.813939448389,4742.830078125,4864.440854844994,10905589
2018-06-28,4603.845703125,4742.829969002541,4569.099942469522,4673.337632187832,26483142
2018-06-29,4551.7275390625,4673.338331173673,4534.35445226035,4603.846391717012,16998426
2018-07-02,4317.19189453125,4543.040800117602,4291.1324681562,4447.489434158439,28748753
2018-07-03,4073.9697265625,4369.310559006654,4065.282979643838,4325.878047669109,31672984
2018-07-04,4152.1484375,4178.20827323536,4056.597065643559,4169.521525406252,15846105
2018-07-05,3917.612548828125,4186.893941003389,3917.612548828125,4152.14777077024,21876262
2018-07-06,4186.46044921875,4186.46044921875,3917.7001149230414,3969.384716181452,21799151
2018-07-09,4217.470703125,4372.524896018043,4165.78610807796,4300.166055200264,17011956
2018-07-10,4258.818359375,4331.17719985658,4217.47068352948,4289.8291162591395,13048331
2018-07-11,4010.73193359375,4155.449208141622,3979.72117642319,4093.4272860485767,21778469
2018-07-12,4176.123046875,4258.818399342098,4000.395015130493,4031.4057723056544,14191448
2018-07-13,4300.166015625,4362.187936862571,4238.144502139348,4279.492177796449,23750608
2018-07-16,4424.20947265625,4475.894067488234,4351.851039891472,4413.872553689853,27121348
2018-07-17,4620.611328125,4651.622084939327,4341.51410904414,4351.8510279822485,24451948
2018-07-18,4775.6650390625,4796.338874856964,4630.947780749374,4641.284698646606,24394469
2018-07-19,4672.29541015625,4775.664995947216,4651.621574548432,4754.9907525875215,28713915
2018-07-20,4817.013671875,4858.361351714759,4548.2533451646095,4630.948704844126,35626377
2018-07-23,4723.98046875,4910.045415467509,4723.98046875,4806.676227153291,24057513
2018-07-24,4723.98046875,4723.98046875,4723.98046875,4723.98046875,0
2018-07-25,4548.2529296875,4744.65439098533,4548.2529296875,4713.6436339383035,22234464
2018-07-26,4651.62255859375,4651.62255859375,4475.894511000358,4548.253358687027,17664543
2018-07-27,4754.9912109375,4806.676212691016,4641.285104133978,4682.632779335258,29154075
2018-07-30,4858.36083984375,4858.36083984375,4786.002407747769,4817.013164360333,16632183
2018-07-31,4848.02392578125,4941.05619571121,4754.991248099372,4796.339331375717,25136566
2018-08-01,4775.6650390625,4879.03421803482,4734.316959721693,4817.012710651428,19456166
2018-08-02,4744.654296875,4765.328134496284,4630.948189957936,4765.328134496284,20624932
2018-08-03,4775.6650390625,4848.023464343124,4744.6538776189245,4796.338874856964,18029290
2018-08-06,4723.98046875,4817.0131459847125,4703.306631087156,4734.317387581422,13968399
2018-08-07,4713.64404296875,4806.676729934741,4672.296363318069,4713.64404296875,16537018
2018-08-08,4817.013671875,4858.361351714759,4723.980984483583,4754.991744363401,21358505
2018-08-09,4786.00244140625,4920.38238767241,4786.00244140625,4889.371630841758,26957151
2018-08-10,4806.67626953125,4806.67626953125,4734.317429321431,4775.665512763579,18187629
2018-08-13,5034.0888671875,5034.0888671875,4765.328161106194,4786.00240659484,52356917
2018-08-14,4930.71923828125,5065.0995904369565,4930.71923828125,5034.088834036082,25540575
2018-08-15,4817.013671875,5003.078638905874,4817.013671875,4941.056711394275,43775990
2018-08-16,4899.70849609375,4899.70849609375,4713.6435493968365,4754.991224717947,30504730
2018-08-17,4837.68701171875,4951.393119524181,4837.68701171875,4941.056200632779,19786498
2018-08-20,4734.3173828125,4868.697735237537,4734.3173828125,4837.686978774509,20903763
2018-08-21,4848.02392578125,4848.02392578125,4723.980491456051,4723.980491456051,20710686
2018-08-22,4837.68701171875,4899.708525067167,4817.013173935944,4899.708525067167,21902516
2018-08-23,4848.02392578125,4868.697763543463,4817.01316913793,4837.687006900143,15018450
2018-08-24,4858.36083984375,4910.045434198022,4754.991243383289,4858.36083984375,26539691
2018-08-27,4941.05615234375,4992.741154047564,4868.69772081109,4899.70847718223,45759196
2018-08-28,4941.05615234375,5013.414991628324,4920.38231476299,4972.06690871489,24890008
2018-08-29,4910.044921875,4951.3925930441255,4889.371086290436,4941.055675251844,16481922
2018-08-30,4982.40380859375,4992.741135096808,4889.371539833449,4899.708458584594,26336758
2018-08-31,4899.70849609375,5044.425767469553,4899.70849609375,5003.078092148443,26382725
2018-09-03,4899.70849609375,4899.70849609375,4899.70849609375,4899.70849609375,0
2018-09-04,4775.6650390625,4910.0449717265155,4775.6650390625,4879.03421803482,27720292
2018-09-05,4703.30615234375,4796.338820108788,4672.295399006029,4754.990741239952,28661808
2018-09-06,4641.28564453125,4744.654844570004,4620.611804523499,4703.307164554502,17424407
2018-09-07,4723.98046875,4723.98046875,4630.948199267204,4641.285118098625,14959234
2018-09-10,4682.63232421875,4734.316913196999,4661.958488627451,4723.97999540135,11049937
2018-09-11,4754.9912109375,4754.9912109375,4672.295860534939,4682.632779335258,15073223
2018-09-12,4703.30615234375,4796.338820108788,4703.30615234375,4775.664984550308,13402899
2018-09-13,4713.64404296875,4775.66597019673,4703.30712305608,4734.31788279409,13941618
2018-09-14,4672.29541015625,4734.316916979704,4630.947738940614,4713.643081371886,42699117
2018-09-17,4568.9267578125,4672.295947745127,4548.2529198259745,4651.622109758601,34179143
2018-09-18,4568.9267578125,4579.263676805763,4486.230998114475,4506.904836101001,22924050
2018-09-19,4630.9482421875,4661.958998969178,4568.926728624145,4568.926728624145,22852272
2018-09-20,4672.29541015625,4692.969245764068,4620.610821136705,4630.947738940614,16306334
2018-09-21,4744.654296875,4765.328134496284,4661.958946389862,4692.969702821789,36163440
2018-09-24,4796.33984375,4837.687523691438,4775.666003779281,4775.666003779281,27574151
2018-09-25,4734.3173828125,4817.013141132491,4734.3173828125,4796.339303490472,24128321
2018-09-26,4754.9912109375,4806.676212691016,4713.64353573622,4723.98045453654,22485667
2018-09-27,4754.9912109375,4775.665456290056,4734.317373336859,4775.665456290056,17624958
2018-09-28,4775.6650390625,4837.6865464458915,4744.6538776189245,4754.990795516157,29872865
2018-10-01,4775.6650390625,4837.6865464458915,4744.6538776189245,4775.6650390625,21085814
2018-10-02,4734.3173828125,4786.002384669463,4723.980463991491,4775.665465848453,19761576
2018-10-03,4775.6650390625,4775.6650390625,4734.316959721693,4744.6538776189245,13814825
2018-10-04,4961.72998046875,5023.751900844747,4796.339280137862,4806.676198908543,86660107
2018-10-05,4899.70849609375,5013.41501097872,4899.70849609375,4961.730009075416,29983865
2018-10-08,4910.044921875,4930.718757459563,4858.360332913592,4879.034168498155,20692024
2018-10-09,4765.328125,4920.382314602559,4765.328125,4910.045395812515,51909445
2018-10-10,4703.30615234375,4744.6538234607115,4641.284645668307,4734.316905681471,45260022
2018-10-11,4393.19873046875,4589.60059923991,4393.19873046875,4548.252923235859,43569946
2018-10-12,4506.90478515625,4537.915541785502,4341.514083133576,4341.514083133576,34262110
2018-10-15,4403.5361328125,4527.579174439912,4403.5361328125,4527.579174439912,17171670
2018-10-16,4496.56787109375,4527.578627756201,4403.535601106397,4403.535601106397,14241979
2018-10-17,4475.89404296875,4568.926720908598,4455.22020514921,4548.252883089059,28494299
2018-10-18,4372.5244140625,4475.893592762854,4372.5244140625,4475.893592762854,16888758
2018-10-19,4341.5146484375,4413.873089994135,4279.49271935127,4300.166559796024,16900836
2018-10-22,4362.1875,4486.230514548694,4362.1875,4455.219760911521,15857247
2018-10-23,4424.20947265625,4465.557148521837,4310.502956273964,4362.1879588578695,30553121
2018-10-24,4351.8515625,4465.5576847851935,4351.8515625,4424.210003954214,12973766
2018-10-25,4341.5146484375,4351.851568659877,4207.134277794636,4217.471198017012,21756173
2018-10-26,4351.8515625,4434.546924161959,4320.840394124795,4382.862323123235,21125681
2018-10-29,4393.19873046875,4403.535649469763,4331.1772164626755,4341.514135463688,15597804
2018-10-30,4413.87255859375,4486.230991438919,4372.524882682224,4393.198720637987,22046031
2018-10-31,4527.57861328125,4527.57861328125,4444.883262445764,4486.230937863506,20349614
2018-11-01,4444.8828125,4527.578154964418,4444.8828125,4506.904319348313,11259334
2018-11-02,4506.90478515625,4579.263625043089,4455.220190774165,4486.2309474034155,17331989
2018-11-05,4517.24169921875,4537.915536949553,4455.220186026342,4486.2309426225465,12429796
2018-11-06,4444.8828125,4548.252398332398,4444.8828125,4548.252398332398,14464705
2018-11-07,4444.8828125,4475.893565924157,4413.872059075843,4475.893565924157,11243944
2018-11-08,4424.20947265625,4506.904824387424,4424.20947265625,4506.904824387424,8675163
2018-11-09,4320.84033203125,4434.5468604343705,4310.503411972054,4434.5468604343705,18061967
2018-11-12,4300.166015625,4331.177180119746,4238.144502139348,4238.144502139348,6637952
2018-11-13,4248.4814453125,4279.492202232397,4217.470688392602,4238.144526339201,11420057
2018-11-14,4186.46044921875,4279.492731483889,4155.449688463703,4248.4819707288425,15842908
2018-11-15,4227.80712890625,4320.83938913751,4186.459457692356,4186.459457692356,13325668
2018-11-16,4393.19873046875,4413.872568470775,4279.49221370569,4279.49221370569,20900451
2018-11-19,4403.5361328125,4413.873052948117,4341.514611998793,4393.199212676882,13037910
2018-11-20,4362.1875,4382.861335758116,4320.83942073189,4351.850582120942,15463579
2018-11-21,4413.87255859375,4413.87255859375,4320.839880040896,4320.839880040896,20566079
2018-11-22,4382.86181640625,4424.209492456889,4372.5248973935895,4403.535654431569,16884275
2018-11-23,4331.177734375,4382.862335560389,4331.177734375,4382.862335560389,16580440
2018-11-26,4300.166015625,4331.177180119746,4300.166015625,4331.177180119746,10618744
2018-11-27,4269.1552734375,4341.514113836048,4248.481435538463,4331.17719488653,16332670
2018-11-28,4310.50244140625,4310.50244140625,4258.817852747729,4279.491688211137,8964457
2018-11-29,4320.84033203125,4362.188420019998,4300.166491912858,4310.503411972054,17303956
2018-11-30,4455.22021484375,4537.915566301854,4300.166023107885,4300.166023107885,79061209
2018-12-03,4579.263671875,4589.600590857132,4475.894074301754,4475.894074301754,41556849
2018-12-04,4548.2529296875,4589.600605750201,4527.578683904226,4568.926767718851,31130697
2018-12-05,4589.60107421875,4630.94875450188,4455.220705546611,4486.231465758959,52063706
2018-12-06,4651.62255859375,4672.296398575094,4558.590278677699,4589.6010386497155,65853851
2018-12-07,4651.62255859375,4734.317918519128,4651.62255859375,4661.959478584422,46053942
2018-12-10,4568.9267578125,4641.285190765339,4537.915593080789,4610.274433785551,31822505
2018-12-11,4599.93798828125,4610.274908338531,4527.579140128319,4579.264148166688,35763510
2018-12-12,4599.93798828125,4599.93798828125,4599.93798828125,4599.93798828125,0
2018-12-13,4589.60107421875,4682.633354855793,4589.60107421875,4672.296434785011,27291886
2018-12-14,4506.90478515625,4579.263625043089,4486.2309474034155,4568.9267061666715,34256535
2018-12-17,4393.19873046875,4486.231001477862,4393.19873046875,4465.557163475837,37953164
2018-12-18,4403.5361328125,4403.5361328125,4310.5034438399725,4320.840363975591,35754907
2018-12-19,4372.5244140625,4403.535167672606,4320.839416960445,4403.535167672606,24618690
2018-12-20,4331.177734375,4393.199255797466,4320.840406385951,4351.851574849155,15305401
2018-12-21,4331.177734375,4331.177734375,4269.155805200562,4310.503486148873,19320648
2018-12-24,4227.80712890625,4351.850550299806,4227.80712890625,4320.83938913751,17194653
2018-12-25,4072.752685546875,4155.448430273619,4000.394265693842,4103.7638446643095,41442497
2018-12-26,4052.080078125,4114.102007385995,4052.0800781249995,4083.090838879511,10899353
2018-12-27,4072.752685546875,4155.448430273619,4041.7419341812897,4134.774596029895,21388437
2018-12-28,4072.752685546875,4072.7526855468755,4072.7526855468755,4072.7526855468755,0
2018-12-31,4072.752685546875,4072.7526855468755,4072.7526855468755,4072.7526855468755,0
2019-01-01,4072.752685546875,4072.7526855468755,4072.7526855468755,4072.7526855468755,0
2019-01-02,4000.39599609375,4072.7544472459495,4000.39599609375,4031.406760873264,14725158
2019-01-03,3824.666748046875,4010.7316874008357,3824.6667480468755,4010.7316874008357,34578870
2019-01-04,3845.3408203125,3907.3627423955504,3731.6347107054366,3803.99314409175,24469842
2019-01-07,3917.69970703125,3979.721222083965,3907.3627878557977,3928.0366262067027,16719391
2019-01-08,3897.025634765625,3948.7102275405764,3876.3513899037393,3928.036390430596,12813366
2019-01-09,4000.39599609375,4021.0698392800928,3917.70062334838,3928.037544941551,23888751
2019-01-10,4000.39599609375,4031.406760873264,3979.7221529074077,4000.39599609375,11655951
2019-01-11,3979.72119140625,4021.068867789331,3959.0473532147093,4000.39502959779,13437758
2019-01-14,3928.036865234375,3990.0583840612044,3907.363025625432,3959.0476246477897,19203549
2019-01-15,4031.40576171875,4062.416518812474,3928.036571406337,3928.036571406337,23865041
2019-01-16,4021.068603515625,4083.090114014053,4000.3947666828153,4052.079358764839,10121993
2019-01-17,4083.09033203125,4134.775334624902,4021.0688182211743,4021.0688182211743,26964543
2019-01-18,4083.09033203125,4114.101496688209,4052.079575126212,4103.764577719864,12284544
2019-01-21,4341.5146484375,4362.188488882253,4196.79735757226,4238.145038461766,40275145
2019-01-22,4258.818359375,4351.85103777934,4258.818359375,4341.51411881796,23026971
2019-01-23,4279.4921875,4300.166025375428,4238.144511749145,4248.481430686858,9930733
2019-01-24,4382.86181640625,4382.86181640625,4279.492218527727,4289.829137540388,19841513
2019-01-25,4372.5244140625,4403.535167672606,4351.85057832243,4382.861331932536,13373776
2019-01-28,4351.8515625,4382.862323123235,4331.177722084511,4362.188482707745,11607439
2019-01-29,4403.5361328125,4413.873052948117,4300.166523704354,4341.514611998793,16022050
2019-01-30,4506.90478515625,4517.241704032667,4382.861758639244,4403.535596392078,27129467
2019-01-31,4527.57861328125,4579.263615305346,4517.241694426814,4548.252858742039,29649089
2019-02-01,4517.24169921875,4537.915536949553,4486.2309426225465,4506.9047803533485,15945142
2019-02-04,4517.24169921875,4517.24169921875,4517.24169921875,4517.24169921875,0
2019-02-05,4517.24169921875,4517.24169921875,4517.24169921875,4517.24169921875,0
2019-02-06,4517.24169921875,4517.24169921875,4517.24169921875,4517.24169921875,0
2019-02-07,4517.24169921875,4517.24169921875,4517.24169921875,4517.24169921875,0
2019-02-08,4517.24169921875,4517.24169921875,4517.24169921875,4517.24169921875,0
2019-02-11,4558.59033203125,4568.927252142906,4527.579163944318,4537.916084055973,17122067
2019-02-12,4548.2529296875,4579.263686734525,4486.231007841525,4579.263686734525,32973539
2019-02-13,4548.2529296875,4568.926767718851,4537.915602919901,4548.2529296875,31480863
2019-02-14,4568.9267578125,4568.9267578125,4537.915593080789,4548.2529198259745,20408143
2019-02-15,4558.59033203125,4579.26417225456,4548.253411919595,4568.927252142906,19370694
2019-02-18,4558.59033203125,4558.59033203125,4558.59033203125,4558.59033203125,0
2019-02-19,4537.91552734375,4568.926691626228,4527.578608500229,4568.926691626228,55123824
2019-02-20,4558.59033203125,4558.59033203125,4506.905323721007,4506.905323721007,39157476
2019-02-21,4568.9267578125,4568.9267578125,4537.915593080789,4548.2529198259745,32310087
2019-02-22,4651.62255859375,4734.317918519128,4548.253358687027,4568.927198668371,30091673
2019-02-25,4641.28564453125,4713.6440845583775,4641.28564453125,4672.296404542876,20049940
2019-02-26,4558.59033203125,4641.285692924492,4558.59033203125,4641.285692924492,27426798
2019-02-27,4558.59033203125,4589.601092366216,4548.253411919595,4558.59033203125,47533733
2019-02-28,4444.8828125,4558.589316140451,4444.8828125,4548.252398332398,23579423
2019-03-01,4506.90478515625,4517.241704032667,4455.220190774165,4475.894028526999,10543169
2019-03-04,4579.263671875,4579.263671875,4496.5679122660185,4506.904831248151,14820566
2019-03-05,4579.263671875,4630.948266785662,4558.589833910735,4558.589833910735,19335553
2019-03-06,4579.263671875,4610.274428821397,4548.252914928603,4579.263671875,9250438
2019-03-07,4589.60107421875,4610.274914360315,4568.927234077185,4579.264154147967,12783556
2019-03-08,4589.60107421875,4589.60107421875,4589.60107421875,4589.60107421875,0
2019-03-11,4506.90478515625,4537.915541785502,4496.567866279833,4537.915541785502,6178362
2019-03-12,4661.95947265625,4672.296392633778,4486.231425286315,4537.916025173954,27456689
2019-03-13,4672.29541015625,4713.643081371886,4651.621574548432,4672.29541015625,24334284
2019-03-14,4651.62255859375,4713.644078537784,4651.62255859375,4692.970238556439,13933459
2019-03-15,4651.62255859375,4692.970238556439,4620.611798621732,4651.62255859375,13024701
2019-03-18,4703.30615234375,4713.64307012299,4651.621563447548,4672.295399006029,19171962
2019-03-19,4682.63232421875,4765.3276665839485,4672.2954064231,4723.97999540135,26014423
2019-03-20,4744.654296875,4744.654296875,4651.62202757922,4703.306621632431,32231725
2019-03-21,4713.64404296875,4817.013649847411,4713.64404296875,4775.66597019673,31518630
2019-03-22,4734.3173828125,4775.665465848453,4703.306626349472,4744.65430163351,16575108
2019-03-25,4579.263671875,4661.959023732059,4558.589833910735,4630.948266785662,26708897
2019-03-26,4579.263671875,4651.622104749927,4579.263671875,4610.274428821397,17349156
2019-03-27,4630.9482421875,4672.295917896404,4589.600566478597,4589.600566478597,9968501
2019-03-28,4630.9482421875,4651.622080041951,4610.274404333049,4610.274404333049,7051897
2019-03-29,4630.9482421875,4661.958998969178,4620.611323260275,4641.285161114726,10058980
2019-04-01,4630.9482421875,4661.958998969178,4610.274404333049,4641.285161114726,7175621
2019-04-02,4641.28564453125,4672.296404542876,4620.611804523499,4661.959484539001,12645049
2019-04-03,4651.62255859375,4661.959478584422,4620.611798621732,4620.611798621732,13373493
2019-04-04,4682.63232421875,4703.306159810049,4661.958488627451,4672.2954064231,12948278
2019-04-05,4703.86962890625,4756.960608963976,4703.86962890625,4746.342412952431,11637774
2019-04-08,4746.3427734375,4746.3427734375,4682.633592529512,4703.869986165508,13496732
2019-04-09,4725.1064453125,4767.579233173354,4693.25185441686,4756.96103620814,12035885
2019-04-10,4661.396484375,4714.487883944673,4650.778288230512,4682.6332955112075,9569945
2019-04-11,4672.01513671875,4682.633332948129,4640.160129183379,4661.396521642137,5666545
2019-04-12,4650.7783203125,4693.251524030673,4640.160124094766,4693.251524030673,4291332
2019-04-15,4650.7783203125,4650.7783203125,4650.7783203125,4650.7783203125,0
2019-04-16,4565.83203125,4608.304809429597,4533.9774476153025,4533.9774476153025,11438516
2019-04-17,4565.83203125,4618.923003974496,4565.83203125,4597.6866148846975,11051715
2019-04-18,4576.45068359375,4640.159857236203,4544.596096772523,4565.832487986674,15806110
2019-04-19,4587.06884765625,4608.3052387243615,4555.214261054082,4587.06884765625,7258022
2019-04-22,4544.59619140625,4597.687170547159,4491.50521226534,4597.687170547159,12061777
2019-04-23,4523.3603515625,4555.214942933043,4502.123957315472,4523.3603515625,8107725
2019-04-24,4565.83203125,4565.83203125,4523.359253070404,4533.9774476153025,6351769
2019-04-25,4565.83203125,4587.068420339799,4544.595642160202,4565.83203125,4522742
2019-04-26,4629.54150390625,4629.54150390625,4544.595941943638,4565.832332434291,8769440
2019-04-29,4629.54150390625,4629.54150390625,4629.54150390625,4629.54150390625,0
2019-04-30,4629.54150390625,4629.54150390625,4629.54150390625,4629.54150390625,0
2019-05-01,4629.54150390625,4629.54150390625,4629.54150390625,4629.54150390625,0
2019-05-02,4650.7783203125,4693.251524030673,4629.5419278770305,4640.160124094766,11824995
2019-05-03,4693.25146484375,4703.869660927578,4608.305477325898,4650.77826166121,14629063
2019-05-06,4565.83203125,4629.541198519395,4533.9774476153025,4618.923003974496,14044539
2019-05-07,4555.21435546875,4608.305334239431,4555.21435546875,4597.687138485295,5207885
2019-05-08,4523.3603515625,4555.214942933043,4480.887563068442,4480.887563068442,10364350
2019-05-09,4459.65087890625,4555.214646805423,4417.1776743260425,4523.360057505699,16664134
2019-05-10,4438.41455078125,4502.124155169438,4417.178155600949,4459.651364808838,12752009
2019-05-13,4512.74169921875,4533.97809132357,4427.795711952243,4449.032522904291,11450270
2019-05-14,4523.3603515625,4523.3603515625,4459.651168821414,4459.651168821414,6149603
2019-05-15,4555.21435546875,4587.068942731159,4512.741572452205,4512.741572452205,10457981
2019-05-16,4523.3603515625,4565.833140056558,4523.3603515625,4565.833140056558,6290291
2019-05-17,4502.12353515625,4544.59631966768,4480.887142900535,4523.359927411965,6018609
2019-05-20,4491.5048828125,4533.97766300984,4470.26849271383,4470.26849271383,10414882
2019-05-21,4523.3603515625,4544.596745809528,4491.505760191957,4502.123957315472,9537469
2019-05-22,4576.45068359375,4640.159857236203,4512.741509951296,4523.359705558372,19455398
2019-05-23,4597.6875,4618.923893178083,4565.832910232874,4565.832910232874,7448999
2019-05-24,4533.97802734375,4608.305398661772,4533.97802734375,4597.687202759197,10776397
2019-05-27,4523.3603515625,4544.596745809528,4512.742154438985,4533.978548686015,6001806
2019-05-28,4533.97802734375,4544.596223246324,4502.123439636027,4523.359831441176,6678143
2019-05-29,4502.12353515625,4533.978123539823,4491.505339028392,4533.978123539823,6050196
2019-05-30,4491.5048828125,4533.97766300984,4480.886687763165,4480.886687763165,5218912
2019-05-31,4427.79541015625,4502.123196304207,4427.79541015625,4480.886805646847,9522200
2019-06-03,4321.61376953125,4417.177534403253,4321.61376953125,4395.9411422094745,8792787
2019-06-04,4321.61376953125,4353.468357821917,4310.995573434361,4342.850161725029,5937298
2019-06-05,4300.3779296875,4374.705311912498,4300.3779296875,4353.46891699107,7171097
2019-06-06,4289.75927734375,4353.468455352357,4268.522884674214,4300.377473678517,7278138
2019-06-07,4364.0869140625,4364.0869140625,4321.614126169901,4321.614126169901,4260916
2019-06-10,4374.705078125,4427.796062591347,4353.468684338461,4417.177865698078,6429687
2019-06-11,4395.94091796875,4406.559113523996,4374.704526858258,4374.704526858258,4307287
2019-06-12,4374.705078125,4406.559668804808,4374.705078125,4385.32327501827,3536430
2019-06-13,4374.705078125,4385.32327501827,4332.232290551921,4353.468684338461,3500521
2019-06-14,4395.94091796875,4449.032314592187,4364.086331303012,4374.704526858258,6157277
2019-06-17,4395.94091796875,4427.795504634488,4385.3227224135035,4417.177309079241,5497905
2019-06-18,4374.705078125,4406.559668804808,4374.705078125,4395.941471911539,2976182
2019-06-19,4385.32275390625,4417.177340800748,4374.7045582747505,4395.9409495377495,5136632
2019-06-20,4523.3603515625,4523.3603515625,4385.323370109544,4385.323370109544,11903962
2019-06-21,4523.3603515625,4555.214942933043,4502.123957315472,4523.3603515625,8693865
2019-06-24,4523.3603515625,4533.978548686015,4502.123957315472,4523.3603515625,6095800
2019-06-25,4480.88671875,4523.359499241054,4470.268523627236,4512.741304118291,5360772
2019-06-26,4427.79541015625,4502.123196304207,4427.79541015625,4470.268610318168,11257920
2019-06-27,4374.705078125,4459.651072118417,4374.705078125,4427.796062591347,8620552
2019-06-28,4438.41455078125,4438.41455078125,4332.2325748797475,4395.941760420649,9843162
2019-07-01,4491.5048828125,4502.123077861836,4449.03210261516,4459.650297664495,9239855
2019-07-02,4491.5048828125,4523.359467960506,4459.650297664495,4491.5048828125,8319868
2019-07-03,4459.65087890625,4491.5054682059745,4438.414067192525,4480.887271772733,7416442
2019-07-04,4491.5048828125,4523.359467960506,4470.26849271383,4491.5048828125,12080923
2019-07-05,4523.3603515625,4544.596745809528,4502.123957315472,4502.123957315472,10682201
2019-07-08,4480.88671875,4544.595889486582,4459.650328504474,4512.741304118291,9683933
2019-07-09,4480.88671875,4480.88671875,4480.88671875,4480.88671875,0
2019-07-10,4480.88671875,4555.214084609344,4480.88671875,4523.359499241054,10303397
2019-07-11,4544.59619140625,4555.214387234432,4480.887016437158,4502.123408093522,11037335
2019-07-12,4533.97802734375,4618.923594564347,4533.97802734375,4555.2144191489,21376036
2019-07-15,4555.21435546875,4565.832551222887,4512.741572452205,4555.21435546875,11589706
2019-07-16,4618.92333984375,4661.396121111794,4576.450558575706,4576.450558575706,20024089
2019-07-17,4693.25146484375,4714.487857011406,4608.305477325898,4629.541869493554,32340503
2019-07-18,4714.48828125,4714.48828125,4650.7786801668235,4650.7786801668235,20770588
2019-07-19,4714.48828125,4767.579266446593,4714.48828125,4756.961069407274,18784595
2019-07-22,4714.48828125,4799.433857564548,4703.870084210682,4735.724675328637,23370592
2019-07-23,4820.66943359375,4831.287628831201,4703.869285981791,4735.723871694144,29346628
2019-07-24,4799.43310546875,4884.3786684718925,4799.43310546875,4841.905886970321,22061785
2019-07-25,4799.43310546875,4799.43310546875,4799.43310546875,4799.43310546875,0
2019-07-26,4799.43310546875,4799.43310546875,4799.43310546875,4799.43310546875,0
2019-07-29,4799.43310546875,4799.43310546875,4799.43310546875,4799.43310546875,0
2019-07-30,4799.43310546875,4799.43310546875,4799.43310546875,4799.43310546875,0
2019-07-31,4714.48828125,4714.48828125,4629.542286088186,4640.160483127504,15634036
2019-08-01,4672.01513671875,4703.8697254068875,4650.778325412757,4693.251529177508,7822794
2019-08-02,4661.396484375,4693.251491655696,4597.68730750807,4597.68730750807,14180946
2019-08-05,4629.54150390625,4661.3960896422295,4597.6869181702705,4650.777894396902,12937049
2019-08-06,4629.54150390625,4629.54150390625,4629.54150390625,4629.54150390625,0
2019-08-07,4523.3603515625,4576.451337180072,4512.742154438985,4544.596745809528,6958267
2019-08-08,4587.06884765625,4618.923434258418,4523.359674451915,4555.214261054082,12671587
2019-08-09,4587.06884765625,4587.06884765625,4587.06884765625,4587.06884765625,0
2019-08-12,4650.7783203125,4661.396516530235,4565.832750570622,4587.0691430060915,16514115
2019-08-13,4714.48828125,4735.724675328637,4608.305892009549,4629.542286088186,17762899
2019-08-14,4735.724609375,4799.433790723644,4735.724609375,4778.197396940763,12448740
2019-08-15,4735.724609375,4735.724609375,4640.160418504774,4672.015428026356,12531263
2019-08-16,4735.724609375,4735.724609375,4735.724609375,4735.724609375,0
2019-08-19,4735.724609375,4735.724609375,4735.724609375,4735.724609375,0
2019-08-20,4703.86962890625,4746.342412952431,4682.63323688316,4693.2514328947045,10959740
2019-08-21,4778.197265625,4820.670052023514,4714.48808602723,4735.724479226486,24839275
2019-08-22,4788.8154296875,4863.142805379889,4788.8154296875,4820.670019269952,19296008
2019-08-23,4810.05126953125,4841.905855450059,4778.196683612442,4820.66946483752,11601945
2019-08-26,4948.0888671875,4948.0888671875,4746.3427114337865,4767.579104792361,59301814
2019-08-27,4948.0888671875,5043.652637301087,4916.234277149638,4990.56165390465,46113764
2019-08-28,4958.70703125,4969.325227859445,4894.997432746084,4948.088834640555,19243498
2019-08-29,4958.70703125,4979.943424468888,4884.37923613664,4969.325227859445,19550281
2019-08-30,4905.615234375,4979.94259831041,4905.615234375,4958.706208614579,16089748
2019-09-02,4905.615234375,4905.615234375,4905.615234375,4905.615234375,0
2019-09-03,4841.90625,4969.325022905341,4841.90625,4916.234042047795,35228184
2019-09-04,4884.37890625,4884.37890625,4810.051535003895,4820.669730896196,13337019
2019-09-05,4799.43310546875,4905.615478069878,4799.43310546875,4894.996863847285,14583783
2019-09-06,4799.43310546875,4820.669496219535,4778.196714717964,4799.43310546875,12443974
2019-09-09,4799.43310546875,4831.287691594928,4788.814910093357,4820.669496219535,8235407
2019-09-10,4788.8154296875,4863.142805379889,4788.8154296875,4799.433626214984,19453581
2019-09-11,4810.05126953125,4820.66946483752,4788.814878918712,4810.05126953125,7635089
2019-09-12,4905.615234375,4905.615234375,4820.669256744495,4820.669256744495,18891272
2019-09-13,4948.0888671875,4990.56165390465,4873.761071585236,4905.61608047035,30195079
2019-09-16,4969.3251953125,5022.416178011998,4937.470605692801,4948.088802232701,18811739
2019-09-17,4948.0888671875,4969.325260546075,4905.61608047035,4948.0888671875,17997783
2019-09-18,5295.46435546875,5368.171056107181,5295.46435546875,5356.0533464326745,25074621
2019-09-19,5331.81689453125,5331.81689453125,5283.346061196479,5307.581477863864,10913164
2019-09-20,5343.93505859375,5392.406338653474,5331.817349226663,5331.817349226663,14966732
2019-09-23,5343.93505859375,5404.524048020561,5331.817349226663,5343.93505859375,14285777
2019-09-24,5368.1708984375,5368.1708984375,5307.581909253147,5356.053189118905,14247591
2019-09-25,5368.1708984375,5368.1708984375,5319.699618571743,5343.935037208933,13384045
2019-09-26,5477.23046875,5477.23046875,5368.17064739152,5368.17064739152,16406025
2019-09-27,5501.46630859375,5513.584018275912,5452.995469865101,5477.230889229425,16100910
2019-09-30,5525.70166015625,5586.29065041501,5513.583950622776,5513.583950622776,24039743
2019-10-01,5586.291015625,5586.291015625,5513.584311079484,5549.937884647949,14457558
2019-10-02,5574.1728515625,5610.525979580411,5525.701571613906,5562.055142223196,21039043
2019-10-03,5562.0556640625,5562.0556640625,5489.34895861386,5525.70209004247,22988632
2019-10-04,5489.34814453125,5574.172547876445,5489.34814453125,5574.172547876445,18180728
2019-10-07,5428.76025390625,5525.702385490596,5428.76025390625,5501.46696324237,19192007
2019-10-08,5501.46630859375,5501.46630859375,5416.6418982272235,5416.6418982272235,18392117
2019-10-09,5549.9375,5549.9375,5477.230800493547,5489.348509979392,13757977
2019-10-10,5513.583984375,5562.055265397009,5513.583984375,5549.937555789354,11428808
2019-10-11,5513.583984375,5549.937555789354,5501.466274767345,5525.701693982655,8604154
2019-10-14,5683.232421875,5755.939117222889,5574.172600148846,5574.172600148846,44126451
2019-10-15,5658.99755859375,5707.468398512537,5646.879848614054,5707.468398512537,14115416
2019-10-16,5646.8798828125,5719.586585722404,5646.8798828125,5683.23301297175,10989424
2019-10-17,5622.64404296875,5646.87990576483,5598.4086227640755,5646.87990576483,19878835
2019-10-18,5574.1728515625,5658.9972595290055,5562.055142223196,5634.761840850398,15255840
2019-10-21,5489.34814453125,5574.172547876445,5477.2304358521305,5549.937130518204,18260317
2019-10-22,5537.81982421875,5562.055243337943,5489.348543388978,5489.348543388978,7882581
2019-10-23,5549.9375,5549.9375,5525.701638436926,5549.9375,5624287
2019-10-24,5562.0556640625,5586.2910850149065,5537.8202431100935,5549.937953586296,13602091
2019-10-25,5622.64404296875,5634.762195662493,5537.820072252391,5562.055492457064,14029470
2019-10-28,5574.1728515625,5671.114968868309,5574.1728515625,5634.761840850398,7799888
2019-10-29,5537.81982421875,5598.408372016732,5537.81982421875,5574.172952897539,10929882
2019-10-30,5586.291015625,5598.408725950683,5525.702021405168,5537.820174322265,13528299
2019-10-31,5574.1728515625,5610.525979580411,5549.937432883892,5574.1728515625,6676220
2019-11-01,5562.0556640625,5622.644216443517,5537.8202431100935,5574.173374538704,15077513
2019-11-04,5646.8798828125,5671.115302918666,5562.055469849512,5574.173179902596,26663966
2019-11-05,5634.7626953125,5671.115828843044,5622.644541544207,5646.880406489348,12010390
2019-11-06,5707.46826171875,5792.292672134997,5634.762003583159,5646.879713272424,40746994
2019-11-07,5695.3505859375,5743.821867574532,5671.115166414681,5719.586448051713,22493147
2019-11-08,5671.115234375,5731.704226499514,5658.9975244683765,5707.46836409487,26610932
2019-11-11,5683.232421875,5780.1745348084,5658.99700428949,5743.8214084301335,50894566
2019-11-12,5646.8798828125,5695.350723024833,5646.8798828125,5683.23301297175,16565390
2019-11-13,5634.7626953125,5683.233540019893,5610.526830367359,5658.998117666196,17401371
2019-11-14,5562.0556640625,5634.76236951114,5537.8202431100935,5634.76236951114,27282051
2019-11-15,5513.583984375,5562.055265397009,5501.466274767345,5562.055265397009,22303637
2019-11-18,5477.23046875,5537.819455100869,5477.23046875,5501.465886253805,14247740
2019-11-19,5513.583984375,5513.583984375,5452.995436336724,5477.230855552034,9442193
2019-11-20,5477.23046875,5525.70130375761,5465.112759998097,5501.465886253805,7806247
2019-11-21,5428.76025390625,5489.349252118257,5356.053987161573,5465.113829870032,23359274
2019-11-22,5416.64208984375,5501.466503210985,5356.053539289587,5477.2310829893195,19457291
2019-11-25,5428.76025390625,5452.9961187459185,5380.289409409798,5416.642542782137,13804317
2019-11-26,5489.34814453125,5501.46585321037,5428.759158544296,5465.11272717301,11048106
2019-11-27,5477.23046875,5525.70130375761,5440.877342494292,5489.348177501903,5976864
2019-11-28,5356.0537109375,5489.348969019839,5356.0537109375,5465.113548021491,11135736
2019-11-29,5368.1708984375,5380.288607756095,5307.581909253147,5368.1708984375,7379691
2019-12-02,5186.404296875,5416.64165571056,5186.404296875,5368.170819152072,12937068
2019-12-06,5295.46435546875,5307.582065143257,5271.228936119736,5283.346645794243,4979909
2019-12-09,5198.52197265625,5295.46408774253,5186.404263594386,5295.46408774253,15548127
2019-12-10,5113.69775390625,5198.522163037115,5113.69775390625,5186.404453531475,15876356
2019-12-11,5283.34716796875,5283.34716796875,5113.698330575795,5137.933752320093,13114124
2019-12-12,5283.34716796875,5343.935722329496,5271.2294570966005,5283.34716796875,10322756
2019-12-13,5283.34716796875,5319.7003005851975,5234.87588188872,5307.582589713048,9318060
2019-12-16,5186.404296875,5283.346412583347,5186.404296875,5283.346412583347,17846964
2019-12-17,5101.58056640625,5186.404984216547,5089.462855660698,5186.404984216547,22648435
2019-12-18,5089.46240234375,5150.050950674909,5089.46240234375,5089.46240234375,11931998
2019-12-19,5016.755859375,5125.815692388995,5016.755859375,5113.697982342041,17889601
2019-12-20,5089.46240234375,5113.697821676214,5016.75570175497,5016.75570175497,7205516
2019-12-23,5101.58056640625,5150.05140938846,5101.58056640625,5125.815987897355,6911770
2019-12-24,5028.87353515625,5101.580237533973,5016.755825191863,5089.462527569586,8837610
2019-12-25,5089.46240234375,5113.697821676214,5028.873411421202,5028.873411421202,11260655
2019-12-26,5053.1083984375,5101.579675546881,5053.1083984375,5089.4619669173735,8023134
2019-12-27,5065.22705078125,5065.22705078125,5040.991629006878,5053.109339894064,8889110
2019-12-30,5077.34521484375,5150.051480318425,5065.227061339869,5089.462925756196,12836797
2019-12-31,5040.9912109375,5101.58020293998,5040.9912109375,5089.462493057764,8201647
2020-01-01,5040.9912109375,5040.9912109375,5040.9912109375,5040.9912109375,0
2020-01-02,5137.93359375,5150.051304248165,5040.991467173261,5065.226888169591,10656184
2020-01-03,5150.05126953125,5210.640264205059,5137.933559114772,5198.522553788581,13001360
2020-01-06,5077.34521484375,5137.933769405979,5077.34521484375,5125.816058493533,9758865
2020-01-07,5089.46240234375,5125.815531342445,5053.108830753666,5089.46240234375,10039034
2020-01-08,5016.755859375,5089.462562248131,5016.755859375,5040.991279468909,15573485
2020-01-09,5101.58056640625,5125.815987897355,5028.873859341505,5077.345144915144,12336525
2020-01-10,5186.404296875,5246.9928425731105,5125.815308585519,5125.815308585519,32142017
2020-01-13,5162.1689453125,5234.875201089901,5150.05079342489,5198.5220732012,10927825
2020-01-14,5210.64013671875,5246.99326707875,5150.051143527344,5162.169296238751,17046962
2020-01-15,5198.52197265625,5234.875099841842,5198.52197265625,5210.639681718114,13561250
2020-01-16,5331.81689453125,5368.1704621236695,5210.639368602981,5222.757076936674,30554729
2020-01-17,5331.81689453125,5392.405878791054,5307.581477863864,5343.9346028649425,17863832
2020-01-20,5331.81689453125,5356.052753789977,5295.463769530172,5331.81689453125,16115945
2020-01-21,5465.11328125,5477.230991157666,5343.93529699054,5356.053449489605,19594776
2020-01-22,5428.76025390625,5477.231540994145,5416.642542782137,5465.113829870032,18668658
2020-01-23,5428.76025390625,5428.76025390625,5428.76025390625,5428.76025390625,0
2020-01-24,5428.76025390625,5428.76025390625,5428.76025390625,5428.76025390625,0
2020-01-27,5428.76025390625,5428.76025390625,5428.76025390625,5428.76025390625,0
2020-01-28,5428.76025390625,5428.76025390625,5428.76025390625,5428.76025390625,0
2020-01-29,5428.76025390625,5428.76025390625,5428.76025390625,5428.76025390625,0
2020-01-30,5150.05126953125,5356.053674385634,5137.933559114772,5307.582390128303,33642011
2020-01-31,5040.9912109375,5222.757744353542,5040.9912109375,5101.58020293998,30165537
2020-02-03,4931.93115234375,5040.990978854063,4725.929208647451,4883.460315046445,53936032
2020-02-04,5125.81494140625,5222.757050170309,4883.459890791771,5004.63741609901,35387841
2020-02-05,5125.81494140625,5234.8747584419,5101.57952486307,5186.403925355539,26842518
2020-02-06,5283.34716796875,5331.818011457346,5065.227044495764,5125.8160414479435,45326005
2020-02-07,5186.404296875,5283.346412583347,5186.404296875,5271.228703443725,30109847
2020-02-10,5089.46240234375,5162.16910293253,5077.344692677519,5113.697821676214,22857842
2020-02-11,5137.93359375,5162.16945733775,5101.580462255506,5113.69817275367,16200508
2020-02-12,5246.9931640625,5307.582156064339,5162.1691948878815,5198.522324534147,41067855
2020-02-13,5186.404296875,5271.228703443725,5174.286587735378,5222.757424293866,24615789
2020-02-14,5271.22900390625,5307.582133397262,5222.757721993506,5234.8754318238425,33973157
2020-02-17,5319.69970703125,5380.288697223117,5283.3465784709615,5331.8174165513465,36254902
2020-02-18,5271.22900390625,5356.053415310006,5259.111294075913,5343.935262888273,20199770
2020-02-19,5234.87548828125,5283.346770716751,5210.6400683592,5271.229060755726,17152432
2020-02-20,5246.9931640625,5307.582156064339,5234.875454180412,5283.346736300163,22831175
2020-02-21,5137.93359375,5259.111583914489,5125.815883251836,5259.111583914489,32895305
2020-02-24,4871.3427734375,5040.991610415296,4871.3427734375,5016.756188730306,45397964
2020-02-25,5040.9912109375,5040.9912109375,4810.753837992593,4847.106967639243,44605667
2020-02-26,4968.2841796875,5065.2262949099895,4931.931052450829,4931.931052450829,18998196
2020-02-27,5065.22705078125,5065.22705078125,4956.167210205141,4980.403074570948,15132792
2020-02-28,4944.04931640625,5028.873732069795,4931.931605967375,4968.284737284001,26255588
2020-03-02,5016.755859375,5040.991279468909,4956.166866548823,4968.284576595778,18685825
2020-03-03,5065.22705078125,5125.816047808616,5040.991629006878,5101.580626034243,21650171
2020-03-05,5004.63818359375,5077.344886964688,5004.63818359375,5065.22673424336,16876003
2020-03-06,5004.63818359375,5016.755893723672,4944.049190352733,4968.284610612577,14296286
2020-03-09,4665.3408203125,4822.871947000902,4665.3408203125,4738.047528214181,45937321
2020-03-10,4641.10498046875,4738.047101407905,4544.162859529595,4580.515988910005,26493943
2020-03-11,4410.86669921875,4725.928890828813,4338.160448162287,4713.811182319402,29886303
2020-03-12,4107.92333984375,4265.454461768999,4107.92333984375,4216.983177102991,57910797
2020-03-13,4144.27685546875,4338.161106212052,3829.214616067324,3841.332326414854,43657895
2020-03-16,3986.74560546875,4192.747559826794,3974.6278955172647,4156.394429972339,15918245
2020-03-17,4047.334228515625,4047.334228515625,3817.0964326714256,3877.685419491764,34970411
2020-03-18,3998.86328125,4107.923112472849,3998.86328125,4107.923112472849,19774935
2020-03-19,3901.9208984375,3974.6275952450173,3877.6854803654496,3926.15631650955,14508798
2020-03-20,3877.685302734375,3950.3915536199593,3865.5675942534444,3914.038428177167,16263790
2020-03-23,3611.094970703125,3780.7438019763285,3611.094970703125,3683.8014546089917,35968001
2020-03-24,3586.859130859375,3635.3301912238653,3502.034719897593,3635.3301912238653,27723380
2020-03-25,3792.861328125,3792.861328125,3647.4479247871495,3708.03691660982,25902524
2020-03-26,3647.447998046875,3768.6259841261,3647.447998046875,3756.507831445053,17307234
2020-03-27,3538.38818359375,3671.6836591805973,3514.1527632847074,3659.565949026076,20116741
2020-03-30,3296.03271484375,3417.2104744238272,3296.03271484375,3392.9748339895345,27254599
2020-03-31,3283.9150390625,3417.2105095833476,3186.9729189192826,3344.503808828087,21281587
2020-04-01,3453.563720703125,3465.681651980655,3235.4440558474,3259.6794758110577,23960154
2020-04-02,3453.563720703125,3453.563720703125,3453.563720703125,3453.563720703125,0
2020-04-03,3574.741455078125,3623.2125159034417,3453.563692366984,3465.6816235450874,19267781
2020-04-06,3817.096923828125,3817.096923828125,3671.683735080808,3683.801445485824,29906798
2020-04-07,3865.567626953125,3926.15616987031,3804.9786414445894,3914.038461286873,47036342
2020-04-08,3804.97900390625,3841.332133119554,3732.272302888249,3756.5077223637854,18613941
2020-04-09,3829.214599609375,3901.9213039734736,3804.97917901848,3877.6858833825786,26828679
2020-04-10,3768.6259765625,3865.5680996764745,3744.390113840453,3829.2145268891063,30745922
2020-04-13,3817.096923828125,3889.803628849638,3756.5079292116284,3768.6260822080612,23553570
2020-04-14,3853.4501953125,3877.6860595961575,3756.5080659521673,3877.6860595961575,26264414
2020-04-15,3962.51025390625,3998.8633843876783,3853.4499772791482,3877.6858401915088,38563763
2020-04-16,3998.86328125,3998.86328125,3877.6857401792113,3938.2742894189073,16981473
2020-04-17,4120.04052734375,4156.394096876206,4023.0984129094745,4047.334273461567,28329534
2020-04-20,4035.216796875,4156.394792131245,4023.0990858676632,4120.041216517796,40754026
2020-04-21,3792.861328125,3986.745570847869,3792.861328125,3974.6278610016147,39895641
2020-04-22,3901.9208984375,3914.0386074735247,3695.918959642339,3695.918959642339,19555430
2020-04-23,3914.038818359375,3986.745519084282,3889.8033989815362,3974.627809395363,13345784
2020-04-24,3889.803466796875,3914.0388865972373,3853.449894504933,3877.685756896694,9963933
2020-04-27,3804.97900390625,3926.1565438753223,3804.97900390625,3901.9211243997865,18150621
2020-04-28,3829.214599609375,3865.568173087131,3780.743758427585,3829.214599609375,10838064
2020-04-29,3865.567626953125,3901.920752703436,3841.3317671949007,3853.4494757783377,10228319
2020-04-30,3865.567626953125,3865.567626953125,3865.567626953125,3865.567626953125,0
2020-05-01,3865.567626953125,3865.567626953125,3865.567626953125,3865.567626953125,0
2020-05-04,3841.332275390625,3889.8035587283157,3841.332275390625,3865.5681383551746,8478525
2020-05-05,3829.214599609375,3865.568173087131,3792.8614687230324,3853.4500202002705,9397611
2020-05-06,3865.567626953125,3877.685335536562,3804.9786414445894,3853.4494757783377,14315024
2020-05-07,3950.39208984375,3962.510242560938,3865.5681189632814,3865.5681189632814,23330138
2020-05-08,4023.098876953125,4120.0410025691735,3974.6280354408086,3974.6280354408086,47306487
2020-05-11,4071.56982421875,4120.040661721108,3998.863125373834,4095.805242969929,51880300
2020-05-12,4168.51220703125,4168.51220703125,4023.0988000896705,4071.570083267333,44667752
2020-05-13,4241.21875,4277.571879063966,4120.040767937332,4216.982888032632,39405317
2020-05-14,4192.74755859375,4253.336550924756,4144.276718802065,4192.74755859375,27568279
2020-05-15,4192.74755859375,4192.74755859375,4192.74755859375,4192.74755859375,0
2020-05-18,4192.74755859375,4192.74755859375,4192.74755859375,4192.74755859375,0
2020-05-19,4241.21875,4241.21875,4180.6297589686665,4216.982888032632,34294280
2020-05-20,4241.21875,4241.21875,4241.21875,4241.21875,0
2020-05-21,4265.4541015625,4277.571811057838,4180.629692503753,4204.865111494429,32663907
2020-05-22,4180.6298828125,4277.572005779541,4168.512172765545,4241.218875638677,28818063
2020-05-25,4192.74755859375,4229.100688437514,4168.512138697908,4180.629848645829,15875122
2020-05-26,4265.4541015625,4265.4541015625,4204.865111494429,4216.982820989766,34255234
2020-05-27,4192.74755859375,4313.925100664363,4192.74755859375,4313.925100664363,40434287
2020-05-28,4192.74755859375,4241.218840976835,4180.629848645829,4204.865268541671,12864212
2020-05-29,4168.51220703125,4192.747627324377,4156.394496884686,4192.747627324377,16345137
2020-06-01,4326.04296875,4374.513805354543,4180.629573753626,4180.629573753626,64135927
2020-06-02,4338.1611328125,4435.103258778574,4338.1611328125,4362.3965536561645,52434841
2020-06-03,4374.51416015625,4386.631870290212,4338.161029754366,4362.396450022288,16444997
2020-06-04,4362.396484375,4435.103188342722,4362.396484375,4398.749615063156,32282494
2020-06-05,4338.1611328125,4362.3965536561645,4313.925269377419,4350.278843234332,25675053
2020-06-08,4338.1611328125,4338.1611328125,4338.1611328125,4338.1611328125,0
2020-06-09,4338.1611328125,4338.1611328125,4338.1611328125,4338.1611328125,0
2020-06-10,4507.8095703125,4568.398565671721,4350.278890524801,4374.5143116319205,38503959
2020-06-11,4241.21875,4568.398239349865,4241.21875,4532.0451102859,36858737
2020-06-12,4277.57177734375,4277.57177734375,4144.276531354231,4144.276531354231,37527463
2020-06-15,4120.04052734375,4301.807047231937,4095.805109383022,4289.689338251573,33747893
2020-06-16,4216.98291015625,4241.218772250767,4156.39436139844,4180.629780901564,21980308
2020-06-17,4192.74755859375,4241.218840976835,4180.629848645829,4216.982978489593,8081254
2020-06-18,4192.74755859375,4216.982978489593,4168.512138697908,4204.865268541671,8580405
2020-06-19,4241.21875,4241.21875,4192.747468656655,4216.982888032632,11638627
2020-06-22,4241.21875,4301.807298439943,4229.1005977206205,4253.336459687988,9809767
2020-06-23,4241.21875,4277.571879063966,4229.1005977206205,4241.21875,13773985
2020-06-24,4253.3359375,4313.924478501403,4241.2182292997195,4265.4536457002805,21465038
2020-06-25,4204.865234375,4229.100654073917,4192.747524525541,4216.982944224458,10132349
2020-06-26,4204.865234375,4241.218806514772,4180.629814676083,4229.100654073917,7477531
2020-06-29,4083.6875,4192.747326074507,4059.452081448193,4168.5119075227,22294063
2020-06-30,4023.098876953125,4144.276865916747,4010.981166575046,4120.0410025691735,12714422
2020-07-01,4095.805419921875,4095.805419921875,4023.098717935796,4035.216427834909,7732866
2020-07-02,4083.6875,4107.922918551807,4059.452081448193,4095.8052092759035,6089440
2020-07-03,4083.6875,4107.922918551807,4071.5697907240965,4095.8052092759035,4643190
2020-07-06,4120.04052734375,4156.394096876206,4083.6874004026586,4095.805109383022,11111500
2020-07-07,4144.27685546875,4168.5122761638095,4120.040992182277,4156.394565816279,13325662
2020-07-08,4156.39453125,4168.512241496754,4132.1586681650815,4132.1586681650815,6793621
2020-07-09,4229.1005859375,4241.218738183115,4168.512037666369,4180.629747320595,14129479
2020-07-10,4229.1005859375,4229.1005859375,4229.1005859375,4229.1005859375,0
2020-07-13,4168.51220703125,4216.983047617505,4156.394496884686,4180.629917177814,8688007
2020-07-14,4156.39453125,4168.512241496754,4120.040957918328,4156.39453125,13287738
2020-07-15,4156.39453125,4156.39453125,4156.39453125,4156.39453125,0
2020-07-16,4241.21875,4241.21875,4192.747468656655,4241.21875,14152294
2020-07-17,4241.21875,4253.336459687988,4216.982888032632,4241.21875,14799663
2020-07-20,4168.51220703125,4253.3366206486035,4168.51220703125,4241.21891050204,11430828
2020-07-21,4192.74755859375,4192.74755859375,4156.394428749986,4192.74755859375,11470435
2020-07-22,4156.39453125,4216.983082483768,4156.39453125,4216.983082483768,10190507
2020-07-23,4132.158203125,4168.511772365379,4107.922785358987,4156.394063482374,12000479
2020-07-24,3998.86328125,4120.040822320789,3974.627861554122,4120.040822320789,30998190
2020-07-27,3720.15478515625,3901.921325786946,3720.15478515625,3853.450041742766,37357327
2020-07-28,3950.39208984375,3962.510242560938,3756.5078426484374,3853.4499662460935,24222595
2020-07-29,3792.861328125,3853.4498773562736,3720.1546264560748,3853.4498773562736,18294726
2020-07-30,3841.332275390625,3853.449985577195,3804.9791448309134,3829.2145652040545,10249039
2020-07-31,3817.096923828125,3853.450055043173,3756.5079292116284,3804.9792134231093,10557483
2020-08-03,3926.156494140625,3926.1564941406245,3804.978955706572,3804.978955706572,15690474
2020-08-04,3974.627685546875,3998.8631041695435,3926.1564057101605,3950.3918243328294,9563371
2020-08-05,4010.981201171875,4010.9812011718745,3926.1567852022504,3974.6280697240727,10992641
2020-08-06,3962.51025390625,4010.9810945481545,3962.51025390625,3998.8633843876783,11408201
2020-08-07,3950.39208984375,3986.7456628125,3950.39208984375,3962.510242560938,7642618
2020-08-10,3986.74560546875,4010.9810253717196,3962.51018556578,3998.863315420235,13820212
2020-08-11,3998.86328125,4023.0987009458786,3974.627861554122,4010.9809910979393,12264827
2020-08-12,4083.6875,4095.8052092759035,3998.8630924773,3998.8630924773,20917790
2020-08-13,4107.92333984375,4120.041050362397,4071.57020828781,4107.92333984375,10213695
2020-08-14,4156.39453125,4168.512241496754,4083.687827178067,4095.8055374248206,21260493
2020-08-17,4144.27685546875,4168.5122761638095,4083.687861139688,4156.394565816279,14428872
2020-08-18,4120.04052734375,4156.394096876206,4095.805109383022,4144.276387895842,10150862
2020-08-19,4132.158203125,4132.158203125,4095.8050764759814,4120.040494241994,14582664
2020-08-20,4132.158203125,4156.394063482374,4107.922785358987,4132.158203125,15694588
2020-08-21,4192.74755859375,4192.74755859375,4120.040856314823,4132.158566262744,19207229
2020-08-24,4313.92529296875,4326.043446048269,4216.983166472533,4216.983166472533,31208195
2020-08-25,4374.51416015625,4435.1031534174645,4326.043319620404,4338.161029754366,46196508
2020-08-26,4338.1611328125,4398.74968492166,4338.1611328125,4362.3965536561645,19568034
2020-08-27,4338.1611328125,4362.3965536561645,4301.8075589555865,4338.1611328125,13455331
2020-08-28,4338.1611328125,4398.74968492166,4338.1611328125,4362.3965536561645,22592259
2020-08-31,4350.27880859375,4410.867360220453,4338.161098268409,4362.39651891909,14646657
2020-09-01,4386.63232421875,4386.63232421875,4338.161478667143,4374.514612830848,18941235
2020-09-02,4386.63232421875,4386.63232421875,4386.63232421875,4386.63232421875,0
2020-09-03,4410.86669921875,4447.220267338329,4386.631282199929,4410.86669921875,18516849
2020-09-04,4374.51416015625,4386.631870290212,4326.043319620404,4326.043319620404,18941572
2020-09-07,4289.689453125,4398.7492794601485,4289.689453125,4398.7492794601485,28627693
2020-09-08,4313.92529296875,4326.043446048269,4253.336740528252,4313.92529296875,13017742
2020-09-09,4301.8076171875,4313.925327773365,4265.454485429906,4265.454485429906,13894677
2020-09-10,4313.92529296875,4362.396577512568,4313.92529296875,4338.161156536369,11703292
2020-09-11,4313.92529296875,4313.92529296875,4313.92529296875,4313.92529296875,0
2020-09-14,4398.7490234375,4422.984883227991,4350.278189039219,4362.395897638789,17132086
2020-09-15,4386.63232421875,4422.985900973908,4374.514612830848,4398.750035606652,13820848
2020-09-16,4386.63232421875,4398.750035606652,4362.396901442946,4374.514612830848,9776481
2020-09-17,4386.63232421875,4471.456746525516,4374.514612830848,4374.514612830848,27715975
2020-09-18,4544.1630859375,4556.280796334721,4398.749675988008,4410.86738638523,44074988
2020-09-21,4616.86962890625,4665.340468794294,4568.398346426805,4604.751918934239,40452763
2020-09-22,4653.22265625,4665.340365954897,4604.751817430412,4616.869527135309,37287836
2020-09-23,4653.22265625,4701.693937660979,4628.987236840206,4677.458075659794,25301270
2020-09-24,4750.1650390625,4762.282749437246,4653.222913473119,4689.576044597356,46217041
2020-09-25,4750.1650390625,4786.518170186737,4689.576044597356,4774.400459811991,24328813
2020-09-28,4847.1064453125,4871.341862465311,4762.28204268631,4786.517459839121,32406777
2020-09-29,4762.2822265625,4859.224341508122,4762.2822265625,4847.1066324638405,29846658
2020-09-30,4786.51806640625,4798.636219109668,4738.047225958204,4762.282646182227,17848423
2020-10-01,4810.75341796875,4847.106544441431,4774.399848904711,4822.8711267929775,29794746
2020-10-02,4810.75341796875,4847.106544441431,4762.282140080483,4822.8711267929775,40722759
2020-10-05,4933.14306640625,4961.013931188207,4877.4013368423375,4877.4013368423375,34960627
2020-10-06,4974.94970703125,5002.820573737307,4933.1434069721645,5002.820573737307,23133859
2020-10-07,4905.2724609375,4961.0141934481535,4905.2724609375,4947.07876032049,23562764
2020-10-08,4919.20751953125,4988.884679864554,4905.272087464589,4988.884679864554,22355956
2020-10-09,4891.3369140625,4933.143212473291,4891.3369140625,4919.207779669694,12596539
2020-10-12,4891.3369140625,4947.078645276888,4863.466048455307,4919.207779669694,15702395
2020-10-13,4877.4013671875,4905.272232142857,4835.595069754464,4905.272232142857,13183081
2020-10-14,4919.20751953125,4947.078383664571,4849.530359197946,4849.530359197946,16012789
2020-10-15,4905.2724609375,4933.143327192826,4891.337027809836,4933.143327192826,13862376
2020-10-16,4974.94970703125,4988.885140384279,4933.1434069721645,4947.078840325193,29759093
2020-10-19,5086.43310546875,5114.3039718000855,5016.755939640411,5016.755939640411,34440626
2020-10-20,5211.85205078125,5225.787484072109,5086.433151163519,5100.368584454378,34244028
2020-10-21,5170.04541015625,5309.399733880138,5170.04541015625,5267.593436762972,30897702
2020-10-22,5239.72265625,5239.72265625,5128.239195478724,5197.916358460771,23598994
2020-10-23,5253.658203125,5295.464501823608,5197.916471526857,5295.464501823608,21483380
2020-10-26,5128.23876953125,5253.657652481743,5128.23876953125,5239.722221042799,28866158
2020-10-27,4988.884765625,5128.239088687151,4988.884765625,5128.239088687151,31014815
2020-10-28,4891.3369140625,5002.820376491275,4877.401481258903,4947.078645276888,22246063
2020-10-29,4961.013671875,4988.88453520014,4877.4010818995785,4877.4010818995785,20294232
2020-10-30,4961.013671875,5002.81996686271,4905.271945224719,4988.88453520014,18656599
2020-11-02,5016.755859375,5016.755859375,4961.014127604167,5002.820426432291,12007949
2020-11-03,5086.43310546875,5114.3039718000855,5016.755939640411,5044.626805971747,11677229
2020-11-04,5142.17431640625,5183.9806116615855,5072.497157647358,5183.9806116615855,15237423
2020-11-05,5100.3681640625,5170.045324773737,5072.497299778006,5156.109892631489,22079516
2020-11-06,5016.755859375,5128.239322916666,5002.820426432291,5100.36845703125,12984824
2020-11-09,5086.43310546875,5100.368538634418,5030.691372806079,5044.626805971747,12067270
2020-11-10,5044.626953125,5156.1104217023485,5044.626953125,5128.239554558011,22038245
2020-11-11,5086.43310546875,5114.3039718000855,5030.691372806079,5072.497672303082,30419233
2020-11-12,5211.85205078125,5211.85205078125,5086.433151163519,5100.368584454378,34302211
2020-11-13,5379.07666015625,5379.07666015625,5239.722342535622,5239.722342535622,52395490
2020-11-16,5309.39990234375,5462.689663303806,5295.464469529199,5434.818797674705,65266259
2020-11-17,5448.75390625,5448.75390625,5323.335018382353,5337.270450367647,32345957
2020-11-18,5476.625,5574.173027989822,5420.883269720101,5476.625,36787539
2020-11-19,5434.818359375,5518.430949519231,5406.94749599359,5504.495517828525,43603289
2020-11-20,5379.07666015625,5434.818387204502,5365.141228394187,5420.882955442439,23151389
2020-11-23,5351.20654296875,5406.948277791341,5309.400241851807,5379.077410380046,29314057
2020-11-24,5393.01220703125,5434.818503209787,5351.205910852714,5406.947639090762,27855395
2020-11-25,5420.8828125,5462.689106683804,5379.076518316196,5462.689106683804,21197541
2020-11-26,5434.818359375,5434.818359375,5351.205769230769,5365.141200921475,40390435
2020-11-27,5574.1728515625,5574.1728515625,5406.947666015625,5434.818530273437,51954617
2020-11-30,5671.72119140625,5741.3983559198405,5629.914892698096,5685.656624308968,60199758
2020-12-01,5811.07568359375,5811.07568359375,5588.108750889913,5588.108750889913,66414299
2020-12-02,5950.4296875,5964.365120023419,5811.075362265808,5825.010794789227,58771830
2020-12-03,5852.88134765625,6006.171097237723,5811.075052315848,6006.171097237723,73003433
2020-12-04,5838.9462890625,5894.688019745674,5811.075423720913,5852.8817217332935,59893430
2020-12-07,5825.01123046875,5866.817531165894,5797.14036333732,5838.946664034464,26841607
2020-12-08,5950.4296875,6006.171417593677,5797.139929742389,5825.010794789227,53345046
2020-12-09,5964.365234375,6061.91326390917,5950.429801584404,5992.2360999561915,41938306
2020-12-10,5866.8173828125,6006.171714945814,5852.881949599168,5978.300848519151,44238777
2020-12-11,5992.23583984375,5992.23583984375,5811.075221429869,5894.687814543968,28090011
2020-12-14,6089.78466796875,6103.720101991561,6020.10749785469,6020.10749785469,45607157
2020-12-15,5992.23583984375,6089.783865143532,5964.364975472384,6089.783865143532,42550702
2020-12-16,6201.267578125,6243.0738764044945,5992.236086727528,6034.042385007022,63428451
2020-12-17,6159.4609375,6215.202665441177,6075.848345588235,6159.4609375,54377405
2020-12-18,6438.16943359375,6438.16943359375,6173.396231779288,6270.9442535004055,56921241
2020-12-21,6479.97607421875,6605.394965977823,6424.234344548051,6493.911506636425,87565887
2020-12-22,6466.041015625,6605.395347858297,6410.299282731681,6521.782748518319,74167475
2020-12-23,6382.42822265625,6507.847117861285,6382.42822265625,6493.911685060726,44990174
2020-12-24,6354.5576171875,6452.105650784676,6159.461549993147,6424.2347840426255,52072836
2020-12-25,6438.16943359375,6452.104865268195,6298.815116849296,6354.556843547078,41653605
2020-12-28,6424.234375,6549.653267353579,6368.4926450650755,6549.653267353579,53954093
2020-12-29,6396.36376953125,6424.234635629426,6368.492903433075,6424.234635629426,35489116
2020-12-30,6382.42822265625,6452.105386659047,6382.42822265625,6382.42822265625,41632530
2020-12-31,6410.298828125,6438.169692595108,6396.363395889945,6424.234260360054,45644070
2021-01-01,6410.298828125,6410.298828125,6410.298828125,6410.298828125,0
2021-01-04,6675.07177734375,6786.55523082757,6438.169438690631,6521.782028803496,13779997
2021-01-05,7009.52197265625,7009.52197265625,6675.0716200841825,6730.813345512861,11072215
2021-01-06,7051.3291015625,7246.425163661067,6967.716503520257,7107.070833590662,7175512
2021-01-07,7218.55419921875,7232.489632035775,7037.393572597431,7107.070736682554,6152650
2021-01-08,7413.650390625,7622.681886601269,7246.425193843985,7302.1669261043235,8410875
2021-01-11,7343.97314453125,7580.8755040322585,7302.1668457957785,7525.133772384963,7604255
2021-01-12,7288.23095703125,7385.778981312739,7162.8120686693355,7343.972685192101,5383138
2021-01-13,7246.4248046875,7413.649992487981,7218.5539400540865,7288.23110163762,6065360
2021-01-14,7357.90869140625,7357.90869140625,7204.618927001953,7330.037825150923,6549619
2021-01-15,7455.45654296875,7580.875438084113,7399.714811806367,7497.262841340537,6479338
2021-01-18,7302.1669921875,7483.327623673068,7302.1669921875,7455.456757290673,4500546
2021-01-19,6800.4912109375,7302.166792072234,6800.4912109375,7302.166792072234,7215059
2021-01-20,6800.4912109375,6898.039240602588,6382.428226658556,6800.4912109375,7544576
2021-01-21,7190.68359375,7190.68359375,6800.491460755814,6967.716660610465,4785539
2021-01-22,7134.94140625,7232.489433288574,7051.328811645508,7162.812271118164,4032939
2021-01-25,7023.45849609375,7190.683698381697,7009.523062569754,7079.200230189732,3553038
2021-01-26,7134.94140625,7134.94140625,6619.330406188965,7009.522514343262,6438490
2021-01-27,6689.00732421875,7037.3931223551435,6647.201028442382,6911.974235026041,7414454
2021-01-28,6229.138671875,6410.29930439038,6229.138671875,6270.944971686241,6622274
2021-01-29,6535.7177734375,6549.653205790245,5936.494182269456,5936.494182269456,6376892
2021-02-01,6131.59033203125,6549.653309215199,6117.654899458452,6410.298983487216,5256594
2021-02-02,6507.8466796875,6521.782111549785,6117.654587543496,6298.815201753212,4682151
2021-02-03,6758.68505859375,6786.555924814756,6521.7826957152065,6605.3952943782215,6451759
2021-02-04,6702.94287109375,6786.555464080367,6633.265710271569,6772.620031915931,3606603
2021-02-05,6898.03955078125,6911.974984217172,6702.943482678346,6744.749782986111,3865286
2021-02-08,6661.13720703125,7023.45847770659,6647.201773543737,6911.975009806485,7240687
2021-02-09,6661.13720703125,6661.13720703125,6661.13720703125,6661.13720703125,0
2021-02-10,6661.13720703125,6661.13720703125,6661.13720703125,6661.13720703125,0
2021-02-11,6661.13720703125,6661.13720703125,6661.13720703125,6661.13720703125,0
2021-02-12,6661.13720703125,6661.13720703125,6661.13720703125,6661.13720703125,0
2021-02-15,6661.13720703125,6661.13720703125,6661.13720703125,6661.13720703125,0
2021-02-16,6661.13720703125,6661.13720703125,6661.13720703125,6661.13720703125,0
2021-02-17,7190.68359375,7190.68359375,6967.716660610465,7009.522960574128,6006885
2021-02-18,7302.1669921875,7330.037858569895,7134.94179389313,7246.42525942271,7592677
2021-02-19,7483.3271484375,7636.616903805866,7190.683070006983,7218.553934619414,9757790
2021-02-22,7441.52099609375,7566.939889286341,7330.037535478114,7483.327293824614,6436538
2021-02-23,7636.61767578125,7664.488543211109,7413.650736342382,7455.457037487169,10273140
2021-02-24,7636.61767578125,7636.61767578125,7636.61767578125,7636.61767578125,0
2021-02-25,7636.61767578125,7636.61767578125,7636.61767578125,7636.61767578125,0
2021-02-26,7706.2939453125,7748.100241580018,7441.520735618219,7469.391599796564,7269469
2021-03-01,7901.3896484375,7929.260511394952,7775.970765128968,7817.7770595651455,7176195
2021-03-02,7831.71337890625,7998.938575608874,7803.842512789146,7985.003142550322,4554793
2021-03-03,7803.841796875,7915.325251116071,7775.970933314732,7803.841796875,5356080
2021-03-04,7566.939453125,7859.583520372928,7497.262294256446,7803.841793278085,7529909
2021-03-05,7622.681640625,7664.487938471207,7469.391881855576,7553.004477547989,6190734
2021-03-08,7692.359375,7762.036543251812,7594.811339447464,7720.230242300725,4816403
2021-03-09,7608.74609375,7678.423255780677,7525.133499313187,7580.875228937729,3961194
2021-03-10,7789.9072265625,7831.713526526162,7553.004860101744,7636.61746002907,7021616
2021-03-11,7873.52001953125,7943.197187845686,7831.713718542589,7873.52001953125,5352925
2021-03-12,7873.52001953125,7929.2617541827985,7845.649152205476,7915.326320519912,5313865
2021-03-15,8054.68017578125,8054.68017578125,7859.584116160251,7915.325847480536,7569066
2021-03-16,7985.00244140625,8124.356759755398,7901.38985039676,8110.421327920484,4146572
2021-03-17,8082.55126953125,8082.55126953125,7985.003236967942,7985.003236967942,4613333
2021-03-18,8138.2919921875,8180.098286667915,8082.550266213613,8166.162855174443,4244562
2021-03-19,8138.2919921875,8180.098286667915,8082.550266213613,8082.550266213613,3225245
2021-03-22,7985.00244140625,8152.227623425229,7943.196145901505,8138.292191590313,5082826
2021-03-23,7901.3896484375,7998.937668788581,7873.518785480049,7985.0022373098545,4912604
2021-03-24,7692.359375,7845.649145153986,7636.617640398551,7803.842844202899,5228429
2021-03-25,7678.423828125,7803.842729128857,7664.488394680127,7720.230128459619,4292890
2021-03-26,7664.48779296875,7734.164954723011,7455.456307705966,7608.746063565341,4654311
2021-03-29,7873.52001953125,7887.455453194138,7664.4885145879425,7706.294815576604,5490917
2021-03-30,7887.45556640625,7998.939037309518,7789.90752936589,7873.520132543342,4288044
2021-03-31,7845.64794921875,7957.131401427898,7831.7125176926065,7901.389675323324,3418233
2021-04-01,8138.2919921875,8138.2919921875,7859.583362318065,7873.518793811537,6370550
2021-04-02,8249.775390625,8277.646253431165,8152.22737080342,8249.775390625,5818385
2021-04-05,8472.7431640625,8472.7431640625,8305.51797003495,8430.936865555612,8489092
2021-04-06,8751.4521484375,8765.387581794885,8500.614348004578,8556.356081434116,10809337
2021-04-07,8862.9345703125,8932.61172888414,8765.386548312204,8779.321980026532,7681918
2021-04-08,8695.7099609375,8862.93515249399,8639.96823041867,8862.93515249399,7274836
2021-04-09,8737.515625,8765.38648823764,8598.161308811803,8667.838466905901,5497845
2021-04-12,8821.12890625,8848.999771672592,8737.516309982228,8807.193473538706,5406554
2021-04-13,8667.8388671875,8862.93491886053,8612.097138138062,8862.93491886053,7336596
2021-04-14,8709.64453125,8737.51539375,8528.483925,8584.22565,4909807
2021-04-15,8528.484375,8709.644990808823,8514.548943014706,8709.644990808823,6146927
2021-04-16,8417.001953125,8542.420856400042,8305.518483547185,8472.743687913908,5759162
2021-04-19,8500.6142578125,8584.226857069672,8347.324492507683,8486.678824602972,4551085
2021-04-20,8500.6142578125,8639.968589907787,8389.13079213627,8556.355990650614,4209177
2021-04-21,8500.6142578125,8500.6142578125,8500.6142578125,8500.6142578125,0
2021-04-22,8138.2919921875,8500.613211017766,8138.2919921875,8472.742348030823,4304013
2021-04-23,8444.8720703125,8444.8720703125,8110.421691290222,8138.292556208746,5434524
2021-04-26,8249.775390625,8444.871430268158,8221.904527818835,8444.871430268158,4635611
2021-04-27,8249.775390625,8347.32341044658,8138.2919394003375,8249.775390625,3269898
2021-04-28,8430.9365234375,8584.22627840909,8249.77590392562,8249.77590392562,5655513
2021-04-29,8458.8076171875,8626.032808960565,8458.8076171875,8500.613915130767,6158960
2021-04-30,8458.8076171875,8458.8076171875,8458.8076171875,8458.8076171875,0
2021-05-03,8458.8076171875,8458.8076171875,8458.8076171875,8458.8076171875,0
2021-05-04,8709.64453125,8737.51539375,8249.7753,8249.7753,7934520
2021-05-05,8835.064453125,9030.1605136041,8779.322721559542,8793.258154450907,8415298
2021-05-06,8807.1923828125,8946.546692667129,8737.515227885186,8835.063244783425,6151772
2021-05-07,8807.1923828125,8835.063244783425,8695.708934928798,8723.579796899723,8054105
2021-05-10,9253.126953125,9322.804113916603,8793.257691900413,8807.193124058735,11834865
2021-05-11,9113.7734375,9308.869504969418,9113.7734375,9253.127771406727,6629721
2021-05-12,9253.126953125,9253.126953125,9044.095470750188,9071.966335066829,6864175
2021-05-13,9183.4501953125,9420.352552399469,9141.643897003034,9141.643897003034,8747482
2021-05-14,9197.384765625,9308.868217329546,9155.578471235796,9308.868217329546,7041715
2021-05-17,9169.513671875,9336.738845222264,9141.642809650457,9336.738845222264,6238379
2021-05-18,9280.998046875,9336.739776886261,9085.901991835584,9155.579154349662,7492443
2021-05-19,9615.44921875,9615.44921875,9308.86967844203,9392.482280344204,9552053
2021-05-20,9615.44921875,9685.126387001812,9545.772050498188,9671.19095335145,5631219
2021-05-21,9657.255859375,9824.481069061147,9545.772386250901,9587.578688672438,6466199
2021-05-24,9685.125,9754.802158273382,9587.576978417266,9699.060431654676,6662699
2021-05-25,9977.76953125,9977.76953125,9685.125452819482,9699.060885125698,7411787
2021-05-26,10451.57421875,10451.57421875,10200.7364375,10242.542734375,10950614
2021-05-27,10172.8662109375,10521.252040079195,10047.44731244649,10451.574874250857,9167671
2021-05-28,10507.31640625,10507.31640625,10089.253419263927,10200.736882460213,8579048
2021-05-31,10590.9287109375,10674.541306023848,10312.220060649672,10590.9287109375,9885408
2021-06-01,10646.6708984375,10827.831528908295,10618.800032211224,10758.154363342604,5311361
2021-06-02,10730.283203125,10786.024934050325,10479.445413961039,10563.058010349027,7702115
2021-06-03,11468.8603515625,11468.8603515625,11106.539125389201,11148.345420716889,9459787
2021-06-04,11580.3447265625,11900.859682893351,11454.92583060695,11482.79669637485,10698598
2021-06-07,11078.6689453125,11566.40908755896,10869.637455778302,11566.40908755896,100316941
2021-06-08,11078.6689453125,11078.6689453125,11078.6689453125,11078.6689453125,0
2021-06-09,10744.2177734375,10813.894931501298,10242.542235378161,10340.090256667478,99605026
2021-06-10,10563.0576171875,10855.701693653116,10507.315888336905,10730.282803739281,50594433
2021-06-11,10981.12109375,11134.410855210977,10521.251809367068,10646.670705107868,81300123
2021-06-14,10953.25,11120.475190839696,10841.766539440203,10981.120865139948,79962802
2021-06-15,10953.25,11134.410623409669,10772.089376590331,10953.25,80949857
2021-06-16,10786.0244140625,11022.92675907421,10772.088982002988,10939.314166717135,67328504
2021-06-17,11120.474609375,11148.345473057643,10563.057335722118,10590.928199404761,83790362
2021-06-18,11301.6357421875,11427.05463451757,11273.764877225261,11427.05463451757,84635294
2021-06-21,11329.505859375,11413.118448743082,11176.216112200185,11259.828701568265,61202586
2021-06-22,11705.7626953125,11831.181581333705,11399.183196149554,11427.05405970982,115303909
2021-06-23,11677.892578125,11831.18233750373,11566.40911675865,11775.440606820554,77013672
2021-06-24,11705.7626953125,11914.794172014508,11622.150104631695,11831.181581333705,73086593
2021-06-25,11733.634765625,11761.505632051663,11510.6678342117,11705.763899198337,60990215
2021-06-28,12012.3427734375,12068.084503244634,11845.117584016096,11872.988448919663,60522543
2021-06-29,12109.890625,12207.438650747987,11845.117412255466,12040.21346375144,59531586
2021-06-30,12082.0205078125,12388.600036269103,12082.0205078125,12123.826807147492,84543256
2021-07-01,12109.890625,12179.567786248563,11914.794573504028,12095.955192750289,79682134
2021-07-02,12109.890625,12207.438650747987,12082.019760500576,12207.438650747987,57763018
2021-07-05,12109.890625,12109.890625,12109.890625,12109.890625,0
2021-07-06,12109.890625,12109.890625,12109.890625,12109.890625,0
2021-07-07,12109.890625,12109.890625,12109.890625,12109.890625,0
2021-07-08,12109.890625,12109.890625,12109.890625,12109.890625,0
2021-07-09,11663.95703125,11872.988519265233,11482.796408303464,11608.215301112605,123797457
2021-07-12,11663.95703125,11663.95703125,11663.95703125,11663.95703125,0
2021-07-13,11212.44921875,11513.45473918826,11024.320436532544,11325.325956970804,30247991
2021-07-14,11212.44921875,11212.44921875,11212.44921875,11212.44921875,0
2021-07-15,11024.3212890625,11080.75966253738,10723.315745346958,10760.942212846396,38873411
2021-07-16,11024.3212890625,11024.3212890625,11024.3212890625,11024.3212890625,0
2021-07-19,10215.3681640625,10798.566384129606,10196.555375362448,10535.186457146132,53363220
2021-07-20,10497.5625,10497.5625,9970.802564729904,10422.311333585094,37411108
2021-07-21,10535.1875,10760.941871930272,10497.561918875426,10572.813081124576,29510335
2021-07-22,10666.876953125,10723.315324384292,10347.058630806197,10535.187420186654,24582350
2021-07-23,10441.123046875,10685.689312465707,10441.123046875,10572.812574500766,28541891
2021-07-26,10234.1806640625,10403.496642769409,10083.678358707657,10271.80624040121,38543369
2021-07-27,10309.4326171875,10441.12302978044,10271.807037927454,10309.4326171875,27935770
2021-07-28,10384.685546875,10478.749503050318,10290.620705516827,10328.246287986954,14844182
2021-07-29,10685.689453125,10685.689453125,10459.935974223448,10497.561554040374,36427486
2021-07-30,10873.818359375,10986.695100092029,10685.689572997151,10723.315153236159,45697332
2021-08-02,10836.1923828125,10949.069119401169,10760.94122508672,10873.81796167539,3044192160
2021-08-03,11024.3212890625,11061.946871379087,10836.193377479569,10873.818959796155,46544118
2021-08-04,11024.3212890625,11024.3212890625,11024.3212890625,11024.3212890625,0
2021-08-05,11287.7001953125,11287.7001953125,11061.945837333144,11137.197880114774,40155757
2021-08-06,11156.009765625,11325.324856504085,11137.196977749547,11287.699280753177,32967345
2021-08-09,11250.07421875,11250.07421875,10949.068713814277,11024.319868752522,30965652
2021-08-10,11250.07421875,11250.07421875,11250.07421875,11250.07421875,0
2021-08-11,11174.82421875,11362.952125538975,11099.572170851581,11174.82421875,47056286
2021-08-12,11099.5712890625,11287.700066088692,11099.5712890625,11212.448909351318,23468880
2021-08-13,11137.1982421875,11174.823822210146,10949.069456891466,11099.571776982055,27125119
2021-08-16,11663.95703125,11739.208189898927,11099.571571017479,11137.198035524725,76984594
2021-08-17,11663.95703125,11663.95703125,11663.95703125,11663.95703125,0
2021-08-18,11701.5830078125,11795.646959316884,11663.957427210747,11663.957427210747,30016239
2021-08-19,11701.5830078125,11701.5830078125,11400.577477815661,11588.70626600724,50784556
2021-08-20,11250.07421875,11663.956456093094,11080.758234956207,11663.956456093094,76830414
2021-08-23,10760.9404296875,11193.635439810674,10742.12764164661,11099.57061442352,52994392
2021-08-24,10742.12890625,10817.380067272406,10572.812908766777,10760.9416965056,33680669
2021-08-25,10760.9404296875,10760.9404296875,10478.747723891445,10610.437240177675,44185161
2021-08-26,10572.8134765625,10779.755065670388,10535.187894030676,10760.942274404475,30745704
2021-08-27,10535.1875,10554.000290562288,10252.994756382866,10441.123547188563,44813927
2021-08-30,10685.689453125,10873.81823739242,10535.187133857298,10572.812713674224,38164664
2021-08-31,10497.5625,10798.568050842503,10497.5625,10760.942467635048,24966114
2021-09-01,10497.5625,10610.43924962236,10422.311333585094,10497.5625,30712218
2021-09-02,10497.5625,10497.5625,10497.5625,10497.5625,0
2021-09-03,10497.5625,10497.5625,10497.5625,10497.5625,0
2021-09-06,10648.0634765625,10666.87626577,10422.310006072496,10516.373952109998,41749595
2021-09-07,10760.9404296875,10855.004369891949,10666.875604300345,10723.313968423014,49118446
2021-09-08,10760.9404296875,10760.9404296875,10760.9404296875,10760.9404296875,0
2021-09-09,10685.689453125,10723.315032941926,10535.187133857298,10610.43829349115,25285556
2021-09-10,10610.4375,10685.688654006268,10610.4375,10685.688654006268,20420207
2021-09-13,10497.5625,10648.064832829814,10441.12412518882,10516.375291603727,33239810
2021-09-14,10384.685546875,10535.187876755508,10384.685546875,10422.311129345127,23053557
2021-09-15,10328.2451171875,10384.68436967765,10234.181171675176,10347.057906289965,28790265
2021-09-16,10459.935546875,10459.935546875,10347.057926853131,10347.057926853131,23546692
2021-09-17,10478.7490234375,10535.187394559503,10403.497861941494,10535.187394559503,23408171
2021-09-20,10629.2509765625,10723.314925159355,10572.812607404388,10591.625397123758,40145880
2021-09-21,10629.2509765625,10629.2509765625,10629.2509765625,10629.2509765625,0
2021-09-22,10629.2509765625,10629.2509765625,10629.2509765625,10629.2509765625,0
2021-09-23,10497.5625,10610.43924962236,10459.936916792547,10535.188083207453,28407947
2021-09-24,10798.56640625,10855.004772465769,10535.186478727004,10535.186478727004,6591
2021-09-27,10535.1875,10911.444196428572,10535.1875,10873.818615303997,22443822
2021-09-28,10535.1875,10572.813081124576,10459.93633775085,10535.1875,17804684
2021-09-29,10459.935546875,10610.437859993817,10441.12275773515,10535.186703434409,26756532
2021-09-30,10478.7490234375,10591.625765681507,10441.123442689497,10459.936233063498,16007279
2021-10-01,10328.2451171875,10516.373893394903,10252.993960777641,10497.561104292437,32610081
2021-10-04,10196.5556640625,10347.057977924167,10121.304507131666,10328.245188691459,1879490387
2021-10-05,10309.4326171875,10309.4326171875,10177.743089777341,10177.743089777341,22797232
2021-10-06,10309.4326171875,10309.4326171875,10309.4326171875,10309.4326171875,0
2021-10-07,10403.498046875,10497.562000417094,10365.872465458162,10497.562000417094,15509566
2021-10-08,10403.498046875,10403.498046875,10403.498046875,10403.498046875,0
2021-10-11,10403.498046875,10403.498046875,10403.498046875,10403.498046875,0
2021-10-12,10817.3798828125,10967.88220229092,10742.12872307329,10967.88220229092,35836061
2021-10-13,10760.9404296875,10949.0683100964,10760.9404296875,10949.0683100964,23552715
2021-10-14,10760.9404296875,10760.9404296875,10760.9404296875,10760.9404296875,0
2021-10-15,10685.689453125,10817.379867667032,10666.876663216537,10817.379867667032,19729046
2021-10-18,10685.689453125,10685.689453125,10685.689453125,10685.689453125,0
2021-10-19,10610.4375,10723.3142310094,10572.811922996867,10723.3142310094,18524272
2021-10-20,10610.4375,10723.3142310094,10459.935191987466,10723.3142310094,21531991
2021-10-21,10497.5625,10723.315999244722,10497.5625,10723.315999244722,24561873
2021-10-22,10497.5625,10591.626458018634,10478.749708396273,10591.626458018634,18258070
2021-10-25,10497.5625,10497.5625,10497.5625,10497.5625,0
2021-10-26,10497.5625,10497.5625,10497.5625,10497.5625,0
2021-10-27,10497.5625,10497.5625,10497.5625,10497.5625,0
2021-10-28,10723.314453125,10779.753704981473,10666.876086451273,10779.753704981473,21156176
2021-10-29,10723.314453125,10760.94091609023,10610.437719777547,10723.314453125,25763756
2021-11-01,10723.314453125,10723.314453125,10723.314453125,10723.314453125,0
2021-11-02,10723.314453125,10685.688875342516,10629.250508668789,10648.063297560031,20725435
2021-11-03,10967.8828125,11099.572349370297,10685.690062595093,10685.690062595093,66121634
2021-11-04,10873.818359375,11043.133470450543,10855.005569255496,11005.507890211533,25995990
2021-11-05,10779.7548828125,10892.631628493233,10760.94209186571,10892.631628493233,19451039
2021-11-08,10723.314453125,10836.1920716552,10685.688875342516,10779.753704981473,32781365
2021-11-09,10760.9404296875,10892.62994597373,10723.313968423014,10760.9404296875,29784969
2021-11-10,10760.9404296875,10836.191581851059,10742.12764164661,10836.191581851059,25531040
2021-11-11,10572.8134765625,10760.942274404475,10535.187894030676,10760.942274404475,30985406
2021-11-12,10742.12890625,10742.12890625,10535.187328255573,10535.187328255573,22827104
2021-11-15,10760.9404296875,10911.44273401462,10704.501180382125,10798.56600576928,30381213
2021-11-16,10779.7548828125,10892.631628493233,10723.315624789291,10836.193255652866,33451567
2021-11-17,10798.56640625,10798.56640625,10685.688788635722,10779.753617511411,16695791
2021-11-18,10648.0634765625,10798.566675405264,10648.0634765625,10798.566675405264,22492967
2021-11-19,10648.0634765625,10892.630621442766,10535.186741317499,10610.437898147498,44019899
2021-11-22,10986.6962890625,11099.573041994949,10685.690729393069,10704.503521548477,56488984
2021-11-23,10873.818359375,11061.946260570046,10855.005569255496,11043.133470450543,23734118
2021-11-24,11626.330078125,11626.330078125,10817.378447871513,10873.81681018929,103601401
2021-11-25,11626.330078125,11833.270739956848,11569.891715807224,11776.832377639072,49845984
2021-11-26,11400.5771484375,11720.39545949523,11344.13877916545,11701.582669737882,40396664
2021-11-29,11212.44921875,11268.887587860403,11061.946015939478,11174.823639343065,41179369
2021-11-30,10911.443359375,11362.951183416035,10873.81778113681,11344.13839429694,49684577
2021-12-01,11099.5712890625,11099.5712890625,10836.192240481694,10911.443397219067,25417091
2021-12-02,10949.0693359375,11174.82369876228,10949.0693359375,11156.01090895878,17612440
2021-12-03,10648.0634765625,11061.945724310268,10648.0634765625,11024.320145895268,29975044
2021-12-06,10347.05859375,10742.1289615158,10158.930690226109,10648.06412457104,39356670
2021-12-07,10591.6259765625,10610.438767311067,10403.49806907683,10422.310859825397,18702061
2021-12-08,10685.689453125,10798.56707775857,10553.999923765761,10610.43829349115,17724703
2021-12-09,10742.12890625,10760.9416965056,10572.812908766777,10572.812908766777,11054722
2021-12-10,10666.876953125,10798.567371246165,10629.251372285473,10779.7545808264,15240474
2021-12-13,10685.689453125,10723.315032941926,10648.063873308074,10666.876663216537,21347215
2021-12-14,10629.2509765625,10760.94138978088,10610.43818684313,10666.876556001242,14772874
2021-12-15,10723.314453125,10779.753704981473,10610.437719777547,10629.250508668789,15430308
2021-12-16,10629.2509765625,10836.192548658364,10610.43818684313,10836.192548658364,13625195
2021-12-17,10610.4375,10685.688654006268,10572.811922996867,10648.063077003133,17040287
2021-12-20,10497.5625,10629.252041226087,10497.5625,10610.43924962236,17951637
2021-12-21,10516.3740234375,10610.437970112991,10478.748444767303,10572.812391442794,15345750
2021-12-22,10403.498046875,10554.000372542352,10365.872465458162,10516.374791125514,20868534
2021-12-23,10271.806640625,10478.748203733752,10196.555485015544,10459.935414831389,24433470
2021-12-24,10591.6259765625,10591.6259765625,10252.994857905462,10252.994857905462,16411280
2021-12-27,10591.6259765625,10685.689930305334,10497.562022819666,10648.0643488082,9316580
2021-12-28,10648.0634765625,10685.6890549775,10553.999530524998,10666.87626577,15143629
2021-12-29,10648.0634765625,10855.005043027764,10629.250687355,10704.501844185,22240256
2021-12-30,10704.501953125,10817.379574701521,10648.063584928124,10760.941206504645,11921985
2021-12-31,10873.818359375,11043.133470450543,10723.315153236159,10798.567198896983,31300512
2022-01-03,10873.818359375,10873.818359375,10873.818359375,10873.818359375,0
2022-01-04,10949.0693359375,11061.946074758496,10930.256546134,10986.694915544498,21857214
2022-01-05,10798.56640625,10967.881504897308,10779.753617511411,10949.06871615872,21958395
2022-01-06,10666.876953125,10760.941790406638,10591.625791445946,10723.315324384292,26246774
2022-01-07,10760.9404296875,10855.004369891949,10648.062816259455,10666.875604300345,22949244
2022-01-10,10572.8134765625,10817.380648202212,10572.8134765625,10742.129483138564,21520427
2022-01-11,10497.5625,10723.315999244722,10497.5625,10629.252041226087,16477288
2022-01-12,10986.6962890625,10986.6962890625,10554.00118430521,10610.439560771436,36832932
2022-01-13,11174.82421875,11607.519289547472,11118.385846713309,11174.82421875,83718898
2022-01-14,11156.009765625,11344.137644379538,11005.506577438673,11099.570516815942,22819395
2022-01-17,11099.5712890625,11569.892789036598,11099.5712890625,11174.823330982632,70899535
2022-01-18,11250.07421875,11419.389317361054,11099.571023690769,11174.823063811753,34539261
2022-01-19,11137.1982421875,11588.706087642064,11137.1982421875,11362.951722323382,29842786
2022-01-20,11362.9521484375,11475.828892738353,11005.5082396353,11174.82424126941,37654906
2022-01-21,11964.9638671875,12153.091784504093,11325.327177945323,11362.952761408642,122708426
2022-01-24,12077.8388671875,12416.46995446388,11908.523766140685,11983.774922161492,77393413
2022-01-25,12265.9677734375,12303.59335184979,12002.587839368713,12040.213417781002,47790569
2022-01-26,12529.3466796875,12755.101032773975,12341.218789767729,12397.65715674366,66771841
2022-01-27,12416.470703125,12548.160234101739,12247.155591869194,12416.470703125,42547719
2022-01-28,12679.8505859375,12867.978486378484,12491.721800313717,12529.347380401914,57883110
2022-01-31,12679.8505859375,12679.8505859375,12679.8505859375,12679.8505859375,0
2022-02-01,12679.8505859375,12679.8505859375,12679.8505859375,12679.8505859375,0
2022-02-02,12679.8505859375,12679.8505859375,12679.8505859375,12679.8505859375,0
2022-02-03,12679.8505859375,12679.8505859375,12679.8505859375,12679.8505859375,0
2022-02-04,12679.8505859375,12679.8505859375,12679.8505859375,12679.8505859375,0
2022-02-07,12717.4755859375,12980.854634541245,12623.41164000759,12905.603477797318,40475199
2022-02-08,12717.4755859375,12849.165110239372,12529.346808894923,12642.224429193573,44960639
2022-02-09,12529.3466796875,12849.16497773386,12529.3466796875,12717.475454790021,50797083
2022-02-10,12698.662109375,12867.977202883836,12435.282189845208,12491.720554348154,57079927
2022-02-11,12773.9150390625,12849.166202201504,12679.851085138744,12698.663875923494,34119360
2022-02-14,12040.212890625,12717.4750427592,12040.212890625,12604.597427281686,65806769
2022-02-15,12040.212890625,12040.212890625,12040.212890625,12040.212890625,0
2022-02-16,12284.78125,12435.283572070044,12134.278042747148,12397.657991552533,22430813
2022-02-17,12491.7216796875,12491.7216796875,12265.968201338306,12284.780991200738,22488149
2022-02-18,12284.78125,12435.283572070044,12247.15566948249,12378.845201293778,30066348
2022-02-21,12284.78125,12378.845201293778,11983.775720677104,12265.968459741245,45344885
2022-02-22,12943.2294921875,12943.2294921875,12077.839390114446,12228.34170867227,90239757
2022-02-23,12924.4169921875,13131.358570027793,12849.165831221142,13018.481828578257,41713941
2022-02-24,12792.7275390625,13093.733069959359,12491.722008165643,12792.7275390625,71822930
2022-02-25,12830.3525390625,13131.358056335554,12830.3525390625,12962.042065601996,40484354
2022-02-28,12943.2294921875,13093.73269592811,12792.727173629679,12811.539963449406,30762809
2022-03-01,12792.7275390625,13131.358650673614,12736.289167991117,13018.481908530846,39314511
2022-03-02,12228.3408203125,12717.47509045656,12190.715243406452,12717.47509045656,124361768
2022-03-03,12454.0966796875,12529.347842640092,11889.712072360224,12378.845516734908,72241625
2022-03-04,12378.845703125,12529.34803129632,12265.96895699651,12416.47128516783,26984189
2022-03-07,12115.4638671875,12284.779845339257,12040.212714756812,12115.4638671875,45530865
2022-03-08,11663.95703125,12040.213709677419,11663.95703125,11964.962551028491,61755925
2022-03-09,11569.8935546875,11776.834249409812,11381.764765211672,11663.957506834005,58087881
2022-03-10,11682.76953125,11946.149465173794,11663.956742054212,11776.83347722894,28586458
2022-03-11,11833.271484375,11927.336312671487,11682.769175392994,11682.769175392994,27135960
2022-03-14,11908.5244140625,12040.213944263907,11739.20841862075,11852.085158793385,38500247
2022-03-15,11889.7119140625,12002.588656988566,11795.647076441292,12002.588656988566,20956706
2022-03-16,12077.8388671875,12190.71560121871,12002.587711166692,12096.651656192702,27044897
2022-03-17,12134.27734375,12322.406120683174,12115.464554574959,12209.528500450166,24673653
2022-03-18,12077.8388671875,12247.154853417065,12040.213289177096,12228.341179229114,23958884
2022-03-21,12115.4638671875,12153.089443402843,11964.961562326123,12153.089443402843,28166558
2022-03-22,12209.529296875,12303.594134068795,12115.465344864022,12115.465344864022,26516589
2022-03-23,12096.65234375,12303.593919752248,12096.65234375,12228.341874271466,21922259
2022-03-24,12059.02734375,12171.90408962737,12040.214552770438,12059.02734375,19549088
2022-03-25,11964.9638671875,12115.466201040776,11964.9638671875,12059.027825845797,19498498
2022-03-28,11852.0859375,12021.401944066163,11701.583607381504,11964.963570271728,31203668
2022-03-29,12040.212890625,12040.212890625,11852.084121617623,11908.523371947742,17982714
2022-03-30,12284.78125,12566.973103881332,11964.962930418349,12002.588510935859,72602262
2022-03-31,12397.658203125,12454.096574864416,12284.781459646167,12284.781459646167,30890489
2022-04-01,12529.3466796875,12604.597835655408,12341.218789767729,12416.469945735638,39175267
2022-04-04,12416.470703125,12698.663440400815,12416.470703125,12698.663440400815,29373500
2022-04-05,12284.78125,12491.72194284631,12284.78125,12397.657991552533,24012365
2022-04-06,12548.16015625,12604.598526318445,12228.341840679346,12284.78109593059,40441713
2022-04-07,12679.8505859375,12943.229646554877,12604.598540578307,12623.412215805205,58076558
2022-04-08,12491.7216796875,12792.727202669215,12454.096099962633,12698.663253357052,27535142
2022-04-11,12491.7216796875,12491.7216796875,12491.7216796875,12491.7216796875,0
2022-04-12,12134.27734375,12510.534012433587,12115.464554574959,12491.721223258546,36966154
2022-04-13,12265.9677734375,12341.218930262079,12115.464574605581,12134.277363811725,32669344
2022-04-14,12153.0908203125,12378.845188364583,12153.0908203125,12303.594027408159,19047521
2022-04-15,11814.4599609375,12171.903868230404,11776.834379662756,12153.09107759303,36402432
2022-04-18,11400.5771484375,11776.83382876728,11344.13877916545,11776.83382876728,43103972
2022-04-19,11024.3212890625,11607.519585335293,11024.3212890625,11475.829162044389,30718000
2022-04-20,11099.5712890625,11306.512855273035,10967.881764772097,11061.945710693813,31407957
2022-04-21,11287.7001953125,11494.641763892143,10949.069100934848,11099.571416132574,30365795
2022-04-22,11287.7001953125,11588.705710890721,11212.449037713637,11400.576931710795,27592237
2022-04-25,10572.8134765625,11475.829227691986,10497.562311498852,11362.952480096514,39023737
2022-04-26,11043.1328125,11080.758390497276,10158.929959198535,10535.186624354037,35608886
2022-04-27,11174.82421875,11193.637009428898,10855.005892025914,11005.508217457094,17283362
2022-04-28,11080.7587890625,11250.074781323137,11061.945999387182,11212.449201972502,15095448
2022-04-29,11212.44921875,11250.074798156935,11024.320436532544,11043.133226236012,20445261
2022-05-02,11212.44921875,11212.44921875,11212.44921875,11212.44921875,0
2022-05-03,11212.44921875,11212.44921875,11212.44921875,11212.44921875,0
2022-05-04,10873.818359375,11231.262256828393,10873.818359375,11212.449466708887,18970912
2022-05-05,10911.443359375,11024.32009408957,10629.25063740582,11024.32009408957,16633155
2022-05-06,10535.1875,10836.193034179423,10535.1875,10723.315405622874,21324811
2022-05-09,9857.9248046875,10459.935844667427,9839.112015012051,10384.68468596563,37934116
2022-05-10,10177.7431640625,10177.7431640625,9444.042592770931,9707.422534696383,26118370
2022-05-11,10347.05859375,10347.05859375,10046.053948111774,10177.743480578498,13886579
2022-05-12,9650.9833984375,10271.806296605922,9650.9833984375,10158.929566972158,24532964
2022-05-13,9067.7861328125,9857.925092625946,9067.7861328125,9782.673931726153,38863534
2022-05-16,9255.9140625,9538.10588972353,9218.287600354135,9481.667524278826,17784688
2022-05-17,9895.55078125,9895.55078125,9237.102230996106,9274.72781185731,19514398
2022-05-18,10027.2412109375,10347.058648624223,9933.17637349388,10083.67958229398,20899370
2022-05-19,10064.8671875,10177.743934650238,9782.67443444155,9857.925599208374,15050639
2022-05-20,10158.9296875,10252.993629977467,10008.427379536053,10083.678533518027,12153256
2022-05-23,9895.55078125,10196.556313322453,9820.299619527592,10158.93073246125,15104843
2022-05-24,10102.4931640625,10102.4931640625,9839.113191919196,9970.802735399404,16117856
2022-05-25,10553.9990234375,10629.250176651913,10158.929583879115,10158.929583879115,26298087
2022-05-26,10403.498046875,10648.064326084446,10403.498046875,10648.064326084446,17491746
2022-05-27,10535.1875,10591.625871686863,10365.872384939414,10422.310756626277,20173277
2022-05-30,10572.8134765625,10629.251850360235,10497.562311498852,10629.251850360235,19122925
2022-05-31,10441.123046875,10535.186995179118,10347.0582133881,10535.186995179118,12734081
2022-06-01,10384.685546875,10535.187876755508,10365.872755639937,10384.685546875,9464497
2022-06-02,10384.685546875,10384.685546875,10384.685546875,10384.685546875,0
2022-06-03,10309.4326171875,10309.4326171875,10027.24077273716,10252.994248297431,12453425
2022-06-06,10252.994140625,10365.871762402525,10121.304614597786,10309.432508922377,16723495
2022-06-07,10140.1171875,10271.80671071514,9933.175622979174,10271.80671071514,13310571
2022-06-08,10516.3740234375,10572.812391442794,10140.117351552764,10234.181298228255,28477810
2022-06-09,10459.935546875,10591.625070853966,10347.057926853131,10591.625070853966,10924873
2022-06-10,10347.05859375,10535.187382456705,10328.24580339761,10347.05859375,11302855
2022-06-13,9650.9833984375,10083.67841388298,9632.170610165207,10083.67841388298,38819930
2022-06-14,9594.5458984375,9745.049117249642,9406.41798140092,9406.41798140092,21047768
2022-06-15,9368.791015625,9594.544482758887,9105.411085452717,9500.480538119768,37558302
2022-06-16,9368.791015625,9556.91890490324,9368.791015625,9406.416593480648,17155681
2022-06-17,8766.779296875,9067.784780776079,8729.1537220352,8898.469693996978,50444637
2022-06-20,8465.7744140625,8898.470325807915,8221.208160239057,8766.77991933563,23304822
2022-06-21,8446.9619140625,8616.277903834076,8296.45959887245,8465.774703461257,15057626
2022-06-22,8823.21875,8992.534742895288,8522.214114066664,8522.214114066664,25212080
2022-06-23,9048.97265625,9048.97265625,8747.967150298387,8747.967150298387,13585445
2022-06-24,8917.2841796875,9105.41208971491,8917.2841796875,9105.41208971491,9281649
2022-06-27,9067.7861328125,9105.411713262396,8879.658230563016,8954.90939146281,13458247
2022-06-28,9293.5400390625,9481.667931967224,8898.470578779814,8917.283368070286,29857000
2022-06-29,9293.5400390625,9444.04235338628,9161.849628846428,9237.101671191082,20657500
2022-06-30,9105.412109375,9368.7920691649,9105.412109375,9312.353696034816,17302152
2022-07-01,9105.412109375,9180.663273548444,8823.219358541739,8936.096989984751,18204107
2022-07-04,9255.9140625,9274.72685098157,9067.785292501585,9161.84923490943,15226019
2022-07-05,9575.732421875,9707.42283956495,9218.2885198871,9274.727776144402,39745975
2022-07-06,9368.791015625,9613.358156869459,9349.978226697176,9406.416593480648,18012345
2022-07-07,9444.0419921875,9538.105935042273,9218.287644153314,9368.790837903682,15833827
2022-07-08,9425.23046875,9519.294424230826,9387.604886557669,9519.294424230826,13363811
2022-07-11,9180.6630859375,9425.2302496862,9143.037504619673,9368.79187770946,19919844
2022-07-12,9180.6630859375,9180.6630859375,9180.6630859375,9180.6630859375,0
2022-07-13,9519.2939453125,9688.6099418425,9444.042784713745,9519.2939453125,23257845
2022-07-14,9594.5458984375,9613.359575324037,9462.856356511895,9462.856356511895,17527641
2022-07-15,9575.732421875,9669.797258848626,9556.919631516837,9594.545212233163,19501871
2022-07-18,9556.919921875,9669.797552636235,9556.919921875,9594.545503734464,14786847
2022-07-19,9481.6669921875,9556.918141890837,9406.41584248416,9538.105354465002,11432222
2022-07-20,9613.359375,9650.984957623272,9556.920115882234,9594.545698505506,16578710
2022-07-21,9632.171875,9688.610247228005,9594.545408331831,9594.545408331831,16094729
2022-07-22,9613.359375,9745.048914181449,9613.359375,9632.172166311635,17068473
2022-07-25,9500.4814453125,9613.359074840779,9481.668654588259,9575.732608209464,8758882
2022-07-26,9462.85546875,9575.732208382367,9444.042678811273,9500.481048627456,8644451
2022-07-27,9368.791015625,9444.042171336296,9312.352648841528,9406.416593480648,13830688
2022-07-28,9613.359375,9688.610540246542,9444.043368012422,9500.48174194733,22487426
2022-07-29,9650.9833984375,9688.60897498209,9594.544148437903,9669.796186709795,17869728
2022-08-01,9970.80078125,9970.80078125,9650.983381192471,9669.796169431149,28910719
2022-08-02,10046.0537109375,10102.49208066223,9895.550506488758,9951.988876213489,26286523
2022-08-03,10121.3046875,10121.3046875,9857.924748365716,10008.427950092211,23828794
2022-08-04,10140.1171875,10234.181132653672,10083.678820407798,10140.1171875,26958893
2022-08-05,10140.1171875,10140.1171875,9989.614875254127,10121.304398469267,18048722
2022-08-08,10196.5556640625,10234.181242527917,10083.67892866625,10158.930085597083,21811201
2022-08-09,10290.6201171875,10384.684953167853,10234.181746708971,10309.432907347009,25544049
2022-08-10,10234.1806640625,10328.244604909276,10196.55508772379,10309.431816739921,15337800
2022-08-11,10083.6796875,10347.058756578155,10064.866896851561,10328.245965929716,27055497
2022-08-12,10177.7431640625,10196.555953829833,10046.053635691167,10083.679215225833,10722270
2022-08-15,10290.6201171875,10384.684953167853,10252.99453686848,10271.80732702799,19528852
2022-08-16,10252.994140625,10309.432508922377,10215.368561760082,10271.806930057459,16954765
2022-08-17,10441.123046875,10478.748626196648,10271.807054744806,10271.807054744806,37110698
2022-08-18,10403.498046875,10478.749209708676,10365.872465458162,10422.310837583418,21807347
2022-08-19,10384.685546875,10422.311129345127,10347.059079222017,10422.311129345127,21982968
2022-08-22,10429.8349609375,10587.863098672447,10384.684443805842,10520.13688038358,21350949
2022-08-23,10474.986328125,10497.562031114252,10294.383359759488,10294.383359759488,11302333
2022-08-24,10520.13671875,10565.287235187956,10452.41050150169,10497.561017939648,14566216
2022-08-25,10678.166015625,10678.166015625,10497.563030073123,10565.289260302941,23090295
2022-08-26,10655.587890625,10791.040320323666,10655.587890625,10723.314105474332,20142000
2022-08-29,10565.2880859375,10610.438606011116,10339.533715203783,10407.259937905616,24013369
2022-08-30,10678.166015625,10791.042770947059,10587.86496544052,10633.01549053276,18558440
2022-08-31,10723.314453125,10813.61637091261,10633.013420520134,10678.163936822568,13903121
2022-09-01,10723.314453125,10723.314453125,10723.314453125,10723.314453125,0
2022-09-02,10723.314453125,10723.314453125,10723.314453125,10723.314453125,0
2022-09-05,10655.587890625,10791.040320323666,10633.013075797035,10700.739290646366,12806996
2022-09-06,10678.166015625,10791.042770947059,10633.01549053276,10655.590310487421,13830648
2022-09-07,10384.685546875,10745.891492661362,10384.685546875,10700.740970733781,34948721
2022-09-08,10294.3837890625,10497.56246889035,10271.808085131783,10429.836242281068,15981141
2022-09-09,10249.232421875,10362.109161862112,10046.05375878852,10362.109161862112,17364346
2022-09-12,10204.0810546875,10384.684901540286,10204.0810546875,10384.684901540286,6048963
2022-09-13,10181.5068359375,10271.807879486774,10158.931132458756,10226.657357712138,10368419
2022-09-14,10113.7802734375,10136.355090980629,9933.176421995528,9955.75212472148,13703771
2022-09-15,10000.90234375,10181.506189751943,9955.751824840912,10136.354785660058,7203107
2022-09-16,9842.8740234375,10091.203178429745,9820.298323826313,10046.052664390074,14084403
2022-09-19,9481.6669921875,9842.87375001927,9481.6669921875,9797.722352051125,16686797
2022-09-20,9639.6962890625,9639.6962890625,9459.093330736076,9639.6962890625,10371229
2022-09-21,9571.96875,9571.96875,9459.09202724854,9571.96875,8079605
2022-09-22,9594.5458984375,9594.5458984375,9413.94292104581,9481.669148215553,10697658
2022-09-23,9481.6669921875,9639.69511471065,9481.6669921875,9571.968902941111,7465695
2022-09-26,9075.310546875,9436.517337554757,8985.009513092129,9301.064901697691,20450561
2022-09-27,9120.462890625,9188.189115546174,9030.160962335816,9188.189115546174,7985451
2022-09-28,9007.5849609375,9143.037406298192,9007.5849609375,9030.160663558556,7031059
2022-09-29,8939.8583984375,9143.03705875536,8939.8583984375,9120.462242175232,8664607
2022-09-30,9030.1611328125,9030.1611328125,8714.10570560795,8894.708680412998,15117290
2022-10-03,8443.201171875,8985.01100528474,8398.049762302253,8985.01100528474,18203504
2022-10-04,8488.349609375,8668.952547715427,8352.897184324009,8668.952547715427,16854628
2022-10-05,8668.953125,8781.830743514385,8601.226907964467,8623.802608703894,10096194
2022-10-06,8172.294921875,8646.378448762653,8149.719220771811,8646.378448762653,15105646
2022-10-07,7653.06103515625,8036.842650696713,7607.909632022471,7923.965913227818,82647626
2022-10-10,7788.5126953125,7856.238908057526,7472.456445713924,7653.06026982245,22823892
2022-10-11,7246.70361328125,7811.088177649031,7246.70361328125,7811.088177649031,38939942
2022-10-12,7743.3623046875,7743.3623046875,7291.854456006454,7291.854456006454,24663214
2022-10-13,7856.240234375,7923.966458553799,7675.636379776311,7743.362603955109,13672051
2022-10-14,8036.84228515625,8262.59663500881,7946.540368178678,8081.992801053667,24379145
2022-10-17,7901.3896484375,8036.842077818023,7720.786704324375,7991.691563085421,19580286
2022-10-18,7923.966796875,8217.446524058296,7878.815388706126,8104.569774001865,19188612
2022-10-19,7901.3896484375,8036.842077818023,7788.512919014636,7991.691563085421,11222031
2022-10-20,7743.3623046875,7901.390450058128,7743.3623046875,7878.814747810095,13616844
2022-10-21,7269.279296875,7788.51381688912,7269.279296875,7788.51381688912,27585010
2022-10-24,7043.525390625,7427.30702420778,6975.799167923166,7359.580801505947,34967793
2022-10-25,7404.7314453125,7517.608625818703,6998.374126599837,7111.25130710604,32193352
2022-10-26,7404.7314453125,7585.334845604148,7337.005225527057,7404.7314453125,14584686
2022-10-27,7901.3896484375,7901.3896484375,7449.881845563329,7449.881845563329,26295156
2022-10-28,7969.1162109375,8194.870564818926,7856.239476588164,8036.842428583652,28006797
2022-10-31,7991.6923828125,8081.9934215401,7675.636091717484,7991.6923828125,24483940
2022-11-01,8127.14501953125,8307.747986468017,8059.418796282109,8127.14501953125,41864748
2022-11-02,8081.9931640625,8217.445603021437,8036.842646137113,8127.144567170663,20502757
2022-11-03,7969.1162109375,8127.144347172773,7946.540509994531,7969.1162109375,17876675
2022-11-04,8081.9931640625,8081.993164062499,7449.882372375979,7833.663987698707,50149727
2022-11-07,7653.06103515625,8014.266949129823,7653.06103515625,7946.540729611931,23256922
2022-11-08,7765.93798828125,7878.814728884673,7495.0331026867925,7562.759324085407,17504675
2022-11-09,7653.06103515625,7923.965913227818,7630.48533358936,7811.088290576146,16938745
2022-11-10,7133.82666015625,7630.485464262337,7133.82666015625,7607.9097623088355,40223572
2022-11-11,7224.1279296875,7540.183321912813,7201.55267098323,7337.005108391617,24036656
2022-11-14,6862.921875,7201.552983202108,6817.771355633987,7201.552983202108,24148678
2022-11-15,6388.83837890625,6862.921459065501,6388.83837890625,6772.619983214889,47139599
2022-11-16,6817.771484375,6817.771484375,5959.9058465333155,6072.78303226263,52377109
2022-11-17,7088.67578125,7178.977704931018,6817.771337981152,6930.648078695322,29759393
2022-11-18,7088.67578125,7314.430147861143,6772.620376140643,6998.374300160384,25896857
2022-11-21,7088.67578125,7269.279186020634,7043.525262000893,7178.977704931018,21537250
2022-11-22,7133.82666015625,7427.306802229202,7043.525180116433,7088.675698840643,26889593
2022-11-23,7088.67578125,7269.279186020634,7088.67578125,7133.826743090509,14798892
2022-11-24,7088.67578125,7156.402002715063,6953.223780911277,7066.100521625446,12750383
2022-11-25,7314.4296875,7314.4296875,7111.251035892625,7133.8262940963195,19785056
2022-11-28,7765.93798828125,7765.93798828125,7404.7316216857735,7427.3068812881775,31026361
2022-11-29,7765.93798828125,7878.814728884673,7585.335026279212,7765.93798828125,30372901
2022-11-30,7856.240234375,7923.966458553799,7653.061561838603,7811.0888281339085,26479248
2022-12-01,8036.84228515625,8307.747150906227,7878.814151741184,7991.691769258833,55571330
2022-12-02,8488.349609375,8488.349609375,7923.965095117658,8036.841820932589,32781566
2022-12-05,8578.65234375,8714.104781789629,8465.774721928461,8578.65234375,40015389
2022-12-06,7991.6923828125,8601.227492363618,7991.6923828125,8578.65267527312,44315371
2022-12-07,7811.0888671875,8081.993765257156,7788.514049136924,7969.117019455747,24401831
2022-12-08,8172.294921875,8352.897875152234,7923.9657504709585,7991.691968597766,27735376
2022-12-09,8217.4453125,8262.596714011872,8014.266661244819,8217.4453125,18928633
2022-12-12,7991.6923828125,8307.747788724711,7969.116680539198,8217.445864814305,25033809
2022-12-13,8127.14501953125,8127.14501953125,7901.390646973171,8014.267390660797,15995997
2022-12-14,8194.8701171875,8307.746845371128,8127.143903240782,8285.171145661321,20951044
2022-12-15,8556.076171875,8668.952902306999,8127.144065123773,8127.144065123773,48508752
2022-12-16,8488.349609375,8623.802034425993,8443.199096085566,8443.199096085566,23435795
2022-12-19,8285.1708984375,8691.528169992387,8285.1708984375,8488.349534214944,28859205
2022-12-20,7946.541015625,8330.323530161397,7856.239976472867,8262.597308205892,36545531
2022-12-21,7991.6923828125,8081.9934215401,7720.78749626409,8059.418604449603,17355312
2022-12-22,8127.14501953125,8262.59746602953,7991.692573032968,8081.993613909938,15471222
2022-12-23,8014.26806640625,8104.570000080107,7946.541837446583,8104.570000080107,9050057
2022-12-26,7585.3349609375,8014.267102645275,7585.3349609375,7991.692285828737,18930842
2022-12-27,7788.5126953125,7811.087509439049,7562.758357768187,7607.908871203974,11295307
2022-12-28,7878.814453125,7946.540672153187,7698.211497444093,7811.088234096814,9251616
2022-12-29,7856.240234375,7946.541276491506,7811.0888281339085,7811.0888281339085,8397000
2022-12-30,7720.787109375,7923.965764105014,7720.787109375,7923.965764105014,8288993
2023-01-02,7720.787109375,7720.787109375,7720.787109375,7720.787109375,0
2023-01-03,8127.14501953125,8127.14501953125,7765.9382004748895,7765.9382004748895,15132949
2023-01-04,8104.56884765625,8240.021286315015,8104.56884765625,8172.295066985633,15558952
2023-01-05,8217.4453125,8240.021013255935,8036.842362000754,8127.14427984175,15552327
2023-01-06,8240.021484375,8465.774964110711,8127.1447445071435,8149.719561371037,21916678
2023-01-09,8240.021484375,8352.898224242856,8217.44578232831,8352.898224242856,11946759
2023-01-10,8217.4453125,8285.17152958506,8172.294796170875,8217.4453125,12849556
2023-01-11,8240.021484375,8330.323407378963,8217.44578232831,8240.021484375,12981653
2023-01-12,8240.021484375,8307.747705332273,8194.870965464417,8262.59718642169,14722806
2023-01-13,8240.021484375,8375.473926289545,8240.021484375,8307.747705332273,16059436
2023-01-16,8352.8984375,8375.474140123068,8217.44599212723,8262.597397373365,12540794
2023-01-17,8759.255859375,8759.255859375,8398.049039783644,8443.20044547183,37937971
2023-01-18,8826.982421875,8826.982421875,8668.95426626024,8804.406718163502,19897479
2023-01-19,8849.5576171875,8917.28383924832,8759.255692712133,8804.406212358412,22211990
2023-01-20,8849.5576171875,8849.5576171875,8849.5576171875,8849.5576171875,0
2023-01-23,8849.5576171875,8849.5576171875,8849.5576171875,8849.5576171875,0
2023-01-24,8849.5576171875,8849.5576171875,8849.5576171875,8849.5576171875,0
2023-01-25,8849.5576171875,8849.5576171875,8849.5576171875,8849.5576171875,0
2023-01-26,8849.5576171875,8849.5576171875,8849.5576171875,8849.5576171875,0
2023-01-27,8894.70703125,9075.30997256955,8872.131331641544,8985.008944501125,18476933
2023-01-30,8691.529296875,8939.85847773871,8691.529296875,8939.85847773871,25424278
2023-01-31,8826.982421875,8826.982421875,8465.775588405346,8668.95426626024,30047276
2023-02-01,8533.501953125,9007.585542495757,8533.501953125,8894.70879246844,31600320
2023-02-02,8556.076171875,8623.802387170743,8375.473226147258,8623.802387170743,24509837
2023-02-03,8398.0478515625,8623.80219251347,8398.0478515625,8556.07597874645,20120920
2023-02-06,8443.201171875,8533.502220654687,8352.899237912408,8398.049762302253,13323138
2023-02-07,8285.1708984375,8510.925233251108,8285.1708984375,8510.925233251108,15408386
2023-02-08,8307.7470703125,8443.19950187346,8240.02085453202,8352.89758577191,11222232
2023-02-09,8330.32421875,8443.200969612017,8285.172810258888,8307.748514504443,12713444
2023-02-10,8262.59765625,8398.049220683804,8262.59765625,8375.47440253626,12028667
2023-02-13,8127.14501953125,8217.44606040822,8014.267390660797,8217.44606040822,19813965
2023-02-14,8059.4189453125,8194.871394315494,8036.8432420843865,8127.145169813997,13242435
2023-02-15,8127.14501953125,8240.021763218876,8014.267390660797,8014.267390660797,13085845
2023-02-16,8240.021484375,8285.172003285583,8149.719561371037,8172.295263417726,9520227
2023-02-17,8172.294921875,8307.747358128614,8172.294921875,8240.021140001807,9622612
2023-02-20,8533.501953125,8533.501953125,8172.295998964435,8172.295998964435,17268988
2023-02-21,8398.0478515625,8623.80219251347,8398.0478515625,8578.651678396358,13956120
2023-02-22,8240.021484375,8352.898224242856,8240.021484375,8307.747705332273,19825810
2023-02-23,8194.8701171875,8217.444931714603,7991.691475347345,8127.143903240782,32783373
2023-02-24,7991.6923828125,8240.021567087608,7991.6923828125,8194.871047723807,20220696
2023-02-27,7788.5126953125,7901.3894214933125,7788.512695312501,7878.813722184074,16152787
2023-02-28,7788.5126953125,7969.115634238337,7743.3612966940245,7833.663208748288,12372762
2023-03-01,7969.1162109375,7969.1162109375,7675.635639409922,7743.361857056074,12688149
2023-03-02,7856.240234375,7991.692682732598,7833.664531254454,7969.116979612052,7701181
2023-03-03,7743.3623046875,7901.390450058128,7743.3623046875,7901.390450058128,9518420
2023-03-06,7811.0888671875,7991.692722689166,7811.0888671875,7856.240273654338,13715214
2023-03-07,7856.240234375,7946.541276491506,7833.664531254454,7856.240234375,12393640
2023-03-08,7946.541015625,7946.541015625,7765.938052137925,7811.088571713991,14874376
2023-03-09,8036.84228515625,8104.568501593744,7946.540368178678,7969.116068718756,16178082
2023-03-10,8014.26806640625,8036.84377112044,7946.541837446583,8036.84377112044,10628196
2023-03-13,7901.3896484375,7946.540163170103,7833.663433747239,7833.663433747239,17123641
2023-03-14,7765.93798828125,7923.966133272284,7765.93798828125,7901.390431078479,17006199
2023-03-15,8036.84228515625,8059.417985696327,7901.3898522812615,7946.540368178678,12610456
2023-03-16,7878.814453125,7991.692074960492,7856.239636904119,7991.692074960492,11549263
2023-03-17,7878.814453125,7991.692074960492,7878.814453125,7991.692074960492,8567240
2023-03-20,7811.0888671875,7946.541316222328,7811.0888671875,7946.541316222328,12020637
2023-03-21,7833.66357421875,7901.389790123463,7765.937358314038,7878.814089760982,16145560
2023-03-22,7856.240234375,7923.966458553799,7833.664531254454,7901.390755433253,10614545
2023-03-23,7856.240234375,7878.815052312707,7811.0888281339085,7811.0888281339085,7591569
2023-03-24,8014.26806640625,8104.570000080107,7946.541837446583,7991.693246874962,32737199
2023-03-27,8104.56884765625,8127.144549160303,7991.692110501539,8036.842628326868,16137730
2023-03-28,8127.14501953125,8262.59746602953,8127.14501953125,8149.719837159078,24864773
2023-03-29,8262.59765625,8307.748177727935,8172.295728111284,8194.871431441676,20958874
2023-03-30,8240.021484375,8352.898224242856,8240.021484375,8307.747705332273,18024832
2023-03-31,8240.021484375,8307.747705332273,8194.870965464417,8262.59718642169,21159428
2023-04-03,8443.201171875,8443.201171875,8307.748713522566,8352.899237912408,40999894
2023-04-04,8465.7744140625,8488.350114642375,8398.048197505614,8465.7744140625,22711469
2023-04-05,8488.349609375,8510.925308611062,8398.047697613443,8465.77391013894,19855321
2023-04-06,8352.8984375,8533.501402936088,8352.8984375,8510.92658549584,24164538
2023-04-07,8398.0478515625,8398.0478515625,8285.171123678367,8352.897337445387,17151947
2023-04-10,8398.0478515625,8578.651678396358,8398.0478515625,8443.199250862315,26311216
2023-04-11,8465.7744140625,8488.350114642375,8330.322866131468,8398.048197505614,13323941
2023-04-12,8443.201171875,8488.351696264845,8375.474942698784,8488.351696264845,15990376
2023-04-13,8375.4736328125,8465.774667469514,8352.897931556865,8443.199851396643,11957800
2023-04-14,8262.59765625,8443.200627344586,8262.59765625,8398.049220683804,15755291
2023-04-17,8240.021484375,8285.172003285583,8194.870965464417,8217.44578232831,11113824
2023-04-18,8194.8701171875,8307.746845371128,8149.718717767884,8285.171145661321,11974664
2023-04-19,8172.294921875,8262.596841104996,8172.294921875,8240.021140001807,8345807
2023-04-20,8194.8701171875,8217.444931714603,8149.718717767884,8172.294417477692,6269995
2023-04-21,8149.71923828125,8240.021157705258,8149.71923828125,8194.870640584635,7745950
2023-04-24,8240.021484375,8262.59718642169,8127.1447445071435,8149.719561371037,10649276
2023-04-25,8240.021484375,8307.747705332273,8194.870965464417,8307.747705332273,9164287
2023-04-26,8285.1708984375,8285.1708984375,8172.2941736220355,8240.02038554785,10032956
2023-04-27,8307.7470703125,8330.32277063357,8262.59655485309,8307.7470703125,7275981
2023-04-28,8330.32421875,8375.47474205823,8285.172810258888,8352.899037812675,8841874
2023-05-01,8330.32421875,8330.32421875,8330.32421875,8330.32421875,0
2023-05-02,8330.32421875,8330.32421875,8330.32421875,8330.32421875,0
2023-05-03,8330.32421875,8330.32421875,8330.32421875,8330.32421875,0
2023-05-04,8217.4453125,8330.322931096931,8194.870496926811,8285.17152958506,11709666
2023-05-05,8172.294921875,8240.021140001807,8172.294921875,8217.445438898618,8041663
2023-05-08,8240.021484375,8262.59718642169,8194.870965464417,8217.44578232831,8471681
2023-05-09,8262.59765625,8285.172474397545,8217.446249589218,8262.59765625,9074550
2023-05-10,8352.8984375,8352.8984375,8240.021694750298,8262.597397373365,13748740
2023-05-11,8352.8984375,8420.624660186386,8330.323620059751,8398.048957563316,14855304
2023-05-12,8420.625,8420.625,8307.748252695166,8375.474478114638,14616807
2023-05-15,8510.9267578125,8623.803502847564,8443.200533754894,8465.775351652204,35677062
2023-05-16,8488.349609375,8556.075821900497,8443.199096085566,8510.925308611062,13552000
2023-05-17,8330.32421875,8488.351492920247,8330.32421875,8465.775788674691,18244860
2023-05-18,8398.0478515625,8420.623551212408,8330.322522978182,8375.473037095295,13369312
2023-05-19,8420.625,8443.200703534108,8375.474478114638,8398.049296465892,7616061
2023-05-22,8510.9267578125,8533.50157570981,8420.624830674747,8443.200533754894,16576582
2023-05-23,8465.7744140625,8578.652031779135,8443.199598665364,8533.500630619385,14922357
2023-05-24,8465.7744140625,8465.7744140625,8465.7744140625,8465.7744140625,0
2023-05-25,8330.32421875,8398.049561120904,8330.32421875,8398.049561120904,9503966
2023-05-26,8330.32421875,8352.899037812675,8307.748514504443,8352.899037812675,7838699
2023-05-29,8465.7744140625,8465.7744140625,8352.897681528602,8398.048197505614,11980485
2023-05-30,8465.7744140625,8510.92581522225,8420.623898085489,8488.350114642375,13222158
2023-05-31,8398.0478515625,8510.925464629338,8398.0478515625,8488.34976497943,13819205
2023-06-01,8488.349609375,8488.349609375,8375.472883560069,8398.047697613443,16936135
2023-06-02,8894.70703125,8962.433244892669,8601.226477070866,8623.802176679323,66229640
2023-06-05,8939.8583984375,9075.310838649406,8917.283581857373,8985.009801963326,39066016
2023-06-06,9233.3388671875,9233.3388671875,8939.858288606345,8985.009691577461,45761814
2023-06-07,9188.1875,9278.488527228832,9143.036101202892,9233.338013614417,26978929
2023-06-08,9030.1611328125,9233.339811411754,9030.1611328125,9188.189289006206,27471382
2023-06-09,9143.037109375,9143.037109375,9030.160370301073,9075.310888894086,20790841
2023-06-12,9188.1875,9210.762314215863,9030.159374575505,9165.611800601446,18065585
2023-06-13,9165.6123046875,9210.762820785083,9097.886087949755,9210.762820785083,21274461
2023-06-14,9142.4677734375,9350.777213992416,9142.4677734375,9304.485622178494,21953216
2023-06-15,9119.3212890625,9188.757764005328,9096.175494902942,9142.467083222056,19071170
2023-06-16,9119.3212890625,9350.776508050541,9119.3212890625,9188.757764005328,27986922
2023-06-19,9049.8857421875,9165.612909781446,9049.8857421875,9119.322224251055,14124755
2023-06-20,9096.17578125,9096.17578125,9003.594416769003,9073.030893897687,11015253
2023-06-21,9188.7587890625,9188.7587890625,9096.176509632047,9119.322306373646,12139484
2023-06-22,9188.7587890625,9188.7587890625,9188.7587890625,9188.7587890625,0
2023-06-23,9350.77734375,9397.06802867037,9281.34086260148,9327.631547521853,24710994
2023-06-26,9350.77734375,9512.79519473926,9235.049270145186,9350.77734375,21236519
2023-06-27,9304.4853515625,9397.067624961728,9258.19466863083,9373.92182972795,21561943
2023-06-28,9582.2314453125,9628.52303665489,9304.485527401768,9350.77711874416,41860332
2023-06-29,9397.0673828125,9582.231017303662,9397.0673828125,9582.231017303662,28112595
2023-06-30,9350.77734375,9443.35871359074,9327.631547521853,9397.06802867037,13420304
2023-07-03,9350.77734375,9420.213824898517,9304.485751293703,9397.06802867037,19661190
2023-07-04,9420.212890625,9420.212890625,9304.48482849781,9350.77641636302,13807561
2023-07-05,9443.359375,9559.087456710364,9397.068686837447,9489.650970698542,26094601
2023-07-06,9350.77734375,9512.79519473926,9327.631547521853,9466.50450981889,30490143
2023-07-07,9466.50390625,9466.50390625,9304.485158054867,9350.776747559687,23923832
2023-07-10,9605.376953125,9651.667635544225,9512.794680750674,9535.940475728225,33702431
2023-07-11,9813.685546875,9813.685546875,9605.376132481759,9605.376132481759,34836700
2023-07-12,9721.103515625,9859.976461885462,9674.812836050118,9813.685782310582,26323663
2023-07-13,9767.3955078125,9836.831990274104,9674.81413622099,9744.250618682594,36019551
2023-07-14,9928.2568359375,9981.491077482468,9795.170324539169,9928.2568359375,32340314
2023-07-17,9901.6396484375,10034.726158938955,9848.404499715374,9981.491010216829,19213697
2023-07-18,9901.6396484375,9928.25676903061,9821.787379122265,9901.6396484375,13132551
2023-07-19,9795.169921875,9954.873547480645,9795.169921875,9901.639308124055,20397980
2023-07-20,9821.787109375,9848.404229237092,9741.934842252842,9795.169989512908,11260812
2023-07-21,9928.2568359375,9928.2568359375,9795.170324539169,9875.022594392532,14638916
2023-07-24,9981.490234375,9981.490234375,9875.021760278149,9928.255997326574,15626284
2023-07-25,10008.1083984375,10167.812019320776,9954.873253119176,9981.490372010414,16658342
2023-07-26,9981.490234375,10034.725378959261,9928.255997326574,10008.108260435049,10355492
2023-07-27,9901.6396484375,10008.109038345845,9848.404499715374,9981.491010216829,16518162
2023-07-28,9954.8740234375,9954.8740234375,9875.022660584806,9875.022660584806,12260574
2023-07-31,10034.7265625,10061.343684163556,9954.87428997339,10034.7265625,17414754
2023-08-01,10034.7265625,10300.899594207443,10034.7265625,10061.343684163556,25003137
2023-08-02,10061.34375,10087.960871837724,9981.491476950876,10034.726628162274,10748798
2023-08-03,10034.7265625,10167.813078353722,10008.109440836444,10087.960805827111,19343228
2023-08-04,10114.5771484375,10194.429414813665,10008.10866998378,10034.725789597209,25990679
2023-08-07,10300.8984375,10327.515556174669,10141.194817916146,10194.429055265484,26558556
2023-08-08,10221.0458984375,10380.749513716632,10194.42878048028,10380.749513716632,16122237
2023-08-09,10194.4296875,10247.663928150801,10114.577418987903,10221.0468078254,18686321
2023-08-10,10061.34375,10221.047388562298,10061.34375,10221.047388562298,16071787
2023-08-11,10061.34375,10141.196023049124,9928.257233275426,10114.57799367545,15142027
2023-08-14,10087.9599609375,10167.812226776301,9981.490575664388,10087.9599609375,14124458
2023-08-15,10087.9599609375,10114.577080371811,10008.108602634566,10087.9599609375,9797741
2023-08-16,10114.5771484375,10221.046534427094,10008.10866998378,10061.34290921064,17024764
2023-08-17,10034.7265625,10114.577927490667,10034.7265625,10114.577927490667,13813724
2023-08-18,9635.4677734375,10008.110228669317,9528.998370866122,10008.110228669317,38416921
2023-08-21,9662.0830078125,9768.552389564193,9502.379388952879,9582.230744614772,16090640
2023-08-22,9688.7001953125,9741.93443279925,9449.14431155044,9741.93443279925,14062835
2023-08-23,9582.2314453125,9741.935075850399,9582.2314453125,9741.935075850399,10118775
2023-08-24,9715.3173828125,9768.552528211845,9582.230880617912,9635.466026017257,11686937
2023-08-25,9635.4677734375,9688.702020955183,9635.4677734375,9688.702020955183,8326639
2023-08-28,9688.7001953125,9741.93443279925,9608.847931546532,9715.317314055874,12242070
2023-08-29,9715.3173828125,9768.552528211845,9662.083144949005,9715.3173828125,16505942
2023-08-30,9795.169921875,9848.40416123159,9715.31765530424,9741.934774982534,12147278
2023-08-31,9848.4052734375,9875.023303657714,9795.17102806903,9795.17102806903,11403959
2023-09-01,9848.4052734375,9848.4052734375,9848.4052734375,9848.4052734375,0
2023-09-04,9848.4052734375,9848.4052734375,9848.4052734375,9848.4052734375,0
2023-09-05,10194.4296875,10247.663928150801,9875.022428523405,9901.639548848805,37483495
2023-09-06,10247.6640625,10247.6640625,10061.343310243596,10221.046941825643,24120511
2023-09-07,10274.28125,10433.984868514033,10194.428986975066,10247.663223967798,38860853
2023-09-08,10167.8125,10300.89900828365,10167.8125,10274.281888134097,19493533
2023-09-11,9981.490234375,10300.898379273061,9981.490234375,10300.898379273061,26254455
2023-09-12,10247.6640625,10247.6640625,9981.491040684617,10034.726189569239,19062520
2023-09-13,10141.1962890625,10300.89993181398,10061.344013918773,10274.282809278062,23507421
2023-09-14,10194.4296875,10300.899076337499,10114.577418987903,10167.8125671746,26068712
2023-09-15,10327.515625,10487.219245648163,10167.812004351837,10221.046242055943,45967423
2023-09-18,10194.4296875,10327.516196662898,10114.577418987903,10327.516196662898,20573598
2023-09-19,10114.5771484375,10221.046534427094,10061.34290921064,10194.429414813665,20150789
2023-09-20,10221.0458984375,10221.0458984375,10087.959401115588,10141.194544565842,15559598
2023-09-21,10087.9599609375,10300.898731483725,10034.725722068877,10221.046465644924,21981679
2023-09-22,9954.8740234375,10008.109172875214,9741.93524075848,9981.491144388398,33103709
2023-09-25,9635.4677734375,9981.49219737446,9635.4677734375,9954.87507361562,23439513
2023-09-26,9715.3173828125,9821.78676607534,9635.466026017257,9662.083144949005,19363478
2023-09-27,9848.4052734375,9848.4052734375,9662.084507111873,9662.084507111873,15138012
2023-09-28,9848.4052734375,9875.023303657714,9688.701629796109,9768.553905384793,11706315
2023-09-29,9848.4052734375,9928.257549026184,9848.4052734375,9848.4052734375,7248495
2023-10-02,9901.6396484375,9954.87388962372,9795.170258529155,9875.02252784439,7895626
2023-10-03,9608.8486328125,9848.404534057652,9582.231512126575,9795.170292685802,19653614
2023-10-04,9662.0830078125,9715.317244920427,9555.613626060807,9608.847863168736,12939652
2023-10-05,9608.8486328125,9741.935143778039,9582.231512126575,9688.700902406188,12947158
2023-10-06,9662.0830078125,9688.700126366464,9555.613626060807,9608.847863168736,8486895
2023-10-09,9741.935546875,9741.935546875,9582.231908615397,9662.084181513172,19477124
2023-10-10,9821.787109375,9875.022256635068,9768.552869650815,9795.169989512908,12865285
2023-10-11,9848.4052734375,9848.4052734375,9741.93587516458,9795.17102806903,8387390
2023-10-12,9768.552734375,9875.022119884854,9768.552734375,9848.404092855488,9503590
2023-10-13,9821.787109375,9848.404229237092,9715.31772239075,9741.934842252842,10155958
2023-10-16,9688.7001953125,9821.786696565217,9688.7001953125,9821.786696565217,9534140
2023-10-17,9635.4677734375,9821.788547285401,9635.4677734375,9741.936268472864,9501495
2023-10-18,9449.14453125,9688.70042058191,9369.293173163273,9635.466181857426,19116986
2023-10-19,9395.91015625,9528.996658666829,9369.293037273805,9449.14439420239,9857967
2023-10-20,9555.6142578125,9582.231378126206,9316.058359917357,9395.910628394371,9045344
2023-10-23,9475.76171875,9582.231104500426,9422.52747964272,9555.613984946787,6489988
2023-10-24,9528.998046875,9582.232292582688,9449.145770777484,9475.762893631329,7655243
2023-10-25,9475.76171875,9608.848224054067,9475.76171875,9555.613984946787,7844302
2023-10-26,9156.3544921875,9395.910383847739,9076.502225788796,9395.910383847739,21562537
2023-10-27,9289.44140625,9316.0585270412,9129.737773966894,9182.972015549292,15831578
2023-10-30,9049.8857421875,9289.44165068356,9049.8857421875,9182.972257181318,5827844
2023-10-31,9103.119140625,9209.5885242495,9023.267783558513,9156.354286205176,11504337
2023-11-01,9156.3544921875,9209.588731429387,9103.11934540974,9156.3544921875,9288520
2023-11-02,9422.52734375,9449.144462919763,9209.588575320171,9236.205694489934,12092813
2023-11-03,9262.82421875,9502.380119217385,9262.82421875,9475.762091081971,20714476
2023-11-06,9555.6142578125,9582.231378126206,9342.675480231062,9369.293508080666,15134171
2023-11-07,9475.76171875,9582.231104500426,9422.52747964272,9555.613984946787,7920066
2023-11-08,9768.552734375,9795.169853868496,9422.527458351942,9475.761697338936,18709539
2023-11-09,9768.552734375,9848.404092855488,9715.31758785214,9795.169853868496,16979900
2023-11-10,9582.2314453125,9795.170224386968,9555.614324812166,9688.700834849733,22353688
2023-11-13,9635.4677734375,9662.08489719634,9502.381247107282,9582.232618383805,11614491
2023-11-14,9821.787109375,9928.256496359252,9662.083482666565,9662.083482666565,24150712
2023-11-15,9875.0224609375,9981.490942588576,9821.787312576062,9954.873822175807,23721793
2023-11-16,9848.4052734375,9875.023303657714,9768.553905384793,9821.788150753264,8853841
2023-11-17,9688.7001953125,9901.638960331184,9528.996575316409,9901.638960331184,23199480
2023-11-20,9582.2314453125,9715.317955350067,9449.144935274933,9449.144935274933,15678480
2023-11-21,9635.4677734375,9715.319144714023,9555.615494624963,9688.702020955183,10222993
2023-11-22,9608.8486328125,9662.083781720261,9555.614391440648,9662.083781720261,13285300
2023-11-23,9528.998046875,9662.084568680206,9528.998046875,9635.467445826362,12267557
2023-11-24,9502.3798828125,9582.231242624443,9369.293375590045,9528.997002749815,13998244
2023-11-27,9369.2939453125,9555.614703739266,9342.675916220729,9502.3804606276,12411403
2023-11-28,9502.3798828125,9528.997002749815,9289.441108242218,9369.293375590045,11605413
2023-11-29,9502.3798828125,9528.997002749815,9422.527615464673,9475.761855339302,9506733
2023-11-30,9475.76171875,9555.613984946787,9449.144599196361,9502.37974583951,9892183
2023-12-01,9475.76171875,9502.37974583951,9422.52747964272,9502.37974583951,7699060
2023-12-04,9608.8486328125,9635.466661034336,9475.762121846961,9475.762121846961,30261534
2023-12-05,9608.8486328125,9635.466661034336,9555.614391440648,9608.8486328125,10677748
2023-12-06,9635.4677734375,9662.08489719634,9582.232618383805,9608.849742142645,12245387
2023-12-07,9715.3173828125,9768.552528211845,9608.84799954966,9662.083144949005,24293161
2023-12-08,9688.7001953125,9768.552459078468,9662.083076569124,9715.317314055874,13039331
2023-12-11,9662.0830078125,9715.317244920427,9608.847863168736,9688.700126366464,8510462
2023-12-12,9715.3173828125,9715.3173828125,9635.466026017257,9662.083144949005,8512382
2023-12-13,9608.8486328125,9768.553171999874,9608.8486328125,9715.318023092113,12526270
2023-12-14,9608.8486328125,9688.700902406188,9582.231512126575,9662.083781720261,9254479
2023-12-15,9608.8486328125,9688.700902406188,9582.231512126575,9608.8486328125,9672749
2023-12-18,9582.2314453125,9662.0837143494,9555.614324812166,9608.848565812832,9209265
2023-12-19,9662.0830078125,9688.700126366464,9555.613626060807,9582.230744614772,10293520
2023-12-20,9662.0830078125,9688.700126366464,9608.847863168736,9662.0830078125,5387230
2023-12-21,9662.0830078125,9662.0830078125,9582.230744614772,9635.465889258536,6950155
2023-12-22,9741.935546875,9821.787819772775,9635.467059725896,9662.084181513172,14920148
2023-12-25,9795.169921875,9875.02218844576,9741.934774982534,9768.552802196704,11498402
2023-12-26,9821.787109375,9848.404229237092,9741.934842252842,9795.169989512908,7436856
2023-12-27,9795.169921875,9848.40416123159,9768.552802196704,9848.40416123159,10098001
2023-12-28,9875.0224609375,9901.63958135027,9768.553071750524,9795.170192163294,17247690
2023-12-29,9928.2568359375,10034.726226563345,9875.022594392532,9901.639715165016,24116147
2024-01-01,9928.2568359375,9928.2568359375,9928.2568359375,9928.2568359375,0
2024-01-02,10034.7265625,10114.577927490667,9928.257168309834,9954.87428997339,24065172
2024-01-03,10194.4296875,10221.0468078254,9954.873789499605,9981.490909825006,24186149
2024-01-04,10700.158203125,10886.47894596133,10194.429305737425,10194.429305737425,86263590
2024-01-05,10913.0966796875,10913.0966796875,10700.15791570645,10700.15791570645,39308276
2024-01-08,11019.5654296875,11099.417695061067,10859.861806476227,10966.33119112903,35171141
2024-01-09,11099.41796875,11126.03508868556,10913.097221665203,11046.183728878883,34554385
2024-01-10,11126.0341796875,11259.120676028,10992.947683347,11099.417061926562,43092080
2024-01-11,10992.94921875,11232.505127129221,10913.097854314217,11126.035733678907,43090684
2024-01-12,11365.5908203125,11472.060206064953,10859.861918640257,10913.097065284419,80133565
2024-01-15,11418.826171875,11658.382067233037,11392.208144307308,11445.443291906808,43786345
2024-01-16,11445.443359375,11445.443359375,11259.121702982255,11418.826239186292,30534736
2024-01-17,11445.443359375,11605.146988043143,11338.973971084273,11498.677599752416,35759093
2024-01-18,11551.9130859375,11578.53020690563,11338.974303120613,11392.208545056876,41239543
2024-01-19,11738.2333984375,11791.468545905975,11551.91265113755,11605.14689107014,37725100
2024-01-22,11764.8505859375,12004.406482081045,11711.616345699329,11871.31997394973,50851368
2024-01-23,11684.9990234375,11897.936888242386,11658.381903778873,11764.85038241338,27764834
2024-01-24,11658.3818359375,11791.468340992062,11605.146689394154,11631.763808897893,22152409
2024-01-25,11658.3818359375,11658.3818359375,11658.3818359375,11658.3818359375,0
2024-01-26,11711.6162109375,11791.46847791181,11658.38197131188,11658.38197131188,16571930
2024-01-29,11791.46875,11951.172380097903,11711.616481183099,11711.616481183099,27349881
2024-01-30,11764.8505859375,11844.702853830646,11631.764077806185,11791.468613592475,25055508
2024-01-31,11578.5302734375,11844.703299720117,11525.295123659424,11844.703299720117,48609191
2024-02-01,11658.3818359375,11684.998955441239,11498.67730384333,11551.912450386677,19895219
2024-02-02,11658.3818359375,11658.3818359375,11658.3818359375,11658.3818359375,0
2024-02-05,12217.3447265625,12323.814109942541,11578.529333818104,11578.529333818104,64753773
2024-02-06,12270.580078125,12323.815228414405,12217.345835371527,12243.962956748264,20109242
2024-02-07,12510.134765625,12616.604148285203,12297.196907840436,12297.196907840436,36977068
2024-02-08,12510.134765625,12510.134765625,12510.134765625,12510.134765625,0
2024-02-09,12510.134765625,12510.134765625,12510.134765625,12510.134765625,0
2024-02-12,12510.134765625,12510.134765625,12510.134765625,12510.134765625,0
2024-02-13,12510.134765625,12510.134765625,12510.134765625,12510.134765625,0
2024-02-14,12510.134765625,12510.134765625,12510.134765625,12510.134765625,0
2024-02-15,12856.1611328125,12882.778253871888,12536.752957492079,12616.605228206165,42056182
2024-02-16,12776.30859375,12829.543742286567,12616.6049632121,12829.543742286567,28219589
2024-02-19,12749.69140625,12829.543674867278,12563.370656190884,12776.30852661046,36576953
2024-02-20,12696.45703125,12829.54353918066,12589.987643398295,12696.45703125,35461451
2024-02-21,12776.30859375,12882.777983287233,12616.6049632121,12696.457232249002,43614917
2024-02-22,12749.69140625,12829.543674867278,12696.457165529082,12776.30852661046,26087566
2024-02-23,12723.07421875,13148.950864877703,12643.221950554102,12776.308459190002,85629727
2024-02-26,12776.30859375,12802.925714250332,12589.987842711767,12723.074352749334,37329175
2024-02-27,12909.39453125,13015.863916065267,12696.456669155326,12802.92514643473,39988226
2024-02-28,12989.248046875,13069.100320055672,12856.16152993118,12962.630924993426,33649240
2024-02-29,12856.1611328125,13069.099916359448,12749.691741039027,13042.481887764137,41957026
2024-03-01,12776.30859375,12856.1608627869,12669.839204212765,12829.543742286567,35742509
2024-03-04,12882.7783203125,13015.86483383173,12643.222414470698,12829.544077919178,55774765
2024-03-05,13095.716796875,13122.333917445481,12829.543776098377,12882.77801723934,39747668
2024-03-06,13095.716796875,13388.506938222105,12962.630286486688,13095.716796875,52144233
2024-03-07,12989.248046875,13202.186836999492,12962.630924993426,13148.951685700393,34493286
2024-03-08,12563.37109375,13042.48199953252,12563.37109375,13042.48199953252,86206506
2024-03-11,12217.3447265625,12563.36999566367,12137.492462143506,12536.751969166771,60944656
2024-03-12,12297.197265625,12377.048624291529,12110.87561366469,12190.72787986709,33378482
2024-03-13,12696.45703125,12696.45703125,12297.197507458022,12297.197507458022,26648459
2024-03-14,12483.5185546875,12749.691576927087,12456.901433970723,12749.691576927087,32048957
2024-03-15,12669.83984375,12696.457873129837,12323.815444707549,12483.51908330683,32969464
2024-03-18,12350.4326171875,12669.839895695615,11924.555943331363,12643.222773742598,55482884
2024-03-19,12350.4326171875,12430.284890582505,12217.346099886461,12350.4326171875,23750772
2024-03-20,12856.1611328125,12989.247645645362,12297.197960421665,12350.432202540442,68705864
2024-03-21,13175.568359375,13175.568359375,12829.543971613708,12936.013363054075,54072708
2024-03-22,13335.271484375,13681.295835395702,13228.802104239468,13308.65345868925,72506951
2024-03-25,13148.9501953125,13494.975463160048,13095.715957583268,13335.271842436505,37035374
2024-03-26,13441.7412109375,13441.7412109375,13095.715943463048,13148.950181134882,27244267
2024-03-27,13468.359375,13521.593616803133,13308.654834518766,13441.742254098433,19909533
2024-03-28,13574.828125,13681.296603577737,13415.123592061647,13654.679483933303,27911822
2024-03-29,13521.59375,13601.446021027215,13388.507236645257,13601.446021027215,20341070
2024-04-01,13255.419921875,13441.74157382829,13148.950536121101,13415.123546737912,33580634
2024-04-02,13202.1865234375,13202.1865234375,12882.77834583695,13095.717130903984,50580610
2024-04-03,12882.7783203125,13202.186497280212,12882.7783203125,13202.186497280212,39382642
2024-04-04,12669.83984375,12909.395755416897,12669.83984375,12882.778633573009,48519112
2024-04-05,12430.2841796875,12643.222050669554,12403.66615172083,12536.752661410577,44300105
2024-04-08,12510.134765625,12669.838385847384,12323.814026621527,12456.90052806282,43144626
2024-04-09,12776.30859375,12776.30859375,12456.9013326742,12510.135573674866,27468240
2024-04-10,12669.83984375,12962.630906640623,12669.83984375,12936.013784796734,36796039
2024-04-11,12643.2216796875,12696.456826522894,12456.900934603305,12510.135173902825,15731550
2024-04-12,13122.3330078125,13148.950126537897,12643.221240611983,12696.45638559862,41741781
2024-04-15,12456.9013671875,13335.27269888343,12243.96258752306,13015.86452938677,83086766
2024-04-16,12723.07421875,12723.07421875,12270.579544866403,12456.901201478198,57114939
2024-04-17,12297.197265625,12802.925259787298,12297.197265625,12776.30814023179,41861711
2024-04-18,12297.197265625,12297.197265625,12297.197265625,12297.197265625,0
2024-04-19,12084.2587890625,12403.66604659647,12031.023641116242,12031.023641116242,49198539
2024-04-22,12031.0234375,12270.579330364119,12004.406317745294,12137.492824054705,30692024
2024-04-23,11711.6162109375,12084.258610924486,11578.529704337569,12031.023463762984,55858908
2024-04-24,12004.40625,12057.641396744866,11684.998999674295,11818.085505232651,32558701
2024-04-25,11844.703125,12031.023877635062,11791.468883543099,12031.023877635062,22699686
2024-04-26,11844.703125,11951.17251544971,11711.616613821838,11711.616613821838,23274021
2024-04-29,11844.703125,11844.703125,11844.703125,11844.703125,0
2024-04-30,11844.703125,11844.703125,11844.703125,11844.703125,0
2024-05-01,11844.703125,11844.703125,11844.703125,11844.703125,0
2024-05-02,11924.5546875,12004.406044949526,11818.085303364773,11871.319541664458,19339388
2024-05-03,11924.5546875,12137.492548234597,11871.319541664458,12031.02316409937,20700161
2024-05-06,12190.7275390625,12217.3446578739,12004.405892311008,12004.405892311008,28279118
2024-05-07,12110.8759765625,12270.579606216888,12057.641735856338,12243.962485863807,16766924
2024-05-08,12004.40625,12084.258516349362,11871.319744441646,11924.55489118651,37423792
2024-05-09,12057.642578125,12137.493944762144,11897.93802977879,12031.024548376658,27308334
2024-05-10,12031.0234375,12190.727971099997,11977.789197990587,12110.875704299999,19933100
2024-05-13,12057.642578125,12243.963341147628,12031.024548376658,12031.024548376658,24445909
2024-05-14,12164.111328125,12350.433002683718,12084.259959773533,12190.729358444803,29097851
2024-05-15,12190.7275390625,12270.578895496701,12137.492393903854,12217.3446578739,26710082
2024-05-16,12456.9013671875,12536.752728909734,12243.96258752306,12323.8148567812,54868572
2024-05-17,12377.0498046875,12483.519200599369,12323.815560499545,12483.519200599369,26998821
2024-05-20,12483.5185546875,12563.37082437374,12456.901433970723,12563.37082437374,31292545
2024-05-21,12563.37109375,12563.37109375,12377.049429665745,12483.518822351614,28633495
2024-05-22,12350.4326171875,12589.988529836563,12350.4326171875,12563.371407883546,34988192
2024-05-23,12404.837890625,12432.041289255903,12241.616571313969,12350.431093363193,22834803
2024-05-24,12214.4140625,12676.874655492325,12051.192731298335,12268.820863725328,63471557
2024-05-27,12214.4140625,12296.024264337992,12160.006333748992,12296.024264337992,13954776
2024-05-28,12296.0244140625,12377.635544419922,12160.006481817258,12350.432143476011,22881413
2024-05-29,12132.802734375,12323.228390595426,12132.802734375,12296.024062902748,29865784
2024-05-30,11887.9697265625,12051.191975047119,11806.359529845811,12023.987648615936,50300599
2024-05-31,11833.5634765625,11969.581404912613,11833.5634765625,11887.97027689228,26069410
2024-06-03,11833.5634765625,11833.5634765625,11833.5634765625,11833.5634765625,0
2024-06-04,12241.6181640625,12404.839504610149,12241.6181640625,12377.636102439828,15778684
2024-06-05,12078.396484375,12350.432353491375,12078.396484375,12268.82122174618,23841199
2024-06-06,12160.0068359375,12296.024772143819,12132.80343420138,12187.211165199336,17477075
2024-06-07,12214.4140625,12323.228592476335,12132.802933136329,12268.820863725328,14793934
2024-06-10,12323.228515625,12459.24644536575,12241.61738677028,12268.820787213295,23299857
2024-06-11,12268.8212890625,12350.432421255477,12214.414485950989,12323.229019699722,18431449
2024-06-12,12568.060546875,12568.060546875,12187.210171059052,12268.820369610272,43996877
2024-06-13,12812.892578125,12894.503707437994,12595.264445833147,12622.467846428919,68000601
2024-06-14,12568.060546875,13057.724520759242,12568.060546875,13057.724520759242,44557595
2024-06-17,12649.6708984375,12731.282025501534,12486.449571835084,12731.282025501534,29777277
2024-06-18,12649.6708984375,12812.892225039917,12649.6708984375,12785.688825193789,20878921
2024-06-19,12676.875,12758.486131581541,12540.857065714566,12731.282730229595,23178880
2024-06-20,12649.6708984375,12758.485425347662,12595.264098745245,12731.282025501534,23905266
2024-06-21,12622.4677734375,12704.078902278565,12568.060972560572,12649.671173875964,17689876
2024-06-24,12323.228515625,12622.467775549518,12268.820787213295,12568.060974663485,44398388
2024-06-25,12296.0244140625,12432.042346307744,12241.61761217468,12350.432143476011,15506354
2024-06-26,12241.6181640625,12323.22929809919,12160.00703002581,12296.024968403139,19349338
2024-06-27,12241.6181640625,12296.024968403139,12187.211359721861,12214.41476189218,10767477
2024-06-28,12078.396484375,12268.82122174618,12078.396484375,12268.82122174618,16708443
2024-07-01,12214.4140625,12214.4140625,12051.192731298335,12105.599532523664,7212010
2024-07-02,12350.4326171875,12432.042823149462,12214.41467972517,12241.618081712491,17340561
2024-07-03,12459.24609375,12486.4494934253,12296.0238406469,12404.838366873752,12258305
2024-07-04,12404.837890625,12513.652412674224,12296.023368575776,12459.245615412417,9974406
2024-07-05,12404.837890625,12432.041289255903,12296.023368575776,12404.837890625,10877107
2024-07-08,12350.4326171875,12486.450554649828,12296.024885687133,12404.839421162142,12294266
2024-07-09,12595.2646484375,12595.2646484375,12323.228783052522,12404.8389861526,23442307
2024-07-10,12676.875,12840.097263163081,12595.264795944162,12595.264795944162,33503823
2024-07-11,12568.060546875,12785.688670537227,12568.060546875,12758.485271020154,13438922
2024-07-12,12513.6533203125,12622.467850254241,12459.246519104467,12486.449919708482,12865110
2024-07-15,12540.8564453125,12622.4675728567,12486.449645300137,12540.8564453125,7697489
2024-07-16,12812.892578125,13030.521637942531,12540.856717115925,12568.061045237375,43239941
2024-07-17,13329.7607421875,13683.407728334712,12812.892426866832,12948.910355765658,126319026
2024-07-18,13547.3896484375,13601.796448380348,13112.132466317744,13384.168321083298,52498261
2024-07-19,13819.42578125,13955.443711369458,13492.983119973567,13547.389921011081,79574766
2024-07-22,13710.611328125,14009.851518077465,13411.372065698213,13765.019056991667,59016181
2024-07-23,13003.3173828125,13792.221513399827,12948.90965767077,13792.221513399827,83612396
2024-07-24,13030.521484375,13193.742813551711,12867.30015519829,12948.910356023813,45106618
2024-07-25,13030.521484375,13112.13261272619,12785.689026847102,12976.114683824653,35588887
2024-07-26,13220.947265625,13248.150666155878,12976.114805795758,13003.318206326636,21228410
2024-07-29,13112.1328125,13302.557544853158,13112.1328125,13302.557544853158,16589387
2024-07-30,13329.7607421875,13329.7607421875,12976.114683565957,13112.13261246478,34166316
2024-07-31,13275.3544921875,13547.390361266893,13166.539959050602,13329.761294993097,35605820
2024-08-01,12731.2822265625,13356.965070532895,12649.671098209608,13275.353942180003,56458032
2024-08-02,12948.9111328125,12948.9111328125,12513.65391972219,12513.65391972219,41490051
2024-08-05,12486.44921875,12812.891862723864,12404.838093993721,12540.856016903768,54503896
2024-08-06,12731.2822265625,12785.689027113984,12513.653169305233,12622.467697933866,29613705
2024-08-07,12704.0791015625,12785.689304158079,12622.467971441234,12731.282502427694,17819407
2024-08-08,12540.8564453125,12785.688900419444,12513.653045306319,12676.874372869062,17813821
2024-08-09,12758.486328125,12785.689729896012,12622.468391744222,12622.468391744222,14786777
2024-08-12,12894.50390625,12894.50390625,12704.079171617883,12785.689374663494,17861478
2024-08-13,12840.09765625,12921.707862804253,12731.283119985264,12867.30105843475,11733198
2024-08-14,12731.2822265625,12921.706956018359,12731.2822265625,12921.706956018359,11477279
2024-08-15,12649.6708984375,12812.892225039917,12649.6708984375,12731.282025501534,13762749
2024-08-16,13084.927734375,13112.132061031214,12704.078291495529,12731.281690626116,36669999
2024-08-19,13084.927734375,13193.742258422973,13030.520936113826,13112.132061031214,15607256
2024-08-20,13193.7431640625,13329.76109657755,13084.928632545323,13112.132961068884,28591249
2024-08-21,13465.779296875,13492.983625939552,13084.92889275408,13193.74342643516,37576716
2024-08-22,13275.3544921875,13547.390361266893,13275.3544921875,13520.186959864095,22816822
2024-08-23,13356.9658203125,13411.372623918054,13220.947883772897,13275.35468737845,16712808
2024-08-26,13302.5576171875,13492.983278101801,13220.947414674816,13438.575548900993,17837562
2024-08-27,13275.3544921875,13329.761294993097,13220.947689381903,13248.151090784702,17628078
2024-08-28,13411.3720703125,13438.575470992353,13248.150738707702,13302.557540067408,21112495
2024-08-29,13520.185546875,13710.610264319082,13411.371025110262,13411.371025110262,39484068
2024-08-30,13520.185546875,13601.795742554346,13492.982148315217,13520.185546875,15483137
2024-09-02,13520.185546875,13520.185546875,13520.185546875,13520.185546875,0
2024-09-03,13520.185546875,13520.185546875,13520.185546875,13520.185546875,0
2024-09-04,13275.3544921875,13384.169025324398,13248.151090784702,13302.557893590298,26445958
2024-09-05,13030.521484375,13438.57527107961,13003.318084099827,13275.3539419029,28730905
2024-09-06,13057.724609375,13084.928009076688,12921.706683340912,13003.317809971624,25628796
2024-09-09,13030.521484375,13030.521484375,12921.706955748637,13003.318084099827,13559201
2024-09-10,12921.70703125,13166.539490208452,12867.300230381754,13084.928361380411,21614035
2024-09-11,13003.3173828125,13084.927579236668,12785.688337296817,12921.706258862714,16914087
2024-09-12,13057.724609375,13139.33573600571,13030.521209673312,13057.724609375,9826545
2024-09-13,13003.3173828125,13084.927579236668,12976.113984004443,13084.927579236668,7676541
2024-09-16,13003.3173828125,13193.742101994509,12976.113984004443,13003.3173828125,14695826
2024-09-17,13193.7431640625,13193.7431640625,12948.910700030274,13057.72523154745,14454221
2024-09-18,13275.3544921875,13384.169025324398,13139.336557647803,13220.947689381903,23662090
2024-09-19,13275.3544921875,13356.9656239216,13248.151090784702,13302.557893590298,11731453
2024-09-20,13465.779296875,13601.797232094921,13356.965690719631,13356.965690719631,45953108
2024-09-23,13492.9833984375,13819.426066450953,13492.9833984375,13492.9833984375,32891431
2024-09-24,13737.8154296875,13765.018829909217,13492.982972640719,13547.389773084153,30689231
2024-09-25,14009.8515625,14091.461764770249,13792.222501394634,13819.425902151384,55942876
2024-09-26,13982.6474609375,14118.665394452379,13873.833856146155,14009.851789661034,46218105
2024-09-27,13982.6474609375,14227.479926769422,13928.240658541828,13982.6474609375,31660713
2024-09-30,13982.6474609375,14037.055190858871,13846.629527422621,13846.629527422621,25140873
2024-10-01,13955.4443359375,14227.480208351231,13955.4443359375,14009.852066935677,32763821
2024-10-02,13982.6474609375,14064.258592056707,13873.833856146155,13901.03725734399,22374811
2024-10-03,13873.833984375,14200.276656817576,13819.426253950765,13955.44418872279,36652018
2024-10-04,13656.2041015625,13873.833155201359,13656.2041015625,13873.833155201359,32472289
2024-10-07,13710.611328125,13819.425858332652,13601.796797917346,13765.019056991667,17782049
2024-10-08,13710.611328125,13873.833587199319,13656.204526784013,13710.611328125,20893235
2024-10-09,13928.240234375,13955.44363474439,13737.81550426359,13765.018904632982,25027926
2024-10-10,13873.833984375,14118.665524944077,13873.833984375,13982.647590172053,21519767
2024-10-11,13901.037109375,13928.24051028327,13792.22257821623,13873.83370846673,11320864
2024-10-14,14064.2587890625,14200.276724482655,13873.834050484564,13955.444255221231,27185436
2024-10-15,13955.4443359375,14200.276806615,13955.4443359375,14118.665673880596,26907172
2024-10-16,13873.833984375,13955.44418872279,13819.426253950765,13955.44418872279,18904883
2024-10-17,14091.4619140625,14091.4619140625,13792.222647516588,13901.037179222109,20391521
2024-10-18,14009.8515625,14254.683096836432,13982.647234217568,14145.869493809432,32257044
2024-10-21,13901.037109375,14091.461843258585,13901.037109375,14009.851640533772,16427909
2024-10-22,13737.8154296875,13955.4435589869,13683.4077017184,13873.83335832175,35485193
2024-10-23,13737.8154296875,13792.222230130934,13683.4077017184,13737.8154296875,20310346
2024-10-24,13438.576171875,13819.426583833054,13438.576171875,13737.816377537154,28361864
2024-10-25,13411.3720703125,13492.983199877739,13356.965268952794,13492.983199877739,18515417
2024-10-28,13492.9833984375,13520.186799517673,13411.37226767129,13465.779069831635,6760921
2024-10-29,13601.7958984375,13656.203623706211,13520.185701822862,13547.389100694409,9325878
2024-10-30,13601.7958984375,13683.407022577758,13438.574577682604,13601.7958984375,11032824
2024-10-31,13629.0009765625,13710.611177678471,13492.983047176878,13601.79664866484,11630202
2024-11-01,13384.1689453125,13629.001411525462,13384.1689453125,13574.593681519415,16265210
2024-11-04,13302.5576171875,13465.778949738555,13275.354216349939,13438.575548900993,20776448
2024-11-05,13302.5576171875,13384.168747225869,13275.354216349939,13356.965346388308,11340765
2024-11-06,13520.185546875,13547.388945434783,13329.759901905309,13411.371025110262,11454235
2024-11-07,13492.9833984375,13601.797002758189,13492.9833984375,13601.797002758189,8242671
2024-11-08,13356.9658203125,13547.390560457658,13275.35468737845,13520.18715865488,13409245
2024-11-11,13220.947265625,13384.168596335936,13030.521606857512,13356.96519580506,29917806
2024-11-12,13112.1328125,13248.15074347388,13112.1328125,13220.947342784239,15381013
2024-11-13,13139.3359375,13193.742737737715,12976.114609261194,13112.132537381143,18607241
2024-11-14,12948.9111328125,13112.133399306373,12948.9111328125,13112.133399306373,14715901
2024-11-15,12785.689453125,12948.910787743549,12785.689453125,12894.503985379266,20573423
2024-11-18,12731.2822265625,12867.300155466875,12568.060897382382,12785.689027113984,26233681
2024-11-19,12595.2646484375,12840.097112789117,12595.2646484375,12785.689383196706,13235722
2024-11-20,12812.892578125,12894.503707437994,12595.264445833147,12595.264445833147,16956856
2024-11-21,13057.724609375,13057.724609375,12731.28195790345,12840.096484235848,11487055
2024-11-22,13057.724609375,13166.5391357074,13003.317809971624,13030.521209673312,12823039
2024-11-25,13030.521484375,13084.928284925349,13003.318084099827,13057.724884650175,8394722
2024-11-26,13112.1328125,13166.53961387928,13057.72508359504,13084.928484284681,7744448
2024-11-27,13112.1328125,13193.74301456892,13003.318282215761,13057.72508359504,7111283
2024-11-28,13057.724609375,13193.742535409088,13057.724609375,13166.5391357074,11499275
2024-11-29,13139.3359375,13139.3359375,13030.52140949891,13084.928209736625,7573021
2024-12-02,13139.3359375,13220.947065382235,13084.928209736625,13166.539337618859,7175350
2024-12-03,13030.521484375,13166.539413276538,13030.521484375,13139.336013001363,11480770
2024-12-04,12976.1142578125,13057.72445595872,12948.90993090479,13003.317657194573,10711091
2024-12-05,13356.9658203125,13384.169222115277,12948.911083167972,12976.115412496467,18434242
2024-12-06,13248.150390625,13384.1683179762,13248.150390625,13384.1683179762,10681938
2024-12-09,13275.3544921875,13356.9656239216,13193.7433604534,13275.3544921875,10209901
2024-12-10,13193.7431640625,13329.76109657755,13193.7431640625,13275.354294581806,8745433
2024-12-11,13220.947265625,13275.354066686754,13112.132735975818,13193.742937568448,9816071
2024-12-12,13220.947265625,13356.96519580506,13220.947265625,13275.354066686754,10035156
2024-12-13,13193.7431640625,13248.150893583934,13166.539763064628,13193.7431640625,7674620
2024-12-16,13112.1328125,13248.15074347388,13057.72508359504,13193.74301456892,9935826
2024-12-17,13139.3359375,13166.539337618859,13084.928209736625,13084.928209736625,6752193
2024-12-18,13166.5390625,13166.5390625,13084.927936323056,13139.335662949567,6596476
2024-12-19,12976.1142578125,13084.927855340793,12948.90993090479,12948.90993090479,18253562
2024-12-20,13057.724609375,13057.724609375,12948.910083042601,12976.114410269936,7198219
2024-12-23,13084.927734375,13139.335460161801,13057.724335244413,13057.724335244413,5744400
2024-12-24,13003.3173828125,13084.927579236668,12976.113984004443,13084.927579236668,6074686
2024-12-25,13302.5576171875,13492.983278101801,13030.521753760513,13030.521753760513,25871099
2024-12-26,13547.3896484375,13547.3896484375,13302.55719364337,13329.760593614794,34747460
2024-12-27,13629.0009765625,13765.018905948122,13601.79664866484,13629.0009765625,29156506
2024-12-30,13492.9833984375,13683.4081335244,13492.9833984375,13683.4081335244,19315995
2024-12-31,13656.2041015625,13656.2041015625,13492.982775096181,13492.982775096181,19623937
2025-01-01,13656.2041015625,13656.2041015625,13656.2041015625,13656.2041015625,0
2025-01-02,13710.611328125,13846.629259003146,13629.00112611352,13683.407927454506,21709176
2025-01-03,13438.576171875,13710.612047912791,13438.576171875,13710.612047912791,19264846
2025-01-06,13275.3544921875,13547.390361266893,13275.3544921875,13438.575828129995,25410060
2025-01-07,13546.0302734375,13577.313859642727,13264.472432436374,13577.313859642727,17914373
2025-01-08,13514.7451171875,13577.313214149017,13420.892507982406,13420.892507982406,9921799
2025-01-09,13452.177734375,13577.313934941263,13420.89322047059,13514.745834658132,6629865
2025-01-10,13233.1884765625,13452.177283984365,13233.1884765625,13420.89277112739,13178820
2025-01-13,13452.177734375,13452.177734375,13108.051791529248,13233.188919621198,11949088
2025-01-14,13327.041015625,13452.178147560555,13233.189326080479,13389.610045355636,8707248
2025-01-15,13358.32421875,13452.176826604242,13327.039706956712,13420.892314810953,7174371
2025-01-16,13358.32421875,13452.176826604242,13327.039706956712,13420.892314810953,7174371
2025-01-17,13452.177734375,13452.177734375,13358.325120187461,13452.177734375,6806256
2025-01-20,13671.1669921875,13733.735094498354,13452.17817033665,13452.17817033665,12506498
2025-01-21,13671.1669921875,13796.303196809207,13608.598889876645,13733.735094498354,10277163
2025-01-22,13639.8818359375,13733.734448753796,13608.59825001585,13733.734448753796,9050012
2025-01-23,13890.1552734375,13921.4397871382,13639.881946408932,13702.450973810335,20849881
2025-01-24,14015.291015625,14046.575528304342,13796.302209446567,13796.302209446567,14873819
2025-01-27,14015.291015625,14015.291015625,14015.291015625,14015.291015625,0
2025-01-28,14015.291015625,14015.291015625,14015.291015625,14015.291015625,0
2025-01-29,14015.291015625,14015.291015625,14015.291015625,14015.291015625,0
2025-01-30,14015.291015625,14015.291015625,14015.291015625,14015.291015625,0
2025-01-31,14015.291015625,14015.291015625,14015.291015625,14015.291015625,0
2025-02-03,13796.302734375,13921.43986232799,13733.734634161347,13796.302734375,13795432
2025-02-04,14046.576171875,14140.42878668741,13827.587355663176,13890.155456362883,16784981
2025-02-05,14077.861328125,14109.144916138954,13952.724193491977,14077.861328125,10974381
2025-02-06,14140.4287109375,14359.417525976207,14109.144196992389,14109.144196992389,16327911
2025-02-07,14234.28125,14390.701963847283,14015.291508593258,14202.99673622027,21544822
2025-02-10,14328.1318359375,14547.120633000986,14046.574943645246,14202.995645479967,29352351
2025-02-11,14390.7021484375,14390.7021484375,14296.849533420142,14390.7021484375,11748257
2025-02-12,14202.9970703125,14421.985889344758,14202.9970703125,14390.702302354839,10907892
2025-02-13,14328.1318359375,14328.1318359375,14140.427550251201,14296.848252085922,11321395
2025-02-14,14296.849609375,14390.702224890969,14265.565095027778,14390.702224890969,12387031
2025-02-17,14171.7119140625,14328.13262450605,14140.428328489188,14328.13262450605,13174722
2025-02-18,14202.9970703125,14359.417787839215,14140.428968806957,14171.712555796876,15305235
2025-02-19,14296.849609375,14359.417710543747,14202.996993859031,14265.565095027778,13914747
2025-02-20,14296.849609375,14390.702224890969,14296.849609375,14390.702224890969,16442672
2025-02-21,14328.1318359375,14484.55253777222,14265.563740708732,14328.1318359375,31140100
2025-02-24,14390.7021484375,14421.985735092823,14265.565019239124,14265.565019239124,20432583
2025-02-25,14640.974609375,14734.82722476154,14421.985791823541,14421.985791823541,57222831
2025-02-26,14515.837890625,14734.826700383155,14515.837890625,14703.542187192419,12715982
2025-02-27,14515.837890625,14547.12147629007,14359.417179722652,14515.837890625,19379698
2025-02-28,14390.7021484375,14484.553835929164,14359.417634256482,14453.27024927384,16778150
2025-03-03,14453.26953125,14453.26953125,14359.416920895144,14390.70143352198,13958920
2025-03-04,14640.974609375,14766.11173906562,14296.849589658621,14421.985791823541,32435106
2025-03-05,14734.826171875,15078.951167001705,14578.405466583145,14640.97356319476,46079952
2025-03-06,15078.951171875,15078.951171875,14703.541664558345,14828.67878534765,39345193
2025-03-07,15329.224609375,15579.497925443446,15078.951293306554,15172.803902772926,71977639
2025-03-10,15329.224609375,15579.497925443446,15297.941024569971,15485.645315977074,29478952
2025-03-11,15516.9306640625,15516.9306640625,15110.236619487103,15141.521133502783,40256297
2025-03-12,15391.79296875,15642.06721660816,15391.79296875,15579.498190880791,46993636
2025-03-13,15204.0888671875,15454.362190697664,15141.520768191376,15423.077677436768,35011303
2025-03-14,15204.0888671875,15297.94147944452,15110.23625493048,15172.804353926604,29941032
2025-03-17,15204.0888671875,15297.94147944452,15078.951741669583,15266.656966183624,38863684
2025-03-18,14953.8154296875,15266.656849809062,14953.8154296875,15266.656849809062,40400052
2025-03-19,14922.5322265625,15016.383912983276,14828.67961261604,14953.815812860865,30945948
2025-03-20,15172.8046875,15235.37278787168,14953.815872436273,15016.383972807955,32094466
2025-03-21,15204.0888671875,15329.225065179748,15141.520768191376,15204.0888671875,23631465
2025-03-24,15266.6572265625,15266.6572265625,14985.100312515044,15204.089126499252,23637385
2025-03-25,15141.5205078125,15360.509314295961,15110.235995089584,15329.224801573044,19338409
2025-03-26,15016.3837890625,15266.657115012484,15016.3837890625,15110.236402234454,27744941
2025-03-27,14953.8154296875,15078.95162672586,14953.8154296875,15016.38352820668,18862364
2025-03-28,14953.8154296875,15078.95162672586,14891.247331168319,15016.38352820668,19790317
2025-03-31,15078.951171875,15078.951171875,14891.246881979489,14922.531394058224,28385385
2025-04-01,15391.79296875,15391.79296875,15016.383452014072,15110.236063079468,21129801
2025-04-02,15235.3720703125,15423.077290112644,15235.3720703125,15391.792777637405,14858032
2025-04-03,14171.7119140625,14828.679268935677,14171.7119140625,14766.11117026339,130954975
2025-04-04,14046.576171875,14046.576171875,13201.904493614711,13201.904493614711,110991454
2025-04-07,14046.576171875,14046.576171875,14046.576171875,14046.576171875,0
2025-04-08,13076.7685546875,13702.451429294448,13076.7685546875,13233.189273339238,97940904
2025-04-09,12920.34765625,13389.60980567546,12169.528588179544,12169.528588179544,92938791
2025-04-10,13796.302734375,13796.302734375,13796.302734375,13796.302734375,2561169
2025-04-11,14672.2587890625,14703.542375127425,14015.291423865267,14077.860451046472,119848225
2025-04-14,14672.2587890625,14734.826888718027,14484.55356257024,14703.542375127425,48093427
2025-04-15,14390.7021484375,14640.974551782863,14328.133120075465,14390.7021484375,44799671
2025-04-16,14328.1318359375,14547.120633000986,14234.280156857156,14390.700858691878,33239646
2025-04-17,14390.7021484375,14390.7021484375,14140.428817566444,14202.996918402785,32748573
2025-04-18,14547.1220703125,14672.259200659673,14421.98586749103,14453.27038195925,47912482
2025-04-21,14359.4169921875,14703.541995162966,14265.564381366681,14703.541995162966,56384288
2025-04-22,14453.26953125,14484.553116351186,13483.46077012591,14296.848823167124,68879250
2025-04-23,14640.974609375,14828.67984014808,14453.27030612762,14672.25912367908,51400390
2025-04-24,14547.1220703125,14640.974686191454,14421.98586749103,14640.974686191454,27474433
2025-04-25,14734.826171875,14859.962365098232,14578.405466583145,14703.541659806377,61799601
2025-04-28,14828.6787109375,14922.53131917712,14734.826102697878,14891.246807255371,35021019
2025-04-29,14734.826171875,14859.962365098232,14734.826171875,14828.678780555241,20005418
2025-04-30,14734.826171875,14734.826171875,14734.826171875,14734.826171875,0
2025-05-01,14734.826171875,14734.826171875,14734.826171875,14734.826171875,0
2025-05-02,14734.826171875,14734.826171875,14734.826171875,14734.826171875,0
2025-05-05,14734.826171875,14859.962365098232,14672.258075263384,14828.678780555241,28625229
2025-05-06,14734.826171875,14859.962365098232,14672.258075263384,14828.678780555241,28625229
2025-05-07,14734.826171875,14828.678780555241,14703.541659806377,14766.110683943625,34600684
2025-05-08,14547.1220703125,14766.111816538627,14515.838483369986,14734.827302070407,33234181
2025-05-09,14734.826171875,14766.110683943625,14515.837369971527,14578.405466583145,31902895
2025-05-12,14891.248046875,14953.816148401344,14609.691126243604,14640.974713243922,52669438
2025-05-13,14891.248046875,14953.816148401344,14609.691126243604,14640.974713243922,52669438
2025-05-14,15329.224609375,15329.224609375,15016.383196170853,15047.667708501525,60861325
2025-05-15,15329.224609375,15454.361731172045,15235.371999908628,15329.224609375,45037997
2025-05-16,15673.3515625,15923.623967451387,15391.793715641139,15391.793715641139,104868145
2025-05-19,15391.79296875,15579.498190880791,15235.372259482892,15329.224870548289,38392497
2025-05-20,15391.79296875,15579.498190880791,15235.372259482892,15329.224870548289,38392497
2025-05-21,15548.21484375,15704.635564744807,15329.226019862415,15454.363153173697,47640304
2025-05-22,15673.3515625,15986.192996214935,15548.214432498606,15767.204178119622,46097561
2025-05-23,15423.078125,15861.05668573393,15329.225510019467,15861.05668573393,39104894
2025-05-26,15516.9306640625,15516.9306640625,15016.38400496575,15454.36256355683,27703500
2025-05-27,15516.9306640625,15516.9306640625,15016.38400496575,15454.36256355683,27703500
2025-05-28,15485.6455078125,15642.067143877957,15423.077409901709,15642.067143877957,27243242
2025-05-29,15391.79296875,15548.213678017108,15360.509383411973,15548.213678017108,21786032
2025-05-30,15329.224609375,15485.645315977074,15297.941024569971,15485.645315977074,19379698
2025-06-02,15391.79296875,15454.361994477367,15110.236063079468,15297.94128521026,29121767
2025-06-03,15391.79296875,15454.361994477367,15110.236063079468,15297.94128521026,29121767
2025-06-04,15454.3623046875,15516.93040414512,15423.077791195852,15423.077791195852,29216035
2025-06-05,15360.509765625,15516.9304787843,15329.225251982869,15485.645965142168,20466738
2025-06-06,15266.6572265625,15423.077940483461,15266.6572265625,15360.509840420213,15175142
2025-06-09,15172.8046875,15204.089201448684,15078.952073179635,15110.23658712832,19795327
2025-06-10,15172.8046875,15204.089201448684,15078.952073179635,15110.23658712832,19795327
2025-06-11,15141.5205078125,15360.509314295961,15078.951482366667,15204.088605732682,19640187
2025-06-12,15172.8046875,15204.089201448684,15110.23658712832,15141.521101077004,9364390
2025-06-13,15454.3623046875,15454.3623046875,15204.088979331345,15204.088979331345,34220122
2025-06-16,15704.634765625,15767.20379285972,15516.930466497874,15548.214052589556,32059097
2025-06-17,15704.634765625,15767.20379285972,15516.930466497874,15548.214052589556,32059097
2025-06-18,15642.0673828125,15892.339778278609,15548.213843224208,15798.487166215984,33358201
2025-06-19,15673.3515625,15829.771351831767,15579.49894688038,15704.635149356074,39756116
2025-06-20,15704.634765625,15767.20379285972,15610.782152298598,15767.20379285972,23050222
2025-06-23,16205.1806640625,16330.316857655995,15954.908276875509,15986.191861511064,35949276
2025-06-24,16205.1806640625,16330.316857655995,15954.908276875509,15986.191861511064,35949276
2025-06-25,16205.1806640625,16518.022075571873,16205.1806640625,16330.316857655995,39444015
2025-06-26,16017.4765625,16299.034408997262,16017.4765625,16267.748967129966,31870410
2025-06-27,16205.1806640625,16205.1806640625,15954.908276875509,16080.044470469005,29516599
2025-06-30,16142.6123046875,16205.18133158723,16080.045132839117,16111.328718763309,16278728
2025-07-01,16142.6123046875,16205.18133158723,16080.045132839117,16111.328718763309,16278728
2025-07-02,16267.7490234375,16361.60163926144,16142.612820689385,16205.181849589146,33918343
2025-07-03,16299.033203125,16455.452980683272,16267.747763572335,16299.033203125,21245472
2025-07-04,16236.4638671875,16486.73810354503,16236.463867187502,16361.600057840653,38811465
2025-07-07,16518.0234375,16580.59061192984,16330.31820410763,16330.31820410763,28213396
2025-07-08,16518.0234375,16580.59061192984,16330.31820410763,16330.31820410763,28213396
2025-07-09,16518.0234375,16705.72867089237,16486.73985028508,16580.59061192984,24454069
2025-07-10,16643.158203125,16768.294396221954,16518.02201002805,16611.87461861358,38375799
2025-07-11,16549.306640625,16705.728283172088,16518.023054136134,16705.728283172088,21877871
2025-07-14,16768.294921875,16830.863947910522,16518.022527835546,16737.0113363829,22844837
2025-07-15,16768.294921875,16830.863947910522,16518.022527835546,16737.0113363829,22844837
2025-07-16,16643.158203125,16955.999613393014,16643.158203125,16768.294396221954,29332314
2025-07-17,16705.728515625,16737.012102549164,16549.306870901375,16580.590457825536,26743668
2025-07-18,16737.009765625,16830.862368344617,16611.873580349227,16737.009765625,26323486
2025-07-21,16862.1484375,17300.126078077737,16830.86485033057,17081.13725778887,27247189
2025-07-22,16862.1484375,17300.126078077737,16830.86485033057,17081.13725778887,27247189
2025-07-23,16987.283203125,16987.283203125,16674.441792760845,16830.863425468553,23475262
2025-07-24,17143.705078125,17268.84127302896,16955.999858243413,17018.56888322104,41276393
2025-07-25,17769.388671875,17800.67225818353,17237.558429373144,17237.558429373144,60727590
2025-07-28,17988.376953125,17988.376953125,17738.102704918514,17800.671730732964,37798503
2025-07-29,17988.376953125,17988.376953125,17738.102704918514,17800.671730732964,37798503
2025-07-30,16799.578125,18050.94377681817,16799.578125,18019.6601920381,74365150
2025-07-31,17143.705078125,17425.26105289609,16799.578223324992,17018.56888322104,48735086
2025-08-01,17174.990234375,17393.979059254365,16862.148790968553,17300.126440727287,37905674
2025-08-04,17393.9765625,17393.9765625,16924.715392274426,16955.998975609145,32247177
2025-08-05,17393.9765625,17393.9765625,16924.715392274426,16955.998975609145,32247177
2025-08-06,18582.7734375,18582.7734375,17300.12423926752,18082.228675785722,107935720
2025-08-07,19145.890625,19364.879439718614,18895.61636885632,19083.321597201237,46124581
2025-08-08,19239.7421875,19364.878381206025,18989.467945036675,19333.592941491064,40956702
2025-08-11,19896.708984375,20303.40301315174,19208.457122971755,19271.026148572524,73880604
2025-08-12,20272.119140625,20272.119140625,19802.857905007208,20209.551965236737,85954321
2025-08-13,21571.90625,21571.90625,20652.174082310758,21237.45801829439,91551385
2025-08-14,21571.90625,21571.90625,20652.174082310758,21237.45801829439,91551385
2025-08-15,23076.921875,23076.921875,23076.921875,23076.921875,46369035
2025-08-18,23244.146484375,23913.0429752352,23118.72956609173,23871.238587810658,58686455
2025-08-19,23244.146484375,23913.0429752352,23118.72956609173,23871.238587810658,58686455
2025-08-20,23578.59375,24581.938444596453,23327.758045852075,23704.01254107634,62113685
2025-08-21,23244.146484375,23662.207260663832,22449.83307523153,23578.5947298051,89002180
2025-08-22,23578.59375,23996.654508916377,23202.341132780486,23453.17683692841,65722845
2025-08-25,21906.35546875,22826.087677880023,21571.907221975005,22700.66888108759,64618845
2025-08-26,21906.35546875,22826.087677880023,21571.907221975005,22700.66888108759,64618845
2025-08-27,23035.115234375,23076.921496536,21822.741143724666,21906.35366804667,46498755
2025-08-28,22909.69921875,23620.400069170937,22909.69921875,23578.59380538063,44939240
2025-08-29,22742.474609375,23035.116583638603,22324.413841282087,22909.699667814082,37337050
2025-09-01,22742.474609375,22742.474609375,22742.474609375,22742.474609375,0
2025-09-02,22742.474609375,22742.474609375,22742.474609375,22742.474609375,0
2025-09-03,23787.625,24080.266966997817,22993.309748145395,23244.145451571418,53651640
2025-09-04,23787.625,24080.266966997817,22993.309748145395,23244.145451571418,53651640
2025-09-05,23620.400390625,23913.042363135,23494.983475552013,23787.625448062015,32262330
2025-09-08,22324.4140625,22784.281099759617,22324.4140625,22742.474834735578,72299350
2025-09-09,22324.4140625,22784.281099759617,22324.4140625,22742.474834735578,72299350
2025-09-10,22282.607421875,22575.251272110396,21989.96544964438,22324.41368619434,37766805
2025-09-11,22533.4453125,23035.116735106414,22408.026517845996,22575.251577384668,33233045
2025-09-12,22324.4140625,22533.44538762019,21780.936373197117,22408.026592548078,35841130
2025-09-15,22324.4140625,22324.4140625,22324.4140625,22324.4140625,0
2025-09-16,22449.83203125,22449.83203125,22198.99632834321,22366.219504279492,24705795
2025-09-17,22993.310546875,23285.95252403846,22617.05603966346,22658.8623046875,59071820
2025-09-18,22575.251953125,23035.117118500697,22575.251953125,22909.700199764065,18191965
2025-09-19,22408.025390625,22658.86108931008,22240.80221750318,22533.444178969894,20373630
2025-09-22,21864.548828125,22240.803334043838,21822.742563244596,22198.997069163433,30328605
2025-09-23,21864.548828125,22240.803334043838,21822.742563244596,22198.997069163433,30328605
2025-09-24,22031.771484375,22198.99653990975,21864.54830684501,22115.384012142375,11615460
2025-09-25,22408.025390625,22408.025390625,21655.516416565046,22031.770903595025,26164915
2025-09-26,22198.99609375,22575.250583136392,22073.57730461963,22575.250583136392,17813155
2025-09-29,21864.548828125,22031.772009641816,21822.742563244596,21948.16135788581,18690950
2025-09-30,21864.548828125,22031.772009641816,21822.742563244596,21948.16135788581,18690950
2025-10-01,21906.35546875,22240.803715524995,21780.936671957566,21906.35546875,22723770
2025-10-02,22073.578125,22240.803183388867,21864.548680018706,21948.16120921314,13276290
2025-10-03,22408.025390625,22867.89240321824,22115.383429158286,22157.18969193992,50699015
2025-10-06,22867.892578125,22993.309489424446,22282.606772710264,22533.4443513186,44829760
2025-10-07,22867.892578125,22993.309489424446,22282.606772710264,22533.4443513186,44829760
2025-10-08,22449.83203125,23035.115964034085,22449.83203125,22993.30970054883,25516545
2025-10-09,22449.83203125,22826.08652461255,22449.83203125,22742.473997642042,36998950
2025-10-10,22867.892578125,22909.69884122639,22449.831825115823,22575.25061441999,44467855
2025-10-13,22867.892578125,22909.69884122639,22575.25061441999,22700.66752571944,53417385
2025-10-14,22867.892578125,22909.69884122639,22575.25061441999,22700.66752571944,53417385
2025-10-15,22617.0546875,23160.5342223157,22617.0546875,22993.309172217116,56811495
2025-10-16,22784.28125,23118.729494392865,22658.86245410087,22700.66871940058,36209245
2025-10-17,22742.474609375,23035.116583638603,22700.668344765232,22826.087138594543,30455220
2025-10-20,21112.0390625,22658.861417822984,21112.0390625,22533.444505664476,85709730
2025-10-21,21112.0390625,22658.861417822984,21112.0390625,22533.444505664476,85709730
2025-10-22,21153.845703125,21739.129644981385,20735.78493979697,21195.65196725828,59418660
2025-10-23,21279.263671875,21446.486843930696,20735.784137183422,21404.6805814156,34035745
2025-10-24,21070.232421875,21488.293170262863,21070.232421875,21321.06811970584,22890520
2025-10-27,19899.666015625,20610.3687757555,19899.666015625,20526.756244444892,60174900
2025-10-28,19899.666015625,20610.3687757555,19899.666015625,20526.756244444892,60174900
2025-10-29,20066.888671875,20066.888671875,19356.187808462273,19899.66549166165,56947770
2025-10-30,20359.53125,20568.562578976485,20108.695533233054,20234.114330618948,27723510
2025-10-31,20025.083984375,20401.336603701664,19941.471456522515,20401.336603701664,28173390
2025-11-03,19314.380859375,20066.887960672197,19314.380859375,19816.052260239798,34455380
2025-11-04,20066.888671875,20359.530645751955,19397.992195012022,19648.829782339228,43960475
2025-11-05,20066.888671875,20359.530645751955,19397.992195012022,19648.829782339228,43960475
2025-11-06,19816.052734375,20150.500968955388,19732.44020622871,20066.8884408091,12325585
2025-11-07,19481.603515625,19857.85799527095,19356.18660774613,19857.85799527095,24525705
2025-11-10,19314.380859375,19732.439734094092,19272.574596302147,19481.604033661693,19578980
2025-11-11,19397.9921875,19523.410981115034,19230.769007351406,19356.18780096644,17492765
2025-11-12,19816.052734375,19899.66526252129,19397.99197164832,19523.410763867756,20157545
2025-11-13,19648.830078125,19899.665791223404,19648.830078125,19857.859526039534,22575995
2025-11-14,19648.830078125,19774.246995671794,19481.605017389524,19607.02381294113,19044920
2025-11-17,19899.666015625,20025.084812590914,19732.440953003785,19732.440953003785,19369910
2025-11-18,19816.052734375,20025.08405474072,19816.052734375,19899.66526252129,22416835
2025-11-19,19648.830078125,19899.665791223404,19565.21754775726,19857.859526039534,19068955
2025-11-20,19523.41015625,19816.052117649488,19481.60389347797,19816.052117649488,15665645
2025-11-21,19397.9921875,19439.798452038343,19230.769007351406,19439.798452038343,30669350
2025-11-24,19356.1875,19565.21694143677,19272.57497222339,19439.798149771854,12110650
2025-11-25,19105.349609375,19481.60410031322,19063.54522416384,19397.991573881456,21278105
2025-11-26,19439.798828125,19607.02388951355,19105.35058335272,19147.156848699855,24880595
2025-11-27,19648.830078125,19774.246995671794,19481.605017389524,19523.411282573394,26326145
2025-11-28,19439.798828125,19648.83015486069,19439.798828125,19648.83015486069,13523310
2025-12-01,19397.9921875,19565.217245653377,19397.9921875,19481.60471657669,8965745
2025-12-02,19690.634765625,19732.439149454538,19230.767763453434,19397.990932785582,22041360
2025-12-03,20526.755859375,20568.562124246044,19690.636195968535,19690.636195968535,65176135
2025-12-04,21488.29296875,21739.128664228552,20735.784004309662,20735.784004309662,93042130
2025-12-05,21028.42578125,21571.905307786594,20986.62139736688,21571.905307786594,33861175
2025-12-08,21153.845703125,21362.875145786635,20777.59120393025,20903.00999633009,26009320
2025-12-09,20652.173828125,21070.232704108006,20359.529985730278,20944.815792514994,39535735
2025-12-10,21028.42578125,21279.263352576738,20568.560656493653,20652.17318026923,29745095
2025-12-11,20777.591796875,21153.846306807194,20652.174878900816,21112.040041480857,17469190
2025-12-12,20066.888671875,20861.203942401582,20066.888671875,20819.397677847046,25126580
2025-12-15,19857.859375,20234.11388078821,19774.24684526822,20066.888821324646,18426565
2025-12-16,20443.142578125,20693.978280125517,19648.829208789237,19941.471174123963,24635300
2025-12-17,20401.3359375,20652.1735128664,20359.529674938934,20526.7547251832,10953290
2025-12-18,20401.3359375,20652.1735128664,20359.529674938934,20526.7547251832,10953290
2025-12-19,20652.173828125,20652.173828125,20484.948775328015,20610.367564925753,11895140
2025-12-22,21112.0390625,21237.45785266324,20610.3676578565,20777.590833402755,30663715
2025-12-23,20986.623046875,21446.488207775863,20819.397986180276,21195.65249473859,25295630
2025-12-24,21153.845703125,21362.875145786635,20861.20373219681,20986.62252459665,28513905
2025-12-25,21153.845703125,21362.875145786635,20861.20373219681,20986.62252459665,28513905
2025-12-26,20777.591796875,20903.010592854007,20234.114103642292,20652.174878900816,28024925
2025-12-29,20777.591796875,20903.010592854007,20652.174878900816,20777.591796875,13165430
2025-12-30,20903.009765625,21070.23294230772,20777.5909746094,20819.397238281268,13865435
2025-12-31,21153.845703125,21153.845703125,20861.20373219681,20903.00999633009,27398520
2026-01-01,21153.845703125,21153.845703125,21153.845703125,21153.845703125,0
2026-01-02,21153.845703125,21153.845703125,21153.845703125,21153.845703125,0
2026-01-05,21195.65234375,21530.10058475217,20066.88882611587,21195.65234375,42387275
2026-01-06,22282.607421875,22366.219950513685,20903.010089360592,21279.264590229894,82965715
2026-01-07,22324.4140625,22449.832857572117,22115.384615384617,22366.22032752404,38982585
2026-01-08,22240.802734375,22700.667879650708,22157.1902068686,22366.219647629852,54665135
2026-01-09,22826.0859375,23160.534158774914,22324.412666585282,22366.218928995233,75975095
2026-01-12,23578.59375,23578.59375,23035.116078012037,23035.116078012037,65513545
2026-01-13,23035.115234375,23662.205410780665,22951.502710052995,23620.399148619665,52634350
2026-01-14,22700.66796875,23369.564435417105,22449.832263251024,23076.92246600084,51895245
2026-01-15,22784.28125,23035.116963793444,22408.026740307425,22617.056188801158,39786320
2026-01-16,22617.0546875,23160.5342223157,22617.0546875,22909.69852517252,23413425
2026-01-19,22993.310546875,23076.923076923078,22700.66856971154,22742.474834735578,31301390
2026-01-20,22909.69921875,23411.370628224162,22658.861636008165,23202.341187277387,32325350
2026-01-21,22575.251953125,22993.31085292021,22491.639421964024,22826.087668603093,31126705
2026-01-22,22533.4453125,22951.504205337078,22491.639047615332,22700.66849403387,20132705
2026-01-23,22533.4453125,22658.862229149203,22282.60772319199,22533.4453125,26492320
2026-01-26,21822.7421875,22449.832393899207,21739.129659178834,22366.21986557804,36464200
2026-01-27,22157.189453125,22240.80197778707,21822.74123248141,21864.547494812443,22081150
2026-01-28,22198.99609375,22366.21926791911,21906.35413045052,22198.99609375,20648135
2026-01-29,22324.4140625,22533.44538762019,21989.9658203125,22491.639122596156,22204545
2026-01-30,22742.474609375,22742.474609375,22240.803190067338,22366.220105891858,32274290
2026-02-02,22826.0859375,23076.92163395501,22533.443978635034,22742.473412680098,29874240
2026-02-03,23160.53515625,23494.98339192889,22993.31009940817,22993.31009940817,58384580
2026-02-04,23244.146484375,23494.984076951194,23035.117035232997,23285.952749804364,29593755
2026-02-05,22617.0546875,23327.75739440959,22617.0546875,23285.951131884944,29078785
2026-02-06,22867.892578125,23494.982768636404,22115.383598309425,22575.25061441999,57451470
2026-02-09,23076.921875,23494.982625461576,22909.698701618192,23244.145048381804,29225870
2026-02-10,23285.951171875,23829.430707624044,22993.309211704607,23244.14490927856,59016275
2026-02-11,24247.490234375,24665.550993658802,23453.176857541002,23494.98312126986,120263895
2026-02-12,23704.01171875,24498.3269453347,23662.205456508207,24498.3269453347,32181485
2026-02-13,23662.20703125,23913.042743389422,23662.20703125,23913.042743389422,24577685
2026-02-16,23662.20703125,23662.20703125,23662.20703125,23662.20703125,0
2026-02-17,23662.20703125,23662.20703125,23662.20703125,23662.20703125,0
2026-02-18,23662.20703125,23662.20703125,23662.20703125,23662.20703125,0
2026-02-19,23662.20703125,23662.20703125,23662.20703125,23662.20703125,0
2026-02-20,23662.20703125,23662.20703125,23662.20703125,23662.20703125,0
2026-02-23,23704.01171875,24122.072463163244,23662.205456508207,24080.26620092145,21891400
2026-02-24,23620.400390625,23829.43171242127,23536.78973991127,23829.43171242127,31265165
2026-02-25,24038.4609375,24498.32796326294,23662.206439694826,23829.43149561035,32301660
2026-02-26,24080.267578125,24331.10328791692,23787.625603700293,24163.88010739057,18465205
2026-02-27,23829.431640625,24122.07361225329,23829.431640625,24038.461083786704,17075775
2026-03-02,23118.728515625,23578.59365844306,23076.922252095224,23411.370482328693,58851710
2026-03-03,23118.728515625,23578.59365844306,23076.922252095224,23411.370482328693,58851710
2026-03-04,22533.4453125,22909.69981845721,22031.772011888785,22658.862229149203,48420980
2026-03-05,22617.0546875,23035.11543474176,22575.25030298005,22951.50290969247,19905005
2026-03-06,22324.4140625,22700.66856971154,22282.60779747596,22658.8623046875,25491590
2026-03-09,20777.591796875,21446.488286086715,20777.591796875,20819.398062201337,84015895
2026-03-10,22198.99609375,22198.99609375,21404.680851933757,21822.741604363608,43521175
2026-03-11,22408.025390625,22575.250441751527,22115.383429158286,22198.99595472155,25544490
2026-03-12,21948.16015625,22408.025288747776,21739.128843292197,22157.189591203107,21936940
2026-03-13,21864.548828125,22157.19080428303,21571.90685196697,21906.355093005404,19911905
2026-03-16,21822.7421875,22157.190422779895,21822.7421875,21864.548451660583,14315430
2026-03-17,22031.771484375,22366.219717439744,21948.160834612383,22073.57774825869,10941675
2026-03-18,21989.96484375,22491.638123754616,21530.099704917557,22324.413071084833,17168925
2026-03-19,22073.578125,22157.190654194434,21655.517357032622,21780.936150824273,22682830
2026-03-20,21697.322265625,22031.77048349613,21697.322265625,21989.964221511655,15301785
2026-03-23,20903.009765625,21446.48743734978,20777.5909746094,21404.681173677913,24922915
2026-03-24,21404.681640625,21739.129879291242,21237.458460294274,21530.100434376636,14997265
2026-03-25,21739.12890625,21948.160219813173,21613.711996116803,21697.322643537365,15899325
2026-03-26,21571.90625,22031.771394842246,21488.29372257241,22031.771394842246,15736140
2026-03-27,21864.548828125,21906.355093005404,21404.681792445353,21530.100587086567,14796705
2026-03-30,21530.099609375,21822.741572243754,21446.487083411153,21571.905872356925,12896675
2026-03-31,22115.384765625,22324.41421416042,21697.323990549336,21697.323990549336,24110555
2026-04-01,22157.189453125,22658.860845088042,22157.189453125,22575.250198430662,21789855
2026-04-02,21989.96484375,22198.996159587223,21655.516616415167,22157.18989641978,26900455
2026-04-03,21697.322265625,22115.38300746508,21697.322265625,21989.964221511655,12620905
2026-04-06,21446.48828125,21739.130260463524,21404.682015933093,21739.130260463524,13403365
2026-04-07,21404.681640625,21571.906698960516,21279.264724878154,21530.100434376636,17612480
2026-04-08,22240.802734375,22282.607120123448,21822.741974847744,22115.383943115397,38416095
2026-04-09,22157.189453125,22324.412624444452,22031.770666131895,22157.189453125,17223665
2026-04-10,22324.4140625,22658.8623046875,22282.60779747596,22408.026592548078,34876395
2026-04-13,22115.384765625,22282.607948852372,21948.161582397624,22031.772235008902,17283925
2026-04-14,22324.4140625,22408.026592548078,22157.190880408656,22324.4140625,18693365
2026-04-15,22240.802734375,22449.832175136253,22240.802734375,22324.41338387665,13286985
2026-04-16,21989.96484375,22240.80242275467,21906.354195419834,22157.18989641978,14768070
2026-04-17,22115.384765625,22240.803561549143,21989.965969700854,21989.965969700854,9894715
2026-04-20,22031.771484375,22240.80280379344,22031.771484375,22115.384012142375,15267745
2026-04-21,21989.96484375,22240.80242275467,21989.96484375,22073.57737008489,14997955
2026-04-22,21906.35546875,22073.57865313508,21822.742937555042,22031.772387537603,9688405
2026-04-23,22073.578125,22575.25142216181,21864.548680018706,21906.354944615923,17582810
2026-04-24,21906.35546875,22073.57865313508,21906.35546875,22073.57865313508,10435790
2026-04-27,21906.35546875,21906.35546875,21906.35546875,21906.35546875,0
2026-04-28,21739.12890625,21948.160219813173,21739.12890625,21906.35395710054,14458720
2026-04-29,21780.935546875,21864.548073750997,21613.71237112774,21739.129283437,15283500
2026-04-30,21780.935546875,21780.935546875,21780.935546875,21780.935546875,0
2026-05-01,21780.935546875,21780.935546875,21780.935546875,21780.935546875,0
2026-05-04,21822.7421875,22073.57789445873,21780.935923339417,21864.548451660583,11703665
2026-05-05,21697.322265625,21822.741051578425,21530.09909569177,21739.128527609475,14161675
2026-05-06,21780.935546875,21864.548073750997,21613.71237112774,21739.129283437,18589175
2026-05-07,21822.7421875,21989.965366137563,21739.129659178834,21864.548451660583,19304130
2026-05-08,21864.548828125,22198.997069163433,21780.93629836419,21822.742563244596,25534600
2026-05-11,21739.12890625,22031.770867233736,21697.322643537365,21906.35395710054,19111620
2026-05-12,21655.517578125,21822.742638221156,21655.517578125,21739.130108173078,12953830
2026-05-13,21571.90625,21739.129426850428,21530.099986286205,21655.51689942284,14550145
2026-05-14,21613.712890625,21822.74233483439,21571.906626182168,21613.712890625,15046945
2026-05-15,21446.48828125,21780.93652578043,21404.682015933093,21780.93652578043,25964125
2026-05-18,21321.068359375,21446.487148702596,21237.457711161325,21446.487148702596,21612525
2026-05-19,20944.81640625,21404.68155890744,20944.81640625,21362.87529448317,34871335
2026-05-20,20568.5625,21153.846462877184,20484.94996873045,20986.62327834292,44781690
2026-05-21,20735.78515625,20819.39768538936,20568.561975976067,20652.17450511543,21427030
2026-05-22,20610.3671875,20819.39662166367,20484.948400198984,20777.59035923,17242295
2026-05-25,20735.78515625,20903.01021452872,20693.97889168032,20735.78515625,11710450
2026-05-26,21321.068359375,21362.8746224842,20735.78443185566,20735.78443185566,21474525
2026-05-27,21237.458984375,21446.488434447863,21153.84645314392,21362.875903216784,14489195
2026-05-28,20903.009765625,21404.681173677913,20903.009765625,21237.457996995192,11056790
2026-05-29,20903.009765625,21070.23294230772,20777.5909746094,20903.009765625,9397455
2026-06-01,20986.623046875,21028.427434043868,20819.397986180276,20986.623046875,5948030
2026-06-02,20610.3671875,21028.426055827338,20610.3671875,20986.621671398356,14765310
2026-06-03,21070.232421875,21070.232421875,20610.36728885258,20610.36728885258,16648320
2026-06-04,20903.009765625,21070.23294230772,20819.397238281268,20944.816029296868,9841700
2026-06-05,20903.009765625,21028.426678635857,20903.009765625,20944.816029296868,9595025
2026-06-08,20568.5625,20819.398215803816,20526.756234365224,20819.398215803816,13903270
2026-06-09,20610.3671875,20777.59035923,20526.754662632655,20610.3671875,11223425
2026-06-10,20652.173828125,20777.590739718013,20610.367564925753,20610.367564925753,10782285
2026-06-11,20693.978515625,20693.978515625,20526.755338389885,20610.36786600982,5232155
2026-06-12,20777.591796875,21070.233776154524,20777.591796875,20903.010592854007,23486680
2026-06-15,21070.232421875,21195.65120979277,20944.815511961933,20944.815511961933,18012450
2026-06-16,20986.623046875,21153.84622956491,20986.623046875,21112.039964391228,13397845
2026-06-17,21070.232421875,21153.844947153513,20986.62177460119,21028.426159235743,13358860
2026-06-18,21112.0390625,21153.845325887745,21028.426535724506,21070.23279911225,8011705
2026-06-19,20903.009765625,21112.03920597959,20903.009765625,21112.03920597959,8166150
2026-06-22,20735.78515625,20986.62274366808,20735.78515625,20944.816479098397,8887430
2026-06-23,20735.78515625,21153.84592394201,20693.97889168032,20861.20394995904,21351935
2026-06-24,20735.78515625,20861.20394995904,20610.368240545748,20777.59142081968,14501040
2026-06-25,20652.173828125,20819.397002917256,20652.173828125,20735.784476518766,8718840
2026-06-26,20693.978515625,20735.78477943497,20610.36786600982,20652.174129819785,7941900
2026-06-29,20986.623046875,21112.039964391228,20735.785455832913,20777.591721006596,18183225
2026-06-30,21070.232421875,21112.038684514257,20944.815511961933,20986.62177460119,15561570
2026-07-01,21070.232421875,21112.038684514257,20944.815511961933,20986.62177460119,15561570
2026-07-02,21446.48828125,21655.517729829713,21404.682015933093,21571.907077200718,11489535
2026-07-03,21404.681640625,21571.906698960516,21237.458460294274,21571.906698960516,15584800
2026-07-06,21153.845703125,21571.906466453034,21112.03943899172,21488.293938186474,14815220
2026-07-07,21530.099609375,21530.099609375,21153.8451205424,21237.457646506246,14224120
2026-07-08,21739.12890625,21864.547694387904,21488.2932079789,21530.099470691533,23234600
2026-07-09,21391.3046875,21739.130859375,21391.3046875,21695.65234375,12899435
2026-07-10,21434.783203125,21739.130859375,21347.826171875,21391.3046875,12083740
2026-07-13,21260.869140625,21434.783203125,20869.564453125,21391.3046875,18590210
2026-07-14,21347.826171875,21347.826171875,20869.564453125,20869.564453125,14109005
2026-07-15,20826.087890625,21260.869140625,20826.087890625,21086.95703125,14633865
2026-07-16,21000.0,21086.95703125,20434.783203125,20826.087890625,16832550
2026-07-17,20652.173828125,20956.521484375,20652.173828125,20913.04296875,11959540
2026-07-20,19826.087890625,20608.6953125,19826.087890625,20521.73828125,23771535
2026-07-21,19739.130859375,20043.478515625,19652.173828125,19739.130859375,12984880
2026-07-22,19434.783203125,20173.912109375,19434.783203125,19826.087890625,24327100
2026-07-23,19173.912109375,19739.130859375,18782.609375,19391.3046875,24129760
2026-07-24,19043.478515625,19217.390625,18869.564453125,19173.912109375,11885710
2026-07-27,18826.087890625,19304.34765625,18826.087890625,19086.95703125,15841480
2026-07-28,19260.869140625,19260.869140625,18565.216796875,18695.65234375,19946750
2026-07-29,19217.390625,19304.34765625,19086.95703125,19304.34765625,10151855
2026-07-30,19565.216796875,19652.173828125,19173.912109375,19173.912109375,12882415
2026-07-31,19565.216796875,20130.435546875,19565.216796875,19869.564453125,13857730
2026-08-03,20869.564453125,20913.04296875,19782.609375,19782.609375,26145365
2026-08-04,21217.390625,21260.869140625,20869.564453125,20956.521484375,19535050
2026-08-05,21130.435546875,21304.34765625,20913.04296875,21304.34765625,16145655
2026-08-06,20782.609375,21173.912109375,20695.65234375,21130.435546875,10961110
2026-08-07,21000.0,21173.912109375,20739.130859375,20782.609375,10893490
2026-08-10,21086.95703125,21260.869140625,20826.087890625,21000.0,32717730
2026-08-11,20350.0,20550.0,20350.0,20500.0,18715600
2026-08-12,20450.0,20500.0,20350.0,20400.0,8937200
2026-08-13,20150.0,20550.0,20150.0,20500.0,11662400
2026-08-14,20000.0,20250.0,20000.0,20150.0,11904400
2026-08-17,19900.0,20200.0,19900.0,20000.0,7655700
2026-08-18,19950.0,20050.0,19850.0,19900.0,7081200
2026-08-19,19950.0,20000.0,19850.0,19950.0,5046400
2026-08-20,20300.0,20350.0,20000.0,20000.0,10904100
2026-08-21,20850.0,20850.0,20100.0,20300.0,15698000
2026-08-24,20750.0,21200.0,20750.0,21050.0,11070400
2026-08-25,20650.0,20950.0,20650.0,20750.0,10212100
2026-08-26,21050.0,21200.0,20500.0,20650.0,18747100
2026-08-27,21050.0,21200.0,20850.0,21050.0,7612900
2026-08-28,21050.0,21050.0,20850.0,21050.0,8679400
2026-08-31,21050.0,21050.0,21050.0,21050.0,0
2026-09-01,21050.0,21050.0,21050.0,21050.0,0
2026-09-02,21050.0,21050.0,21050.0,21050.0,0
2026-09-03,20600.0,21000.0,20600.0,21000.0,11654500
2026-09-04,20550.0,20850.0,20550.0,20600.0,8857700
2026-09-07,20200.0,20650.0,20100.0,20550.0,14138400
2026-09-08,20150.0,20250.0,20100.0,20200.0,7453700
2026-09-09,20150.0,20150.0,20150.0,20150.0,0
2026-09-10,20100.0,20250.0,20050.0,20200.0,6900700
2026-09-11,19750.0,20050.0,19750.0,20000.0,18351700
2026-09-14,19700.0,19950.0,19600.0,19750.0,16345400
2026-09-15,20000.0,20150.0,19750.0,19750.0,15925500
2026-09-16,20300.0,20300.0,20000.0,20050.0,9098600
2026-09-17,20550.0,20550.0,20100.0,20150.0,16498200
2026-09-18,19900.0,20600.0,19900.0,20550.0,16843700
2026-09-21,20200.0,20200.0,19900.0,20150.0,13897400
2026-09-22,20100.0,20200.0,19950.0,20150.0,9661200
2026-09-23,20000.0,20200.0,20000.0,20100.0,8858000
2026-09-24,19850.0,20100.0,19850.0,20000.0,8475200
2026-09-25,19900.0,20100.0,19850.0,19900.0,7854300
2026-09-28,19800.0,20000.0,19600.0,19900.0,9922600
2026-09-29,19600.0,19800.0,19500.0,19750.0,9525477
