Price,Close,High,Low,Open,Volume
Ticker,NT2.VN,NT2.VN,NT2.VN,NT2.VN,NT2.VN
Date,,,,,
2015-06-12,8546.720703125,8612.974257103926,8281.705767218495,8281.705767218495,289701
2015-06-15,8314.8310546875,8612.972714174311,8314.8310546875,8612.972714174311,45368
2015-06-16,8116.07080078125,8347.958208807819,8116.07080078125,8347.958208807819,105874
2015-06-17,7817.9296875,8116.071382019351,7817.9296875,8082.94460707173,103640
2015-06-18,7685.42236328125,7817.929459202287,7586.042041340473,7817.929459202287,104031
2015-06-19,7718.54931640625,7817.92964065361,7652.295766908011,7685.422541657131,92635
2015-06-22,7718.54931640625,7884.183190151849,7718.54931640625,7817.92964065361,69025
2015-06-23,7817.9296875,7817.9296875,7718.549362657137,7718.549362657137,52436
2015-06-24,7751.67578125,7817.92932809948,7718.549007825261,7784.80255467474,40235
2015-06-25,7685.42236328125,7751.675911241768,7619.1688153207315,7718.54913726151,69010
2015-06-26,7586.04150390625,7718.548590439803,7586.04150390625,7685.421818806415,83969
2015-06-29,7685.42236328125,7685.42236328125,7552.915267360213,7586.042041340473,54776
2015-06-30,7619.1689453125,7751.67604349426,7619.1689453125,7685.4224944033795,51884
2015-07-01,7619.1689453125,7619.1689453125,7552.91539622162,7586.042170767059,63933
2015-07-02,7652.29736328125,7652.29736328125,7552.917018301799,7619.170581621433,58349
2015-07-03,7652.29736328125,7652.29736328125,7552.917018301799,7652.29736328125,116283
2015-07-06,7552.916015625,7652.296347411353,7453.535683838648,7619.169570149235,126046
2015-07-07,7354.15380859375,7486.661622795716,7221.646714382516,7486.661622795716,152057
2015-07-08,7254.7763671875,7387.2835139877425,7122.2692203872575,7354.156727287682,95682
2015-07-09,7486.66162109375,7486.66162109375,7254.773486286074,7387.280580467186,126448
2015-07-10,7552.916015625,7586.042792887118,7453.535683838648,7586.042792887118,73438
2015-07-13,7718.54931640625,7718.54931640625,7486.6618931624125,7552.915442660652,85756
2015-07-14,7751.67578125,7817.92932809948,7619.168687551042,7718.549007825261,112447
2015-07-15,7784.80126953125,7817.928037487302,7685.420965663096,7718.547733619148,71815
2015-07-16,7718.54931640625,7817.92964065361,7652.295766908011,7784.802865904489,70993
2015-07-17,7685.42236328125,7917.309781143064,7685.42236328125,7784.802685222027,158718
2015-07-20,7619.1689453125,7685.4224944033795,7486.661847130739,7685.4224944033795,90922
2015-07-21,7519.787109375,7619.167413024989,7486.66034149167,7619.167413024989,77079
2015-07-22,7519.787109375,7552.91387725833,7420.406085734402,7486.66034149167,60302
2015-07-23,7453.5361328125,7652.296808357824,7453.5361328125,7486.6629120700545,173358
2015-07-24,7652.29736328125,7652.29736328125,7453.53667332235,7552.917018301799,294414
2015-07-27,7619.1689453125,7652.29571985794,7486.661847130739,7652.29571985794,171695
2015-07-28,8016.6904296875,8116.070746751585,7552.914896731063,7586.041669085758,1178771
2015-07-29,8116.07080078125,8281.70466365737,8049.817255630802,8082.944028206026,320537
2015-07-30,8215.451171875,8381.085035827087,8116.0708535037475,8182.324399084582,411599
2015-07-31,8381.087890625,8381.087890625,8149.200402105683,8182.327186179871,398770
2015-08-03,8281.7060546875,8314.832832826836,7950.438273294131,8281.7060546875,418795
2015-08-04,8248.5791015625,8347.959433872253,8215.452324125916,8281.705878999084,155944
2015-08-05,8480.4658203125,8480.4658203125,8281.704469529524,8281.704469529524,227894
2015-08-06,8712.3525390625,8778.606077459623,8447.33766548337,8447.33766548337,657340
2015-08-07,8911.1162109375,8977.370492051748,8712.355527567408,8778.609088690771,305588
2015-08-10,8977.3681640625,9076.748479976484,8844.86035618649,8911.113900129147,241502
2015-08-11,8844.861328125,8977.369150561946,8844.861328125,8944.241654959627,287623
2015-08-12,9144.9892578125,9180.43512004992,8790.532795410396,9038.652391090938,297596
2015-08-13,8932.318359375,9038.655259846557,8719.643838440954,9038.655259846557,3674361
2015-08-14,9003.20703125,9003.20703125,8825.979150154637,8896.870158594635,154485
2015-08-17,8861.42578125,9109.546152399298,8790.534760915103,9074.100282236415,1917136
2015-08-18,9038.6533203125,9144.990197966055,8825.979565005386,8861.424710896054,2419456
2015-08-19,9038.6533203125,9038.6533203125,8825.979565005386,8967.762308540387,2637346
2015-08-20,8967.7626953125,9144.99059238186,8861.425093081916,9038.653710142084,2229260
2015-08-21,8790.53125,8861.42224202122,8436.074129922166,8825.977106005897,3239017
2015-08-24,8187.95703125,8542.413537544377,8187.95703125,8506.968390908492,3281262
2015-08-25,7868.94580078125,8187.957165677166,7762.608199155409,7798.054066364023,3355716
2015-08-26,8365.185546875,8365.185546875,7798.05384743194,7833.499713645403,2431780
2015-08-27,8471.5224609375,8613.305206393254,8436.076594575865,8506.968327299135,2488959
2015-08-28,8684.1982421875,8719.644116806568,8471.524434454994,8506.970309074062,2081965
2015-08-31,8542.4140625,8648.751668914774,8400.631307271138,8648.751668914774,1172527
2015-09-01,8613.3046875,8719.641560188044,8506.967814811958,8542.412959047477,1204320
2015-09-02,8613.3046875,8613.3046875,8613.3046875,8613.3046875,0
2015-09-03,8365.185546875,8613.305170387675,8329.739680661538,8613.305170387675,1069005
2015-09-04,8436.076171875,8542.413045640968,8258.847568937888,8365.185162694605,1101588
2015-09-07,8152.51220703125,8436.07773632072,8046.175313545419,8436.07773632072,1043036
2015-09-08,8258.8505859375,8294.29646347163,8010.730883180619,8010.730883180619,649833
2015-09-09,8436.076171875,8436.076171875,8329.739298109032,8400.630307289428,884052
2015-09-10,8400.6279296875,8436.073784240949,8294.291086017698,8294.291086017698,799479
2015-09-11,8365.185546875,8471.522425524607,8365.185546875,8400.63069309768,587714
2015-09-14,8932.318359375,8932.318359375,8790.535585415946,8896.872485887503,4570155
2015-09-15,8932.318359375,9038.655259846557,8932.318359375,9003.209386359062,1058252
2015-09-16,8932.318359375,9038.655259846557,8932.318359375,9038.655259846557,1322318
2015-09-17,8648.7509765625,8967.762330287562,8648.7509765625,8932.31646432016,8221907
2015-09-18,8861.42578125,8861.42578125,8542.414389765803,8719.643020589341,7616679
2015-09-21,8648.7509765625,8684.196122539124,8471.522366716268,8542.413378660294,1187680
2015-09-22,8613.3046875,8719.641560188044,8613.3046875,8648.750551726262,761040
2015-09-23,8825.9794921875,8825.9794921875,8577.85915305526,8577.85915305526,779209
2015-09-24,8861.42578125,8896.87165141288,8790.534760915103,8825.980631077982,892413
2015-09-25,8755.0869140625,8825.9786383826,8755.0869140625,8825.9786383826,372996
2015-09-28,8755.0869140625,8790.53277622255,8755.0869140625,8755.0869140625,562650
2015-09-29,8825.9794921875,8825.9794921875,8542.413287466257,8684.196029831493,770640
2015-09-30,8825.9794921875,8896.870503374734,8790.533626598499,8896.870503374734,412172
2015-10-01,8896.8701171875,8896.8701171875,8825.97910907744,8825.97910907744,415261
2015-10-02,8896.8701171875,8896.8701171875,8896.8701171875,8896.8701171875,0
2015-10-05,9286.771484375,9322.216621956191,9144.988054087802,9144.988054087802,607318
2015-10-06,9676.67578125,9676.67578125,9393.110301358469,9393.110301358469,1667941
2015-10-07,9499.4462890625,9676.674877439073,9499.4462890625,9676.674877439073,3686259
2015-10-08,9570.337890625,9641.228893079113,9464.000306957809,9534.892029402605,618831
2015-10-09,9570.337890625,9712.120615523909,9534.892029402605,9534.892029402605,609772
2015-10-12,9570.337890625,9641.228893079113,9534.892029402605,9570.337890625,543566
2015-10-13,9641.2294921875,9747.567082462536,9499.44675847818,9570.338485328202,764056
2015-10-14,9641.23046875,9751.206999827593,9604.57236968674,9714.54815613506,828037
2015-10-15,9677.8876953125,9714.546532879507,9604.570764807628,9641.228857745493,444464
2015-10-16,9677.8876953125,9824.52230095139,9677.8876953125,9714.546532879507,819280
2015-10-19,9531.255859375,9677.890507624665,9457.938162935488,9677.890507624665,511191
2015-10-20,9567.912109375,9714.54671780522,9494.594432845308,9494.594432845308,710122
2015-10-21,9531.255859375,9641.231659404908,9531.255859375,9604.573555814512,245928
2015-10-22,9604.5693359375,9604.5693359375,9494.592839597655,9494.592839597655,143010
2015-10-23,9677.8876953125,9714.546532879507,9567.91192724062,9641.228857745493,456580
2015-10-26,9934.5009765625,10007.818673154474,9677.89052774932,9714.549376045308,1854455
2015-10-27,9824.5224609375,10007.815907128215,9824.5224609375,9934.498230800267,315702
2015-10-28,9861.181640625,10007.816253730156,9824.522801191411,9824.522801191411,519168
2015-10-29,9897.8408203125,9971.157757070872,9861.18197961871,9861.18197961871,740334
2015-10-30,9714.546875,9897.840324661009,9714.546875,9897.840324661009,574454
2015-11-02,9677.8876953125,9787.86346338438,9641.228857745493,9714.546532879507,381368
2015-11-03,9861.181640625,9861.181640625,9677.888188086255,9714.547027519842,428563
2015-11-04,9861.181640625,9897.840480058583,9824.522801191411,9861.181640625,531252
2015-11-05,9787.865234375,9897.841766974894,9787.865234375,9824.524078574965,92372
2015-11-06,9824.5224609375,10044.474745292193,9787.863622773524,9824.5224609375,802547
2015-11-09,9824.5224609375,9934.498230800267,9824.5224609375,9897.840137265452,373068
2015-11-10,9751.205078125,9861.180842900028,9677.887405188898,9861.180842900028,260884
2015-11-11,9787.865234375,9787.865234375,9714.548290604354,9714.548290604354,260655
2015-11-12,9787.865234375,9787.865234375,9531.254814233816,9787.865234375,401533
2015-11-13,9824.5224609375,9861.181299101476,9751.205529238709,9787.863622773524,223360
2015-11-16,9897.8408203125,9934.49891637708,9787.864298231128,9824.523138924918,766053
2015-11-17,9897.8408203125,9934.49891637708,9824.523138924918,9897.8408203125,489632
2015-11-18,10044.4765625,10191.111197055312,9861.183083148537,9897.841927944688,1180566
2015-11-19,10081.1337890625,10154.450722256604,10044.47495015086,10081.1337890625,459357
2015-11-20,10007.8173828125,10081.135069951377,9971.158539243062,10081.135069951377,287757
2015-11-23,9897.8408203125,10044.475438458454,9861.18197961871,10044.475438458454,468187
2015-11-24,9897.8408203125,9934.49891637708,9787.864298231128,9897.8408203125,481374
2015-11-25,10007.8173828125,10044.476226381938,9824.523909594582,9861.18275316402,733491
2015-11-26,9861.181640625,10081.133932597328,9861.181640625,10081.133932597328,158215
2015-11-27,9861.181640625,9934.498574862984,9824.522801191411,9861.181640625,390353
2015-11-30,9824.5224609375,9861.181299101476,9787.863622773524,9824.5224609375,353818
2015-12-01,9787.865234375,9861.18292277493,9787.865234375,9824.524078574965,168937
2015-12-02,9787.865234375,9861.18292277493,9787.865234375,9787.865234375,260312
2015-12-03,10044.4765625,10044.4765625,9824.524238352386,9824.524238352386,583294
2015-12-04,10337.7431640625,10337.7431640625,9934.49746461682,10044.47397062697,583315
2015-12-07,10264.4267578125,10557.696732003596,10007.816368103136,10301.085597665036,519656
2015-12-08,10411.0615234375,10447.72036382118,10081.134193871998,10081.134193871998,419837
2015-12-09,9934.5009765625,10411.063770522236,9934.5009765625,10411.063770522236,533967
2015-12-10,10154.44921875,10227.766885717583,9934.496962476318,10044.473462927692,285937
2015-12-11,10117.79296875,10301.086438342163,10117.79296875,10154.451811594285,220771
2015-12-14,9861.181640625,10191.1097062689,9787.863961757828,10154.450866835312,559249
2015-12-15,9824.5224609375,10081.133583456169,9824.5224609375,9861.181299101476,383760
2015-12-16,9824.5224609375,9897.840137265452,9824.5224609375,9824.5224609375,417955
2015-12-17,9861.181640625,9897.840480058583,9824.522801191411,9897.840480058583,336783
2015-12-18,9971.15625,10044.473920306127,9604.570132356665,9861.180489169908,6041100
2015-12-21,9751.205078125,9897.83967936808,9751.205078125,9897.83967936808,66882
2015-12-22,9751.205078125,9824.522006431978,9751.205078125,9751.205078125,61318
2015-12-23,9677.8876953125,9787.86346338438,9677.8876953125,9787.86346338438,263192
2015-12-24,9677.8876953125,9714.546532879507,9641.228857745493,9677.8876953125,92331
2015-12-25,9604.5693359375,9714.545087648306,9604.5693359375,9714.545087648306,98300
2015-12-28,9531.255859375,9641.231659404908,9531.255859375,9604.573555814512,268652
2015-12-29,9604.5693359375,9641.227423421744,9457.934007484377,9531.251671710936,108399
2015-12-30,9677.8876953125,9714.546532879507,9567.91192724062,9641.228857745493,65613
2015-12-31,9751.205078125,9787.863169963926,9677.887405188898,9677.887405188898,284034
2016-01-04,9751.205078125,9861.180842900028,9641.228568720846,9787.863169963926,672016
2016-01-05,9751.205078125,9787.863169963926,9714.54624165695,9751.205078125,480448
2016-01-06,9897.8408203125,9971.157757070872,9787.864298231128,9824.523138924918,381264
2016-01-07,9824.5224609375,9934.498230800267,9751.205529238709,9934.498230800267,223475
2016-01-08,9787.865234375,9861.18292277493,9714.548290604354,9714.548290604354,376064
2016-01-11,9787.865234375,9897.841766974894,9714.548290604354,9897.841766974894,262995
2016-01-12,9787.865234375,9787.865234375,9714.548290604354,9714.548290604354,152672
2016-01-13,9861.181640625,9861.181640625,9751.205866953427,9824.522801191411,259750
2016-01-14,9824.5224609375,9861.181299101476,9714.546691074736,9787.863622773524,127015
2016-01-15,9787.865234375,9824.524078574965,9641.230602204423,9824.524078574965,396219
2016-01-18,9531.255859375,9677.890507624665,9274.64541109543,9677.890507624665,1026677
2016-01-19,9714.546875,9714.546875,9531.253425338991,9641.229197283928,516526
2016-01-20,9641.23046875,9934.499729031702,9641.23046875,9751.206999827593,1048902
2016-01-21,9604.5693359375,9714.545087648306,9567.910503824218,9641.227423421744,339435
2016-01-22,9714.546875,9714.546875,9421.277653394058,9604.571103055065,458619
2016-01-25,9897.8408203125,10007.816597764662,9787.864298231128,9787.864298231128,848588
2016-01-26,9677.8876953125,9861.1811385184,9531.25308967361,9567.91192724062,609377
2016-01-27,9714.546875,9714.546875,9567.912264197028,9677.888036141963,320351
2016-01-28,9604.5693359375,9787.862007245833,9457.934007484377,9677.886255535026,735862
2016-01-29,9677.8876953125,9714.546532879507,9457.93541453959,9531.25308967361,473428
2016-02-01,9604.5693359375,9714.545087648306,9604.5693359375,9714.545087648306,111134
2016-02-02,9567.912109375,9714.54671780522,9494.594432845308,9494.594432845308,418672
2016-02-03,9494.5947265625,9604.57124475918,9494.5947265625,9531.253565961391,828297
2016-02-04,9531.255859375,9641.231659404908,9531.255859375,9604.573555814512,232315
2016-02-05,9641.23046875,9641.23046875,9531.254682301678,9531.254682301678,414252
2016-02-15,9531.255859375,9677.890507624665,9457.938162935488,9641.231659404908,299988
2016-02-16,9641.23046875,9677.88931244253,9567.91352599421,9641.23046875,487978
2016-02-17,9824.5224609375,9861.181299101476,9604.570921211967,9604.570921211967,1101942
2016-02-18,9861.181640625,9897.840480058583,9787.863961757828,9824.522801191411,515975
2016-02-19,9787.865234375,9861.18292277493,9787.865234375,9861.18292277493,175926
2016-02-22,9751.205078125,9824.522006431978,9751.205078125,9787.863169963926,369314
2016-02-23,9714.546875,9787.8638080869,9714.546875,9751.205713858037,445525
2016-02-24,9677.8876953125,9751.205370446518,9641.228857745493,9751.205370446518,480719
2016-02-25,9751.205078125,9787.863169963926,9714.54624165695,9714.54624165695,253104
2016-02-26,9751.205078125,9824.522006431978,9714.54624165695,9787.863169963926,125580
2016-02-29,9714.546875,9787.8638080869,9714.546875,9751.205713858037,194438
2016-03-01,9751.205078125,9751.205078125,9604.57047688192,9677.887405188898,419931
2016-03-02,10191.109375,10191.109375,9751.2055499839,9751.2055499839,2038088
2016-03-03,10081.1337890625,10191.10956116824,10007.816111239224,10191.10956116824,424216
2016-03-04,10301.0869140625,10337.745758599744,10044.476491560352,10081.1353360976,801985
2016-03-07,10484.3779296875,10740.988291920405,10337.743330607396,10337.743330607396,1271441
2016-03-08,10484.3779296875,10631.012528767604,10447.719093760195,10484.3779296875,608088
2016-03-09,10264.4267578125,10484.379052298522,10191.109822736622,10484.379052298522,1619508
2016-03-10,10337.7431640625,10374.401999399215,10227.767402681451,10264.425493389066,1052948
2016-03-11,10411.0615234375,10557.69688497222,10374.403427683026,10411.0615234375,765398
2016-03-14,10447.720703125,10484.379544699224,10374.40376460578,10411.061861550776,560060
2016-03-15,10374.404296875,10447.72123915582,10191.110824229048,10411.062395700776,667232
2016-03-16,10374.404296875,10411.062395700776,10337.745453419957,10411.062395700776,282079
2016-03-17,10631.015625,10740.991420182723,10484.38098321326,10484.38098321326,1731828
2016-03-18,10924.2822265625,10924.2822265625,10667.671852593225,10667.671852593225,3597932
2016-03-21,10850.9658203125,10997.600433184629,10704.331207440371,10997.600433184629,1265149
2016-03-22,10887.623046875,10924.281883327138,10704.330353872569,10777.647282147716,919308
2016-03-23,10924.2822265625,10924.2822265625,10814.306458379831,10887.62338895856,926255
2016-03-24,11144.2353515625,11327.528808834722,10850.966117778624,10850.966117778624,1195386
2016-03-25,11877.408203125,11877.408203125,11144.235133041677,11144.235133041677,1868557
2016-03-28,12573.9228515625,12573.9228515625,11547.479835478996,12060.701343520748,1146173
2016-03-29,12720.5576171875,13197.12032023934,12647.241423839869,12647.241423839869,1936355
2016-03-30,12317.3115234375,12757.216091483177,12317.3115234375,12537.264552089497,1253792
2016-03-31,12170.6767578125,12610.580575524704,12170.6767578125,12317.311363716568,992170
2016-04-01,11694.1162109375,12097.3620083515,11657.458111323822,12097.3620083515,1184102
2016-04-04,11657.4580078125,12060.70305701664,11620.799163895048,11620.799163895048,810316
2016-04-05,11950.724609375,11987.383445131314,11657.45541258271,11914.065773618686,470236
2016-04-06,12097.3583984375,12134.017231741276,11877.406143243905,11987.382643155232,971526
2016-04-07,12097.3583984375,12427.286408913364,12097.3583984375,12170.67532041599,703435
2016-04-08,11987.384765625,12280.65399472293,11914.06708603592,12134.019380173964,613880
2016-04-11,11914.068359375,12024.0441458833,11840.75067194995,12024.0441458833,619424
2016-04-12,12537.2666015625,12683.90048870916,11840.750797525545,11914.068485728154,1315964
2016-04-13,12353.9716796875,12757.21745264994,12353.9716796875,12757.21745264994,1030359
2016-04-14,12427.2880859375,12537.26460068982,12353.970409435951,12353.970409435951,357884
2016-04-15,12170.6767578125,12537.264389516393,12170.6767578125,12390.629038983176,624717
2016-04-19,11950.724609375,12317.310733050806,11914.065773618686,12207.334970410977,710351
2016-04-20,12150.796875,12309.630821078432,11912.545955882351,12309.630821078432,488200
2016-04-21,11714.0029296875,12150.796259269067,11714.0029296875,12150.796259269067,665630
2016-04-22,11436.0400390625,11713.99934556749,11316.914621988932,11713.99934556749,1635360
2016-04-25,11674.2958984375,11793.421366788903,11475.75345118516,11475.75345118516,559250
2016-04-26,11634.5859375,11674.294421928327,11396.335030930037,11674.294421928327,399510
2016-04-27,11396.3359375,11555.169887848431,11356.627449912892,11555.169887848431,450180
2016-04-28,11277.2099609375,11436.043904049297,11277.2099609375,11356.626932493398,319770
2016-04-29,11714.0029296875,11793.41989870233,11277.209600105933,11277.209600105933,730930
2016-05-04,11515.4609375,11714.003367456897,11475.75245150862,11714.003367456897,389900
2016-05-05,11475.748046875,11555.164988375866,11396.331105374136,11515.456517625433,471630
2016-05-06,11515.4609375,11594.87790948276,11436.04396551724,11436.04396551724,263510
2016-05-09,11753.7109375,12071.378800675677,11515.460040118243,11594.877005912162,555280
2016-05-10,11912.544921875,11952.253404947916,11594.877057291667,11594.877057291667,286950
2016-05-11,11952.25390625,11991.962390988372,11872.836936773256,11952.25390625,272280
2016-05-12,12111.0869140625,12190.5038774334,11912.544505635246,11912.544505635246,648210
2016-05-13,11833.1279296875,12071.378827600673,11833.1279296875,12071.378827600673,240760
2016-05-16,11952.25390625,12031.670875726744,11833.128452034884,11991.962390988372,175780
2016-05-17,11833.1279296875,12071.378827600673,11833.1279296875,11952.253378644087,384980
2016-05-18,11952.25390625,11952.25390625,11753.71148255814,11952.25390625,426800
2016-05-19,11912.544921875,11991.961888020833,11833.127955729167,11952.253404947916,310670
2016-05-20,11952.25390625,11991.962390988372,11833.128452034884,11833.128452034884,365590
2016-05-23,12071.37890625,12071.37890625,11952.25345651727,11952.25345651727,513260
2016-05-24,12349.3388671875,12468.46432249799,12071.379471463022,12071.379471463022,594360
2016-05-25,12627.296875,12667.005355738997,12389.04599056604,12468.462952044025,565770
2016-05-26,12190.5048828125,12627.298217375816,12190.5048828125,12627.298217375816,320770
2016-05-27,12150.796875,12269.922334558823,12150.796875,12190.505361519608,159050
2016-05-30,12547.880859375,12627.297826839398,12071.379054588608,12071.379054588608,514670
2016-05-31,12547.880859375,12587.5893431072,12389.046924446202,12428.755408178402,767070
2016-06-01,12309.6279296875,12587.58727003528,12269.919452494958,12389.04488407258,450330
2016-06-02,12389.046875,12508.172325721154,12309.629907852564,12309.629907852564,332920
2016-06-03,12547.880859375,12667.006310571598,12389.046924446202,12389.046924446202,391080
2016-06-06,12468.46484375,12627.29879080414,12389.04787022293,12428.756356986463,210700
2016-06-07,12349.3388671875,12587.58977780848,12309.630382084002,12468.46432249799,343950
2016-06-08,12309.6279296875,12428.75336126512,12309.6279296875,12349.33640688004,293070
2016-06-09,12349.3388671875,12389.047352290996,12190.504926773512,12309.630382084002,282020
2016-06-10,12508.1728515625,12508.1728515625,12309.630425347224,12468.464366319446,374990
2016-06-13,12150.796875,12508.17325367647,12150.796875,12508.17325367647,350470
2016-06-14,12230.2119140625,12389.04583502435,12111.086473341113,12111.086473341113,167530
2016-06-15,12309.6279296875,12389.04488407258,12190.502498109878,12309.6279296875,455630
2016-06-16,13103.798828125,13103.798828125,12349.33768347538,12428.754646070076,1774830
2016-06-17,12706.712890625,13143.506146240235,12706.712890625,13103.797668457031,2295350
2016-06-20,13500.8818359375,13500.8818359375,12905.254696116728,12905.254696116728,481160
2016-06-21,13183.21484375,13620.008106645331,13024.38092996988,13500.88267131024,1035810
2016-06-22,13103.798828125,13262.632753314394,13024.381865530304,13024.381865530304,864670
2016-06-23,12944.962890625,13222.922216497316,12786.128990126534,13103.796791123466,543640
2016-06-24,13818.5517578125,13818.5517578125,12627.29729593211,12944.965152433548,3134360
2016-06-27,13659.7177734375,14096.511074332304,13540.592327738916,13858.260182935135,815820
2016-06-28,13818.5517578125,14096.511132251257,13620.0093474991,13620.0093474991,692630
2016-06-29,14175.9296875,14175.9296875,13580.302389705885,13699.427849264706,1300320
2016-06-30,13778.8427734375,14215.636060203533,13739.134292822406,14096.51061835825,1183910
2016-07-01,14056.8037109375,14175.929166114936,13858.261285641773,14096.512195996644,1380200
2016-07-04,13977.3857421875,14215.636635520244,13937.677259965378,14175.92815329812,610490
2016-07-05,13659.7177734375,14215.636520030886,13659.7177734375,13977.38562863372,1062340
2016-07-06,13580.2978515625,13699.423271313048,13421.463958561768,13620.006324812684,665230
2016-07-07,13818.5517578125,13897.968721937856,13620.0093474991,13818.5517578125,761030
2016-07-08,13818.5517578125,14017.094168125896,13739.13479368714,13818.5517578125,588030
2016-07-11,13580.2978515625,13937.674110814143,13540.589378312316,13778.840217813413,861850
2016-07-12,13500.8818359375,13739.132691865809,13421.464883961398,13620.007263901654,740300
2016-07-13,13699.423828125,13778.84077785326,13500.881453804348,13500.881453804348,397420
2016-07-14,13381.7587890625,13739.13513654488,13381.7587890625,13739.13513654488,992140
2016-07-15,13580.2978515625,13620.006324812684,13302.33853881122,13381.755485311583,575310
2016-07-18,14017.09375,14136.21919263456,13580.300460339944,13580.300460339944,841170
2016-07-19,13937.6767578125,14136.219161769945,13699.425873063568,14096.510680978454,616340
2016-07-20,13620.009765625,13897.969148596938,13620.009765624998,13897.969148596938,455140
2016-07-21,13699.423828125,13897.966202445652,13620.006878396738,13620.006878396738,630770
2016-07-22,13699.423828125,13739.13230298913,13540.589928668478,13699.423828125,448510
2016-07-25,13739.1357421875,13778.844226991509,13659.71877257948,13699.42725738349,195250
2016-07-26,13620.009765625,13778.843698751822,13580.301282343293,13739.135215470116,258980
2016-07-27,13620.009765625,13620.009765624998,13620.009765624998,13620.009765624998,0
2016-07-28,13778.8427734375,13818.551254052594,13540.591889746938,13540.591889746938,414250
2016-07-29,13937.6767578125,14017.093719395478,13778.842834646546,13818.551315438037,563960
2016-08-01,13977.3857421875,14017.094224409624,13858.26029552113,14017.094224409624,283670
2016-08-02,13897.966796875,13977.38375,13818.54984375,13977.38375,578050
2016-08-03,13818.5517578125,13897.968721937856,13739.13479368714,13897.968721937856,163780
2016-08-04,13818.5517578125,14017.094168125896,13778.84327574982,13818.5517578125,402290
2016-08-05,13818.5517578125,13858.26023987518,13659.71782956178,13659.71782956178,231670
2016-08-08,13818.5517578125,13858.26023987518,13739.13479368714,13739.13479368714,197420
2016-08-09,14453.888671875,14493.597157237293,13778.844420716005,13858.26139144059,1330540
2016-08-10,14334.7626953125,14533.305114915163,14295.054211391966,14453.888147074098,422930
2016-08-11,14334.7626953125,14612.722082756232,14295.054211391966,14374.471179233033,682120
2016-08-12,14251.900390625,14500.480048601015,14210.470447628995,14500.480048601015,740210
2016-08-15,14334.7626953125,14376.192645298952,14169.04289536669,14251.902795339596,504680
2016-08-16,14707.6328125,14749.062764084509,14293.33329665493,14334.763248239437,1106890
2016-08-17,14831.9208984375,14873.35084508118,14583.34121857542,14707.631058506458,556770
2016-08-18,14666.2021484375,14873.351896296786,14624.772198865645,14831.92194672493,1049030
2016-08-19,14583.341796875,14749.061590021309,14541.911848588425,14624.771745161575,430410
2016-08-22,14417.6201171875,14707.629717245867,14417.6201171875,14583.339888649423,693630
2016-08-23,14376.19140625,14417.621352665708,14293.331513418589,14376.19140625,476890
2016-08-24,14417.6201171875,14459.05006005298,14334.760231456536,14376.19017432202,240060
2016-08-25,14334.7626953125,14500.48249525831,14293.332745326048,14500.48249525831,452250
2016-08-26,14500.4794921875,14541.90943359375,14293.32978515625,14376.189667968749,347660
2016-08-29,14459.0537109375,14707.63343089631,14459.0537109375,14500.48366426397,822340
2016-08-30,14831.9208984375,14831.9208984375,14459.051378644375,14459.051378644375,601580
2016-08-31,14749.0615234375,14873.351367736132,14707.631575337957,14831.921419636588,710360
2016-09-01,14459.0537109375,14749.06338422278,14459.0537109375,14749.06338422278,360540
2016-09-05,14210.47265625,14459.052352860788,14210.47265625,14459.052352860788,457370
2016-09-06,14293.3330078125,14417.622860054347,14210.473106317932,14210.473106317932,340160
2016-09-07,14376.19140625,14417.621352665708,14210.471620587175,14293.331513418589,263950
2016-09-08,14583.341796875,14583.341796875,14334.76210715554,14334.76210715554,465790
2016-09-09,14541.9140625,14624.773971688031,14376.194244123932,14624.773971688031,412330
2016-09-12,14500.4794921875,14541.90943359375,14376.189667968749,14500.4794921875,379700
2016-09-13,14541.9140625,14583.344017094018,14417.62419871795,14541.9140625,296300
2016-09-14,14707.6328125,14749.062764084509,14459.053102992955,14541.91300616197,567190
2016-09-15,14604.0576171875,14749.0624445922,13899.748455507535,14707.632493905145,912380
2016-09-16,14086.1826171875,14500.482105928308,14086.182617187498,14500.482105928308,2574380
2016-09-19,14438.3369140625,14459.05188811424,14334.762043803805,14376.19199190728,480460
2016-09-20,14500.4794921875,14541.90943359375,14293.32978515625,14417.619609375,435540
2016-09-21,14749.0615234375,14749.0615234375,14417.621938641152,14500.48183484024,791620
2016-09-22,15163.36328125,15287.653144211065,14769.778715206625,14790.493692366805,1287880
2016-09-23,15163.36328125,15411.94300717213,15080.503372609288,15163.36328125,901180
2016-09-26,15329.0810546875,15453.370901076858,15101.21633630701,15184.076233899916,552680
2016-09-27,15494.8017578125,15515.516733424549,15204.792099243818,15329.081952916107,545500
2016-09-28,15577.6611328125,15660.52103245512,15411.94133352726,15536.23118299119,468660
2016-09-29,15950.5302734375,15991.960222199674,15536.230785815746,15536.230785815746,699330
2016-09-30,15701.9482421875,15950.527897736642,15660.518299595977,15950.527897736642,571830
2016-10-03,15370.51171875,15743.381275269545,15370.51171875,15660.521373820757,314700
2016-10-04,15577.6611328125,15909.10073138298,15474.086258259224,15577.6611328125,634060
2016-10-05,15909.1025390625,15950.532493591309,15536.232948303224,15536.232948303224,553330
2016-10-06,15950.5302734375,16033.39017096185,15909.100324675324,16033.39017096185,286540
2016-10-07,15991.9609375,15991.960937499998,15846.956110346502,15991.960937499998,393430
2016-10-10,15701.9482421875,16116.247668102736,15701.948242187498,15991.957840328165,324860
2016-10-11,15453.3701171875,15743.379744051608,14956.210756849028,15660.519850661864,685640
2016-10-12,15411.9404296875,15660.5201140373,15287.6505875126,15453.370377079133,133100
2016-10-13,15329.0810546875,15577.660747466216,15246.221157094596,15577.660747466216,204310
2016-10-14,15204.7890625,15329.078891348774,15163.359119550409,15287.648948399185,361770
2016-10-17,14914.783203125,15184.07789984809,14914.783203125,15121.932969835068,342050
2016-10-18,15121.931640625,15266.9364645762,14790.49204302226,14873.351942422943,216660
2016-10-19,14914.783203125,15329.08273654514,14914.783203125,15329.08273654514,336940
2016-10-20,14396.9091796875,14831.92370166367,14293.3342935027,14831.92370166367,1007980
2016-10-21,14500.4794921875,14645.484287109375,14376.189667968749,14376.189667968749,344760
2016-10-24,14376.19140625,14521.196218704972,14376.19140625,14500.481245497118,93900
2016-10-25,14272.6181640625,14376.193041885885,14169.043286239115,14293.333139627175,252150
2016-10-26,14251.900390625,14417.620162609011,14086.180618640989,14251.900390625,236990
2016-10-27,14500.4794921875,14500.4794921875,14169.0399609375,14169.0399609375,114190
2016-10-28,14500.4794921875,14583.339375,14396.904638671876,14500.4794921875,45780
2016-10-31,14500.4794921875,14541.90943359375,14459.04955078125,14500.4794921875,102120
2016-11-01,14479.765625,14500.48059728183,14417.620708154504,14417.620708154504,138390
2016-11-02,14251.900390625,14459.050105605014,14251.900390625,14376.190219613009,157060
2016-11-03,14334.7626953125,14376.192645298952,14086.182995393789,14210.472845353144,192920
2016-11-04,14541.9140625,14541.9140625,14334.764289529914,14376.194244123932,106250
2016-11-07,14293.3330078125,14541.912712296196,14251.903057065218,14541.912712296196,93480
2016-11-08,14479.765625,14562.625514127323,14314.04584674535,14500.48059728183,81310
2016-11-09,14003.32421875,14417.623751849113,13485.44980237611,14189.759008644602,621460
2016-11-10,14314.0478515625,14314.0478515625,14169.04302528039,14293.332876379342,127430
2016-11-11,14500.4794921875,14500.4794921875,14169.0399609375,14251.89984375,144480
2016-11-14,14376.19140625,14500.481245497118,14169.04167417147,14500.481245497118,264280
2016-11-15,14479.765625,14479.765625,14293.33087446352,14376.190763590845,49610
2016-11-16,14459.0537109375,14500.48366426397,14251.90394430516,14479.768687600736,268670
2016-11-17,14251.900390625,14334.760276617006,14251.900390625,14251.900390625,278420
2016-11-18,14251.900390625,14293.330333621005,14127.610561636991,14293.330333621005,156050
2016-11-21,14127.6162109375,14169.046170500367,14086.186251374633,14127.6162109375,117590
2016-11-22,13858.318359375,14127.613036014574,13796.173433996635,14127.613036014574,620270
2016-11-23,13775.4580078125,13961.892777843046,13589.023237781956,13879.032880051693,641110
2016-11-24,13671.8828125,13754.742708333331,13609.737890625,13671.8828125,174200
2016-11-25,13879.0322265625,13879.0322265625,13671.882491837689,13858.31725309002,135660
2016-11-28,13278.296875,13713.311281201248,13278.296875,13671.88133775351,364050
2016-11-29,12843.283203125,13485.447363281251,12843.283203125,13485.447363281251,371280
2016-11-30,13091.8583984375,13257.578125,12201.114868164062,12760.4189453125,620580
2016-12-01,12884.7138671875,13257.583400321544,12594.704230305466,13257.583400321544,520460
2016-12-02,12801.85546875,12843.285421723302,12718.9955628034,12843.285421723302,260760
2016-12-05,13195.4375,13236.867445054946,12801.853021978022,12884.712912087913,437360
2016-12-06,12843.283203125,13216.15271547379,12843.283203125,13216.15271547379,160160
2016-12-07,12863.9990234375,12988.288869074577,12843.284049164651,12843.284049164651,117240
2016-12-08,12739.7109375,12884.715777439023,12739.7109375,12843.285823170732,176240
2016-12-09,12428.9833984375,12636.133121744791,12325.408536783854,12636.133121744791,240620
2016-12-12,12180.404296875,12428.98397640306,12056.114457110967,12428.98397640306,132760
2016-12-13,11351.8056640625,12221.834565322764,11331.09069022297,12056.114774606523,448750
2016-12-14,11641.814453125,11724.674342471086,10978.935338356318,10978.935338356318,866200
2016-12-15,11434.6650390625,11641.814768031025,11434.6650390625,11641.814768031025,132330
2016-12-16,11434.6650390625,11683.244713824728,11331.090174578238,11434.6650390625,1281770
2016-12-19,11703.958984375,11807.533842643805,11600.384126106192,11600.384126106192,323410
2016-12-20,11600.384765625,11766.104547991072,11558.954820033485,11724.674602399557,216670
2016-12-21,11832.392578125,11832.392578125,11516.018445020052,11558.201662767378,489220
2016-12-22,11600.3837890625,11811.299857954546,11537.108968394889,11811.299857954546,267050
2016-12-23,11600.3837890625,11621.475395951704,11558.20057528409,11600.3837890625,217830
2016-12-26,11684.75390625,11705.845519799188,11558.204224954874,11600.38745205325,97290
2016-12-27,11600.3837890625,11769.116644176136,11558.20057528409,11684.750216619315,211120
2016-12-28,11558.201171875,11600.384387830749,11389.468308052008,11600.384387830749,255060
2016-12-29,11494.927734375,11558.202565940368,11473.836123853212,11473.836123853212,117810
2016-12-30,11516.015625,11558.198832417584,11431.649210164836,11558.198832417584,343090
2017-01-03,11516.015625,11558.198832417584,11452.740813873626,11516.015625,222470
2017-01-04,11600.3837890625,11642.56700284091,11473.834147727272,11516.01736150568,187080
2017-01-05,11537.111328125,11579.294550531307,11516.019716921846,11558.202939328154,163080
2017-01-06,11537.111328125,11579.294550531307,11516.019716921846,11516.019716921846,157620
2017-01-09,11600.3837890625,11684.750216619315,11558.20057528409,11558.20057528409,402450
2017-01-10,11600.3837890625,11642.56700284091,11579.292182173294,11642.56700284091,213250
2017-01-11,11980.0341796875,12106.583836515185,11600.385209204444,11600.385209204444,601870
2017-01-12,12085.4921875,12212.041843913612,11980.034140488657,12106.583796902269,806120
2017-01-13,12317.498046875,12422.956078098245,12106.58198442851,12148.765196917808,780130
2017-01-16,12233.1357421875,12359.685422279095,12064.402835398709,12233.1357421875,540630
2017-01-17,12190.9482421875,12233.131454098184,12106.581818366134,12106.581818366134,218570
2017-01-18,12148.765625,12233.132052951389,12064.399197048611,12148.765625,236620
2017-01-19,12127.6767578125,12169.859981317932,12043.31031080163,12127.6767578125,160860
2017-01-20,12233.1357421875,12380.777035627694,12212.0441288389,12212.0441288389,261260
2017-01-23,12317.498046875,12359.681259364295,11937.849134471318,12359.681259364295,367550
2017-01-24,12275.3173828125,12401.867046552836,12275.3173828125,12338.592214682669,72890
2017-01-25,12233.1357421875,12317.502195581896,12169.860902141703,12317.502195581896,145930
2017-01-26,12233.1357421875,12233.1357421875,12233.1357421875,12233.1357421875,0
2017-02-03,12697.146484375,12865.87932802118,12380.772402538414,12401.864007994183,449820
2017-02-06,13118.978515625,13203.344936947347,12654.963198352089,12823.696040996783,450010
2017-02-07,13076.7978515625,13393.17199313256,12950.248194934476,13287.713945942542,431350
2017-02-08,13076.7978515625,13076.7978515625,12654.96566280242,13076.7978515625,230130
2017-02-09,13076.7978515625,13161.164289314516,12992.431413810484,13076.7978515625,214730
2017-02-10,13182.25390625,13245.528725,13055.70426875,13118.9790875,291360
2017-02-13,13329.896484375,13498.629351265825,13203.346834206885,13224.438442568236,178370
2017-02-14,13182.25390625,13435.35318125,13076.795875,13435.35318125,126910
2017-02-15,13161.162109375,13245.528533153043,12950.246049929889,13161.162109375,201360
2017-02-16,13287.7138671875,13498.62996031746,13140.072601996528,13414.263523065476,627840
2017-02-17,13372.08203125,13414.265255323344,13203.349134956625,13287.715583103312,275490
2017-02-20,13456.4462890625,13477.537897666049,13203.346985819946,13372.079854648317,157480
2017-02-21,13414.2626953125,13498.62912735849,13372.079479289505,13456.445911335495,81850
2017-02-22,13140.0732421875,13414.264176615168,13076.79841116573,13414.264176615168,244280
2017-02-23,13414.2626953125,13709.545207473468,13245.52983122052,13245.52983122052,690080
2017-02-24,13393.1728515625,13667.363791830709,13372.08124077264,13667.363791830709,251720
2017-02-27,13182.25390625,13414.261575,13182.25390625,13414.261575,215080
2017-02-28,12486.2314453125,13245.529303473397,12486.2314453125,13245.529303473397,498890
2017-03-01,12507.3232421875,12739.330924588954,12486.231634696458,12486.231634696458,265270
2017-03-02,12528.4169921875,12739.333103167088,12401.867325599747,12739.333103167088,273880
2017-03-03,12507.3232421875,12633.872887133748,12465.140027205416,12633.872887133748,185240
2017-03-06,12654.9658203125,12697.149039713542,12507.324552408854,12507.324552408854,238920
2017-03-07,12507.3232421875,12697.147709606872,12444.048419714376,12654.964494624788,459320
2017-03-08,12633.875,12697.149833055091,12465.142111853089,12507.325333889816,233230
2017-03-09,12612.78125,12654.964464882944,12549.506427675586,12612.78125,68140
2017-03-10,12654.9658203125,12739.332259114582,12528.416162109375,12591.690991210937,161370
2017-03-13,12697.146484375,12739.329695286544,12549.505246184592,12612.78006255191,191020
2017-03-14,12612.78125,12697.147679765883,12570.598035117056,12697.147679765883,153220
2017-03-15,12654.9658203125,12654.9658203125,12591.690991210937,12654.9658203125,273870
2017-03-16,12781.5166015625,12865.883047777435,12654.9669322401,12654.9669322401,231620
2017-03-17,12781.5166015625,12865.883047777435,12781.5166015625,12844.7914362237,1135410
2017-03-20,13055.7060546875,13055.7060546875,12802.606745065126,12865.881572470718,273560
2017-03-21,12971.3408203125,13203.34854230183,12971.3408203125,13055.707264672255,334870
2017-03-22,13203.3486328125,13329.898300219647,12865.882853060104,12865.882853060104,499630
2017-03-23,13625.1787109375,13751.728358407508,13161.163336880803,13161.163336880803,916420
2017-03-24,13667.361328125,13751.727756076389,13582.994900173611,13751.727756076389,548660
2017-03-27,13456.4462890625,13688.453983701507,13372.079854648317,13688.453983701507,329660
2017-03-28,13245.5283203125,13414.261165157246,13161.161897890128,13329.894742734872,299310
2017-03-29,13076.7978515625,13182.25589875252,13013.523023248488,13161.164289314516,461470
2017-03-30,13477.5390625,13498.630672926449,13203.348126956182,13245.531347809076,412490
2017-03-31,13287.7138671875,13582.996397569445,13287.7138671875,13582.996397569445,88910
2017-04-03,13393.1728515625,13393.1728515625,13118.981911294291,13118.981911294291,316280
2017-04-04,13456.4462890625,13477.537897666049,13372.079854648317,13372.079854648317,530770
2017-04-05,13477.5390625,13477.5390625,13414.264231220655,13456.447452073551,493630
2017-04-07,13393.1728515625,13456.447683932089,13287.71479761319,13456.447683932089,58780
2017-04-10,13245.5283203125,13372.077953946058,13203.345109101314,13287.711531523686,88110
2017-04-11,13287.7138671875,13329.897085813493,13245.530648561507,13245.530648561507,79580
2017-04-12,13287.7138671875,13435.355132378472,13287.7138671875,13308.805476500496,196500
2017-04-13,13203.3486328125,13308.806688985123,13161.16541034345,13308.806688985123,108150
2017-04-14,12992.4326171875,13287.715176669031,12992.4326171875,13287.715176669031,191560
2017-04-17,13034.615234375,13118.98167602144,12739.33268861246,13034.615234375,176250
2017-04-18,12739.33203125,12929.156515159357,12676.057203280216,12676.057203280216,356120
2017-04-19,12950.2470703125,12992.430285525244,12739.33099424878,12739.33099424878,26130
2017-04-20,12781.5166015625,12950.249493992367,12739.333378455034,12950.249493992367,114000
2017-04-21,12908.0615234375,12950.244731030434,12739.328693065769,12823.695108251635,150380
2017-04-24,12802.6044921875,12908.062519306011,12654.963254221582,12908.062519306011,32530
2017-04-25,12760.423828125,12865.881876291323,12760.423828125,12760.423828125,53260
2017-04-26,12739.33203125,12908.064905836092,12739.33203125,12823.698468543049,122340
2017-04-27,12865.8798828125,12950.246308273565,12739.330244620902,12886.971489177766,68130
2017-04-28,12865.8798828125,12865.8798828125,12865.8798828125,12865.8798828125,0
2017-05-03,12633.875,12697.149833055091,12570.600166944909,12697.149833055091,249720
2017-05-04,12275.3173828125,12633.874763410116,12190.950940318944,12633.874763410116,476390
2017-05-05,12190.9482421875,12275.314666008868,12148.765030276818,12275.314666008868,465780
2017-05-08,12697.146484375,12739.329695286544,12275.314375259552,12275.314375259552,613300
2017-05-09,12654.9658203125,12760.423868815104,12612.782600911458,12739.332259114582,255040
2017-05-10,13076.7978515625,13076.7978515625,12739.332100554437,12739.332100554437,682660
2017-05-11,13308.806640625,13393.173085256536,12992.432473256737,13076.798917888273,540040
2017-05-12,13372.08203125,13414.265255323344,13287.715583103312,13308.807195139983,687420
2017-05-15,13076.7978515625,13329.897164818549,13034.614632686493,13287.713945942542,388840
2017-05-16,12971.3408203125,13161.16532012195,12971.3408203125,13076.798875762195,233980
2017-05-17,12633.875,12908.065943238733,12633.875,12781.516277128549,475500
2017-05-18,12591.6884765625,12823.696136934674,12591.6884765625,12633.871687539258,298930
2017-05-19,12591.6884765625,12781.512925957915,12570.596871074122,12781.512925957915,205160
2017-05-22,12570.5986328125,12654.965066589766,12528.415415923868,12654.965066589766,372430
2017-05-23,12591.6884765625,12633.871687539258,12549.505265585742,12570.596871074122,786190
2017-05-24,12658.548828125,12703.12118315361,12613.97647309639,12658.548828125,224860
2017-05-25,12480.259765625,12703.121547154018,12480.259765625,12658.549190848214,632530
2017-05-26,12301.970703125,12524.83249122509,12279.684524314993,12480.260133605072,325370
2017-05-29,12324.255859375,12480.259098101264,12301.969682414105,12480.259098101264,219070
2017-05-30,12324.255859375,12368.82821329679,12301.969682414105,12346.542036335895,357750
2017-05-31,12324.255859375,12346.542036335895,12301.969682414105,12324.255859375,320630
2017-06-01,12792.2666015625,13015.128389046167,12324.256847846798,12324.256847846798,596440
2017-06-02,12725.408203125,12881.411456052978,12457.974055248467,12792.266740094134,639340
2017-06-05,12859.1240234375,12881.41020025455,12591.689901632908,12703.120785718154,247740
2017-06-06,12970.5556640625,13126.558910881122,12792.266239126931,12836.838595360823,490760
2017-06-07,12992.841796875,13081.986509031947,12925.98326275729,13081.986509031947,161330
2017-06-08,12925.984375,13037.415274784482,12881.412015086207,12925.984375,155610
2017-06-09,12792.2666015625,12925.9836740527,12769.980422814133,12792.2666015625,130690
2017-06-12,12524.8310546875,12769.978993480316,12435.68634967193,12703.12046471864,413930
2017-06-13,12925.984375,12970.556734913793,12480.260775862069,12502.546955818963,418340
2017-06-14,12948.2685546875,13104.271790286144,12925.982378173409,13015.127084229776,478800
2017-06-15,12881.41015625,12970.554863213669,12859.123979509082,12948.268686472751,232000
2017-06-16,12747.6923828125,12859.123260284638,12703.120031823646,12836.83708479021,3592990
2017-06-19,13015.1279296875,13237.989709305435,12814.552328031356,12970.555573763912,792370
2017-06-20,13237.9892578125,13260.275435014206,13126.558371803978,13126.558371803978,573280
2017-06-21,13148.845703125,13237.990419756356,13059.700986493644,13104.273344809322,882290
2017-06-22,13148.845703125,13237.990419756356,13126.559523967162,13148.845703125,621970
2017-06-23,13059.69921875,13148.843923314846,12925.98216190273,13037.413042608789,302120
2017-06-26,12925.984375,13104.273814655173,12814.553475215516,13059.701454741378,578870
2017-06-27,12925.984375,12992.84291487069,12859.12583512931,12859.12583512931,261780
2017-06-28,12836.8369140625,12925.981614854602,12814.550738864476,12925.981614854602,229070
2017-06-29,12703.12109375,12925.98286732456,12703.12109375,12836.838157894736,284930
2017-06-30,12725.408203125,12814.552919083844,12703.12202413529,12703.12202413529,197740
2017-07-03,12970.5556640625,12970.5556640625,12747.693882893042,12747.693882893042,461360
2017-07-04,13126.5576171875,13126.5576171875,12970.554385743846,12970.554385743846,344550
2017-07-05,13126.5576171875,13260.274672710631,12925.9820339028,13148.843793108024,210920
2017-07-06,13215.703125,13215.703125,13104.2722386172,13104.2722386172,310780
2017-07-07,13037.4150390625,13215.704475494123,13037.4150390625,13171.132116386218,292660
2017-07-10,12859.1240234375,13059.699614790945,12613.976078449958,13059.699614790945,337180
2017-07-11,12747.6923828125,12836.83708479021,12613.975329845936,12703.120031823646,349200
2017-07-12,12792.2666015625,12792.2666015625,12658.5495290723,12725.4080653174,143570
2017-07-13,12792.2666015625,12792.2666015625,12792.2666015625,12792.2666015625,0
2017-07-14,12792.2666015625,12836.838959059234,12703.121886569032,12747.694244065768,169510
2017-07-17,12457.974609375,12792.267309089892,12391.116069432022,12792.267309089892,491860
2017-07-18,12190.5400390625,12480.2603690585,12190.5400390625,12346.543293675732,713940
2017-07-19,12123.681640625,12435.6881534352,12079.109281652114,12435.6881534352,545530
2017-07-20,12480.259765625,12480.259765625,12123.680915178573,12123.680915178573,171720
2017-07-21,12257.3974609375,12524.831587357956,12257.3974609375,12257.3974609375,732080
2017-07-24,12524.8310546875,12569.403407195285,12257.396939640792,12257.396939640792,434440
2017-07-25,12591.689453125,12591.689453125,12301.96916482301,12391.113868915929,146450
2017-07-26,12658.548828125,12836.838248239435,12591.690295582086,12591.690295582086,223580
2017-07-27,12569.40234375,12658.547041223404,12524.8299950133,12658.547041223404,92290
2017-07-28,12636.263671875,12658.549851190475,12502.546595982143,12502.546595982143,335690
2017-07-31,12769.978515625,12792.264691044938,12613.975287685427,12680.833813945244,357920
2017-08-01,12814.5537109375,12881.412252038044,12769.981350203803,12769.981350203803,307620
2017-08-02,12591.689453125,12703.120333241151,12591.689453125,12613.97562914823,393610
2017-08-03,12613.9755859375,12703.120289725044,12591.689409990611,12591.689409990611,464490
2017-08-04,12703.12109375,12725.407271107457,12569.404029605264,12613.976384320176,142660
2017-08-07,12725.408203125,12792.266740094134,12703.12202413529,12703.12202413529,276510
2017-08-08,12658.548828125,12703.12118315361,12569.40411806778,12703.12118315361,311870
2017-08-09,12480.259765625,12658.549190848214,12391.115053013393,12658.549190848214,284890
2017-08-10,12368.8291015625,12480.25999436937,12301.97056587838,12480.25999436937,138430
2017-08-11,12368.8291015625,12480.25999436937,12346.542923001123,12346.542923001123,101020
2017-08-14,12368.8291015625,12435.68763724662,12324.256744439752,12368.8291015625,234090
2017-08-15,12435.6865234375,12569.4035828293,12324.255640610998,12368.8279937416,157590
2017-08-16,12346.5439453125,12435.688666939306,12346.5439453125,12435.688666939306,172780
2017-08-17,12034.5361328125,12346.542625144675,11989.963776765046,12346.542625144675,363190
2017-08-18,12034.5361328125,12123.680844907409,12012.249954788773,12123.680844907409,197770
2017-08-21,12034.5361328125,12123.680844907409,12012.249954788773,12034.5361328125,250320
2017-08-22,12034.5361328125,12190.539378978589,12012.249954788773,12190.539378978589,167400
2017-08-23,12034.5361328125,12168.25320095486,11945.391420717591,12034.5361328125,9666000
2017-08-24,11833.958984375,12034.534560381357,11833.958984375,11989.96221015772,9875000
2017-08-25,11744.814453125,12079.10708461812,11744.814453125,12079.10708461812,109690
2017-08-28,11767.1025390625,11811.674897165009,11722.53018095999,11722.53018095999,167710
2017-08-29,11677.9580078125,11811.675084237831,11677.9580078125,11767.10272542939,338430
2017-08-30,11588.8115234375,11722.528579477164,11544.23917142428,11677.956227463945,439760
2017-08-31,11544.2373046875,11611.095821896117,11544.2373046875,11588.809649493243,203470
2017-09-01,11232.2333984375,11544.23988172743,11143.088688926093,11544.23988172743,707910
2017-09-04,11232.2333984375,11232.2333984375,11232.2333984375,11232.2333984375,0
2017-09-05,11499.6689453125,11633.386026071948,11299.093324173327,11365.951864553052,327390
2017-09-06,11499.6689453125,11544.241305565649,11477.382765185925,11499.6689453125,292470
2017-09-07,11477.380859375,11588.811741504856,11365.949977245144,11365.949977245144,218020
2017-09-08,11276.806640625,11477.38225281003,11276.806640625,11477.38225281003,319830
2017-09-11,10964.798828125,11276.805298844003,10920.226475165142,11187.660592924289,535620
2017-09-12,11143.0888671875,11187.66122265625,11009.371800781251,11098.51651171875,171040
2017-09-13,11165.3759765625,11232.234515344311,11098.517437780689,11232.234515344311,318170
2017-09-14,11165.3759765625,11232.234515344311,11098.517437780689,11143.089796968565,271040
2017-09-15,11365.9521484375,11365.9521484375,11143.090341605392,11165.376522288603,439430
2017-09-18,11276.806640625,11365.95135715168,11254.52046149333,11365.95135715168,125170
2017-09-19,11232.2333984375,11276.805753193205,11143.088688926093,11276.805753193205,191730
2017-09-20,11343.666015625,11343.666015625,11209.948930961444,11232.235111738702,442590
2017-09-21,11633.384765625,11633.384765625,11343.664455369972,11365.950633081897,213580
2017-09-22,11544.2373046875,11700.240511507602,11499.664959881757,11633.381994298989,306370
2017-09-25,11544.2373046875,11566.523477090372,11521.951132284628,11544.2373046875,125930
2017-09-26,11677.9580078125,11677.9580078125,11499.66857257872,11633.385649004056,101580
2017-09-27,11878.5322265625,11878.5322265625,11633.384281924247,11722.528989065431,330620
2017-09-28,11811.6748046875,11900.819520194576,11722.530089180424,11878.533341317809,197350
2017-09-29,11833.958984375,11900.817509710452,11722.528108815914,11722.528108815914,138490
2017-10-02,11856.24609375,11945.390801221803,11767.101386278197,11856.24609375,197650
2017-10-03,11767.1025390625,11856.24725526752,11700.244001908735,11856.24725526752,449030
2017-10-04,11945.3916015625,11945.3916015625,11767.102174673508,11833.96070975688,324320
2017-10-05,12524.8310546875,12569.403407195285,12034.535177101869,12034.535177101869,1057030
2017-10-06,12613.9755859375,12859.123521353244,12435.686178362412,12569.403234043728,547480
2017-10-09,12821.8984375,12937.411036036036,12798.795917792791,12845.000957207209,416090
2017-10-10,13052.923828125,13145.333908324115,12798.796107577433,12821.898627627212,618930
2017-10-11,13491.8720703125,13607.384673654216,12937.41157427226,12983.616615608946,1045770
2017-10-12,13399.4619140625,13561.179557852907,13399.4619140625,13445.666955145474,480290
2017-10-13,13514.9736328125,13584.281189903846,13307.050961538462,13399.461037660256,557960
2017-10-16,13491.8720703125,13538.077111649189,13214.64182229238,13399.461987639126,347680
2017-10-17,13237.7451171875,13445.66781536322,13168.437551128927,13445.66781536322,374790
2017-10-18,13076.0283203125,13260.848508585468,13076.0283203125,13237.745985051348,442440
2017-10-19,13214.6416015625,13260.846642127404,13029.821439302885,13168.436560997598,269040
2017-10-20,13099.1298828125,13122.232404651675,13029.822317294977,13076.027360973325,218530
2017-10-23,13168.4375,13168.4375,12891.207236842109,12891.207236842109,217480
2017-10-24,13584.2802734375,13630.485308381163,13076.024889057184,13214.63999388818,451880
2017-10-25,13745.9990234375,13907.716659007352,13584.281387867648,13630.48642660189,363770
2017-10-26,13722.8984375,13769.103482744107,13445.668166035352,13653.59086963384,135540
2017-10-27,14323.564453125,14323.564453125,13722.898847026208,13722.898847026208,618410
2017-10-30,13838.41015625,14000.127804152757,13630.487466089317,13953.922761894824,611040
2017-10-31,13838.41015625,13838.41015625,13491.872339315529,13538.077381573456,421330
2017-11-01,13861.5126953125,14115.640428059896,13815.307652994792,13838.410174153643,349680
2017-11-02,13861.5126953125,14000.127822265626,13815.307652994792,13953.922779947916,360180
2017-11-03,13907.7177734375,14092.537943184176,13838.410209782496,13861.51273100083,1184110
2017-11-06,14023.2333984375,14161.848555588447,13815.31066271108,13815.31066271108,873810
2017-11-07,13953.919921875,14046.329987582782,13861.509856167218,14023.227471155837,166320
2017-11-08,13861.5126953125,14023.23034342448,13838.410174153643,13930.820258789065,810040
2017-11-09,14046.3330078125,14138.743093390214,13769.10275107936,13769.10275107936,363610
2017-11-10,14161.8427734375,14161.8427734375,13953.920122603997,13953.920122603997,236260
2017-11-13,14046.3330078125,14184.948136179071,14000.127965023645,14184.948136179071,349600
2017-11-14,14600.7939453125,14600.7939453125,14138.743504005142,14231.153592266615,567400
2017-11-15,14508.3818359375,14600.791911325638,14392.86924170233,14392.86924170233,285400
2017-11-16,14369.7666015625,14508.38171347468,14277.35652695438,14508.38171347468,303530
2017-11-17,14231.1533203125,14369.768450055804,14184.948277064732,14323.563406808036,256370
2017-11-20,13861.5126953125,14323.563118489585,13815.307652994792,14323.563118489585,411540
2017-11-21,13861.5126953125,14046.332864583334,13815.307652994792,13907.717737630208,908520
2017-11-22,14323.564453125,14415.974546370968,13722.898847026208,13722.898847026208,622220
2017-11-23,14462.1787109375,14462.1787109375,14161.845926205571,14161.845926205571,242140
2017-11-24,14554.587890625,14600.792931547618,14277.357645089283,14462.17780877976,160280
2017-11-27,14600.7939453125,14600.7939453125,14369.76872465882,14554.588901181764,216140
2017-11-28,14646.99609375,14646.99609375,14462.175953765773,14462.175953765773,276020
2017-11-29,14878.0234375,14878.0234375,14369.76797845497,14369.76797845497,108390
2017-11-30,14878.0234375,14993.536041828416,14831.818395768632,14924.228479231366,365260
2017-12-01,15201.45703125,15224.559549534575,14831.816738696809,14993.534366688831,191700
2017-12-04,15940.73828125,15940.73828125,15178.355146059785,15201.457665307971,419100
2017-12-05,15755.9208984375,15986.94613155242,15617.305758568547,15940.741084929436,433510
2017-12-06,15663.5107421875,15755.920835061765,15340.075417127582,15340.075417127582,381130
2017-12-07,15617.306640625,15709.716739090238,15247.666246764054,15709.716739090238,332860
2017-12-08,15524.8955078125,15617.305600120908,15432.485415504094,15617.305600120908,295630
2017-12-11,15386.279296875,15478.689382742115,15016.638953406533,15386.279296875,122480
2017-12-12,15039.7392578125,15247.661920362903,14739.406523017473,15178.354366179436,188580
2017-12-13,14670.1005859375,15224.561080524114,14670.1005859375,15224.561080524114,83700
2017-12-14,15016.6416015625,15016.6416015625,14785.616346153844,14785.616346153844,41830
2017-12-15,14762.5107421875,15155.253594483567,14762.5107421875,14854.920825080691,439930
2017-12-18,15524.8955078125,15594.203077043809,14762.512246268136,14762.512246268136,328700
2017-12-19,15247.6650390625,15755.920540364585,14924.229720052082,15524.8953125,48160
2017-12-20,15247.6650390625,15617.305403645832,15016.639811197916,15617.305403645832,80430
2017-12-21,15016.6416015625,15247.666856971156,15016.6416015625,15247.666856971156,186970
2017-12-22,15201.45703125,15409.37969581117,14878.021775265956,15409.37969581117,45200
2017-12-25,14785.6123046875,15363.175285339355,14785.6123046875,14924.227420043946,45530
2017-12-26,15062.8447265625,15062.8447265625,14785.614455521472,14785.614455521472,98440
2017-12-27,15155.25390625,15201.458948647103,14970.433736661584,15062.843821455792,50170
2017-12-28,14924.228515625,15155.2537248452,14878.02347378096,14878.02347378096,37440
2017-12-29,15478.69140625,15524.89645522388,14924.230818563432,14970.435867537311,378040
2018-01-01,15478.69140625,15478.69140625,15478.69140625,15478.69140625,0
2018-01-02,15802.1240234375,15802.1240234375,15386.278654399672,15663.508900424891,287820
2018-01-03,16148.662109375,16171.764630275393,15802.124295869098,15802.124295869098,278380
2018-01-04,16033.150390625,16171.76552368516,15571.099947091136,15571.099947091136,156840
2018-01-05,15755.9208984375,16171.766318044354,15709.715851814515,16171.766318044354,238420
2018-01-08,15709.7138671875,15709.7138671875,15293.86850011489,15617.303785615808,122220
2018-01-09,15709.7138671875,15755.918907973344,15524.893704044116,15524.893704044116,158460
2018-01-10,15986.9423828125,16033.147418600976,15802.122239658598,15848.327275447074,282100
2018-01-11,16125.5595703125,16125.5595703125,15848.32931982002,15986.94444506626,189410
2018-01-12,16726.224609375,16841.737210268475,16148.661604907633,16148.661604907633,859620
2018-01-15,16887.943359375,16957.250924461354,16633.815620725036,16864.84083767955,1472590
2018-01-16,16726.224609375,16887.942250625863,16541.404447945442,16887.942250625863,166570
2018-01-17,16448.998046875,16726.228351035814,16125.562692020716,16726.228351035814,822660
2018-01-18,16541.404296875,16541.404296875,16102.456417488653,16448.99421700419,300280
2018-01-19,16541.404296875,16726.22445661662,16310.379097197976,16541.404296875,324960
2018-01-22,16541.404296875,16541.404296875,16541.404296875,16541.404296875,0
2018-01-23,16541.404296875,16541.404296875,16541.404296875,16541.404296875,0
2018-01-24,16541.404296875,16541.404296875,16541.404296875,16541.404296875,0
2018-01-25,15155.25390625,16079.354754192073,15155.25390625,15963.842148199314,504340
2018-01-26,15940.73828125,16171.763473731884,14924.22743432971,14924.22743432971,140810
2018-01-29,15016.6416015625,16264.177980769233,15016.6416015625,15524.89716346154,383020
2018-01-30,15709.7138671875,15709.7138671875,15016.638255399816,15016.638255399816,241160
2018-01-31,15293.8681640625,15617.30344245657,15247.663124291916,15247.663124291916,193630
2018-02-01,15247.6650390625,15501.79278971354,15247.6650390625,15247.6650390625,339560
2018-02-02,15455.5888671875,15571.101489513265,15293.871195931426,15478.691391652652,242400
2018-02-05,15386.279296875,15524.894425675677,15201.459125140766,15455.586861275338,292720
2018-02-06,15247.6650390625,15386.280175781249,14369.769173177085,15386.280175781249,222270
2018-02-07,15247.6650390625,15478.690266927082,15178.357470703124,15478.690266927082,144820
2018-02-08,14785.6123046875,15455.585362243652,14646.997189331056,15201.457650756836,153730
2018-02-09,14323.564453125,14785.61491935484,13861.51398689516,14369.769499747985,263780
2018-02-12,14323.564453125,15016.640152469758,14323.564453125,14323.564453125,206140
2018-02-13,14785.6123046875,15016.637496948242,14323.561920166016,14739.407266235352,111540
2018-02-14,14785.6123046875,14785.6123046875,14785.6123046875,14785.6123046875,0
2018-02-15,14785.6123046875,14785.6123046875,14785.6123046875,14785.6123046875,0
2018-02-16,14785.6123046875,14785.6123046875,14785.6123046875,14785.6123046875,0
2018-02-19,14785.6123046875,14785.6123046875,14785.6123046875,14785.6123046875,0
2018-02-20,14785.6123046875,14785.6123046875,14785.6123046875,14785.6123046875,0
2018-02-21,14693.205078125,14878.02526778695,14647.000030709512,14878.02526778695,105190
2018-02-22,15247.6650390625,15663.51044921875,14346.666650390624,14346.666650390624,402440
2018-02-23,15663.5107421875,15755.920835061765,15386.280463564714,15386.280463564714,247580
2018-02-26,15478.69140625,16125.562091884329,15478.69140625,16125.562091884329,182690
2018-02-27,14785.6123046875,15478.687881469728,14693.202227783204,15247.662689208984,325190
2018-02-28,14785.6123046875,14785.6123046875,14785.6123046875,14785.6123046875,0
2018-03-01,14554.587890625,14785.613095238094,14369.767726934522,14600.792931547618,390670
2018-03-02,14554.587890625,14785.613095238094,14369.767726934522,14785.613095238094,149850
2018-03-05,14554.587890625,14739.408054315476,14323.562686011905,14739.408054315476,194840
2018-03-06,14323.564453125,14623.897256174394,14092.53922001008,14623.897256174394,196910
2018-03-07,14369.7666015625,14554.58675077874,14277.35652695438,14277.35652695438,289340
2018-03-08,14000.1279296875,14600.793484426567,14000.1279296875,14600.793484426567,551380
2018-03-09,13676.6904296875,14000.125676335514,13676.6904296875,14000.125676335514,582400
2018-03-12,13538.076171875,13722.896324392064,13468.7686146811,13676.6912862628,669800
2018-03-13,14323.564453125,14323.564453125,13491.87361391129,13538.078660534276,138520
2018-03-14,13861.5126953125,14346.665639648438,13722.897568359374,14323.563118489585,502900
2018-03-15,14415.974609375,14415.974609375,13884.616570888422,14000.12918795072,291830
2018-03-16,14392.8720703125,14554.589734023875,14231.154406601125,14485.282163861855,478480
2018-03-19,14415.974609375,14600.79479667468,14392.87208596254,14392.87208596254,280420
2018-03-20,14092.537109375,14415.972387295082,14000.127029969262,14415.972387295082,1064950
2018-03-21,14369.7666015625,14508.38171347468,13907.716228521906,13907.716228521906,704930
2018-03-22,14323.564453125,14369.769499747985,14277.359406502015,14369.769499747985,481230
2018-03-23,14323.564453125,14369.769499747985,14184.949313256047,14277.359406502015,1521580
2018-03-26,14323.564453125,14323.564453125,14231.154359879032,14277.359406502015,928950
2018-03-27,14323.564453125,14323.564453125,14277.359406502015,14277.359406502015,196020
2018-03-28,14231.1533203125,14323.563406808036,14231.1533203125,14323.563406808036,519620
2018-03-29,14254.255859375,14277.358381027148,14231.153337722852,14231.153337722852,923920
2018-03-30,14231.1533203125,14231.1533203125,14138.743233816964,14231.1533203125,742460
2018-04-02,14254.255859375,14323.563424331442,14231.153337722852,14323.563424331442,541780
2018-04-03,14254.255859375,14323.563424331442,14184.948294418557,14323.563424331442,1069050
2018-04-04,14231.1533203125,14323.563406808036,14208.050798688617,14231.1533203125,700150
2018-04-05,15224.5625,15224.5625,14415.974203338392,14785.614567526556,385890
2018-04-06,15247.6650390625,15940.74072265625,15224.56251627604,15940.74072265625,386470
2018-04-09,14693.205078125,15386.280789357312,14647.000030709512,15247.665647110847,241280
2018-04-10,14462.1787109375,14785.614017571885,14369.768623327676,14785.614017571885,641090
2018-04-11,14462.1787109375,15016.639236596446,14369.768623327676,14462.1787109375,339890
2018-04-12,14785.6123046875,14878.022381591798,14369.766958618164,14646.997189331056,217470
2018-04-13,14600.7939453125,14878.024210096915,14577.691423247134,14785.614121835444,218470
2018-04-16,14623.892578125,14716.302641809834,14346.662387070495,14346.662387070495,353540
2018-04-17,14600.7939453125,14646.998989443236,14577.691423247134,14623.896467377868,464610
2018-04-18,14646.99609375,14739.406163742113,14600.791058753945,14600.791058753945,450700
2018-04-19,14739.4091796875,14924.229357489225,14646.999090786638,14646.999090786638,588290
2018-04-20,14901.125,15201.457751937984,14623.89476744186,14878.022480620157,273800
2018-04-23,14092.537109375,14924.22782402664,14092.537109375,14901.125304175204,213160
2018-04-24,14785.6123046875,14924.227420043946,13907.71657409668,13907.71657409668,336940
2018-04-25,14785.6123046875,14785.6123046875,14785.6123046875,14785.6123046875,0
2018-04-26,14646.99609375,14785.61119873817,14554.586023757884,14785.61119873817,436400
2018-04-27,14554.587890625,14785.613095238094,14462.17780877976,14739.408054315476,201360
2018-04-30,14554.587890625,14554.587890625,14554.587890625,14554.587890625,0
2018-05-01,14554.587890625,14554.587890625,14554.587890625,14554.587890625,0
2018-05-02,14346.6630859375,14762.508392776268,14346.6630859375,14762.508392776268,301760
2018-05-03,14346.6630859375,14346.6630859375,14046.330364331723,14277.355534797704,471840
2018-05-04,14069.435546875,14415.9733682266,14000.12798260468,14415.9733682266,651340
2018-05-07,14138.7451171875,14508.385512408087,14069.43754308364,14323.565314797794,332890
2018-05-08,14254.255859375,14600.793684157212,14138.743251114262,14323.563424331442,1503690
2018-05-09,14392.8720703125,14739.409921122591,14369.76954692516,14739.409921122591,512710
2018-05-10,14554.587890625,14693.203013392857,14392.870247395833,14392.870247395833,228360
2018-05-11,14508.3818359375,14554.58687363157,14092.536496690884,14554.58687363157,412640
2018-05-14,14577.69140625,14716.306538480589,14531.486362173138,14693.204016442156,424730
2018-05-15,14646.99609375,14739.406163742113,14554.586023757884,14670.098611248028,271880
2018-05-16,14646.99609375,14739.406163742113,14554.586023757884,14554.586023757884,321490
2018-05-17,14646.998046875,14770.2892762258,14646.998046875,14696.31453861532,501450
2018-05-18,14597.6796875,14745.62914379223,14449.730231207772,14745.62914379223,366010
2018-05-21,13907.248046875,14646.995283410904,13808.615082003544,14622.33704219304,509310
2018-05-22,13315.4521484375,13857.933532262732,12970.2367223669,13857.933532262732,656470
2018-05-23,13414.0859375,13562.035414751836,13315.45295266544,13315.45295266544,287560
2018-05-24,13414.0859375,13636.010153377758,13340.11119887408,13414.0859375,509620
2018-05-25,13364.7705078125,14055.201456555582,13315.45401147371,13414.087004151292,574100
2018-05-28,13315.4521484375,13512.71810619213,13167.502680121528,13315.4521484375,386050
2018-05-29,13562.037109375,13611.353607954545,13167.505120738637,13315.454616477273,253590
2018-05-30,13660.669921875,13857.935913526624,13438.745681266922,13562.036926049188,340860
2018-05-31,13981.224609375,14055.199342757936,13709.983920304234,13709.983920304234,193930
2018-06-01,13931.908203125,14153.832404590708,13931.908203125,13981.2246923396,284050
2018-06-04,13981.224609375,14104.515831679895,13685.325675843254,13931.908120453045,255480
2018-06-05,14153.8310546875,14351.096992731926,13981.22335889863,13981.22335889863,434440
2018-06-06,14696.3154296875,14794.94841914849,14178.492235017302,14375.758213939282,630840
2018-06-07,14597.6796875,15189.47751266892,14548.363202069257,14942.895085515203,718550
2018-06-08,14301.7822265625,14573.022923962822,14203.149245689654,14400.415207435344,286620
2018-06-11,14375.7578125,14548.365539236707,14203.150085763296,14301.783072469983,81650
2018-06-12,14351.0986328125,14375.75687788606,14203.149162371134,14301.78214266538,314390
2018-06-13,14301.7822265625,14351.098716998922,14301.7822265625,14351.098716998922,123580
2018-06-14,14400.4169921875,14449.733488736088,14301.783999090325,14326.44224736462,295150
2018-06-15,14745.6298828125,14794.946370714884,14499.047443300586,14499.047443300586,347820
2018-06-18,14499.046875,14942.895248724491,14499.046875,14794.945790816328,326380
2018-06-19,14400.4169921875,14696.315971479024,13981.226771524509,14499.049985284675,466320
2018-06-20,14449.7314453125,14548.364424461392,14252.46548701472,14400.414955738055,124780
2018-06-21,14449.7314453125,14597.680914035836,14351.09846616361,14449.7314453125,114690
2018-06-22,14597.6796875,14696.312658361489,14474.388473923142,14499.046716638511,241060
2018-06-25,14696.3154296875,14868.92316124423,14622.340687591755,14622.340687591755,232690
2018-06-26,14622.33984375,14696.314581576728,14425.073876212056,14696.314581576728,95400
2018-06-27,14622.33984375,14696.314581576728,14499.048614038786,14573.023351865511,259940
2018-06-28,14449.7314453125,14597.680914035836,14301.781976589164,14548.364424461392,180550
2018-06-29,14351.0986328125,14499.048103253866,14277.123897591817,14351.0986328125,358000
2018-07-02,14351.0986328125,14425.073368033183,14055.199691929767,14400.415122959625,275120
2018-07-03,14252.46875,14400.418252595156,14104.519247404844,14400.418252595156,475010
2018-07-04,14942.8955078125,14942.8955078125,14252.464692270009,14375.755909331168,263010
2018-07-05,14499.046875,14844.262276785716,14499.046875,14794.945790816328,512890
2018-07-06,14597.6796875,14646.996172930743,14449.730231207772,14548.363202069257,204920
2018-07-09,14745.6298828125,14893.57934651965,14696.313394910116,14794.946370714884,234860
2018-07-10,14942.8955078125,14967.553751224732,14696.313073690182,14770.287803926876,965140
2018-07-11,14893.578125,14942.894608857616,14794.945157284768,14942.894608857616,397030
2018-07-12,14696.3154296875,14893.58140860948,14597.68244022651,14893.58140860948,791450
2018-07-13,14338.2646484375,14827.996647814873,14311.057315138758,14691.95998132116,353600
2018-07-16,14419.888671875,14419.888671875,14147.815300707549,14311.05932340802,189900
2018-07-17,14338.2646484375,14419.88664833373,14256.642648541272,14419.88664833373,215290
2018-07-18,14583.1328125,14746.376836520523,14256.644764458955,14283.85210179571,293940
2018-07-19,14501.5107421875,14800.791451688554,14419.888730505394,14583.132753869606,313450
2018-07-20,14147.8125,14501.5078125,14147.8125,14501.5078125,404320
2018-07-23,14664.7568359375,14664.7568359375,14147.817355635436,14147.817355635436,104980
2018-07-24,14664.7568359375,14664.7568359375,14664.7568359375,14664.7568359375,0
2018-07-25,14256.64453125,14392.681215708491,14147.815183683208,14202.229857466604,167650
2018-07-26,14365.47265625,14365.472656250002,14147.813979640152,14202.228648792614,294030
2018-07-27,14474.302734375,14528.71740630874,14229.436710673166,14365.47339050752,227840
2018-07-30,14746.376953125,14746.376953124998,14501.510915157978,14501.510915157978,405040
2018-07-31,14773.5849609375,14855.206977296271,14637.548267006216,14855.206977296271,368840
2018-08-01,14691.962890625,14800.79224537037,14637.548213252314,14800.79224537037,210060
2018-08-02,14664.7568359375,14746.378859143088,14555.92747166338,14583.13481273191,123820
2018-08-03,14800.791015625,14855.20568847656,14610.33966064453,14691.961669921871,153020
2018-08-06,14746.376953125,14909.620978436344,14691.962278021218,14855.206303332565,205970
2018-08-07,14419.888671875,14855.206065742925,14419.888671875,14773.58405439269,272170
2018-08-08,14691.962890625,14746.377567997684,14419.889503761571,14419.889503761571,134960
2018-08-09,14691.962890625,14800.79224537037,14583.13353587963,14691.962890625,112150
2018-08-10,14691.962890625,14691.962890625,14528.718858506943,14691.962890625,82360
2018-08-13,14501.5107421875,14691.96210277908,14474.30340496013,14691.96210277908,148760
2018-08-14,14447.0947265625,14583.13140007062,14419.887391860875,14583.13140007062,66260
2018-08-15,14474.302734375,14583.13207824248,14419.88806244126,14583.13207824248,45590
2018-08-16,14365.47265625,14447.094659978697,14283.850652521309,14419.887325402464,121980
2018-08-17,14365.47265625,14474.301994554926,14175.021314216385,14474.301994554926,37390
2018-08-20,14365.47265625,14365.472656250002,14311.05798709754,14365.472656250002,61300
2018-08-21,14256.64453125,14419.888552600192,14147.815183683208,14175.022520574905,153040
2018-08-22,14283.8525390625,14311.059877232145,14147.815848214286,14256.645200892855,82270
2018-08-23,14501.5107421875,14528.718079414868,14283.85204436855,14283.85204436855,83400
2018-08-24,14392.6796875,14419.887021502836,14311.057685491493,14338.265019494327,23880
2018-08-27,14365.47265625,14447.094659978697,14365.472656250002,14392.679990826233,69280
2018-08-28,14583.1328125,14583.132812500002,14338.266776469218,14365.47411380597,138210
2018-08-29,14419.888671875,14583.132694575472,14419.888671875,14583.132694575472,43850
2018-08-30,14392.6796875,14447.094355505673,14338.265019494327,14419.887021502836,71650
2018-08-31,14447.0947265625,14610.338734772246,14365.472722457624,14610.338734772246,59380
2018-09-03,14447.0947265625,14447.094726562498,14447.094726562498,14447.094726562498,0
2018-09-04,14365.47265625,14447.094659978697,14365.472656250002,14419.887325402464,40800
2018-09-05,14311.05859375,14474.302608127377,14256.643922290874,14365.473265209126,153340
2018-09-06,14202.228515625,14338.265187230603,14147.81384698276,14202.228515625,251670
2018-09-07,14365.47265625,14365.472656250002,14256.643317945076,14256.643317945076,86360
2018-09-10,14311.05859375,14528.7172795865,14311.05859375,14474.302608127377,61810
2018-09-11,14365.47265625,14447.094659978697,14311.05798709754,14338.26532167377,139520
2018-09-12,14800.791015625,14827.99835205078,14528.717651367186,14528.717651367186,620440
2018-09-13,15344.9365234375,15480.97319474457,14800.78983820922,14800.78983820922,672060
2018-09-14,15100.0712890625,15344.937309966215,14964.034610782655,15344.937309966215,366720
2018-09-17,14909.6220703125,15100.073447123064,14800.792712135037,15100.073447123064,247590
2018-09-18,15236.1064453125,15290.521111188616,14746.374452427455,14964.03311593192,440380
2018-09-19,16041.033203125,16271.01217377912,15926.043717797938,16041.033203124998,428870
2018-09-20,16162.5556640625,16405.601613898027,16010.651945415297,16405.601613898027,332420
2018-09-21,15615.7060546875,16071.417320874876,15615.706054687498,16041.03656979572,720600
2018-09-24,15797.986328125,16162.555243389425,15797.986328124998,15797.986328124998,124970
2018-09-25,15797.986328125,16041.032271634616,15767.605585186297,15858.747814002403,158890
2018-09-26,16071.412109375,16162.554333057657,15767.60469709948,15797.98543832703,365460
2018-09-27,16010.654296875,16192.938786023484,15980.273548683588,16101.796541449245,180120
2018-09-28,16010.654296875,16284.081030597725,15980.273548683588,16041.035045066415,333790
2018-10-01,15858.7529296875,16041.037446120688,15797.99142420977,15980.27594064296,252670
2018-10-02,15797.986328125,15919.509299879806,15797.986328124998,15797.986328124998,137100
2018-10-03,15858.7529296875,15919.514435165229,15706.849165993175,15797.99142420977,130250
2018-10-04,15858.7529296875,16101.79895159842,15828.372176948636,16101.79895159842,121540
2018-10-05,15767.609375,15889.132375963392,15767.609375000002,15889.132375963392,274300
2018-10-08,16223.3212890625,16405.60579792837,15737.229265420176,15797.990768375466,500760
2018-10-09,16041.033203125,16314.459905450994,15949.890969016336,16314.459905450994,73280
2018-10-10,15858.7529296875,16101.79895159842,15797.99142420977,16101.79895159842,127380
2018-10-11,15311.8955078125,15737.22593858507,15311.8955078125,15737.22593858507,424050
2018-10-12,15737.2255859375,15737.2255859375,15129.610698449564,15190.372187198358,133700
2018-10-15,15403.0400390625,15797.989783653848,15342.278539894602,15797.989783653848,105040
2018-10-16,15554.94140625,15615.702896118164,15494.179916381836,15615.702896118164,59220
2018-10-17,15676.4658203125,15797.988811167634,15615.704324884931,15615.704324884931,76010
2018-10-18,15433.4169921875,15767.605155404157,15372.655507966288,15676.462929072342,146080
2018-10-19,15129.6123046875,15494.181275884788,15129.612304687498,15342.277537885917,113070
2018-10-22,14521.99609375,15190.372483002093,14400.473113885984,15129.610993070084,353790
2018-10-23,14461.234375,14613.138097426472,14339.711397058823,14461.234375000002,190190
2018-10-24,14370.0927734375,14461.235010901162,14278.950535973836,14370.092773437498,138730
2018-10-25,14795.423828125,14795.423828125,13975.143656955852,14096.666645277208,699080
2018-10-26,14643.5185546875,14795.422274134466,14613.137810798107,14613.137810798107,96200
2018-10-29,14643.5185546875,14643.5185546875,14461.23409135114,14582.757066908713,48930
2018-10-30,14643.5185546875,14704.280042466286,14278.94962801478,14521.995579129927,63780
2018-10-31,14977.70703125,14977.707031250002,14582.757352941178,14582.757352941178,110610
2018-11-01,15038.4697265625,15129.611967329543,14582.758522727272,15008.088979640152,102500
2018-11-02,15008.0888671875,15159.99260066106,15008.088867187502,15159.99260066106,32720
2018-11-05,15129.6123046875,15311.896790286144,15008.089314288402,15099.231557087724,25190
2018-11-06,15129.6123046875,15251.135295086597,15068.85080948795,15190.373799887047,75110
2018-11-07,15099.2314453125,15190.373687437122,15099.2314453125,15190.373687437122,57730
2018-11-08,15190.373046875,15251.1345390625,15068.8500625,15190.373046875,106120
2018-11-09,15463.7998046875,15554.942043222003,15190.373089083989,15190.373089083989,182810
2018-11-12,15615.7060546875,15615.706054687498,15190.37553957928,15311.898543895912,80440
2018-11-13,15372.6591796875,15463.801427788414,15190.374683485672,15190.374683485672,9590
2018-11-14,15494.18359375,15554.945098039216,15372.660585171569,15463.802841605391,120720
2018-11-15,15585.32421875,15585.32421875,15433.420473927876,15494.181971856726,48040
2018-11-16,15372.6591796875,15585.3244252563,15251.136182219614,15585.3244252563,39790
2018-11-19,15403.0400390625,15433.42078864645,15281.517040726703,15372.659289478552,28080
2018-11-20,15524.560546875,15524.560546875,15403.03756803449,15494.179802164872,43660
2018-11-21,15554.94140625,15676.464385986328,15068.849487304688,15068.849487304688,64700
2018-11-22,15372.6591796875,15554.943675889328,15372.6591796875,15554.943675889328,3770
2018-11-23,15190.373046875,15494.1805078125,15190.373046875,15372.6575234375,23820
2018-11-26,15433.4169921875,15494.17847640871,15190.371055302656,15190.371055302656,69510
2018-11-27,15433.4169921875,15494.17847640871,15372.655507966288,15372.655507966288,66690
2018-11-28,15494.18359375,15494.18359375,15311.899080882353,15403.041337316175,62400
2018-11-29,15433.4169921875,15554.93996062992,15403.036250076892,15554.93996062992,26260
2018-11-30,15433.4169921875,15433.4169921875,15372.655507966288,15372.655507966288,13090
2018-12-03,15676.4658203125,15676.465820312498,15433.419838602227,15433.419838602227,136400
2018-12-04,15554.94140625,15676.464385986328,15494.179916381836,15676.464385986328,42610
2018-12-05,15524.560546875,15554.941291585126,15372.656823324363,15494.179802164872,38910
2018-12-06,15372.6591796875,15615.70517462327,15372.6591796875,15524.562926522356,107540
2018-12-07,15858.7529296875,15858.7529296875,15311.899380387931,15311.899380387931,235040
2018-12-10,15585.32421875,15858.750959429826,15585.32421875,15858.750959429826,7540
2018-12-11,15615.7060546875,15676.467556845815,15494.183050370864,15554.94455252918,15510
2018-12-12,15615.7060546875,15615.706054687498,15615.706054687498,15615.706054687498,0
2018-12-13,15889.1298828125,15919.51062828633,15615.70317354804,15676.4646644957,244850
2018-12-14,15889.1298828125,15919.51062828633,15676.4646644957,15889.129882812502,124890
2018-12-17,15615.7060546875,15858.752063320768,15615.706054687498,15858.752063320768,23350
2018-12-18,15494.18359375,15494.18359375,15311.899080882353,15494.18359375,56160
2018-12-19,15433.4169921875,15858.747381735971,15433.4169921875,15615.70144485113,140190
2018-12-20,15615.7060546875,15615.706054687498,15433.421548212547,15433.421548212547,144800
2018-12-21,15403.0400390625,15524.5630373983,15311.897790310652,15403.040039062502,82000
2018-12-24,15342.2763671875,15403.03785775062,15281.514876624382,15403.03785775062,60500
2018-12-25,15311.8955078125,15372.656997922868,15008.088057260666,15342.276252867685,68820
2018-12-26,15220.75390625,15463.799876808882,15190.37315993014,15190.37315993014,80480
2018-12-27,15661.9365234375,15724.962424940268,15567.397671183351,15567.397671183351,130670
2018-12-28,15661.9365234375,15661.9365234375,15661.9365234375,15661.9365234375,0
2018-12-31,15661.9365234375,15661.9365234375,15661.9365234375,15661.9365234375,0
2019-01-01,15661.9365234375,15661.9365234375,15661.9365234375,15661.9365234375,0
2019-01-02,15567.396484375,15756.474174468623,15567.396484375,15567.396484375,90740
2019-01-03,16008.5771484375,16008.577148437502,15598.908835583785,15693.447677011563,136410
2019-01-04,16323.705078125,16386.73096645753,15819.497971464769,15882.523859797297,373300
2019-01-07,16323.705078125,16386.73096645753,15945.549748129826,16386.73096645753,96180
2019-01-08,16071.603515625,16323.707100183825,15977.06467141544,16323.707100183825,130960
2019-01-09,16512.78515625,16512.78515625,15977.06502713502,16071.603873449429,454680
2019-01-10,16890.943359375,16890.943359375,16575.813819088155,16701.865635202892,496070
2019-01-11,17300.60546875,17426.657239014115,16859.424272825592,16890.937215391623,407890
2019-01-14,17300.60546875,17332.11841131603,17016.98898565574,17332.11841131603,204580
2019-01-15,17647.25,17647.25,17269.094642857144,17300.607589285715,465040
2019-01-16,17773.302734375,17836.328630596185,17395.14735704787,17647.250941932623,351710
2019-01-17,17332.12109375,17773.302357954544,17016.99161931818,17647.25056818182,197940
2019-01-18,17678.763671875,17773.302515040108,17111.53061288436,17111.53061288436,285210
2019-01-21,18025.404296875,18277.50785347465,17584.22307282561,17773.30074027535,429830
2019-01-22,17521.19921875,18056.91933874775,17521.19921875,18025.406390512588,138160
2019-01-23,17521.19921875,17962.380494042267,17206.06973639838,17521.19921875,91360
2019-01-24,17867.83984375,17930.86573385141,17395.145667989418,17426.658613040123,277290
2019-01-25,18309.0234375,18340.5363866179,17867.8421498494,17867.8421498494,556430
2019-01-28,18277.505859375,18340.53174164871,18088.42821255388,18119.941153690736,432660
2019-01-29,18277.505859375,18403.557623922414,18025.40233028017,18277.505859375,497710
2019-01-30,18340.537109375,18466.588910814004,18088.433506497,18277.5112086555,343710
2019-01-31,18403.560546875,18435.07349301691,18277.508762307363,18277.508762307363,165980
2019-02-01,18403.560546875,18403.560546875,18277.508762307363,18403.560546875,97180
2019-02-04,18403.560546875,18403.560546875,18403.560546875,18403.560546875,0
2019-02-05,18403.560546875,18403.560546875,18403.560546875,18403.560546875,0
2019-02-06,18403.560546875,18403.560546875,18403.560546875,18403.560546875,0
2019-02-07,18403.560546875,18403.560546875,18403.560546875,18403.560546875,0
2019-02-08,18403.560546875,18403.560546875,18403.560546875,18403.560546875,0
2019-02-11,18277.505859375,18592.635270743536,18151.454094827583,18403.557623922414,218400
2019-02-12,18309.0234375,18403.562284853702,18214.4845901463,18277.5104883821,380520
2019-02-13,18529.61328125,18529.61328125,18245.996751434952,18277.50969919218,516280
2019-02-14,18498.1015625,18592.64041205281,18466.588612649062,18561.127462201872,171830
2019-02-15,18529.61328125,18529.61328125,18403.56149022109,18403.56149022109,98310
2019-02-18,18529.61328125,18529.61328125,18529.61328125,18529.61328125,0
2019-02-19,18844.7421875,19411.97522993311,18781.71629389632,19348.94933632943,219360
2019-02-20,18624.154296875,18876.257908338623,18529.61544257614,18781.719054039764,529680
2019-02-21,18277.505859375,18655.66115301724,18151.454094827583,18655.66115301724,461580
2019-02-22,17773.302734375,18309.022852255097,17773.302734375,18151.458111702126,270020
2019-02-25,18277.505859375,18277.505859375,17521.195272090517,17773.298801185345,467330
2019-02-26,18781.716796875,18781.716796875,18277.509634542785,18277.509634542785,768480
2019-02-27,18592.640625,18844.744226694915,18592.640625,18781.718326271184,193150
2019-02-28,18309.0234375,18592.639979561103,18277.5104883821,18592.639979561103,187710
2019-03-01,18403.560546875,18403.560546875,18151.456977739726,18182.96992388164,168610
2019-03-04,17962.380859375,18403.56214364036,17962.380859375,18403.56214364036,301040
2019-03-05,18245.998046875,18403.56279684801,17899.35559693437,17899.35559693437,167140
2019-03-06,18214.484375,18340.536169982697,18056.919631271627,18245.99732374568,95350
2019-03-07,18214.484375,18277.51027249135,17773.303092560553,18277.51027249135,109510
2019-03-08,18214.484375,18214.484375,18214.484375,18214.484375,0
2019-03-11,17584.224609375,18151.45766129032,17489.685767389114,17836.32818800403,256170
2019-03-12,18592.640625,18718.692425847457,17584.226218220338,17899.355720338983,933890
2019-03-13,18403.560546875,18907.767685145547,18372.04760073309,18907.767685145547,217340
2019-03-14,18529.61328125,18561.12622900723,18277.50969919218,18403.56149022109,168810
2019-03-15,18245.998046875,18529.614596826425,17962.381496923575,18529.614596826425,202120
2019-03-18,17678.763671875,18245.99673086564,17647.2507241533,17647.2507241533,406090
2019-03-19,17080.01953125,17836.330359202027,16670.351166109318,17773.304456872695,657530
2019-03-20,17647.25,18214.48303571429,16922.45223214286,16922.45223214286,333600
2019-03-21,17332.12109375,17899.35414772727,17332.12109375,17899.35414772727,126790
2019-03-22,17332.12109375,17395.146988636363,17080.017514204545,17080.017514204545,83620
2019-03-25,16827.9140625,17016.991748595505,16764.88816713483,17016.991748595505,198190
2019-03-26,16859.427734375,17143.044275700937,16701.862989193927,16733.37593823014,76880
2019-03-27,17143.044921875,17300.609672995175,16890.94132008272,16953.96722053079,20240
2019-03-28,16985.48046875,17332.12292729592,16985.48046875,17143.045222634508,76250
2019-03-29,17016.9921875,17206.069878472223,17016.9921875,17016.9921875,43440
2019-04-01,16985.48046875,17206.07112418831,16922.454567196197,17143.045222634508,57590
2019-04-02,17080.01953125,17174.558384744003,16985.480677755997,17016.993628920663,58130
2019-04-03,17016.9921875,17016.9921875,16827.914496527777,16953.96629050926,109350
2019-04-04,16890.943359375,17143.04699160448,16890.943359375,17143.04699160448,77860
2019-04-05,17143.044921875,17206.07082232307,16859.428369858684,16890.94132008272,128200
2019-04-08,17143.044921875,17269.096722771137,17111.531971650966,17237.583772547103,93960
2019-04-09,17080.01953125,17269.097238238006,16890.941824261994,17143.045433579337,44680
2019-04-10,16796.40234375,17016.99299366792,16701.86349378518,17016.99299366792,62840
2019-04-11,16985.48046875,16985.48046875,16764.88981331169,16796.40276408859,81550
2019-04-12,16985.48046875,17016.9934195269,16701.863911757886,16985.48046875,43800
2019-04-15,16985.48046875,16985.48046875,16985.48046875,16985.48046875,0
2019-04-16,17206.0703125,17206.0703125,16701.86312385531,16827.914921016483,153460
2019-04-17,17269.09765625,17269.09765625,17080.01994468522,17269.09765625,250360
2019-04-18,16859.427734375,17143.044275700937,16701.862989193927,17143.044275700937,131770
2019-04-19,16701.86328125,16953.96687794811,16701.86328125,16953.96687794811,248630
2019-04-22,16764.88671875,17016.99027843045,16701.860828829886,16701.860828829886,64640
2019-04-23,16764.88671875,16859.425553630168,16701.860828829886,16701.860828829886,91310
2019-04-24,16859.427734375,16859.427734375,16764.888887266356,16764.888887266356,61090
2019-04-25,16985.48046875,16985.48046875,16859.428665642394,16859.428665642394,61620
2019-04-26,17111.529296875,17111.529296875,16985.47751568255,17016.99046098066,105730
2019-04-29,17111.529296875,17111.529296875,17111.529296875,17111.529296875,0
2019-04-30,17111.529296875,17111.529296875,17111.529296875,17111.529296875,0
2019-05-01,17111.529296875,17111.529296875,17111.529296875,17111.529296875,0
2019-05-02,17143.044921875,17332.12262321921,17080.019021426928,17206.07082232307,140510
2019-05-03,17016.9921875,17269.095775462964,17016.9921875,17143.04398148148,73900
2019-05-06,16859.427734375,17016.992479556076,16733.37593823014,17016.992479556076,69840
2019-05-07,16890.943359375,16922.456313403687,16701.865635202892,16859.430405346317,55550
2019-05-08,16890.943359375,16890.943359375,16701.865635202892,16890.943359375,63630
2019-05-09,17016.9921875,17237.58282696759,16764.888599537036,16890.94039351852,75570
2019-05-10,16922.455078125,17016.993933310056,16922.455078125,17016.993933310056,32990
2019-05-13,17016.9921875,17143.04398148148,16922.453342013887,16922.453342013887,144770
2019-05-14,16890.943359375,17080.021083547108,16859.430405346317,17016.99517548974,121940
2019-05-15,17678.763671875,17867.841358205213,16890.93997883244,17016.99176971925,884100
2019-05-16,17584.224609375,17678.763451360886,17552.71166204637,17647.250504032258,137090
2019-05-17,17773.302734375,18245.99695603391,17584.225045711435,17584.225045711435,415540
2019-05-20,17710.27734375,17773.303241770464,17458.17375166815,17773.303241770464,388470
2019-05-21,17993.89453125,18151.45928196147,17584.226179400175,17710.277979969353,899870
2019-05-22,17678.763671875,18245.99673086564,17678.763671875,17993.893149092022,464720
2019-05-23,17678.763671875,17899.354305926918,17584.224828709892,17678.763671875,244700
2019-05-24,17458.171875,17867.840168095667,17458.171875,17647.24954873646,187380
2019-05-27,17143.044921875,17458.174424115346,17143.044921875,17300.609672995175,216170
2019-05-28,17300.60546875,17647.247836976323,17143.040755919854,17143.040755919854,168690
2019-05-29,17332.12109375,17647.25056818182,17300.60814630682,17615.737620738633,111820
2019-05-30,17143.044921875,17332.12262321921,17143.044921875,17332.12262321921,124750
2019-05-31,17016.9921875,17269.095775462964,17016.9921875,17016.9921875,166360
2019-06-03,17016.9921875,17016.9921875,16733.375651041664,16733.375651041664,133750
2019-06-04,16922.455078125,17080.01983676676,16796.40327121159,16827.916222939944,272100
2019-06-05,16922.455078125,17080.01983676676,16764.890319483242,17080.01983676676,113700
2019-06-06,16953.96484375,16985.477789556226,16890.938952137545,16922.451897943774,50390
2019-06-07,17111.529296875,17269.09402336556,16922.451625086327,17016.99046098066,84590
2019-06-10,17143.044921875,17300.609672995175,17016.99312097886,17300.609672995175,100320
2019-06-11,17080.01953125,17143.045433579337,17016.993628920663,17143.045433579337,138290
2019-06-12,17080.01953125,17206.071335908673,17016.993628920663,17206.071335908673,136670
2019-06-13,16701.86328125,17080.018676297168,16701.86328125,17016.99277712264,301740
2019-06-14,16796.40234375,17016.99299366792,16701.86349378518,17016.99299366792,190890
2019-06-17,16922.455078125,16985.480981581706,16827.916222939944,16922.455078125,196890
2019-06-18,17016.9921875,17016.9921875,16859.427445023146,16859.427445023146,249780
2019-06-19,17080.01953125,17269.097238238006,17016.993628920663,17111.532482414666,342450
2019-06-20,17111.529296875,17206.06813276934,17048.503406278774,17080.016351576887,32080
2019-06-21,16701.86328125,17237.58342423349,16701.86328125,17237.58342423349,276490
2019-06-24,17080.01953125,17111.532482414666,16764.89001960332,16890.941824261994,171070
2019-06-25,17016.9921875,17174.55692997685,16985.479239004628,17080.01808449074,70120
2019-06-26,16953.96484375,17016.990735362455,16890.938952137545,16890.938952137545,158580
2019-06-27,16859.427734375,17016.992479556076,16827.914785338784,16922.453632447432,88530
2019-06-28,16827.9140625,17016.991748595505,16796.401114817414,16953.965853230337,89360
2019-07-01,16953.96484375,17048.50368116868,16922.451897943774,17016.990735362455,150420
2019-07-02,16922.455078125,16985.480981581706,16796.40327121159,16796.40327121159,76510
2019-07-03,16922.455078125,16985.480981581706,16922.455078125,16922.455078125,79410
2019-07-04,17080.01953125,17206.071335908673,16922.45477542666,16922.45477542666,150150
2019-07-05,17143.044921875,17237.583772547103,17080.019021426928,17237.583772547103,70710
2019-07-08,17016.9921875,17143.04398148148,16953.96629050926,17143.04398148148,47570
2019-07-09,17016.9921875,17016.9921875,17016.9921875,17016.9921875,0
2019-07-10,16953.96484375,17080.016626974906,16922.451897943774,16953.96484375,67140
2019-07-11,16890.943359375,17016.99517548974,16827.917451317633,16953.96926743237,86210
2019-07-12,16859.427734375,16953.966581483644,16859.427734375,16953.966581483644,161910
2019-07-15,16796.40234375,16922.454143703093,16796.40234375,16859.428243726546,116960
2019-07-16,16796.40234375,16922.454143703093,16796.40234375,16796.40234375,136800
2019-07-17,16796.40234375,16890.94119371482,16764.889393761725,16890.94119371482,83720
2019-07-18,16733.375,16827.913841807913,16701.8620527307,16796.40089453861,126550
2019-07-19,16638.8359375,16764.887724905304,16607.322990648674,16733.374778053978,384590
2019-07-22,16481.2734375,16575.81229086998,16260.68277963671,16575.81229086998,233380
2019-07-23,16386.73046875,16701.859900841344,16386.73046875,16386.73046875,135960
2019-07-24,16323.705078125,16449.75685479006,16229.166245626206,16449.75685479006,183000
2019-07-25,16323.705078125,16323.705078125,16323.705078125,16323.705078125,0
2019-07-26,16323.705078125,16323.705078125,16323.705078125,16323.705078125,0
2019-07-29,16323.705078125,16323.705078125,16323.705078125,16323.705078125,0
2019-07-30,16323.705078125,16323.705078125,16323.705078125,16323.705078125,0
2019-07-31,16071.603515625,16134.629411764708,15945.551723345588,15945.551723345588,101010
2019-08-01,15945.552734375,16197.656334918478,15945.552734374998,16197.656334918478,50290
2019-08-02,15756.474609375,15945.5523046875,15630.4228125,15945.5523046875,257970
2019-08-05,15724.958984375,15819.497815944387,15630.420152805613,15756.471928231464,180940
2019-08-06,15724.958984375,15724.958984375,15724.958984375,15724.958984375,0
2019-08-07,15283.7783203125,15441.343045264177,15283.7783203125,15409.83010027384,226940
2019-08-08,15283.7783203125,15378.317155283505,15220.75243033183,15252.265375322164,273180
2019-08-09,15283.7783203125,15283.7783203125,15283.7783203125,15283.7783203125,0
2019-08-12,15504.37109375,15630.422891260165,15378.319296239835,15378.319296239835,87950
2019-08-13,15693.447265625,15756.473158258032,15504.369587725903,15567.395480358937,164970
2019-08-14,15630.4228515625,15787.987598050024,15567.396952967489,15787.987598050024,94220
2019-08-15,15504.37109375,15756.474688770326,15252.267498729674,15252.267498729674,217060
2019-08-16,15504.37109375,15504.37109375,15504.37109375,15504.37109375,0
2019-08-19,15504.37109375,15504.37109375,15504.37109375,15504.37109375,0
2019-08-20,15504.37109375,15504.37109375,15504.37109375,15504.37109375,0
2019-08-21,15661.9365234375,15756.47537569165,15630.423572686115,15756.47537569165,314670
2019-08-22,15661.9365234375,15661.9365234375,15567.397671183351,15661.9365234375,129810
2019-08-23,15693.447265625,15882.524943524097,15598.908426675453,15882.524943524097,181640
2019-08-26,15693.447265625,15756.473158258032,15567.395480358937,15630.421372991968,115380
2019-08-27,15724.958984375,15787.984872087927,15693.446040518538,15693.446040518538,99460
2019-08-28,15819.5009765625,16071.60457778262,15661.936225799926,15724.962126104956,108570
2019-08-29,15882.525390625,15882.525390625,15787.986549014138,15819.49949621776,58040
2019-08-30,16071.603515625,16071.603515625,15945.551723345588,15945.551723345588,78280
2019-09-02,16071.603515625,16071.603515625,16071.603515625,16071.603515625,0
2019-09-03,16008.5771484375,16260.68072557825,16008.577148437502,16134.628937007876,94760
2019-09-04,15819.5009765625,16134.630478087647,15819.5009765625,16134.630478087647,65000
2019-09-05,15945.552734375,16134.630434782608,15787.987984035326,15819.50093410326,89480
2019-09-06,15882.525390625,16040.090126643106,15851.01244342138,15945.551285032245,28070
2019-09-09,15945.552734375,16008.578634510868,15819.50093410326,15851.013884171194,81500
2019-09-10,15945.552734375,16040.091584578804,15787.987984035326,15851.013884171194,306870
2019-09-11,15756.474609375,16071.6041015625,15724.961660156252,16071.6041015625,309400
2019-09-12,15787.9873046875,15882.526150823354,15724.9614072636,15756.47435597555,299700
2019-09-13,15756.474609375,15787.987558593752,15693.4487109375,15787.987558593752,147680
2019-09-16,15567.396484375,15787.987122817562,15535.883536026064,15756.474174468623,205290
2019-09-17,15504.37109375,15567.39699250508,15378.319296239835,15567.39699250508,149550
2019-09-18,15504.37109375,15504.37109375,15378.319296239835,15378.319296239835,119650
2019-09-19,15409.8349609375,15441.347915867842,15378.322006007156,15441.347915867842,205180
2019-09-20,14874.1123046875,15409.832451254631,14874.1123046875,15409.832451254631,4619110
2019-09-23,15094.7021484375,15378.318681497913,15063.189200319675,15378.318681497913,166150
2019-09-24,15126.2158203125,15283.780568440756,15094.70287068685,15094.70287068685,166550
2019-09-25,15063.1875,15157.726333682009,14874.109832635982,15000.16161087866,251870
2019-09-26,15157.728515625,15189.241464721934,15000.163770140334,15000.163770140334,405030
2019-09-27,15126.2158203125,15157.728769938152,15063.1899210612,15157.728769938152,262650
2019-09-30,15126.2158203125,15220.754669189451,15063.1899210612,15126.2158203125,488470
2019-10-01,15189.240234375,15220.753180919346,15126.214341286306,15220.753180919346,219130
2019-10-02,15094.7021484375,15220.753940908797,15094.7021484375,15189.24099279097,464680
2019-10-03,15126.2158203125,15126.2158203125,15000.164021809896,15063.1899210612,113600
2019-10-04,14968.650390625,15189.241027960526,14968.650390625,15126.215131578949,341160
2019-10-07,15000.162109375,15031.67505498293,14968.649163767068,14968.649163767068,66820
2019-10-08,15000.162109375,15063.18800059086,14937.136218159138,15000.162109374998,107280
2019-10-09,15031.67578125,15031.67578125,14937.13693985849,14937.13693985849,114540
2019-10-10,14905.625,15063.189746300211,14874.112050739956,15000.163847780126,139670
2019-10-11,14905.625,15000.163847780126,14842.599101479916,15000.163847780126,169940
2019-10-14,14306.8798828125,14937.13890848706,14243.853980245043,14937.13890848706,938150
2019-10-15,14495.9541015625,14527.467045261548,14306.876439368209,14306.876439368209,134870
2019-10-16,14464.4423828125,14685.033007386985,14369.90354370915,14558.981221915848,167490
2019-10-17,14464.4423828125,14558.981221915848,14369.90354370915,14464.4423828125,129200
2019-10-18,14685.03515625,14968.651715061696,14685.03515625,14685.03515625,655540
2019-10-21,14685.03515625,14811.086960166307,14590.496303312768,14779.574009187232,183350
2019-10-22,14685.03515625,14748.061058208155,14558.983352333693,14685.03515625,50730
2019-10-23,14685.03515625,14716.548107229077,14622.009254291845,14685.03515625,116910
2019-10-24,14685.03515625,14716.548107229077,14495.957450375536,14622.009254291845,399310
2019-10-25,14590.49609375,14685.034945329371,14590.49609375,14685.034945329371,107610
2019-10-28,14590.49609375,14590.49609375,14432.93134111771,14590.49609375,171450
2019-10-29,14590.49609375,14653.521994802915,14495.957242170629,14590.49609375,302570
2019-10-30,14495.9541015625,14622.005876358697,14401.415270465352,14590.492932659648,316380
2019-10-31,14495.9541015625,14495.9541015625,14432.928214164402,14464.44115786345,70370
2019-11-01,14558.9814453125,14558.9814453125,14464.442604758522,14527.468498461174,69970
2019-11-04,14495.9541015625,14558.979988960597,14464.44115786345,14527.467045261548,222330
2019-11-05,14590.49609375,14590.49609375,14369.905440064796,14464.44429164417,294940
2019-11-06,14464.4423828125,14590.494168283632,14432.929436444716,14495.955329180282,146270
2019-11-07,14495.9541015625,14495.9541015625,14432.928214164402,14464.44115786345,110210
2019-11-08,14495.9541015625,14495.9541015625,14432.928214164402,14495.9541015625,129910
2019-11-11,14495.9541015625,14590.492932659648,14464.44115786345,14495.9541015625,190960
2019-11-12,14653.5205078125,14685.033455141129,14495.955771169354,14495.955771169354,151870
2019-11-13,14685.03515625,15031.67761701985,14653.522205270923,14653.522205270923,388630
2019-11-14,14716.5458984375,14748.058844686831,14653.52000593884,14748.058844686831,111780
2019-11-15,14653.5205078125,14748.059349798386,14653.5205078125,14748.059349798386,112370
2019-11-18,14622.0087890625,14716.547638991782,14432.931089203932,14685.034689015356,414760
2019-11-19,14495.9541015625,14622.005876358697,14464.44115786345,14622.005876358697,160660
2019-11-20,14495.9541015625,14495.9541015625,14401.415270465352,14495.9541015625,158380
2019-11-21,14306.8798828125,14495.957590514869,14275.366931528772,14495.957590514869,1057190
2019-11-22,14338.3935546875,14432.932413289836,14275.36764895261,14432.932413289836,252530
2019-11-25,14369.9072265625,14432.93313545093,14306.881317674068,14432.93313545093,274600
2019-11-26,14369.9072265625,14653.523816560442,14369.9072265625,14401.420181006715,203930
2019-11-27,14275.3662109375,14432.930959402594,14275.366210937502,14432.930959402594,182060
2019-11-28,14338.3935546875,14338.3935546875,14149.315837482827,14275.36764895261,513680
2019-11-29,14243.853515625,14338.392366392422,14212.340565369192,14338.392366392422,218070
2019-12-02,14180.8271484375,14243.853046875,14086.28830078125,14243.853046875,112400
2019-12-06,14180.8271484375,14212.340097656252,14149.314199218752,14180.827148437502,118510
2019-12-09,14243.853515625,14275.366465880808,14180.827615113383,14180.827615113383,322590
2019-12-10,14180.8271484375,14306.8789453125,14180.827148437502,14243.853046875,266160
2019-12-11,14180.8271484375,14243.853046875,14149.314199218752,14243.853046875,79030
2019-12-12,14117.8017578125,14180.82765851702,14086.28880746024,14149.31470816476,286070
2019-12-13,14117.8017578125,14180.82765851702,14086.28880746024,14180.82765851702,113760
2019-12-16,14117.8017578125,14149.31470816476,14086.28880746024,14149.31470816476,109450
2019-12-17,14149.314453125,14212.340352693484,14086.288553556516,14149.314453125,195780
2019-12-18,13991.75,14180.827702702702,13991.75,14149.314752252252,371130
2019-12-19,14054.7763671875,14086.289318683435,13960.237512699692,13991.750464195628,166550
2019-12-20,13834.1845703125,14054.775212663724,13834.1845703125,14054.775212663724,230130
2019-12-23,13865.697265625,13991.749058948864,13834.184317294032,13865.697265624998,128540
2019-12-24,13613.5927734375,13865.69634331597,13582.07982720269,13865.69634331597,193480
2019-12-25,13645.107421875,13708.133322206986,13613.594471709006,13708.133322206986,97420
2019-12-26,13676.6181640625,13676.6181640625,13582.079328827043,13645.105218984014,33530
2019-12-27,13676.6181640625,13708.131109140984,13613.59227390553,13676.6181640625,108730
2019-12-30,13676.6181640625,14117.79939516129,13676.6181640625,13802.66994437644,420680
2019-12-31,13645.107421875,13865.69807303695,13550.56857137702,13865.69807303695,269690
2020-01-01,13645.107421875,13645.107421875,13645.107421875,13645.107421875,0
2020-01-02,13708.130859375,13739.643803879311,13613.59202586207,13676.61791487069,210040
2020-01-03,13519.0556640625,13676.6204153919,13519.0556640625,13645.10746512602,436480
2020-01-06,13487.541015625,13519.05396192319,13424.515123028625,13519.05396192319,93880
2020-01-07,13487.541015625,13550.56690822138,13393.002176730432,13519.05396192319,167360
2020-01-08,12920.3095703125,13424.516773056404,12920.3095703125,13424.516773056404,547580
2020-01-09,13119.08203125,13185.340021306818,12986.566051136364,13119.08203125,185180
2020-01-10,12589.0185546875,13119.082493832237,12589.0185546875,13119.082493832237,226740
2020-01-13,12191.470703125,12622.14765731148,12125.212710173237,12589.018660835598,272090
2020-01-14,12257.7294921875,12456.503483952703,12125.213497677363,12191.471494932432,102600
2020-01-15,12357.1142578125,12522.759221053951,12257.727279867628,12257.727279867628,137510
2020-01-16,12357.1142578125,12456.501235757372,12257.727279867628,12456.501235757372,138410
2020-01-17,12125.2119140625,12357.11487416752,12125.2119140625,12323.985879866805,223890
2020-01-20,12191.470703125,12257.728696076769,12125.212710173237,12125.212710173237,123860
2020-01-21,12423.3740234375,12423.3740234375,12191.471041666666,12323.98703125,107650
2020-01-22,12622.1484375,12721.535433070869,12390.245447834646,12423.374446358268,126800
2020-01-23,12622.1484375,12622.148437500002,12622.148437500002,12622.148437500002,0
2020-01-24,12622.1484375,12622.148437500002,12622.148437500002,12622.148437500002,0
2020-01-27,12622.1484375,12622.148437500002,12622.148437500002,12622.148437500002,0
2020-01-28,12622.1484375,12622.148437500002,12622.148437500002,12622.148437500002,0
2020-01-29,12622.1484375,12622.148437500002,12622.148437500002,12622.148437500002,0
2020-01-30,13119.08203125,13119.08203125,12589.018110795454,12589.018110795454,486140
2020-01-31,12754.6640625,13218.47002840909,12688.40606737013,13119.083035714286,174620
2020-02-03,12390.24609375,12589.02009525401,11926.44009024064,12589.02009525401,393950
2020-02-04,12589.0185546875,12887.179520456411,12390.244577508223,12887.179520456411,183600
2020-02-05,12754.6640625,12820.92205762987,12589.019074675323,12589.019074675323,213610
2020-02-06,13317.857421875,13317.857421875,12820.922443446829,12854.051442008706,355150
2020-02-07,13616.015625,13715.402600364963,13251.596715328466,13251.596715328466,289610
2020-02-10,13516.630859375,13616.017850988052,13284.727878944546,13616.017850988052,147400
2020-02-11,13847.921875,13914.179874401914,13516.631877990432,13616.018877093302,131460
2020-02-12,14046.6962890625,14179.212291789505,13814.793284290245,13914.180286335495,467170
2020-02-13,13947.30859375,14079.824589890142,13847.921596644892,14046.695590855106,157210
2020-02-14,13914.1796875,13947.308686755952,13582.889694940475,13947.308686755952,225660
2020-02-17,13649.146484375,13914.178454945388,13649.146484375,13914.178454945388,174670
2020-02-18,13483.501953125,13715.40493511978,13384.114960841523,13649.146940264129,273990
2020-02-19,13350.986328125,13549.760318121898,13350.986328125,13350.986328125,146890
2020-02-20,13516.630859375,13549.75985657935,13350.985873353247,13384.114870557598,144240
2020-02-21,13450.373046875,13582.889037484603,13450.373046875,13582.889037484603,196030
2020-02-24,12854.0498046875,13185.33974810728,12721.533827319588,13152.210753765305,456290
2020-02-25,12887.1787109375,12920.30770505302,12589.017763897817,12787.79172859094,613970
2020-02-26,13085.955078125,13119.084078322783,12854.052076740503,12887.18107693829,148650
2020-02-27,13218.4716796875,13350.98768650141,13052.826671170113,13085.955672873592,104660
2020-02-28,13052.8251953125,13185.341187143084,12887.18020552427,13185.341187143084,216630
2020-03-02,13085.955078125,13218.471078916138,13052.826077927217,13052.826077927217,97490
2020-03-03,13185.3408203125,13317.856808456345,13085.953829204616,13085.953829204616,181630
2020-03-05,13185.3408203125,13284.727811420384,13119.082826240578,13251.598814384422,192150
2020-03-06,13185.3408203125,13185.3408203125,13052.824832168655,13052.824832168655,69810
2020-03-09,12522.7607421875,12887.17970558449,12357.115758825232,12887.17970558449,495860
2020-03-10,12854.0498046875,12920.307793371456,12323.98589521585,12456.501872583762,139420
2020-03-11,12721.5361328125,13185.34213765462,12456.504130045572,12920.310134887695,217550
2020-03-12,11959.568359375,12721.535318559556,11893.310362924169,12092.084352276665,373010
2020-03-13,11595.150390625,11926.440401785714,11131.344375,11595.150390625,1023590
2020-03-16,11131.34375,11827.052734375,11131.34375,11827.052734375,579440
2020-03-17,11230.73046875,11263.85946718289,10800.053489122418,10800.053489122418,790680
2020-03-18,11296.9892578125,11595.150264616936,11296.9892578125,11296.9892578125,240330
2020-03-19,11827.0517578125,11926.43874737395,11197.60082392332,11263.858816964286,261650
2020-03-20,11595.150390625,11926.440401785714,11296.989380580357,11827.0533984375,295750
2020-03-23,10833.181640625,11595.148545011469,10833.181640625,11595.148545011469,519200
2020-03-24,10899.439453125,11065.08442961626,10833.181462528495,10899.439453125,368930
2020-03-25,11131.34375,11263.85974702381,10998.82775297619,11131.34375,297110
2020-03-26,11031.9560546875,11197.60104049362,10932.569063203828,11197.60104049362,347300
2020-03-27,11065.0849609375,11164.471951604604,10866.310979603291,11164.471951604604,258190
2020-03-30,10998.828125,11031.957125376506,10601.280120481928,10866.312123493975,318450
2020-03-31,10766.923828125,11230.72977764423,10601.278846153846,10998.826802884616,431170
2020-04-01,10932.5693359375,11031.95632990057,10766.924345999054,10766.924345999054,153810
2020-04-02,10932.5693359375,10932.5693359375,10932.5693359375,10932.5693359375,0
2020-04-03,11296.9892578125,11429.505260836691,10998.828251008064,10998.828251008064,339940
2020-04-06,11992.6982421875,11992.6982421875,11363.247229476,11363.247229476,598430
2020-04-07,12191.470703125,12224.599699600883,11793.922745414404,12058.954717221468,605420
2020-04-08,12191.470703125,12257.728696076769,11860.180738366167,11926.438731317936,417770
2020-04-09,12257.7294921875,12522.76148120777,12191.471494932432,12257.7294921875,561590
2020-04-10,12191.470703125,12323.986689028534,12058.954717221468,12290.85769255265,282990
2020-04-13,12125.2119140625,12257.72789126537,11926.437948258195,12191.469902663934,491220
2020-04-14,12191.470703125,12224.599699600883,12058.954717221468,12125.212710173237,489500
2020-04-15,12323.9873046875,12522.761293472782,12158.342314033098,12257.72930842574,861000
2020-04-16,12589.0185546875,12854.050524259868,12257.728592722038,12323.986585115132,496470
2020-04-17,12522.7607421875,12787.79271556713,12390.244755497684,12754.663718894675,783780
2020-04-20,12721.5361328125,12820.923133850098,12423.375129699709,12522.762130737305,784460
2020-04-21,12953.4365234375,13483.50042209479,12390.24363111413,12721.533567774935,1029750
2020-04-22,13185.3408203125,13417.243799564229,12787.792855880967,12953.437841060771,377270
2020-04-23,13085.955078125,13450.374080300631,13052.826077927217,13450.374080300631,287010
2020-04-24,13682.275390625,13781.662378934623,12953.437476354418,13085.95346076725,724290
2020-04-27,13516.630859375,13947.307823031557,13483.50186217065,13947.307823031557,579440
2020-04-28,13582.890625,13582.890625,13384.116615853658,13516.63262195122,277810
2020-04-29,13616.015625,13881.04755930657,13582.886633211678,13616.015625,338950
2020-04-30,13616.015625,13616.015625,13616.015625,13616.015625,0
2020-05-01,13616.015625,13616.015625,13616.015625,13616.015625,0
2020-05-04,13284.728515625,13549.760505961658,13284.728515625,13417.244510793327,235860
2020-05-05,13218.4716796875,13317.858684797931,13218.4716796875,13251.60068139098,244520
2020-05-06,13384.1142578125,13549.759236250777,13251.598275061882,13251.598275061882,246670
2020-05-07,13350.986328125,13582.889316454715,13284.728331459368,13516.631319789083,245900
2020-05-08,13284.728515625,13417.244510793327,13185.341519248752,13384.115512001246,681200
2020-05-11,13317.857421875,13417.244417560634,13284.72842331312,13284.72842331312,390310
2020-05-12,13847.921875,13881.050874700955,13284.728880083732,13317.85787978469,747160
2020-05-13,14146.0810546875,14212.339045575967,13649.146123024006,13781.662104800937,734180
2020-05-14,13980.4365234375,14179.21050244372,13980.4365234375,14146.081505942682,297450
2020-05-15,13980.4365234375,13980.4365234375,13980.4365234375,13980.4365234375,0
2020-05-18,13980.4365234375,13980.4365234375,13980.4365234375,13980.4365234375,0
2020-05-19,13715.4052734375,13715.4052734375,13483.502285722372,13649.147276947464,392310
2020-05-20,13715.4052734375,13715.4052734375,13715.4052734375,13715.4052734375,0
2020-05-21,13649.146484375,13914.178454945388,13649.146484375,13914.178454945388,178020
2020-05-22,13582.890625,13715.40663109756,13549.76162347561,13715.40663109756,197220
2020-05-25,13914.1796875,13980.437686011905,13516.63169642857,13582.889694940475,564010
2020-05-26,14212.33984375,14212.33984375,13980.43686261655,13980.43686261655,508580
2020-05-27,14212.33984375,14411.113827578672,14179.210846445225,14245.46884105478,615950
2020-05-28,14013.5654296875,14179.210411125889,13914.178440824468,14112.95241855053,218170
2020-05-29,13980.4365234375,14013.565519938536,13847.920537433352,13947.307526936462,320120
2020-06-01,14179.2109375,14212.339935017522,13914.178957359813,13980.43695239486,334020
2020-06-02,14046.6962890625,14377.986295880011,14046.6962890625,14179.212291789505,269520
2020-06-03,14046.6962890625,14179.212291789505,13980.438287698998,14079.825289744253,125710
2020-06-04,13980.4365234375,14179.21050244372,13980.4365234375,14046.694516439573,291600
2020-06-05,14146.0810546875,14146.0810546875,13980.436077466336,13980.436077466336,145940
2020-06-08,14146.0810546875,14146.0810546875,14146.0810546875,14146.0810546875,0
2020-06-09,14146.0810546875,14146.0810546875,14146.0810546875,14146.0810546875,0
2020-06-10,14278.59765625,14377.98464689675,14146.081668720995,14245.468659367749,216230
2020-06-11,13582.890625,14344.857660060976,13582.890625,14179.212652439024,511470
2020-06-12,13682.275390625,13781.662378934623,13251.598441283291,13251.598441283291,370940
2020-06-15,13251.599609375,13748.534594726563,13251.599609375,13715.405595703123,647110
2020-06-16,13450.373046875,13582.889037484603,13317.857056265391,13582.889037484603,306060
2020-06-17,14146.0810546875,14245.4680410202,13450.372150358608,13549.759136691306,414610
2020-06-18,14146.0810546875,14179.210050131736,13847.920095689404,13980.436077466336,350000
2020-06-19,14079.8232421875,14146.081233915442,13947.307258731618,14146.081233915442,435120
2020-06-22,14808.6611328125,14808.6611328125,13914.178245595638,14112.95222053272,721260
2020-06-23,14543.630859375,14874.920856171697,14510.501859695329,14808.662856812356,507350
2020-06-24,14278.59765625,14643.016621954755,14212.339662485498,14477.371637543503,168340
2020-06-25,14344.8564453125,14411.114442750431,14046.6954568418,14046.6954568418,311240
2020-06-26,14510.501953125,14709.275952482876,14245.469953981165,14477.37295323202,307500
2020-06-29,14146.0810546875,14510.500004574063,13715.404113912473,14510.500004574063,263610
2020-06-30,13980.4365234375,14245.468495445792,13914.178530435423,14245.468495445792,189590
2020-07-01,14444.244140625,14444.244140625,13914.180135464449,13980.438136109518,266490
2020-07-02,14411.1142578125,14444.24325610632,14245.46926634339,14278.598264637212,163850
2020-07-03,14609.88671875,14808.660687712583,14377.983754960318,14377.983754960318,273440
2020-07-06,14841.7890625,14841.7890625,14510.499128069196,14609.886108398438,355410
2020-07-07,14808.6611328125,14841.790128635348,14643.016153698269,14841.790128635348,394580
2020-07-08,14841.7890625,14841.7890625,14576.757114955357,14709.273088727678,175840
2020-07-09,14808.6611328125,14841.790128635348,14742.403141166807,14841.790128635348,135120
2020-07-10,14808.6611328125,14808.6611328125,14808.6611328125,14808.6611328125,0
2020-07-13,14742.404296875,14808.66229371489,14643.01730161517,14709.275298455055,266290
2020-07-14,15305.595703125,15504.369673295454,14908.047762784092,15173.079723011364,842990
2020-07-15,15305.595703125,15305.595703125,15305.595703125,15305.595703125,0
2020-07-16,15239.337890625,15305.595881453804,15239.337890625,15239.337890625,183260
2020-07-17,15537.4970703125,15570.626061933635,15106.82017923774,15239.336145722282,528230
2020-07-20,15603.755859375,15868.78780603105,15504.36887937898,15868.78780603105,358100
2020-07-21,15371.85546875,15670.016458445583,15272.468472184806,15636.887459590518,350980
2020-07-22,15305.595703125,15504.369673295454,15239.337713068182,15438.111683238636,369060
2020-07-23,15376.45703125,15730.753276209678,15341.027406754032,15659.894027217742,305480
2020-07-24,14880.4423828125,15305.597879464289,14455.286886160717,15022.160881696427,559390
2020-07-27,14313.5673828125,14738.722849628712,13959.271160465656,14100.989649404391,514600
2020-07-28,14845.0126953125,14880.442319883652,14171.84982846062,14171.84982846062,246620
2020-07-29,14526.146484375,14738.724237804878,14171.850228658535,14738.724237804878,488960
2020-07-30,14526.146484375,14738.724237804878,14455.287233231706,14738.724237804878,88840
2020-07-31,14419.85546875,14597.003570331695,14171.848126535626,14171.848126535626,103520
2020-08-03,14561.572265625,14632.431498061133,14207.276103444345,14207.276103444345,300190
2020-08-04,14880.4423828125,14880.4423828125,14597.005385044644,14809.583133370536,383310
2020-08-05,15341.02734375,15482.745841151847,14809.58297849307,14845.012602843532,432950
2020-08-06,15411.8857421875,15411.8857421875,15128.448763020831,15341.026497395833,524150
2020-08-07,15482.7431640625,15482.7431640625,15270.165454716103,15305.595072940505,529510
2020-08-10,15447.3173828125,15730.754399010892,15447.317382812498,15730.754399010892,248500
2020-08-11,15305.59765625,15518.175401475692,15163.87915943287,15518.175401475692,354300
2020-08-12,15305.59765625,15341.027280454282,15163.87915943287,15305.59765625,190740
2020-08-13,15553.60546875,15589.035093963552,15305.598092255124,15341.027717468678,282700
2020-08-14,15376.45703125,15518.175529233871,15305.597782258064,15518.175529233871,138720
2020-08-17,15376.45703125,15447.316280241936,15270.168157762097,15341.027406754032,105170
2020-08-18,15411.8857421875,15411.8857421875,15341.026497395833,15376.456119791666,149280
2020-08-19,15518.17578125,15518.17578125,15305.598030821917,15305.598030821917,186190
2020-08-20,15553.60546875,15589.035093963552,15482.746218322893,15553.605468749998,171130
2020-08-21,16049.62109375,16085.05072088852,15482.747059533664,15518.176686672185,751450
2020-08-24,16155.908203125,16226.767449629937,15943.330463610198,16155.908203125002,233190
2020-08-25,16014.189453125,16191.337566544524,15943.33020775719,16155.90794386062,205600
2020-08-26,16155.908203125,16155.908203125002,15872.471217105263,15907.900840357732,366610
2020-08-27,16191.337890625,16191.337890625,16014.189773659738,16191.337890625,177290
2020-08-28,16226.767578125,16581.06381345524,16226.767578125,16297.626825191048,263980
2020-08-31,16049.62109375,16226.769229442603,15943.332212334435,16226.769229442603,217370
2020-09-01,16155.908203125,16191.337826377468,15872.471217105263,15943.330463610198,179240
2020-09-02,16155.908203125,16155.908203125002,16155.908203125002,16155.908203125002,0
2020-09-03,16297.6259765625,16297.6259765625,16049.618624745244,16226.76673318614,195400
2020-09-04,16262.197265625,16262.197265624998,16014.1898999183,16014.1898999183,252500
2020-09-07,16120.48046875,16297.62860576923,16049.621213942308,16297.62860576923,114380
2020-09-08,16191.337890625,16191.337890625,16049.619397052791,16085.049020445842,160010
2020-09-09,16226.767578125,16262.197201658024,16120.478707525928,16191.337954591976,120010
2020-09-10,16545.630859375,16616.49009217746,16226.764311763918,16297.62354456638,292120
2020-09-11,16545.630859375,16545.630859375,16545.630859375,16545.630859375,0
2020-09-14,17147.9375,17147.9375,16793.641270661155,16793.641270661155,708330
2020-09-15,16970.7890625,17289.65566283925,16864.50019572025,17254.22604057933,637930
2020-09-16,16864.498046875,16970.786900111605,16829.068429129464,16970.786900111605,119130
2020-09-17,16899.931640625,17006.220518867925,16758.2131363011,16864.502014544025,406430
2020-09-18,16651.923828125,16935.36082945479,16616.494202958776,16899.931204288565,277740
2020-09-21,16651.923828125,16722.783078457447,16581.064577792553,16581.064577792553,121060
2020-09-22,16722.779296875,16793.63853118379,16581.060828257414,16651.92006256621,165770
2020-09-23,16793.640625,16829.07024657173,16722.78138185654,16722.78138185654,115970
2020-09-24,16687.349609375,16864.497694400212,16687.349609375,16829.06807739517,82380
2020-09-25,16722.779296875,16793.63853118379,16545.63121110302,16687.349679720603,76390
2020-09-28,16651.923828125,16793.642328789894,16616.494202958776,16722.783078457447,182870
2020-09-29,16439.345703125,16651.9234492861,16439.345703125,16651.9234492861,234050
2020-09-30,16297.6259765625,16474.774085003395,16297.6259765625,16439.344463315218,129100
2020-10-01,16510.205078125,16510.205078125,16403.91620423149,16439.34582886266,142240
2020-10-02,16439.345703125,16651.9234492861,16297.627205684266,16439.345703125,169460
2020-10-05,16651.923828125,16651.923828125,16403.916451961435,16439.34607712766,192520
2020-10-06,16687.349609375,16864.497694400212,16616.490375364916,16758.208843385084,272190
2020-10-07,16758.21484375,16793.644473440803,16687.355584368393,16722.785214059197,201570
2020-10-08,16722.779296875,16758.208914029397,16545.63121110302,16651.92006256621,182920
2020-10-09,16722.779296875,16758.208914029397,16581.060828257414,16722.779296875,104100
2020-10-12,16439.345703125,16722.782698006464,16439.345703125,16581.064200565732,234810
2020-10-13,16510.205078125,16581.06432738734,16439.34582886266,16439.34582886266,204670
2020-10-14,16439.345703125,16510.204951845364,16297.627205684266,16474.775327485182,311570
2020-10-15,16368.4853515625,16581.063083400975,16297.626107616345,16439.344595508657,112670
2020-10-16,16333.0556640625,16474.774151386253,16333.0556640625,16439.344529555314,141590
2020-10-19,16510.205078125,16581.06432738734,16297.627330337982,16333.056954969152,146080
2020-10-20,16581.064453125,16616.49407802484,16014.190454727564,16014.190454727564,380790
2020-10-21,16333.0556640625,16581.063016879067,16297.626042231564,16581.063016879067,102600
2020-10-22,16155.908203125,16333.056319387337,16120.478579872532,16333.056319387337,264530
2020-10-23,16014.189453125,16297.62643459624,16014.189453125,16297.62643459624,270280
2020-10-26,15872.46875,16191.33530970982,15872.46875,16014.187220982143,191570
2020-10-27,15730.7529296875,15943.330671980577,15659.893682256476,15801.612177118524,146660
2020-10-28,15766.18359375,16368.487236657304,15624.465089536518,15659.894715589888,110550
2020-10-29,15943.328125,15943.328125,15553.60232638889,15659.891180555556,104680
2020-10-30,16085.048828125,16085.048828124998,15872.471090308369,16049.61920515556,79010
2020-11-02,15943.328125,16085.046597222225,15872.468888888889,15872.468888888889,30490
2020-11-03,15943.328125,16049.616979166669,15907.898506944444,15943.328125,72450
2020-11-04,16014.189453125,16014.189453125,15837.041339705474,15837.041339705474,41180
2020-11-05,16014.189453125,16049.619075808903,15907.900585073285,15907.900585073285,100420
2020-11-06,16049.62109375,16120.48034802704,15907.902585195916,16120.48034802704,66440
2020-11-09,16120.48046875,16155.910096153846,16014.191586538462,16049.621213942308,66090
2020-11-10,16368.4853515625,16368.4853515625,16155.907619724028,16155.907619724028,243500
2020-11-11,16403.9140625,16581.062162527,16297.625202483803,16368.484442494602,284980
2020-11-12,16510.205078125,16651.92357664968,16403.91620423149,16403.91620423149,110870
2020-11-13,16439.345703125,16581.064200565732,16333.05683004445,16474.775327485182,125220
2020-11-16,16510.205078125,16581.06432738734,16368.48657960032,16439.34582886266,179300
2020-11-17,16616.490234375,16616.490234375,16368.48291744403,16581.060617670573,156690
2020-11-18,16297.6259765625,16687.35181513247,16262.19635487432,16651.922193444294,336540
2020-11-19,16297.6259765625,16474.774085003395,16262.19635487432,16474.774085003395,201580
2020-11-20,16297.6259765625,16333.05559825068,16155.907489809782,16297.6259765625,119470
2020-11-23,16226.767578125,16368.486072257096,16191.337954591976,16297.626825191048,120210
2020-11-24,16474.7734375,16545.6326780914,16226.766095430108,16262.195715725808,522100
2020-11-25,16403.9140625,16545.6325425216,16368.484442494602,16545.6325425216,90330
2020-11-26,16262.197265625,16439.345383986925,16191.338018280228,16403.91576031454,191140
2020-11-27,16085.048828125,16262.19694297219,16085.048828124998,16262.19694297219,290960
2020-11-30,16155.908203125,16226.767449629937,16049.6193333676,16085.048956620069,317900
2020-12-01,16049.62109375,16155.90997516556,16014.19146661148,16085.05072088852,198210
2020-12-02,16368.4853515625,16368.4853515625,16049.61875380479,16049.61875380479,364580
2020-12-03,16616.490234375,16616.490234375,16368.48291744403,16439.342150852877,903810
2020-12-04,16864.498046875,16864.498046875,16651.920340401786,16651.920340401786,1152380
2020-12-07,17006.216796875,17147.93527018229,16899.92794189453,16935.357560221353,469700
2020-12-08,16793.640625,16864.49986814346,16722.78138185654,16758.21100342827,533010
2020-12-09,16793.640625,16899.92948971519,16722.78138185654,16722.78138185654,724950
2020-12-10,16722.779296875,16899.92738264698,16510.201593948623,16793.63853118379,539320
2020-12-11,16722.779296875,16970.786616955775,16722.779296875,16970.786616955775,358160
2020-12-14,16722.779296875,16793.63853118379,16616.49044541181,16758.208914029397,672470
2020-12-15,16793.640625,17077.07759757384,16581.06289556962,16687.35176028481,989450
2020-12-16,16758.21484375,16970.79262189482,16758.21484375,16899.933362513213,656660
2020-12-17,16616.490234375,16864.49755130597,16616.490234375,16651.919851079423,392080
2020-12-18,16758.21484375,16829.074103131607,16616.496324986787,16616.496324986787,376570
2020-12-21,17643.951171875,17714.810413529118,16758.210651198544,16758.210651198544,2203350
2020-12-22,17785.671875,17785.671875,17431.37562250996,17643.953374003984,753550
2020-12-23,17537.6640625,17927.389930555557,17502.234438131312,17714.812184343435,588410
2020-12-24,16970.7890625,17466.803774138833,16333.055861821504,17466.803774138833,1451830
2020-12-25,17502.234375,17573.093623481782,16970.79001138664,16970.79001138664,688690
2020-12-28,17360.517578125,17714.813855229593,17289.658322704083,17502.236088966838,597540
2020-12-29,17360.517578125,17431.376833545917,16864.502790178572,16864.502790178572,575440
2020-12-30,17325.0859375,17608.522926252557,17325.0859375,17360.51556109407,426890
2020-12-31,17431.376953125,17431.376953125,17254.22881335747,17360.517697217987,232260
2021-01-01,17431.376953125,17431.376953125,17431.376953125,17431.376953125,0
2021-01-04,17608.5234375,17679.382686745474,17502.23456363179,17608.5234375,69440
2021-01-05,17466.806640625,17608.52515292216,17431.37701255071,17466.806640625,50830
2021-01-06,17466.806640625,17785.67329329361,17360.51775640213,17360.51775640213,64600
2021-01-07,17608.5234375,17821.101185236417,17431.375314386318,17466.804939009053,61550
2021-01-08,17679.380859375,17785.669722257015,17502.232754571643,17643.951238414327,126550
2021-01-11,17679.380859375,17679.380859375,17679.380859375,17679.380859375,0
2021-01-12,18246.255859375,18565.122466626213,18139.96699029126,18423.403974514564,79140
2021-01-13,17927.388671875,18246.255268805584,17714.810940587944,18246.255268805584,64530
2021-01-14,17714.810546875,18069.1067578125,17573.0920625,17927.3882734375,84980
2021-01-15,17714.810546875,17856.52903125,17573.0920625,17714.810546875,109550
2021-01-18,17750.240234375,17856.529098053892,17254.225537206836,17714.8106131487,154400
2021-01-19,16722.779296875,18033.67513158766,16581.060828257414,17750.23819435249,91760
2021-01-20,17006.216796875,17077.076033528643,16297.62443033854,16722.779850260416,56610
2021-01-21,17254.2265625,17254.2265625,16899.93032918378,17006.219199178646,51740
2021-01-22,16899.931640625,17289.657527515723,16899.931640625,17289.657527515723,59620
2021-01-25,17077.078125,17147.93737033195,16793.641143672197,16899.930011670123,66520
2021-01-26,17360.517578125,17927.391621492345,17112.510184151786,17360.517578125,118890
2021-01-27,17147.9375,17643.95222107438,17041.648631198346,17431.374483471074,66150
2021-01-28,15978.759765625,17147.93730945122,15978.759765625,16581.063348808206,199240
2021-01-29,16616.490234375,16829.067934601546,15589.031349946694,15589.031349946694,36290
2021-02-01,16439.345703125,17360.515936489763,16297.627205684266,17360.515936489763,47360
2021-02-02,16687.349609375,17006.216162420384,16191.334971304406,16297.623822319532,40030
2021-02-03,16935.357421875,16970.787039912397,16651.920477575837,16687.350095613234,88480
2021-02-04,16935.357421875,17041.646275987187,16793.63894972542,16935.357421875,55050
2021-02-05,17046.291015625,17305.128406317788,17009.31424552603,17305.128406317788,35160
2021-02-08,16639.546875,17083.268125,16602.570104166665,17046.291354166668,74240
2021-02-09,16639.546875,16639.546875,16639.546875,16639.546875,0
2021-02-10,16639.546875,16639.546875,16639.546875,16639.546875,0
2021-02-11,16639.546875,16639.546875,16639.546875,16639.546875,0
2021-02-12,16639.546875,16639.546875,16639.546875,16639.546875,0
2021-02-15,16639.546875,16639.546875,16639.546875,16639.546875,0
2021-02-16,16639.546875,16639.546875,16639.546875,16639.546875,0
2021-02-17,16898.3828125,17009.313115426696,16639.545439004378,16639.545439004378,44970
2021-02-18,16898.3828125,17009.313115426696,16787.452509573304,16787.452509573304,58560
2021-02-19,17009.3125,17009.3125,16787.45190217391,16861.40543478261,61780
2021-02-22,16972.3359375,17268.15007148693,16935.359170751635,16935.359170751635,52200
2021-02-23,16972.3359375,17083.266237745098,16898.382404003267,16972.3359375,72140
2021-02-24,16972.3359375,16972.3359375,16972.3359375,16972.3359375,0
2021-02-25,16972.3359375,16972.3359375,16972.3359375,16972.3359375,0
2021-02-26,16602.5703125,16713.500626391982,16454.66322731069,16491.639998608018,80940
2021-03-01,17083.267578125,17157.22111742424,16713.499881628788,16713.499881628788,67500
2021-03-02,16861.404296875,17157.218407346492,16713.497241639256,17157.218407346492,84350
2021-03-03,16861.404296875,16972.33458830181,16824.427533066064,16861.404296875,28940
2021-03-04,16861.404296875,16935.357824492872,16713.497241639256,16861.404296875,62340
2021-03-05,16713.5,16898.383849557522,16639.546460176993,16898.383849557522,63390
2021-03-08,16713.5,16861.40707964602,16639.546460176993,16861.40707964602,78840
2021-03-09,16676.525390625,16750.4789400291,16565.595066518847,16713.50216532705,177070
2021-03-10,17009.3125,17194.19633152174,16750.475135869565,16750.475135869565,178030
2021-03-11,17342.103515625,17453.03381529851,17157.21968283582,17379.080282182837,139930
2021-03-12,17157.220703125,17416.058084422144,17120.243934368264,17379.081315665408,88470
2021-03-15,17009.3125,17157.21956521739,16972.33573369565,17157.21956521739,82340
2021-03-16,17009.3125,17120.24279891304,16898.382201086955,17009.3125,37320
2021-03-17,16824.4296875,17009.31353021978,16787.452918956045,16972.336761675826,101760
2021-03-18,16639.546875,16935.361041666667,16565.593333333334,16861.4075,187970
2021-03-19,16787.453125,16898.383431993392,16713.499587004404,16713.499587004404,114290
2021-03-22,16898.3828125,16972.336347784465,16787.452509573304,16787.452509573304,34770
2021-03-23,16639.546875,16898.384270833332,16639.546875,16898.384270833332,63800
2021-03-24,16343.7294921875,16713.497127757353,16343.7294921875,16491.63654641544,64800
2021-03-25,16528.61328125,16565.59004474273,16417.682990771813,16417.682990771813,58520
2021-03-26,16269.7802734375,16491.64091352983,15900.012539950283,16343.733820134945,32940
2021-03-29,16417.6875,16491.641047297297,16306.757179054051,16491.641047297297,49720
2021-03-30,16454.66015625,16528.613685042135,16306.75309866573,16417.68339185393,36320
2021-03-31,16417.6875,16454.664273648646,16269.780405405403,16454.664273648646,45350
2021-04-01,16713.5,16713.5,16269.778761061949,16343.732300884956,101170
2021-04-02,16713.5,16787.45353982301,16602.569690265485,16676.523230088496,61400
2021-04-05,16639.546875,16935.361041666667,16565.593333333334,16935.361041666667,28510
2021-04-06,16528.61328125,16676.520335220917,16528.61328125,16639.54357172819,35990
2021-04-07,16565.591796875,16565.591796875,16454.661494663786,16528.61502947126,23430
2021-04-08,16454.66015625,16639.543978230337,16454.66015625,16565.5904494382,22230
2021-04-09,16417.6875,16491.641047297297,16306.757179054051,16380.710726351352,108220
2021-04-12,16454.66015625,16565.5904494382,16380.706627457865,16417.68339185393,36820
2021-04-13,16343.7294921875,16491.63654641544,16343.7294921875,16417.68301930147,69810
2021-04-14,16232.8046875,16343.735015660592,16158.85113539294,16306.75823960706,68320
2021-04-15,16121.87109375,16306.754936568232,16010.94078805906,16269.778168004586,65140
2021-04-16,15604.197265625,16121.872056427726,15530.243724081754,15973.964973341232,49020
2021-04-19,15493.2666015625,15752.10399108741,15456.289831630367,15604.19691135889,44290
2021-04-20,15456.291015625,15604.198106683612,15419.314242860346,15493.267788389652,44230
2021-04-21,15456.291015625,15456.291015625,15456.291015625,15456.291015625,0
2021-04-22,15382.3330078125,15863.03091430664,15382.3330078125,15456.28653188852,37940
2021-04-23,15752.1025390625,15752.1025390625,15086.520741637323,15308.38134077905,22890
2021-04-26,15086.521484375,15567.219472847732,15086.521484375,15567.219472847732,24760
2021-04-27,15086.521484375,15086.521484375,14901.637642654718,14938.614410998774,13350
2021-04-28,15123.4990234375,15160.475793665952,14864.661631838324,14864.661631838324,46460
2021-04-29,15678.1494140625,16121.870623894458,14901.637296856576,15160.47466925855,242790
2021-04-30,15678.1494140625,15678.149414062502,15678.149414062502,15678.149414062502,0
2021-05-03,15678.1494140625,15678.149414062502,15678.149414062502,15678.149414062502,0
2021-05-04,15308.3798828125,15530.240460824274,15234.426356808575,15530.240460824274,26940
2021-05-05,15382.3330078125,15456.28653188852,15308.37948373648,15308.37948373648,27540
2021-05-06,15308.3798828125,15456.28693482035,15234.426356808575,15308.3798828125,17410
2021-05-07,15086.521484375,15308.382094439336,15012.567947686886,15308.382094439336,28100
2021-05-10,15012.5703125,15086.523860837438,14827.686441656404,15086.523860837438,43840
2021-05-11,15086.521484375,15234.428557751226,14938.614410998774,15012.567947686886,32180
2021-05-12,15049.5458984375,15234.42975468366,15049.5458984375,15234.42975468366,22380
2021-05-13,14975.5927734375,15160.476634837962,14975.592773437498,14975.592773437498,30250
2021-05-14,14901.6357421875,15160.473087585298,14864.658978559244,15160.473087585298,24750
2021-05-17,14827.6865234375,14938.616846555487,14790.70974906484,14938.616846555487,27050
2021-05-18,14716.75390625,14901.637749293342,14605.823600423995,14901.637749293342,22670
2021-05-19,14273.0341796875,14716.755449522345,14273.0341796875,14716.755449522345,47720
2021-05-20,13977.2177734375,14273.031906208666,13829.310707051918,14273.031906208666,60260
2021-05-21,13866.2900390625,14014.1971328125,13792.3364921875,14014.1971328125,63570
2021-05-24,14199.0791015625,14273.032638549805,13866.288185119629,13866.288185119629,32080
2021-05-25,14420.9404296875,14420.9404296875,14051.17272636218,14199.079807692307,33590
2021-05-26,14346.9853515625,14642.79948252255,14346.9853515625,14420.938884302512,37170
2021-05-27,14162.1015625,14346.985394908615,14125.124796018275,14346.985394908615,21120
2021-05-28,14236.056640625,14236.056640625,14051.17278814935,14199.07987012987,18500
2021-05-31,14125.125,14199.078534031414,14051.171465968588,14162.101767015709,33840
2021-06-01,14014.1962890625,14125.12660269624,13977.219517851252,14051.173060273746,36310
2021-06-02,14162.1015625,14162.1015625,14014.194496573107,14125.124796018275,42010
2021-06-03,14790.70703125,14864.660566406252,14162.101982421877,14162.101982421877,67700
2021-06-04,14605.8251953125,15049.54646706883,14457.918104727058,15049.54646706883,31160
2021-06-07,14605.8251953125,14827.685831190664,14420.941332080696,14716.755513251584,377000
2021-06-08,14605.8251953125,14605.8251953125,14605.8251953125,14605.8251953125,0
2021-06-09,14273.0341796875,14420.941269632449,14162.103862228789,14162.103862228789,327000
2021-06-10,14273.0341796875,14346.987724659974,14162.103862228789,14346.987724659974,302300
2021-06-11,14494.8935546875,14568.847093231823,14310.00970832669,14346.986477598852,306000
2021-06-14,14790.70703125,14938.614101562502,14494.892890625,14494.892890625,739200
2021-06-15,15160.474609375,15345.358446074695,14753.730168635671,14753.730168635671,919900
2021-06-16,15382.3330078125,15456.28653188852,15160.472435584436,15234.425959660455,775500
2021-06-17,15308.3798828125,15382.333408816425,15012.5657787968,15160.472830804649,368200
2021-06-18,15493.2666015625,15678.15045122315,15049.54536237694,15234.429212037589,588600
2021-06-21,15752.1025390625,15863.032838633362,15308.38134077905,15530.241939920774,988100
2021-06-22,15715.125,15900.008823529412,15604.194705882352,15826.055294117648,492300
2021-06-23,15456.291015625,15678.15165221292,15345.36069733104,15530.244561154306,497700
2021-06-24,15456.291015625,15678.15165221292,15308.383924566388,15456.291015625,292300
2021-06-25,15308.3798828125,15456.28693482035,15123.496067802687,15456.28693482035,297500
2021-06-28,15234.4267578125,15382.333813713592,15197.449993837226,15308.380285763044,209600
2021-06-29,15197.451171875,15345.35823924118,15160.474405033454,15234.427938716544,216100
2021-06-30,15160.474609375,15234.428144054878,15160.474609375,15234.428144054878,290800
2021-07-01,15493.2666015625,15678.15045122315,15160.475672173328,15197.45244210546,478200
2021-07-02,15456.291015625,15604.198106683612,15382.337470095694,15493.267788389652,256600
2021-07-05,15456.291015625,15456.291015625,15456.291015625,15456.291015625,0
2021-07-06,15456.291015625,15456.291015625,15456.291015625,15456.291015625,0
2021-07-07,15456.291015625,15456.291015625,15456.291015625,15456.291015625,0
2021-07-08,15456.291015625,15456.291015625,15456.291015625,15456.291015625,0
2021-07-09,14346.9853515625,14679.776248892558,14346.9853515625,14679.776248892558,340000
2021-07-12,14346.9853515625,14346.9853515625,14346.9853515625,14346.9853515625,0
2021-07-13,13977.2177734375,14125.124839823084,13829.310707051918,14051.171306630293,290800
2021-07-14,13977.2177734375,13977.2177734375,13977.2177734375,13977.2177734375,0
2021-07-15,14199.0791015625,14199.0791015625,13903.26495361328,13977.218490600586,333800
2021-07-16,14199.0791015625,14199.0791015625,14199.0791015625,14199.0791015625,0
2021-07-19,13792.3359375,14051.173341152817,13792.3359375,14014.196569202411,282400
2021-07-20,13755.3583984375,13866.288708102318,13496.52100921959,13792.335168325772,405400
2021-07-21,13570.474609375,13829.311999744552,13570.474609375,13829.311999744552,559800
2021-07-22,13718.380859375,13755.357627190027,13607.45055592992,13607.45055592992,384000
2021-07-23,13607.451171875,13903.265327785326,13607.451171875,13792.335019318954,238300
2021-07-26,13681.4033203125,13718.380086043077,13570.473023120776,13681.4033203125,931700
2021-07-27,13607.451171875,13755.358249830164,13570.47440238621,13681.40471085258,848500
2021-07-28,13570.474609375,13681.40491953338,13533.497839322208,13681.40491953338,523700
2021-07-29,13570.474609375,13607.451379427794,13533.497839322208,13570.474609375,340700
2021-07-30,13681.4033203125,13755.356851773648,13496.519491659628,13533.496257390205,353100
2021-08-02,13755.3583984375,13755.3583984375,13607.451318884408,13681.404858660952,450600
2021-08-03,13681.4033203125,13755.356851773648,13607.44978885135,13681.4033203125,301500
2021-08-04,13681.4033203125,13681.4033203125,13681.4033203125,13681.4033203125,0
2021-08-05,14125.125,14273.032068062828,13829.310863874343,13829.310863874343,438900
2021-08-06,13977.2177734375,14199.078373015876,13977.2177734375,14125.124839823084,211600
2021-08-09,14088.1484375,14125.125205052494,13977.21813484252,14125.125205052494,265200
2021-08-10,14088.1484375,14088.1484375,14088.1484375,14088.1484375,0
2021-08-11,14162.1015625,14420.938927872065,14162.1015625,14420.938927872065,280200
2021-08-12,14199.0791015625,14236.055870056152,14014.195259094238,14162.102333068848,294900
2021-08-13,14051.171875,14162.102179276317,13829.311266447368,14125.12541118421,463700
2021-08-16,14236.056640625,14346.986952110388,14051.17278814935,14051.17278814935,519500
2021-08-17,14236.056640625,14236.056640625,14236.056640625,14236.056640625,0
2021-08-18,14273.0341796875,14310.010952173738,14051.173544770078,14051.173544770078,390300
2021-08-19,14273.0341796875,14310.010952173738,14125.127089742551,14273.0341796875,325300
2021-08-20,14346.9853515625,14494.892417042523,14162.101519712469,14273.031818822486,844400
2021-08-23,14273.0341796875,14383.964497146211,14088.150317256315,14383.964497146211,578200
2021-08-24,14088.1484375,14273.032275262469,13903.264599737531,14273.032275262469,412000
2021-08-25,14383.9619140625,14605.822509138014,13940.240723911473,13977.217489757391,552200
2021-08-26,14162.1015625,14494.89246083551,14162.1015625,14273.03186194517,423600
2021-08-27,15123.4990234375,15123.499023437498,14125.126227269251,14273.033308183069,2177500
2021-08-30,15419.3154296875,15678.15285896283,15160.478000412171,15382.33865407674,1199600
2021-08-31,15234.4267578125,15641.171161540504,15160.473229861956,15382.333813713592,932300
2021-09-01,16232.8046875,16232.8046875,15086.524629840547,15123.501405894078,1966900
2021-09-02,16232.8046875,16232.8046875,16232.8046875,16232.8046875,0
2021-09-03,16232.8046875,16232.8046875,16232.8046875,16232.8046875,0
2021-09-06,16269.7802734375,16417.687366832386,15936.989313299006,16269.7802734375,1619600
2021-09-07,15900.01171875,16602.570376090116,15826.058175872093,16269.779433139534,1373200
2021-09-08,15900.01171875,15900.01171875,15900.01171875,15900.01171875,0
2021-09-09,16010.9423828125,16010.9423828125,15789.08174933242,15826.0585215791,682800
2021-09-10,15863.0341796875,16158.848336884468,15826.057410037878,16121.871567234848,543600
2021-09-13,15826.060546875,15936.990877811038,15530.24633104556,15752.10699291764,727800
2021-09-14,15604.197265625,15900.011431797986,15160.47601636552,15826.05789025474,1099100
2021-09-15,15197.451171875,15641.17237397354,15086.520871350363,15604.195607131996,1048900
2021-09-16,15826.060546875,15900.01410083236,15308.38566917348,15345.36244615216,782100
2021-09-17,15641.1728515625,15900.010227356675,15456.289011709514,15826.056691415484,470600
2021-09-20,15197.451171875,15789.07944133972,15197.451171875,15641.17237397354,896000
2021-09-21,15197.451171875,15197.451171875,15197.451171875,15197.451171875,0
2021-09-22,15197.451171875,15197.451171875,15197.451171875,15197.451171875,0
2021-09-23,15678.1494140625,15900.01001897848,15419.312041660523,15900.01001897848,767700
2021-09-24,15530.244140625,15678.15122767857,15530.244140625,15530.244140625,73120000
2021-09-27,15234.4267578125,15641.171161540504,15197.449993837226,15604.19439756523,989100
2021-09-28,15530.244140625,15752.104771205357,15271.40673828125,15271.40673828125,878500
2021-09-29,16151.451171875,16306.753586989184,15530.24151141827,15879.671945425182,4603400
2021-09-30,15996.150390625,16267.929644834649,15840.847959648056,16229.104037090412,573800
2021-10-01,15996.150390625,16112.627213857706,15840.847959648056,16073.80160611347,750100
2021-10-04,17083.267578125,17083.267578125,16306.755415482956,16306.755415482956,363940000
2021-10-05,16927.96484375,17277.395310708143,16850.313628870415,17277.395310708143,1003700
2021-10-06,16927.96484375,16927.96484375,16927.96484375,16927.96484375,0
2021-10-07,17355.044921875,17471.521733431207,16927.963279502237,16927.963279502237,1981400
2021-10-08,17355.044921875,17355.044921875,17355.044921875,17355.044921875,0
2021-10-11,17355.044921875,17355.044921875,17355.044921875,17355.044921875,0
2021-10-12,17083.267578125,17238.57001065341,16578.53467240767,16889.13953746449,1248600
2021-10-13,17199.744140625,17471.5233934114,17083.267318002258,17316.220963247742,1004200
2021-10-14,17199.744140625,17199.744140625,17199.744140625,17199.744140625,0
2021-10-15,17238.5703125,17316.221530123872,16966.79105081644,17160.919094876124,1154600
2021-10-18,17238.5703125,17238.5703125,17238.5703125,17238.5703125,0
2021-10-19,17432.69921875,17782.129715339644,17238.571165089088,17393.873608017817,969100
2021-10-20,17898.60546875,18015.082293926247,17549.17499322126,17743.30303518167,1995800
2021-10-21,18053.91015625,18170.386995967743,17626.82841061828,17859.782090053766,1180000
2021-10-22,18015.0859375,18053.91155374461,17665.655391298493,18053.91155374461,753200
2021-10-25,18015.0859375,18015.0859375,18015.0859375,18015.0859375,0
2021-10-26,18015.0859375,18015.0859375,18015.0859375,18015.0859375,0
2021-10-27,18015.0859375,18015.0859375,18015.0859375,18015.0859375,0
2021-10-28,18403.337890625,18442.16349798919,18015.08181698312,18131.558639075687,1048700
2021-10-29,18209.208984375,18480.988222947763,17937.429745802237,18403.33701192697,1094200
2021-11-01,18209.208984375,18209.208984375,18209.208984375,18209.208984375,0
2021-11-02,18248.037109375,17937.432222406915,17820.955389793886,18131.560276761968,1365900
2021-11-03,17549.17578125,18248.03676368916,17549.17578125,18209.21115355365,150850000
2021-11-04,17471.521484375,17704.475104166668,17471.521484375,17471.521484375,748800
2021-11-05,17937.431640625,17976.25725023674,17471.524325284092,17549.175544507576,1033800
2021-11-08,18015.0859375,18092.737169989225,17782.13224003233,18015.0859375,1270400
2021-11-09,18248.037109375,18364.513941988032,17859.781000664894,18015.08344414894,1639200
2021-11-10,18985.720703125,19024.546307834866,18442.16223718685,18558.639051316462,2690800
2021-11-11,18713.943359375,19024.54822841027,18325.687273080912,18985.72261978086,1135700
2021-11-12,18636.29296875,18869.246630859376,18480.99052734375,18675.118579101563,821900
2021-11-15,18791.59375,19024.54739152893,18480.9888946281,18636.29132231405,2108600
2021-11-16,18830.419921875,19257.501610824744,18480.98944909794,18869.24552996134,1618800
2021-11-17,18713.943359375,18908.071402522044,18480.989707598543,18908.071402522044,707200
2021-11-18,18597.46484375,18752.767264157097,18480.98802844468,18752.767264157097,807200
2021-11-19,17549.17578125,18597.467254908737,17316.222120436945,18597.467254908737,2287900
2021-11-22,16617.361328125,17393.873539719625,16617.361328125,17393.873539719625,1273200
2021-11-23,17355.044921875,17355.044921875,16539.707240981545,16695.009656389822,425600
2021-11-24,17044.44140625,17549.174295273348,17044.44140625,17393.87186788155,613500
2021-11-25,17393.873046875,17704.477922712053,16889.140123639787,17083.268171037947,496400
2021-11-26,17510.34765625,17704.47567904656,17238.56842433481,17665.65007448725,558700
2021-11-29,17355.044921875,17471.521733431207,17005.614487206374,17160.916902614652,552100
2021-11-30,17316.220703125,17665.651165744115,17238.56948920964,17626.825558786433,678600
2021-12-01,17393.873046875,17393.873046875,17083.268171037947,17393.873046875,400800
2021-12-02,17471.521484375,17898.60312065972,17277.393467881946,17277.393467881946,512800
2021-12-03,17044.44140625,17626.825508969247,17044.44140625,17471.52308157745,415200
2021-12-06,16772.6640625,17160.92017505787,16578.536006221064,17044.44334129051,721300
2021-12-07,17393.873046875,17471.52426583426,16772.66329520089,16927.965733119418,390200
2021-12-08,17432.69921875,17549.17605094655,17277.39677582127,17432.69921875,474000
2021-12-09,18636.29296875,18636.29296875,17316.222216796876,17393.8734375,3329600
2021-12-10,18946.896484375,19024.547699474897,18480.98919377561,18636.29162397541,2549500
2021-12-13,18946.896484375,19412.803774974385,18869.245269275103,19412.803774974385,1522000
2021-12-14,20072.841796875,20189.318635154737,18636.29412475822,18636.29412475822,4932900
2021-12-15,19801.060546875,20422.27028952206,19490.45567555147,20189.316636029413,2088900
2021-12-16,20189.31640625,20655.22370793269,19490.45545372596,19878.71153846154,3380600
2021-12-17,20111.6640625,20732.8737632722,20034.01284990348,20266.96648769305,2723400
2021-12-20,20965.826171875,21121.12858796296,19801.05805121528,19878.70925925926,2985500
2021-12-21,20771.69921875,21198.780884929907,20499.91997663552,20810.524824766355,2462500
2021-12-22,20888.177734375,21703.515526980715,20810.5265160316,20810.5265160316,4197900
2021-12-23,20422.271484375,21004.65565218037,19801.061705382606,20888.178818619297,2764400
2021-12-24,20266.96484375,20577.56966894157,20072.836828005267,20266.96484375,2054700
2021-12-27,20422.271484375,20810.527596245247,19801.061705382606,20422.271484375,1556900
2021-12-28,20810.525390625,21276.43267548974,20499.92053404851,20771.69978355294,2106300
2021-12-29,20344.615234375,21276.42967259065,20344.615234375,20810.522453482827,1048100
2021-12-30,20461.095703125,20499.92131166983,20034.01400913188,20422.27009458017,1225900
2021-12-31,20422.271484375,20888.178818619297,20266.969039626903,20655.22515149715,1277500
2022-01-03,20422.271484375,20422.271484375,20422.271484375,20422.271484375,0
2022-01-04,21004.654296875,21315.25916632972,20266.967731920056,20577.57260137477,2799800
2022-01-05,20616.396484375,21354.08298758239,20577.570878943032,21354.08298758239,2558800
2022-01-06,20383.4453125,20771.70141369048,20266.968482142856,20655.224583333333,1678200
2022-01-07,20499.91796875,20810.52278645833,20228.138753255207,20305.789957682293,2200900
2022-01-10,19412.802734375,20422.2684765625,19412.802734375,20344.617265625,3362400
2022-01-11,19412.802734375,19956.361210937503,19296.325917968752,19373.97712890625,1310500
2022-01-12,19956.36328125,20034.0145002432,18869.24621534533,19412.804748297665,1252100
2022-01-13,18869.24609375,20189.316808127573,18869.24609375,20150.491198881173,1204500
2022-01-14,18519.8125,19063.37093815513,18248.03328092243,18325.684486373164,882600
2022-01-17,17238.5703125,18946.897100225226,17238.5703125,18791.59466497748,1863000
2022-01-18,17160.91796875,17704.476456447963,16927.96433116516,17238.569181278282,914700
2022-01-19,17160.91796875,17471.522818863123,17083.26675622172,17316.22039380656,674500
2022-01-20,17859.779296875,18015.08172554348,17160.91836786685,17160.91836786685,476100
2022-01-21,17937.431640625,17976.25725023674,17471.524325284092,17859.780421401516,659300
2022-01-24,17510.34765625,17937.42930640244,17510.34765625,17743.301283605877,800000
2022-01-25,17782.126953125,17859.77816252729,17277.394092010098,17471.52211551583,526300
2022-01-26,17393.873046875,18131.559626988,17393.873046875,18131.559626988,451100
2022-01-27,17160.91796875,17432.69721259898,17083.26675622172,17393.87160633484,462000
2022-01-28,17355.044921875,17471.521733431207,17160.916902614652,17160.916902614652,354000
2022-01-31,17355.044921875,17355.044921875,17355.044921875,17355.044921875,0
2022-02-01,17355.044921875,17355.044921875,17355.044921875,17355.044921875,0
2022-02-02,17355.044921875,17355.044921875,17355.044921875,17355.044921875,0
2022-02-03,17355.044921875,17355.044921875,17355.044921875,17355.044921875,0
2022-02-04,17355.044921875,17355.044921875,17355.044921875,17355.044921875,0
2022-02-07,18170.384765625,18248.03598257212,17510.34942157452,17626.82624699519,473400
2022-02-08,18325.6875,18325.6875,17704.477754237287,18131.55945444915,604700
2022-02-09,18480.990234375,18597.467063583248,18015.08291754202,18403.33901490284,544700
2022-02-10,18519.8125,18752.766116352203,18403.3356918239,18480.98689727464,462700
2022-02-11,18519.8125,18597.463705450733,18248.03328092243,18519.8125,433900
2022-02-14,18480.990234375,18636.292673319327,18170.385356486346,18170.385356486346,691900
2022-02-15,18480.990234375,18480.990234375,18480.990234375,18480.990234375,0
2022-02-16,18791.59375,18908.070570764463,18480.9888946281,18480.9888946281,419800
2022-02-17,18713.943359375,18908.071402522044,18519.81531622796,18791.59457663382,454400
2022-02-18,18752.767578125,18791.59318387681,18558.63954936594,18597.465155117752,278300
2022-02-21,19102.19921875,19373.97847592733,18791.59435340447,18869.24556974085,595100
2022-02-22,18597.46484375,18946.89528966597,18248.034397834028,18908.0696845642,556200
2022-02-23,18519.8125,19024.545335429768,18480.98689727464,18636.2893081761,481400
2022-02-24,17549.17578125,18558.64164477323,17238.570900165927,18480.99042450221,1451800
2022-02-25,17626.82421875,18015.080258810573,17626.82421875,17820.952238780286,651900
2022-02-28,17859.779296875,18170.384154211955,17704.476868206522,17859.779296875,382900
2022-03-01,18015.0859375,18209.21401872306,17704.481007543105,17898.609088766163,464200
2022-03-02,17820.953125,18248.034790305013,17743.30191312636,18092.73236655773,461400
2022-03-03,17782.126953125,17859.77816252729,17587.99892961927,17626.824534320414,503000
2022-03-04,17782.126953125,17976.25497663073,17782.126953125,17782.126953125,469500
2022-03-07,18325.6875,18403.338718220337,17393.872881355932,17549.17531779661,1229300
2022-03-08,17859.779296875,18558.64022588315,17859.779296875,17937.430511209237,1116100
2022-03-09,17782.126953125,18170.383000136462,17549.173324918123,18170.383000136462,473700
2022-03-10,17704.4765625,18170.383840460527,17704.4765625,18170.383840460527,566700
2022-03-11,17510.34765625,17704.47567904656,17471.52205169069,17704.47567904656,567800
2022-03-14,17471.521484375,17782.126310763888,17355.044674479166,17510.34708767361,369500
2022-03-15,17549.17578125,17704.478221792033,17238.570900165927,17238.570900165927,432000
2022-03-16,17549.17578125,17782.12944206305,17510.35017111449,17782.12944206305,525900
2022-03-17,17510.34765625,17665.65007448725,17510.34765625,17665.65007448725,433100
2022-03-18,17665.650390625,17820.952811641484,17549.173574862638,17626.82478537088,328200
2022-03-21,17704.4765625,17976.255807976973,17626.825349506576,17704.4765625,477700
2022-03-22,17665.650390625,17859.778416895606,17549.173574862638,17859.778416895606,704900
2022-03-23,18015.0859375,18248.03963496768,17704.481007543105,17704.481007543105,855900
2022-03-24,18131.55859375,18403.33784461992,18053.907379215736,18403.33784461992,822000
2022-03-25,17976.255859375,18325.68631884449,17859.779039551835,18170.383892413607,675900
2022-03-28,17782.126953125,17976.25497663073,17626.824534320414,17859.77816252729,728100
2022-03-29,18170.384765625,18209.21037409856,17859.77989783654,17859.77989783654,683500
2022-03-30,18364.513671875,18752.769774874472,18170.385620375266,18170.385620375266,1371300
2022-03-31,18946.896484375,19024.547699474897,18442.163586225663,18480.98919377561,1739700
2022-04-01,18908.0703125,19063.37273806468,18713.942280544143,18713.942280544143,1491700
2022-04-04,18665.140625,19353.44299078091,18665.140625,19353.44299078091,854100
2022-04-05,18786.607421875,18948.560934132543,18422.21201929553,18462.70039735992,820800
2022-04-06,19434.419921875,19596.37342122396,18665.14079996745,18665.14079996745,1666500
2022-04-07,19434.419921875,19758.32692057292,19353.44317220052,19434.419921875,1495900
2022-04-08,19191.490234375,19677.350746637658,19070.02510630933,19677.350746637658,1075600
2022-04-11,19191.490234375,19191.490234375,19191.490234375,19191.490234375,0
2022-04-12,18624.654296875,19393.93349609375,18462.70078125,19272.468359375,848000
2022-04-13,18543.673828125,18867.58079455513,18462.697086517463,18624.650569732534,663600
2022-04-14,18665.140625,19029.535995119302,18584.1638760846,18746.1173739154,485200
2022-04-15,19231.978515625,19434.420394736844,18624.652878289475,18665.141254111844,1282800
2022-04-18,20082.236328125,20244.1898469002,19231.98035455519,19312.9571139428,3483800
2022-04-19,19677.349609375,20325.163588284468,19677.349609375,20163.2100935571,1304600
2022-04-20,19555.884765625,20406.140625,19515.39639136905,19515.39639136905,1834700
2022-04-21,18705.630859375,20163.212484780845,18219.77031757305,19555.886807528408,1680300
2022-04-22,18219.767578125,19029.535026041667,17490.976875,18665.139674479167,1949300
2022-04-25,16964.62890625,18260.256889543554,16964.62890625,18219.76851506564,1955900
2022-04-26,18138.79296875,18138.79296875,16195.35086495536,16600.234636579244,1002200
2022-04-27,18138.79296875,18462.69998604911,17733.90919712612,18057.816214425224,517900
2022-04-28,17814.88671875,18300.747265625,17814.88671875,18179.28212890625,647200
2022-04-29,18179.283203125,18300.74834702116,17774.399390137805,17774.399390137805,548700
2022-05-02,18179.283203125,18179.283203125,18179.283203125,18179.283203125,0
2022-05-03,18179.283203125,18179.283203125,18179.283203125,18179.283203125,0
2022-05-04,18705.630859375,19191.491401176947,17814.886532738095,18179.28193908956,791600
2022-05-05,18462.69921875,19029.536475466008,18219.76896587171,18705.62947162829,572400
2022-05-06,18179.283203125,18665.14377870964,18017.329677930124,18219.77158442372,547400
2022-05-09,16964.62890625,18260.256889543554,16924.140531772075,18260.256889543554,1163500
2022-05-10,17531.466796875,17652.931924797922,16195.350389722864,16195.350389722864,442200
2022-05-11,18017.326171875,18300.744785814604,17531.465690835674,17571.954064255617,818300
2022-05-12,17005.1171875,18138.791666666668,17005.1171875,17814.884672619046,654300
2022-05-13,16276.3251953125,17329.022844760573,16195.348453047263,17329.022844760573,868500
2022-05-16,16883.65234375,17248.047718075537,16843.163968824938,17005.11746852518,353900
2022-05-17,17693.41796875,17733.90633938787,16721.697073441075,16843.16218535469,386700
2022-05-18,17490.98046875,17733.910753038195,17329.026945891204,17571.9572301794,284700
2022-05-19,17450.48828125,17531.465025014502,16924.13944678074,16924.13944678074,256100
2022-05-20,17571.953125,18138.790322580644,17409.99963997696,17571.953125,563900
2022-05-23,17531.466796875,18138.79243648961,17410.001668952078,17571.95517284931,480000
2022-05-24,17652.931640625,17774.396766592603,17410.001388689794,17531.466514657397,366900
2022-05-25,18219.767578125,18260.25595052084,17733.907109375,17814.883854166666,740800
2022-05-26,18017.326171875,18219.76803897472,17895.861051615168,18219.76803897472,474600
2022-05-27,18057.814453125,18503.18655847113,17976.83770669843,17976.83770669843,725700
2022-05-30,18462.69921875,18584.164345189143,17976.83871299342,18260.257341351426,664300
2022-05-31,18948.55859375,18989.04696681357,18381.721370860043,18462.69811698718,1177100
2022-06-01,19434.419921875,19555.88504638672,19029.536173502605,19029.536173502605,1018000
2022-06-02,19434.419921875,19434.419921875,19434.419921875,19434.419921875,0
2022-06-03,19029.53515625,19191.48864694149,18705.628174867023,18867.58166555851,691200
2022-06-06,20325.1640625,20325.1640625,18948.559325199203,19029.53607445219,3799000
2022-06-07,20649.0703125,21053.954044117647,20487.11681985294,20487.11681985294,2200200
2022-06-08,21053.955078125,21701.769080528848,20972.97832782452,21053.955078125,2311900
2022-06-09,22511.537109375,22511.537109375,20811.025313343074,20811.025313343074,6783700
2022-06-10,21458.837890625,22997.39607900943,21458.837890625,22511.53559846698,3486700
2022-06-13,22106.65234375,22956.908203125,20730.04761904762,20730.04761904762,4342900
2022-06-14,23240.326171875,23483.2564106054,21458.83775451873,21985.186605101266,3976500
2022-06-15,22511.537109375,23361.793007390963,21904.211467935027,23280.816255198966,2466600
2022-06-16,22916.419921875,23969.11765680212,22268.60593115061,22754.466424193903,5955700
2022-06-17,23483.2578125,23969.11831896552,22106.65304418104,22430.560048491378,3429000
2022-06-20,21863.720703125,23483.25557002315,21863.720703125,23483.25557002315,2281700
2022-06-21,20365.654296875,21863.724294855863,20365.654296875,21134.933485027337,5562900
2022-06-22,18948.55859375,20244.186531784188,18948.55859375,20244.186531784188,6149400
2022-06-23,20244.1875,20244.1875,18989.047875,19353.44325,1474100
2022-06-24,19677.349609375,20608.58220405736,19555.88448832948,20406.14033564815,2089000
2022-06-27,20325.1640625,20608.582684885456,19515.39656997012,19758.326817729085,2212000
2022-06-28,20082.236328125,20972.98068138861,19677.352531187,20487.120125063004,2524100
2022-06-29,20568.09375,20730.047244094487,19677.349532480315,19677.349532480315,1947300
2022-06-30,20082.236328125,21377.864478326614,20082.236328125,20811.027162613405,1997700
2022-07-01,20446.62890625,20649.07077660891,19596.37305074257,20001.2567914604,2280100
2022-07-04,20163.2109375,20811.0249435241,20082.234186746988,20649.07144201808,1150100
2022-07-05,18786.607421875,20082.235519935344,18786.607421875,19920.2820076778,3702300
2022-07-06,18138.79296875,18989.04888916016,17976.839460100447,17976.839460100447,1770500
2022-07-07,18624.654296875,18786.6078125,17936.35185546875,17976.840234375,1290500
2022-07-08,18746.119140625,19029.53778853942,18624.654005804536,19029.53778853942,921400
2022-07-11,17976.83984375,18786.60740427928,17652.932819538288,18624.65389217342,1213700
2022-07-12,17976.83984375,17976.83984375,17976.83984375,17976.83984375,0
2022-07-13,18624.654296875,19029.5380859375,18584.16591796875,19029.5380859375,639900
2022-07-14,19515.396484375,19555.88485882392,18624.652246498965,18867.58249319243,1289400
2022-07-15,19312.955078125,20082.23421121593,19312.955078125,19515.3969552542,1448800
2022-07-18,19272.46875,19839.30606617647,19110.515231092435,19839.30606617647,756300
2022-07-19,20608.583984375,20608.583984375,20122.72345822077,20608.583984375,2840000
2022-07-20,20851.515625,21823.23674150485,20811.02724514564,21134.934283980583,2546500
2022-07-21,20487.1171875,21377.86141304348,20487.1171875,20892.0009263834,1218700
2022-07-22,20244.1875,20972.97825,20082.234,20851.513125,814600
2022-07-25,21053.955078125,21053.955078125,20244.18757512019,20244.18757512019,1558400
2022-07-26,20527.60546875,21296.8845691568,20527.60546875,21013.465953217456,737200
2022-07-27,21013.46484375,21134.929958453755,20325.162527095374,20325.162527095374,1149900
2022-07-28,21296.88671875,21580.305363296105,21053.9564519962,21215.9099631654,1416900
2022-07-29,21053.955078125,21458.83882962741,20892.00157752404,21377.86207932692,1330200
2022-08-01,21215.90625,21337.37136211832,20730.04580152672,21013.464396469462,1554300
2022-08-02,21863.720703125,22025.67418981481,21134.930013020832,21215.90675636574,1799200
2022-08-03,21539.8125,22066.16130169173,21539.8125,21742.25434680451,953000
2022-08-04,21256.400390625,21742.260970982144,21175.423627232143,21620.795825892856,1126600
2022-08-05,21296.88671875,22025.67751901141,21053.9564519962,21094.444829788496,1130800
2022-08-08,21823.234375,21863.72275046382,21215.90874304267,21296.88549397032,1227100
2022-08-09,21539.8125,21985.184562969924,21377.85902255639,21904.20782424812,982600
2022-08-10,21539.8125,21742.25434680451,21337.37065319549,21377.85902255639,813200
2022-08-11,21053.955078125,21944.69933143029,20972.97832782452,21580.303955078125,1426000
2022-08-12,20892.001953125,21175.420584272044,20649.071697856103,21053.955456637595,1742900
2022-08-15,21499.326171875,21499.326171875,21013.46569341455,21053.954066619583,820200
2022-08-16,21337.373046875,21742.256785904887,21256.396299069023,21620.79166419592,1230900
2022-08-17,20932.490234375,21458.839118411503,20811.02510728965,21337.37399132616,1341000
2022-08-18,20811.025390625,21013.467271856764,20487.118380654185,20892.002143117705,735000
2022-08-19,20689.55859375,20932.48883164139,20649.070220768102,20811.023712695696,548100
2022-08-22,20446.62890625,20972.97776918317,20365.65215810644,20568.094028465348,637000
2022-08-23,20932.490234375,20932.490234375,20406.14135033849,20406.14135033849,588500
2022-08-24,21013.46484375,21256.39507315752,20891.99972904624,21053.95321531792,820400
2022-08-25,20892.001953125,21175.420584272044,20730.048449612405,21175.420584272044,1087700
2022-08-26,20730.046875,21134.930603027344,20527.605010986328,21053.953857421875,1071800
2022-08-29,20649.0703125,20730.04705882353,20244.18658088236,20406.14007352941,1111000
2022-08-30,20730.046875,20972.977111816406,20608.5817565918,20851.511993408203,703100
2022-08-31,22147.142578125,22147.142578125,20770.537737802788,21053.956381398537,4641700
2022-09-01,22147.142578125,22147.142578125,22147.142578125,22147.142578125,0
2022-09-02,22147.142578125,22147.142578125,22147.142578125,22147.142578125,0
2022-09-05,22511.537109375,22997.39762252698,22268.60685279901,22430.560357183003,1718400
2022-09-06,22511.537109375,23402.28138348696,22511.537109375,22511.537109375,2831100
2022-09-07,22471.048828125,23240.327977195942,22349.583699324325,22430.560451858106,2668300
2022-09-08,22066.1640625,22916.419925458715,21944.698939220183,22794.9548021789,1668000
2022-09-09,23604.720703125,23604.720703125,22268.604436910377,22390.0695520208,5644800
2022-09-12,24252.53515625,24697.90725427796,23726.186313126043,24131.07003860601,1632300
2022-09-13,24293.025390625,24859.862649739585,23888.141634114585,24252.53701497396,1581700
2022-09-14,23969.1171875,25548.16375897382,23807.163692989867,23888.140440244933,3895300
2022-09-15,24454.978515625,24616.93201572848,23726.18776515936,24050.09476536631,1457400
2022-09-16,25102.791015625,25507.674741683462,24374.00030871976,24374.00030871976,3196200
2022-09-19,24454.978515625,25831.58326650456,23928.629640288706,25062.30414101304,2482600
2022-09-20,24293.025390625,24697.90914713542,23159.35087239584,24697.90914713542,2026400
2022-09-21,24131.0703125,24940.837772651008,23807.1633284396,24212.0470585151,1402400
2022-09-22,25791.09375,25791.09375,23969.11695447409,24009.605327708006,2224600
2022-09-23,25224.255859375,26195.976791357345,24697.9070212179,25912.558186195827,1568300
2022-09-26,24697.908203125,25183.7686923668,23807.16397284836,24535.954706711065,1818900
2022-09-27,25750.60546875,26398.419442806604,24616.93101415094,24778.88450766509,1794200
2022-09-28,23969.1171875,25912.559121621623,23969.1171875,25750.605627111487,2623300
2022-09-29,22309.09375,24212.047300362978,22309.09375,23969.11705989111,3364100
2022-09-30,23037.88671875,23483.2588697276,20972.97947330844,21620.793511094023,2103000
2022-10-03,21458.837890625,22794.954212116743,21458.837890625,22794.954212116743,1655300
2022-10-04,21053.955078125,22106.65283203125,20972.97832782452,21944.69933143029,1559500
2022-10-05,22511.537109375,22511.537109375,21499.327706975044,21499.327706975044,1662400
2022-10-06,21458.837890625,22916.41933225236,21337.372770489383,22673.48909198113,1845700
2022-10-07,21666.369140625,22413.48531788793,20130.630331806755,21500.34332345546,2076600
2022-10-10,22538.005859375,23160.60270631906,21583.35736072744,21666.37027365332,1611100
2022-10-11,20960.76171875,22538.007155012376,20960.76171875,22538.007155012376,1824000
2022-10-12,21251.306640625,21998.42288970948,21002.267890930176,21168.29372406006,902900
2022-10-13,21873.90234375,21873.90234375,21085.27967860531,21251.3055028463,810400
2022-10-14,21998.421875,22288.967069575472,21583.35731132076,22039.928331367923,1949700
2022-10-17,22579.51171875,22579.51171875,21251.305147058825,21998.42134363511,1571000
2022-10-18,22828.552734375,23119.09795099432,22164.44938210227,23119.09795099432,1314900
2022-10-19,22081.43359375,22828.549767974622,22081.43359375,22496.4981349859,883200
2022-10-20,21251.306640625,22205.955181121823,21168.29372406006,21790.89059829712,1927100
2022-10-21,21168.29296875,21873.902734375,21002.26714154412,21417.331709558825,1741600
2022-10-24,21417.33203125,22247.46117974806,21085.28037185077,21209.799744125485,1824800
2022-10-25,21832.3984375,22081.43720294677,20587.20461026616,21624.86613296103,1575600
2022-10-26,21832.3984375,22205.956585670152,21707.87905477662,21832.3984375,863100
2022-10-27,22081.43359375,22164.44650199718,21334.31741952537,21832.39486900845,1285400
2022-10-28,21832.3984375,22371.982429301333,21583.35967205324,22330.475968393537,864000
2022-10-31,21085.28125,21832.39751476378,20836.24249507874,21666.371678149608,846900
2022-11-01,21666.369140625,21790.88850350216,21251.30459770115,21541.849777747844,530300
2022-11-02,21334.3203125,21749.384910019453,21085.281553988327,21666.371990515563,685200
2022-11-03,19881.591796875,21334.31771105167,19881.591796875,21334.31771105167,2598900
2022-11-04,19923.1015625,20587.204947916667,19591.049869791663,19757.07571614583,1176400
2022-11-07,18553.384765625,19923.09773489933,18553.384765625,19715.565466827466,1382200
2022-11-08,18926.947265625,19092.97311883224,17598.740439967107,17806.27275647615,1094000
2022-11-09,19092.970703125,19549.54174167799,18843.93195482337,18885.43841287364,728100
2022-11-10,17806.271484375,19051.465294471152,17764.76502403846,18677.907151442305,1442700
2022-11-11,19051.462890625,19051.462890625,18096.81442333878,18096.81442333878,1037200
2022-11-14,18968.451171875,19092.97054499453,18221.334933157825,19051.46408728802,721800
2022-11-15,17681.748046875,18843.928669674297,17681.748046875,18553.38351397448,1959100
2022-11-16,18843.931640625,18843.931640625,16602.582943281937,17225.17980365501,849100
2022-11-17,18843.931640625,19342.00912892346,18594.89289647577,19092.970384774228,412000
2022-11-18,19092.970703125,19757.074031929347,18179.82862601902,18843.93195482337,976900
2022-11-21,20130.6328125,20130.6328125,19134.47778672681,19175.98424613402,716000
2022-11-22,19923.1015625,20421.1791015625,19757.07571614583,20006.114485677084,716800
2022-11-23,20753.228515625,21168.2930859375,19923.099375,19923.099375,968200
2022-11-24,20587.205078125,21666.37308625252,20130.63399776336,20130.63399776336,866400
2022-11-25,20960.76171875,21168.29401299505,20421.17775371288,20794.73588335396,671400
2022-11-28,21168.29296875,21458.83816636029,20877.747771139704,21168.29296875,460300
2022-11-29,21168.29296875,21417.331709558825,20628.709030330883,21334.31879595588,652900
2022-11-30,22579.51171875,22579.51171875,20587.201861213234,21002.266414866728,1310800
2022-12-01,21624.865234375,22994.57838741603,21624.865234375,22621.020254768475,976600
2022-12-02,22288.96875,22288.96875,21417.33310055866,21417.33310055866,487000
2022-12-05,22081.43359375,22828.549767974622,21707.875506637687,22828.549767974622,811600
2022-12-06,21956.91796875,22828.55365370983,21375.827512110114,22081.43735231569,913300
2022-12-07,22247.462890625,22828.55333926073,21666.37244198927,21956.917666307138,560800
2022-12-08,22247.462890625,22704.03395741021,21998.424126923976,22247.462890625,563100
2022-12-09,22953.072265625,23243.61748417721,22081.43660996836,22247.46244914105,907400
2022-12-12,22828.552734375,23783.201303267044,22454.99459872159,22454.99459872159,1060700
2022-12-13,23036.083984375,23160.60335726352,22496.50003519144,22953.07106911599,302600
2022-12-14,22994.576171875,23326.62781334612,22496.49870966832,23326.62781334612,513100
2022-12-15,23202.109375,23326.628745527727,22662.52543604651,22662.52543604651,479800
2022-12-16,23202.109375,23575.667486583185,23077.59000447228,23077.59000447228,705500
2022-12-19,22828.552734375,23451.14962713068,22828.552734375,22870.059193892044,408700
2022-12-20,22205.95703125,22994.579804322428,21500.34718165888,22911.56688084112,540700
2022-12-21,21998.421875,22413.486438679243,21666.3702240566,22288.967069575472,257100
2022-12-22,23036.083984375,23036.083984375,21956.916086007885,22413.48711993244,376300
2022-12-23,23824.708984375,24613.3317556348,23036.0862131152,23036.0862131152,1083200
2022-12-26,23243.6171875,24073.74637276786,23077.59135044643,23824.7076171875,337300
2022-12-27,23492.654296875,23658.68012229461,22662.52516977694,23326.628471455388,415700
2022-12-28,23866.212890625,23866.212890625,22994.57728940217,22994.57728940217,331600
2022-12-29,23824.708984375,23907.721907665506,23243.618521341465,23866.21544602025,275100
2022-12-30,23949.2265625,24032.23947952773,23326.629684792028,24032.23947952773,203000
2023-01-02,23949.2265625,23949.2265625,23949.2265625,23949.2265625,0
2023-01-03,24198.263671875,24488.80886176029,23492.65392501072,23990.731393385504,216200
2023-01-04,25277.431640625,25318.93809652094,23907.718596059112,24364.28961091441,608900
2023-01-05,24903.875,26066.055833333336,24654.83625,25277.433125,958100
2023-01-06,23866.212890625,24986.887235054342,23285.122489809783,24779.35494904892,1209800
2023-01-09,23368.13671875,24156.75944993339,23077.591501998224,23866.21423318161,681300
2023-01-10,23409.642578125,23741.694245899824,23119.09736882203,23368.136119653147,340400
2023-01-11,23741.693359375,24073.74501475087,23036.083591701263,23451.148160921108,839900
2023-01-12,23783.201171875,24156.75930546466,23492.65595686082,23824.70763116274,444300
2023-01-13,23741.693359375,24073.74501475087,23658.68044553103,23824.70627321897,554500
2023-01-16,23451.150390625,23824.708538440267,23368.137468888275,23658.68269496681,295600
2023-01-17,23824.708984375,23824.708984375,23160.60559805096,23409.644367922472,572000
2023-01-18,23617.177734375,23907.72297891037,23575.67127086995,23824.710051900263,381600
2023-01-19,23617.177734375,24281.281150455845,23617.177734375,23658.68419788005,765100
2023-01-20,23617.177734375,23617.177734375,23617.177734375,23617.177734375,0
2023-01-23,23617.177734375,23617.177734375,23617.177734375,23617.177734375,0
2023-01-24,23617.177734375,23617.177734375,23617.177734375,23617.177734375,0
2023-01-25,23617.177734375,23617.177734375,23617.177734375,23617.177734375,0
2023-01-26,23617.177734375,23617.177734375,23617.177734375,23617.177734375,0
2023-01-27,23409.642578125,23907.720079787232,22828.55215951906,23700.18778742797,1114000
2023-01-30,22704.033203125,23409.643010169104,22662.526743887112,23409.643010169104,1014000
2023-01-31,23907.720703125,23907.720703125,22662.526916503903,22704.03337605794,1179900
2023-02-01,22911.56640625,24198.26669355752,22247.4630321558,23990.73438915308,1087600
2023-02-02,22330.474609375,23326.62961053671,22330.474609375,23326.62961053671,573100
2023-02-03,22454.99609375,22704.034867432994,21998.425008664508,22413.4896314695,371900
2023-02-06,23285.123046875,23326.62950506907,22247.46159202317,22247.46159202317,613500
2023-02-07,23326.62890625,23824.706391792704,23202.109534864325,23326.62890625,652600
2023-02-08,23326.62890625,23534.1611918928,23119.096620607208,23451.14827763568,622200
2023-02-09,23243.6171875,23534.16240234375,22994.578431919643,23077.59135044643,208100
2023-02-10,23326.62890625,24073.74513456406,23243.615991992883,23243.615991992883,902000
2023-02-13,24239.771484375,24239.771484375,23326.62940790882,23368.13586593001,1103900
2023-02-14,23866.212890625,24571.82266304348,23783.199976222822,24488.809748641303,407700
2023-02-15,24073.74609375,24322.784846443967,23658.681505926725,23907.72025862069,488900
2023-02-16,23949.2265625,24447.30406466638,23866.21364547227,24405.797606152515,412800
2023-02-17,24405.796875,24737.848533163266,23700.187101403066,24115.251674107145,630200
2023-02-20,24488.810546875,24820.862215307203,24115.25241988877,24405.79762976695,605400
2023-02-21,23824.708984375,24737.85114057056,23824.708984375,24737.85114057056,677400
2023-02-22,23575.669921875,24073.74745543574,23492.65699961488,23575.669921875,611600
2023-02-23,24239.771484375,24281.27794239619,23119.097117802867,23409.6423239512,797700
2023-02-24,24239.771484375,24737.84898062928,24073.74565229024,24239.771484375,400600
2023-02-27,23658.681640625,24239.77206688597,23534.16226356908,24239.77206688597,326600
2023-02-28,23824.708984375,24073.74775424652,23658.68313779399,23658.68313779399,283600
2023-03-01,24281.279296875,24281.279296875,23658.68239182692,23741.6953125,462700
2023-03-02,25567.978515625,25650.99143288352,24198.26538085937,24198.26538085937,2070400
2023-03-03,24862.3671875,25734.00276502504,24571.821994991653,25734.00276502504,749100
2023-03-06,24405.796875,25194.419563137755,24405.796875,25028.393734056124,552500
2023-03-07,24654.837890625,25692.499418008207,24654.837890625,25692.499418008207,820700
2023-03-08,24737.84765625,24820.860567848154,24073.744363464764,24654.83474465185,1279800
2023-03-09,25069.900390625,25318.93913622724,24779.355187422392,25028.393933024625,424200
2023-03-10,24571.82421875,24986.888817039697,24322.785459776183,24820.862977723817,557300
2023-03-13,24322.787109375,24654.83881052688,24281.28064673101,24322.787109375,591900
2023-03-14,24073.74609375,24405.79776400862,23741.69442349138,24364.291305226296,1029300
2023-03-15,24488.810546875,24613.32992253708,24198.26533699682,24322.784712658897,479300
2023-03-16,24073.74609375,24405.79776400862,24032.239634967675,24322.784846443967,896100
2023-03-17,24073.74609375,24405.79776400862,23824.70734105604,24156.75901131465,542700
2023-03-20,23658.681640625,24322.784984923244,23658.681640625,24073.746230811405,583900
2023-03-21,24073.74609375,24239.771928879312,23783.200882273708,23949.226717403017,638700
2023-03-22,24239.771484375,24405.79731645976,24032.23919426905,24239.771484375,466600
2023-03-23,24282.751953125,24497.64356332965,24067.86034292036,24497.64356332965,323000
2023-03-24,24067.859375,24325.729296875,24067.859375,24325.729296875,315300
2023-03-27,24583.59765625,24669.55429141172,24024.879527698864,24067.857845279723,650400
2023-03-28,24497.640625,24712.532209429824,24282.749040570176,24497.640625,461600
2023-03-29,24583.59765625,24755.510926573428,24411.68438592657,24454.66270350743,246200
2023-03-30,24583.59765625,24798.489244154283,24583.59765625,24798.489244154283,264200
2023-03-31,24755.51171875,24755.51171875,24497.64180501302,24497.64180501302,437800
2023-04-03,25056.359375,25271.250964837047,24669.554513293308,24841.46778516295,532100
2023-04-04,25701.03515625,25701.03515625,24927.425402382945,25142.317000679348,707900
2023-04-05,26216.775390625,26560.601953125,25400.1873046875,25615.07890625,939900
2023-04-06,25357.208984375,26302.73203125,25357.208984375,25958.90546875,882700
2023-04-07,25056.359375,25443.16423670669,24970.40273906518,25357.207600771868,396600
2023-04-10,25142.31640625,25443.16463675214,24970.40313167735,25056.35976896368,269500
2023-04-11,25615.076171875,25615.076171875,24970.401436005664,25056.35806745491,456500
2023-04-12,25701.03515625,26474.64491011706,25615.07851693144,25615.07851693144,841800
2023-04-13,25744.01171875,26087.838252556343,25615.07676857262,25829.968352201584,240600
2023-04-14,24927.423828125,25786.990167025862,24927.423828125,25786.990167025862,571800
2023-04-17,24884.447265625,25185.29550545121,24755.51230569948,24970.403905575346,258500
2023-04-18,25185.294921875,25228.27324085431,24798.49005106122,24798.49005106122,192900
2023-04-19,25271.25,25615.076530612245,25271.25,25443.163265306124,543900
2023-04-20,25228.2734375,25357.20839544293,25185.295118185688,25271.25175681431,266800
2023-04-21,25443.1640625,25744.012286212,25185.29415646115,25529.120697846283,500700
2023-04-24,25958.904296875,26044.86093361962,25228.27288454574,25615.077749896525,597600
2023-04-25,25958.904296875,26517.622435715024,25915.92597850269,25958.904296875,834200
2023-04-26,26001.8828125,26044.861131198348,25658.056262913226,26044.861131198348,240000
2023-04-27,26001.8828125,26431.66599948347,25872.94785640496,26173.796087293387,956600
2023-04-28,27119.318359375,27463.144899588948,26087.83873873316,26216.773691313392,1358900
2023-05-01,27119.318359375,27119.318359375,27119.318359375,27119.318359375,0
2023-05-02,27119.318359375,27119.318359375,27119.318359375,27119.318359375,0
2023-05-03,27119.318359375,27119.318359375,27119.318359375,27119.318359375,0
2023-05-04,27248.255859375,27463.147467098777,26775.49432238269,27119.320894740733,935800
2023-05-05,26775.4921875,27291.232004915728,26775.4921875,27248.25368679775,548200
2023-05-08,26560.6015625,27248.254677386733,26560.6015625,27162.29803802589,746700
2023-05-09,26732.515625,26861.450587821542,26474.64569935691,26517.624020297422,430000
2023-05-10,26818.470703125,27033.36229529748,26689.53574782152,26732.51406625601,386400
2023-05-11,26474.64453125,27334.21091213474,26474.64453125,27334.21091213474,682500
2023-05-12,26775.4921875,26904.42714185393,26044.860779494385,26474.643960674155,1109200
2023-05-15,26474.64453125,27076.34099786932,26474.64453125,27076.34099786932,411200
2023-05-16,26646.556640625,27033.361495085683,26517.621689138105,26646.556640625,983400
2023-05-17,26345.708984375,26818.47048327896,26302.73066629282,26646.557210950243,471300
2023-05-18,26560.6015625,26646.55820186084,26345.709964097896,26388.68828377832,375700
2023-05-19,27291.232421875,27721.015609621063,26646.557640255905,26646.557640255905,1197800
2023-05-22,28451.646484375,28795.473027992823,27506.12348942598,27506.12348942598,1604400
2023-05-23,28193.77734375,28537.60389672256,27849.95079077744,28451.64725847942,727200
2023-05-24,28193.77734375,28193.77734375,28193.77734375,28193.77734375,0
2023-05-25,28279.736328125,28322.71465081212,27806.97477856668,27935.90974662804,529500
2023-05-26,28279.736328125,28838.454523057564,27935.90974662804,28365.69297349924,467600
2023-05-29,28236.75390625,28408.66717204148,28064.84064045853,28408.66717204148,326600
2023-05-30,28623.560546875,28838.45214257226,28021.86407892268,28279.733993759382,594800
2023-05-31,28365.689453125,28881.429261363635,28236.75450106534,28666.537674597537,568800
2023-06-01,28365.689453125,28494.62440518466,28150.797866358906,28451.64608783144,318600
2023-06-02,28279.736328125,28623.562909621964,28193.779682750763,28365.69297349924,456400
2023-06-05,28881.4296875,29225.25623139881,28322.71155366444,28623.55977957589,754800
2023-06-06,28795.474609375,28881.43125,28451.648046875,28838.4529296875,240700
2023-06-07,28107.822265625,29053.345338780586,28021.86562261085,28795.47540973815,1128600
2023-06-08,27892.927734375,28322.710904396183,27892.927734375,28193.77595338983,791900
2023-06-09,27635.05859375,27935.906821053653,27248.25373007388,27935.906821053653,738900
2023-06-12,27849.951171875,28150.799409842788,27463.146294487848,27763.994532455632,513100
2023-06-13,27506.123046875,28021.862854003903,27506.123046875,28021.862854003903,532200
2023-06-14,27291.232421875,27721.015609621063,27076.34082800197,27721.015609621063,710400
2023-06-15,27678.037109375,27678.037109375,27162.29728746118,27291.23224293964,289500
2023-06-16,27076.33984375,27763.992919146825,27076.33984375,27592.07965029762,632600
2023-06-19,27076.33984375,27334.209747023808,26904.4265749008,27076.33984375,273300
2023-06-20,26646.556640625,27076.33981224798,26474.64337197581,27076.33981224798,737100
2023-06-21,26818.470703125,26990.38397686298,26646.55742938702,26990.38397686298,596300
2023-06-22,26818.470703125,26818.470703125,26818.470703125,26818.470703125,0
2023-06-23,27463.14453125,28021.862651604068,27377.187897349373,28021.862651604068,470400
2023-06-26,27463.14453125,27463.14453125,26818.469776995305,27334.20958039906,630200
2023-06-27,27334.2109375,27506.12421383648,27119.319342079405,27463.14589475236,409100
2023-06-28,27205.275390625,27635.05857215146,27162.29707247236,27248.253708777644,583300
2023-06-29,26646.556640625,27334.20971522177,26646.556640625,27205.27476373488,533000
2023-06-30,25701.03515625,26646.55818875418,25701.03515625,26517.62322977633,1212100
2023-07-03,25529.123046875,26044.862906407827,25529.123046875,25744.01465501368,636000
2023-07-04,26130.81640625,26216.77303916529,25400.185026469982,25786.989874588813,846100
2023-07-05,25958.904296875,26302.73084385348,25915.92597850269,26302.73084385348,594500
2023-07-06,25786.9921875,25958.90546875,25357.208984375,25958.90546875,723000
2023-07-07,25572.099609375,25786.99120273109,25185.29474133404,25744.01288405988,1020500
2023-07-10,26216.775390625,26216.775390625,25357.208984375,25486.143945312502,1100000
2023-07-11,25915.92578125,26474.64391583748,25829.96914515962,26474.64391583748,785200
2023-07-12,25701.03515625,26001.88339386497,25658.05683659072,25872.948434887126,526000
2023-07-13,25958.904296875,26044.86093361962,25744.01270501345,25786.991023385763,844500
2023-07-14,26947.40625,26947.40625,26044.8615430622,26044.8615430622,2018300
2023-07-17,26818.470703125,26947.405658428488,26646.55742938702,26947.405658428488,884300
2023-07-18,26603.578125,26861.44802605008,26517.62149131664,26818.4697092084,788400
2023-07-19,26560.6015625,26990.38475930421,26388.68828377832,26646.55820186084,765500
2023-07-20,26216.775390625,26388.688671875,26087.8404296875,26388.688671875,1378500
2023-07-21,26431.666015625,26560.60097179878,26001.882828379064,26087.83946582825,1008900
2023-07-24,26001.8828125,26431.66599948347,25786.991219008265,26431.66599948347,1052200
2023-07-25,25701.03515625,26173.79667250209,25701.03515625,26173.79667250209,748800
2023-07-26,25829.96875,26130.816971713808,25615.077163061564,25701.03379783694,660100
2023-07-27,25013.3828125,26130.819158075603,24024.88142987543,25829.970911189863,1561600
2023-07-28,25142.31640625,25314.22968082265,24927.424813034188,25314.22968082265,724700
2023-07-31,25271.25,25658.054846938776,25099.33673469388,25142.31505102041,589500
2023-08-01,25142.31640625,25271.25136217949,24970.40313167735,25271.25136217949,599200
2023-08-02,25099.337890625,25142.316208930864,24927.424617401542,24927.424617401542,401000
2023-08-03,25357.208984375,25443.165625,25099.3390625,25099.3390625,753900
2023-08-04,25228.2734375,25486.14335338585,25185.295118185688,25400.18671475724,495800
2023-08-07,25228.2734375,25486.14335338585,25228.2734375,25443.16503407155,650200
2023-08-08,26044.861328125,26044.861328125,25228.273266682136,25271.25158570545,1841800
2023-08-09,25701.03515625,26130.818352842813,25658.05683659072,26130.818352842813,806500
2023-08-10,25443.1640625,26044.860509923987,25443.1640625,25786.990603885133,1069600
2023-08-11,25529.123046875,25529.123046875,25013.38318734217,25443.16640361953,689900
2023-08-14,25486.142578125,25701.034168159786,25314.22930609717,25529.12089613196,729600
2023-08-15,25529.123046875,25872.949619896885,25443.16640361953,25529.123046875,919500
2023-08-16,25357.208984375,25658.0572265625,25271.25234375,25443.165625,382200
2023-08-17,25099.337890625,25357.20780046019,25056.359572319136,25228.2728455426,679600
2023-08-18,23380.205078125,25099.33780445772,23380.205078125,25099.33780445772,1663300
2023-08-21,23638.076171875,23809.989453125,23251.2712890625,23380.20625,431700
2023-08-22,23809.98828125,23809.98828125,23251.27014468637,23638.07500846119,675000
2023-08-23,23638.076171875,23981.902734375,23595.0978515625,23981.902734375,367800
2023-08-24,23724.03125,23724.03125,23466.161345108696,23724.03125,336600
2023-08-25,23638.076171875,23724.0328125,23509.1412109375,23724.0328125,563900
2023-08-28,23724.03125,23895.944519927536,23466.161345108696,23895.944519927536,360700
2023-08-29,23681.052734375,23852.966002864112,23552.117783008165,23724.03105149728,492100
2023-08-30,23681.052734375,23809.98768574183,23595.09610013045,23724.03105149728,293900
2023-08-31,23981.90234375,24110.83730258737,23681.05410646281,23724.032426075268,617700
2023-09-01,23981.90234375,23981.90234375,23981.90234375,23981.90234375,0
2023-09-04,23981.90234375,23981.90234375,23981.90234375,23981.90234375,0
2023-09-05,24927.423828125,24970.40214507004,24067.857489224138,24067.857489224138,897200
2023-09-06,24884.447265625,25314.230465376728,24755.51230569948,24970.403905575346,965800
2023-09-07,24712.53125,25099.33608695652,24540.617989130435,24927.42282608696,973300
2023-09-08,25357.208984375,25615.07890625,24755.5125,24755.5125,2023900
2023-09-11,25572.099609375,25915.926158744747,25400.186334690126,25744.01288405988,1383100
2023-09-12,25658.0546875,25829.967951737857,25357.20647508376,25572.09805538108,888800
2023-09-13,25357.208984375,25744.0138671875,25314.2306640625,25744.0138671875,1663300
2023-09-14,24813.83984375,25493.0507883782,24723.27838446624,25266.6471401688,757200
2023-09-15,24089.34765625,24994.96222979324,24089.34765625,24632.71640037594,991000
2023-09-18,23998.78515625,24270.469516509434,23772.38152270047,24089.34660966981,401600
2023-09-19,24179.908203125,24994.961288623595,23772.381660375704,23998.785295236423,1343500
2023-09-20,24406.314453125,24677.99884406888,24225.191525829083,24225.191525829083,585100
2023-09-21,24089.34765625,24632.71640037594,23908.22474154135,24632.71640037594,965600
2023-09-22,23636.5390625,24089.34632423372,23364.85470545977,23908.22341954023,896000
2023-09-25,22821.48828125,23817.66435701885,22640.365358382936,23455.418511284723,941400
2023-09-26,22187.556640625,22957.32901387117,22187.556640625,22730.925374681123,1021700
2023-09-27,22278.119140625,22278.119140625,21734.75038109756,22187.55768070376,656600
2023-09-28,21825.310546875,22368.67927418309,21825.310546875,22368.67927418309,557000
2023-09-29,22187.556640625,22413.96027981505,21961.15300143495,21961.15300143495,441900
2023-10-02,22549.802734375,22549.802734375,22323.399092463605,22549.802734375,435200
2023-10-03,21915.873046875,22549.803258974687,21780.030858567923,22549.803258974687,670700
2023-10-04,21915.873046875,22232.838152924844,21734.75012913223,21915.873046875,369700
2023-10-05,21870.59375,22413.96253881988,21870.59375,21961.15521480331,538600
2023-10-06,21915.873046875,22187.55742348915,21870.592317439303,22096.995964617767,221800
2023-10-09,22323.3984375,22323.3984375,21915.871894016225,21961.152621069978,553500
2023-10-10,22821.48828125,23274.29558841766,22459.24243551588,22549.803896949405,653000
2023-10-11,22776.20703125,23093.172139040755,22459.241923459245,23093.172139040755,275700
2023-10-12,22504.521484375,22821.486575704224,22368.67930237676,22821.486575704224,631400
2023-10-13,22504.521484375,22595.08293904049,22232.83712037852,22368.67930237676,388000
2023-10-16,22142.275390625,22504.52120478656,22142.275390625,22504.52120478656,474400
2023-10-17,22142.275390625,22459.24047801636,22142.275390625,22142.275390625,437000
2023-10-18,21055.5390625,22142.2765625,20964.977604166663,22142.2765625,1195300
2023-10-19,20738.572265625,21055.53734392058,20648.010814683406,21010.25661844978,595600
2023-10-20,20829.13671875,20829.13671875,20240.487202785327,20376.32939877717,438600
2023-10-23,20693.29296875,21146.100254718272,20557.45078295952,21146.100254718272,200600
2023-10-24,21372.505859375,21417.78659212791,20648.014135328387,20738.57560083421,757600
2023-10-25,21236.66015625,21689.46740904851,21236.66015625,21372.50233208956,486200
2023-10-26,20331.048828125,21372.5056723274,20285.768095768373,20466.89102519488,558400
2023-10-27,20829.13671875,20829.13671875,20376.32939877717,20466.89086277174,328500
2023-10-30,20829.13671875,21010.25964673913,20557.452326766303,20557.452326766303,154500
2023-10-31,20512.169921875,20829.13502000552,20512.169921875,20829.13502000552,245300
2023-11-01,20693.29296875,20874.41588313731,20331.047139975384,20557.45078295952,259300
2023-11-02,21372.505859375,21372.505859375,20693.294868081302,20693.294868081302,446300
2023-11-03,21236.66015625,21598.905958488805,21100.817980410447,21598.905958488805,205000
2023-11-06,21553.626953125,21598.90768201812,21236.661850873163,21281.94257976628,405000
2023-11-07,21598.90625,21825.30987945493,21281.941168763104,21553.62552410901,542500
2023-11-08,22096.99609375,22096.99609375,21508.346607646003,21689.469526447232,607600
2023-11-09,22096.99609375,22368.680471951844,22006.434634349385,22187.55755315061,906000
2023-11-10,22776.20703125,23229.014328093937,22459.241923459245,22459.241923459245,923200
2023-11-13,22278.119140625,22912.04936007368,22232.83841066438,22685.64571027058,397900
2023-11-14,22595.083984375,22640.364713802606,22051.715231243736,22413.96106666458,491300
2023-11-15,22640.36328125,23093.170546875,22323.3981953125,22685.6440078125,837600
2023-11-16,22595.083984375,22640.364713802606,22368.68033723697,22640.364713802606,248800
2023-11-17,22187.556640625,22821.486830357146,22096.99518494898,22595.08319116709,644800
2023-11-20,22323.3984375,22368.679164553752,21915.871894016225,22006.43334812373,251500
2023-11-21,22459.2421875,22459.2421875,22187.5578061996,22459.2421875,237600
2023-11-22,22595.083984375,22776.20690208542,22459.241796092185,22459.241796092185,481500
2023-11-23,22232.837890625,22776.20663744272,22232.837890625,22776.20663744272,353000
2023-11-24,22051.71484375,22187.55702964579,21598.9075574307,22187.55702964579,614700
2023-11-27,21553.626953125,22051.71497094932,21553.626953125,22051.71497094932,270400
2023-11-28,21915.873046875,21915.873046875,21463.06575251808,21553.627211389463,120900
2023-11-29,21825.310546875,22051.71418325337,21825.310546875,21915.87200142635,243100
2023-11-30,21780.03125,21961.15417099792,21598.90832900208,21825.31198024948,221900
2023-12-01,21644.1875,21961.152588912133,21598.90677301256,21961.152588912133,190900
2023-12-04,22006.435546875,22006.435546875,21734.75115740741,21734.75115740741,357200
2023-12-05,22549.802734375,22685.64491952184,22096.99545055221,22187.556907316768,1201600
2023-12-06,22549.802734375,22685.64491952184,22323.399092463605,22640.36419113956,575700
2023-12-07,22459.2421875,22730.926568800405,22096.99634576613,22730.926568800405,1064300
2023-12-08,22504.521484375,22866.767303036973,22323.39857504401,22640.36366637324,1260100
2023-12-11,22413.9609375,22640.36458333333,22323.399479166663,22549.803125,210500
2023-12-12,22323.3984375,22459.240618661257,22051.71407517749,22368.679164553752,666600
2023-12-13,22006.435546875,22459.24286265432,21961.154815297068,22459.24286265432,458200
2023-12-14,21825.310546875,22142.27563780472,21734.74909232365,21961.152728702025,759000
2023-12-15,21825.310546875,22142.27563780472,21825.310546875,22142.27563780472,311300
2023-12-18,21598.90625,21780.02915356394,21598.90625,21644.186975890985,183400
2023-12-19,21372.505859375,21644.19025589248,21236.66366111626,21644.19025589248,522400
2023-12-20,21417.78515625,21553.62734540169,21281.942967098308,21463.06588596723,446400
2023-12-21,21463.064453125,21463.064453125,21055.53791287579,21372.502999736287,568200
2023-12-22,21236.66015625,21644.186683768658,21191.37943097015,21598.905958488805,531900
2023-12-25,21644.1875,21734.748953974897,21100.818776150627,21100.818776150627,708700
2023-12-26,21644.1875,21825.31040794979,21327.222411087867,21825.31040794979,470600
2023-12-27,21327.224609375,21644.189730958067,21327.224609375,21644.189730958067,536800
2023-12-28,21734.75,21734.75,21281.94270833333,21417.78489583333,553400
2023-12-29,22187.556640625,22187.556640625,21734.749362244896,21825.31081792092,1349900
2024-01-01,22187.556640625,22187.556640625,22187.556640625,22187.556640625,0
2024-01-02,22278.119140625,22323.39987058562,21825.3118410188,22278.119140625,1588800
2024-01-03,22459.2421875,22459.2421875,22232.83853641633,22278.119266633064,1073400
2024-01-04,22504.521484375,22730.925121038734,22459.24075704225,22640.36366637324,1847500
2024-01-05,22278.119140625,22595.08425034934,22187.55768070376,22504.522790428106,1068300
2024-01-08,22368.681640625,22549.804568889173,22323.40090855896,22323.40090855896,696400
2024-01-09,22368.681640625,22459.243104757086,22278.12017649292,22368.681640625,593600
2024-01-10,22730.92578125,23093.17161043327,22549.802866658367,22640.364323954185,1927800
2024-01-11,23545.98046875,23681.822663762017,22957.33095703125,23047.892420372595,1922100
2024-01-12,23410.138671875,23908.226728723403,23183.73500967117,23545.98086919729,1686900
2024-01-15,23229.013671875,23817.663141142788,23183.732943469782,23410.136585495857,727600
2024-01-16,23500.697265625,23500.697265625,23138.45145035525,23274.293631081404,509900
2024-01-17,23500.697265625,23817.66235398603,23319.574357990125,23545.97799253372,700500
2024-01-18,23274.294921875,23500.69856897496,23093.17200419504,23364.85638071498,650200
2024-01-19,23364.85546875,23455.41692405524,23229.01328579216,23274.294013444767,650100
2024-01-22,23455.41796875,23862.94453577461,23183.73359073359,23591.260157758203,1508000
2024-01-23,23410.138671875,23636.54233407882,23229.015742111944,23636.54233407882,801200
2024-01-24,23093.171875,23500.6984375,23002.610416666663,23410.136979166666,1324900
2024-01-25,23093.171875,23093.171875,23093.171875,23093.171875,0
2024-01-26,23047.892578125,23138.4540420862,22912.050382183203,22912.050382183203,311400
2024-01-29,22912.048828125,23229.013930490368,22912.048828125,23138.45247267169,369300
2024-01-30,23681.8203125,23681.8203125,22912.04795052581,23183.73231357553,1384000
2024-01-31,23274.294921875,23727.1022160749,23183.73346303502,23727.1022160749,602100
2024-02-01,23274.294921875,23410.13711013497,22957.329815935067,23274.294921875,581700
2024-02-02,23274.294921875,23274.294921875,23274.294921875,23274.294921875,0
2024-02-05,22912.048828125,23183.733201581028,22912.048828125,23047.891014853016,752900
2024-02-06,23002.609375,23138.451556348427,22912.04792076772,23138.451556348427,432100
2024-02-07,23047.892578125,23093.1733101056,22866.769650202605,23093.1733101056,787100
2024-02-08,23047.892578125,23047.892578125,23047.892578125,23047.892578125,0
2024-02-09,23047.892578125,23047.892578125,23047.892578125,23047.892578125,0
2024-02-15,23274.294921875,23364.85638071498,23093.17200419504,23229.01419245501,542100
2024-02-16,23364.85546875,23410.13619640262,23274.294013444767,23410.13619640262,648700
2024-02-19,24089.34765625,24089.34765625,23364.85599741541,23455.417454769737,2183400
2024-02-20,24089.34765625,24270.470570958645,23953.505470218515,24134.62838492716,1199400
2024-02-21,23817.6640625,24089.348443441064,23636.541141872625,24089.348443441064,1042500
2024-02-22,23636.5390625,23862.94269336686,23591.258336326628,23681.81978867337,1309300
2024-02-23,23183.732421875,23681.82042312622,23093.17096710205,23681.82042312622,1830400
2024-02-26,23229.013671875,23274.29440028021,23002.61002984893,23093.17148665936,555600
2024-02-27,23410.138671875,23455.41940431576,23183.73500967117,23229.015742111944,644100
2024-02-28,23455.41796875,23636.540887427604,23274.2950500724,23545.9794280888,729600
2024-02-29,23229.013671875,23455.417313901075,23138.45221506457,23455.417313901075,837300
2024-03-01,23545.98046875,23545.98046875,23183.734615384616,23274.29607872596,743300
2024-03-04,23636.5390625,24089.34632423372,23591.258336326628,23772.38124102012,1997300
2024-03-05,23953.505859375,23953.505859375,23681.82148289816,23908.2251299622,1236300
2024-03-06,23636.5390625,23953.504145713603,23545.97761015326,23817.66196719349,1016400
2024-03-07,23727.1015625,23817.66301884542,23455.41719346373,23545.97864980916,1000900
2024-03-08,23772.384765625,23998.788430059525,23545.981101190475,23772.384765625,1311600
2024-03-11,23500.697265625,23862.943080894747,23500.697265625,23817.66235398603,995100
2024-03-12,23364.85546875,23545.978379360466,23183.73255813953,23500.69765170785,1385100
2024-03-13,23455.41796875,23545.9794280888,23274.2950500724,23410.1372390806,1019700
2024-03-14,23408.87890625,23688.110066165507,23315.80185294483,23455.417432902585,1347900
2024-03-15,23362.33984375,23501.95542050548,23222.724266994523,23455.41689492032,1010500
2024-03-18,22757.33984375,23408.87922577965,22571.185734598672,23362.34069849182,1846000
2024-03-19,23036.5703125,23036.5703125,22478.10800189394,22710.80063131313,1025000
2024-03-20,23036.5703125,23083.10883838384,22803.87768308081,23083.10883838384,590600
2024-03-21,22617.724609375,23083.10988940329,22617.724609375,22990.032833397632,2627300
2024-03-22,22850.416015625,22990.031592095213,22617.723388174643,22617.723388174643,594800
2024-03-25,22850.416015625,22990.031592095213,22803.877490134928,22850.416015625,653800
2024-03-26,22943.494140625,22943.494140625,22664.26297461333,22896.95561295639,692400
2024-03-27,23408.87890625,23408.87890625,22943.493639724154,22943.493639724154,1271600
2024-03-28,23362.33984375,23455.41689492032,23176.18574140936,23408.87836933516,625000
2024-03-29,23129.6484375,23455.418133802817,23083.10990945674,23455.418133802817,627700
2024-04-01,22710.80078125,23129.647516969773,22710.80078125,23129.647516969773,1063500
2024-04-02,23036.5703125,23176.185890151515,22710.80063131313,22803.87768308081,916000
2024-04-03,22803.876953125,23176.185148278066,22757.338428730865,23036.569575095666,661000
2024-04-04,21966.185546875,22803.87906349312,21966.185546875,22664.263477390094,2548300
2024-04-05,21454.26171875,21826.569948142624,21407.72319007592,21686.95436212039,2292400
2024-04-08,20802.720703125,21407.72152894295,20523.489552747484,21407.72152894295,1999900
2024-04-09,21221.568359375,21221.568359375,20523.49045281661,21035.41425095943,847900
2024-04-10,21175.029296875,21593.87603021978,21081.95224502061,21081.95224502061,743400
2024-04-11,20988.875,21128.490576496675,20895.79794900222,21035.41352549889,610200
2024-04-12,21128.490234375,21268.10580861096,20988.87466013904,21035.41318488436,460200
2024-04-15,20476.951171875,21035.413476562502,20476.951171875,21035.413476562502,1349800
2024-04-16,20104.642578125,20570.027822989003,19825.4114312066,20476.950774016204,1302300
2024-04-17,20151.181640625,20476.951320727483,20151.181640625,20476.951320727483,421600
2024-04-19,19592.71875,20151.18104216152,19546.180225653206,20151.18104216152,878400
2024-04-22,20011.56640625,20104.64345930233,19406.565561409883,19406.565561409883,1024500
2024-04-23,19732.333984375,20011.565125663325,19685.795460826947,19965.02660211527,544400
2024-04-24,20058.10546875,20151.182524289445,19825.41282990139,19825.41282990139,615700
2024-04-25,19825.412109375,20011.56621368838,19825.412109375,19965.02768761004,295500
2024-04-26,19918.490234375,20151.182877299943,19825.413177205024,19825.413177205024,373500
2024-04-29,19918.490234375,19918.490234375,19918.490234375,19918.490234375,0
2024-04-30,19918.490234375,19918.490234375,19918.490234375,19918.490234375,0
2024-05-02,20849.259765625,20942.33681815011,19918.48924037388,19918.48924037388,1024100
2024-05-03,20849.259765625,21035.413870675224,20570.028608049663,21035.413870675224,442100
2024-05-06,20756.181640625,20942.33573605661,20570.027545193385,20849.258688340808,552800
2024-05-07,20709.64453125,20942.337166432582,20616.567477176966,20942.337166432582,413700
2024-05-08,20709.64453125,20849.26011235955,20476.95189606741,20709.64453125,516300
2024-05-09,20570.029296875,20942.33751944288,20523.490769054013,20942.33751944288,443200
2024-05-10,20430.4140625,20709.64523419704,20337.33700526765,20570.02964834852,424800
2024-05-13,20570.029296875,20709.64488033795,20383.875185591063,20383.875185591063,343000
2024-05-14,20523.490234375,20663.10581420068,20383.87465454932,20663.10581420068,205200
2024-05-15,20383.875,20570.02910958904,20244.25941780822,20476.95205479452,611000
2024-05-16,20895.798828125,20895.798828125,20337.336498642817,20570.02913592706,1247600
2024-05-17,20802.720703125,20942.33627831376,20709.64365299916,20942.33627831376,552600
2024-05-20,20802.720703125,20988.87480337668,20756.18217806208,20942.33627831376,819200
2024-05-21,20663.10546875,20849.25957207207,20570.028417088964,20802.72104624156,487600
2024-05-22,20616.56640625,20895.797553964447,20523.48935701185,20895.797553964447,924700
2024-05-23,21593.876953125,21593.876953125,20570.02933896821,20616.567866884427,2296300
2024-05-24,21035.4140625,21547.337856056416,20756.18290237832,21407.722275995573,1163100
2024-05-27,21593.876953125,21826.569592706088,21081.95314604661,21221.568729795257,1492300
2024-05-28,21593.876953125,21733.49253687365,21314.64578562769,21593.876953125,897200
2024-05-29,21081.953125,21593.876931567327,21035.41459713024,21593.876931567327,1714300
2024-05-30,21780.029296875,22012.72191756811,21081.951434795672,21128.489958934297,2005900
2024-05-31,21454.26171875,21966.18553416486,21314.646132727765,21873.108476816706,1003000
2024-06-03,21454.26171875,21454.26171875,21454.26171875,21454.26171875,0
2024-06-04,21780.029296875,22105.79896584535,21500.79815204327,21966.18339342949,1171000
2024-06-05,21221.568359375,21873.10773882949,21175.02983227111,21873.10773882949,1868000
2024-06-06,21314.64453125,21500.79863195961,21128.490430540394,21268.1060060726,981200
2024-06-07,21547.337890625,21780.030524433045,21268.106730055348,21407.72231034017,933900
2024-06-10,21500.798828125,21780.02998173701,21407.721776921,21780.02998173701,708400
2024-06-11,21314.64453125,21780.029783024016,21268.1060060726,21500.79863195961,846600
2024-06-12,21361.18359375,21361.18359375,21175.029488357843,21314.64506740196,450800
2024-06-13,21314.64453125,21593.87568231441,21268.1060060726,21407.721581604805,904500
2024-06-14,20616.56640625,21593.875423250563,20616.56640625,21314.64427553612,1530500
2024-06-17,20895.798828125,20942.337355581847,20523.49060847021,20663.10619084076,893700
2024-06-18,21221.568359375,21454.260994894463,20942.337196751647,21128.491305167216,869500
2024-06-19,20942.337890625,21314.646119791665,20849.260833333334,21314.646119791665,594600
2024-06-20,20849.259765625,21035.413870675224,20570.028608049663,21035.413870675224,545300
2024-06-21,20756.181640625,20942.33573605661,20709.643116767096,20942.33573605661,379100
2024-06-24,20197.720703125,20849.260080645163,20197.720703125,20756.18302671371,883800
2024-06-25,20476.951171875,20616.56674804688,20244.258544921875,20244.258544921875,378300
2024-06-26,20476.951171875,20663.1052734375,20244.258544921875,20663.1052734375,415000
2024-06-27,20476.951171875,20663.1052734375,20197.72001953125,20663.1052734375,245800
2024-06-28,20197.720703125,20570.028918850807,20197.720703125,20290.79775705645,503700
2024-07-01,20430.4140625,20430.4140625,20104.644362186787,20337.33700526765,235500
2024-07-02,20476.951171875,20663.1052734375,20383.87412109375,20663.1052734375,193600
2024-07-03,20476.951171875,20523.489697265624,20290.7970703125,20430.412646484376,294500
2024-07-04,20476.951171875,20616.56674804688,20430.412646484376,20476.951171875,338600
2024-07-05,20430.4140625,20523.491119732345,20383.875533883827,20476.952591116173,206600
2024-07-08,20337.3359375,20476.951516018307,20290.797411327232,20290.797411327232,370600
2024-07-09,20756.181640625,20895.79721219871,20337.334925903862,20383.87344976177,944700
2024-07-10,20616.56640625,20895.797553964447,20570.02788163093,20849.25902934537,266300
2024-07-11,20430.4140625,20709.64523419704,20430.4140625,20616.56817696469,387700
2024-07-12,20430.4140625,20523.491119732345,20337.33700526765,20430.4140625,258400
2024-07-15,20476.951171875,20570.02822265625,20337.335595703127,20383.87412109375,462000
2024-07-16,20290.796875,20523.489499713305,20290.796875,20476.950974770643,576700
2024-07-17,19732.333984375,20383.87331404776,19546.179890182782,20383.87331404776,1133300
2024-07-18,19639.2578125,19918.488966232228,19546.180761255924,19918.488966232228,413900
2024-07-19,19360.025390625,19685.795048640324,19173.87130033053,19639.256526066707,627600
2024-07-22,19034.2578125,19360.02750611247,18894.642229523222,19360.02750611247,575800
2024-07-23,18848.1015625,19127.33269675926,18848.1015625,18987.71712962963,326500
2024-07-24,18848.1015625,18987.71712962963,18661.947472993827,18801.56304012346,468500
2024-07-25,18615.41015625,18848.102783203125,18615.41015625,18848.102783203125,227900
2024-07-26,19080.796875,19080.796875,18522.334527439023,18894.64275914634,703000
2024-07-29,18708.486328125,19173.87156016791,18708.486328125,19173.87156016791,353300
2024-07-30,18615.41015625,19034.256884765626,18568.871630859376,19034.256884765626,495800
2024-07-31,18615.41015625,18708.48720703125,18522.33310546875,18708.48720703125,462400
2024-08-01,18010.41015625,18708.488069282947,18010.41015625,18615.411014211888,681200
2024-08-02,18522.333984375,18522.333984375,17870.79459798995,17963.871653187813,649100
2024-08-05,18010.41015625,18568.87248667636,17963.87162871447,18475.795431605296,607700
2024-08-06,18196.5625,18429.255115089512,18010.40840792839,18010.40840792839,217500
2024-08-07,18475.794921875,18568.871974378148,18196.56376436556,18196.56376436556,387200
2024-08-08,18289.640625,18522.333253816792,18243.102099236643,18429.256202290075,256600
2024-08-09,18475.794921875,18522.333448126574,18336.17934312028,18382.71786937185,218100
2024-08-12,18708.486328125,18894.640420942163,18336.17814249067,18522.33223530784,710500
2024-08-13,18056.94921875,18894.64273920748,17963.87216092139,18848.104210293168,1077800
2024-08-14,17684.640625,18056.94884868421,17358.870929276316,17963.87179276316,2024200
2024-08-15,17684.640625,17824.25620888158,17498.486513157895,17638.102097039475,522800
2024-08-16,18056.94921875,18056.94921875,17591.563929606957,17684.640987435567,869900
2024-08-19,18522.333984375,18615.411039572864,17870.79459798995,17870.79459798995,1025300
2024-08-20,18475.794921875,18661.9490268813,18289.640816868705,18568.871974378148,618200
2024-08-21,19034.2578125,19080.79634015893,18429.256952933985,18429.256952933985,1241300
2024-08-22,18755.025390625,19080.795062422458,18755.025390625,18801.56391516749,390800
2024-08-23,18801.564453125,18848.10297899907,18661.948875502785,18755.02592725093,389500
2024-08-26,18615.41015625,19034.256884765626,18429.2560546875,19034.256884765626,740100
2024-08-27,18522.333984375,18661.9495671718,18429.256929177136,18615.411039572864,267000
2024-08-28,18336.177734375,18568.870345217325,18243.10069003807,18429.25477871193,347700
2024-08-29,18475.794921875,18522.333448126574,18243.102290617127,18475.794921875,337600
2024-08-30,18336.177734375,18615.408867385788,18336.177734375,18475.7933008804,226400
2024-09-04,18755.025390625,18755.025390625,18196.563096115075,18196.563096115075,574500
2024-09-05,18568.873046875,18848.104220512218,18568.873046875,18801.56569157268,570800
2024-09-06,18475.794921875,18615.410500629725,18382.71786937185,18615.410500629725,238700
2024-09-09,18522.333984375,18522.333984375,18336.179873979272,18475.795456776068,199900
2024-09-10,18522.333984375,18568.87251197393,18336.179873979272,18522.333984375,200500
2024-09-11,18568.873046875,18615.41157581453,18150.02628641917,18382.71893111685,502700
2024-09-12,18522.333984375,18708.488094770728,18475.795456776068,18661.9495671718,147900
2024-09-13,18336.177734375,18615.408867385788,18336.177734375,18522.33182304886,195100
2024-09-16,18336.177734375,18429.25477871193,18243.10069003807,18336.177734375,204900
2024-09-17,18568.873046875,18568.873046875,18243.103344298244,18382.71893111685,255700
2024-09-18,18755.025390625,18941.179488794976,18615.40981699752,18615.40981699752,495000
2024-09-19,18615.41015625,18894.64130859375,18615.41015625,18894.64130859375,275800
2024-09-20,18568.873046875,18801.56569157268,18568.873046875,18801.56569157268,218500
2024-09-23,18429.2578125,18661.950461647728,18382.719282670456,18568.87340198864,136300
2024-09-24,18429.2578125,18568.87340198864,18382.719282670456,18429.2578125,168900
2024-09-25,18568.873046875,18568.873046875,18429.25746005639,18429.25746005639,306800
2024-09-26,18522.333984375,18848.103677567524,18522.333984375,18568.87251197393,394900
2024-09-27,18429.2578125,18661.950461647728,18429.2578125,18522.33487215909,259900
2024-09-30,18429.2578125,18522.33487215909,18382.719282670456,18475.796342329544,288100
2024-10-01,18475.794921875,18568.871974378148,18429.256395623423,18568.871974378148,250300
2024-10-02,18429.2578125,18615.411931818184,18336.180752840908,18382.719282670456,263400
2024-10-03,18289.640625,18568.87177958016,18289.640625,18568.87177958016,269900
2024-10-04,18289.640625,18429.256202290075,18150.025047709925,18336.17915076336,194100
2024-10-07,18289.640625,18382.71767652672,18243.102099236643,18336.17915076336,127100
2024-10-08,18196.5625,18336.17806905371,18196.5625,18336.17806905371,175400
2024-10-09,18289.640625,18289.640625,18196.56357347328,18196.56357347328,119200
2024-10-10,18243.1015625,18429.25566007653,18243.1015625,18336.178611288266,127700
2024-10-11,18289.640625,18429.256202290075,18196.56357347328,18243.102099236643,211900
2024-10-14,18289.640625,18522.333253816792,18289.640625,18475.794728053435,368800
2024-10-15,18289.640625,18382.71767652672,18243.102099236643,18336.17915076336,142400
2024-10-16,18103.486328125,18289.64042918541,17684.639600739072,18243.10190392031,311300
2024-10-17,18056.94921875,18150.026276578606,17963.87216092139,18150.026276578606,151800
2024-10-18,18056.94921875,18196.56480549291,18056.94921875,18103.487747664305,94600
2024-10-21,17824.25390625,18056.946515992167,17777.715384301566,18056.946515992167,192200
2024-10-22,17824.25390625,18056.946515992167,17731.17686235313,17870.792428198434,275700
2024-10-23,17963.87109375,18056.94814604922,17824.255515301164,18056.94814604922,83400
2024-10-24,17917.333984375,17963.872514204544,17777.718394886364,17963.872514204544,199600
2024-10-25,17731.177734375,17917.33183132382,17731.177734375,17917.33183132382,166100
2024-10-28,17777.716796875,17824.25532252127,17684.639745582463,17824.25532252127,131500
2024-10-29,17870.794921875,17917.333450317383,17777.717864990234,17777.717864990234,63100
2024-10-30,17731.177734375,17963.870355561023,17731.177734375,17963.870355561023,95600
2024-10-31,17684.640625,17777.717680921054,17638.102097039475,17777.717680921054,204900
2024-11-01,17591.5625,17684.63955026455,17545.023974867723,17684.63955026455,173200
2024-11-04,17358.87109375,17591.563735757372,17126.178451742628,17591.563735757372,222200
2024-11-05,17265.79296875,17498.485596361184,17265.79296875,17312.331494272235,112500
2024-11-06,17591.5625,17684.63955026455,17312.33134920635,17312.33134920635,213100
2024-11-07,17638.1015625,17684.64008905013,17545.024509399736,17684.64008905013,70500
2024-11-08,17545.025390625,17638.102448400197,17358.8712750746,17638.102448400197,113200
2024-11-11,17312.330078125,17591.561208417337,17219.253034694222,17591.561208417337,135100
2024-11-12,17638.1015625,17684.64008905013,16940.02366424802,16940.02366424802,465900
2024-11-13,17638.1015625,17731.178615600264,17358.87040319921,17731.178615600264,184000
2024-11-14,17312.330078125,17638.09973013273,17312.330078125,17638.09973013273,90900
2024-11-15,17033.1015625,17358.871264515026,17033.1015625,17358.871264515026,166500
2024-11-18,17777.716796875,17777.716796875,17033.100386534687,17312.331540412306,307700
2024-11-19,17638.1015625,17824.255668700527,17638.1015625,17777.717142150395,140300
2024-11-20,17777.716796875,17824.25532252127,17358.870066058575,17498.485642997384,181200
2024-11-21,17777.716796875,17777.716796875,17684.639745582463,17777.716796875,111100
2024-11-22,17777.716796875,17824.25532252127,17638.10121993619,17684.639745582463,111200
2024-11-25,18196.5625,18289.639546035804,17731.17726982097,17777.715792838873,557600
2024-11-26,18150.025390625,18243.10244391025,18103.486863982373,18196.563917267627,154500
2024-11-27,18103.486328125,18243.10190392031,17963.87075232969,17963.87075232969,493800
2024-11-28,18056.94921875,18243.103334407217,18056.94921875,18196.56480549291,159400
2024-11-29,18196.5625,18243.1010230179,18056.94693094629,18056.94693094629,202900
2024-12-02,18010.41015625,18243.10279392765,18010.41015625,18243.10279392765,102900
2024-12-03,18243.1015625,18243.1015625,17963.870416135203,18010.408940529338,259600
2024-12-04,18289.640625,18382.71767652672,18056.947996183208,18243.102099236643,294200
2024-12-05,18615.41015625,18615.41015625,18243.101953125,18289.640478515623,784800
2024-12-06,18429.2578125,18755.02752130682,18150.026633522728,18568.87340198864,305800
2024-12-09,18336.177734375,18475.7933008804,18056.94660136421,18429.25477871193,360900
2024-12-10,18196.5625,18475.79363810741,18196.5625,18382.71659207161,224600
2024-12-11,18522.333984375,18568.87251197393,18243.102818781408,18243.102818781408,255300
2024-12-12,18568.873046875,18615.41157581453,18336.18040217732,18336.18040217732,281500
2024-12-13,18429.2578125,18568.87340198864,18336.180752840908,18522.33487215909,150300
2024-12-16,18429.2578125,19080.79723011364,18243.10369318182,18243.10369318182,216600
2024-12-17,18382.71875,18755.0269778481,18289.64169303797,18755.0269778481,203700
2024-12-18,18429.2578125,18615.411931818184,18336.180752840908,18382.719282670456,307300
2024-12-19,18429.2578125,18661.950461647728,18196.565163352272,18382.719282670456,477200
2024-12-20,18568.873046875,18708.488633693607,18429.25746005639,18429.25746005639,221800
2024-12-23,18615.41015625,18661.948681640624,18429.2560546875,18568.871630859376,286300
2024-12-24,19220.41015625,19220.41015625,18568.87082891949,18568.87082891949,1078500
2024-12-25,19453.10546875,19546.18252840909,19173.874289772728,19220.412819602272,641600
2024-12-26,19453.10546875,19546.18252840909,19266.95134943182,19453.10546875,359100
2024-12-27,19406.56640625,19546.18199190648,19313.48934914569,19453.10493480216,346000
2024-12-30,19266.94921875,19499.641842164856,19173.87216938406,19499.641842164856,312200
2024-12-31,19499.642578125,19499.642578125,19266.949945927805,19266.949945927805,682700
2025-01-02,19546.181640625,19732.33575148809,19360.027529761905,19453.10458519345,256400
2025-01-03,19406.56640625,19499.64346335432,19313.48934914569,19453.10493480216,536900
2025-01-06,19220.41015625,19406.564249773004,19127.3331094885,19360.02572639225,425300
2025-01-07,18801.564453125,19220.41118599165,18801.564453125,19220.41118599165,410300
2025-01-08,19453.10546875,19453.10546875,18708.488991477272,18755.02752130682,613500
2025-01-09,19592.71875,19918.48842042755,19453.10317695962,19453.10317695962,558800
2025-01-10,19406.56640625,19778.874634667267,19220.41229204137,19592.720520458635,289500
2025-01-13,19406.56640625,19546.18199190648,19266.950820593527,19406.56640625,399300
2025-01-14,19406.56640625,19639.2590490108,19313.48934914569,19639.2590490108,310100
2025-01-15,19453.10546875,19453.10546875,19313.489879261364,19313.489879261364,225400
2025-01-16,19453.10546875,19453.10546875,19313.489879261364,19313.489879261364,225400
2025-01-17,19162.759765625,19404.71380306976,19114.36895813605,19162.759765625,182200
2025-01-20,19307.931640625,19307.931640625,19065.977610040725,19065.977610040725,166700
2025-01-21,18872.4140625,19259.54050480769,18872.4140625,19259.54050480769,383700
2025-01-22,18824.0234375,18969.195854755784,18775.632631748074,18872.41424325193,206100
2025-01-23,19017.5859375,19065.97674141221,18824.022721851143,18824.022721851143,106000
2025-01-24,18969.1953125,19065.976921237245,18872.413703762755,19065.976921237245,127300
2025-01-27,18969.1953125,18969.1953125,18969.1953125,18969.1953125,0
2025-01-28,18969.1953125,18969.1953125,18969.1953125,18969.1953125,0
2025-01-29,18969.1953125,18969.1953125,18969.1953125,18969.1953125,0
2025-01-30,18969.1953125,18969.1953125,18969.1953125,18969.1953125,0
2025-01-31,18969.1953125,18969.1953125,18969.1953125,18969.1953125,0
2025-02-03,18969.1953125,18969.1953125,18824.02289939413,18824.02289939413,137000
2025-02-04,19065.9765625,19065.9765625,18727.240938293147,18969.19495558376,310200
2025-02-05,19307.931640625,19549.88567120927,19065.977610040725,19114.36841615758,400900
2025-02-06,19259.541015625,19356.322628768845,19162.759402481155,19356.322628768845,220200
2025-02-07,19211.150390625,19453.104425771413,19211.150390625,19259.54119765428,377500
2025-02-10,18920.8046875,19162.75871163683,18920.8046875,19162.75871163683,276500
2025-02-11,19065.9765625,19114.36736595812,18872.41334866752,18920.804152125635,234900
2025-02-12,19356.322265625,19356.322265625,19065.977431640626,19162.759042968748,428100
2025-02-13,20614.482421875,20614.482421875,19356.321522887323,19356.321522887323,1985100
2025-02-14,20420.919921875,20808.046365891587,20372.529116372927,20517.701532879146,595400
2025-02-17,20324.138671875,20711.26512276785,20324.138671875,20420.92028459821,775100
2025-02-18,20324.138671875,20324.138671875,19985.40302734375,20324.138671875,537100
2025-02-19,20469.310546875,20662.873767176417,20130.57491134752,20517.70135195036,736100
2025-02-20,20082.18359375,20662.87323983433,20082.18359375,20662.87323983433,482800
2025-02-21,20178.966796875,20178.966796875,19937.01275854317,20033.7943738759,495000
2025-02-24,20082.18359375,20227.356005271085,19888.62037838856,20082.18359375,348400
2025-02-25,20566.091796875,20566.091796875,20130.57455882353,20275.74697150736,908500
2025-02-26,20178.966796875,20566.093258205936,20178.966796875,20566.093258205936,509500
2025-02-27,20033.79296875,20227.356185839373,19985.40216447766,20082.183773022345,412100
2025-02-28,20033.79296875,20275.746990111715,19791.838947388285,20082.183773022345,415600
2025-03-03,20082.18359375,20275.74680911145,19888.62037838856,19888.62037838856,328200
2025-03-04,19937.01171875,20178.965744462985,19888.620913607403,20130.574939320388,403200
2025-03-05,19646.66796875,19985.40362338362,19646.66796875,19937.01281557882,493000
2025-03-06,19501.494140625,19840.22977085918,19501.494140625,19695.057357901675,708600
2025-03-07,19549.884765625,19695.05717725093,19501.49396174969,19501.49396174969,532100
2025-03-10,19501.494140625,19695.057357901675,19356.32172766749,19646.666553582505,580600
2025-03-11,19453.103515625,19501.49432039024,19307.93110132929,19453.103515625,292400
2025-03-12,19307.931640625,19549.88567120927,19259.540834508145,19453.104058975565,462100
2025-03-13,19114.369140625,19501.4956042326,19114.369140625,19307.9323724288,511600
2025-03-14,18920.8046875,19162.75871163683,18920.8046875,19114.367906809464,468000
2025-03-17,19259.541015625,19307.93182219692,18920.805369621547,18920.805369621547,323300
2025-03-18,19404.712890625,19840.23013754676,19114.368059343826,19259.540474984413,658100
2025-03-19,19211.150390625,19743.449267947104,19211.150390625,19453.104425771413,300700
2025-03-20,19211.150390625,19307.932004683564,18969.19635547859,19211.150390625,257500
2025-03-21,19065.9765625,19259.539776332487,19065.9765625,19162.758169416244,188300
2025-03-24,19065.9765625,19211.148972874365,19065.9765625,19065.9765625,192900
2025-03-25,19646.66796875,19646.66796875,19114.369082897167,19162.75989070197,539300
2025-03-26,19356.322265625,19695.05790527344,19356.322265625,19695.05790527344,398900
2025-03-27,19356.322265625,19646.66709960937,19356.322265625,19404.71307128906,222200
2025-03-28,19453.103515625,19791.839148981653,19404.712710859763,19501.49432039024,418400
2025-03-31,19307.931640625,19549.88567120927,19307.931640625,19453.104058975565,366100
2025-04-01,19307.931640625,19695.05808955984,19259.540834508145,19453.104058975565,440200
2025-04-02,19307.931640625,19453.104058975565,19307.931640625,19453.104058975565,246500
2025-04-03,18001.37890625,18872.413369455644,18001.37890625,18049.769709761425,2008300
2025-04-04,17759.42578125,17759.42578125,16791.60966238079,16791.60966238079,1363400
2025-04-08,16549.65625,17759.42644371345,16549.65625,16985.173519736843,1338900
2025-04-09,15727.01171875,17227.126682692306,15485.057692307691,15630.230108173077,1557800
2025-04-10,16791.609375,16791.609375,16791.609375,16791.609375,83500
2025-04-11,17614.25390625,17614.25390625,17130.345831902472,17614.25390625,897700
2025-04-14,17711.03515625,17807.816769125682,17372.29951118511,17614.253543374318,449400
2025-04-15,17420.689453125,17711.03427734375,17275.517041015624,17711.03427734375,417700
2025-04-16,17469.080078125,17759.424899368074,17420.68927458449,17420.68927458449,357000
2025-04-17,17565.86328125,17565.86328125,17081.95520187672,17469.081665375343,697800
2025-04-18,17759.42578125,18098.161422854224,17614.25336341962,17614.25336341962,351200
2025-04-21,17420.689453125,18001.3791015625,17420.689453125,17759.42508138021,486200
2025-04-22,17033.564453125,17420.69091796875,16210.920715332031,17420.69091796875,1029700
2025-04-23,16791.609375,17178.73581592219,16598.046154538904,16985.172595461096,769400
2025-04-24,16743.21875,17081.954389450868,16646.437138728324,16936.781972543355,775600
2025-04-25,16840.0,17033.563218390806,16743.2183908046,16791.6091954023,595600
2025-04-28,17081.955078125,17227.127500885268,16840.00104019122,16985.173462951487,359300
2025-04-29,17033.564453125,17178.736877441406,16936.782836914062,17081.95526123047,228400
2025-04-30,17033.564453125,17033.564453125,17033.564453125,17033.564453125,0
2025-05-01,17033.564453125,17033.564453125,17033.564453125,17033.564453125,0
2025-05-02,17033.564453125,17033.564453125,17033.564453125,17033.564453125,0
2025-05-05,17033.564453125,17033.564453125,17033.564453125,17033.564453125,0
2025-05-06,17711.03515625,17711.03515625,16985.173059682376,17081.954672558062,634600
2025-05-07,17565.86328125,17807.81732093664,17565.86328125,17807.81732093664,369000
2025-05-08,18194.943359375,18194.943359375,17420.690450465423,17420.690450465423,1035100
2025-05-09,18098.162109375,18291.72534049131,17952.989686037767,18243.33453271224,341900
2025-05-12,18098.162109375,18098.162109375,18098.162109375,18098.162109375,0
2025-05-13,18049.771484375,18485.28875879692,18001.3806761059,18436.89795052781,1017400
2025-05-14,18001.37890625,18146.55131678428,17952.988102738575,18146.55131678428,528100
2025-05-15,18001.37890625,18049.769709761425,17904.59729922715,18001.37890625,446700
2025-05-16,17807.81640625,18194.94284986413,17807.81640625,18098.1612389606,603000
2025-05-19,18001.37890625,18243.332923807124,17952.988102738575,18194.9421202957,445200
2025-05-20,18001.37890625,18243.332923807124,17952.988102738575,18194.9421202957,445200
2025-05-21,18098.162109375,18146.55291715408,17904.59887825869,17904.59887825869,527600
2025-05-22,17904.59765625,18146.55167863176,17807.816047297296,18146.55167863176,537700
2025-05-23,17807.81640625,18194.94284986413,17807.81640625,17904.598017153534,532900
2025-05-26,17759.42578125,17759.42578125,17323.908527758857,17565.862557476157,584700
2025-05-27,17759.42578125,17759.42578125,17323.908527758857,17565.862557476157,584700
2025-05-28,17759.42578125,17904.59819908038,17711.03497530654,17807.81658719346,580500
2025-05-29,17856.20703125,18194.94266598916,17807.81622628726,17807.81622628726,1187700
2025-05-30,17904.59765625,18049.770069679053,17856.206851773648,18001.379265202704,570500
2025-06-02,18485.287109375,18582.068717277485,17904.59746196008,18098.16067776505,1256100
2025-06-03,18485.287109375,18582.068717277485,17904.59746196008,18098.16067776505,1256100
2025-06-04,18340.115234375,18582.06926121372,18291.724429007256,18533.678455845977,763800
2025-06-05,18340.115234375,18582.06926121372,18291.724429007256,18533.678455845977,763800
2025-06-06,17952.98828125,18243.333105205525,17904.59747725741,18243.333105205525,1012700
2025-06-09,17565.86328125,17904.598936811293,17565.86328125,17807.81732093664,714200
2025-06-10,17565.86328125,17904.598936811293,17565.86328125,17807.81732093664,714200
2025-06-11,17517.470703125,17711.033915314227,17517.470703125,17565.861506172307,483800
2025-06-12,17420.689453125,17565.861865234376,17323.907845052083,17565.861865234376,655300
2025-06-13,17517.470703125,17662.64311226692,17420.689097030387,17469.079900077693,526000
2025-06-16,17469.080078125,17565.861685206026,17323.907667503463,17323.907667503463,838200
2025-06-17,17469.080078125,17565.861685206026,17323.907667503463,17323.907667503463,838200
2025-06-18,17565.86328125,17807.81732093664,17469.081665375343,17614.25408918733,748100
2025-06-19,17711.03515625,17711.03515625,17372.29951118511,17565.862736936477,649900
2025-06-20,17711.03515625,17856.207575563527,17711.03515625,17807.816769125682,718700
2025-06-23,18243.333984375,18291.7247906996,17565.86269583057,17614.25350215517,1375400
2025-06-24,18243.333984375,18291.7247906996,17565.86269583057,17614.25350215517,1375400
2025-06-25,18824.0234375,19065.977466259643,18485.287797236502,18485.287797236502,2735300
2025-06-26,18775.6328125,18969.196037371134,18678.85120006444,18969.196037371134,1193100
2025-06-27,18582.0703125,18824.024353027344,18485.288696289062,18775.633544921875,803800
2025-06-30,18630.4609375,18775.63336038961,18533.67932224026,18775.63336038961,1043000
2025-07-01,18630.4609375,18775.63336038961,18533.67932224026,18775.63336038961,1043000
2025-07-02,18485.287109375,18678.85032517997,18291.723893570022,18533.677913326243,869200
2025-07-03,18388.505859375,18582.069078947367,18340.115054481907,18582.069078947367,809500
2025-07-04,18388.505859375,18678.85068873356,18291.724249588817,18388.505859375,824600
2025-07-07,18824.0234375,19017.58666050772,18727.241825996145,19017.58666050772,920700
2025-07-08,18824.0234375,19017.58666050772,18727.241825996145,19017.58666050772,920700
2025-07-09,19065.9765625,19114.36736595812,18775.63174175127,18872.41334866752,1844100
2025-07-10,19114.369140625,19259.541564477848,19017.5875247231,19114.369140625,1202100
2025-07-11,19065.9765625,19259.539776332487,19017.58575904188,19211.148972874365,760600
2025-07-14,18969.1953125,19211.14933434311,18872.413703762755,18872.413703762755,882800
2025-07-15,18969.1953125,19211.14933434311,18872.413703762755,18872.413703762755,882800
2025-07-16,18678.8515625,19114.36882691062,18678.8515625,18969.19640544041,984100
2025-07-17,19307.931640625,19453.104058975565,18727.241967222744,18775.6327733396,2135600
2025-07-18,19162.759765625,19549.88622553661,19114.36895813605,19356.32299558081,1499500
2025-07-21,19937.01171875,20372.528965033373,19840.23010846481,20324.138159890776,3315900
2025-07-22,19937.01171875,20372.528965033373,19840.23010846481,20324.138159890776,3315900
2025-07-23,19791.83984375,20178.96629546149,19646.66742435819,20033.79387606968,1654900
2025-07-24,19937.01171875,20227.35654960558,19791.83930332221,19840.23010846481,2598200
2025-07-25,19937.01171875,20130.574939320388,19695.05769303701,20130.574939320388,2097600
2025-07-28,20033.79296875,20178.965381567028,19840.229751660627,20178.965381567028,1942000
2025-07-29,20033.79296875,20178.965381567028,19840.229751660627,20178.965381567028,1942000
2025-07-30,19356.322265625,20227.356767578123,19307.93145996093,20130.57515625,3100200
2025-07-31,19356.322265625,19549.88548828125,19017.58662597656,19307.93145996093,1371900
2025-08-01,19549.884765625,19695.05717725093,19114.36753074721,19453.103157874382,1353700
2025-08-04,21195.173828125,21195.173828125,20372.53009506992,20372.53009506992,4594900
2025-08-05,21195.173828125,21195.173828125,20372.53009506992,20372.53009506992,4594900
2025-08-06,20904.828125,22066.207465277777,20517.70167824074,22066.207465277777,4191900
2025-08-07,20759.65625,21098.3918997669,20662.874635780885,20904.828671328672,2027400
2025-08-08,21195.173828125,21437.127867258845,20856.43817333761,21195.173828125,2501700
2025-08-11,21340.345703125,21388.73650970805,20904.82844387755,21098.391670209752,2115800
2025-08-12,21340.345703125,21388.73650970805,20904.82844387755,21098.391670209752,2115800
2025-08-13,21727.47265625,22114.59911783129,21291.955386971047,21485.51861776169,3275700
2025-08-14,21437.126953125,21824.253399231096,21146.78211854543,21775.862593467835,2678100
2025-08-15,21098.390625,21582.2986668578,21001.60901662844,21582.2986668578,1685800
2025-08-18,21485.517578125,21679.08079954955,21001.609524563628,21001.609524563628,2024400
2025-08-19,21485.517578125,21679.08079954955,21001.609524563628,21001.609524563628,2024400
2025-08-20,21679.080078125,22017.815704345703,21485.51686314174,21485.51686314174,2232900
2025-08-21,20904.828125,21679.08101851852,20420.920066550927,21679.08101851852,2740000
2025-08-22,20711.265625,21050.001277745327,20517.70239485981,21001.61047021028,1007200
2025-08-25,20759.65625,21195.17351398601,20662.874635780885,20759.65625,1689100
2025-08-26,20759.65625,21195.17351398601,20662.874635780885,20759.65625,1689100
2025-08-27,21001.609375,21098.39098502304,20517.701324884794,21098.39098502304,893700
2025-08-28,21582.298828125,22259.77009178812,20953.21836900925,21098.390782651342,3007900
2025-08-29,21485.517578125,21824.25321561796,21291.95435670045,21775.862410261827,729500
2025-09-01,21485.517578125,21485.517578125,21485.517578125,21485.517578125,0
2025-09-02,21485.517578125,21485.517578125,21485.517578125,21485.517578125,0
2025-09-03,21969.42578125,22017.816586935573,21388.73611302313,21679.080947136565,1738200
2025-09-04,21969.42578125,22017.816586935573,21388.73611302313,21679.080947136565,1738200
2025-09-05,21921.03515625,22743.67885968543,21872.644350165563,22259.770798841066,1713000
2025-09-08,20614.482421875,21485.516890404928,20614.482421875,21437.12608659771,1414700
2025-09-09,20614.482421875,21485.516890404928,20614.482421875,21437.12608659771,1414700
2025-09-10,20711.265625,20856.43804760514,20420.92077978972,20711.265625,1430800
2025-09-11,21001.609375,21146.78179003456,20711.26454493088,20759.6553499424,726000
2025-09-12,20904.828125,21001.60973668981,20372.52926070602,20711.26490162037,915100
2025-09-15,20904.828125,20904.828125,20904.828125,20904.828125,0
2025-09-16,21388.736328125,21388.736328125,21146.782297263857,21291.954715780543,737600
2025-09-17,21921.03515625,22356.552411009936,21388.7362893212,21485.517901490068,2725400
2025-09-18,21485.517578125,22066.20724239865,21437.126772768865,22066.20724239865,856000
2025-09-19,22017.81640625,22259.770432692305,21340.345132211536,21485.51754807692,2582900
2025-09-22,22017.81640625,23034.02331730769,21775.86237980769,23034.02331730769,2149900
2025-09-23,22017.81640625,23034.02331730769,21775.86237980769,23034.02331730769,2149900
2025-09-24,22066.20703125,22211.37944592928,21727.47139699836,22211.37944592928,1170600
2025-09-25,22550.115234375,22550.115234375,21727.47154556733,22114.59798735917,1172000
2025-09-26,23614.712890625,23905.05772124744,22937.241619172644,23421.14967021004,3710300
2025-09-29,23034.0234375,23711.494715073528,22840.46021533613,22840.46021533613,1908400
2025-09-30,23034.0234375,23711.494715073528,22840.46021533613,22840.46021533613,1908400
2025-10-01,22646.896484375,23034.022920005344,22066.20683092949,23034.022920005344,2188700
2025-10-02,22550.115234375,22598.506039598986,22114.59798735917,22598.506039598986,814300
2025-10-03,22840.4609375,23082.41497285488,22259.771252648305,22259.771252648305,1077700
2025-10-06,22695.287109375,22695.287109375,22162.98826459222,22259.76987273454,830200
2025-10-07,22695.287109375,22695.287109375,22162.98826459222,22259.76987273454,830200
2025-10-08,22501.724609375,22937.241859879032,22404.94299815188,22937.241859879032,800000
2025-10-09,22308.162109375,22985.633409876627,22162.989687838937,22985.633409876627,1398500
2025-10-10,22550.115234375,22888.850870942864,22211.379597807136,22259.77040303112,1381100
2025-10-13,22356.552734375,22695.28838186553,22211.38031402192,22453.334347943724,1223600
2025-10-14,22356.552734375,22695.28838186553,22211.38031402192,22453.334347943724,1223600
2025-10-15,21679.080078125,22453.33293805804,21679.080078125,22211.378919328963,1917700
2025-10-16,21921.03515625,22211.379992756625,21533.908707574505,21533.908707574505,766700
2025-10-17,22017.81640625,22162.988822115385,21679.080769230768,22162.988822115385,479600
2025-10-20,21050.0,22114.597701149425,21001.6091954023,21727.47126436781,1418800
2025-10-21,21750.0,22850.0,21700.0,22450.0,1418800
2025-10-22,21350.0,21700.0,21100.0,21250.0,1168500
2025-10-23,22750.0,22750.0,21500.0,21900.0,2278500
2025-10-24,22750.0,23300.0,22650.0,23000.0,947200
2025-10-27,22800.0,23300.0,22750.0,23050.0,1278300
2025-10-28,22800.0,23300.0,22750.0,23050.0,1278300
2025-10-29,23300.0,23450.0,22600.0,22800.0,1444500
2025-10-30,24900.0,24900.0,23400.0,23500.0,5210400
2025-10-31,25200.0,25350.0,24900.0,25100.0,1571600
2025-11-03,23500.0,24500.0,23500.0,24300.0,1803000
2025-11-04,24150.0,24350.0,23050.0,23350.0,1959400
2025-11-05,24150.0,24350.0,23050.0,23350.0,1959400
2025-11-06,23750.0,24150.0,23400.0,24150.0,1479400
2025-11-07,23050.0,23750.0,23000.0,23500.0,1019400
2025-11-10,22900.0,23450.0,22900.0,23000.0,659600
2025-11-11,22900.0,23100.0,22300.0,22900.0,1369500
2025-11-12,23600.0,23750.0,22700.0,22900.0,834500
2025-11-13,23700.0,23950.0,23400.0,23600.0,726300
2025-11-14,24250.0,24250.0,23500.0,23900.0,1296500
2025-11-17,24150.0,24450.0,23900.0,24450.0,879700
2025-11-18,24100.0,24750.0,24000.0,24100.0,934900
2025-11-19,24200.0,24300.0,23950.0,24100.0,786100
2025-11-20,24000.0,24450.0,23900.0,24100.0,738400
2025-11-21,23900.0,23900.0,23400.0,23800.0,629000
2025-11-24,23950.0,24050.0,23650.0,23900.0,868200
2025-11-25,23400.0,23950.0,23300.0,23950.0,714400
2025-11-26,23600.0,23650.0,23300.0,23550.0,519900
2025-11-27,23300.0,23850.0,23300.0,23850.0,347300
2025-11-28,23300.0,23700.0,23300.0,23300.0,504700
2025-12-01,23600.0,23600.0,23350.0,23400.0,355800
2025-12-02,23650.0,23850.0,23400.0,23450.0,550400
2025-12-03,24000.0,24050.0,23550.0,23800.0,845100
2025-12-04,24000.0,24050.0,23550.0,23800.0,845100
2025-12-05,23850.0,24400.0,23850.0,23900.0,618200
2025-12-08,23850.0,23900.0,23400.0,23900.0,914900
2025-12-09,23600.0,23850.0,23450.0,23650.0,765900
2025-12-10,23600.0,23800.0,23500.0,23700.0,241100
2025-12-11,23600.0,23700.0,23500.0,23600.0,360000
2025-12-12,22550.0,23700.0,22500.0,23700.0,1113700
2025-12-15,22650.0,23000.0,22650.0,22700.0,655500
2025-12-16,22950.0,23000.0,22350.0,22900.0,519400
2025-12-17,23200.0,23300.0,22800.0,22800.0,272800
2025-12-18,23200.0,23300.0,22800.0,22800.0,272800
2025-12-19,24200.0,24400.0,23850.0,24000.0,1039800
2025-12-22,24250.0,24450.0,24000.0,24200.0,981200
2025-12-23,24200.0,24700.0,24050.0,24200.0,1059600
2025-12-24,24200.0,24300.0,23900.0,24200.0,321900
2025-12-25,24200.0,24300.0,23900.0,24200.0,321900
2025-12-26,24150.0,24150.0,23850.0,24000.0,785900
2025-12-29,24450.0,25000.0,24200.0,24300.0,1307600
2025-12-30,24400.0,24450.0,24100.0,24450.0,494700
2025-12-31,24350.0,24550.0,24300.0,24500.0,970700
2026-01-01,24350.0,24350.0,24350.0,24350.0,0
2026-01-02,24350.0,24350.0,24350.0,24350.0,0
2026-01-05,24350.0,24900.0,24150.0,24350.0,1381900
2026-01-06,24800.0,25000.0,24350.0,24350.0,1267000
2026-01-07,25000.0,25200.0,24600.0,24950.0,1374100
2026-01-08,24950.0,25950.0,24700.0,25300.0,3909500
2026-01-09,24400.0,25150.0,24050.0,24900.0,1791200
2026-01-12,24400.0,24700.0,24350.0,24500.0,2130400
2026-01-13,25900.0,26050.0,24450.0,24450.0,3814700
2026-01-14,25600.0,25900.0,25350.0,25900.0,1862100
2026-01-15,25950.0,26500.0,25700.0,25700.0,2817800
2026-01-16,25950.0,26900.0,25800.0,26550.0,2956400
2026-01-19,25800.0,26000.0,25350.0,25950.0,1404300
2026-01-20,25900.0,26650.0,25650.0,26200.0,2515500
2026-01-21,26100.0,26500.0,25600.0,25900.0,2328100
2026-01-22,26350.0,26950.0,25950.0,26400.0,1479400
2026-01-23,26050.0,26450.0,25950.0,26450.0,1224800
2026-01-26,26000.0,26400.0,25700.0,25950.0,1924200
2026-01-27,26650.0,26800.0,25900.0,25900.0,1926600
2026-01-28,26350.0,26800.0,26000.0,26800.0,1103100
2026-01-29,26250.0,26500.0,25950.0,26450.0,902600
2026-01-30,26300.0,26700.0,26150.0,26400.0,950100
2026-02-02,26750.0,26900.0,26200.0,26300.0,1602800
2026-02-03,26600.0,27400.0,26550.0,26900.0,2228500
2026-02-04,27050.0,27150.0,26500.0,26550.0,1658600
2026-02-05,26750.0,27400.0,26600.0,27250.0,1212500
2026-02-06,26750.0,27400.0,26100.0,26500.0,2061400
2026-02-09,26950.0,27350.0,26650.0,26800.0,1059500
2026-02-10,26800.0,27050.0,26200.0,26800.0,903600
2026-02-11,26900.0,26900.0,26400.0,26700.0,630400
2026-02-12,27050.0,27400.0,26850.0,27000.0,817000
2026-02-13,27250.0,27250.0,26900.0,26900.0,585400
2026-02-16,27250.0,27250.0,27250.0,27250.0,0
2026-02-17,27250.0,27250.0,27250.0,27250.0,0
2026-02-18,27250.0,27250.0,27250.0,27250.0,0
2026-02-19,27250.0,27250.0,27250.0,27250.0,0
2026-02-20,27250.0,27250.0,27250.0,27250.0,0
2026-02-23,27550.0,27700.0,27250.0,27400.0,1082800
2026-02-24,28200.0,28300.0,27500.0,27600.0,1924700
2026-02-25,27800.0,28450.0,27750.0,28450.0,1042500
2026-02-26,27600.0,27900.0,26950.0,27800.0,2929900
2026-02-27,27750.0,28300.0,27500.0,27600.0,1621400
2026-03-02,28900.0,29450.0,27200.0,27200.0,3428200
2026-03-03,28900.0,29450.0,27200.0,27200.0,3428200
2026-03-04,28000.0,29300.0,26900.0,28700.0,3783000
2026-03-05,28200.0,28450.0,27400.0,28450.0,1296800
2026-03-06,27650.0,28200.0,27200.0,28200.0,910500
2026-03-09,25750.0,26600.0,25750.0,26200.0,1430300
2026-03-10,25500.0,26200.0,25200.0,26000.0,2067300
2026-03-11,26350.0,26400.0,25500.0,25500.0,768100
2026-03-12,26500.0,27300.0,26150.0,26400.0,1743000
2026-03-13,26650.0,27100.0,26400.0,26500.0,873100
2026-03-16,25950.0,26700.0,25700.0,26650.0,935900
2026-03-17,25550.0,26350.0,25550.0,25800.0,767800
2026-03-18,26000.0,26100.0,25450.0,25550.0,901800
2026-03-19,25900.0,26100.0,25400.0,25500.0,613600
2026-03-20,25950.0,26900.0,25700.0,26000.0,1111000
2026-03-23,24650.0,25950.0,24650.0,25650.0,1340400
2026-03-24,25900.0,25900.0,25000.0,25100.0,959100
2026-03-25,27700.0,27700.0,25800.0,26000.0,2979600
2026-03-26,27750.0,28150.0,27100.0,28150.0,1455700
2026-03-27,27900.0,28000.0,27250.0,27700.0,950600
2026-03-30,27900.0,28600.0,27250.0,27250.0,1371700
2026-03-31,27600.0,28100.0,27500.0,28100.0,846800
2026-04-01,27700.0,28250.0,27550.0,27900.0,1394400
2026-04-02,27000.0,27700.0,26900.0,27700.0,815600
2026-04-03,26000.0,27350.0,26000.0,27100.0,1139400
2026-04-06,25200.0,26250.0,25200.0,26050.0,1022600
2026-04-07,25200.0,25600.0,25000.0,25200.0,411000
2026-04-08,26200.0,26300.0,25500.0,25950.0,602200
2026-04-09,25700.0,26200.0,25600.0,26200.0,761100
2026-04-10,26200.0,26300.0,25750.0,25800.0,569900
2026-04-13,26550.0,26800.0,26300.0,26300.0,721400
2026-04-14,26350.0,26700.0,26300.0,26700.0,474800
2026-04-15,26100.0,26500.0,26100.0,26400.0,552700
2026-04-16,26200.0,26700.0,25800.0,26150.0,805000
2026-04-17,26000.0,26500.0,25950.0,26500.0,514700
2026-04-20,26300.0,26450.0,26000.0,26300.0,778300
2026-04-21,25850.0,26600.0,25800.0,26600.0,1100300
2026-04-22,25350.0,25900.0,25350.0,25900.0,1189900
2026-04-23,24600.0,25450.0,24100.0,25300.0,2675700
2026-04-24,24800.0,25000.0,24100.0,24400.0,916400
2026-04-27,24800.0,24800.0,24800.0,24800.0,0
2026-04-28,24100.0,24800.0,24000.0,24800.0,1577900
2026-04-29,24200.0,24400.0,24100.0,24100.0,296500
2026-04-30,24200.0,24200.0,24200.0,24200.0,0
2026-05-01,24200.0,24200.0,24200.0,24200.0,0
2026-05-04,24400.0,24750.0,24250.0,24450.0,563900
2026-05-05,24400.0,24600.0,24200.0,24550.0,369700
2026-05-06,24600.0,24650.0,24300.0,24500.0,673800
2026-05-07,24350.0,24900.0,24300.0,24900.0,884900
2026-05-08,23000.0,24150.0,22900.0,24150.0,3272800
2026-05-11,23100.0,23150.0,22900.0,23000.0,745000
2026-05-12,22950.0,23250.0,22800.0,23250.0,411900
2026-05-13,22700.0,23100.0,22500.0,22950.0,1562300
2026-05-14,22650.0,22900.0,22600.0,22900.0,404700
2026-05-15,23200.0,23400.0,22500.0,22700.0,1271700
2026-05-18,23250.0,23500.0,22900.0,23250.0,707900
2026-05-19,23150.0,23600.0,23050.0,23600.0,635600
2026-05-20,23100.0,23300.0,22550.0,23150.0,524300
2026-05-21,23000.0,23250.0,22850.0,23250.0,287500
2026-05-22,22750.0,22950.0,22650.0,22850.0,498600
2026-05-25,22900.0,23200.0,22700.0,22850.0,412000
2026-05-26,22850.0,23000.0,22700.0,22900.0,293600
2026-05-27,24000.0,24000.0,22950.0,22950.0,1779000
2026-05-28,23000.0,23950.0,23000.0,23950.0,672100
2026-05-29,23000.0,23350.0,22850.0,23050.0,430600
2026-06-01,22950.0,23150.0,22850.0,23100.0,256700
2026-06-02,22500.0,23150.0,22500.0,23150.0,919300
2026-06-03,22550.0,22750.0,22350.0,22500.0,480600
2026-06-04,22700.0,22750.0,22500.0,22550.0,200800
2026-06-05,22550.0,22900.0,22550.0,22900.0,204200
2026-06-08,22300.0,22550.0,22150.0,22550.0,782300
2026-06-09,22250.0,22600.0,22150.0,22600.0,139900
2026-06-10,22300.0,22550.0,22150.0,22350.0,342600
2026-06-11,22350.0,22450.0,22200.0,22200.0,243000
2026-06-12,22400.0,22600.0,22250.0,22450.0,326000
2026-06-15,22750.0,22850.0,22500.0,22600.0,514200
2026-06-16,22850.0,23050.0,22750.0,22800.0,516600
2026-06-17,22950.0,23000.0,22850.0,22850.0,376700
2026-06-18,22950.0,23250.0,22800.0,22900.0,664700
2026-06-19,23000.0,23250.0,22900.0,22900.0,620300
2026-06-22,23150.0,23250.0,22900.0,22950.0,339100
2026-06-23,22800.0,23250.0,22800.0,23250.0,497400
2026-06-24,22400.0,22800.0,22400.0,22800.0,318600
2026-06-25,22850.0,22900.0,22500.0,22700.0,312600
2026-06-26,22950.0,23050.0,22650.0,22800.0,631100
2026-06-29,23050.0,23150.0,22950.0,22950.0,433800
2026-06-30,22850.0,23050.0,22850.0,23050.0,309600
2026-07-01,22850.0,23050.0,22850.0,23050.0,309600
2026-07-02,22850.0,23000.0,22800.0,23000.0,284600
2026-07-03,22650.0,22850.0,22550.0,22850.0,398600
2026-07-06,21950.0,22800.0,21550.0,22650.0,966400
2026-07-07,22000.0,22200.0,21900.0,21950.0,220400
2026-07-08,22100.0,22150.0,21950.0,22000.0,283500
2026-07-09,22100.0,22400.0,22100.0,22100.0,427900
2026-07-10,21800.0,22100.0,21700.0,22100.0,178400
2026-07-13,21300.0,21800.0,21150.0,21800.0,417800
2026-07-14,21600.0,21750.0,21100.0,21100.0,379400
2026-07-15,21550.0,22000.0,21400.0,21450.0,223800
2026-07-16,21300.0,21550.0,21000.0,21350.0,874700
2026-07-17,21550.0,21600.0,21100.0,21450.0,648200
2026-07-20,20800.0,21700.0,20800.0,21650.0,492400
2026-07-21,21700.0,21700.0,21000.0,21350.0,1261400
2026-07-22,21200.0,21800.0,21200.0,21700.0,584200
2026-07-23,21350.0,21500.0,20500.0,21200.0,571100
2026-07-24,21300.0,21300.0,21000.0,21100.0,226200
2026-07-27,21100.0,21400.0,21050.0,21150.0,327600
2026-07-28,20500.0,21000.0,20300.0,20800.0,1350600
2026-07-29,20800.0,20950.0,20550.0,20600.0,360400
2026-07-30,21050.0,21300.0,20700.0,20800.0,803100
2026-07-31,21000.0,21300.0,20950.0,21000.0,577700
2026-08-03,21550.0,21700.0,21000.0,21150.0,894600
2026-08-04,21450.0,21700.0,21400.0,21700.0,386200
2026-08-05,21250.0,21600.0,21150.0,21500.0,369700
2026-08-06,21100.0,21350.0,21050.0,21200.0,425700
2026-08-07,21350.0,21450.0,21100.0,21150.0,462500
2026-08-10,21550.0,21600.0,21350.0,21400.0,516200
2026-08-11,21600.0,21900.0,21550.0,21600.0,414800
2026-08-12,21750.0,21900.0,21600.0,21650.0,486000
2026-08-13,21550.0,21800.0,21450.0,21800.0,385600
2026-08-14,21200.0,21550.0,21100.0,21550.0,486400
2026-08-17,21300.0,21500.0,21200.0,21450.0,386500
2026-08-18,21300.0,21800.0,21250.0,21500.0,475700
2026-08-19,21250.0,21350.0,21200.0,21300.0,373700
2026-08-20,21250.0,21400.0,21200.0,21350.0,381700
2026-08-21,21400.0,21450.0,21150.0,21250.0,732600
2026-08-24,21350.0,21700.0,21300.0,21600.0,588900
2026-08-25,21200.0,21500.0,21150.0,21350.0,507764
