Price,Close,High,Low,Open,Volume
Ticker,PLX.VN,PLX.VN,PLX.VN,PLX.VN,PLX.VN
Date,,,,,
2017-04-21,31846.927734375,33735.60034029908,29958.25512845092,33735.60034029908,4820970
2017-04-24,31521.298828125,32237.69198330966,31260.79222623967,31846.932080481663,1757390
2017-04-25,29404.6796875,31521.29561184939,29339.553043673863,31325.915680370985,2533550
2017-04-26,28720.8515625,28981.35815263605,28069.585087159863,28069.585087159863,1743790
2017-04-27,29893.130859375,29893.130859375,28720.85121783088,28720.85121783088,825430
2017-04-28,29893.130859375,29893.130859375,29893.130859375,29893.130859375,0
2017-05-03,30446.70703125,30479.27035427808,29958.25718582888,30381.580385193847,521490
2017-05-04,30935.158203125,30935.158203125,30414.145012335524,30446.708336759868,2947740
2017-05-05,30674.64453125,30935.15106654724,30609.51789742569,30674.64453125,1274310
2017-05-08,30935.158203125,30935.158203125,30349.01836348684,30609.52495888158,1414880
2017-05-09,30544.3984375,30935.15833222281,30544.3984375,30935.15833222281,864620
2017-05-10,30674.64453125,30870.02443272293,30544.391263601377,30544.391263601377,2706150
2017-05-11,31651.552734375,32367.945903260028,30674.65295862268,30674.65295862268,3351200
2017-05-12,31651.552734375,31846.93268952546,31521.299430941355,31651.552734375,1272460
2017-05-15,31716.677734375,32042.310976001027,31260.79119609856,31423.60781691157,2429190
2017-05-16,33279.71484375,33865.85463551859,31716.67539903376,31977.18197315313,3627190
2017-05-17,33214.5859375,33865.85232843137,32888.952742034315,33214.5859375,1642560
2017-05-18,34517.12890625,34517.12890625,33084.34242334905,33084.34242334905,3077950
2017-05-19,36926.8046875,36926.8046875,34712.49893904321,35038.132137345674,4369030
2017-05-22,39466.75,39466.75,38424.72359735973,38945.73679867986,3062670
2017-05-23,39466.75,42006.68935643564,39466.75,39727.25660066006,2839240
2017-05-24,38424.71875,39531.87166313559,37447.81912076271,39466.74502118644,1789900
2017-05-25,38424.71875,39141.11181144068,38164.21218220339,38424.71875,684100
2017-05-26,37838.578125,38359.59124892427,37512.94492254733,37903.70476549053,1237030
2017-05-29,39141.109375,39401.6159265807,37773.44997920133,37773.44997920133,967250
2017-05-30,39727.25,40443.64303278689,39141.11024590164,39141.11024590164,1067000
2017-05-31,39857.5078125,40183.14104626225,39336.49463848039,40052.88775275735,714650
2017-06-01,39857.5078125,40248.26769301471,39857.5078125,39857.5078125,522880
2017-06-02,38880.60546875,39857.50510364321,38880.60546875,39531.87189201214,1244790
2017-06-05,39792.37890625,40248.26540763093,38554.97268821604,38880.60590348813,665100
2017-06-06,40052.890625,40052.890625,39597.00406504065,39792.38401930894,554760
2017-06-07,39792.37890625,40248.26540763093,39727.25226319558,39987.75883541326,626820
2017-06-08,39792.37890625,39922.63219235884,39596.99897708675,39792.37890625,325680
2017-06-09,40769.27734375,41290.29047274361,39727.25108576278,39727.25108576278,1104760
2017-06-12,41029.7890625,42006.68880208333,40573.90251736111,40769.28246527778,830860
2017-06-13,41029.7890625,41485.675607638885,40834.40911458333,41160.04236111111,422580
2017-06-14,41029.7890625,41029.7890625,40313.395920138886,40899.53576388889,848170
2017-06-15,40899.53515625,41225.16839793989,40443.64861788416,40704.15521123607,546160
2017-06-16,40639.03125,41029.79116586538,40573.904597355766,40639.03125,369590
2017-06-19,41550.80078125,41550.80078125,40573.90107636168,40573.90107636168,797760
2017-06-20,42592.82421875,42592.82421875,41615.92458070527,41681.05122324159,1506260
2017-06-21,43569.7265625,43634.85320908071,41941.56039798206,42657.95351036995,980190
2017-06-22,45263.01953125,45458.39947167266,43960.48659509892,44025.61324190648,1121960
2017-06-23,46500.42578125,46891.18566176471,45328.14613970588,45393.27278645833,1825360
2017-06-26,46760.9296875,47737.82933278204,46370.16982938719,46891.18297353761,1137940
2017-06-27,44807.140625,46630.687045784885,44807.140625,46435.30707212936,1547410
2017-06-28,44676.87890625,45393.27200824527,43830.23251298288,44546.62561497813,1212630
2017-06-29,45263.01953125,45718.90605890288,44220.99318232913,44807.13300359712,980940
2017-06-30,44937.390625,45653.78380887681,44937.39062499999,45523.53050271739,846590
2017-07-03,44872.25390625,45328.140375544266,44611.74735236756,44937.38054472061,1235890
2017-07-04,44090.7421875,44676.88203932792,43765.10893648449,44611.75538912482,983220
2017-07-05,44807.140625,45197.900572311046,43830.24075672239,44025.62073037791,493040
2017-07-06,46239.9140625,46370.1673415493,44286.11487676056,44611.7480743838,1697930
2017-07-07,45263.01953125,46239.91923336331,45197.892884442444,46044.53929294064,1345800
2017-07-10,44807.140625,45197.900572311046,44416.38067768896,44611.76065134448,1149130
2017-07-11,44807.140625,44807.140625,44286.1273619186,44807.140625,669300
2017-07-12,44807.140625,45458.40720385175,44807.140625,45458.40720385175,905250
2017-07-13,44807.140625,44807.140625,44807.140625,44807.140625,0
2017-07-14,45588.65234375,46239.91880580357,45588.65234375,46109.66551339286,766980
2017-07-17,44742.00390625,45849.15684133916,44676.87726300946,45588.650268377,613290
2017-07-18,44872.25390625,45067.633821661824,44416.36743695573,44481.49407542634,796070
2017-07-19,45132.76953125,45523.52944061147,44807.13627344877,44807.13627344877,998340
2017-07-20,44739.33203125,45695.59256321565,44602.723383826335,45558.98391579199,583230
2017-07-21,44739.33203125,45080.85364980916,44602.723383826335,44739.33203125,615940
2017-07-24,43031.73046875,44739.33882068453,43031.73046875,44056.29547991072,1064220
2017-07-25,44329.51171875,44397.81605113636,41665.642755681816,42348.68607954545,1548220
2017-07-26,44124.59375,44534.41969814241,43919.68077592879,44534.41969814241,328670
2017-07-27,42895.1171875,43783.073435011946,42895.1171875,43783.073435011946,883020
2017-07-28,43851.375,43851.375,42416.98422897196,42826.8101635514,505210
2017-07-31,42895.1171875,43714.769108280256,42895.1171875,43714.769108280256,291180
2017-08-01,43031.73046875,43509.86080729167,42485.29579613096,42485.29579613096,420960
2017-08-02,43168.3359375,43373.2489245451,42416.988318334654,42895.11862143988,347480
2017-08-03,43031.73046875,43168.33913690477,42826.81746651786,43031.73046875,331860
2017-08-04,43441.55078125,43646.46375663325,42826.81185510024,42895.11618022799,515090
2017-08-07,45627.29296875,45627.29296875,43373.25005262911,43441.554383420655,1648590
2017-08-08,46105.421875,47129.98680555555,45627.29157407407,45627.29157407407,1347990
2017-08-09,44944.2421875,46446.9372150456,44739.32922919833,46105.41561787614,699190
2017-08-10,44534.421875,45080.85649923313,44261.20456288344,44397.81321894172,283290
2017-08-11,44056.2890625,45012.5496002907,43851.37609011628,44397.810683139534,186140
2017-08-14,45080.859375,45217.46803977272,43851.38139204545,44056.294389204544,264910
2017-08-15,45285.765625,45285.765625,44739.331047322776,45285.765625,269720
2017-08-16,45149.16015625,45558.98611833397,44739.33419416603,45285.76881027799,578890
2017-08-17,44944.2421875,45285.763784669456,44944.2421875,45149.15514580168,202030
2017-08-18,45149.16015625,45354.07313729198,44875.94284819403,44944.24717520802,287630
2017-08-21,45968.80859375,46378.63452474926,45627.28698458395,45763.89562825037,1445250
2017-08-22,45558.984375,46310.3319434033,45285.76707739881,46242.027619003,211800
2017-08-23,45558.984375,45627.28869940031,45217.4627529985,45285.76707739881,10394000
2017-08-24,46173.7265625,46310.33522096893,45354.07461168639,45490.68327015532,86523000
2017-08-25,46105.421875,46720.16083333333,45968.813217592586,46173.7262037037,501000
2017-08-28,46651.8515625,46788.46020543558,45968.80834782211,46105.41699075769,939860
2017-08-29,46446.9375,46925.06773897059,46310.32886029412,46515.24181985294,544800
2017-08-30,45763.8984375,46446.94169776119,45763.8984375,46242.02871968284,357560
2017-08-31,45627.29296875,46242.031945873874,45490.684307166914,45763.90163033308,403980
2017-09-01,45627.29296875,45832.20596112462,45217.46698400075,45627.29296875,237100
2017-09-04,45627.29296875,45627.29296875,45627.29296875,45627.29296875,0
2017-09-05,45763.8984375,46378.63737173507,45695.59411147388,46105.42006763059,807400
2017-09-06,45763.8984375,45968.81141557836,45422.3768073694,45763.8984375,525730
2017-09-07,45627.29296875,45968.81462270771,45627.29296875,45763.90163033308,580970
2017-09-08,45695.5859375,46378.62907557922,45422.36868226831,45627.28162369208,743570
2017-09-11,45763.8984375,46173.72439365672,45695.59411147388,46173.72439365672,484390
2017-09-12,46105.421875,46105.421875,45695.59590277777,45695.59590277777,647000
2017-09-13,46925.07421875,47266.59586517467,46105.42226733078,46242.03092590065,2785080
2017-09-14,46720.16015625,47266.59477796053,46720.16015625,46925.07313939145,709380
2017-09-15,46651.8515625,46720.15588396779,46242.02563369327,46651.8515625,3548190
2017-09-18,45354.07421875,46446.943477033135,45354.07421875,46446.943477033135,1266740
2017-09-19,44534.421875,45490.682467407976,42280.37905003834,45217.46515529141,1325010
2017-09-20,43714.765625,44534.41748046875,43509.85266113281,44534.41748046875,1065660
2017-09-21,43851.375,44397.80957943925,43304.94042056074,43304.94042056074,479010
2017-09-22,44124.59375,44261.2023993808,43851.37645123839,43851.37645123839,340680
2017-09-25,44329.51171875,44466.12038352272,43987.99005681818,44124.5987215909,358140
2017-09-26,43987.984375,44602.72328707298,43987.984375,44397.81031638198,648770
2017-09-27,44261.20703125,44261.20703125,43987.9897038966,44056.29403573495,252960
2017-09-28,43646.46484375,44261.20378521127,43578.16051692097,44261.20378521127,442750
2017-09-29,43100.02734375,43646.46192180072,42895.114376980986,43646.46192180072,611130
2017-10-02,42348.68359375,43100.03120589718,42348.68359375,42690.20523563508,331260
2017-10-03,41119.20703125,42826.81529666736,40641.07671693314,42280.3806517338,459660
2017-10-04,41255.81640625,41460.72940164528,40709.38175186258,41187.51207445157,332820
2017-10-05,41938.85546875,42621.89871742671,41255.81222007329,41255.81222007329,254450
2017-10-06,42143.76953125,42553.59549103525,41870.552224726496,41938.85655135737,129560
2017-10-09,41802.24609375,42007.159064797794,41324.11582797181,42007.159064797794,174990
2017-10-10,42212.0703125,42212.0703125,41392.41846177185,41665.6357453479,213840
2017-10-11,42212.0703125,42348.67895428803,42143.76599160599,42348.67895428803,226180
2017-10-12,41597.33203125,42212.07092826355,41460.72338746922,42212.07092826355,276780
2017-10-13,41597.33203125,41597.33203125,41255.81042179803,41392.41906557882,360640
2017-10-16,41597.33203125,41802.24499692119,41187.50609990764,41392.41906557882,258220
2017-10-17,42348.68359375,42348.68359375,41392.422996471774,41392.422996471774,398400
2017-10-18,42895.1171875,43236.63882115844,42075.46526671975,42348.6825736465,516960
2017-10-19,43236.63671875,43373.2453655707,42690.20213146722,42895.11510169826,416860
2017-10-20,43236.63671875,43714.76698262244,43031.72374851896,43236.63671875,326490
2017-10-23,42621.8984375,43031.72438401442,42348.68113982372,42895.11573517628,228920
2017-10-24,42485.28515625,42963.41537505024,41529.02471864952,42416.98083927853,298110
2017-10-25,42485.28515625,42553.58947322146,41324.11176773513,42485.28515625,101350
2017-10-26,42348.68359375,42553.59657888105,41529.03165322581,42553.59657888105,150610
2017-10-27,42758.5,42758.5,42143.76118210863,42348.67412140576,265120
2017-10-30,42348.68359375,43168.33553427419,42348.68359375,43031.72687752017,475770
2017-10-31,41802.24609375,42348.68068321078,41665.6374463848,42348.68068321078,205440
2017-11-01,41529.02734375,42007.15759277344,40982.5927734375,42007.15759277344,386030
2017-11-02,38796.8515625,41529.02420774648,38796.8515625,41050.89399482834,708070
2017-11-03,39070.078125,39616.5127840909,38728.55646306818,38796.860795454544,356150
2017-11-06,37430.7734375,39138.38171475821,36542.81713332573,39001.77305257756,590070
2017-11-07,38250.421875,38865.16079799108,36611.11808035715,36611.11808035715,417220
2017-11-08,38865.1640625,38865.1640625,38182.1207573594,38182.1207573594,197170
2017-11-09,39753.11328125,39889.72191795533,38523.63555090206,38865.157142665375,399080
2017-11-10,39616.5078125,39753.11646012931,39001.768898168106,39616.5078125,147190
2017-11-13,37840.59375,39274.98448781589,36884.33325812274,39274.98448781589,580360
2017-11-14,37772.2890625,38250.41930379747,36952.63722027576,37567.37610194394,462250
2017-11-15,38865.1640625,39274.99004558436,37977.20776581722,38045.51209633128,445550
2017-11-16,39070.078125,39274.99112215909,38796.860795454544,38865.1651278409,260240
2017-11-17,37977.2109375,38933.47164455935,37977.2109375,38933.47164455935,486410
2017-11-20,39206.6875,39343.29616724739,38455.339830139375,38455.339830139375,578810
2017-11-21,41324.11328125,41938.85215650826,39479.8966554752,39479.8966554752,1242580
2017-11-22,42280.375,42621.896607431336,40982.592891760905,41324.11449919224,536080
2017-11-23,41324.11328125,42348.67807334711,41255.80896177686,42280.373753873966,569880
2017-11-24,41119.20703125,41392.42435371678,40367.859394466366,41324.12002310008,485810
2017-11-27,41665.6328125,42143.76302510246,40641.06807120902,40982.58965163935,599940
2017-11-28,41050.90234375,41733.94564397878,40845.98935368136,41665.64131395591,387960
2017-11-29,42212.0703125,42416.98327518204,40709.37525283172,41050.896857301785,1305540
2017-11-30,42348.68359375,42826.81389238912,42280.37926537298,42348.68359375,714320
2017-12-01,44534.421875,44534.421875,42348.683378067486,42348.683378067486,1338940
2017-12-04,45217.46484375,45354.07349886707,44056.29127525491,44534.42156816465,750070
2017-12-05,45422.3828125,46378.64350328947,44739.33946193609,45149.16547227444,1170480
2017-12-06,45080.859375,45968.81569602272,44397.81605113636,45080.859375,710670
2017-12-07,43987.984375,45422.37516983695,43646.46275718168,45080.85355201864,661200
2017-12-08,45012.546875,45695.59007492413,43441.547515174505,44192.895035091045,533660
2017-12-11,43987.984375,44944.2449048913,43987.984375,44056.28869856367,306410
2017-12-12,43783.0703125,44671.02649668487,41665.63633482839,43919.67895622075,778430
2017-12-13,42553.59375,44397.810493579454,42280.37645465489,44397.810493579454,649540
2017-12-14,44261.20703125,44329.51136308835,42348.68573977624,42553.59873529128,370260
2017-12-15,44397.8046875,44397.8046875,43783.06585336538,44261.19605769231,340040
2017-12-18,45012.546875,45285.76415496965,44397.80799506828,44397.80799506828,428870
2017-12-19,45763.8984375,46378.63737173507,44602.724895055966,44739.33354710821,1286100
2017-12-20,47813.03125,48427.77022321429,46037.11866071429,46105.42299107144,2730440
2017-12-21,47608.11328125,48496.069483052364,47266.59166517216,47266.59166517216,923560
2017-12-22,47129.984375,47608.11465126812,46583.54977355072,47608.11465126812,894560
2017-12-25,49110.8046875,49110.8046875,46993.370827538245,47266.58809979138,1751990
2017-12-26,49998.76953125,50203.68252113217,49110.81324176059,49110.81324176059,1344510
2017-12-27,49998.76953125,50750.117160817965,49179.11757172131,50545.20417093579,1163520
2017-12-28,50545.203125,50886.72476773649,49315.72521114865,49862.15983952703,1381580
2017-12-29,51228.2421875,52252.807031250006,49862.15572916667,50545.19895833333,1458000
2018-01-01,51228.2421875,51228.2421875,51228.2421875,51228.2421875,0
2018-01-02,51228.2421875,52252.807031250006,50476.89463541667,51364.85083333334,1142760
2018-01-03,51364.85546875,51774.68144323471,50750.11650702294,51228.24681058843,1096830
2018-01-04,53687.19921875,53687.19921874999,51501.46082816475,51501.46082816475,1439440
2018-01-05,53960.4140625,54233.631348892406,52730.93627373418,53482.2838113133,1368060
2018-01-08,57375.62890625,57580.54186662946,53687.19561941964,53687.19561941964,1164450
2018-01-09,56760.89453125,58058.67671668171,56351.068577955775,57375.63346119133,1278870
2018-01-10,58058.671875,58741.71507352941,56692.585477941175,56760.88979779412,1428940
2018-01-11,60244.4140625,60654.2400085034,57170.71946747449,57717.15406214569,1057380
2018-01-12,59219.84375,62293.53806228374,58741.71352364475,60244.40852076125,1928010
2018-01-15,61815.41796875,62156.93961498619,58741.72315262431,59219.85345735498,1470780
2018-01-16,62156.93359375,63318.107078468405,60722.54281850962,61473.890367445056,1556760
2018-01-17,62156.93359375,62156.93359375,62156.93359375,62156.93359375,0
2018-01-18,59288.15234375,59629.67395863335,56009.54484086981,58058.674530169934,2552170
2018-01-19,62771.66796875,62771.66796875,59288.14776591404,59766.2779898327,2791600
2018-01-22,62771.66796875,62771.66796875,62771.66796875,62771.66796875,0
2018-01-23,62771.66796875,62771.66796875,62771.66796875,62771.66796875,0
2018-01-24,62771.66796875,62771.66796875,62771.66796875,62771.66796875,0
2018-01-25,63591.33203125,65230.635971905205,63386.41903866809,64342.67967071696,2924920
2018-01-26,63523.01953125,64342.67139616935,61473.88986895161,64137.75842993952,1662110
2018-01-29,62703.37109375,63523.02300347222,61883.719184027774,63523.02300347222,1706230
2018-01-30,61132.37109375,62088.63164717179,59288.15431215085,61473.89271997207,1593930
2018-01-31,60449.31640625,63523.01046080508,58126.96978725282,60107.794844632765,1946140
2018-02-01,60517.625,61473.88544018059,59971.19046275396,60654.23363431152,723200
2018-02-02,59971.203125,60517.6377776196,59014.94248291572,59424.76847238041,992010
2018-02-05,55804.6328125,59697.9792877907,55804.6328125,59697.9792877907,1590460
2018-02-06,51911.28125,54643.45394736842,51911.28125,51911.28125,1071710
2018-02-07,54575.15625,54780.06922715895,53004.15675844806,54711.764901439295,1566120
2018-02-08,52662.6328125,54097.023589494165,52594.32848978599,53618.89333049611,459780
2018-02-09,49930.45703125,51091.6304505814,49042.5008870554,49862.1527124658,770290
2018-02-12,53209.06640625,53209.06640625001,49930.45897685334,49930.45897685334,750900
2018-02-13,53413.98828125,54165.33594249521,53277.37961556906,53960.42294397379,546150
2018-02-14,53413.98828125,53413.98828125,53413.98828125,53413.98828125,0
2018-02-15,53413.98828125,53413.98828125,53413.98828125,53413.98828125,0
2018-02-16,53413.98828125,53413.98828125,53413.98828125,53413.98828125,0
2018-02-19,53413.98828125,53413.98828125,53413.98828125,53413.98828125,0
2018-02-20,53413.98828125,53413.98828125,53413.98828125,53413.98828125,0
2018-02-21,54438.546875,55189.894447929735,53755.503626882055,54780.06849905897,803170
2018-02-22,52935.8515625,54575.15535282258,51911.28669354838,53960.41643145161,622310
2018-02-23,56624.28515625,56624.28515625,53413.98189648673,53550.59054583836,2058340
2018-02-26,60449.31640625,60585.92503089689,58058.665474929374,58058.665474929374,2159560
2018-02-27,60039.5,61132.36916951081,59083.23947667804,61132.36916951081,845450
2018-02-28,60039.5,60039.49999999999,60039.49999999999,60039.49999999999,0
2018-03-01,59561.375,61337.28755733945,58810.027379587154,60654.24426605504,1258110
2018-03-02,59424.7578125,59424.75781250001,58263.58438397989,58741.71461925288,849060
2018-03-05,56760.89453125,60449.328110898015,56760.89453125,59766.28485540764,1014150
2018-03-06,59151.546875,59424.76418158199,56692.59111576212,57717.156015444576,838820
2018-03-07,56897.5078125,59151.55073904561,56692.59481917767,58810.0290835084,833790
2018-03-08,58058.671875,58195.28051470588,56351.06387867647,56897.4984375,676110
2018-03-09,57375.62890625,58741.71530877976,57239.020265997024,58331.889388020834,552480
2018-03-12,56282.765625,58263.59111422937,56282.765625,58263.59111422937,507620
2018-03-13,55668.02734375,56897.50524827454,54438.54943922546,56624.287936157976,932770
2018-03-14,55463.1171875,56692.595154710594,55463.11718750001,55804.6388450585,511470
2018-03-15,55394.80859375,56009.54753005548,54848.37398370068,55326.50426749383,665400
2018-03-16,56692.58984375,58126.98067112199,55463.11199171686,55463.11199171686,2039440
2018-03-19,58946.62890625,59083.23754797943,57717.15113068511,58058.67273500869,1156350
2018-03-20,58400.19921875,59561.37277046784,58400.19921875,58741.72085160819,922890
2018-03-21,59356.453125,59902.88767620829,58468.49697928654,58878.32289269276,1797680
2018-03-22,59356.453125,60654.23518411968,59288.148806098965,60107.80063291139,1293360
2018-03-23,58126.98046875,59014.9366921269,57307.32857024823,58058.67614387485,1182670
2018-03-26,56692.58984375,58741.71959713855,56692.58984374999,58126.98067112199,1121370
2018-03-27,56009.54296875,57375.62938262196,54848.369516958846,57034.107779153965,1269680
2018-03-28,56624.28515625,57170.71975365652,55053.28568870627,55394.807312085344,500520
2018-03-29,56214.453125,56897.49629784325,55736.322904009714,56624.27902870595,374820
2018-03-30,57170.7265625,57307.33522812127,55668.03124066608,56624.29190001493,501160
2018-04-02,57990.3671875,58263.58446517962,56897.49807678151,57102.41103504122,770760
2018-04-03,56692.58984375,58331.89364646084,56624.28551863704,57717.15472044428,778980
2018-04-04,56351.0625,57034.10568181818,55941.23659090909,56692.58409090909,937700
2018-04-05,55599.71484375,56692.58393158783,55463.106207770266,56351.062341638506,532380
2018-04-06,56692.58984375,56692.58984374999,55189.89469126506,56009.54659262048,891780
2018-04-09,56965.8046875,57717.152231339925,56555.9787544964,56692.58739883093,761600
2018-04-10,56692.58984375,56965.807144201804,55531.41631682982,56624.28551863704,557070
2018-04-11,53960.4140625,57307.32582080697,53960.4140625,56760.89124802216,1006130
2018-04-12,54643.46484375,54643.46484374999,53072.46522949218,53960.42153320312,950990
2018-04-13,52252.8046875,55189.89044117647,51228.23988970588,54643.45588235294,948810
2018-04-16,52389.41796875,52526.026620558994,51228.24442837353,52252.809316941006,557830
2018-04-17,50545.203125,52526.02865287162,50135.37715371622,52389.41999577703,692890
2018-04-18,49042.50390625,51023.32927293697,48359.460676357936,50545.19901201253,1160450
2018-04-19,45627.29296875,49042.50950832709,45627.29296875,49042.50950832709,1255730
2018-04-20,47403.203125,47403.203125,45080.85599783862,45627.29061599424,733140
2018-04-23,44124.59375,48496.07053018576,44124.59375,47813.02728328173,683680
2018-04-24,42348.68359375,43714.770161290326,41050.9013545867,42758.5095640121,1222150
2018-04-25,42348.68359375,42348.68359375,42348.68359375,42348.68359375,0
2018-04-26,39411.59765625,42963.422748321056,39411.59765625,42963.422748321056,909200
2018-04-27,42143.76953125,42143.76953125,39343.29213938412,39411.59646601499,1112190
2018-04-30,42143.76953125,42143.76953125,42143.76953125,42143.76953125,0
2018-05-01,42143.76953125,42143.76953125,42143.76953125,42143.76953125,0
2018-05-02,45080.859375,45080.859375,43031.72940340909,43373.2510653409,837650
2018-05-03,45217.46484375,46788.4643775963,43714.76963746223,45080.856188632926,788130
2018-05-04,44671.0234375,45217.45797496177,44056.2845828555,45080.84934059632,632690
2018-05-07,45422.3828125,45695.600152725565,44056.296111372176,44397.81778665413,492350
2018-05-08,46583.546875,46993.372800586505,45149.15613544721,45149.15613544721,643400
2018-05-09,46242.02734375,47266.59220365583,45627.2884278065,46993.37490768095,615370
2018-05-10,43714.765625,46446.9384765625,43714.765625,46446.9384765625,552890
2018-05-11,43714.765625,44329.50451660156,42348.67919921875,43714.765625,672780
2018-05-14,45080.859375,45149.16370738636,43783.07705965909,44671.033380681816,408200
2018-05-15,48222.8515625,48222.8515625,45080.85273548159,45080.85273548159,1275590
2018-05-16,47129.984375,48496.07087862319,46788.4627490942,48496.07087862319,728550
2018-05-17,46446.9375,47334.89365808824,46446.9375,46856.76341911765,852580
2018-05-18,47129.984375,47129.984375,44397.81136775362,45900.50652173913,825630
2018-05-21,45080.859375,47198.29367897727,45080.859375,47198.29367897727,542820
2018-05-22,42348.68359375,45080.85672883064,41938.85762348791,44056.29180317541,955310
2018-05-23,43236.63671875,43236.63671875,41119.20269302923,41665.63728031201,614660
2018-05-24,43031.73046875,44056.29547991072,42348.68712797619,43441.55647321429,382870
2018-05-25,40641.0703125,43373.24310661764,40641.0703125,43031.721507352944,618290
2018-05-28,38250.421875,40299.55161830357,38250.421875,40299.55161830357,976740
2018-05-29,40914.29296875,40914.29296875,38523.64145972454,38933.46743270034,678390
2018-05-30,39958.03515625,41324.12182825855,39958.03515625,40641.07849225427,490400
2018-05-31,42348.68359375,42690.20523563508,39616.51045866936,39616.51045866936,849930
2018-06-01,42690.19921875,43031.7208125,41597.33011875,42963.41649375,686660
2018-06-04,42895.1171875,43373.24747462182,42075.46526671975,42690.20420730494,386910
2018-06-05,44807.63671875,45422.37563714749,42895.11563929116,42895.11563929116,765440
2018-06-06,45900.50390625,46105.41687011719,44261.2001953125,45080.85205078125,547500
2018-06-07,45695.5859375,46037.10750653961,45080.84711322869,45763.89025130792,637220
2018-06-08,46583.546875,46788.45983779325,44944.24317265396,45627.286381964805,781580
2018-06-11,45285.765625,46720.15639140272,45217.46130279035,45422.374269419306,584970
2018-06-12,44261.20703125,45080.85901331018,42485.29440345293,44397.8156949267,927160
2018-06-13,45763.8984375,45763.8984375,44056.29028684701,44329.50759095149,496570
2018-06-14,45558.984375,46651.8535654048,45558.984375,45763.8973482009,594110
2018-06-15,45968.80859375,45968.80859375,44875.93944441865,45354.06969725112,476310
2018-06-18,44056.2890625,45900.50581395349,44056.2890625,45627.28851744186,517670
2018-06-19,42690.19921875,43714.764,40982.591250000005,43373.24240625,1282720
2018-06-20,43646.46484375,43646.46484375,42007.16099985329,42963.4215754597,305680
2018-06-21,42758.5,43578.1517571885,42690.19568690096,43578.1517571885,259740
2018-06-22,43304.94140625,43304.94140625,42280.37654648068,42690.20249038841,308340
2018-06-25,44165.3125,45025.67573051949,44093.61556412338,45025.67573051949,383240
2018-06-26,43448.34375,43806.82843440594,43018.16212871287,43806.82843440594,221360
2018-06-27,42874.76171875,44452.09408967391,42874.76171875,43735.12483016304,331450
2018-06-28,42301.18359375,42874.75896451271,41584.21438029661,42659.66820047669,410520
2018-06-29,41942.69921875,42946.45612313034,41942.69921875,42301.18382745727,149200
2018-07-02,41942.69921875,42086.0930622329,40078.57925347222,41871.00229700855,488920
2018-07-03,39505.0078125,41942.70339439655,39433.31088362069,41942.70339439655,446650
2018-07-04,39863.4921875,40508.76454305306,38859.73518997302,40293.67375786871,319770
2018-07-05,37855.9765625,40150.27817234848,37855.9765625,40150.27817234848,498150
2018-07-06,39003.12890625,40221.97668457031,37139.00877470129,37999.37191233916,683880
2018-07-09,39433.30859375,40795.55016335227,39433.30859375,39791.79321732955,358880
2018-07-10,39433.30859375,40508.76246448864,39433.30859375,39433.30859375,301320
2018-07-11,38716.34375,38716.34375,37354.10202546296,37640.889756944445,406410
2018-07-12,38357.8515625,39218.214588200935,37855.97313084112,37855.97313084112,139300
2018-07-13,38716.34375,39289.91921296296,38572.94988425926,38716.34375,266960
2018-07-16,39003.12890625,39433.31047506893,38357.8565530216,38716.34119370405,227950
2018-07-17,38716.34375,39361.61614583333,37999.37442129629,38644.64681712963,308540
2018-07-18,40867.2421875,40867.2421875,39146.51620065789,39289.91003289474,771000
2018-07-19,41297.4296875,41727.61124674479,40723.85427517361,41225.7327609592,408530
2018-07-20,40221.9765625,41154.03662544563,40221.9765625,40580.46120209447,480790
2018-07-23,41010.64453125,42014.401565231645,40150.28135926573,40508.76601425918,628000
2018-07-24,41010.64453125,41010.64453125,41010.64453125,41010.64453125,0
2018-07-25,40795.55078125,41584.2169650703,40795.55078125,41154.03541025923,436720
2018-07-26,40150.27734375,40723.852734375,39935.18657226563,40723.852734375,407460
2018-07-27,40652.15234375,41082.33385003307,40150.27391975309,40150.27391975309,287950
2018-07-30,41584.21484375,41584.21484375,40938.94254445043,41154.03331088362,668090
2018-07-31,43376.640625,44380.3975981405,41369.12667871901,41584.21745867769,1559950
2018-08-01,43950.21484375,44882.274864906205,43448.33637081974,43735.12406963704,747160
2018-08-02,44237.00390625,44308.700833164505,43520.03463710495,44093.61005242099,951560
2018-08-03,44882.2734375,45886.030351437694,44452.09190295527,44452.09190295527,1312750
2018-08-06,45814.3359375,46172.820569248826,44308.70048415493,44882.27589495305,701070
2018-08-07,44882.2734375,45886.030351437694,44738.87959265176,45814.333429013575,763020
2018-08-08,45169.05859375,45742.63394097222,44882.270920138886,45312.45243055555,560540
2018-08-09,45097.3671875,46101.12416782592,44452.09484300477,45814.33645916136,848730
2018-08-10,45814.3359375,45814.3359375,44523.79126320422,45097.36667400235,665110
2018-08-13,47678.45703125,47678.45703125,45169.06455592105,45814.33690671992,1369790
2018-08-14,47033.1875,47463.3690929878,46674.702839176825,47391.67216082317,628640
2018-08-15,45025.671875,47104.88283738057,44953.97494526274,47033.18590764332,733050
2018-08-16,46316.2109375,46602.99862132352,43735.12178308823,44165.30330882352,1441710
2018-08-17,46029.42578125,46746.39503017913,45886.031931464175,46531.30425550039,530720
2018-08-20,46961.4921875,47678.46153387404,45886.038167938925,45886.038167938925,1133600
2018-08-21,47176.578125,47606.75968844985,46459.60885258359,46746.39656155015,753180
2018-08-22,47033.1875,48036.94455030488,46961.49056783536,47678.4598894817,681810
2018-08-23,47248.27734375,47750.15585878224,46889.79269015554,47391.67120518778,535200
2018-08-24,48753.91015625,48969.00093635111,46961.486988740806,46961.486988740806,2117990
2018-08-27,49327.48828125,49685.97293445676,48753.91283611918,48753.91283611918,893630
2018-08-28,49470.8828125,49757.67053894927,48825.61042798913,49327.48894927536,859970
2018-08-29,48252.03125,49470.87899331353,48036.940471768205,49470.87899331353,1403870
2018-08-30,49327.48828125,49327.48828125,47821.85273778161,48395.42818291242,971010
2018-08-31,48610.51953125,49972.7612290284,48610.51953125,49470.88270879425,465030
2018-09-03,48610.51953125,48610.51953125,48610.51953125,48610.51953125,0
2018-09-04,48323.73046875,49327.487481454,48180.336609792284,48610.51818666543,735330
2018-09-05,48036.9375,48682.20979477612,47535.05904850746,48108.63442164179,1307880
2018-09-06,48108.6328125,48467.11740871833,47750.14821628167,47893.542054769,924700
2018-09-07,48610.51953125,48682.21646271202,47893.5502166298,47965.24714809182,592540
2018-09-10,49829.36328125,50402.93868592626,48610.51554631296,48610.51554631296,1877740
2018-09-11,50187.84765625,50402.93843191964,49614.27225446428,49829.36303013392,734210
2018-09-12,50904.8203125,51550.09268265845,50402.94180237676,50904.8203125,1294740
2018-09-13,50044.44921875,51550.08451043159,49829.35846279549,50761.41840526504,1349440
2018-09-14,50618.03125,50689.728178116144,49399.18347202549,49757.66811260623,1147060
2018-09-17,51048.20703125,51550.08547116398,49901.05631144663,50187.84399139747,871820
2018-09-18,51191.6015625,51263.29848345588,50259.54159007352,50546.329273897056,613920
2018-09-19,50689.72265625,51836.87338114392,50689.72265625,51621.78262022631,887800
2018-09-20,51119.90625,51191.60317321178,50618.02778751753,50976.51240357644,701700
2018-09-21,50761.42578125,51406.698142876055,50546.33499404131,51335.00121380649,1786260
2018-09-24,52338.7578125,52410.45474101028,50904.81924229452,51119.91002782534,1223920
2018-09-25,52410.45703125,52984.032484396375,52267.06316796341,52553.8508945366,842810
2018-09-26,51621.77734375,52410.44338650174,51621.77734375,52410.44338650174,1070320
2018-09-27,51693.48828125,51980.27601096568,51263.30668667649,51621.79134882108,786580
2018-09-28,50904.8203125,52123.668122799296,50904.8203125,51621.78961267605,798310
2018-10-01,51335.0,52051.969273743016,50833.12150837989,50904.81843575419,905790
2018-10-02,50904.8203125,51908.57733274648,50546.33566241197,51693.48654269366,640350
2018-10-03,50689.72265625,50976.51033747348,50546.32881563826,50904.81341716761,461970
2018-10-04,51263.296875,51406.690712412594,50689.72152534965,51406.690712412594,501260
2018-10-05,49470.8828125,51191.60917119565,49470.8828125,50904.821444746376,761890
2018-10-08,47893.546875,49470.87925711078,47678.45609562125,49327.48540419161,1448090
2018-10-09,48108.6328125,48538.814327962,48036.935893256334,48395.420489474665,547390
2018-10-10,48036.9375,48538.815951492536,47893.54365671642,48538.815951492536,431240
2018-10-11,45097.3671875,46603.00265798887,44738.88255166932,44810.579478835454,1631410
2018-10-12,46029.42578125,46172.81963103583,44452.09343360592,44452.09343360592,808250
2018-10-15,44953.97265625,46172.82039972089,44452.09417364434,46172.82039972089,556180
2018-10-16,45455.85546875,45742.64320041404,44810.58307250591,44953.97693833793,392600
2018-10-17,45455.85546875,46531.30946249014,45240.76467000197,46244.5217308261,832180
2018-10-18,45169.05859375,45527.54318576389,44523.786328125,45455.84626736111,208850
2018-10-19,44452.0859375,44738.87358870968,43591.72298387097,44523.78285030242,480870
2018-10-22,43304.94140625,45025.66755484272,43304.94140625,44452.09217197848,458870
2018-10-23,41584.21484375,43376.63789735991,40795.54870016164,43376.63789735991,753750
2018-10-24,40006.8828125,41942.69972278226,40006.8828125,41154.03357414875,669070
2018-10-25,41082.33984375,41082.33984375,38286.15964496074,38286.15964496074,1015970
2018-10-26,41369.125,42229.488084922006,41369.125,42229.488084922006,746900
2018-10-29,40867.2421875,41369.12060032895,40437.06069078947,40867.2421875,368560
2018-10-30,41010.64453125,41871.00770323427,40078.58442826704,40150.28135926573,521300
2018-10-31,42659.671875,42803.06573004201,41369.12717962185,41369.12717962185,758610
2018-11-01,41655.9140625,43018.15565834768,41584.21713640275,42516.27717566695,420040
2018-11-02,43089.8515625,43591.73003327787,41871.00384775375,41942.70077215058,653960
2018-11-05,43735.12109375,44021.90877305328,42372.87961705943,42659.66729636271,515190
2018-11-06,43233.25,44237.00704809287,43233.25,44093.6131840796,542890
2018-11-07,42659.671875,43376.64115021008,42086.09645483193,43233.24729516807,681890
2018-11-08,42587.96875,43233.24100378788,42587.96875,43018.15025252525,363900
2018-11-09,40867.2421875,42731.362006578944,40867.2421875,42659.66509046053,630020
2018-11-12,41440.82421875,41512.521146464096,39935.188736753895,40580.4610861808,410770
2018-11-13,40508.76171875,41082.33710591814,40437.06479535398,40508.76171875,333320
2018-11-14,39433.30859375,40867.24708806819,39289.91474431819,40221.97476562501,787180
2018-11-15,39433.30859375,40221.97476562501,39289.91474431819,40150.27784090909,481290
2018-11-16,40437.0625,40723.850177304965,39791.79022606383,40150.27482269504,412310
2018-11-19,42301.18359375,42301.18359375,40938.94208818856,41010.6390095339,461690
2018-11-20,41942.69921875,42301.18382745727,41584.214610042734,41727.60845352564,374070
2018-11-21,41584.21484375,41727.60868803879,40867.24562230603,40867.24562230603,341850
2018-11-22,41584.21484375,42086.09329876077,41369.12407731681,42086.09329876077,280490
2018-11-23,41727.6171875,42587.980428479386,41297.43556701031,41584.22331400344,482860
2018-11-26,41655.9140625,41655.9140625,41225.73250591652,41655.9140625,188040
2018-11-27,41655.9140625,42157.79254518072,41297.42943201377,41727.61098859725,262840
2018-11-28,41799.30859375,41871.005521012,41297.430102915954,41584.21781196398,214830
2018-11-29,41154.03125,42229.4850283101,41154.03125,42229.4850283101,318590
2018-11-30,41584.21484375,41584.21484375,41010.639466594825,41154.03331088362,210900
2018-12-03,43735.12109375,43878.51493340164,42014.39501793033,42444.576536885244,992630
2018-12-04,43520.03515625,44237.004433947695,43233.24744517092,43735.12593955931,603600
2018-12-05,43591.73046875,44380.39664499383,42803.06429250617,43161.548918071545,853640
2018-12-06,43376.640625,44021.91296487604,42946.45906508265,43735.12525826447,496010
2018-12-07,43806.8203125,43950.214159676754,43376.63877096972,43376.63877096972,379550
2018-12-10,44021.9140625,44308.70177626221,43735.12634873778,43950.21713405944,508290
2018-12-11,43663.4296875,44093.61126077586,43448.33890086207,43950.21740301724,279840
2018-12-12,43663.4296875,43663.4296875,43663.4296875,43663.4296875,0
2018-12-13,43735.12109375,44380.39337218238,43735.12109375,43950.21185322746,402150
2018-12-14,43018.15234375,44165.30307291666,42946.45542317708,43735.12154947917,643270
2018-12-17,40867.2421875,42946.45275493421,40867.2421875,42874.755838815785,612200
2018-12-18,40723.8515625,41225.73001485476,40293.67003191022,40795.54848426497,766910
2018-12-19,40006.8828125,40723.85203853047,39791.79204469086,40365.36742551524,749450
2018-12-20,40078.58203125,40508.76359151386,39791.79432440742,39791.79432440742,303240
2018-12-21,40938.9453125,40938.9453125,39433.3098456655,40006.88526160245,400060
2018-12-24,40580.4609375,40938.94557475707,40365.37015514576,40867.248647305656,241060
2018-12-25,39648.3984375,40150.27689873418,39218.21689929928,40150.27689873418,594180
2018-12-26,39576.703125,40150.278532608696,39576.703125,39648.40005095109,185570
2018-12-27,40293.67578125,40723.85737322064,40150.28191725979,40723.85737322064,254840
2018-12-28,40293.67578125,40293.67578125,40293.67578125,40293.67578125,0
2018-12-31,40293.67578125,40293.67578125,40293.67578125,40293.67578125,0
2019-01-01,40293.67578125,40293.67578125,40293.67578125,40293.67578125,0
2019-01-02,39003.12890625,39791.795115751374,38716.34119370405,38716.34119370405,380020
2019-01-03,38429.55078125,39433.30770464086,37640.88462715718,39003.12616604477,450490
2019-01-04,39361.6171875,39576.70799180328,37999.37542691257,37999.37542691257,302070
2019-01-07,39576.703125,39935.18775475543,39505.00619904891,39791.79390285326,187920
2019-01-08,38788.0390625,39791.79608075324,38214.46362349815,39791.79608075324,352050
2019-01-09,38859.734375,39576.70364391144,38716.34052121771,39361.612863238006,343920
2019-01-10,39505.0078125,39648.401670258616,39003.129310344826,39289.91702586207,280830
2019-01-11,39648.3984375,40150.27689873418,39433.30766839964,39720.09536053345,337760
2019-01-14,39361.6171875,39791.79879610656,38788.04170935792,39648.40492657104,125040
2019-01-15,39648.3984375,40006.88305266727,39146.51997626582,39361.61074536618,230330
2019-01-16,39791.796875,40365.37232545045,39720.0999436937,40150.28153153153,252480
2019-01-17,39218.21484375,39935.18403650594,39218.21484375,39791.79019795475,197100
2019-01-18,39003.12890625,39576.70433134191,39003.12890625,39218.21969065947,188280
2019-01-21,39648.3984375,40078.57997570072,38931.429207165456,39433.30766839964,273200
2019-01-22,38357.8515625,39433.30534462617,38286.15464369159,39433.30534462617,729490
2019-01-23,38142.76171875,38644.64016241777,37999.36787770207,37999.36787770207,486420
2019-01-24,38142.76171875,38572.9432418938,38071.064798226034,38142.76171875,653530
2019-01-25,38572.9453125,38644.64223687268,38142.763766263946,38142.763766263946,169160
2019-01-28,38357.8515625,38859.72999415888,38286.15464369159,38716.33615654206,516670
2019-01-29,38357.8515625,38429.54848130841,38071.06388726636,38286.15464369159,311730
2019-01-30,38214.4609375,38501.24863684334,38214.4609375,38357.85478717167,452470
2019-01-31,38644.6484375,39146.52698863637,38214.46682224026,38716.34537337662,911200
2019-02-01,38357.8515625,38859.72999415888,38357.8515625,38429.54848130841,1199400
2019-02-04,38357.8515625,38357.8515625,38357.8515625,38357.8515625,0
2019-02-05,38357.8515625,38357.8515625,38357.8515625,38357.8515625,0
2019-02-06,38357.8515625,38357.8515625,38357.8515625,38357.8515625,0
2019-02-07,38357.8515625,38357.8515625,38357.8515625,38357.8515625,0
2019-02-08,38357.8515625,38357.8515625,38357.8515625,38357.8515625,0
2019-02-11,39863.4921875,39863.4921875,38859.73518997302,39074.82597515738,746520
2019-02-12,39935.18359375,40365.3651046342,39720.0928383079,40150.2743491921,957300
2019-02-13,40938.9453125,41082.33916648424,39935.188334610335,39935.188334610335,1941970
2019-02-14,40652.15234375,41154.03076774692,40580.45542603616,40867.243096891536,1004440
2019-02-15,40652.15234375,41297.4246031746,40508.75850832231,40652.15234375,1351010
2019-02-18,40652.15234375,40652.15234375,40652.15234375,40652.15234375,0
2019-02-19,41369.125,42301.18500866551,41225.731152513,42157.79116117851,1293550
2019-02-20,40723.8515625,41369.123858384686,40580.45771897007,41369.123858384686,927820
2019-02-21,41799.30859375,41871.005521012,40795.5516120819,40795.5516120819,1723040
2019-02-22,41942.69921875,42301.18382745727,41440.82076655983,41440.82076655983,1129680
2019-02-25,42014.3984375,42587.9738427901,42014.3984375,42301.18614014505,1366700
2019-02-26,40867.2421875,41942.69592927631,40867.2421875,41870.999013157896,1456500
2019-02-27,40652.15234375,41297.4246031746,40437.061590608464,41225.72768546076,1784860
2019-02-28,40508.76171875,41225.730952710175,40365.36787195796,40867.24633573009,2532900
2019-03-01,42014.3984375,42086.09536316127,40508.762998613485,40508.762998613485,2076360
2019-03-04,43304.94140625,43591.72909768212,42014.39679480546,42014.39679480546,3433740
2019-03-05,42587.96875,43448.33175505051,42372.87799873738,42946.45333543771,2693520
2019-03-06,44093.60546875,44093.60546875,42587.97016006098,42659.667079522354,3156200
2019-03-07,43735.12109375,44452.09029200819,43663.42417392418,44093.6056928791,1802470
2019-03-08,43735.12109375,43735.12109375,43735.12109375,43735.12109375,0
2019-03-11,43304.94140625,43520.03217482409,42874.75986910182,43376.63832910803,2131290
2019-03-12,44452.0859375,44452.0859375,43591.72298387097,43878.510635080645,2858810
2019-03-13,44308.69921875,45025.66846177184,44165.30537014563,44452.09306735436,2346380
2019-03-14,43878.51953125,44810.57958665237,43735.12567657271,44810.57958665237,1532650
2019-03-15,44738.8828125,44882.27666766827,43663.428898737984,43878.51968149038,2274270
2019-03-18,44810.578125,45384.153525,44237.002725,44738.8812,1714570
2019-03-19,44523.79296875,45025.67147242351,44308.70218146135,44810.58068513486,1816150
2019-03-20,44237.00390625,44452.09468699352,43591.73156401945,44237.00390625,1699650
2019-03-21,42659.671875,44595.488918067225,41584.21796218487,44452.09506302521,2115260
2019-03-22,42301.18359375,42946.45588585805,42229.48667240466,42946.45588585805,1606140
2019-03-25,41584.21484375,41942.69945447198,41154.03331088362,41512.5179216056,1861980
2019-03-26,41369.125,42229.488084922006,41225.731152513,42229.488084922006,1212450
2019-03-27,42157.79296875,42301.1868223852,41584.21755420918,42229.4898955676,621860
2019-03-28,42659.671875,42803.06573004201,41584.21796218487,41871.0056722689,836530
2019-03-29,42587.96875,43018.15025252525,42516.27183291246,42659.665667087545,1256540
2019-04-01,43735.12109375,43735.12109375,42803.061136014345,42803.061136014345,1200470
2019-04-02,43233.25,44237.00704809287,43161.553067993365,44093.6131840796,655270
2019-04-03,43591.73046875,43806.82124408923,43161.548918071545,43233.245843184624,829910
2019-04-04,43591.73046875,43806.82124408923,43448.33661852385,43591.73046875,608720
2019-04-05,44021.9140625,44093.61099094055,43448.33863497557,43591.732491856674,773290
2019-04-08,44882.2734375,44953.97035992412,44093.60729083466,44452.09190295527,1412570
2019-04-09,44308.69921875,45169.06231037621,44308.69921875,45169.06231037621,1635520
2019-04-10,43735.12109375,44308.69645235656,43520.03033427254,43950.21185322746,830410
2019-04-11,43591.73046875,43950.21509431538,43448.33661852385,43950.21509431538,607620
2019-04-12,43735.12109375,43806.818013575816,43233.24265496926,43376.6364946209,424050
2019-04-15,43735.12109375,43735.12109375,43735.12109375,43735.12109375,0
2019-04-16,43735.12109375,43878.51493340164,43161.545735143445,43161.545735143445,775260
2019-04-17,43806.8203125,44523.78954838379,43806.8203125,43950.214159676754,1350850
2019-04-18,43376.640625,43878.519111570255,42874.76213842975,43735.12525826447,538860
2019-04-19,43520.03515625,43735.12593955931,43304.94437294069,43448.33822848023,457310
2019-04-22,43376.640625,43878.519111570255,43161.54984504133,43448.3375516529,488510
2019-04-23,43950.21484375,44165.30561786297,43376.63944611542,43376.63944611542,757150
2019-04-24,44308.69921875,44380.39614305218,44021.91152154126,44021.91152154126,790290
2019-04-25,44093.60546875,44236.99930767276,43878.51471036585,43878.51471036585,354690
2019-04-26,44667.18359375,44738.8805176565,43950.21435468499,43950.21435468499,1410390
2019-04-29,44667.18359375,44667.18359375,44667.18359375,44667.18359375,0
2019-04-30,44667.18359375,44667.18359375,44667.18359375,44667.18359375,0
2019-05-01,44667.18359375,44667.18359375,44667.18359375,44667.18359375,0
2019-05-02,44810.578125,45025.6689,44452.0935,45025.6689,443010
2019-05-03,44165.3125,44810.58492288961,44165.3125,44810.58492288961,332640
2019-05-06,43735.12109375,43950.21185322746,43376.6364946209,43591.72725409836,1048040
2019-05-07,43878.51953125,44237.00416794322,43735.12567657271,43950.21645858864,417000
2019-05-08,43663.4296875,43950.21740301724,43376.64197198275,43735.1266163793,415580
2019-05-09,43448.34375,43878.525371287134,43376.646813118816,43663.43456064357,536070
2019-05-10,43950.21484375,44237.002542567294,43520.03329552407,43806.82099434136,327390
2019-05-13,43591.73046875,44093.608944541535,43591.73046875,44093.608944541535,257440
2019-05-14,44738.8828125,44738.8828125,43591.73197115384,43591.73197115384,1070900
2019-05-15,46172.8203125,46603.00186820652,44953.97257133152,44953.97257133152,1828520
2019-05-16,46172.8203125,46603.00186820652,45886.03260869565,46172.8203125,837330
2019-05-17,46459.60546875,46961.48392288773,46172.81778067129,46459.60546875,768370
2019-05-20,47463.3671875,47678.45797535876,46244.519389633686,46459.61017749245,1066800
2019-05-21,47033.1875,47535.06602515244,46746.39977134146,47463.3690929878,736610
2019-05-22,47535.05859375,47678.45243566176,47033.18014705882,47248.27090992647,988930
2019-05-23,48395.4296875,48395.4296875,46746.40023148148,47319.975694444445,1139760
2019-05-24,47319.97265625,48036.941938920456,46961.48801491477,47678.45729758523,1466210
2019-05-27,47319.97265625,47606.76036931818,47104.88187144887,47319.97265625,653220
2019-05-28,48323.73046875,48323.73046875,47248.27652656713,47606.76117396142,760700
2019-05-29,47893.546875,48108.63765437874,47678.45609562125,48108.63765437874,534840
2019-05-30,48341.15625,48639.55844907407,48191.95515046296,48490.35734953704,701090
2019-05-31,47072.9375,48191.9455229794,46923.73643026942,48117.344988114106,1037660
2019-06-03,45730.125,46625.33136215334,44760.3181076672,44760.3181076672,1010070
2019-06-04,46401.53515625,46401.53515625,45730.13030672226,46252.334078577165,385590
2019-06-05,46252.328125,46998.33341733871,46177.72759576613,46998.33341733871,289450
2019-06-06,46028.53125,46476.134471231766,45133.32480753647,45133.32480753647,347040
2019-06-07,46550.734375,46625.334910857375,45580.92740885417,46625.334910857375,329820
2019-06-10,46550.734375,47072.9381260016,46401.53330328526,46550.734375,277790
2019-06-11,46550.734375,46923.73705428686,46326.93276742788,46326.93276742788,371780
2019-06-12,46103.1328125,46550.73604368932,46103.1328125,46550.73604368932,276490
2019-06-13,45879.33203125,46252.33473069106,45655.530411585365,45730.13095147358,188640
2019-06-14,45804.7265625,46326.930285525246,45804.7265625,46177.72922180375,138480
2019-06-17,45730.125,46252.32871125612,45580.92393964111,46252.32871125612,204660
2019-06-18,45506.32421875,45879.326876280735,45282.52262423156,45580.92475025615,210760
2019-06-19,45879.33203125,46252.33473069106,45655.530411585365,46252.33473069106,207820
2019-06-20,47371.33984375,47669.74198449803,45879.329140009846,46177.73128075788,839620
2019-06-21,46998.33984375,47744.34523809524,46774.53822544643,47445.94308035714,501900
2019-06-24,46625.3359375,46998.338625,46401.534325,46998.338625,489060
2019-06-25,46177.734375,46550.73707592892,46028.53329462843,46550.73707592892,589610
2019-06-26,46849.140625,46923.741167396496,46177.73574343153,46177.73574343153,296970
2019-06-27,46177.734375,46923.73977685784,46177.734375,46699.938156300486,217100
2019-06-28,44387.32421875,46625.340565913866,44387.32421875,46476.139476102944,597200
2019-07-01,47222.140625,47222.140625,45953.9314770932,46252.33362954186,784510
2019-07-02,47893.546875,47968.14741530373,47222.14201226636,47296.74255257009,2425770
2019-07-03,47744.34375,48042.7458984375,47595.14267578125,47818.94428710937,1463210
2019-07-04,47744.34375,47744.34375,47744.34375,47744.34375,0
2019-07-05,47744.34375,47744.34375,47744.34375,47744.34375,0
2019-07-08,47669.7421875,48341.14700704225,47595.141651995305,48341.14700704225,1660650
2019-07-09,47669.7421875,47669.7421875,47669.7421875,47669.7421875,0
2019-07-10,47744.34375,47893.54482421875,47595.14267578125,47669.74321289062,1606680
2019-07-11,48191.94140625,48266.54193474264,47818.93876378676,47818.93876378676,920080
2019-07-12,48117.3515625,48341.153197674415,48042.75101744186,48341.153197674415,3474210
2019-07-15,48191.94140625,48415.74299172794,48117.34087775735,48341.142463235294,446330
2019-07-16,47968.14453125,48191.94613870529,47818.94345961314,48117.34560288686,2151300
2019-07-17,47968.14453125,48191.94613870529,47818.94345961314,48042.74506706843,2686790
2019-07-18,47893.546875,48042.74795560748,47818.94633469626,47968.14741530373,2228450
2019-07-19,47818.9453125,48042.74692862714,47818.9453125,47893.54585120905,1465170
2019-07-22,47893.546875,48117.34849591122,47595.14471378505,47744.34579439253,1367300
2019-07-23,47893.546875,48117.34849591122,47818.94633469626,47893.546875,1450530
2019-07-24,49236.35546875,49385.55654592803,48117.34738991477,48117.34738991477,2628590
2019-07-25,49236.35546875,49236.35546875,49236.35546875,49236.35546875,0
2019-07-26,49236.35546875,49236.35546875,49236.35546875,49236.35546875,0
2019-07-29,49236.35546875,49236.35546875,49236.35546875,49236.35546875,0
2019-07-30,49236.35546875,49236.35546875,49236.35546875,49236.35546875,0
2019-07-31,48863.34765625,48863.34765625,48191.94287929389,48191.94287929389,1004830
2019-08-01,48490.3515625,48863.35426682692,48341.150480769225,48639.55264423077,525830
2019-08-02,48490.3515625,48714.15318509616,47371.34344951923,47818.946694711536,960480
2019-08-05,47072.9375,48490.347662440574,47072.9375,48490.347662440574,1319140
2019-08-06,47072.9375,47072.9375,47072.9375,47072.9375,0
2019-08-07,46252.328125,46550.73024193549,45655.52389112904,45730.1244203629,797090
2019-08-08,46401.53515625,46699.937311595655,45804.73084555868,45879.3313843951,457730
2019-08-09,46401.53515625,46401.53515625,46401.53515625,46401.53515625,0
2019-08-12,46550.734375,46625.334910857375,46103.13115985577,46401.53330328526,383980
2019-08-13,47147.5390625,47371.34067197389,46252.33262460443,46550.734770569616,691380
2019-08-14,46550.734375,47445.94080528846,46550.734375,47222.13919771634,267530
2019-08-15,45879.33203125,46177.73419080285,45506.32933180894,45580.92987169715,462000
2019-08-16,45879.33203125,45879.33203125,45879.33203125,45879.33203125,0
2019-08-19,45879.33203125,45879.33203125,45879.33203125,45879.33203125,0
2019-08-20,45879.33203125,45879.33203125,45879.33203125,45879.33203125,0
2019-08-21,46699.9375,47147.54073482428,46550.73642172524,46625.33696086262,562620
2019-08-22,46699.9375,46849.13857827476,46625.33696086262,46849.13857827476,125060
2019-08-23,46252.328125,46923.73288810484,46103.12706653226,46923.73288810484,192970
2019-08-26,45357.12890625,45879.33269299959,45133.327283357314,45804.73215203536,594700
2019-08-27,45655.52734375,45730.12787862541,45133.32359962214,45506.326273999184,569790
2019-08-28,45506.32421875,45953.92740778688,45357.1231557377,45953.92740778688,279140
2019-08-29,45506.32421875,45655.5252817623,45282.52262423156,45655.5252817623,401390
2019-08-30,45879.33203125,46103.13365091464,45580.92987169715,45655.530411585365,266590
2019-09-02,45879.33203125,45879.33203125,45879.33203125,45879.33203125,0
2019-09-03,45282.5234375,45953.92823311367,45282.5234375,45804.72716742174,191130
2019-09-04,45282.5234375,45357.12397034596,44685.71917473229,45133.32237180807,339310
2019-09-05,45506.32421875,45655.5252817623,45282.52262423156,45357.1231557377,203850
2019-09-06,45207.9296875,45655.53295173268,45207.9296875,45655.53295173268,121490
2019-09-09,46177.734375,46326.93545537157,45133.32681239904,45207.92735258482,384500
2019-09-10,46252.328125,46923.73288810484,46177.72759576613,46177.72759576613,512930
2019-09-11,45879.33203125,46476.13635035569,45431.72879192073,46326.93527057927,151290
2019-09-12,45879.33203125,46252.33473069106,45730.13095147358,46177.73419080285,124610
2019-09-13,46103.1328125,46476.13550515776,45506.32850424757,45506.32850424757,183100
2019-09-16,46699.9375,47147.54073482428,46476.13588258786,46998.33965654952,485880
2019-09-17,46625.3359375,46849.13755,46252.33325,46774.5370125,143200
2019-09-18,45730.125,46550.730831973895,45655.52446982055,46550.730831973895,405970
2019-09-19,45580.92578125,45879.32791402414,45431.72471486293,45730.12684763708,216260
2019-09-20,45655.52734375,45879.32894837623,45580.92680887459,45580.92680887459,312880
2019-09-23,45953.93359375,46103.13467684659,45655.531427556816,45655.531427556816,283030
2019-09-24,45431.7265625,45953.93031609195,45431.7265625,45953.93031609195,356990
2019-09-25,44909.5234375,45431.72719840116,44909.5234375,45431.72719840116,426000
2019-09-26,45207.9296875,45207.9296875,44760.32642326733,44909.52751134489,353370
2019-09-27,45133.32421875,45655.52797004132,44984.12314695248,45058.72368285124,338900
2019-09-30,45133.32421875,45431.72636234504,44984.12314695248,45357.12582644628,328980
2019-10-01,45207.9296875,45431.73131961634,44909.52751134489,45133.329143461226,259680
2019-10-02,44834.921875,45357.12562396006,44834.921875,45207.92455282862,318030
2019-10-03,44760.3203125,44834.920846354165,44088.9155078125,44760.3203125,286780
2019-10-04,43268.3125,44387.32058189655,43268.3125,44387.32058189655,1596720
2019-10-07,43417.515625,43865.11887886598,43268.31454037801,43268.31454037801,514690
2019-10-08,43492.12109375,43566.72164451115,43193.71889070541,43417.52054298885,350280
2019-10-09,43119.11328125,43417.51544928634,43044.51273924092,43417.51544928634,391020
2019-10-10,42447.703125,43417.51005052724,42447.703125,43044.50738686292,559760
2019-10-11,43641.31640625,43641.31640625,42522.30829326923,42522.30829326923,485200
2019-10-14,43715.9140625,44163.517278157,43715.9140625,44014.31620627133,242490
2019-10-15,43715.9140625,43865.11513438567,43641.31352655717,43715.9140625,184230
2019-10-16,43342.91015625,43790.51335924053,43268.309622418245,43715.91282540878,267570
2019-10-17,42969.91015625,43641.315002441406,42820.70907931858,43342.91284857856,251210
2019-10-18,43193.71484375,43417.51647506477,43044.51375620682,43268.31538752159,132570
2019-10-21,42895.30859375,43193.71074048913,42746.10752038043,42746.10752038043,127700
2019-10-22,42895.30859375,43119.11020380435,42746.10752038043,42746.10752038043,113800
2019-10-23,42671.51171875,43268.31607845279,42596.91117378715,42969.91389860139,158830
2019-10-24,42895.30859375,42895.30859375,42671.506983695646,42671.506983695646,91820
2019-10-25,43119.11328125,43119.11328125,42895.31165522275,43119.11328125,79760
2019-10-28,43268.3125,43492.11411637931,42969.91034482759,42969.91034482759,176010
2019-10-29,43492.12109375,43715.92274603345,43119.11833994425,43119.11833994425,221780
2019-10-30,44238.1171875,44611.11986193086,43342.910768865935,43417.51130375211,440360
2019-10-31,44238.1171875,44387.318257272345,43939.71504795532,44238.1171875,173690
2019-11-01,44312.71875,44387.31928661616,43641.313920454544,44014.31660353536,217150
2019-11-04,44461.91796875,44909.52116977768,44387.317435245386,44387.317435245386,415000
2019-11-05,44536.51953125,44685.720601706445,44387.31846079355,44536.51953125,185570
2019-11-06,44163.515625,44536.51829075169,44163.515625,44536.51829075169,103730
2019-11-07,43939.71875,44312.72145585738,43865.11820882852,44312.72145585738,265630
2019-11-08,44014.31640625,44163.51747881356,43865.115333686445,43865.115333686445,207400
2019-11-11,44088.9140625,44312.71565672589,43865.112468274114,44014.31353109137,152130
2019-11-12,44461.91796875,44834.92063627307,44014.31476772232,44088.91530122693,695520
2019-11-13,44461.91796875,44834.92063627307,44387.317435245386,44611.11903575923,470780
2019-11-14,44834.921875,45133.324017262894,44461.91919717138,44461.91919717138,467570
2019-11-15,44685.72265625,44909.52427222455,44685.72265625,44834.92373356637,253570
2019-11-18,44163.515625,45282.52362225507,44163.515625,45282.52362225507,205630
2019-11-19,44760.3203125,44760.3203125,44163.51604166666,44461.91817708333,219050
2019-11-20,44536.51953125,44760.32113693467,44387.31846079355,44536.51953125,306300
2019-11-21,44536.51953125,44685.720601706445,44312.717925565325,44536.51953125,130770
2019-11-22,43566.71484375,44536.52185225813,43417.51376551798,44387.32077402611,321550
2019-11-25,44014.31640625,44088.91694253178,43566.71318855932,43566.71318855932,271420
2019-11-26,44163.515625,44536.51829075169,44088.91509184966,44238.11615815033,198130
2019-11-27,43715.9140625,44312.71835004266,43715.9140625,44238.11781409983,147990
2019-11-28,43268.3125,44088.918426724136,43119.11142241379,43865.11681034482,133830
2019-11-29,42969.91015625,43641.315002441406,42820.70907931858,43417.51338704427,96980
2019-12-02,42298.50390625,43342.91141010803,42298.50390625,43119.109802138446,136100
2019-12-06,42074.703125,42447.70581227837,42000.10258754432,42447.70581227837,19860
2019-12-09,42000.1015625,42447.70477630995,42000.1015625,42074.70209813499,81150
2019-12-10,41477.8984375,42000.102194806655,40508.091459644784,42000.102194806655,222890
2019-12-11,40806.48828125,41627.094078496346,40508.08617316042,41627.094078496346,208350
2019-12-12,41179.49609375,41328.69716655344,40881.09394814312,40881.09394814312,125260
2019-12-13,41328.6953125,41552.49691166516,41179.49424638989,41254.09477944495,127970
2019-12-16,41925.50390625,41925.50390625,41403.30012094084,41701.70228397465,120880
2019-12-17,41477.8984375,42000.102194806655,41403.29790074191,41925.50165804856,67180
2019-12-18,41477.8984375,41477.8984375,41254.09682722572,41254.09682722572,121920
2019-12-19,41328.6953125,41850.89904388538,41104.89371333484,41776.298510830326,60710
2019-12-20,42447.703125,42447.703125,41328.69513400703,41328.69513400703,205110
2019-12-23,41850.90234375,42746.10881099599,41776.30180481284,42447.706655247326,155940
2019-12-24,41850.90234375,42298.50557737299,41850.90234375,41850.90234375,88060
2019-12-25,41850.90234375,42447.706655247326,41701.70126587567,42447.706655247326,113790
2019-12-26,41701.6953125,41850.89636907424,41627.09478421288,41701.6953125,73400
2019-12-27,42074.703125,42223.90419991135,41477.898825354605,41627.09990026595,68050
2019-12-30,41776.30078125,42298.50454101562,41701.70024414062,42298.50454101562,102990
2019-12-31,41776.30078125,42074.7029296875,41403.298095703125,42074.7029296875,75980
2020-01-01,41776.30078125,41776.30078125,41776.30078125,41776.30078125,0
2020-01-02,42149.3046875,42596.90792311947,41328.698755530975,41850.90253042035,380760
2020-01-03,42596.90234375,43342.90763873687,42223.89969625657,42223.89969625657,586600
2020-01-06,42746.109375,43268.31315445026,42596.90829515707,43268.31315445026,497990
2020-01-07,42149.3046875,42895.31008019912,42074.704148230085,42895.31008019912,290780
2020-01-08,41552.5,42522.30700179533,41477.89946140036,42522.30700179533,237220
2020-01-09,41925.50390625,42000.10444700845,41552.50120245775,41552.50120245775,128140
2020-01-10,41552.5,42149.30430879712,41552.5,41925.502692998205,135340
2020-01-13,41701.6953125,41925.496897361365,41477.89372763864,41552.49425592576,166780
2020-01-14,41403.296875,41627.09847972973,41179.49527027027,41627.09847972973,94530
2020-01-15,41328.6953125,41403.295845555054,40806.49158111462,41403.295845555054,176290
2020-01-16,41552.5,41850.902154398565,41179.4973070018,41403.29892280071,176180
2020-01-17,41925.50390625,42373.10715080072,41776.302824733095,41776.302824733095,128190
2020-01-20,41776.30078125,42074.7029296875,41552.49916992187,41925.50185546875,265570
2020-01-21,42447.703125,42522.30365773287,42000.09992860282,42074.70046133568,605240
2020-01-22,42746.109375,43044.511534685866,42447.70721531413,42447.70721531413,392620
2020-01-23,42746.109375,42746.109375,42746.109375,42746.109375,0
2020-01-24,42746.109375,42746.109375,42746.109375,42746.109375,0
2020-01-27,42746.109375,42746.109375,42746.109375,42746.109375,0
2020-01-28,42746.109375,42746.109375,42746.109375,42746.109375,0
2020-01-29,42746.109375,42746.109375,42746.109375,42746.109375,0
2020-01-30,41328.6953125,42373.10277527076,41328.6953125,41776.298510830326,314560
2020-01-31,39538.28515625,41552.49968307783,39538.28515625,41552.49968307783,672920
2020-02-03,38046.2734375,38344.67558210784,36778.06432291667,36964.56566329657,594560
2020-02-04,37822.47265625,38792.2796474359,37300.268891765285,38643.07857186884,578180
2020-02-05,38419.2734375,38792.276092233005,37897.06972087378,37897.06972087378,186410
2020-02-06,38792.28125,39016.08287259616,38195.47692307692,38419.27854567308,547380
2020-02-07,38643.078125,39165.28188344595,38568.47758807915,39016.08080960425,345610
2020-02-10,38493.87890625,38643.07998728198,37822.4740416061,38270.077284702034,357180
2020-02-11,39389.08203125,39389.08203125,38419.27508729877,38493.87562144887,427820
2020-02-12,39463.68359375,39612.88466593809,39389.08305765595,39389.08305765595,637550
2020-02-13,39762.08984375,40135.09256273452,39389.08712476548,39389.08712476548,506100
2020-02-14,39762.08984375,40060.49201893762,39687.4892999531,39762.08984375,612290
2020-02-17,39612.890625,39836.692266949154,39314.48843573446,39762.091719632765,371440
2020-02-18,39389.08203125,39538.28309955019,39239.88096294981,39538.28309955019,254370
2020-02-19,39463.68359375,39762.08573812618,39389.08305765595,39463.68359375,337410
2020-02-20,39687.484375,39911.28597861842,39612.88384046053,39762.08490953947,292760
2020-02-21,39389.08203125,39836.685236150566,39389.08203125,39836.685236150566,288010
2020-02-24,37747.87109375,38792.27859436759,37524.0694864748,38419.27591557559,441450
2020-02-25,37897.0703125,38046.27137672244,37374.86658772146,37598.66818405512,282590
2020-02-26,37374.87109375,37822.47434038173,37374.87109375,37822.47434038173,290260
2020-02-27,38195.4765625,38195.4765625,37374.87062072754,37374.87062072754,238530
2020-02-28,38493.87890625,38866.88160882994,37449.47133902616,37449.47133902616,290640
2020-03-02,37897.0703125,38493.874569389765,37897.0703125,38493.874569389765,135280
2020-03-03,37524.0703125,38419.27676130716,37524.0703125,38046.27407430417,241940
2020-03-05,37524.0703125,37897.07299950298,37524.0703125,37822.47246210239,165440
2020-03-06,37076.46875,37449.47145372233,37001.86820925553,37449.47145372233,167080
2020-03-09,34502.75,35808.259459459456,34502.75,34502.75,262470
2020-03-10,32675.037109375,33570.24360552226,32115.53304928296,32115.53304928296,518640
2020-03-11,30511.62109375,33421.04217603912,30399.72028289273,33421.04217603912,385470
2020-03-12,28385.50390625,29840.21435611038,28385.50390625,29840.21435611038,465400
2020-03-13,26968.09375,28348.20366528354,26408.589730290456,26408.589730290456,845640
2020-03-16,27453.0,28497.40760869565,27079.997282608696,27079.997282608696,632180
2020-03-17,29355.30859375,29355.30859375,27229.19348594346,27602.196136435832,535980
2020-03-18,31406.830078125,31406.830078125,29840.21860154394,30511.62352007868,880510
2020-03-19,29914.814453125,31183.023544653992,29914.814453125004,31108.42300985817,510280
2020-03-20,30287.818359375,30959.22319985376,29914.81567022013,30586.22051069889,381290
2020-03-23,28199.00390625,29541.813616071428,28199.00390625,29168.81091889881,585750
2020-03-24,27975.197265625,28273.599369791667,26408.58621875,28198.99884375,1147220
2020-03-25,29914.814453125,29914.814453125004,28721.205896391835,28721.205896391835,469810
2020-03-26,29429.912109375,30586.220443203423,29094.209689876425,29840.215066539924,418920
2020-03-27,29467.208984375,29541.809513449363,28422.80157733386,29094.20633900316,713230
2020-03-30,28131.3671875,29427.924613739528,27581.312521822627,27581.312521822627,728950
2020-03-31,28681.421875,29427.924636130138,27895.629494863013,28288.525684931505,383160
2020-04-01,30567.322265625,30645.901500241,28288.524461760924,28681.42063484094,595360
2020-04-02,30567.322265625,30567.322265625,30567.322265625,30567.322265625,0
2020-04-03,31353.119140625,31746.0153704574,30881.64366482613,31588.856878524435,851510
2020-04-06,31510.271484375,32256.774175401337,31353.113023106296,32060.32609881545,1924660
2020-04-07,30528.029296875,30960.2150398166,29938.68510195464,30724.47736184845,1194700
2020-04-08,30174.4296875,30488.74666341146,29860.112711588543,30174.4296875,941540
2020-04-09,31431.69140625,32217.48369140625,30645.89912109375,30645.89912109375,1936030
2020-04-10,32021.0390625,32610.383339723925,31117.37783742331,31510.27402223926,1638300
2020-04-13,31706.720703125,32531.802654507435,31706.720703125,32138.906487182467,1328310
2020-04-14,31117.373046875,31706.717233368847,30645.897697679928,31706.717233368847,1122090
2020-04-15,31353.119140625,31785.30499344064,30763.77479587641,31117.381402725565,1210150
2020-04-16,32217.484375,32531.801295731708,31313.82322789634,31431.69207317073,1953570
2020-04-17,32531.802734375,32728.250818519777,32178.1961829144,32688.96120169082,1594470
2020-04-20,34496.28515625,34653.44363076595,32531.80422480069,32531.80422480069,2466850
2020-04-21,32099.6171875,33710.491489443084,32099.6171875,32610.38221006732,2649020
2020-04-22,31981.748046875,32060.327280405403,30488.742609797297,30645.901076858107,1125610
2020-04-23,31981.748046875,32688.961148648646,31824.589579814183,32688.961148648646,1233190
2020-04-24,32492.51171875,32610.38056416264,31903.16749168682,32217.484412787184,1094050
2020-04-27,31588.849609375,32492.5107300412,31549.559995432992,32492.5107300412,1102230
2020-04-28,31195.953125,31824.586941120902,30685.188149401765,31588.849260075567,1226410
2020-04-29,31195.953125,31195.953125,31195.953125,31195.953125,0
2020-04-30,31195.953125,31195.953125,31195.953125,31195.953125,0
2020-05-01,31195.953125,31195.953125,31195.953125,31195.953125,0
2020-05-04,31510.271484375,32492.511867304394,31431.692253740646,32492.511867304394,883050
2020-05-05,31746.0078125,31942.45588064666,31038.79476717203,31038.79476717203,545090
2020-05-06,32963.98828125,33239.01559706496,32138.906333805124,32374.64403307509,1700870
2020-05-07,33042.56640625,33317.59371284185,32688.95986920333,33003.2767910226,1269830
2020-05-08,34417.703125,35321.36428010845,33160.43543093607,33160.43543093607,2375610
2020-05-11,34810.59765625,34967.75611068002,34299.832679352425,34574.859974604966,1344010
2020-05-12,35792.83984375,36146.446384467614,34103.38637143249,34810.599452867726,1799500
2020-05-13,35871.41796875,36539.34141395126,35046.336065854324,35792.83873990279,1755200
2020-05-14,35832.12890625,35989.287366365126,35242.78468081825,35832.12890625,995730
2020-05-15,35832.12890625,35832.12890625,35832.12890625,35832.12890625,0
2020-05-18,35832.12890625,35832.12890625,35832.12890625,35832.12890625,0
2020-05-19,37325.13671875,37325.13671875,36382.18589638158,37325.13671875,1378600
2020-05-20,37325.13671875,37325.13671875,37325.13671875,37325.13671875,0
2020-05-21,36932.2421875,37325.13838098404,36539.34599401596,36932.2421875,1019750
2020-05-22,36460.76171875,36853.65785796067,36303.603263065736,36853.65785796067,795930
2020-05-25,36421.47265625,36775.07918689321,35753.549209479504,36460.76227076591,625220
2020-05-26,36932.2421875,36932.2421875,36460.76675531915,36932.2421875,626270
2020-05-27,36853.66015625,37443.004401819024,36853.66015625,36932.23938899254,958690
2020-05-28,36775.08203125,36932.240501469016,36578.63394347623,36853.66126635951,458950
2020-05-29,36264.31640625,36814.371042964514,36185.73717243364,36775.081426056335,806010
2020-06-01,36382.1875,36696.504454643626,36264.31864200864,36264.31864200864,817190
2020-06-02,36460.76171875,37010.81631364494,36264.31364914467,36775.078630118536,1306180
2020-06-03,36696.50390625,36932.24161870985,36539.345431276764,36853.66238122324,508870
2020-06-04,37050.109375,37246.55746288441,36853.66128711559,36932.24052226936,868580
2020-06-05,36932.2421875,37089.40066489361,35674.97436835106,37089.40066489361,586880
2020-06-08,36932.2421875,36932.2421875,36932.2421875,36932.2421875,0
2020-06-09,36932.2421875,36932.2421875,36932.2421875,36932.2421875,0
2020-06-10,37482.29296875,37482.29296875,36617.92143278302,37403.713738207545,690860
2020-06-11,34889.18359375,37718.03631756757,34889.18359375,37718.03631756757,997810
2020-06-12,35517.80859375,35517.80859375,33710.486475041485,33710.486475041485,1063220
2020-06-15,34574.859375,35753.54776278409,34417.70092329545,35753.54776278409,638070
2020-06-16,34810.59765625,35517.8107011851,34653.43920181997,34653.43920181997,1056690
2020-06-17,35950.0,36028.57923497268,34810.60109289617,34810.60109289617,2149680
2020-06-18,36696.50390625,37089.400093683085,35832.132293897215,35832.132293897215,1266690
2020-06-19,36146.44921875,37089.40006793478,36067.869981317934,37089.40006793478,1795970
2020-06-22,36146.44921875,36382.1869310462,35439.23608186141,36146.44921875,1997120
2020-06-23,36342.890625,36539.33868243243,35439.22956081081,36067.8633445946,2106770
2020-06-24,36067.8671875,36342.8944972086,35674.97103077342,36342.8944972086,1882350
2020-06-25,36028.578125,36067.8677412759,35203.49618320611,35674.9715785169,1579880
2020-06-26,35989.2890625,36303.60599754367,35596.39289369542,36146.44753002183,1794130
2020-06-29,34967.75390625,35871.41496225422,34771.30585059691,35871.41496225422,2141710
2020-06-30,34967.75390625,35517.808462078654,34574.85779494382,34967.75390625,1473030
2020-07-01,35439.23046875,35517.80969373614,34574.85899390244,35046.33434381929,1510610
2020-07-02,35753.55078125,35832.13001373626,34928.46884014423,35674.97154876374,1347150
2020-07-03,36107.16015625,36303.60825285637,35517.8158664309,35753.553582358545,599290
2020-07-06,36460.76171875,36539.340946592136,35949.996737776135,36107.1551934604,810350
2020-07-07,36539.34375,36775.0814516129,36146.44758064517,36775.0814516129,583010
2020-07-08,36539.34375,36539.34375,36146.44758064517,36539.34375,467240
2020-07-09,36578.63671875,36696.505580357145,36303.609375,36539.34709821429,678930
2020-07-10,36578.63671875,36578.63671875,36578.63671875,36578.63671875,0
2020-07-13,36460.76171875,36539.340946592136,36342.8928769868,36382.18249090787,580920
2020-07-14,36460.76171875,36460.76171875,35949.996737776135,36382.18249090787,425960
2020-07-15,36460.76171875,36460.76171875,36460.76171875,36460.76171875,0
2020-07-16,36814.37109375,37167.97764641142,36617.9230089381,36617.9230089381,878460
2020-07-17,37325.13671875,37953.77060032895,36775.08207236842,36814.37168996711,1335770
2020-07-20,36460.76171875,37128.68515540814,36421.472104828936,37010.81631364494,574960
2020-07-21,36067.8671875,36539.34257557189,35792.8398777914,36500.05295989924,439810
2020-07-22,35596.39453125,36460.766142384105,35360.65681912252,36460.766142384105,720410
2020-07-23,36146.44921875,36264.318074898096,35399.94646314538,35596.39455672554,368860
2020-07-24,35674.97265625,36146.44806580396,34535.57374982792,35989.28959595264,876920
2020-07-27,33199.7265625,34496.283931213016,33199.7265625,33396.17464866864,1119400
2020-07-28,34260.546875,35360.656178325684,33081.85833572248,33239.01680762615,552420
2020-07-29,32649.669921875,34181.96490015794,32256.77377359732,33789.068751880266,399820
2020-07-30,33160.4296875,33396.16733930687,32846.11281842417,33003.271252962084,173730
2020-07-31,33160.4296875,33474.74655657583,32217.47908027251,32846.11281842417,359580
2020-08-03,34378.4140625,34692.73099107143,33003.277500000004,33003.277500000004,528550
2020-08-04,34967.75390625,34967.75390625,33867.6447945927,34378.409739290735,382000
2020-08-05,34928.46484375,35203.49212598425,34653.43756151575,34732.01678501125,234150
2020-08-06,35046.34375,35203.50224215247,34614.15789658072,34889.18525784754,432920
2020-08-07,35046.34375,35124.92299607624,34810.606011771306,35046.34375,221640
2020-08-10,35517.80859375,35674.96703885509,35046.33325843474,35046.33325843474,310330
2020-08-11,35910.70703125,35949.99664506975,35478.521279232766,35517.81089305252,549990
2020-08-12,36539.34375,36539.34375,35910.70987903226,35910.70987903226,660600
2020-08-13,36617.91796875,36932.23486118562,36421.469910977736,36539.33874564109,380300
2020-08-14,36617.91796875,36657.20758030446,36264.31146475993,36303.60107631438,509440
2020-08-17,36303.60546875,36539.34316659902,36107.15738720915,36342.89508505817,225870
2020-08-18,36185.734375,36342.89283048317,36107.15514725842,36342.89283048317,88390
2020-08-19,36932.2421875,36932.2421875,36067.8705618351,36185.73941988032,562910
2020-08-20,36421.47265625,37050.106488504585,36382.18304173409,36932.23764495685,429540
2020-08-21,36578.63671875,36814.37444196429,36421.478236607145,36421.478236607145,548520
2020-08-24,38110.92578125,38189.50500966495,36853.658126610826,36853.658126610826,1037310
2020-08-25,39603.93359375,39682.51282707093,38503.82432725695,38503.82432725695,1227490
2020-08-26,40389.72265625,40468.301883207685,39603.93038667315,39603.93038667315,1298440
2020-08-27,41489.8359375,41646.99440696023,40389.7266512784,40389.7266512784,3326890
2020-08-28,41096.9453125,41647.00002987572,40861.20757648184,41489.84153919694,3804130
2020-08-31,41254.09765625,41725.57305803571,40861.20148809524,40939.780721726194,3631670
2020-09-01,41568.41015625,41646.98938149811,40939.77635426512,41646.98938149811,2076920
2020-09-02,41568.41015625,41568.41015625,41568.41015625,41568.41015625,0
2020-09-03,43401.08984375,43817.60702075336,42817.965795945296,43567.69671455135,2055830
2020-09-04,42984.57421875,43401.09141079215,42234.843273074126,42484.75358829942,2920060
2020-09-07,42568.0546875,43234.4821581458,42318.14438600783,42901.2684228229,2220460
2020-09-08,42651.35546875,43151.17604064941,42318.14175415039,42901.26575469971,1444420
2020-09-09,42401.44921875,42484.75265532907,42068.23547243369,42318.14578217092,1610170
2020-09-10,41735.01953125,42651.35728542914,41651.7160990519,42568.05385323104,1510640
2020-09-11,41735.01953125,41735.01953125,41735.01953125,41735.01953125,0
2020-09-14,41485.109375,41651.71623995984,41360.15422628012,41568.41280747992,1309320
2020-09-15,41235.19921875,41568.412949810605,40818.68205492425,41485.10951704546,1658590
2020-09-16,42318.14453125,42318.14453125,41401.80675596702,41401.80675596702,221840
2020-09-17,41651.71875,42568.0565625,41526.76359375,42484.753125,210810
2020-09-18,41984.9296875,42151.53655133928,41651.71595982143,41651.71595982143,518560
2020-09-21,42234.84765625,42401.4545503575,41901.63386803501,42401.4545503575,473020
2020-09-22,41984.9296875,42234.83998325893,41818.32282366072,42234.83998325893,170700
2020-09-23,42984.57421875,43067.87765715843,41818.32608103198,41984.93295784884,583370
2020-09-24,43067.875,43151.178433268855,42484.75096711799,43067.875,273970
2020-09-25,42984.57421875,43067.87765715843,42401.45014989099,42901.27078034157,178820
2020-09-28,42734.66015625,43067.8738806652,42484.7498629386,43067.8738806652,177110
2020-09-29,42151.5390625,42984.57343132411,42151.5390625,42651.359683794464,244710
2020-09-30,41901.62890625,42318.14609219682,41651.71859468191,42151.53921781809,178430
2020-10-01,42318.14453125,42484.75139948327,42068.234228900095,42484.75139948327,145990
2020-10-02,42151.5390625,42318.14593626482,41818.32531497035,42151.5390625,232550
2020-10-05,41818.3203125,42234.837447086655,41818.3203125,42151.534020169325,256340
2020-10-06,41818.3203125,42318.140874003984,41735.01688558267,42318.140874003984,245460
2020-10-07,41568.41015625,41901.62386491733,41568.41015625,41651.71358341683,485060
2020-10-08,41485.109375,41818.32310491968,41485.109375,41651.71623995984,137770
2020-10-09,41443.4609375,41818.32641331659,41443.4609375,41485.11265703518,218150
2020-10-12,41110.2421875,41651.71447568389,41026.93875854863,41485.10761778116,282010
2020-10-13,41110.2421875,41568.41104673252,41026.93875854863,41068.59047302432,167150
2020-10-14,41235.19921875,41235.19921875,40985.28892045455,41110.24406960228,678810
2020-10-15,41485.109375,42151.53683483936,41485.109375,41568.41280747992,460270
2020-10-16,41610.06640625,41818.324996871874,41318.50437937938,41318.50437937938,251320
2020-10-19,41110.2421875,41651.71447568389,41068.59047302432,41651.71447568389,678150
2020-10-20,40901.98046875,41235.19415892312,40527.11506730525,40818.67704620672,571730
2020-10-21,40735.37890625,41235.19950632669,40568.77203955777,40901.98577294223,287910
2020-10-22,41151.89453125,41151.89453125,40443.815374335776,40818.68081034919,179460
2020-10-23,41235.19921875,41401.8060842803,40901.9854876894,41401.8060842803,238360
2020-10-26,41651.71875,41651.71875,40985.29125,41235.2015625,266000
2020-10-27,41151.89453125,41651.71511260121,41068.5911010248,41235.1979614752,163610
2020-10-28,39569.1328125,40985.29125,39569.1328125,40652.0775,247080
2020-10-29,40152.2578125,40402.16813083506,39319.22341804979,39402.52685749481,211090
2020-10-30,40818.68359375,40818.68359375,39235.91831154337,40152.25610650511,523960
2020-11-02,40277.2109375,40568.77296083247,40193.90750226216,40402.166090356775,122440
2020-11-03,40235.5625,40652.07971014493,40235.5625,40568.77626811594,80450
2020-11-04,40652.07421875,40943.63622646645,40318.860495645495,40318.860495645495,199140
2020-11-05,40568.7734375,40943.63890047485,40568.7734375,40735.38030993327,255810
2020-11-06,40235.5625,40652.07971014493,39985.65217391304,40610.42798913043,147850
2020-11-09,40402.1640625,40568.7709246134,40235.5572003866,40235.5572003866,266160
2020-11-10,40693.7265625,41568.41259915558,37611.49957618987,41568.41259915558,1107700
2020-11-11,40693.7265625,41318.50230296827,40277.20940218782,40818.68171059366,512860
2020-11-12,40485.46875,40901.98591820988,40360.51359953704,40693.72733410494,356940
2020-11-13,40652.07421875,40652.07421875,40027.298487929045,40235.55706486937,459050
2020-11-16,40110.6015625,41068.59100791797,40110.6015625,40818.68071780893,896740
2020-11-17,40318.859375,40485.46623192149,40110.60080384814,40318.859375,468290
2020-11-18,40318.859375,40610.42137461261,40277.20766076963,40485.46623192149,485750
2020-11-19,42234.84765625,42817.97178562624,40485.4752681213,40568.77871517505,1877310
2020-11-20,42151.5390625,42568.056246912056,42151.5390625,42401.44937314723,705480
2020-11-23,42234.84765625,42734.66833857249,41568.42007982002,42234.84765625,776920
2020-11-24,41818.3203125,42401.444300921314,41318.499750996016,42318.140874003984,886820
2020-11-25,41984.9296875,42484.750279017855,41818.32282366072,42484.750279017855,694950
2020-11-26,42817.96484375,43484.39231213521,41818.32364117218,41901.62707472033,1630020
2020-11-27,42734.66015625,43234.48074287281,42401.4464318348,42817.963587353806,627770
2020-11-30,42318.14453125,42984.57200418307,42318.14453125,42817.9651359498,515420
2020-12-01,42151.5390625,42318.14593626482,41235.20125679348,41651.71844120553,907360
2020-12-02,42401.44921875,42817.96640164538,41651.71828953831,42151.53890901277,632830
2020-12-03,42151.5390625,42734.66312067687,41901.62875185277,42734.66312067687,688180
2020-12-04,42318.14453125,42984.57200418307,42151.53766301673,42401.44796536664,901290
2020-12-07,42734.66015625,42817.963587353806,42484.7498629386,42817.963587353806,534840
2020-12-08,42234.84765625,42817.97178562624,42151.544209196254,42734.66833857249,768990
2020-12-09,43567.69921875,44150.82330007171,42234.84417572897,42401.4510561066,1540750
2020-12-10,42984.57421875,44150.82235646802,42984.57421875,43567.69828760901,906890
2020-12-11,44150.8203125,44150.8203125,43067.87566332547,43734.303139740565,1131390
2020-12-14,45400.375,45400.375,44317.43027522936,44400.73371559633,1162870
2020-12-15,44900.55078125,45816.88855229592,44567.33704632422,44983.85421498145,1249090
2020-12-16,44733.94140625,44983.85169343576,44567.33454812616,44817.24483531192,651030
2020-12-17,43567.69921875,44733.94738139341,43151.18201780593,44484.037060826966,1365140
2020-12-18,44817.24609375,44817.24609375,43567.69462273467,43567.69462273467,839990
2020-12-21,44983.85546875,45067.15890480324,44317.42798032407,44983.85546875,838750
2020-12-22,44983.85546875,44983.85546875,44983.85546875,44983.85546875,0
2020-12-23,44234.12109375,45233.76224841101,44234.12109375,44234.12109375,866960
2020-12-24,43900.90625,44817.2439516129,41235.19657258064,44484.030241935485,833500
2020-12-25,44234.12109375,44317.42452330508,43317.783368644064,43984.210805084746,394190
2020-12-28,45650.28125,46150.10184762774,44234.12289005474,44817.24692062043,1758050
2020-12-29,45566.9765625,46400.01086894424,45067.155978633455,45816.88685443327,1165010
2020-12-30,45733.5859375,46233.4065488388,45400.372196607466,45733.5859375,456950
2020-12-31,45483.6796875,45816.8934581044,45400.3762448489,45483.6796875,566460
2021-01-01,45483.6796875,45483.6796875,45483.6796875,45483.6796875,0
2021-01-04,45733.5859375,46566.62028973133,45483.6756318306,45816.88937272313,133000
2021-01-05,45900.19140625,46316.7085696461,45483.6742428539,45816.88797357078,74680
2021-01-06,46066.80078125,47233.0489022943,45983.49734403255,46566.6214045547,69180
2021-01-07,46316.7109375,46899.83499606565,45983.4971897482,46233.40750056205,75550
2021-01-08,46816.53125,48066.0827958185,46483.3175044484,46733.227813612095,131480
2021-01-11,47732.875,48732.51636125655,47399.661212914485,48232.69568062827,114070
2021-01-12,47732.875,48232.69568062827,47316.35776614311,47816.17844677138,65630
2021-01-13,47482.953125,48315.98739035088,47399.64969846491,48232.68396381579,79270
2021-01-14,46816.53125,47649.565613879,46649.9243772242,47149.7449955516,118770
2021-01-15,46649.921875,47149.742466517855,46066.7978515625,46816.52873883928,123600
2021-01-18,46733.22265625,47649.56035539216,46233.402093081546,46649.91922905526,124080
2021-01-19,44150.8203125,47066.44052181604,43734.303139740565,47066.44052181604,80590
2021-01-20,44400.734375,44983.85846622889,43317.78963414634,44317.43093339587,136810
2021-01-21,45733.5859375,45816.88937272313,44567.33784437614,45233.76532616121,96130
2021-01-22,45233.765625,46483.31716160221,45233.765625,45816.88967541437,99080
2021-01-25,44900.55078125,45650.28168483303,44900.55078125,45650.28168483303,90640
2021-01-26,43817.60546875,45400.37068530181,43401.08830649953,44900.55009060124,119890
2021-01-27,42234.84765625,44067.52349143245,42151.544209196254,43817.6131502712,116870
2021-01-28,39319.21875,41485.1079184322,39319.21875,40568.770193326265,159380
2021-01-29,40818.68359375,42068.235132334186,37903.06333705357,37903.06333705357,73490
2021-02-01,40402.1640625,41651.71552835051,40068.95033827319,40818.6812177835,69320
2021-02-02,41401.8125,41735.02628269618,40152.26081488933,40402.17115191147,107860
2021-02-03,42068.23046875,42651.35445544554,41568.40990872525,41568.40990872525,70780
2021-02-04,42734.66015625,42734.66015625,41901.62584521199,42484.7498629386,36470
2021-02-05,43484.39453125,43484.39453125,42734.66359105604,42734.66359105604,57040
2021-02-08,43317.78515625,44983.853816105766,41735.01992938702,43984.21262019231,208870
2021-02-09,43317.78515625,43317.78515625,43317.78515625,43317.78515625,0
2021-02-10,43317.78515625,43317.78515625,43317.78515625,43317.78515625,0
2021-02-11,43317.78515625,43317.78515625,43317.78515625,43317.78515625,0
2021-02-12,43317.78515625,43317.78515625,43317.78515625,43317.78515625,0
2021-02-15,43317.78515625,43317.78515625,43317.78515625,43317.78515625,0
2021-02-16,43317.78515625,43317.78515625,43317.78515625,43317.78515625,0
2021-02-17,46400.0078125,46483.31123765709,44234.11875841562,45233.75986030071,127120
2021-02-18,46733.22265625,46899.82951063948,46233.402093081546,46566.61580186051,130460
2021-02-19,46816.53125,46899.8346863879,45983.49688612099,46316.7106316726,146600
2021-02-22,47649.56640625,48315.99390843532,46733.2285907452,46816.53202851836,213370
2021-02-23,47316.34375,48232.68139304577,46899.82663952465,48232.68139304577,131400
2021-02-24,47316.34375,47316.34375,47316.34375,47316.34375,0
2021-02-25,47316.34375,47316.34375,47316.34375,47316.34375,0
2021-02-26,48482.59765625,48482.59765625,47482.956467461336,47482.956467461336,131930
2021-03-01,49149.0234375,49232.32686705508,48482.59600105932,48565.8994306144,529200
2021-03-02,48815.8125,49648.84684300341,48732.50906569965,49565.54340870307,385800
2021-03-03,48732.51171875,48899.11859642094,48399.29796340812,48815.81515758547,428630
2021-03-04,48149.3828125,49065.72054768599,46649.92106401384,48732.50682580017,434850
2021-03-05,48315.9921875,48732.509361530174,47899.47501346983,48399.29562230603,489470
2021-03-08,48649.203125,49315.63056506849,48232.68597495719,49315.63056506849,385220
2021-03-09,47149.74609375,48315.99423034452,47066.44265542182,48315.99423034452,409720
2021-03-10,46483.3203125,47149.74784386201,46316.7134296595,47066.44440244176,429800
2021-03-11,46316.7109375,47482.95905463129,46066.80062668615,46733.22812218975,290550
2021-03-12,46316.7109375,47066.44186994155,46316.7109375,46816.531559127696,212720
2021-03-15,47566.26171875,48315.99263901051,45983.49644264448,45983.49644264448,455160
2021-03-16,48149.3828125,48315.989673442906,46816.52792495675,47482.95536872838,496460
2021-03-17,48149.3828125,48232.68624297145,47649.56222967128,47649.56222967128,473960
2021-03-18,48066.078125,48232.684981585786,47899.47126841421,48149.38155329289,344290
2021-03-19,46899.8359375,47482.96000777088,46316.71186722913,47233.0496919405,449340
2021-03-22,46649.921875,47316.349330357145,46649.921875,46899.83217075893,96370
2021-03-23,47649.56640625,47982.780157342655,46483.3182774257,46649.92515297203,175380
2021-03-24,46899.8359375,47316.35313055063,46649.92562166963,47316.35313055063,169490
2021-03-25,46816.53125,47066.4415591637,46483.3175044484,46733.227813612095,88950
2021-03-26,46566.62109375,46649.92453041145,44150.82143056798,46566.62109375,114820
2021-03-29,46316.7109375,47149.74530687949,46316.7109375,47066.44186994155,66260
2021-03-30,46233.40625,46733.22685810811,46150.10281531532,46316.70968468468,96930
2021-03-31,45900.19140625,47233.04632911751,45900.19140625,46233.40513696688,93590
2021-04-01,46899.8359375,46983.13937611013,45900.19467417851,45900.19467417851,67990
2021-04-02,47066.4453125,47482.96252765487,46983.14186946903,47149.74875553098,104670
2021-04-05,46566.62109375,47899.47608033318,46316.71078376565,47899.47608033318,166240
2021-04-06,46483.3203125,46649.9271953405,46066.80310539875,46150.106546819,110590
2021-04-07,46483.3203125,46483.3203125,46066.80310539875,46233.40998823925,125690
2021-04-08,46566.62109375,46899.83484039579,46316.71078376565,46649.92453041145,74090
2021-04-09,46566.62109375,46899.83484039579,46400.0142204271,46566.62109375,74970
2021-04-12,46566.62109375,46649.92453041145,46233.40734710421,46233.40734710421,161660
2021-04-13,45733.5859375,46733.2271601776,45733.5859375,46649.92372495446,144360
2021-04-14,45983.49609375,46233.40639860734,45317.06861413043,45733.58578889266,84460
2021-04-15,45317.06640625,46816.52816233916,44817.24582088695,46316.7075769761,212270
2021-04-16,43984.20703125,45483.66863458807,43317.77965198864,45483.66863458807,147210
2021-04-19,43734.30859375,44317.43270833333,43734.30859375,43984.21892857143,140870
2021-04-20,44067.515625,44983.85337901701,43734.30189626654,44150.81905718336,135990
2021-04-21,44067.515625,44067.515625,44067.515625,44067.515625,0
2021-04-22,42484.75,44067.51519607843,42484.75,43401.08774509804,148570
2021-04-23,42484.75,42817.9637254902,41984.92941176471,42484.75,218490
2021-04-26,41610.06640625,43317.78684934935,41360.15609750376,43317.78684934935,112780
2021-04-27,40485.46875,41651.716820987655,40485.46875,41610.06510416666,205080
2021-04-28,41651.71875,41818.325625,40568.7740625,40652.0775,139600
2021-04-29,41901.62890625,42151.53921781809,41318.50484592445,42068.235780628725,103710
2021-04-30,41901.62890625,41901.62890625,41901.62890625,41901.62890625,0
2021-05-03,41901.62890625,41901.62890625,41901.62890625,41901.62890625,0
2021-05-04,41360.15234375,41651.71434415911,40818.68005727593,41651.71434415911,109820
2021-05-05,42401.44921875,43484.39389427799,41818.32516269646,42068.23547243369,145350
2021-05-06,42318.14453125,43151.178872416334,41235.19988773376,41235.19988773376,103520
2021-05-07,42234.84765625,42401.4545503575,41735.02697392752,42151.544209196254,186180
2021-05-10,44400.734375,44567.34125820825,42234.84489329269,42318.14833489681,293940
2021-05-11,44150.8203125,44733.94435436321,44150.8203125,44567.33748525944,171190
2021-05-12,44400.734375,44650.64469981239,43984.21716697936,43984.21716697936,219310
2021-05-13,44983.85546875,45233.76577690972,44317.42798032407,44484.03485243056,204010
2021-05-14,45650.28125,45733.58468293795,44983.85378649635,45150.46065237226,238060
2021-05-17,44983.85546875,46316.71044560185,44900.55203269676,46233.40700954861,231410
2021-05-18,44983.85546875,45317.06921296296,44567.3382884838,44983.85546875,239970
2021-05-19,45150.4609375,46066.79870560424,45067.157504035975,45400.37123789206,280880
2021-05-20,45317.06640625,45650.28012982537,44567.33552820543,45483.67326803768,148090
2021-05-21,47816.17578125,47816.17578125,44817.25186465592,45233.76907529399,224840
2021-05-24,46899.8359375,47149.74625333038,46316.71186722913,47149.74625333038,311180
2021-05-25,46816.53125,46983.1381227758,46316.7106316726,46899.8346863879,398770
2021-05-26,46066.80078125,46649.92484177216,45900.1939068151,46649.92484177216,481720
2021-05-27,44900.55078125,45983.495419758816,44817.24734751856,45816.88855229592,422850
2021-05-28,45650.28125,45816.88811587591,44817.24692062043,45400.37095118613,414190
2021-05-31,45483.6796875,45816.8934581044,45067.162474244506,45150.465916895606,435030
2021-06-01,45566.9765625,46316.70743829982,45400.36970121115,45816.88685443327,206250
2021-06-02,45983.49609375,46649.92357336957,45566.97891898777,45816.88922384511,480730
2021-06-03,46150.1015625,46566.618724616426,45900.19126523014,46566.618724616426,436930
2021-06-04,47649.56640625,47899.476719569495,45483.67702414773,46150.10452633304,591300
2021-06-07,47149.74609375,48315.99423034452,45816.89108049912,48149.387353688166,6463900
2021-06-08,47149.74609375,47149.74609375,47149.74609375,47149.74609375,0
2021-06-09,44817.24609375,45733.58383916125,44234.122073942846,45483.67354495818,4049700
2021-06-10,43734.30859375,44817.25337797619,43484.39825892857,44733.949933035714,3102600
2021-06-11,44983.85546875,45150.46234085648,43817.60736400463,44150.82110821759,5131500
2021-06-14,45816.88671875,46150.10044034091,45067.155845170455,45650.27985795455,6387700
2021-06-15,45650.28125,46233.40528056569,44983.85378649635,45733.58468293795,7003300
2021-06-16,46649.921875,47316.349330357145,45900.19098772322,45900.19098772322,4148100
2021-06-17,47233.046875,47566.2606095679,45816.88850308642,46233.4056712963,3096600
2021-06-18,47066.4453125,47399.6590846239,46816.53498340708,47066.4453125,2319300
2021-06-21,48815.8125,49232.329671501706,47399.6541168942,47566.26098549488,6573200
2021-06-22,48815.8125,49565.54340870307,48732.50906569965,49398.93654010239,3673900
2021-06-23,48050.40625,49070.94585176992,47880.31631637168,48900.85591814159,2790000
2021-06-24,47625.18359375,48390.58833007813,47285.0037109375,47795.27353515625,2592500
2021-06-25,48050.40625,48390.58611725664,47370.04651548673,47625.1814159292,1839500
2021-06-28,48560.67578125,48900.855646617776,48220.495915882224,48900.855646617776,2439700
2021-06-29,47795.2734375,48475.63320173488,47199.95864379448,48135.45331961744,2488400
2021-06-30,46604.64453125,47965.36407960767,46604.64453125,47540.13922074589,2339900
2021-07-01,47199.95703125,47625.18186936936,45924.282516891886,46689.68722550675,2307300
2021-07-02,47114.91015625,47880.31483387861,47029.865192069046,47795.26986969766,1266800
2021-07-05,47114.91015625,47114.91015625,47114.91015625,47114.91015625,0
2021-07-06,47114.91015625,47114.91015625,47114.91015625,47114.91015625,0
2021-07-07,47114.91015625,47114.91015625,47114.91015625,47114.91015625,0
2021-07-08,47114.91015625,47114.91015625,47114.91015625,47114.91015625,0
2021-07-09,43202.84375,44988.78807824804,42352.39406988189,44053.29343011812,2491500
2021-07-12,43202.84375,43202.84375,43202.84375,43202.84375,0
2021-07-13,43372.9375,43543.02745098039,42394.920281862745,42522.48774509804,1200100
2021-07-14,43372.9375,43372.9375,43372.9375,43372.9375,0
2021-07-15,43287.890625,43713.11548379175,42607.5308509332,42692.57582269156,1030800
2021-07-16,43287.890625,43287.890625,43287.890625,43287.890625,0
2021-07-19,41672.03515625,42607.52982302296,41246.81030771684,42097.260004783166,1312400
2021-07-20,41969.69140625,42012.21388994427,40651.49441172746,41501.944085612966,1878300
2021-07-21,42522.48828125,42947.7131640625,42309.87583984375,42522.48828125,1131300
2021-07-22,43287.890625,43543.02554027505,42522.485879174856,42522.485879174856,784100
2021-07-23,42692.57421875,43287.88899869273,42607.52925018675,43032.754093002986,1002500
2021-07-26,42437.44140625,42522.48637900802,41927.1715697019,42182.30648797596,1069300
2021-07-27,42777.62109375,43287.89092787028,42522.48617668986,42947.71103845676,975000
2021-07-28,42947.7109375,43202.8458539604,42522.48607673268,42692.5760210396,464600
2021-07-29,43372.9375,43372.9375,42479.96525735294,42947.71262254901,1719000
2021-07-30,43628.0703125,43968.250197977584,43202.84545565303,43543.02534113061,1306000
2021-08-02,43798.16015625,44223.38501213592,43457.98027154127,43798.16015625,872300
2021-08-03,43543.0234375,43883.20330810547,43287.8885345459,43798.1583404541,1243400
2021-08-04,43543.0234375,43543.0234375,43543.0234375,43543.0234375,0
2021-08-05,44563.5625,44988.78733301527,44138.337666984735,44563.5625,806900
2021-08-06,44988.7890625,45328.9689419896,44733.6541528828,44903.7440926276,1720900
2021-08-09,44988.7890625,45158.8790022448,44223.38433364839,44733.6541528828,1710100
2021-08-10,44988.7890625,44988.7890625,44988.7890625,44988.7890625,0
2021-08-11,45414.015625,46009.33043656367,45414.015625,45754.1955173221,2800700
2021-08-12,45073.8359375,45669.15075176887,45073.8359375,45073.8359375,2153600
2021-08-13,44988.7890625,45073.8340323724,44138.339363776,44733.6541528828,2831900
2021-08-16,44308.4296875,44818.69951115643,43372.935010796544,44818.69951115643,1051300
2021-08-17,44308.4296875,44308.4296875,44308.4296875,44308.4296875,0
2021-08-18,43883.20703125,44138.34195585029,43628.07210664971,43883.20703125,1016100
2021-08-19,43798.16015625,44053.295069781554,43457.98027154127,43883.20512742719,1008500
2021-08-20,42182.3046875,43968.24903918851,42097.25971837198,43968.24903918851,1982900
2021-08-23,41246.80859375,42437.43812016753,41246.80859375,42012.21328930413,1795400
2021-08-24,41501.9453125,41927.17016201332,41246.81040279201,41672.03525230533,1279500
2021-08-25,42139.78515625,42394.92008151488,41672.037793264375,41799.60525589682,1156100
2021-08-26,41416.90234375,42607.5319799153,41416.90234375,42224.82959686217,754100
2021-08-27,42097.2578125,42097.2578125,41289.33064236111,41289.33064236111,797100
2021-08-30,42139.78515625,42607.53251923562,42012.21769361756,42437.44256905903,831900
2021-08-31,42267.3515625,42522.486481388325,42097.26161657445,42522.486481388325,1101500
2021-09-01,43202.84375,43457.97865403543,42267.34910187008,42352.39406988189,1320900
2021-09-02,43202.84375,43202.84375,43202.84375,43202.84375,0
2021-09-03,43202.84375,43202.84375,43202.84375,43202.84375,0
2021-09-06,43457.98046875,44138.3402412549,43202.84555406067,43543.02544031311,1375400
2021-09-07,42862.6640625,43713.11374627976,42607.52915736607,43457.97884114584,1205400
2021-09-08,42862.6640625,42862.6640625,42862.6640625,42862.6640625,0
2021-09-09,43032.75390625,43202.843842638336,42097.25925611413,42097.25925611413,746700
2021-09-10,42947.7109375,43372.935798267325,42947.7109375,43287.89082611386,702400
2021-09-13,42777.62109375,43457.98087257704,42777.62109375,43202.845955516896,1201200
2021-09-14,42607.53125,43202.84605788423,42607.53125,43202.84605788423,648500
2021-09-15,43287.890625,43287.890625,42607.5308509332,42607.5308509332,847800
2021-09-16,43372.9375,44053.297303921565,43202.84754901961,43628.072426470586,1014800
2021-09-17,43117.80078125,43628.070612980766,43117.80078125,43628.070612980766,893600
2021-09-20,42522.48828125,43628.0729765625,42522.48828125,43117.8031171875,1142300
2021-09-21,42522.48828125,42522.48828125,42522.48828125,42522.48828125,0
2021-09-22,42522.48828125,42522.48828125,42522.48828125,42522.48828125,0
2021-09-23,42692.57421875,43287.88899869273,42522.48428162351,42947.70912443975,919700
2021-09-24,42522.48828125,43287.8930703125,42522.48828125,42947.7131640625,95100000
2021-09-27,42607.53125,43287.891030439125,42607.53125,43032.75611277445,1496700
2021-09-28,43457.98046875,43883.20532656556,42607.53075311889,42692.575724682,2247200
2021-09-29,44223.38671875,44648.61159104567,43372.936974158656,43713.11687199519,2210600
2021-09-30,43883.20703125,44563.56683018411,43798.16205638324,44478.52185531735,969100
2021-10-01,44138.33984375,44478.51972693882,43543.02504816956,43628.07001896676,2380900
2021-10-04,45754.19140625,46094.37126800651,44903.74175185874,45073.83168273699,3392
2021-10-05,45839.2421875,46349.51204487477,45584.10725881261,46349.51204487477,1392800
2021-10-06,45839.2421875,45839.2421875,45839.2421875,45839.2421875,0
2021-10-07,45924.2890625,46349.51396122685,44648.614366319445,45499.06416377315,2783100
2021-10-08,45924.2890625,45924.2890625,45924.2890625,45924.2890625,0
2021-10-11,45924.2890625,45924.2890625,45924.2890625,45924.2890625,0
2021-10-12,46774.734375,47114.91426136364,46094.37460227273,46689.68940340909,2970900
2021-10-13,45754.19140625,46859.77595695864,45754.19140625,46519.59609520214,1768800
2021-10-14,45754.19140625,45754.19140625,45754.19140625,45754.19140625,0
2021-10-15,45584.1015625,46179.41632171175,45414.01163129664,46179.41632171175,1830000
2021-10-18,45584.1015625,45584.1015625,45584.1015625,45584.1015625,0
2021-10-19,46604.64453125,46859.77944656707,45924.28475707117,46179.41967238824,1198600
2021-10-20,45839.2421875,46689.69194979128,45243.9273538961,46689.69194979128,1183600
2021-10-21,45499.05859375,46264.46331775701,45499.05859375,46264.46331775701,1128500
2021-10-22,44988.7890625,45839.238761224005,44818.6991227552,45499.0588817344,1576000
2021-10-25,44988.7890625,44988.7890625,44988.7890625,44988.7890625,0
2021-10-26,44988.7890625,44988.7890625,44988.7890625,44988.7890625,0
2021-10-27,44988.7890625,44988.7890625,44988.7890625,44988.7890625,0
2021-10-28,46604.64453125,47029.86939011177,46434.554587705294,46859.77944656707,1387500
2021-10-29,46009.328125,46859.77781307764,46009.328125,46604.64290665434,2289600
2021-11-01,46009.328125,46009.328125,46009.328125,46009.328125,0
2021-11-02,46604.64453125,46179.41967238824,45839.239785298814,45924.28475707117,1890500
2021-11-03,45073.8359375,46519.60048643868,45073.8359375,46349.51053950472,1957500
2021-11-04,44818.69921875,45499.05897918643,44648.60927864089,45073.83412891367,1526500
2021-11-05,45839.2421875,46774.73692602041,44988.79242520872,44988.79242520872,2295000
2021-11-08,46519.59375,47199.95343921389,46179.41390539305,46349.50382769653,2207100
2021-11-09,46349.5078125,46604.64271788991,46094.37290711009,46434.5527809633,1074200
2021-11-10,49581.21875,49581.21875,46604.64472555746,46944.82461406518,7387900
2021-11-11,50856.89453125,51452.20935017768,49921.39981579223,51112.02945364758,5714300
2021-11-12,51026.98046875,51026.98046875,49751.30595703125,50941.93550130208,2450800
2021-11-15,51112.02734375,52557.79184432196,50346.62260815308,51112.02734375,3128700
2021-11-16,50006.44140625,51367.16090029762,50006.44140625,50856.89109002976,2612300
2021-11-17,52812.92578125,52812.92578125,49751.30689538043,49836.35186443236,4711400
2021-11-18,51877.4296875,53068.05922131147,51707.33975409836,52897.96928790984,2574800
2021-11-19,50516.7109375,52557.79016729798,48390.58673979377,52557.79016729798,5024900
2021-11-22,47540.140625,50091.48985353309,47285.00570214669,49581.22000782647,3031200
2021-11-23,48475.62890625,48475.62890625,47284.9994243421,47540.13431332236,2507800
2021-11-24,48475.62890625,49581.21342516447,48135.44905427632,49070.943647203945,2281600
2021-11-25,49326.08203125,50176.53172144397,48475.63234105604,48730.76724811423,2036100
2021-11-26,48305.546875,49751.3114821743,48135.45692121479,49326.08659771127,2760500
2021-11-29,46689.69140625,47114.91628244536,45924.286629098366,47114.91628244536,2717900
2021-11-30,46009.328125,48220.49731400185,46009.328125,47199.957688308685,2727300
2021-12-01,46179.421875,46859.78168162984,45924.28694751381,45924.28694751381,1844900
2021-12-02,47199.95703125,47540.13690174549,46179.41741976351,46179.41741976351,1186100
2021-12-03,45328.97265625,47199.962146751874,45328.97265625,47199.962146751874,1645400
2021-12-06,43968.25,45754.19439071567,43457.98017408123,45414.01450676983,2038600
2021-12-07,45499.05859375,45499.05859375,44308.42902307243,44563.563931074765,989900
2021-12-08,45754.19140625,46604.64106064127,45669.14644081087,45924.281337128254,1106400
2021-12-09,46009.328125,46264.46303142329,45499.05831215342,45499.05831215342,1421300
2021-12-10,45328.97265625,45839.24251729596,45073.83772572702,45754.19754045497,1440600
2021-12-13,45669.14453125,46094.36934066574,45328.964683717415,45414.00964560056,1316300
2021-12-14,46349.5078125,46604.64271788991,45499.05812786697,45669.148064793575,1045000
2021-12-15,46434.55078125,47370.04539405907,45924.280992445056,46264.46085164835,1358400
2021-12-16,46689.69140625,46859.78135672814,46179.42155481558,46604.64643101093,1206700
2021-12-17,46179.421875,46859.78168162984,46179.421875,46689.69172997238,1023600
2021-12-20,45073.8359375,46094.375619103776,44733.65604363207,46094.375619103776,1492900
2021-12-21,45073.8359375,45414.01583136793,44733.65604363207,45073.8359375,858300
2021-12-22,44903.7421875,45754.19185014205,44903.7421875,45328.96701882102,884600
2021-12-23,44903.7421875,45754.19185014205,44053.29252485796,45073.83212002841,1667200
2021-12-24,45073.8359375,45839.24069870283,44988.79096403302,45414.01583136793,597000
2021-12-27,46009.328125,46009.328125,45243.92340573013,45328.96837453789,972100
2021-12-28,45754.19140625,46519.59609520214,45669.14644081087,46519.59609520214,888300
2021-12-29,45924.2890625,46094.379021990746,45669.15412326389,45839.24408275463,668600
2021-12-30,45924.2890625,46604.64890046296,45924.2890625,46264.468981481485,551000
2021-12-31,45839.2421875,46434.55702110389,45669.15223504174,46009.33213995826,872900
2022-01-03,45839.2421875,45839.2421875,45839.2421875,45839.2421875,0
2022-01-04,47540.140625,47965.36549642218,45924.28611359571,46264.46601073345,2734500
2022-01-05,47370.046875,48560.67641943447,47285.00190754039,47625.18177737881,1640600
2022-01-06,47199.95703125,48220.496642736485,46944.82212837838,47370.04696649774,1242900
2022-01-07,47880.3203125,48220.50020814831,47370.05046902753,47540.14041685168,1521100
2022-01-10,46774.734375,48390.58883522728,46774.734375,48220.498892045456,1504200
2022-01-11,46009.328125,47029.86775069316,45924.28315619224,46689.68787546211,1115000
2022-01-12,46604.64453125,47625.18419251825,45669.14984175411,47625.18419251825,1388500
2022-01-13,46094.375,47199.9596402214,46009.33002767528,46774.73477859778,1055200
2022-01-14,46774.734375,46774.734375,45669.14974431818,45924.28465909091,884000
2022-01-17,45584.1015625,48050.40556494869,45499.05659689832,47625.180736940296,1814400
2022-01-18,45924.2890625,46264.468981481485,44988.79428530093,45328.97420428241,1129000
2022-01-19,46009.328125,46434.552969038814,45669.14824976894,46349.50800023105,1004200
2022-01-20,46009.328125,46349.50800023105,45499.05831215342,46009.328125,669600
2022-01-21,46604.64453125,46944.82441833942,45499.0598982094,46009.32972884352,1281700
2022-01-24,46179.421875,47455.096512430944,46179.421875,46604.64675414365,1088400
2022-01-25,46264.46484375,46349.50981588924,45584.10506663603,46009.32992733226,977300
2022-01-26,48475.62890625,48645.71883223684,46094.369942434205,46604.639720394734,4913800
2022-01-27,48475.62890625,49326.078536184206,48475.62890625,49326.078536184206,1932200
2022-01-28,47710.23046875,48900.86010611631,47285.00559826203,48475.635235628346,1430900
2022-01-31,47710.23046875,47710.23046875,47710.23046875,47710.23046875,0
2022-02-01,47710.23046875,47710.23046875,47710.23046875,47710.23046875,0
2022-02-02,47710.23046875,47710.23046875,47710.23046875,47710.23046875,0
2022-02-03,47710.23046875,47710.23046875,47710.23046875,47710.23046875,0
2022-02-04,47710.23046875,47710.23046875,47710.23046875,47710.23046875,0
2022-02-07,49921.3984375,51026.98307069847,48220.49900181005,48645.72386073254,3957700
2022-02-08,50006.44140625,50431.66624813988,49411.12662760417,49411.12662760417,1986900
2022-02-09,50516.7109375,51792.38545612374,49496.17132260101,50006.4411300505,2814400
2022-02-10,51452.20703125,51622.29697184917,50516.712357954544,50941.93720945248,3213700
2022-02-11,50516.7109375,51792.38545612374,50431.66596959175,51707.34048821549,2724600
2022-02-14,51197.07421875,52642.83877310008,50856.8943236088,51197.07421875,3147700
2022-02-15,51197.07421875,51197.07421875,51197.07421875,51197.07421875,0
2022-02-16,50176.53125,50261.57621822034,49070.94666313559,49581.21647245762,1851300
2022-02-17,51026.98046875,51622.29524088542,49496.1710546875,49921.39589192708,2257800
2022-02-18,50856.89453125,51367.16437604516,50431.66966058737,50771.84955711748,1749200
2022-02-21,50941.9375,51622.29726627713,50856.89252921536,51537.252295492486,2326000
2022-02-22,52727.8828125,54003.55739667339,51026.983366935485,51537.25320060484,5660600
2022-02-23,53153.109375,54768.9639,53068.0644,53238.15435,4311700
2022-02-24,53918.51171875,56044.63599788052,52727.88212243691,53238.15194942823,5798300
2022-02-25,53068.0625,54173.64713541666,52302.65775240384,53663.3773036859,3042900
2022-02-28,52983.01171875,54003.55127031501,52812.92179348917,53578.32645716292,2428900
2022-03-01,52132.5625,53408.23694942904,51877.4276101142,53068.05709624796,3577800
2022-03-02,52302.66015625,54513.82952870935,52302.66015625,53578.33479420732,5368100
2022-03-03,53408.2421875,53918.51201731688,52217.612584593946,53068.06230095541,3080600
2022-03-04,51962.4765625,53068.06117021277,51962.4765625,52897.97123056465,2848300
2022-03-07,53833.4609375,54598.865595379146,52557.78650770142,53408.236127567136,6674300
2022-03-08,52132.5625,53578.32687601958,52132.5625,53153.10205954324,2878000
2022-03-09,53578.33203125,54343.73677455357,52132.56751612103,52727.882316468254,3721600
2022-03-10,52132.5625,52727.87724306688,51792.38264681892,52727.87724306688,2906400
2022-03-11,49326.08203125,52472.74588496768,48900.85718615302,52132.56600889009,5639500
2022-03-14,47540.140625,49326.085084973165,47455.09565071557,48900.86021355099,3858900
2022-03-15,47625.18359375,48390.58833007813,46349.509033203125,47029.86879882812,2592000
2022-03-16,47795.2734375,48050.40834908808,47114.91367326512,47965.36337855872,1634500
2022-03-17,47455.09375,47965.36357526882,47285.00380824373,47965.36357526882,1490400
2022-03-18,47540.140625,48305.54539355993,47540.140625,47965.36549642218,1514600
2022-03-21,47625.18359375,48305.543359375,47370.04868164063,47625.18359375,1400300
2022-03-22,48305.546875,48815.81673635564,48050.411944322186,48135.45692121479,1998000
2022-03-23,47625.18359375,48475.63330078125,47625.18359375,48305.543359375,1522600
2022-03-24,47625.18359375,48220.49838867188,47540.13862304688,48220.49838867188,1447000
2022-03-25,47625.18359375,48475.63330078125,47370.04868164063,47625.18359375,1417700
2022-03-28,47625.18359375,48305.543359375,47285.0037109375,47625.18359375,1764000
2022-03-29,47965.359375,48135.4493018617,47540.13455784574,47540.13455784574,1594000
2022-03-30,46774.734375,47880.31900568182,46774.734375,47795.27403409091,2248900
2022-03-31,46944.82421875,47285.00410439311,46264.46444746377,46774.73427592844,1938200
2022-04-01,46859.78125,47285.00612522686,46349.511399727766,46774.73627495463,1340600
2022-04-04,47795.2734375,47965.36337855872,47029.86870273577,47114.91367326512,1692600
2022-04-05,47710.23046875,48390.59026153075,47710.23046875,47965.36539104278,926100
2022-04-06,47625.18359375,47880.31850585937,47285.0037109375,47370.04868164063,1262500
2022-04-07,48135.453125,48815.8128864841,47455.0933635159,47625.18330388693,3131500
2022-04-08,47795.2734375,48730.76811332296,47795.2734375,48135.45331961744,1558900
2022-04-11,47795.2734375,47795.2734375,47795.2734375,47795.2734375,0
2022-04-12,46434.55078125,47795.27021806319,46434.55078125,47795.27021806319,1465200
2022-04-13,46519.59375,46774.728633455205,45839.2340607861,46604.63871115173,1274500
2022-04-14,46519.59375,47114.90847806216,46264.45886654479,46689.68367230347,1030400
2022-04-15,46519.59375,47370.04336151737,46349.50382769653,46604.63871115173,1178200
2022-04-18,44988.7890625,47199.95827918242,44988.7890625,46519.59852020321,1985100
2022-04-19,43372.9375,45924.28676470588,43372.9375,45243.92696078431,1352700
2022-04-20,43628.0703125,44478.52002619396,43202.84545565303,43372.93539839182,1732500
2022-04-21,42777.62109375,43968.25070669732,42607.53114904324,43713.11578963718,2002500
2022-04-22,42607.53125,43372.936002994014,41501.94660678643,42947.71114021956,2090300
2022-04-25,39630.95703125,42862.66597371245,39630.95703125,42692.57602937232,2303200
2022-04-26,40651.4921875,40651.4921875,37930.053379968616,38270.23323091004,2044300
2022-04-27,41076.72265625,41076.72265625,39801.04803959627,40651.497784032086,593900
2022-04-28,40651.4921875,41161.76196391213,40396.35729929393,41161.76196391213,609700
2022-04-29,40821.5859375,41246.810791015625,40311.31611328125,40566.45102539063,871300
2022-05-02,40821.5859375,40821.5859375,40821.5859375,40821.5859375,0
2022-05-03,40821.5859375,40821.5859375,40821.5859375,40821.5859375,0
2022-05-04,41374.37890625,41927.17122462744,40821.58658787256,40821.58658787256,779900
2022-05-05,40481.40625,42097.260701155465,40268.79382221639,41757.08081670168,1542400
2022-05-06,38950.59765625,39971.13733283297,38950.59765625,39545.91246759007,1026300
2022-05-09,36229.15625,38908.07273327465,36229.15625,38908.07273327465,2497600
2022-05-10,36314.203125,36569.33804156909,34273.12379244731,34273.12379244731,1181500
2022-05-11,35293.66015625,36611.85710184488,35208.61519201807,36611.85710184488,1273100
2022-05-12,32827.359375,35931.5008703044,32827.359375,35293.6635767487,2073500
2022-05-13,31764.296875,33167.53890562249,31509.161960341364,32827.35901941098,2015800
2022-05-16,33252.58203125,33975.46424932065,32572.222296595268,32572.222296595268,1598100
2022-05-17,35548.796875,35548.796875,33252.58272278708,33252.58272278708,1495800
2022-05-18,35208.6171875,35803.93197086352,34996.004764870166,35803.93197086352,1216200
2022-05-19,34443.21484375,35038.52966820988,34188.079918981486,34188.079918981486,1367000
2022-05-20,34443.21484375,35463.75454282408,34400.692356288586,34528.25981867284,1106000
2022-05-23,34230.60546875,34868.44283773292,34060.515503687886,34868.44283773292,1090900
2022-05-24,34017.98828125,34443.213134765625,33252.58354492187,34443.213134765625,770900
2022-05-25,35208.6171875,35293.66215655193,34017.98762077295,34528.25743508454,1234100
2022-05-26,36186.63671875,36824.47402871622,35208.61951013513,35421.23194679054,1650500
2022-05-27,36229.15625,36526.81363703052,36144.111282276994,36271.6787338615,1051000
2022-05-30,36909.51953125,37079.60948300691,36399.24967597926,36484.29465185772,1268600
2022-05-31,37419.7890625,38185.19383877841,36526.816823508525,36824.47423650568,2119400
2022-06-01,37845.01171875,38142.66911429073,37334.74189782304,37419.78686797753,1321500
2022-06-02,37845.01171875,37845.01171875,37845.01171875,37845.01171875,0
2022-06-03,36994.5625,37674.92227011494,36739.4275862069,37079.60747126437,1338800
2022-06-06,38185.19140625,38440.32631542316,37589.87661817929,37589.87661817929,1695100
2022-06-07,39716.0,39843.56745182013,37249.69593147752,38185.19057815846,1631000
2022-06-08,39843.5703125,40736.54253935433,39801.04782550694,40098.70523445838,2041700
2022-06-09,39886.08984375,40098.70226295976,39545.90997301439,39801.044876066095,814300
2022-06-10,38270.23828125,39716.00283854167,38270.23828125,39290.77796875,1655600
2022-06-13,35718.88671875,37887.5334123884,35718.88671875,36909.51627604167,1678400
2022-06-14,36654.3828125,37249.69761455916,35676.36563768851,35718.888123549885,1377300
2022-06-15,34868.4375,37207.17416158537,34868.4375,36994.56173780488,930800
2022-06-16,35761.41015625,36059.06755350773,35548.797729637336,35888.9776122176,817400
2022-06-17,35633.83984375,35718.88480757757,34528.25531399165,34528.25531399165,1109100
2022-06-20,33380.15625,35378.71337579618,33380.15625,35378.71337579618,1238300
2022-06-21,33167.5390625,34443.21364182692,32742.31420272436,33380.15149238782,533000
2022-06-22,33592.76171875,34358.16641613924,33252.58185324367,34358.16641613924,516600
2022-06-23,34613.30859375,34953.48853078931,33210.06635346283,33592.76878263206,394200
2022-06-24,34698.34375,35123.568550857846,34443.208869485294,34740.86623008578,524800
2022-06-27,35293.66015625,35293.66015625,34528.25547816265,34868.43533509036,556400
2022-06-28,35548.796875,35974.02171800239,35123.57203199761,35378.70693779904,561600
2022-06-29,34868.4375,35548.79725609756,34740.87004573171,35123.57240853659,437200
2022-06-30,34273.12109375,35123.57074868176,34103.03116276365,34783.39088670906,636800
2022-07-01,34528.26171875,34613.30669835283,33507.721963516015,34017.99184113301,539300
2022-07-04,34315.64453125,35038.52675805452,34273.12204732032,34953.48179019517,212300
2022-07-05,34145.55859375,34740.87343847291,34017.99112702366,34698.350949564134,313200
2022-07-06,32487.177734375,34103.03212430465,32487.177734375,33337.627413285336,571200
2022-07-07,33167.5390625,33847.89883814102,32487.179286858973,33847.89883814102,419400
2022-07-08,33465.1953125,33890.42015763977,32997.44798284625,33507.717797013975,253600
2022-07-11,33592.76171875,34103.03151700949,33337.62681962025,33550.239235561705,317000
2022-07-12,33592.76171875,33592.76171875,33592.76171875,33592.76171875,0
2022-07-13,33975.46484375,34358.16720118898,33805.37490711045,34230.59974870933,363900
2022-07-14,34103.03515625,34358.17008260598,33805.37774216801,33932.94520534601,218100
2022-07-15,33847.90234375,34145.55977642117,33805.37985336841,34145.55977642117,349400
2022-07-18,34230.60546875,34528.262907608696,34017.99301242236,34358.17294254658,402900
2022-07-19,35803.93359375,35803.93359375,34358.16905433492,34400.691540788306,1069900
2022-07-20,36441.76953125,37079.60680425904,35888.9772279755,36781.94941018816,914800
2022-07-21,36016.54296875,36314.20034865703,35718.885588842975,36144.11041728158,396100
2022-07-22,35548.796875,36059.06668660287,35548.796875,35718.88681220096,471800
2022-07-25,34953.484375,35548.79919403893,34613.304478406324,35548.79919403893,470100
2022-07-26,34740.87109375,35378.708384332924,34698.34860771114,35123.57346809976,247700
2022-07-27,35123.5703125,35208.615276937046,34273.12066812954,34740.86797253329,350200
2022-07-28,35293.66015625,35718.88497740964,35166.09270990211,35378.70512048193,694400
2022-07-29,34953.484375,35336.186758667885,34953.484375,35336.186758667885,443300
2022-08-01,35548.796875,35548.796875,34145.55489309211,34443.21228319378,1113400
2022-08-02,34868.4375,35166.094893292684,34825.9150152439,34996.00495426829,1275500
2022-08-03,34783.390625,35251.13793169316,34613.300695293394,34740.86814257335,1442600
2022-08-04,35803.93359375,35974.02353956354,34868.438891775535,35081.05132404246,1511100
2022-08-05,35421.2265625,35974.01881377551,35293.65911989796,35378.704081632655,1453000
2022-08-08,36101.58984375,36186.63481393551,35463.75256735866,35463.75256735866,1603600
2022-08-09,35803.93359375,36781.95078217785,35761.41110729662,36399.24840409739,1639000
2022-08-10,35676.3671875,35803.93465062575,35378.70977353993,35761.412162917164,1192600
2022-08-11,35591.3203125,36144.11262320789,35293.662914426524,36144.11262320789,1382000
2022-08-12,35676.3671875,36059.06957687724,35421.232261248515,35421.232261248515,690900
2022-08-15,35803.93359375,36059.06851247031,35506.27618857631,35718.88862084323,1526200
2022-08-16,36781.953125,36781.953125,35633.84591763006,35633.84591763006,2545400
2022-08-17,36271.6796875,36994.56193215123,36229.15720252052,36994.56193215123,1560700
2022-08-18,36059.0703125,36356.727732532425,35846.45786961969,36229.16026680424,1375600
2022-08-19,36314.203125,36909.51793032787,35974.02323624122,36059.06820843092,1495800
2022-08-22,36016.54296875,36739.42517709563,35931.49800306228,36059.065451593866,988200
2022-08-23,37419.7890625,37504.834037642046,35803.934534801134,35931.501997514206,3993800
2022-08-24,37249.6953125,37759.96511130137,37164.65034603311,37589.87517836758,1409200
2022-08-25,37334.7421875,37759.96704157176,37207.17473127847,37334.7421875,946800
2022-08-26,36994.5625,37589.87729885057,36866.99504310345,37334.74238505747,1933400
2022-08-29,36484.29296875,36696.90539863782,35463.75330528846,36271.68053886218,2361900
2022-08-30,35931.5,36994.56213017752,35888.977514792896,36739.427218934914,1821500
2022-08-31,35888.9765625,36101.588982893954,35718.88662618483,35718.88662618483,1095000
2022-09-01,35888.9765625,35888.9765625,35888.9765625,35888.9765625,0
2022-09-02,35888.9765625,35888.9765625,35888.9765625,35888.9765625,0
2022-09-05,35633.83984375,36229.15459054296,35633.83984375,35803.929771405135,1257000
2022-09-06,35293.66015625,35974.019870105425,35293.66015625,35974.019870105425,1498300
2022-09-07,34017.98828125,35251.140356445314,34017.98828125,35251.140356445314,2462800
2022-09-08,33847.90234375,34358.172228329146,33762.85736298681,34188.08226680277,1169900
2022-09-09,34188.07421875,34188.07421875,33762.8494150342,34017.98429726368,650000
2022-09-12,34230.60546875,34868.44283773292,34230.60546875,34273.127960015525,467200
2022-09-13,34103.03515625,34443.21505805798,34017.990180798006,34358.17008260598,538200
2022-09-14,33507.71875,33847.898635786805,33337.6288071066,33507.71875,1068200
2022-09-15,33422.671875,33847.89670801527,33422.671875,33635.28429150763,724000
2022-09-16,33295.109375,33592.766802362705,33167.54190613027,33422.67684386973,692900
2022-09-19,32317.087890625,33550.239928556744,32232.04292249178,33295.10502415707,1122400
2022-09-20,32317.087890625,32572.22279502467,31891.863049958883,32529.70031095806,1325700
2022-09-21,32232.04296875,32572.22284177111,32061.95303223945,32274.56545287764,699500
2022-09-22,31934.384765625,32274.564629972538,31466.637452147137,31976.90724866844,1460000
2022-09-23,31636.7265625,32019.4288999496,31551.681598622312,31934.38393607191,1750100
2022-09-26,30701.236328125,31381.596135950487,30361.05642421226,31296.5511599723,1477500
2022-09-27,30105.919921875,30998.892122947564,29935.82997881356,30743.7572083554,1338700
2022-09-28,29680.693359375,30105.918192603865,29595.648392729225,29638.17087605211,718100
2022-09-29,29212.94921875,30446.101369177584,29212.94921875,29935.83151382824,945300
2022-09-30,27979.794921875,28957.81206960012,27597.09255972169,28660.154676814207,2003200
2022-10-03,27512.046875,29212.946218122102,27512.046875,27979.79419435858,1340100
2022-10-04,27214.388671875,28319.973211669923,27214.388671875,27809.703424072264,1241000
2022-10-05,28064.83984375,28319.974751420454,27554.57002840909,27554.57002840909,987500
2022-10-06,27384.482421875,28490.067115925853,27384.482421875,28319.97716299496,899200
2022-10-07,28091.17578125,28886.209058077828,27649.49062745676,28444.52390428459,1371800
2022-10-10,29592.90625,29857.91735074627,28002.83964552239,28267.850746268658,1485100
2022-10-11,29151.220703125,30299.60212476326,29151.220703125,29725.41141394413,1433300
2022-10-12,29946.255859375,30255.43549214141,28974.548442109142,29416.23363177544,1434300
2022-10-13,29769.580078125,30034.591176743324,29416.231946633903,30034.591176743324,513400
2022-10-14,29769.580078125,30255.43375892526,29637.07452881584,30122.928209616097,1056100
2022-10-17,29062.884765625,29725.41253383833,28886.210694101443,29681.244015957447,880400
2022-10-18,29372.064453125,29769.581114896617,29239.55889920113,29239.55889920113,626300
2022-10-19,29372.064453125,29857.918150845864,29195.390381226505,29857.918150845864,651300
2022-10-20,29592.90625,29990.422901119404,29239.558115671643,29681.24328358209,932400
2022-10-21,27826.166015625,29769.58078497024,27826.166015625,29769.58078497024,1845900
2022-10-24,25882.751953125,28444.5260372227,25882.751953125,27914.50381292662,1452100
2022-10-25,24734.369140625,26147.76166294643,24116.009912109374,25706.07649972098,1631100
2022-10-26,24513.525390625,25131.884589667792,24381.019847972973,24513.525390625,627300
2022-10-27,25706.076171875,25794.41320339347,24646.03179365335,24734.36882517182,668500
2022-10-28,25617.73828125,26147.760452586208,25352.72719558189,26059.42342403017,593800
2022-10-31,25176.052734375,25617.73787006579,24513.525030838817,25617.73787006579,855100
2022-11-01,25706.076171875,26059.42429794888,25573.57062459729,25617.739140356527,787900
2022-11-02,25882.751953125,26236.10010265572,25750.24639705098,25794.414915742324,579400
2022-11-03,25838.58203125,26103.59312900641,25529.40241720085,25573.57093349359,595500
2022-11-04,25441.06640625,25838.583068847656,25220.22381591797,25838.583068847656,1051200
2022-11-07,25485.234375,26059.425097487,25176.054755199308,25617.739926343154,686300
2022-11-08,26015.255859375,26059.42437526528,24999.37999389856,25352.7281210208,757800
2022-11-09,25529.404296875,25706.07837505407,25087.719101427338,25441.067257785468,666500
2022-11-10,23851.0,25529.403703703705,23851.0,25176.055555555555,1090300
2022-11-11,24027.673828125,24469.359008789062,23806.83123779297,24204.347900390625,528600
2022-11-14,23409.314453125,23850.999631485847,22525.944096403306,23762.66259581368,793600
2022-11-15,21775.078125,22967.62804259635,21775.078125,22525.94288793104,1349000
2022-11-16,22967.62890625,23055.965940504808,20273.34936147837,20273.34936147837,2378400
2022-11-17,22658.451171875,23365.147504721004,22614.282651072124,22967.630817495126,1225600
2022-11-18,22172.595703125,23055.966049863047,21333.393873723853,22614.280876494024,1124000
2022-11-21,22349.271484375,22746.788170855976,21775.080715013588,21775.080715013588,781900
2022-11-22,23144.302734375,23585.987901061544,22172.5953676646,22349.269434339218,1832900
2022-11-23,23541.822265625,24292.68714088884,23144.30556695591,23144.30556695591,1551400
2022-11-24,24292.68359375,24425.189140625,23541.818828125,23939.33546875,1305800
2022-11-25,24955.212890625,24955.212890625,24381.02215154868,24381.02215154868,1244800
2022-11-28,25926.919921875,25926.919921875,24734.369942504258,24734.369942504258,1208300
2022-11-29,26147.763671875,26412.77479017103,25396.898836702912,26147.763671875,1819100
2022-11-30,26059.42578125,26280.268372616527,25661.90911679025,26147.76281779661,966100
2022-12-01,27384.48046875,27384.48046875,26501.110131048383,26501.110131048383,1604800
2022-12-02,27781.998046875,27781.998046875,26501.111014507154,27296.144344942368,1048800
2022-12-05,28312.01953125,28488.69360008776,27870.33435915562,27914.50287636505,888100
2022-12-06,26677.783203125,28179.512721181705,26501.10914217716,28179.512721181705,1086600
2022-12-07,25794.4140625,26677.784407106163,25706.077028039384,26677.784407106163,727600
2022-12-08,26324.439453125,27384.483994861577,25882.754227401427,25882.754227401427,1028900
2022-12-09,26854.458984375,26898.627502441406,26368.60528564453,26898.627502441406,643100
2022-12-12,27472.818359375,27826.166505476285,26854.45910369775,26854.45910369775,859500
2022-12-13,27737.830078125,27914.504155055733,27031.13377040207,27031.13377040207,897600
2022-12-14,27693.658203125,28002.837800289075,27119.467522677434,27826.16374476675,472600
2022-12-15,27605.32421875,27737.829775,27296.144587500003,27649.4927375,369400
2022-12-16,27384.48046875,27561.154536290323,26942.7952998992,27384.48046875,1115600
2022-12-19,26854.458984375,27428.64971923828,26854.458984375,27384.481201171875,490800
2022-12-20,25926.919921875,26854.45879471891,25926.919921875,26854.45879471891,997800
2022-12-21,26059.42578125,26456.942445709745,25661.90911679025,25971.08874470339,606600
2022-12-22,27075.30078125,27649.49149928629,25971.08786194943,25971.08786194943,608700
2022-12-23,27296.142578125,27384.47960912217,26545.27781464907,27119.468516130662,465800
2022-12-26,26677.783203125,27561.15350786424,26677.783203125,27561.15350786424,752600
2022-12-27,27031.1328125,27207.80688316993,26236.099494485294,26236.099494485294,422800
2022-12-28,27826.166015625,28179.51415550596,27075.301218377976,27296.14380580357,734700
2022-12-29,27693.658203125,28223.680369691985,27693.658203125,28179.511855811405,748400
2022-12-30,28002.83984375,28179.513912164824,27781.997258231462,28179.513912164824,512600
2023-01-02,28002.83984375,28002.83984375,28002.83984375,28002.83984375,0
2023-01-03,29107.052734375,29151.22125142261,28135.34535932758,28135.34535932758,744300
2023-01-04,31138.806640625,31138.806640625,28842.043597628544,29062.886197916665,1544600
2023-01-05,31624.66015625,31624.66015625,30697.12124105272,31094.637918994413,970500
2023-01-06,31006.298828125,31712.995097711893,31006.298828125,31359.646962918447,901900
2023-01-09,31359.6484375,31536.322513204224,30652.9521346831,30652.9521346831,544200
2023-01-10,32552.197265625,32817.208369551394,31006.299159387723,31006.299159387723,965800
2023-01-11,32905.546875,33833.08578020134,32331.35612416108,32684.704278523488,1601300
2023-01-12,32773.0390625,32949.71312752696,32331.353899932616,32905.54461127021,605700
2023-01-13,32728.869140625,33126.38576986336,32243.015482667004,32773.037654984815,682200
2023-01-16,32508.029296875,32861.37744140625,32243.01818847656,32728.87188720703,424300
2023-01-17,32993.87890625,33082.21593143407,32375.51972996151,32508.025267737616,605000
2023-01-18,33568.0703125,33656.40733963816,32949.7111225329,32949.7111225329,629800
2023-01-19,33568.0703125,33656.40733963816,33214.72220394737,33347.22774465461,447700
2023-01-20,33568.0703125,33568.0703125,33568.0703125,33568.0703125,0
2023-01-23,33568.0703125,33568.0703125,33568.0703125,33568.0703125,0
2023-01-24,33568.0703125,33568.0703125,33568.0703125,33568.0703125,0
2023-01-25,33568.0703125,33568.0703125,33568.0703125,33568.0703125,0
2023-01-26,33568.0703125,33568.0703125,33568.0703125,33568.0703125,0
2023-01-27,33656.41015625,34186.43236343504,33568.073121719164,33921.42125984252,477900
2023-01-30,32728.869140625,33700.57645654099,32728.869140625,33568.07091346154,687000
2023-01-31,32508.029296875,33038.051513671875,32331.35522460937,33038.051513671875,741100
2023-02-01,32022.173828125,33303.06078125,31801.33125,32773.03859375,1294200
2023-02-02,31978.00390625,32419.68904307665,31889.66687888467,32022.172419932664,525300
2023-02-03,32949.71484375,32949.71484375,31889.670398374667,32243.01854683311,800900
2023-02-06,34274.7734375,34274.7734375,32684.706628543816,32949.717763369845,1442200
2023-02-07,34451.44140625,35334.81169871795,34318.93586237981,34451.44140625,1467200
2023-02-08,32861.375,34451.44153225807,32861.375,34451.44153225807,730100
2023-02-09,33479.73828125,34009.76052316953,32993.884559490434,33214.72716029024,454900
2023-02-10,33833.08203125,34363.10420406332,32949.7117432278,33568.07094484334,852700
2023-02-13,33479.73828125,33744.74940220976,32684.70491837072,33700.580882049806,463500
2023-02-14,33568.0703125,33833.08139391447,32861.374095394734,33744.744366776315,210000
2023-02-15,34230.6015625,34451.444153225806,33303.062681451614,33523.90527217742,680500
2023-02-16,34451.44140625,34760.62100861378,34230.598833133015,34230.598833133015,716200
2023-02-17,34098.09375,34716.452963082906,34098.09375,34672.284447862694,416200
2023-02-20,34804.79296875,34804.79296875,33833.08555084073,33833.08555084073,696000
2023-02-21,35864.83984375,36394.86210745074,34893.132360298645,35334.81758004926,1820900
2023-02-22,33744.74609375,35864.834853566754,33744.74609375,35334.81266361257,860900
2023-02-23,33877.25390625,34186.43353772816,33126.38908694589,33921.42242503259,1362200
2023-02-24,33303.0625,34009.75878647215,33170.55694628647,33788.916196949605,386600
2023-02-27,32728.869140625,33126.38576986336,32640.53211190536,32949.71171242409,726700
2023-02-28,32949.71484375,33391.40002932306,32817.209288078084,32817.209288078084,240700
2023-03-01,34142.26171875,34363.104291316304,32949.71182689198,33126.38588494502,495100
2023-03-02,34142.26171875,34628.11537839586,31757.16193503396,34318.93577680304,381900
2023-03-03,34274.7734375,34407.27900491302,33656.41412290593,34363.11048244201,372100
2023-03-06,34363.10546875,34716.453596963365,34186.431404643314,34628.11656491002,600600
2023-03-07,34451.44140625,34848.958037860575,34407.272891626606,34451.44140625,684200
2023-03-08,34363.10546875,34716.453596963365,34098.09437258997,34363.10546875,413500
2023-03-09,34451.44140625,35158.13764022436,33965.58774539263,34407.272891626606,663800
2023-03-10,33700.58203125,34451.446899574046,33568.07646625164,34451.446899574046,653500
2023-03-13,33612.23828125,33833.08084551577,33126.38463986531,33568.06976839685,651000
2023-03-14,32773.0390625,33921.4204851752,32640.533513729784,33656.40938763477,781700
2023-03-15,33258.890625,33391.39616533864,32684.699950199203,33391.39616533864,724600
2023-03-16,32110.51171875,32993.88205489168,32066.34320194292,32993.88205489168,1372800
2023-03-17,31271.3125,32596.368114406778,30829.627295197737,32243.01995056497,5502500
2023-03-20,31271.3125,32110.51438912429,31227.143979519773,31359.64954096045,1315900
2023-03-21,30652.951171875,31889.66966295929,30520.445619258822,31359.647452494595,1550500
2023-03-22,30652.951171875,31138.80486480097,30520.445619258822,31138.80486480097,1568000
2023-03-23,31668.830078125,31668.830078125,30476.279991501044,30520.448513227857,2018400
2023-03-24,32110.51171875,32375.522819592505,31712.995067486245,31712.995067486245,1052000
2023-03-27,31536.322265625,32154.681525735294,31536.322265625,32110.513007155987,913200
2023-03-28,31624.66015625,32022.17683419169,31536.3231167074,31889.6712748778,577400
2023-03-29,31801.33203125,31889.66906467014,31536.320930989583,31712.99499782986,587900
2023-03-30,32596.365234375,32861.376333841465,32154.68006859756,32243.01710175305,1565200
2023-03-31,33082.21875,33568.07242990654,32993.88171728972,33126.38726635514,2458700
2023-04-03,33126.38671875,33612.240390625,32684.7015625,33612.240390625,1452000
2023-04-04,33523.90625,33568.074769433464,33170.55809453228,33523.90625,1627200
2023-04-05,33612.23828125,33700.57530695631,33347.22720413108,33568.06976839685,965800
2023-04-06,32993.87890625,33744.74362031459,32993.87890625,33744.74362031459,1259300
2023-04-07,33303.0625,33656.41064323608,32949.71435676393,32993.88287466844,1153500
2023-04-10,32949.71484375,33568.07410355228,32861.37780663539,33479.737066437665,1303600
2023-04-11,32640.53515625,33170.55737800237,32508.029600811908,32949.714785605545,793400
2023-04-12,32684.705078125,33038.053241131754,32508.030996621623,32684.705078125,561800
2023-04-13,32861.375,33170.554603494624,32684.700940860217,32861.375,580200
2023-04-14,32243.017578125,32949.71385380993,32243.017578125,32949.71385380993,587900
2023-04-17,31889.673828125,32243.02201458622,31845.505304817347,32066.34792135561,607300
2023-04-18,32508.029296875,32596.36633300781,31978.007080078125,31978.007080078125,492800
2023-04-19,32154.68359375,32640.537329369847,32154.68359375,32640.537329369847,324800
2023-04-20,32198.845703125,32331.35124099794,32110.50867787637,32154.677190500683,407800
2023-04-21,32463.85546875,32640.529512117348,32154.675892857143,32198.84440369898,573800
2023-04-24,32463.85546875,32508.023979591835,32287.18142538265,32508.023979591835,361000
2023-04-25,32154.68359375,32508.03176510989,32154.68359375,32463.863243689902,338000
2023-04-26,32596.365234375,32596.365234375,32154.68006859756,32463.85968464177,489200
2023-04-27,33082.21875,33170.55578271028,32684.70210280373,32684.70210280373,853000
2023-04-28,33082.21875,33391.39836448598,32949.71320093458,33170.55578271028,350100
2023-05-01,33082.21875,33082.21875,33082.21875,33082.21875,0
2023-05-02,33082.21875,33082.21875,33082.21875,33082.21875,0
2023-05-03,33082.21875,33082.21875,33082.21875,33082.21875,0
2023-05-04,33082.21875,33303.0613317757,32861.3761682243,33258.89281542056,662100
2023-05-05,33391.40234375,33568.07643022487,33126.3912140377,33258.89677889385,1143900
2023-05-08,33391.40234375,33744.750516699736,33391.40234375,33523.907908606154,676600
2023-05-09,33568.0703125,33700.57585320724,33391.396258223685,33479.73328536184,659700
2023-05-10,33347.23046875,33568.07305463576,33126.38788286424,33479.73602028145,627000
2023-05-11,33347.23046875,33479.73602028145,33214.72491721854,33347.23046875,589800
2023-05-12,33170.55859375,33347.23267414281,33038.05303345539,33347.23267414281,552000
2023-05-15,33391.40234375,33523.907908606154,33126.3912140377,33258.89677889385,695500
2023-05-16,33612.23828125,33700.57530695631,33347.22720413108,33347.22720413108,987100
2023-05-17,33126.38671875,33656.40890625,33126.38671875,33568.071875,597800
2023-05-18,33082.21875,33214.72429906542,32905.54468457944,33126.38726635514,445900
2023-05-19,33214.7265625,33523.906198055185,33082.22100440492,33347.23212059508,625000
2023-05-22,33347.23046875,33523.904537458606,33214.72491721854,33214.72491721854,499200
2023-05-23,33126.38671875,33568.071875,33082.218203125,33479.73484375,553200
2023-05-24,33126.38671875,33126.38671875,33126.38671875,33126.38671875,0
2023-05-25,32993.87890625,33214.72146921017,32684.699318105755,32861.37336847389,375100
2023-05-26,33258.890625,33744.74427290837,32993.87954432271,32993.87954432271,737800
2023-05-29,33479.73828125,33700.580882049806,33303.064200610155,33303.064200610155,868600
2023-05-30,33479.73828125,33744.74940220976,33435.56976109004,33744.74940220976,507800
2023-05-31,33126.38671875,33523.903359375,33082.218203125,33479.73484375,950100
2023-06-01,33082.21875,33303.0613317757,33082.21875,33082.21875,416900
2023-06-02,33788.9140625,34009.7566380719,33126.386335784315,33170.5548508987,1189000
2023-06-05,34539.78515625,34848.96481877398,34009.76287763747,34274.77401694373,1441700
2023-06-06,34363.10546875,34760.62211299004,34230.599920669985,34539.779532856686,690200
2023-06-07,34363.10546875,34451.44250080334,33877.25179245662,34451.44250080334,1272900
2023-06-08,33833.08203125,34804.78934807441,33833.08203125,34451.44123286554,540900
2023-06-09,33568.0703125,33833.08139391447,33479.73328536184,33744.744366776315,591100
2023-06-12,33523.90625,33744.74884716733,33258.89513339921,33568.074769433464,569700
2023-06-13,33612.23828125,33612.23828125,33303.058691277925,33347.22720413108,420000
2023-06-14,33612.23828125,33921.417871222075,33612.23828125,33833.08084551577,436500
2023-06-15,33833.08203125,34186.43014645888,33568.07094484334,33568.07094484334,1436500
2023-06-16,32861.375,34142.261928763444,32861.375,34142.261928763444,620800
2023-06-19,32861.375,33391.39717741936,32861.375,33214.72311827957,750500
2023-06-20,32861.375,33126.38608870968,32684.700940860217,32861.375,556100
2023-06-21,33126.38671875,33126.38671875,32861.375625,32993.881171875,454900
2023-06-22,33126.38671875,33126.38671875,33126.38671875,33126.38671875,0
2023-06-23,33126.38671875,33391.3978125,32949.71265625,33303.06078125,686500
2023-06-26,33170.55859375,33303.06415404461,32728.87339276797,33126.3900736518,830200
2023-06-27,33700.58203125,33921.424639580604,33303.06533625491,33435.570901253275,858700
2023-06-28,33656.41015625,33965.58977710794,33479.73608718832,33965.58977710794,409900
2023-06-29,33126.38671875,33744.7459375,33126.38671875,33744.7459375,689000
2023-06-30,32993.87890625,33479.73254476238,32993.87890625,33214.72146921017,444000
2023-07-03,33258.890625,33656.40724601594,33038.04805776892,33170.55359810757,379100
2023-07-04,35202.30859375,35202.30859375,33435.567886409975,33435.567886409975,3702800
2023-07-05,35599.82421875,36085.677899154776,35202.30757114609,35599.82421875,2214000
2023-07-06,35599.82421875,36218.18344835608,35202.30757114609,35467.318669548695,2371600
2023-07-07,35599.82421875,36041.509382754346,35423.150153148265,35776.498284351735,1478400
2023-07-10,36924.8828125,36924.8828125,35776.50128962321,35953.17537006579,2415100
2023-07-11,36439.02734375,37145.72363162879,36439.02734375,37101.555113636365,1676900
2023-07-12,36659.8671875,37057.383819653616,36306.51907003012,36483.19312876506,1187300
2023-07-13,36571.53515625,36924.88332201087,36350.69255264945,36748.20923913043,1142700
2023-07-14,36129.84765625,36748.20690709046,35820.668030829765,36527.36431750458,1705900
2023-07-17,36174.015625,36704.03783195971,35643.99341804029,36262.352659493285,2239700
2023-07-18,35820.66796875,36483.19573635944,35820.66796875,36439.0272185188,1122100
2023-07-19,35423.15234375,36085.680130727866,35423.15234375,36041.511611596005,1401500
2023-07-20,35069.80859375,35599.8308898772,34981.47154439546,35378.988266490865,2116600
2023-07-21,35776.49609375,35953.17014853395,35025.63136091821,35069.7998746142,1741000
2023-07-24,35599.82421875,36129.846415555214,35599.82421875,35864.8353171526,1713100
2023-07-25,35599.82421875,36439.02603035825,35334.8131203474,35776.498284351735,1969500
2023-07-26,35776.49609375,35953.17014853395,35511.48501157408,35599.82203896605,1219100
2023-07-27,35246.4765625,35953.172834429824,35069.80249451755,35776.498766447374,2127700
2023-07-28,35378.98046875,35511.486013576774,35158.1378940387,35423.148983692256,1595300
2023-07-31,36659.8671875,36659.8671875,35599.82283509036,35599.82283509036,2751400
2023-08-01,36218.18359375,37278.22799161586,36085.67804401677,37278.22799161586,3004500
2023-08-02,36174.015625,36527.36376297314,36085.67859050672,36527.36376297314,1347500
2023-08-03,35423.15234375,36306.52272638716,35423.15234375,36218.18568812344,2016300
2023-08-04,35599.82421875,35864.8353171526,35334.8131203474,35864.8353171526,1482200
2023-08-07,35776.49609375,35953.17014853395,35599.82203896605,35864.83312114198,1474800
2023-08-08,36129.84765625,36350.69024583588,35909.00506666412,35909.00506666412,2949000
2023-08-09,35953.171875,36394.85703316954,35864.834843366094,36394.85703316954,1235700
2023-08-10,36041.5078125,37013.21513097427,36041.5078125,36129.844841452206,2426300
2023-08-11,35909.00390625,36394.85758763838,35334.81319188192,36174.01500518912,1139900
2023-08-14,35820.66796875,36041.510557953145,35688.162415228115,35997.34204011251,1196600
2023-08-15,35643.98828125,35908.999346538105,35511.482748605944,35908.999346538105,1207800
2023-08-16,35555.66015625,35997.3453755823,35378.98606851708,35688.16572204969,1006000
2023-08-17,35113.96875,35643.99091981132,35113.96875,35511.48537735849,1615700
2023-08-18,32993.87890625,35246.473048443775,32993.87890625,35113.967510667666,2701800
2023-08-21,33126.38671875,33435.566328125,32817.207109375,32861.375625,877800
2023-08-22,33303.0625,33612.24212533157,32684.70324933687,33568.07360742706,1252900
2023-08-23,33038.05078125,33656.41002047126,32596.36561037768,33656.41002047126,1209200
2023-08-24,33391.40234375,33391.40234375,33038.054170800264,33038.054170800264,583800
2023-08-25,33170.55859375,33479.73823443741,33170.55859375,33391.401194241014,933800
2023-08-28,33700.58203125,33921.424639580604,33126.39124959043,33126.39124959043,936300
2023-08-29,33612.23828125,33833.08084551577,33568.06976839685,33788.912332662614,798000
2023-08-30,33921.421875,34407.27557373047,33833.08483886719,33833.08483886719,803900
2023-08-31,34053.92578125,34142.26281310798,33921.42023346304,33921.42023346304,729500
2023-09-01,34053.92578125,34053.92578125,34053.92578125,34053.92578125,0
2023-09-04,34053.92578125,34053.92578125,34053.92578125,34053.92578125,0
2023-09-05,34583.94921875,34848.960323874526,34451.44366618774,34628.11773627075,1240400
2023-09-06,34716.45703125,34981.46815362595,34628.11999045801,34981.46815362595,743400
2023-09-07,34760.62109375,35202.30624106576,34672.28406428685,34804.78960848157,832100
2023-09-08,34804.79296875,35069.804082725255,34628.1188927665,34716.455930758246,972300
2023-09-11,35202.30859375,35864.83635900251,34893.128969965495,34893.128969965495,2041800
2023-09-12,35334.81640625,35555.65900878906,35069.805283203124,35334.81640625,685400
2023-09-13,35599.82421875,36350.68899755738,35334.8131203474,35599.82421875,2266800
2023-09-14,35334.81640625,35953.17569335937,35334.81640625,35864.83865234375,1097300
2023-09-15,35467.3203125,36483.196236768366,35423.15179405355,35732.33142317871,1805700
2023-09-18,34981.46484375,35909.00368430398,34495.611165364586,35909.00368430398,1405300
2023-09-19,35246.4765625,35334.81359649123,34716.45435855263,35158.13952850877,652800
2023-09-20,35688.1640625,35864.83814201733,35158.14182394802,35334.81590346535,1059800
2023-09-21,35778.05859375,36137.637072079146,35598.26935458543,35957.84783291457,972500
2023-09-22,35193.7421875,35508.37334371009,34159.95410280971,35148.79487946999,1040100
2023-09-25,33710.48046875,35238.688916666666,33710.48046875,35193.741609375,1155700
2023-09-26,33350.90234375,34115.00657534535,33350.90234375,33710.48080567722,1064900
2023-09-27,32856.484375,33530.69404069767,32362.06395348837,33261.0101744186,1673300
2023-09-28,33935.21484375,33935.21484375,33081.21605960265,33305.95258174669,1126200
2023-09-29,33710.48046875,33935.21700520833,33395.84931770834,33935.21700520833,435400
2023-10-02,33710.48046875,34070.05892708333,33485.74393229167,33710.48046875,567900
2023-10-03,32362.060546875,33440.7958984375,32362.060546875,33350.9012858073,1026000
2023-10-04,32586.796875,32721.638793103448,31597.95614224138,31597.95614224138,784600
2023-10-05,30923.74609375,32631.74369776526,30923.74609375,32631.74369776526,1530500
2023-10-06,31463.115234375,31912.588309151783,30878.80023716518,31373.220619419644,2194100
2023-10-09,32092.376953125,32272.166179753152,31867.64041983981,32182.27156643908,1552600
2023-10-10,32362.060546875,32586.797078450523,32317.1132405599,32362.060546875,1524500
2023-10-11,33171.109375,33261.0039803523,32451.95253218157,32586.79444021003,1352900
2023-10-12,32991.32421875,33710.48114994891,32856.482294150206,33261.00806794959,1061800
2023-10-13,32991.32421875,33126.166143349794,32811.534985950275,32991.32421875,1299600
2023-10-16,33081.21875,33980.164911684784,33081.21875,33710.481063179344,1011900
2023-10-17,32362.060546875,33126.16475423177,32362.060546875,33081.21744791667,1005800
2023-10-18,31463.115234375,32496.903306361608,30968.694852120538,32496.903306361608,1299500
2023-10-19,31463.115234375,32047.43023158482,31373.220619419644,31508.06254185268,593100
2023-10-20,31822.6953125,31867.64262226341,30923.74911723164,31597.95876368291,610400
2023-10-23,31777.7421875,32227.215202881896,31463.11107673267,32182.267901343705,377000
2023-10-24,31912.58984375,32047.431772667256,31553.011366637325,31777.747914832747,303400
2023-10-25,31777.7421875,32047.425996729136,31687.84758442362,31867.63679057638,373900
2023-10-26,29575.328125,31553.009640957447,29575.328125,31283.32579787234,1802700
2023-10-27,29665.22265625,30114.69572679924,28946.06574337121,29665.22265625,636400
2023-10-30,29530.37890625,29934.904644691786,29530.37890625,29665.22081906393,267100
2023-10-31,28676.380859375,29934.9054111971,28316.80241599726,29934.9054111971,980300
2023-11-01,29035.958984375,29215.74820409249,28137.01288578754,28361.749410434404,633200
2023-11-02,30024.80078125,30159.64270092627,29305.64387630988,29305.64387630988,768400
2023-11-03,29755.119140625,30114.697619665785,29665.2245208648,30069.75030978569,571800
2023-11-06,29889.958984375,30069.748211348684,29755.11706414473,29934.90629111842,367100
2023-11-07,29800.0625,30519.21936274509,29665.220588235294,29889.957107843136,482200
2023-11-08,30743.955078125,30743.955078125,29620.27250948008,29845.009023209062,968500
2023-11-09,30519.22265625,31013.64305274301,30519.22265625,30833.85381765464,843300
2023-11-10,29979.853515625,30564.168501686658,29979.853515625,30249.537355345765,744800
2023-11-13,29979.853515625,30204.59004872564,29845.01159576462,30114.69543548538,603700
2023-11-14,30114.6953125,30339.43184468284,29934.90608675373,30294.48453824627,729200
2023-11-15,30564.16796875,30878.79910960478,30384.37874540441,30519.220662913605,1185900
2023-11-16,30968.693359375,31148.48258061956,30564.167611574747,30743.956832819305,790400
2023-11-17,30114.6953125,31058.58874766791,30114.6953125,31013.641441231342,897400
2023-11-20,30114.6953125,30429.32645755597,29845.0114738806,29845.0114738806,958300
2023-11-21,30384.37890625,30519.220824473003,30114.695069803995,30384.37890625,910900
2023-11-22,30609.11328125,30833.84979579662,30384.37676670337,30429.3240696127,838700
2023-11-23,30294.484375,30743.95743694362,30294.484375,30654.062824554898,874000
2023-11-24,30024.80078125,30204.59000748503,29665.22232877994,30024.80078125,778400
2023-11-27,30204.58984375,30609.115600585938,30024.800618489586,30024.800618489586,630200
2023-11-28,30294.484375,30294.484375,29710.16939447329,30024.800537833828,663700
2023-11-29,32182.271484375,32182.271484375,30429.326529220496,30429.326529220496,3135500
2023-11-30,31553.009765625,32362.06129807692,31553.009765625,32002.4828392094,817300
2023-12-01,31642.904296875,32182.27198375355,31283.325838955967,31553.009682395244,923200
2023-12-04,31912.58984375,32182.27370158451,31642.90598591549,32092.37908230634,934700
2023-12-05,31957.53515625,32586.797451872364,31687.85131526899,31687.85131526899,884600
2023-12-06,32272.166015625,32317.113322053447,31777.745644912084,31777.745644912084,720700
2023-12-07,31597.955078125,32182.27003689545,31283.323946479373,32182.27003689545,955700
2023-12-08,32047.431640625,32047.431640625,31553.01123663219,31597.95854608608,629600
2023-12-11,32047.431640625,32272.16818789446,31642.90585553997,32272.16818789446,371900
2023-12-12,31867.640625,32092.37715973202,31553.009476375177,32047.42985278561,547300
2023-12-13,31193.431640625,31912.58856605728,31193.431640625,31822.69395037824,939000
2023-12-14,30878.802734375,31463.117778839154,30654.066178811863,31463.117778839154,441400
2023-12-15,30833.8515625,31238.377311862245,30833.8515625,31013.640784438776,447800
2023-12-18,30474.275390625,31013.64309665376,30474.275390625,30833.85386131084,351900
2023-12-19,30519.22265625,30654.064582566272,30159.64418607327,30564.16996502209,304900
2023-12-20,30923.74609375,31013.640704487647,30519.2203454306,30564.16765079942,266900
2023-12-21,30564.16796875,30699.00988625919,30564.16796875,30564.16796875,358300
2023-12-22,30384.37890625,30833.851966993345,30339.431600175667,30654.062742696005,635400
2023-12-25,31148.484375,31193.43168290043,30429.32744859307,30429.32744859307,674200
2023-12-26,30968.693359375,31283.324496552978,30968.693359375004,31103.53527530842,782300
2023-12-27,30968.693359375,31238.37719124184,30878.798748752724,31193.4298859307,457000
2023-12-28,31013.642578125,31193.43181046196,30654.064113451088,30923.74796195652,962700
2023-12-29,31013.642578125,31148.48450237772,30923.74796195652,31013.642578125,522800
2024-01-01,31013.642578125,31013.642578125,31013.642578125,31013.642578125,0
2024-01-02,31058.58984375,31148.484459795585,31013.64253572721,31103.537151772794,634300
2024-01-03,31373.21875,31373.21875,30923.74570200573,31058.587616404013,807400
2024-01-04,31553.009765625,31732.79899505876,31373.22053619124,31373.22053619124,1704200
2024-01-05,31642.904296875,31822.69352583452,31553.009682395244,31687.85160411488,1407800
2024-01-08,31732.796875,31957.53339677762,31463.113048866857,31642.902266288955,1403800
2024-01-09,31148.484375,31822.69399350649,31148.484375,31822.69399350649,498200
2024-01-10,31328.271484375,31418.16609408626,31103.534960096844,31283.324179519368,604900
2024-01-11,31867.640625,31867.640625,31328.27294164316,31328.27294164316,1122800
2024-01-12,31418.16796875,31957.535659200643,31238.378738599786,31912.58835166309,1008700
2024-01-15,31148.484375,31642.90476190476,31148.484375,31463.11553030303,321600
2024-01-16,31238.376953125,31283.32425809353,31103.535038219423,31103.535038219423,311400
2024-01-17,31058.58984375,31642.90484804631,31058.58984375,31418.168307932345,545400
2024-01-18,31013.642578125,31283.326426630432,30968.69527004076,31283.326426630432,338800
2024-01-19,31328.271484375,31418.16609408626,31193.429569808104,31373.218789230632,588500
2024-01-22,31238.376953125,31418.166172999103,31193.429648156474,31373.218868030577,314000
2024-01-23,31328.271484375,31463.11339894189,31193.429569808104,31238.376874663736,351200
2024-01-24,31148.484375,31418.1682224026,31103.537067099565,31328.27360660173,348700
2024-01-25,31148.484375,31148.484375,31148.484375,31148.484375,0
2024-01-26,31013.642578125,31283.326426630432,31013.642578125,31103.53719429348,280500
2024-01-29,31193.431640625,31283.32625630404,31013.642409266933,31013.642409266933,384100
2024-01-30,31238.376953125,31373.218868030577,31148.482343187952,31193.429648156474,323700
2024-01-31,31103.53515625,31283.32437680636,31058.587851110908,31238.377071667262,540500
2024-02-01,31103.53515625,31238.377071667262,31013.64054597182,31013.64054597182,394100
2024-02-02,31103.53515625,31103.53515625,31103.53515625,31103.53515625,0
2024-02-05,31058.58984375,31283.326383863965,31013.64253572721,31103.537151772794,589100
2024-02-06,31193.431640625,31193.431640625,31058.58971710645,31103.537024945967,358600
2024-02-07,31238.376953125,31463.11347796763,31103.535038219423,31193.429648156474,523300
2024-02-08,31238.376953125,31238.376953125,31238.376953125,31238.376953125,0
2024-02-09,31238.376953125,31238.376953125,31238.376953125,31238.376953125,0
2024-02-15,31732.796875,31912.58609242209,31373.218440155808,31373.218440155808,736600
2024-02-16,31732.796875,31777.744179355526,31463.113048866857,31732.796875,516800
2024-02-19,32586.796875,32901.42801724138,31777.74536637931,31777.74536637931,1886200
2024-02-20,32451.95703125,32811.535502510385,32362.062413434905,32811.535502510385,952300
2024-02-21,32137.322265625,32496.900696569057,32047.427657888988,32362.05878496504,889800
2024-02-22,32227.220703125,32631.74648600941,32047.43146628748,32092.37877549686,1340300
2024-02-23,31553.009765625,32272.166683360043,31553.009765625,32227.2193760016,1447400
2024-02-26,31642.904296875,31687.85160411488,31373.22045343573,31418.16776067561,444000
2024-02-27,32047.431640625,32811.535901341165,31732.800474447755,31732.800474447755,1008500
2024-02-28,32541.84765625,33261.00451053177,32272.16383589434,32272.16383589434,2210300
2024-02-29,32227.220703125,32721.64110442817,32092.37877549686,32631.74648600941,838500
2024-03-01,32272.166015625,32451.95524133879,32092.376789911214,32362.060628481893,717600
2024-03-04,32317.115234375,32766.588325256434,32317.115234375,32766.588325256434,932700
2024-03-05,32317.115234375,32362.062543463144,32047.43137984614,32317.115234375,708000
2024-03-06,32586.796875,33171.111853448274,32407.00765086207,32541.84956896552,1720600
2024-03-07,33710.48046875,33710.48046875,32631.74509375,32811.53432291667,2773600
2024-03-08,33081.21875,34070.05952785326,32991.32413383152,33710.481063179344,1454800
2024-03-11,32317.115234375,33036.272179785294,32272.167925286856,32991.32487069715,1223900
2024-03-12,32676.69140625,32856.48062994326,32317.112958863483,32317.112958863483,880100
2024-03-13,33350.90234375,33350.90234375,32811.53465085916,33081.21849730458,1172600
2024-03-14,33575.63671875,34115.004376882534,33305.95288968374,33485.74210906125,2856400
2024-03-15,33845.3203125,33980.16222609562,33485.74187624502,33710.478398904386,1564900
2024-03-18,32811.53515625,33980.1651755137,32317.11476348459,33845.323250214045,2848400
2024-03-19,33665.53515625,33890.2717060247,32676.69433724132,32901.43088701602,1381800
2024-03-20,33665.53515625,33980.16632593458,33261.00936665554,33890.2717060247,1271600
2024-03-21,34564.4765625,34789.21308111183,33395.84666571847,33710.47779177503,3062200
2024-03-22,34159.953125,34654.37349917763,33980.16389802632,34609.426192434206,1528100
2024-03-25,33620.5859375,34519.5320855615,33440.7967078877,34249.848241143045,1720600
2024-03-26,34159.953125,34159.953125,33350.90160361842,33620.58544407895,928900
2024-03-27,34159.953125,34609.426192434206,33800.37467105263,34204.90043174342,1294100
2024-03-28,33755.4296875,34294.79740554261,33665.53506782623,34070.060856358185,1265700
2024-03-29,33530.69140625,33980.1644814008,33440.796791219844,33890.26986637065,1118900
2024-04-01,33665.53515625,33980.16632593458,33395.85129652036,33485.74591643024,682100
2024-04-02,34070.05859375,34115.005900601915,33261.007070415566,33665.53283208278,1467500
2024-04-03,33800.37109375,34249.8441136137,33710.47648977726,34159.94950964096,981900
2024-04-04,33395.84765625,33800.37340174967,33305.953046138966,33800.37340174967,962700
2024-04-05,33395.84765625,34204.89914724933,33261.00574108345,33261.00574108345,1295500
2024-04-08,33305.953125,33665.53156629555,33305.953125,33485.74234564777,540400
2024-04-09,33395.84765625,33575.63687647208,33126.16382591689,33305.953046138966,437400
2024-04-10,32901.4296875,33530.692003927594,32856.48237918374,33530.692003927594,863300
2024-04-11,32631.74609375,32811.53532842631,32451.956859073693,32811.53532842631,826600
2024-04-12,33126.1640625,33216.05867325305,32676.69100873473,32811.53292486432,445900
2024-04-15,32362.060546875,33440.7958984375,31283.3251953125,33171.112060546875,927300
2024-04-16,32317.115234375,32631.746397992003,31597.95828896471,32362.062543463144,786100
2024-04-17,31732.796875,32362.05913597734,31642.902266288955,32362.05913597734,448800
2024-04-19,31148.484375,31732.799377705625,31058.58975919913,31508.062838203463,518500
2024-04-22,31148.484375,31642.90476190476,31058.58975919913,31463.11553030303,411300
2024-04-23,31463.115234375,31732.79907924107,31058.589467075893,31283.326004464285,420900
2024-04-24,31687.8515625,31732.798869680853,31418.16771941489,31508.0623337766,742400
2024-04-25,31553.009765625,31687.85168770032,31373.22053619124,31687.85168770032,219500
2024-04-26,32092.376953125,32092.376953125,31463.114659926472,31553.009273240543,422300
2024-04-29,32092.376953125,32092.376953125,32092.376953125,32092.376953125,0
2024-04-30,32092.376953125,32092.376953125,32092.376953125,32092.376953125,0
2024-05-02,32182.271484375,32407.008017087115,31687.851112408345,32092.37687129015,420900
2024-05-03,32362.060546875,32541.84977213541,32227.218627929688,32451.95515950521,518700
2024-05-06,32991.32421875,33081.21883514986,32721.64036955041,33081.21883514986,550800
2024-05-07,34789.21484375,34924.05676174903,33081.21721576227,33126.16452176195,3665900
2024-05-08,35957.84765625,36317.4261328125,34249.849892578124,34789.21760742187,2984800
2024-05-09,36137.6328125,36497.21124844528,35283.63402712997,35957.84359452736,2131200
2024-05-10,36047.73828125,36587.10593633105,35688.159844529306,36137.63289043018,1932400
2024-05-13,35823.00390625,36407.31890095672,35778.05659896487,36407.31890095672,1603700
2024-05-14,35029.01171875,36149.94009375,34842.190322916664,36056.529395833335,1949200
2024-05-15,35682.88671875,36056.52951161649,35029.011831233634,35029.011831233634,1256100
2024-05-16,35682.88671875,36290.05625715805,35589.47602053337,36009.82416250818,1778200
2024-05-17,35449.36328125,35729.59540205039,34935.604393115944,35729.59540205039,2725400
2024-05-20,35496.06640625,36009.82526212993,35496.06640625,35496.06640625,1630300
2024-05-21,35029.01171875,35449.359859375,34561.95822916667,35215.83311458333,2551900
2024-05-22,35215.8359375,35682.889464522545,34935.60382128647,35122.42523209549,1576100
2024-05-23,37644.51171875,37644.51171875,35122.42284429281,35309.244242400746,5334400
2024-05-24,38298.38671875,39606.136509146345,37597.806473894816,38485.208117378046,5370300
2024-05-27,38578.62109375,39092.37997030115,37831.33545513015,38485.21038892252,3453400
2024-05-28,38812.1484375,39139.08590929603,38391.800259476535,39045.67520306859,3261100
2024-05-29,38765.4375,39979.77650602409,38531.91076807229,39045.66957831325,4835600
2024-05-30,38625.32421875,38718.73491819075,37691.2172243425,38298.38677070738,3177800
2024-05-31,38298.38671875,38578.61881669208,38111.565320121954,38578.61881669208,1185700
2024-06-03,38298.38671875,38298.38671875,38298.38671875,38298.38671875,0
2024-06-04,38952.26171875,39372.60986679407,38625.32427027128,38765.4403196193,2201000
2024-06-05,39092.37890625,39699.54847110215,38765.441448252684,38952.26285282258,2444700
2024-06-06,39139.08203125,39559.43016762381,38111.56436455847,38998.96598579206,2091400
2024-06-07,38765.4375,39325.901656626505,38531.91076807229,39232.49096385542,1543700
2024-06-10,39185.7890625,39419.31581495828,38765.44090807509,38812.14625856675,1542900
2024-06-11,40353.421875,40540.243272569445,39325.904188368055,39325.904188368055,3782500
2024-06-12,40260.015625,40446.837043213454,39699.55137035963,40353.42633410673,1529800
2024-06-13,39419.31640625,40446.834132479264,39372.61105505776,40446.834132479264,2330400
2024-06-14,37831.33203125,39746.25130690586,37831.33203125,39419.313869598765,3495700
2024-06-17,37270.8671875,38111.563439849626,37270.8671875,37924.7420504386,2124600
2024-06-18,38298.38671875,38578.61881669208,37644.51182355183,38111.565320121954,1477100
2024-06-19,38765.4375,38765.4375,37878.0359186747,38345.08938253012,1026500
2024-06-20,38578.62109375,39325.906732369855,37924.74615995763,39139.08532271489,1285200
2024-06-21,39512.7265625,39839.66401632683,38111.56604609929,38765.44095375295,1971100
2024-06-24,38064.859375,39979.7786809816,38064.859375,39792.95728527608,2505400
2024-06-25,38298.38671875,38672.0295160061,38018.15462080793,38064.85997046494,854000
2024-06-26,39606.13671875,39652.84206865419,38064.86017191185,38298.38692143279,2056300
2024-06-27,38578.62109375,39699.54955167978,38578.62109375,39699.54955167978,1067600
2024-06-28,38204.9765625,39045.67286827629,37924.74446057457,38672.03006570904,1455800
2024-07-01,38111.5625,38672.02665441176,37597.80369178922,38345.0892310049,682200
2024-07-02,38625.32421875,38625.32421875,38111.56537182588,38625.32421875,660500
2024-07-03,39092.37890625,39419.31636424731,38485.20934139785,38858.852150537634,1461400
2024-07-04,41007.296875,41380.93967112756,39045.6721953303,39139.08289436219,6016400
2024-07-05,41054.0,41474.3481228669,40913.88395904437,41007.29465301479,2475000
2024-07-08,43435.9765625,43529.38726478494,41100.709005376346,41100.709005376346,5313900
2024-07-09,42968.921875,43529.38607336957,42782.10047554348,43529.38607336957,1997900
2024-07-10,43482.68359375,43949.737123221,42968.9247113319,43342.5675349087,2762700
2024-07-11,43716.20703125,43809.617730034726,43062.33213975695,43576.090983072914,2440800
2024-07-12,43249.15625,44089.85259179265,43062.33484071274,43809.62047786177,1817400
2024-07-15,44837.13671875,44837.13671875,43482.68154703776,43622.797599283855,2714500
2024-07-16,43996.4375,45210.77653927813,43996.4375,45210.77653927813,2055700
2024-07-17,42034.81640625,43996.441171875005,40960.5933203125,43996.441171875005,3843300
2024-07-18,44370.08203125,44370.08203125,42034.81455592105,42408.45735197368,2699500
2024-07-19,43809.6171875,44650.31346615138,43062.33160647655,44370.08137326759,2054700
2024-07-22,43295.859375,43716.20752427185,42455.16307645631,43716.20752427185,2144800
2024-07-23,42501.8671875,44089.849038461536,42221.63509615384,43342.56346153846,2257300
2024-07-24,43435.9765625,43435.9765625,41194.11970766129,42081.52137936828,3363700
2024-07-25,43295.859375,43622.79682443366,42455.16307645631,42968.92192556634,1152000
2024-07-26,44650.3125,44977.24993462343,43295.85741370293,43295.85741370293,3342100
2024-07-29,44650.3125,45491.00876046025,44183.25902196653,45491.00876046025,1352000
2024-07-30,43996.4375,45117.36584394905,43482.67867569002,44370.08028131635,1699000
2024-07-31,42875.51171875,44650.31503608388,42782.10101783769,43996.44012969771,3183900
2024-08-01,42315.046875,43529.38596854304,42315.046875,43062.332471026486,2571700
2024-08-02,44370.08203125,44370.08203125,41847.993157894736,42081.51990542763,2541300
2024-08-05,42501.8671875,43762.911598557694,42128.22439903846,43342.56346153846,2337800
2024-08-06,43903.03125,44183.2633643617,42548.57603058511,43342.5670212766,2129500
2024-08-07,44650.3125,44790.42854341004,43202.44671809623,44089.84832635983,1943600
2024-08-08,44416.7890625,45023.95862907466,43903.03019847529,44603.61046759989,2286700
2024-08-09,44837.13671875,44837.13671875,43903.02970377604,44837.13671875,1397300
2024-08-12,45631.12890625,46518.53059429376,45491.01285024309,45491.01285024309,4056100
2024-08-13,45631.12890625,46518.53059429376,45537.71820224539,45724.53961025461,2214600
2024-08-14,45958.06640625,47172.40555926067,45537.71823790015,45771.24499809451,3083900
2024-08-15,45771.24609375,46238.29962531888,45584.42468112245,45958.06750637756,1244300
2024-08-16,47265.81640625,48293.33415421196,45817.95048866725,45864.65584084733,4586000
2024-08-19,47078.9921875,48013.099175347226,47078.9921875,47265.813585069445,1223100
2024-08-20,46191.59375,47919.69179726997,46191.59375,46985.58474469161,2518500
2024-08-21,45584.421875,46705.35028176229,45304.18977330942,46238.29677894467,3224800
2024-08-22,45771.24609375,46378.41568478954,45677.83538743623,45864.65680006378,1065800
2024-08-23,45771.24609375,46144.88891900511,45397.6032684949,45397.6032684949,1218900
2024-08-26,45350.8984375,46144.88945030896,45350.8984375,45911.36268183574,1459100
2024-08-27,45864.65234375,46098.17908684445,45304.18816032332,45350.89350894221,1207800
2024-08-28,46144.8828125,46471.8202413335,45958.06142459514,46098.17746552378,1087500
2024-08-29,45584.421875,46331.70747950819,45537.71652471824,46331.70747950819,722300
2024-08-30,45397.6015625,45771.24437371399,45350.896211098254,45584.422968107,892800
2024-09-04,43903.03125,45117.37041223404,43809.62054521277,45117.37041223404,2544400
2024-09-05,43015.62890625,44276.67340187297,42548.575389352605,43903.03058835505,2977800
2024-09-06,43856.32421875,43903.0295693557,42641.98510300186,42641.98510300186,1277800
2024-09-09,43389.26953125,43996.4390725915,43155.742784580194,43155.742784580194,791500
2024-09-10,43342.56640625,43856.3252752896,43062.33429586476,43809.61992355873,1015000
2024-09-11,42782.1015625,43435.9764772107,42735.39621144924,43435.9764772107,836300
2024-09-12,42408.4609375,43249.15729969714,42408.4609375,43202.45194624174,1269800
2024-09-13,42782.1015625,42922.21761565229,42034.81594568778,42408.45875409389,726100
2024-09-16,42034.81640625,43389.271601562505,42034.81640625,43389.271601562505,813500
2024-09-17,42034.81640625,42408.45921875,41287.53078125,42034.81640625,1125600
2024-09-18,42034.81640625,42595.280625,41801.2896484375,42361.7538671875,895400
2024-09-19,42361.75390625,42361.75390625,41614.46828056092,42081.5217966166,1416300
2024-09-20,42968.921875,43295.85932404891,42361.75232676631,42408.45767663044,1269300
2024-09-23,42268.34375,42968.92403314917,42128.227693370165,42968.92403314917,964800
2024-09-24,42221.63671875,42595.2795215708,42034.8153173396,42315.0474194552,1181700
2024-09-25,42408.4609375,42782.10376514317,42268.34487713381,42501.87164441079,1308800
2024-09-26,42595.28125,42968.92406798246,42315.04913651316,42595.28125,1671300
2024-09-27,41988.109375,42735.39497010567,41941.40402530589,42688.68962041157,1565100
2024-09-30,41567.76171875,42081.52057145365,41567.76171875,42081.52057145365,1095700
2024-10-01,41567.76171875,41988.10987096208,41474.35101825842,41474.35101825842,1075700
2024-10-02,41988.109375,42221.63612347052,41661.17192714127,41847.99332591768,957100
2024-10-03,41474.3515625,41941.40507108671,41334.23550992399,41754.58366765203,1303600
2024-10-04,42128.22265625,42501.86542925443,41521.05315011779,41567.75849674335,2562100
2024-10-07,41988.109375,42408.457522246936,41801.28797622358,42408.457522246936,795900
2024-10-08,41707.875,42455.16055431131,41707.875,42128.22312430012,1700400
2024-10-09,41474.3515625,41801.289018510695,41427.64621164133,41661.17296593468,1817600
2024-10-10,41567.76171875,42221.63662219101,41427.64566801264,41661.17241924157,748900
2024-10-11,41754.5859375,42174.93411807886,41661.1752307047,41941.4073510906,713300
2024-10-14,41521.05859375,41754.585357494376,41474.353241001125,41754.585357494376,712800
2024-10-15,40026.484375,41521.05555352975,39699.54692969661,41427.64485487164,3909500
2024-10-16,39092.37890625,40026.485929099465,38858.852150537634,40026.485929099465,2453100
2024-10-17,39466.0234375,39512.72879068048,38998.96990569527,39232.49667159763,1199000
2024-10-18,39559.4296875,40166.59921044864,39512.72433958088,39606.13503541912,797800
2024-10-21,38858.8515625,39419.31576772836,38765.4408616286,39419.31576772836,1344200
2024-10-22,39045.671875,39419.3146680622,38625.32373280502,38858.8504784689,1350000
2024-10-23,39512.7265625,39652.84261414007,39139.08375812648,39185.78910867317,746200
2024-10-24,38998.96875,39559.43297155689,38998.96875,39512.72761976048,738000
2024-10-25,38812.1484375,39092.38055618231,38718.737731272566,39045.67520306859,475900
2024-10-28,39232.49609375,39232.49609375,38064.86228143601,38812.147921316966,770900
2024-10-29,39139.08203125,39185.78737973598,38765.43924336217,38765.43924336217,532900
2024-10-30,38672.03125,39232.495471014496,38625.32589824879,39232.495471014496,581000
2024-10-31,38391.80078125,38672.03290374088,38298.39007375304,38672.03290374088,560300
2024-11-01,37924.74609375,38391.79961707204,37924.74609375,38391.79961707204,815900
2024-11-04,37270.8671875,38018.152745144114,37270.8671875,37878.03670308584,1077200
2024-11-05,37410.984375,37691.21646769663,37084.0469335206,37084.0469335206,477600
2024-11-06,37504.3984375,37831.335908312576,37504.3984375,37831.335908312576,554900
2024-11-07,37644.51171875,37971.4491654389,37597.80636922301,37644.51171875,564800
2024-11-08,37410.984375,37878.03786282771,37364.27902621723,37878.03786282771,608500
2024-11-11,36663.703125,37551.104856687896,36523.58706210191,37364.28343949044,1218300
2024-11-12,36803.81640625,36943.93245855806,36523.58430163389,36616.99500317259,730700
2024-11-13,36336.76171875,36850.52056053181,36056.52962323265,36803.81521127892,965100
2024-11-14,36383.46875,37130.75437259307,36149.94199293967,36290.058047175866,867400
2024-11-15,35869.7109375,36663.70193481445,35869.7109375,36663.70193481445,736000
2024-11-18,35215.8359375,36290.059049651856,34888.898468584215,35823.00552262931,964100
2024-11-19,35776.296875,36243.35035900783,35496.0647845953,35496.0647845953,636100
2024-11-20,36056.53125,36243.352655440416,35496.06703367875,35542.77238503886,443300
2024-11-21,36476.87890625,36710.405659811135,35823.00399627881,36103.236100552174,416500
2024-11-22,36570.2890625,36757.11046256386,36336.76231242018,36757.11046256386,309800
2024-11-25,36803.81640625,36850.52175701936,36430.17360009518,36710.405704711295,368000
2024-11-26,36663.703125,36850.524542197454,36243.35493630573,36570.29241640127,524700
2024-11-27,36523.5859375,36803.81805466752,36476.88058463875,36663.70199608376,259900
2024-11-28,37364.28125,37878.04011718751,36523.584921875,36663.7009765625,1179100
2024-11-29,37364.28125,37831.334765625004,37364.28125,37644.513359375,462600
2024-12-02,37130.75390625,37504.39671285377,36850.52180129717,37364.28066037736,601800
2024-12-03,37364.28125,37924.74546875,36850.5223828125,37037.3437890625,762700
2024-12-04,37644.51171875,38204.975913073824,37410.98497111508,37410.98497111508,651300
2024-12-05,37924.74609375,38018.15679841441,37364.28186576355,37644.513979756775,716100
2024-12-06,37784.62890625,38064.861011858775,37457.69144970643,37924.74495905439,787600
2024-12-09,37504.3984375,37784.63055533936,37364.28237858033,37784.63055533936,573300
2024-12-10,37644.51171875,37784.62776733096,37457.69032064206,37504.39567016905,284700
2024-12-11,37270.8671875,37644.50996632205,37224.16184014725,37551.09927161654,546600
2024-12-12,36803.81640625,37504.39666779029,36803.81640625,37224.16456317418,842600
2024-12-13,36149.94140625,36803.81631540698,36149.94140625,36803.81631540698,1285500
2024-12-16,36149.94140625,36430.17351017442,36103.23605559593,36430.17351017442,647300
2024-12-17,36336.76171875,36336.76171875,36103.23497248554,36103.23497248554,438400
2024-12-18,36710.40625,37130.75441316794,36149.94203244275,36149.94203244275,791700
2024-12-19,36803.81640625,37364.28061548223,36149.94149547906,36336.76289855647,776300
2024-12-20,36430.171875,37130.75210336538,36103.23443509615,36990.6360576923,592000
2024-12-23,36196.64453125,36803.81405241936,36196.64453125,36523.58196572581,526800
2024-12-24,35916.4140625,36290.05686158973,35729.59266295513,36290.05686158973,603500
2024-12-25,36056.53125,36336.76335816062,35916.41519591969,35916.41519591969,740200
2024-12-26,35916.4140625,36523.5836110208,35916.4140625,36243.35151170351,756200
2024-12-27,35963.1171875,36149.93857548701,35729.59045251623,36056.5278814935,1059900
2024-12-30,35682.88671875,36149.94020983311,35682.88671875,36009.82416250818,613600
2024-12-31,35029.01171875,35869.708,35029.01171875,35729.591953125,710600
2025-01-02,35636.18359375,35869.71035386632,35449.362185656944,35449.362185656944,546600
2025-01-03,35916.4140625,36056.530112158645,35589.47661329649,36009.82476227243,786900
2025-01-06,35823.00390625,36196.6467110088,35636.1825038706,35916.4146074397,671000
2025-01-07,35402.65625,36103.23651879947,35402.65625,36103.23651879947,859500
2025-01-08,35776.296875,35776.296875,34842.189906984335,35449.35943619452,914900
2025-01-09,36430.171875,36710.40396634615,35776.29699519231,35963.11838942308,1723700
2025-01-10,35589.4765625,36476.87820907152,35496.065862860894,36290.05680979331,715700
2025-01-13,36336.76171875,36336.76171875,35823.00287696819,36009.82427397976,988600
2025-01-14,37130.75390625,37457.6913620283,36476.8789946934,36476.8789946934,1717100
2025-01-15,37364.28125,37597.8080078125,36990.638437500005,37270.870546875005,1316400
2025-01-16,37364.28125,37597.8080078125,36990.638437500005,37270.870546875005,1316400
2025-01-17,37364.28125,37364.28125,36990.638437500005,37317.5758984375,771900
2025-01-20,37224.1640625,37364.280112923465,37130.75336221769,37364.280112923465,402200
2025-01-21,37224.1640625,37691.217563911545,36803.81591122961,37317.57476278231,873000
2025-01-22,36570.2890625,37270.869312739465,36570.2890625,37270.869312739465,873000
2025-01-23,36990.63671875,37084.047417534726,36383.467176649305,36616.99392361111,505800
2025-01-24,36897.2265625,36943.93191257912,36523.583761867085,36523.583761867085,570100
2025-01-27,36897.2265625,36897.2265625,36897.2265625,36897.2265625,0
2025-01-28,36897.2265625,36897.2265625,36897.2265625,36897.2265625,0
2025-01-29,36897.2265625,36897.2265625,36897.2265625,36897.2265625,0
2025-01-30,36897.2265625,36897.2265625,36897.2265625,36897.2265625,0
2025-01-31,36897.2265625,36897.2265625,36897.2265625,36897.2265625,0
2025-02-03,36710.40625,36803.81695292621,36290.05808683206,36616.99554707379,540700
2025-02-04,37364.28125,37551.102656250005,36803.81703125,36803.81703125,946300
2025-02-05,37270.8671875,37551.09927161654,37084.04579808897,37504.393924263786,623200
2025-02-06,37270.8671875,37364.27788220551,36990.63510338346,37364.27788220551,601300
2025-02-07,37224.1640625,37270.86941264116,37084.048012076535,37270.86941264116,734700
2025-02-10,37737.92578125,38064.86325707766,36990.64012221534,37177.461536974006,2002500
2025-02-11,38485.20703125,38578.61772792779,37737.92145782767,37831.33215450546,2096000
2025-02-12,38625.32421875,38718.73491819075,38391.79747014813,38485.20816958888,1136400
2025-02-13,39232.49609375,39419.31750372024,38251.68369140625,38625.32651134673,2400000
2025-02-14,39559.4296875,39933.07247085301,39232.49225206611,39606.13503541912,2154600
2025-02-17,39279.19921875,40260.01156547265,39139.08316921819,39606.13666765755,2503600
2025-02-18,39792.95703125,39933.073077134686,39139.082150454815,39232.49284771127,1697200
2025-02-19,40353.421875,40446.832573784726,39979.77907986111,40166.60047743056,2234800
2025-02-20,40260.015625,40493.542397766825,40073.19420678655,40493.542397766825,1277000
2025-02-21,40353.421875,40633.65397135416,39886.36838107639,39979.77907986111,1857100
2025-02-24,40166.6015625,40306.717614462206,39839.66410792151,40260.01226380814,1506700
2025-02-25,40446.83203125,40727.06412384527,40166.599938654734,40166.599938654734,1837800
2025-02-26,40400.12890625,40586.95031159682,40166.60214956648,40446.83425758671,1081700
2025-02-27,40119.89453125,40540.24266952852,40026.48383385477,40353.42127473807,1384900
2025-02-28,40680.36328125,40820.47934306831,40119.89903397675,40119.89903397675,1736700
2025-03-03,41287.52734375,41380.938039097855,40400.12573794542,40540.2417809672,2398400
2025-03-04,41567.76171875,41614.467068995786,40820.476114817415,41287.52961727528,2099000
2025-03-05,40867.1796875,41567.75991071428,40867.1796875,41567.75991071428,1231500
2025-03-06,40773.76953125,40913.88557774914,39886.36790342211,40820.47488008305,2031600
2025-03-07,40026.484375,40727.06461493582,39746.25227902567,40727.06461493582,3052600
2025-03-10,40166.6015625,40166.6015625,39419.315952034885,40166.6015625,2077400
2025-03-11,40446.83203125,40446.83203125,39606.1357534642,39792.95714852771,1582300
2025-03-12,40073.19140625,40400.12886527535,39792.95929851399,40400.12886527535,1183400
2025-03-13,38952.26171875,40026.4847637515,38952.26171875,40026.4847637515,2540000
2025-03-14,38672.03125,39045.67406400966,38298.38843599034,38858.852657004834,1679700
2025-03-17,38718.734375,38952.2611203257,38158.27018621834,38672.02902593486,1372100
2025-03-18,38952.26171875,39185.78846766337,38718.73496983663,38858.85101918465,1315700
2025-03-19,38765.4375,39045.66957831325,38391.79472891567,39045.66957831325,676100
2025-03-20,38578.62109375,38858.853208232445,38251.68362685381,38672.03179857748,859000
2025-03-21,38578.62109375,38672.03179857748,38251.68362685381,38578.62109375,1180400
2025-03-24,38531.9140625,38718.73546401515,38204.97660984848,38578.61941287879,617200
2025-03-25,38251.68359375,38765.44246985653,38204.97824137668,38765.44246985653,1756600
2025-03-26,38438.50390625,38765.44136353281,38298.3878531288,38391.7985552096,792100
2025-03-27,38251.68359375,38578.62106036325,38111.56753663004,38438.505003243285,792100
2025-03-28,37177.4609375,38251.68405504083,37177.4609375,38111.56799623116,1649600
2025-03-31,36943.93359375,37037.344298158976,36476.88007170512,36990.63894595449,1019000
2025-04-01,37644.51171875,37644.51171875,37084.047524426176,37224.163573007136,565000
2025-04-02,37551.1015625,37737.92296330845,37364.28016169154,37737.92296330845,349700
2025-04-03,34935.6015625,36616.99415106952,34935.6015625,35682.887157419784,2805800
2025-04-04,33347.62109375,33347.62109375,32506.92476365546,32506.92476365546,4400600
2025-04-08,31059.05859375,32600.3351856203,31059.05859375,31245.87999882519,1900200
2025-04-09,28910.61328125,30918.943444567853,28910.61328125,28910.61328125,2654100
2025-04-10,30918.943359375,30918.943359375,30918.943359375,30918.943359375,41400
2025-04-11,33020.6796875,33067.38503359265,31245.87653597949,33067.38503359265,3676400
2025-04-14,32553.62890625,33020.68240562231,32133.28075681492,32973.97705568508,1580500
2025-04-15,31385.99609375,32460.21917433965,31385.99609375,32226.69241768973,1652500
2025-04-16,30825.53125,31853.048958333333,30825.53125,31385.995454545457,1204700
2025-04-17,31619.521484375,31666.226833687226,30592.00379950609,30778.825196754984,801800
2025-04-18,31759.638671875,32179.986830767462,31759.638671875,31993.165426815256,607000
2025-04-21,31572.81640625,31993.16455367049,31292.584307969675,31759.63780510355,417900
2025-04-22,30918.943359375,31572.81829446752,29377.66672665691,31572.81829446752,1192700
2025-04-23,31245.87890625,31572.81635369955,30965.646808436097,31479.40565442825,794900
2025-04-24,31432.701171875,31993.16538296341,31385.995820950968,31385.995820950968,934400
2025-04-25,31993.166015625,32179.98742301551,31432.701793453467,31479.40714530109,1458100
2025-04-28,31572.81640625,31993.16455367049,31432.70035710984,31993.16455367049,607800
2025-04-29,31666.228515625,31759.63921921092,31572.817812039088,31572.817812039088,356900
2025-04-30,31666.228515625,31666.228515625,31666.228515625,31666.228515625,0
2025-05-01,31666.228515625,31666.228515625,31666.228515625,31666.228515625,0
2025-05-02,31666.228515625,31666.228515625,31666.228515625,31666.228515625,0
2025-05-05,31666.228515625,31666.228515625,31666.228515625,31666.228515625,0
2025-05-06,31432.701171875,31526.11187372307,31012.35301355869,31526.11187372307,657900
2025-05-07,31666.228515625,32320.1034407264,31479.40710845317,31666.228515625,1536800
2025-05-08,31292.583984375,31572.816079757464,30825.53049207089,30825.53049207089,2037600
2025-05-09,33347.62109375,33441.031797093834,31012.353510154066,31012.353510154066,4048300
2025-05-12,33347.62109375,33347.62109375,33347.62109375,33347.62109375,0
2025-05-13,33160.80078125,33347.622194102114,32833.8633087588,32833.8633087588,1724800
2025-05-14,33207.50390625,33627.85205696202,33207.50390625,33627.85205696202,1535800
2025-05-15,33347.62109375,33861.3799621411,33254.21039040616,33347.62109375,2599300
2025-05-16,33207.50390625,33581.14670688291,33067.387856012654,33347.61995648734,1228900
2025-05-19,32787.15625,33394.32581018519,32740.450899216525,33347.62045940171,1050100
2025-05-20,32787.15625,33394.32581018519,32740.450899216525,33347.62045940171,1050100
2025-05-21,32506.92578125,32833.86325318786,32460.220428116023,32787.157900053884,847600
2025-05-22,32973.9765625,33254.20865793201,32553.628419351982,32647.03911782932,907400
2025-05-23,32506.92578125,32973.9793125898,32366.80972184806,32973.9793125898,813800
2025-05-26,32413.513671875,32506.924374099424,31152.46919184528,31993.165511865096,1114500
2025-05-27,32413.513671875,32506.924374099424,31152.46919184528,31993.165511865096,1114500
2025-05-28,32460.216796875,32833.85958014838,32366.806101056656,32553.627492693344,1033800
2025-05-29,33160.80078125,33721.265019806335,32740.452602332745,32740.452602332745,1771500
2025-05-30,32600.333984375,33207.50352849659,32506.92328527937,33207.50352849659,1258000
2025-06-02,33254.20703125,33254.20703125,32413.51078607795,32600.33217389396,1837700
2025-06-03,33254.20703125,33254.20703125,32413.51078607795,32600.33217389396,1837700
2025-06-04,33300.91796875,33487.73938792953,33254.21261395512,33394.32867833976,1206000
2025-06-05,33674.5546875,34328.42953580097,33394.32260965672,33441.02795596394,2128200
2025-06-06,33721.265625,34094.908457409976,33581.149562846265,34048.20310335873,1411300
2025-06-09,34561.9609375,34982.30911106419,34141.61276393581,34982.30911106419,1998700
2025-06-10,35720.4609375,36154.898975929056,35286.022899070944,36154.898975929056,1998700
2025-06-11,34272.3359375,34561.96131161972,34079.252354753524,34561.96131161972,651600
2025-06-12,33741.35546875,34272.335311605864,33741.35546875,34272.335311605864,897800
2025-06-13,34030.98046875,34465.41851728723,33982.709574468085,34224.06404587766,600800
2025-06-16,38906.33984375,38906.33984375,37313.40037123914,38616.71448511166,5736900
2025-06-17,38906.33984375,38906.33984375,37313.40037123914,38616.71448511166,5736900
2025-06-18,37699.56640625,38954.60959006882,37603.02462287932,38954.60959006882,2712900
2025-06-19,37651.296875,38809.798317307694,37651.296875,38616.71474358974,2508200
2025-06-20,38182.27734375,38520.1736034292,36927.23409351296,37796.11018983091,2533800
2025-06-23,38809.796875,40402.73629897388,38616.71330845771,40402.73629897388,3038400
2025-06-24,38809.796875,40402.73629897388,38616.71330845771,40402.73629897388,3038400
2025-06-25,36734.1484375,37554.75359313403,36492.793979960574,36492.793979960574,2964800
2025-06-26,36010.0859375,37072.04557640751,35817.002366789544,36685.8784349866,1860000
2025-06-27,35768.73046875,36396.25205592105,35575.6469034666,36010.08492535425,1507600
2025-06-30,35961.81640625,36203.17087877517,35720.46193372483,36010.08730075503,930200
2025-07-01,35961.81640625,36203.17087877517,35720.46193372483,36010.08730075503,930200
2025-07-02,35623.91796875,35961.814209646,35623.91796875,35961.814209646,1078100
2025-07-03,35672.19140625,35817.00409125508,35575.64961624662,35623.92051124831,678300
2025-07-04,35720.4609375,36106.62808277027,35720.4609375,35913.544510135136,781500
2025-07-07,35817.00390625,36010.087485259435,35720.46211674528,35961.81659050708,984200
2025-07-08,35817.00390625,36010.087485259435,35720.46211674528,35961.81659050708,984200
2025-07-09,36010.0859375,36058.35683017762,35817.002366789544,35817.002366789544,1229900
2025-07-10,36154.8984375,36541.06557701936,36058.35665262016,36203.16932993992,1348500
2025-07-11,36589.3359375,37023.77396314314,36154.89791185686,36203.168803594985,1682800
2025-07-14,36203.16796875,36589.33509375,36010.084406250004,36589.33509375,1239200
2025-07-15,36203.16796875,36589.33509375,36010.084406250004,36589.33509375,1239200
2025-07-16,36010.0859375,36396.25307892091,36010.0859375,36203.169508210456,1511400
2025-07-17,35961.81640625,36203.17087877517,35768.73282822986,36010.08730075503,1734200
2025-07-18,35817.00390625,36058.35838001179,35768.73301149764,35961.81659050708,1791300
2025-07-21,35817.00390625,36299.712853773584,35817.00390625,36251.44195902123,1174400
2025-07-22,35817.00390625,36299.712853773584,35817.00390625,36251.44195902123,1174400
2025-07-23,35865.2734375,35865.2734375,35623.91897291386,35817.00254458277,1523400
2025-07-24,35961.81640625,36203.17087877517,35720.46193372483,35961.81640625,2046600
2025-07-25,36782.421875,36878.96366469816,36010.0875574147,36058.358452263776,4400700
2025-07-28,36541.06640625,36878.96266099736,36396.25372564399,36830.69176746202,3965000
2025-07-29,36541.06640625,36878.96266099736,36396.25372564399,36830.69176746202,3965000
2025-07-30,35237.75390625,37168.58973672945,35237.75390625,36589.338987585616,7470400
2025-07-31,35044.66796875,35720.46046401515,34948.12618371212,35720.46046401515,3099700
2025-08-01,34996.3984375,35817.003642241376,34899.8566487069,35334.29469827586,2104500
2025-08-04,35334.29296875,35575.64742891906,34755.04226434426,35044.66761654713,2611700
2025-08-05,35334.29296875,35575.64742891906,34755.04226434426,35044.66761654713,2611700
2025-08-06,35334.29296875,35817.00188908811,34948.125832479505,35623.91832095287,3923500
2025-08-07,36154.8984375,36299.71111481976,35430.8350509012,35527.37683578104,2980400
2025-08-08,35817.00390625,36251.44195902123,35720.46211674528,36203.17106426887,2324500
2025-08-11,36637.609375,37168.58922101449,36347.98400444664,36927.23474555336,2344600
2025-08-12,36637.609375,37168.58922101449,36347.98400444664,36927.23474555336,2344600
2025-08-13,37168.5859375,37506.48217329546,36347.980793425326,36685.87702922079,4940600
2025-08-14,36685.87890625,37603.02587890625,36203.16997327303,37313.40051912007,3546500
2025-08-15,36589.3359375,37072.044854881264,36251.43969533312,37072.044854881264,2328900
2025-08-18,37458.21484375,37989.19469333924,37120.31857582957,37844.38200708763,3223300
2025-08-19,37458.21484375,37989.19469333924,37120.31857582957,37844.38200708763,3223300
2025-08-20,37023.7734375,37940.920367503255,37023.7734375,37458.21145697523,4029200
2025-08-21,35720.4609375,37023.77505278716,35382.56468538851,36975.50415962838,4907300
2025-08-22,35623.91796875,36106.62688431572,35430.83440252371,35720.45975186314,2486700
2025-08-25,34610.23046875,35237.75208115412,34513.68868222629,34851.58493505928,2063900
2025-08-26,34610.23046875,35237.75208115412,34513.68868222629,34851.58493505928,2063900
2025-08-27,35092.9375,35141.2083906465,34658.49948418157,34755.04126547455,1245400
2025-08-28,35141.2109375,35575.648984804255,34899.85646677541,35092.94004335508,1392400
2025-08-29,34899.85546875,35527.3770746888,34851.58457598548,35189.48082533714,1883600
2025-09-01,34899.85546875,34899.85546875,34899.85546875,34899.85546875,0
2025-09-02,34899.85546875,34899.85546875,34899.85546875,34899.85546875,0
2025-09-03,35286.0234375,35672.190588662794,35044.66896802326,35141.210755813954,1410600
2025-09-04,35286.0234375,35672.190588662794,35044.66896802326,35141.210755813954,1410600
2025-09-05,35382.56640625,35720.46267479536,35237.75371973056,35334.29551074352,1443500
2025-09-08,34272.3359375,35334.29564260563,34272.3359375,35237.753851232395,3117400
2025-09-09,34272.3359375,35334.29564260563,34272.3359375,35237.753851232395,3117400
2025-09-10,34224.0625,34465.416960507755,33934.437147390694,34320.6042842031,1657600
2025-09-11,34175.79296875,34610.23101496292,34030.98028667903,34368.87654484463,951800
2025-09-12,34127.51953125,34465.415764232675,33644.810626989034,34368.87398338048,2030600
2025-09-15,34513.6875,34803.31284965035,34368.874825174826,34755.041958041955,1254400
2025-09-16,34513.6875,34803.31284965035,34368.874825174826,34755.041958041955,1254400
2025-09-17,34706.7734375,35044.66970184284,34561.96075278164,34755.04433240612,2344000
2025-09-18,34851.5859375,35382.56577865305,34755.04414819944,34899.856832150275,1910400
2025-09-19,34368.875,34899.854810393255,34320.604108146064,34851.58391853933,1609700
2025-09-22,33644.8125,34320.6050035868,33644.8125,34175.79232424677,1866700
2025-09-23,33644.8125,34320.6050035868,33644.8125,34175.79232424677,1866700
2025-09-24,33548.26953125,33982.70755395683,33548.26953125,33789.62398830935,1169300
2025-09-25,33789.625,33837.895892857145,33403.45785714286,33596.54142857143,1194300
2025-09-26,33837.89453125,34079.24898582382,33837.89453125,33934.436313079525,1032600
2025-09-29,33548.26953125,34079.24933678057,33451.72774842626,33982.70755395683,1020300
2025-09-30,33548.26953125,34079.24933678057,33451.72774842626,33982.70755395683,1020300
2025-10-01,33017.2890625,33596.539747807015,32824.205500731,33548.26885736477,1610600
2025-10-02,32969.01953125,33258.64488584371,32969.01953125,33017.29042368229,696000
2025-10-03,32824.20703125,33162.1032801011,32824.20703125,32969.01970932904,1039500
2025-10-06,32969.01953125,32969.01953125,32534.581499359443,32824.20685395315,921500
2025-10-07,32969.01953125,32969.01953125,32534.581499359443,32824.20685395315,921500
2025-10-08,32727.666015625,33162.1040600802,32727.666015625,33113.83316625184,891600
2025-10-09,32775.9375,33210.37555228277,32727.666605301914,33113.8337628866,1039400
2025-10-10,32920.75,33210.375366568915,32679.39552785924,32824.2082111437,1216800
2025-10-13,32872.4765625,32872.4765625,32389.76765556167,32534.58032764317,1238600
2025-10-14,32872.4765625,32872.4765625,32389.76765556167,32534.58032764317,1238600
2025-10-15,32438.041015625,33113.83353678385,32341.49922688802,32872.479064941406,1916500
2025-10-16,32534.58203125,32727.66560413576,32389.769351585684,32438.04024480712,1660100
2025-10-17,32534.58203125,32727.66560413576,32244.956671921365,32534.58203125,1735700
2025-10-20,31569.1640625,32341.498351490827,31376.08049025229,32341.498351490827,2222300
2025-10-21,31569.1640625,32341.498351490827,31376.08049025229,32341.498351490827,2222300
2025-10-22,32196.685546875,32341.498225496627,31665.70572526237,31665.70572526237,1522900
2025-10-23,33065.5625,33306.91697080292,32244.95729927008,32341.49908759124,2047700
2025-10-24,33065.5625,33741.35501824818,33065.5625,33403.45875912409,1270200
2025-10-27,32969.01953125,33596.541132869694,32969.01953125,33596.541132869694,776900
2025-10-28,32969.01953125,33596.541132869694,32969.01953125,33596.541132869694,776900
2025-10-29,32872.4765625,33113.83101596916,32679.392999724667,32969.01834388766,641700
2025-10-30,33306.91796875,33306.91796875,32824.20901268116,32920.75080389492,1345200
2025-10-31,33355.1875,33596.541968162084,33210.37481910275,33403.45839363242,793900
2025-11-03,33113.83203125,33789.62452168368,33113.83203125,33789.62452168368,1161500
2025-11-04,33017.2890625,33306.91440515351,32582.851048519737,33017.2890625,1942900
2025-11-05,33017.2890625,33306.91440515351,32582.851048519737,33017.2890625,1942900
2025-11-06,33548.26953125,34175.79111960431,33499.99863983813,34079.24933678057,2001900
2025-11-07,32824.20703125,33789.624885110294,32824.20703125,33596.54131433823,2556500
2025-11-10,32727.666015625,33210.374953908555,32727.666015625,32969.02048476678,1622400
2025-11-11,32582.853515625,32920.74977430556,32534.582621527778,32775.93709201389,1320500
2025-11-12,32872.4765625,32872.4765625,32582.851218337004,32824.205671806165,1081700
2025-11-13,33306.91796875,33837.89782042572,32824.20901268116,32872.47990828804,2597000
2025-11-14,33306.91796875,33644.81423799819,33210.37617753623,33355.18886435688,1409500
2025-11-17,33500.0,33500.0,33210.37463976945,33355.187319884724,1654200
2025-11-18,33355.1875,33886.16732995659,33355.1875,33451.72928726483,2769100
2025-11-19,33500.0,33644.81268011527,33210.37463976945,33355.187319884724,1997700
2025-11-20,33210.375,33644.81304505814,33113.833212209305,33548.27125726744,1406200
2025-11-21,32775.9375,33162.104657584685,32631.124815905743,33065.562868188514,2146100
2025-11-24,32679.39453125,32920.74899603028,32582.852745337885,32727.66542420605,806300
2025-11-25,32341.498046875,32775.936080340485,32293.227154267723,32679.39429512593,1547200
2025-11-26,32679.39453125,32872.47810307422,32389.76917351366,32389.76917351366,592900
2025-11-27,32824.20703125,32920.74881663603,32534.58167509191,32679.39435317096,684000
2025-11-28,32727.666015625,32872.47869711006,32534.582440311577,32824.20780328171,913400
2025-12-01,33258.64453125,33306.91542316764,32727.664720156023,32727.664720156023,1418900
2025-12-02,33644.8125,33693.083393113346,33017.29088952654,33210.37446197992,1938700
2025-12-03,33403.45703125,34127.52040620484,33355.186139586345,33982.70773121387,1597900
2025-12-04,33403.45703125,34127.52040620484,33355.186139586345,33982.70773121387,1597900
2025-12-05,33210.375,33741.35483284884,33113.833212209305,33741.35483284884,1113500
2025-12-08,34803.3125,35044.6669556172,33210.37309292649,33258.64398404993,3941600
2025-12-09,33789.625,34561.959285714285,33693.08321428571,34561.959285714285,1603100
2025-12-10,33403.45703125,33886.16594788656,33306.91524792269,33886.16594788656,1073800
2025-12-11,33210.375,33596.542151162794,33162.10410610465,33500.00036337209,898200
2025-12-12,32534.58203125,33258.64542957159,32341.498458364244,33210.37453635015,1618800
2025-12-15,32727.666015625,32727.666015625,32438.040652654865,32679.39512179664,629200
2025-12-16,33210.375,33355.187681686046,32148.415334302324,32824.207848837206,1592700
2025-12-17,33451.73046875,34368.877480158735,33113.83420138889,33113.83420138889,3253800
2025-12-18,33451.73046875,34368.877480158735,33113.83420138889,33113.83420138889,3253800
2025-12-19,33644.8125,33982.7087517934,33451.72892754663,33596.54160688666,1086500
2025-12-22,34079.25,34079.25,33693.0828611898,33693.0828611898,1460400
2025-12-23,34368.875,34851.58391853933,33693.082514044945,34224.0623244382,3530800
2025-12-24,33934.4375,34417.14642603129,33934.4375,34320.60464082503,1058800
2025-12-25,33934.4375,34417.14642603129,33934.4375,34320.60464082503,1058800
2025-12-26,34320.60546875,34320.60546875,33500.000274701124,33837.89653107419,1963300
2025-12-29,35237.75390625,35720.46286386986,34368.87778253425,34465.419574058214,5305400
2025-12-30,34513.6875,35334.29265734266,34465.416608391606,35334.29265734266,1525900
2025-12-31,34079.25,35044.66784702549,34079.25,34706.77160056657,1541000
2026-01-01,34079.25,34079.25,34079.25,34079.25,0
2026-01-02,34079.25,34079.25,34079.25,34079.25,0
2026-01-05,35044.66796875,35720.46046401515,34127.52101089015,34658.50082859849,6072100
2026-01-06,37409.94140625,37458.2122983871,35044.66769153226,35092.938583669355,13251500
2026-01-07,40016.5703125,40016.5703125,37506.48387552775,38037.463698733416,15146400
2026-01-08,40064.83984375,42478.3844126506,38616.71310240964,42478.3844126506,12736300
2026-01-09,41512.96875,42478.38662790698,40064.841933139534,40257.92550872093,8135100
2026-01-12,40933.71875,43974.78511939858,40113.1135392099,42478.387382075474,9725000
2026-01-13,43781.69921875,43781.69921875,40837.17479499724,40933.71657938258,9964700
2026-01-14,46822.765625,46822.765625,45374.63885309279,45953.88956185567,15641100
2026-01-15,50008.64453125,50008.64453125,45374.63886040058,46436.59849330357,15407000
2026-01-16,50201.73046875,53484.15130709134,48270.89468149038,50201.73046875,14325800
2026-01-19,53677.234375,53677.234375,49719.02104878597,50974.06429856115,11820900
2026-01-20,56959.65234375,57345.8194782839,55511.52558924788,56380.40164194915,11931600
2026-01-21,57056.1953125,58504.32209708122,53484.14924386633,55801.15209919628,12501000
2026-01-22,54546.109375,59083.57334070796,54353.02580199115,57925.07190265487,9461200
2026-01-23,52711.81640625,55318.44469007555,51167.14779361264,54449.56859546703,12328300
2026-01-26,55028.81640625,56380.40137061404,52325.64647752193,52422.18826069079,14211800
2026-01-27,58793.94921875,58793.94921875,54546.110523142444,55994.23735119047,13432600
2026-01-28,56863.11328125,62559.07878820034,55221.902880942274,61014.41017614601,15553600
2026-01-29,55704.609375,56766.56899913345,54449.56618284229,56187.31829506066,10120500
2026-01-30,56863.11328125,57442.364010770376,55704.611822209255,56380.40433998303,6913800
2026-02-02,58793.94921875,58793.94921875,54835.73588875205,55318.444831434725,10121500
2026-02-03,57925.0703125,60531.698476562495,57442.36139322916,58407.77923177083,8365200
2026-02-04,57925.0703125,59180.11350260417,56670.02712239583,57925.0703125,5519900
2026-02-05,55414.984375,58600.863267639375,55414.984375,57925.07077526132,7237200
2026-02-06,55028.81640625,57538.90276864035,52422.18826069079,54546.1074904057,10233300
2026-02-09,55318.4453125,56187.32141688481,54546.11099749127,55511.52889125218,2437900
2026-02-10,51456.7734375,56380.40466697936,51456.7734375,55608.0703564728,11387800
2026-02-11,49912.1015625,51746.39543036751,48753.60017226789,50201.72691005802,7516800
2026-02-12,49912.1015625,51456.77008280948,49815.55977998066,50780.97760517408,2640700
2026-02-13,50201.73046875,50877.52299429086,48946.687207031246,49815.56331129808,3678600
2026-02-16,50201.73046875,50201.73046875,50201.73046875,50201.73046875,0
2026-02-17,50201.73046875,50201.73046875,50201.73046875,50201.73046875,0
2026-02-18,50201.73046875,50201.73046875,50201.73046875,50201.73046875,0
2026-02-19,50201.73046875,50201.73046875,50201.73046875,50201.73046875,0
2026-02-20,50201.73046875,50201.73046875,50201.73046875,50201.73046875,0
2026-02-23,53677.234375,53677.234375,51456.77324078237,52615.27470211331,2808000
2026-02-24,55704.609375,56476.943647097054,54739.19153487868,55511.52580697573,9898400
2026-02-25,55994.234375,57731.9864762931,55028.81654094828,55704.60902478448,9033300
2026-02-26,55511.52734375,56573.486997282605,54063.40054347826,56476.94521059783,4712800
2026-02-27,55801.15234375,59083.57306985294,55511.52698556445,56283.86127405926,6852500
2026-03-02,59662.82421875,59662.82421875,57925.07205703884,59180.11528494135,10141600
2026-03-03,59662.82421875,59662.82421875,57925.07205703884,59180.11528494135,10141600
2026-03-04,67096.5390625,67965.41510791366,63717.57666366907,65648.41232014388,11579000
2026-03-05,62462.53515625,67096.54085563176,62462.53515625,66999.99907022798,10215500
2026-03-06,59855.90625,64682.99546370968,58697.40483870968,61400.5747983871,11602800
2026-03-09,55704.609375,63621.0356639948,55704.609375,63621.0356639948,13231700
2026-03-10,51842.9375,56090.77595437616,51842.9375,53097.98067970205,8193700
2026-03-11,53291.06640625,53291.06640625,49622.47850147192,49815.56207540761,8718600
2026-03-12,50201.73046875,53291.067728365386,50201.73046875,53097.98414963942,7032400
2026-03-13,46726.22265625,52518.72959710744,46726.22265625,50201.72682076447,11908400
2026-03-16,45085.015625,46436.600675856535,43492.07610077624,46340.05888650964,10155600
2026-03-17,44071.32421875,46436.59791723713,43781.69886791484,46243.51435001369,3705400
2026-03-18,46774.49609375,47112.3923503612,43636.88799664602,43636.88799664602,6619900
2026-03-19,44409.22265625,46436.6002122962,44023.05550271739,46436.6002122962,3988500
2026-03-20,41319.8828125,44988.47053884346,41319.8828125,44988.47053884346,7430100
2026-03-23,39582.1328125,41464.69766577744,38664.98583269817,39678.67459984756,6716900
2026-03-24,38423.6328125,40644.09400518216,37168.58952967965,40547.55221419598,8805600
2026-03-25,39871.7578125,40837.175677209445,39002.8817342615,39002.8817342615,4323200
2026-03-26,38520.171875,39871.756853070176,38327.08830670426,39871.756853070176,4222400
2026-03-27,40788.90625,40933.718934911245,38616.71597633136,38809.799556213016,6104900
2026-03-30,39968.30078125,41512.96941047705,39968.30078125,40547.551517210144,5415300
2026-03-31,39002.8828125,40451.00964959777,38954.61191793007,40451.00964959777,4149100
2026-04-01,39292.5078125,40402.738377226655,39099.4242360258,39678.6749654484,4263100
2026-04-02,39002.8828125,40016.57159846844,38664.98655051052,39582.13354733911,2560600
2026-04-03,38809.796875,39920.02738261816,38809.796875,39485.58935789801,2933800
2026-04-06,37554.75390625,38809.79709591902,37554.75390625,38809.79709591902,3124000
2026-04-07,37265.12890625,38182.27586119657,37216.85801388439,37603.02515280926,1984000
2026-04-08,39099.421875,39340.77633101852,37603.02424768519,38134.00405092593,3490600
2026-04-09,38134.00390625,39099.42172666139,38134.00390625,39099.42172666139,2983000
2026-04-10,39726.9453125,40547.55050121507,38182.27672197752,38568.44386960814,5697200
2026-04-13,39292.5078125,40499.28016546376,39099.4242360258,40451.00927134521,3019000
2026-04-14,38761.52734375,39775.21610367372,38713.2564504203,39775.21610367372,2218200
2026-04-15,38423.6328125,39292.50893137563,38278.82012602073,38761.52908095164,2864800
2026-04-16,37747.83984375,38713.25774256713,37554.75626398657,38713.25774256713,3333400
2026-04-17,38568.4453125,39051.154265097,37603.027407306006,38037.465464643305,2901300
2026-04-20,38085.734375,38906.33955164765,37940.92169676806,38713.25598067173,1765400
2026-04-21,37989.19140625,38616.71299237611,37940.92051500953,38085.73318873094,1986400
2026-04-22,37651.296875,38230.54759615385,37651.296875,38230.54759615385,1910900
2026-04-23,37940.921875,38327.0890187659,36685.87865776081,37747.838303117045,3786500
2026-04-24,38327.08984375,39920.02934607211,38182.27716172072,38278.81894974024,6401800
2026-04-27,38327.08984375,38327.08984375,38327.08984375,38327.08984375,0
2026-04-28,35672.19140625,37844.38168132612,35672.19140625,36878.96378129229,6503400
2026-04-29,35865.2734375,36154.89879500336,34996.397364989905,35720.46075874832,3564100
2026-04-30,35865.2734375,35865.2734375,35865.2734375,35865.2734375,0
2026-05-01,35865.2734375,35865.2734375,35865.2734375,35865.2734375,0
2026-05-04,37361.671875,38375.36064680233,36782.42114825582,37168.5882994186,4403600
2026-05-05,37892.65234375,38327.09039609873,36492.796397292994,37313.40160728504,3878000
2026-05-06,37651.296875,38230.54759615385,37313.40062099359,37892.65134214744,3098200
2026-05-07,36396.25390625,37554.755356846814,36396.25390625,37554.755356846814,4485600
2026-05-08,36299.7109375,37023.77432056183,36203.16915309175,36782.41985954122,1959300
2026-05-11,35527.37890625,36685.88039232337,35334.29532523777,36685.88039232337,5094400
2026-05-12,36492.796875,36589.33866567461,35720.46254960317,35913.54613095238,1738800
2026-05-13,38954.609375,39002.88026641883,36203.1685641264,36492.793912639405,10796000
2026-05-14,38471.90234375,40306.19630744197,38375.36055618727,39099.42396290778,5371100
2026-05-15,40740.6328125,40885.44548837381,38037.46286285545,38037.46286285545,9229000
2026-05-18,43588.6171875,43588.6171875,41030.25981104651,41126.801598837206,11418400
2026-05-19,40547.55078125,45374.64015997024,40547.55078125,44409.22228422619,14765500
2026-05-20,42333.57421875,42381.8451129561,37844.381057582665,40499.28023891818,9839000
2026-05-21,41464.6953125,42381.84224025029,40788.90283942084,42381.84224025029,3499000
2026-05-22,40499.28125,41995.67900774732,40209.65587753277,41850.866321513706,4139200
2026-05-25,38327.08984375,39871.75845206234,38230.54805573048,39582.13308800378,5757500
2026-05-26,38616.71484375,39437.32003417968,38520.17305664063,38713.256630859374,2008600
2026-05-27,38085.734375,39244.23580085552,38085.734375,38713.25598067173,2735300
2026-05-28,38085.734375,39099.42312262357,37216.858305608366,37989.19258951205,3792300
2026-05-29,39582.1328125,40064.84174923781,37506.48438452744,38085.7351086128,4645500
2026-06-01,38375.359375,40064.84060534591,38375.359375,39582.13168238994,2158900
2026-06-02,37506.484375,39002.88207850708,37506.484375,38761.52761019948,3073400
2026-06-03,37796.109375,38471.90187978927,37506.4840158046,37506.4840158046,1384800
2026-06-04,40402.73828125,40402.73828125,38954.61146113352,39051.15324914128,6418000
2026-06-05,40547.55078125,42478.38653273809,39726.94558686756,40837.176143973214,5041000
2026-06-08,40257.92578125,41319.88545413669,40064.84220436152,40161.38399280576,3844100
2026-06-09,39099.421875,40354.465046296296,38809.79652777778,40354.465046296296,2504400
2026-06-10,38664.984375,39533.86042837079,38471.90080758427,39485.58953651685,2594400
2026-06-11,38471.90234375,39533.862006940086,38471.90234375,39195.96575047052,1687000
2026-06-12,38664.984375,39582.13132022472,38278.81724016854,38471.90080758427,2261400
2026-06-15,37168.5859375,38085.73286323052,37072.04415584416,38037.4619724026,4536400
2026-06-16,37265.12890625,37651.29604517487,36975.50355205635,37409.94158334683,1880400
2026-06-17,37313.3984375,38037.4617965718,36927.23131266171,37265.127546895215,1724200
2026-06-18,37651.296875,37892.65134214744,37265.1297275641,37361.67151442308,1549000
2026-06-19,37313.3984375,37796.10734354787,37265.127546895215,37747.83645294309,1532600
2026-06-22,37313.3984375,37940.92001536223,37313.3984375,37458.21110931436,1872100
2026-06-23,36396.25390625,37554.755356846814,36154.89943737567,37554.755356846814,4318200
2026-06-24,36492.796875,36878.96403769842,35575.64986359127,36444.5259796627,1914700
2026-06-25,35961.81640625,36492.796245805366,35720.46193372483,36444.52535130033,907100
2026-06-26,35527.37890625,36251.44233504586,35527.37890625,36106.62964928669,1716200
2026-06-29,35961.81640625,36444.52535130033,35575.64925020973,35623.920144714764,1256200
2026-06-30,35672.19140625,36299.71304127199,35623.92051124831,36010.08767126184,1153800
2026-07-01,35672.19140625,36299.71304127199,35623.92051124831,36010.08767126184,1153800
2026-07-02,35913.54296875,36154.89742418515,35817.001186575944,36154.89742418515,803400
2026-07-03,35286.0234375,36154.89952761628,35286.0234375,36154.89952761628,2066900
2026-07-06,33886.16796875,35623.92017227564,32969.0209724448,35334.29480502137,3251400
2026-07-07,33693.08203125,34368.87450752149,33355.18579311426,34030.97826938575,2616200
2026-07-08,34030.98046875,34706.77298869681,33837.89689162234,34272.33494015958,2210100
2026-07-09,34755.04296875,35527.37725694444,34465.41761067708,34561.959396701386,2889900
2026-07-10,34755.04296875,35672.1899359809,34755.04296875,35334.293684895834,2471800
2026-07-13,34320.60546875,35286.02334410162,33789.62563730661,35237.75245033404,1660600
2026-07-14,35527.37890625,36058.35875403363,34320.606524923576,34899.85726796026,3602800
2026-07-15,34803.3125,35672.18854022191,34803.3125,35672.18854022191,1498800
2026-07-16,34658.5,35286.02158774373,33306.91504178273,34851.58356545961,2072000
2026-07-17,33982.70703125,34755.04128196023,33886.165249911224,34658.49950062145,1001700
2026-07-20,33113.83203125,34610.22968863885,33113.83203125,34320.604335595846,1701400
2026-07-21,31520.892578125,33113.83201928599,30796.829195779097,32244.955960470903,3064500
2026-07-22,31617.435546875,32486.311638239506,31424.35197101622,31520.89375894561,1759600
2026-07-23,32244.95703125,32438.040606287424,31569.16451861901,31858.78988117515,1465900
2026-07-24,32631.123046875,33258.64464393029,32582.852154793825,32631.123046875,1713700
2026-07-27,31665.705078125,32582.852023985328,31665.705078125,32582.852023985328,1329000
2026-07-28,31569.1640625,32051.87299311927,30796.829773509176,30796.829773509176,1710200
2026-07-29,31810.517578125,32051.872036229135,31665.70490326252,31810.517578125,984000
2026-07-30,32679.39453125,32824.20721011817,32003.60202986521,32003.60202986521,1455300
2026-07-31,32148.4140625,33451.72814611487,32148.4140625,33451.72814611487,3143900
2026-08-03,33500.0,33789.625360230544,32679.394812680115,32679.394812680115,2576600
2026-08-04,33450.0,33900.0,33200.0,33750.0,1207400
2026-08-05,34250.0,34400.0,33100.0,33350.0,2306500
2026-08-06,33700.0,35000.0,33700.0,34400.0,1507900
2026-08-07,35950.0,36050.0,33900.0,34200.0,7027000
2026-08-10,37500.0,38000.0,35800.0,36500.0,4962500
2026-08-11,36600.0,37900.0,36500.0,37750.0,3508600
2026-08-12,36650.0,36900.0,36200.0,36650.0,2718700
2026-08-13,35600.0,36850.0,35300.0,36650.0,2349400
2026-08-14,35050.0,36200.0,34800.0,35600.0,3459500
2026-08-17,35500.0,35700.0,34750.0,35000.0,1853700
2026-08-18,37950.0,37950.0,36200.0,36300.0,5350900
2026-08-19,38100.0,39050.0,37850.0,38800.0,5382400
2026-08-20,38200.0,38650.0,37100.0,38300.0,3968200
2026-08-21,37950.0,38500.0,37450.0,38500.0,3051800
2026-08-24,38050.0,39000.0,37800.0,38400.0,5303300
2026-08-25,37500.0,38000.0,37000.0,37750.0,3605600
2026-08-26,37400.0,38800.0,37350.0,37400.0,5518700
2026-08-27,36400.0,37450.0,36200.0,37400.0,6882300
2026-08-28,36250.0,36900.0,36250.0,36500.0,4810100
2026-08-31,36250.0,36250.0,36250.0,36250.0,0
2026-09-01,36250.0,36250.0,36250.0,36250.0,0
2026-09-02,36250.0,36250.0,36250.0,36250.0,0
2026-09-03,36200.0,37200.0,36200.0,36900.0,4866596
