Price,Close,High,Low,Open,Volume
Ticker,POW.VN,POW.VN,POW.VN,POW.VN,POW.VN
Date,,,,,
2019-01-14,12525.4287109375,12686.010340786332,12284.554400020965,12605.719525861918,5964696
2019-01-15,12605.7197265625,12686.010542765258,12324.70000370953,12565.57431846112,2581716
2019-01-16,12525.4287109375,12605.719525861918,12485.282370403647,12605.719525861918,2550467
2019-01-17,12525.4287109375,12605.719525861918,12404.991555479231,12485.282370403647,2515207
2019-01-18,12204.263671875,12485.282459180287,12204.263671875,12445.137051432625,1724048
2019-01-21,12324.7001953125,12485.282763286134,11883.098833188764,12204.263969136033,2162456
2019-01-22,12445.13671875,12485.282125424495,12324.69956565488,12324.69956565488,2104086
2019-01-23,12445.13671875,12445.13671875,12324.69956565488,12445.13671875,1162915
2019-01-24,12364.8466796875,12445.137498064303,12324.700337427414,12364.8466796875,615360
2019-01-25,12364.8466796875,12364.8466796875,12284.55492823901,12364.8466796875,517888
2019-01-28,12645.865234375,12726.156984282508,12364.846442377888,12364.846442377888,3647207
2019-01-29,13087.466796875,13167.758548032574,12565.574613173329,12686.01084030217,5926473
2019-01-30,13488.923828125,13930.525198376668,13087.46693426603,13087.46693426603,8987998
2019-01-31,13207.9033203125,13609.359257530838,13167.757913204994,13488.923036208318,2811232
2019-02-01,13288.1953125,13408.631536042154,13127.612748038808,13127.612748038808,1926848
2019-02-04,13288.1953125,13288.1953125,13288.1953125,13288.1953125,0
2019-02-05,13288.1953125,13288.1953125,13288.1953125,13288.1953125,0
2019-02-06,13288.1953125,13288.1953125,13288.1953125,13288.1953125,0
2019-02-07,13288.1953125,13288.1953125,13288.1953125,13288.1953125,0
2019-02-08,13288.1953125,13288.1953125,13288.1953125,13288.1953125,0
2019-02-11,13609.359375,13729.796530433709,13368.485997204229,13368.485997204229,4465332
2019-02-12,13569.2138671875,13649.50468150171,13529.068460030396,13649.50468150171,3196946
2019-02-13,13529.068359375,13569.213766233424,13408.631205728094,13569.213766233424,4660170
2019-02-14,13529.068359375,13810.087140455606,13408.631205728094,13488.922952516574,6056981
2019-02-15,13448.77734375,13649.505322026642,13448.77734375,13609.359912985648,3636592
2019-02-18,13448.77734375,13448.77734375,13448.77734375,13448.77734375,0
2019-02-19,13609.359375,14131.25247111721,13569.213967545978,14050.961656209169,4405510
2019-02-20,13288.1953125,13649.504916198111,13288.1953125,13569.214100503345,4035635
2019-02-21,13207.9033203125,13488.923036208318,13127.612506097488,13248.048727420008,5399018
2019-02-22,13007.17578125,13288.195506426162,12806.447806012027,13207.903756487973,6399748
2019-02-25,13167.7578125,13248.04862610096,13007.175252226449,13007.175252226449,2253229
2019-02-26,13047.3212890625,13207.90385709034,12967.030471584414,13167.7584483513,1994380
2019-02-27,13167.7578125,13248.04862610096,13047.32065902693,13047.32065902693,1625052
2019-02-28,12926.884765625,13207.903553408663,12926.884765625,13207.903553408663,2013539
2019-03-01,13408.6318359375,13408.6318359375,12886.738723033965,12926.885064850909,3098557
2019-03-04,13207.9033203125,13609.359257530838,13207.9033203125,13488.923036208318,2409654
2019-03-05,13488.923828125,13729.797217983029,13207.90409573089,13328.341257195749,4650055
2019-03-06,13529.068359375,13689.65091988033,13368.48579886967,13569.213766233424,2878562
2019-03-07,13609.359375,13649.504782454022,13408.631404658248,13569.213967545978,2349143
2019-03-08,13609.359375,13609.359375,13609.359375,13609.359375,0
2019-03-11,13127.61328125,13408.632080667634,12967.03071026634,13408.632080667634,3142266
2019-03-12,13127.61328125,13408.632080667634,13007.176119744334,13288.195852233655,3664962
2019-03-13,13248.048828125,13448.776798260002,13248.048828125,13408.63139084733,3230992
2019-03-14,13328.3408203125,13328.3408203125,13207.903662795392,13288.195412164016,1725202
2019-03-15,13087.466796875,13328.341117276042,13087.466796875,13328.341117276042,1955765
2019-03-18,12686.0107421875,13087.466695655436,12525.429107257663,13087.466695655436,6776228
2019-03-19,12485.2822265625,12926.884502774086,12445.1368195628,12686.010194632629,3147300
2019-03-20,12726.1572265625,12967.030614727428,12244.409517160962,12485.28290532589,5546125
2019-03-21,12284.5546875,12846.593204338486,12284.5546875,12806.447795936809,2573779
2019-03-22,12445.13671875,12565.57387184512,12284.554158980383,12284.554158980383,2631661
2019-03-25,11963.390625,12244.409420119968,11923.244283064285,12123.972260456168,3798277
2019-03-26,11923.244140625,12164.118457075032,11883.098732240547,12164.118457075032,1831897
2019-03-27,12364.8466796875,12485.282907252707,12043.68154003691,12043.68154003691,3627060
2019-03-28,12244.4091796875,12364.846336986386,12244.4091796875,12324.699995838986,544746
2019-03-29,12164.1181640625,12404.991541638645,12164.1181640625,12364.846134221229,828906
2019-04-01,12284.5546875,12284.5546875,12083.826712419945,12204.263870696645,1669772
2019-04-02,12284.5546875,12485.282662580054,12284.5546875,12445.137254178377,2495025
2019-04-03,12284.5546875,12324.700095901677,12204.263870696645,12324.700095901677,699612
2019-04-04,12244.4091796875,12404.991745062129,12244.4091796875,12364.846336986386,1556877
2019-04-05,12364.8466796875,12485.282907252707,12244.409519050609,12364.8466796875,1961346
2019-04-08,12485.2822265625,12525.428566633833,12364.846005563402,12404.991412563102,2811303
2019-04-09,12244.4091796875,12565.574310436754,12244.4091796875,12565.574310436754,1189000
2019-04-10,12083.826171875,12244.408731370047,12043.680765269142,12244.408731370047,1659895
2019-04-11,12083.826171875,12164.117918158336,12043.680765269142,12123.971578480856,810497
2019-04-12,12164.1181640625,12164.1181640625,12003.53560132119,12043.681008738606,715094
2019-04-15,12164.1181640625,12164.1181640625,12164.1181640625,12164.1181640625,0
2019-04-16,12043.681640625,12083.827050148697,11963.390821577612,12083.827050148697,799644
2019-04-17,11762.662109375,12123.971705690332,11762.662109375,12123.971705690332,1320138
2019-04-18,11561.9345703125,12003.535930144546,11481.642820206522,11762.662545969944,2138787
2019-04-19,11321.0595703125,11722.51549741627,11200.623352024337,11561.93387303205,3464958
2019-04-22,11441.4970703125,11521.787884951196,11240.769100644122,11321.059915282816,766443
2019-04-23,11361.205078125,11642.224789456564,11240.768858758574,11401.351417652097,1886792
2019-04-24,11642.2255859375,11642.2255859375,11321.060446178552,11401.35219765413,1328837
2019-04-25,11521.7880859375,11642.225243068093,11441.49726989821,11642.225243068093,604317
2019-04-26,11883.0986328125,11883.0986328125,11361.205528966424,11401.351870086628,1339737
2019-04-29,11883.0986328125,11883.0986328125,11883.0986328125,11883.0986328125,0
2019-04-30,11883.0986328125,11883.0986328125,11883.0986328125,11883.0986328125,0
2019-05-01,11883.0986328125,11883.0986328125,11883.0986328125,11883.0986328125,0
2019-05-02,11762.662109375,11923.24373748331,11722.515769276288,11883.098330456232,882956
2019-05-03,11722.515625,11802.807371137587,11682.370218467016,11762.661964604606,652810
2019-05-06,11441.4970703125,11561.934225342184,11321.059915282816,11401.351662993153,856216
2019-05-07,11160.4775390625,11521.78807710566,11160.4775390625,11441.497261127915,2062781
2019-05-08,10999.8955078125,11240.768880073723,10959.74916820928,11160.4771339389,2178771
2019-05-09,10839.3134765625,11160.477677529796,10678.73090954302,11120.332269042843,3379469
2019-05-10,10919.6044921875,10959.749901404786,10718.876513029392,10959.749901404786,1797078
2019-05-13,11441.4970703125,11481.642477631847,11080.186538295093,11080.186538295093,2457754
2019-05-14,12204.263671875,12204.263671875,11561.93434869745,11561.93434869745,6619053
2019-05-15,12445.13671875,12806.447244963732,12404.991312075505,12645.864685194116,4818381
2019-05-16,12204.263671875,12525.4287999996,12204.263671875,12364.8462359373,2565330
2019-05-17,12404.9921875,12565.574758601984,12244.409616398018,12284.55502590559,3588932
2019-05-20,12445.13671875,12525.42846517062,12364.845905401004,12445.13671875,2618928
2019-05-21,12364.8466796875,12525.429249512794,12324.700337427414,12445.137498064303,2493228
2019-05-22,12404.9921875,12645.865577617127,12364.846777992429,12404.9921875,3176002
2019-05-23,12445.13671875,12445.13671875,12284.554158980383,12324.69956565488,1294160
2019-05-24,12605.7197265625,12686.010542765258,12284.55459560815,12445.137161085326,3440242
2019-05-27,12686.0107421875,12806.447901456551,12605.719924722582,12686.0107421875,2749411
2019-05-28,12846.5927734375,13007.17533472961,12686.010212145393,12846.5927734375,6205945
2019-05-29,12605.7197265625,12766.302292039674,12605.7197265625,12686.010542765258,2315002
2019-05-30,12605.7197265625,12686.010542765258,12565.57431846112,12686.010542765258,1216120
2019-05-31,12244.4091796875,12605.719718512495,12244.4091796875,12605.719718512495,2063305
2019-06-03,12204.263671875,12364.8462359373,11963.390292317375,12164.118264127335,1407627
2019-06-04,12445.13671875,12525.42846517062,12204.263345631389,12204.263345631389,1020187
2019-06-05,12525.4287109375,12565.574118399709,12445.13696294144,12525.4287109375,1703925
2019-06-06,12645.865234375,12645.865234375,12445.13725921373,12525.429009121235,1741327
2019-06-07,12886.73828125,12926.884621690644,12726.156651773988,12726.156651773988,3827206
2019-06-10,12926.884765625,13167.758145592665,12886.738424737345,13087.466396889007,3476644
2019-06-11,12726.1572265625,12967.030614727428,12686.01088430861,12926.88520554522,1571145
2019-06-12,12645.865234375,12726.156984282508,12565.574417539156,12726.156984282508,2287977
2019-06-13,12525.4287109375,12645.864933324125,12404.991555479231,12645.864933324125,1564909
2019-06-14,12525.4287109375,12645.864933324125,12364.846148017024,12364.846148017024,618811
2019-06-17,12806.447265625,12846.592672364266,12605.71929885704,12806.447265625,4328839
2019-06-18,12686.0107421875,12886.73871892147,12645.865333455042,12846.59331018901,3745822
2019-06-19,12565.57421875,12766.302190735723,12565.57421875,12766.302190735723,2139013
2019-06-20,12445.13671875,12565.57387184512,12404.991312075505,12525.42846517062,1448777
2019-06-21,12364.8466796875,12605.7200678896,12284.55492823901,12525.429249512794,39682132
2019-06-24,11923.244140625,12364.846432068947,11883.098732240547,12364.846432068947,3475264
2019-06-25,11923.244140625,12204.263865459485,11842.9533238561,11923.244140625,2438797
2019-06-26,11883.0986328125,12043.681198078342,11883.0986328125,11923.244040861046,1049675
2019-06-27,11602.080078125,11923.244282082564,11561.934669264265,11883.098873221828,1353291
2019-06-28,12204.263671875,12204.263671875,11521.788007878138,11602.079756445111,3225387
2019-07-01,12043.681640625,12123.97245967239,11963.390821577612,12043.681640625,1113007
2019-07-02,11883.0986328125,12043.681198078342,11642.225251449565,12043.681198078342,422485
2019-07-03,11842.953125,11923.24394042073,11722.515968797255,11802.807717289636,588633
2019-07-04,11842.953125,11842.953125,11842.953125,11842.953125,0
2019-07-05,11842.953125,11842.953125,11842.953125,11842.953125,0
2019-07-08,11842.953125,11842.953125,11842.953125,11842.953125,0
2019-07-09,11842.953125,11842.953125,11842.953125,11842.953125,0
2019-07-10,11842.953125,11842.953125,11842.953125,11842.953125,0
2019-07-11,11842.953125,11842.953125,11842.953125,11842.953125,0
2019-07-12,11842.953125,11842.953125,11842.953125,11842.953125,0
2019-07-15,11802.8076171875,11963.390179738675,11802.8076171875,11842.953024557384,488792
2019-07-16,11722.515625,11883.098184203554,11722.515625,11802.807371137587,1240301
2019-07-17,11682.3701171875,11722.515523372444,11602.07930481761,11722.515523372444,762314
2019-07-18,11521.7880859375,11682.370651087736,11481.642677917856,11682.370651087736,1054780
2019-07-19,11280.9150390625,11642.225588090205,11240.769629853128,11561.93476967146,1639796
2019-07-22,11240.76953125,11561.9346682511,11160.477780463889,11321.060348964436,1794032
2019-07-23,11321.0595703125,11361.204976408557,11200.623352024337,11240.76875812039,796026
2019-07-24,11280.9150390625,11561.93476967146,11280.9150390625,11561.93476967146,831107
2019-07-25,11280.9150390625,11280.9150390625,11280.9150390625,11280.9150390625,0
2019-07-26,11280.9150390625,11280.9150390625,11280.9150390625,11280.9150390625,0
2019-07-29,11280.9150390625,11280.9150390625,11280.9150390625,11280.9150390625,0
2019-07-30,11280.9150390625,11280.9150390625,11280.9150390625,11280.9150390625,0
2019-07-31,11321.0595703125,11321.0595703125,10999.89538847245,11080.18620066456,1168413
2019-08-01,11160.4775390625,11441.497261127915,11080.186723084757,11401.351853139044,1329218
2019-08-02,11240.76953125,11441.497508607768,11080.18696274945,11200.624122392785,2429028
2019-08-05,11160.4775390625,11521.78807710566,11160.4775390625,11280.914696100772,1820462
2019-08-06,11160.4775390625,11160.4775390625,11160.4775390625,11160.4775390625,0
2019-08-07,10759.021484375,11080.18661118584,10718.876076791556,10839.313232613533,2523525
2019-08-08,10718.8759765625,10879.45853846636,10638.58516214639,10799.167724050249,1675353
2019-08-09,10718.8759765625,10718.8759765625,10718.8759765625,10718.8759765625,0
2019-08-12,10678.73046875,10879.458435970851,10678.73046875,10839.313029141009,1259198
2019-08-13,10357.5654296875,10718.875960150046,10237.129208247745,10678.73055300346,3124511
2019-08-14,10357.5654296875,10598.438805638652,10357.5654296875,10518.14799134548,1566980
2019-08-15,10277.2744140625,10357.565226782775,10116.691855550334,10156.83726191047,1071083
2019-08-16,10277.2744140625,10277.2744140625,10277.2744140625,10277.2744140625,0
2019-08-19,10277.2744140625,10277.2744140625,10277.2744140625,10277.2744140625,0
2019-08-20,10277.2744140625,10277.2744140625,10277.2744140625,10277.2744140625,0
2019-08-21,10678.73046875,10678.73046875,10397.710754797828,10437.8570946993,2776365
2019-08-22,10638.5849609375,10799.16751980424,10638.5849609375,10759.02118028384,1534017
2019-08-23,10598.4384765625,10678.73022143429,10598.4384765625,10678.73022143429,1100333
2019-08-26,10357.5654296875,10598.438805638652,10357.5654296875,10437.857177052309,1288722
2019-08-27,10558.2939453125,10558.2939453125,10357.565966112112,10397.711375337853,1641569
2019-08-28,10357.5654296875,10598.438805638652,10357.5654296875,10558.293398492066,869080
2019-08-29,10277.2744140625,10437.856972574667,10277.2744140625,10437.856972574667,885943
2019-08-30,10357.5654296875,10437.857177052309,10317.420022540917,10397.710836834089,368305
2019-09-02,10357.5654296875,10357.5654296875,10357.5654296875,10357.5654296875,0
2019-09-03,10357.5654296875,10437.857177052309,10317.420022540917,10437.857177052309,386583
2019-09-04,10357.5654296875,10397.710836834089,10277.274615394328,10357.5654296875,331629
2019-09-05,10317.419921875,10397.710735384782,10277.274515120109,10357.565328629891,481759
2019-09-06,10277.2744140625,10397.710633142911,10277.2744140625,10397.710633142911,274616
2019-09-09,10116.6923828125,10357.56576659879,10116.6923828125,10277.274949693916,747998
2019-09-10,9875.818359375,10237.128878188389,9875.818359375,10116.691727560055,908922
2019-09-11,9795.52734375,9956.109912183882,9715.236526068898,9875.819094502778,665638
2019-09-12,9956.109375,10156.837341444116,9795.526815230383,9795.526815230383,857335
2019-09-13,10156.837890625,10277.275050232163,10036.401664089512,10036.401664089512,954998
2019-09-16,10196.982421875,10397.710381896995,10156.837016484918,10357.564976506916,975942
2019-09-17,10036.4013671875,10196.982997817742,10036.4013671875,10156.837590160185,622191
2019-09-18,10196.982421875,10357.564976506916,10036.400800314676,10036.400800314676,849291
2019-09-19,10196.982421875,10277.274165726756,10156.837016484918,10277.274165726756,841901
2019-09-20,10076.546875,10237.129440297987,10076.546875,10237.129440297987,1560137
2019-09-23,10076.546875,10237.129440297987,10076.546875,10076.546875,774428
2019-09-24,10036.4013671875,10116.692182502622,10036.4013671875,10076.54677484506,577221
2019-09-25,9915.9638671875,10076.546425319251,9875.818460922466,10036.40101905422,1165474
2019-09-26,9875.818359375,9996.254576931726,9795.52661459891,9996.254576931726,1803326
2019-09-27,10196.982421875,10317.419571116836,9915.96365107284,10036.400800314676,3618528
2019-09-30,10357.5654296875,10518.14799134548,10196.98286802952,10237.129208247745,3107923
2019-10-01,10317.419921875,10437.8570752113,10277.274515120109,10357.565328629891,1274989
2019-10-02,10277.2744140625,10317.419820422638,10196.982668270608,10317.419820422638,1130238
2019-10-03,10116.6923828125,10237.129541241478,10036.401565907625,10196.983199717375,1269170
2019-10-04,10317.419921875,10437.8570752113,10156.837361783806,10156.837361783806,3304558
2019-10-07,10437.857421875,10518.148238051414,10317.42026453872,10317.42026453872,3035582
2019-10-08,10397.7109375,10598.438908247925,10317.420122429488,10518.148093177411,2060377
2019-10-09,10317.419921875,10437.8570752113,10317.419921875,10397.710735384782,1524425
2019-10-10,10357.5654296875,10437.857177052309,10277.274615394328,10357.5654296875,2543387
2019-10-11,10237.12890625,10397.710530099146,10196.982567216104,10397.710530099146,1535492
2019-10-14,10317.419921875,10357.565328629891,10196.982768538695,10277.274515120109,1914067
2019-10-15,10277.2744140625,10317.419820422638,10237.129007702364,10277.2744140625,1321447
2019-10-16,10558.2939453125,10638.585696835667,10277.27514766063,10317.42055688637,5377312
2019-10-17,10598.4384765625,10678.73022143429,10518.14766476232,10638.5848155342,2166954
2019-10-18,10678.73046875,10839.313029141009,10638.585061920154,10638.585061920154,5114750
2019-10-21,10558.2939453125,10678.731106061408,10518.14853608676,10678.731106061408,1660847
2019-10-22,10478.0029296875,10558.29374662808,10397.711179675252,10558.29374662808,2914155
2019-10-23,10437.857421875,10598.439054227829,10357.565672626928,10478.002829963209,3201302
2019-10-24,10518.1484375,10598.439255198917,10478.003028650544,10518.1484375,1597456
2019-10-25,10598.4384765625,10678.73022143429,10518.14766476232,10598.4384765625,2281563
2019-10-28,10518.1484375,10678.731005969505,10518.1484375,10638.585597120047,2273709
2019-10-29,10357.5654296875,10598.438805638652,10357.5654296875,10478.002584198894,2650796
2019-10-30,10397.7109375,10478.002685642155,10317.420122429488,10357.565529964744,1580665
2019-10-31,10478.0029296875,10718.87631358091,10437.857521217207,10518.148338157793,3409814
2019-11-01,10879.458984375,10879.458984375,10437.857620843515,10558.293847403917,4135285
2019-11-04,11040.041015625,11200.6235762962,10799.167641154016,10919.603861853691,6419074
2019-11-05,10999.8955078125,11120.3317274073,10999.8955078125,11080.1863208757,2658067
2019-11-06,10919.6044921875,11120.33247134561,10919.6044921875,10999.896243693756,3608782
2019-11-07,10919.6044921875,11040.04165291104,10879.459082970216,11040.04165291104,1885186
2019-11-08,10839.3134765625,10999.896043581984,10839.3134765625,10999.896043581984,1834123
2019-11-11,10759.021484375,10879.458640196975,10718.876076791556,10879.458640196975,2871696
2019-11-12,10759.021484375,10799.16782503009,10678.730669208113,10759.021484375,2101563
2019-11-13,10759.021484375,10919.60404778042,10759.021484375,10759.021484375,2261130
2019-11-14,10759.021484375,10839.313232613533,10718.876076791556,10759.021484375,1482002
2019-11-15,10799.16796875,10839.313376867716,10718.876219442913,10799.16796875,2111797
2019-11-18,10959.7490234375,10999.895362510411,10839.31280543359,10919.603617436198,2866924
2019-11-19,11040.041015625,11080.186422524894,10959.749268753583,10999.895608725108,1475373
2019-11-20,10999.8955078125,11120.3317274073,10959.74916820928,11080.1863208757,1675996
2019-11-21,10999.8955078125,10999.8955078125,10839.312948614475,10999.8955078125,1435854
2019-11-22,10678.73046875,10999.895589532018,10678.73046875,10959.749249630544,2358306
2019-11-25,10678.73046875,10759.021282409689,10558.293315188836,10718.875875579844,1489273
2019-11-26,10759.021484375,10799.16782503009,10638.58526162467,10678.730669208113,2351975
2019-11-27,10638.5849609375,10799.16751980424,10598.4386214171,10718.87577383506,1416230
2019-11-28,10357.5654296875,10638.585145856874,10317.420022540917,10638.585145856874,2483006
2019-11-29,10277.2744140625,10397.710633142911,10196.982668270608,10357.565226782775,1872405
2019-12-02,10116.6923828125,10558.293741932644,10036.401565907625,10277.274949693916,1680660
2019-12-06,10156.837890625,10156.837890625,10076.547072934674,10116.692481779835,550398
2019-12-09,10116.6923828125,10196.983199717375,10076.546974360062,10196.983199717375,930627
2019-12-10,9915.9638671875,10116.691831584289,9915.9638671875,10076.546425319251,2299365
2019-12-11,10036.4013671875,10036.4013671875,9915.964211143171,9956.10961880073,694662
2019-12-12,9956.109375,10076.54652809512,9956.109375,10076.54652809512,895903
2019-12-13,9915.9638671875,10036.40101905422,9915.9638671875,9996.25467971757,1183978
2019-12-16,10156.837890625,10156.837890625,9915.964504482346,9956.10991332751,1750014
2019-12-17,9915.9638671875,10196.982644114356,9915.9638671875,10196.982644114356,838795
2019-12-18,9915.9638671875,9996.25467971757,9875.818460922466,9915.9638671875,1462188
2019-12-19,9996.2548828125,10076.54663004548,9915.964068651154,9956.109475731828,1170186
2019-12-20,9915.9638671875,10076.546425319251,9915.9638671875,10036.40101905422,3545200
2019-12-23,9956.109375,10076.54652809512,9956.109375,9996.254781674495,2013170
2019-12-24,9956.109375,10076.54652809512,9915.963968325505,10036.40112142062,1147540
2019-12-25,9875.818359375,9956.109171079484,9755.381208746669,9956.109171079484,2979581
2019-12-26,9835.671875,9915.963618588725,9795.526469741431,9835.671875,974134
2019-12-27,9434.216796875,9875.81909328148,9394.071388039414,9835.67275137422,4706128
2019-12-30,9233.48828125,9474.362586362256,9113.052061765493,9394.070840300965,3649789
2019-12-31,9193.3427734375,9313.779924666318,9153.197367385095,9233.488179489905,1503231
2020-01-01,9193.3427734375,9193.3427734375,9193.3427734375,9193.3427734375,0
2020-01-02,9554.6533203125,9554.6533203125,9193.342798704623,9233.488204867364,1867431
2020-01-03,9394.0712890625,9634.94467260983,9353.92588064989,9554.653855784609,1482037
2020-01-06,9113.0517578125,9394.070526974983,9113.0517578125,9353.925121819144,2456957
2020-01-07,9032.7607421875,9193.343308820396,8992.615333797192,9153.197900430088,2253812
2020-01-08,8631.3046875,8992.615224775773,8430.576714910309,8992.615224775773,6353743
2020-01-09,8751.7412109375,8912.323764002564,8671.449467869175,8711.59580593913,2649582
2020-01-10,8912.32421875,8952.469625796772,8671.449910326104,8791.887064538052,1738768
2020-01-13,8832.0322265625,8912.323971500186,8832.0322265625,8912.323971500186,1545060
2020-01-14,8751.7412109375,8912.323764002564,8751.7412109375,8912.323764002564,1711957
2020-01-15,8751.7412109375,8751.7412109375,8671.449467869175,8751.7412109375,1332300
2020-01-16,8832.0322265625,8872.177632495539,8751.741414696422,8832.0322265625,1760628
2020-01-17,8671.4501953125,8872.178170214896,8671.4501953125,8872.178170214896,1939021
2020-01-20,8591.1591796875,8751.741742506125,8551.013772250755,8671.449994560991,1351935
2020-01-21,8751.7412109375,8992.614573999303,8751.7412109375,8751.7412109375,3546806
2020-01-22,8912.32421875,8952.469625796772,8791.887064538052,8832.032471584824,2194764
2020-01-23,8912.32421875,8912.32421875,8912.32421875,8912.32421875,0
2020-01-24,8912.32421875,8912.32421875,8912.32421875,8912.32421875,0
2020-01-27,8912.32421875,8912.32421875,8912.32421875,8912.32421875,0
2020-01-28,8912.32421875,8912.32421875,8912.32421875,8912.32421875,0
2020-01-29,8912.32421875,8912.32421875,8912.32421875,8912.32421875,0
2020-01-30,8912.32421875,9113.05218705549,8832.032471584824,8832.032471584824,3883124
2020-01-31,8430.576171875,8992.614645538106,8430.576171875,8912.323834902632,3041937
2020-02-03,8021.091796875,8189.703445427312,7844.4510666331325,7948.830061669008,4569457
2020-02-04,7627.6650390625,8189.703564734035,7627.6650390625,8109.411813597142,4331814
2020-02-05,7683.8681640625,7788.247154538062,7603.577350674856,7707.955874614606,2738547
2020-02-06,8069.26611328125,8069.26611328125,7675.839252820213,7707.95604542279,2620879
2020-02-07,7956.85888671875,8109.411433899871,7940.80072385758,8069.266026746945,1809252
2020-02-10,7772.18896484375,7868.538412893317,7748.101719465318,7788.247594965211,1714980
2020-02-11,7916.712890625,7997.004641492684,7788.24758215139,7804.305745710591,2112333
2020-02-12,8470.7216796875,8470.7216796875,7948.829538098889,7980.945862741683,3629797
2020-02-13,8470.7216796875,8791.886792258649,8310.139123401925,8591.158830169581,3661403
2020-02-14,8350.28515625,8470.721369246648,8269.993414513998,8470.721369246648,1376318
2020-02-17,8310.1396484375,8390.431398188932,8229.848831757732,8310.1396484375,2480876
2020-02-18,8310.1396484375,8390.431398188932,8269.994240097616,8350.285989849048,2125578
2020-02-19,8390.4306640625,8510.867811616085,8310.138921336249,8350.285259235166,2358937
2020-02-20,8751.7412109375,8791.88661593587,8430.576104807373,8430.576104807373,5626736
2020-02-21,8631.3046875,8791.887252186083,8551.013871692785,8751.741844282475,2097458
2020-02-24,8029.12109375,8390.431645606637,8029.12109375,8350.286236082942,3942398
2020-02-25,7988.9755859375,8013.062831355371,7724.014486733408,7724.014486733408,4009621
2020-02-26,8189.70361328125,8350.286183435264,7788.247654432057,7788.247654432057,2710974
2020-02-27,8109.41162109375,8310.139594563529,8029.120804934501,8189.703370324656,1244311
2020-02-28,7908.68359375,8013.062587117652,7828.392778137692,7948.829934627805,2718935
2020-03-02,8013.06298828125,8021.092070244446,7852.480415945625,7908.683989687999,2126434
2020-03-03,7972.91748046875,8229.84903320474,7972.91748046875,8189.703623882193,3021683
2020-03-05,8189.70361328125,8350.286183435264,8109.4118616684,8149.558204010668,4259010
2020-03-06,8109.41162109375,8229.84877840428,8029.120804934501,8149.557962245032,2728336
2020-03-09,7547.37353515625,7868.538197692494,7547.37353515625,7547.37353515625,5882657
2020-03-10,7627.6650390625,7699.927241857033,7226.209082593072,7386.791185259339,3416835
2020-03-11,7242.26708984375,7748.101565412702,7202.121215142062,7683.868445811501,6161510
2020-03-12,6736.4326171875,6945.189672811881,6736.4326171875,6824.752515190574,6379828
2020-03-13,7145.91748046875,7145.91748046875,6270.743403623038,6278.772485072794,5439263
2020-03-16,7129.85986328125,7129.85986328125,6672.199852937278,7065.626740231051,3857682
2020-03-17,7105.77197265625,7539.34472595265,6752.490971064348,6752.490971064348,3642673
2020-03-18,7033.509765625,7186.062777363464,6921.101693983001,7145.917370731187,2303483
2020-03-19,6800.66552734375,6977.306263098525,6744.4619537627705,6832.782321640158,3133567
2020-03-20,6792.63623046875,6985.335124006362,6752.490822038344,6824.752557213074,2356604
2020-03-23,6318.91845703125,6792.636637581205,6318.91845703125,6543.733690787349,5508367
2020-03-24,6045.92822265625,6262.714839307946,5989.724647867032,6029.870058430759,7115117
2020-03-25,6302.85986328125,6359.06390115901,6238.626743783214,6326.947108142078,2925936
2020-03-26,6102.1318359375,6262.714399999801,6102.1318359375,6262.714399999801,2533783
2020-03-27,6118.1904296875,6415.267867538546,6061.986388348823,6061.986388348823,3922442
2020-03-30,5732.79248046875,6021.840829067111,5692.647070886691,5780.967438503067,7522204
2020-03-31,5692.64697265625,5877.316786618811,5499.9480769158245,5732.792381545572,3958737
2020-04-01,5909.43310546875,5909.43310546875,5620.384762262208,5620.384762262208,3316161
2020-04-02,5909.43310546875,5909.43310546875,5909.43310546875,5909.43310546875,0
2020-04-03,6182.42333984375,6214.539667194472,6021.840770018455,6086.073891255741,5426197
2020-04-06,6535.7041015625,6575.849975820232,6262.714395981885,6262.714395981885,6052280
2020-04-07,6415.267578125,6583.879227998554,6302.859967054576,6583.879227998554,4729202
2020-04-08,6856.86962890625,6856.86962890625,6222.568884200172,6343.005580917375,11200756
2020-04-09,6993.3642578125,7226.209028051694,6985.33517606658,7226.209028051694,10638147
2020-04-10,6848.84033203125,6993.364270250695,6824.752620214811,6993.364270250695,5165230
2020-04-13,7065.62646484375,7226.209032942511,6824.75261269561,6824.75261269561,11108554
2020-04-14,7266.3544921875,7314.529449566193,7105.771922972976,7145.917798544528,10484935
2020-04-15,7274.38330078125,7370.732745384075,7234.237893253332,7266.354219275666,7131420
2020-04-16,7186.06298828125,7258.325188876125,7121.830335784318,7258.325188876125,7261368
2020-04-17,7258.3251953125,7346.645559109927,7234.237950604791,7306.499684727918,8599665
2020-04-20,7547.37353515625,7748.101507558381,7266.354280486102,7266.354280486102,11083648
2020-04-21,7491.169921875,7804.305987108509,7306.500102160417,7354.675060863977,9780264
2020-04-22,7611.60693359375,7740.072710015269,7346.645832347014,7346.645832347014,7997014
2020-04-23,7627.6650390625,7780.218059922246,7627.6650390625,7756.1308145026815,5998159
2020-04-24,7667.810546875,7667.810546875,7499.198893694247,7627.665137325223,4992645
2020-04-27,7948.830078125,8013.062731774414,7748.101635863079,7772.18888098161,8985737
2020-04-28,8269.994140625,8269.994140625,7948.829944697271,7948.829944697271,8011199
2020-04-29,8269.994140625,8269.994140625,8269.994140625,8269.994140625,0
2020-04-30,8269.994140625,8269.994140625,8269.994140625,8269.994140625,0
2020-05-01,8269.994140625,8269.994140625,8269.994140625,8269.994140625,0
2020-05-04,7884.59619140625,8229.848557778823,7884.59619140625,7988.975182686744,11677957
2020-05-05,7756.130859375,7884.596635558408,7635.694165044565,7884.596635558408,5874030
2020-05-06,7988.9755859375,7988.9755859375,7675.839529361828,7675.839529361828,4748171
2020-05-07,8189.70361328125,8189.70361328125,7988.975633856654,7997.00471571077,6624777
2020-05-08,8109.41162109375,8350.285935714812,8029.120804934501,8189.703370324656,11241204
2020-05-11,8149.55810546875,8189.703514253906,8005.033700770512,8109.411763611919,8195422
2020-05-12,8350.28515625,8591.158515314866,8029.120055449132,8149.55720151735,11444122
2020-05-13,8269.994140625,8470.722112981699,8149.557917053971,8350.28588941067,6470565
2020-05-14,8149.55810546875,8269.994331824219,8149.55810546875,8229.848923039062,5637279
2020-05-15,8149.55810546875,8149.55810546875,8149.55810546875,8149.55810546875,0
2020-05-18,8149.55810546875,8149.55810546875,8149.55810546875,8149.55810546875,0
2020-05-19,8269.994140625,8269.994140625,8149.557917053971,8269.994140625,6773444
2020-05-20,8269.994140625,8269.994140625,8269.994140625,8269.994140625,0
2020-05-21,8189.70361328125,8269.994431822415,8109.4118616684,8229.849022551833,4067860
2020-05-22,8109.41162109375,8189.703370324656,8109.41162109375,8149.557962245032,4079153
2020-05-25,8189.70361328125,8350.286183435264,8029.121043127236,8109.4118616684,7293593
2020-05-26,8591.1591796875,8591.1591796875,8229.848646613504,8269.994054050248,11297919
2020-05-27,8269.994140625,8711.59642626706,8269.994140625,8671.4500853384,7799736
2020-05-28,8350.28515625,8430.575964914431,8229.848010181782,8310.138818846213,5201204
2020-05-29,8229.8486328125,8350.285787992414,8229.8486328125,8350.285787992414,3886789
2020-06-01,8390.4306640625,8430.576068889834,8189.702706854246,8269.993516508915,7015585
2020-06-02,8430.576171875,8671.449536853019,8350.285361239525,8390.430766557263,9995059
2020-06-03,8510.8681640625,8510.8681640625,8430.57641801126,8430.57641801126,2204022
2020-06-04,8510.8681640625,8591.158977042118,8470.72182450107,8510.8681640625,5263227
2020-06-05,8470.7216796875,8510.868018562596,8390.430868080515,8390.430868080515,4319390
2020-06-08,8470.7216796875,8470.7216796875,8470.7216796875,8470.7216796875,0
2020-06-09,8470.7216796875,8470.7216796875,8470.7216796875,8470.7216796875,0
2020-06-10,9032.7607421875,9313.780467062985,8791.887358773989,8912.324517016577,10070363
2020-06-11,8430.576171875,9153.197199880651,8430.576171875,9032.760050855844,9550809
2020-06-12,8390.4306640625,8390.4306640625,7988.974749645992,8029.120154473326,9593006
2020-06-15,8430.576171875,8751.741280560087,8390.430766557263,8551.013320899807,9511884
2020-06-16,8591.1591796875,8711.59633506938,8510.868364814009,8711.59633506938,3367116
2020-06-17,8470.7216796875,8671.449641776566,8390.430868080515,8631.304235973073,2724826
2020-06-18,8350.28515625,8430.575964914431,8269.993414513998,8350.28515625,2511947
2020-06-19,8350.28515625,8470.721369246648,8350.28515625,8390.430560582216,6557435
2020-06-22,8430.576171875,8591.158726217544,8390.430766557263,8510.867915582068,3754652
2020-06-23,8430.576171875,8510.867915582068,8350.285361239525,8430.576171875,3714406
2020-06-24,8310.1396484375,8470.7222148687,8269.994240097616,8430.576806528816,4318081
2020-06-25,8229.8486328125,8269.994040181924,8149.557818073652,8189.703225443076,2394042
2020-06-26,8189.70361328125,8350.286183435264,8149.558204010668,8350.286183435264,2541875
2020-06-29,7868.53857421875,8149.558308872115,7796.276836601901,8149.558308872115,8177668
2020-06-30,7788.24755859375,8029.120944324861,7643.723153926414,8029.120944324861,4129252
2020-07-01,7868.53857421875,7900.654902048461,7764.160042236342,7764.160042236342,4037598
2020-07-02,7715.9853515625,7908.683780108568,7707.9562698120735,7908.683780108568,4266090
2020-07-03,7764.15966796875,7828.392787067693,7740.07242325758,7740.07242325758,2636064
2020-07-06,8021.091796875,8021.091796875,7772.188864891309,7828.392903254024,2967586
2020-07-07,7948.830078125,8149.558053851086,7948.830078125,8109.411712248534,3531372
2020-07-08,7916.712890625,7972.917396153882,7900.654727065799,7908.6838088454,2129326
2020-07-09,8013.06298828125,8069.266562023624,7916.713071651196,7916.713071651196,2812410
2020-07-10,8013.06298828125,8013.06298828125,8013.06298828125,8013.06298828125,0
2020-07-13,8069.26611328125,8149.557861519783,8029.120705697806,8149.557861519783,2741867
2020-07-14,8069.26611328125,8069.26611328125,7988.975298114364,8029.120705697806,1985991
2020-07-15,8069.26611328125,8069.26611328125,8069.26611328125,8069.26611328125,0
2020-07-16,8109.41162109375,8109.41162109375,8029.120804934501,8069.266213014125,2654723
2020-07-17,8029.12109375,8109.41191279739,8029.12109375,8109.41191279739,2434870
2020-07-20,7916.712890625,8069.26637750909,7916.712890625,8029.120968611087,2851513
2020-07-21,7884.59619140625,7940.800694282654,7860.508947204205,7940.800694282654,3533931
2020-07-22,7812.3349609375,7900.654862021754,7804.30587902075,7884.596698188253,2428064
2020-07-23,7748.1015625,7820.363763707208,7699.9270727190815,7804.305600446902,3279723
2020-07-24,7475.111328125,7732.043337857696,7210.15023682589,7715.985174724869,10260644
2020-07-27,7065.62646484375,7210.150402903965,6953.218853788952,6985.33518079437,7809958
2020-07-28,7475.111328125,7523.286284059304,7073.655383661042,7073.655383661042,5432231
2020-07-29,7386.791015625,7386.791015625,7105.771759242713,7226.208916646428,4360255
2020-07-30,7475.111328125,7475.111328125,7258.325192760195,7258.325192760195,2267592
2020-07-31,7346.6455078125,7434.9658709932355,7306.499633710807,7322.5582632729775,1489808
2020-08-03,7426.93701171875,7467.082420485905,7330.587564141744,7346.645727648605,4077142
2020-08-04,7499.19873046875,7539.344605680568,7467.082403527964,7467.082403527964,2478734
2020-08-05,7659.78125,7667.810331684626,7467.082356497306,7507.22823145627,3850411
2020-08-06,7587.51904296875,7667.810326294402,7555.402716252822,7643.723081257456,3803251
2020-08-07,7547.37353515625,7587.518943022345,7499.198579181109,7579.489861449127,2490741
2020-08-10,7756.130859375,7948.830223453875,7587.519207390885,7611.606919485646,3677064
2020-08-11,7699.92724609375,7836.422103415557,7635.694125070397,7756.130818770324,2105157
2020-08-12,7812.3349609375,7836.422206687751,7699.927347567148,7699.927347567148,4571920
2020-08-13,7980.94677734375,7988.975859424567,7812.335120574886,7812.335120574886,4389374
2020-08-14,8021.091796875,8149.558036979539,7988.975470116781,8029.120878564554,6928477
2020-08-17,7916.712890625,8029.120968611087,7868.538399947396,8029.120968611087,3060858
2020-08-18,7932.77197265625,7980.946463245193,7884.596548995632,7908.683794290104,1368904
2020-08-19,8189.70361328125,8189.70361328125,7627.665084278043,7948.830224586071,4746874
2020-08-20,8029.12109375,8189.703664916471,7988.975684226306,8189.703664916471,3860550
2020-08-21,8069.26611328125,8109.411520864694,7988.975298114364,8069.26611328125,2082857
2020-08-24,8109.41162109375,8149.557962245032,8029.120804934501,8149.557962245032,4481873
2020-08-25,8029.12109375,8189.703664916471,8029.12109375,8109.41191279739,3922989
2020-08-26,8069.26611328125,8149.557861519783,7988.975298114364,8029.120705697806,4529080
2020-08-27,8069.26611328125,8189.703269103226,8069.26611328125,8109.411520864694,3173396
2020-08-28,8109.41162109375,8229.84877840428,8109.41162109375,8109.41162109375,4813252
2020-08-31,8069.26611328125,8189.703269103226,8029.120705697806,8149.557861519783,2895650
2020-09-01,8069.26611328125,8109.411520864694,8013.062542664429,8069.26611328125,3275855
2020-09-02,8069.26611328125,8069.26611328125,8069.26611328125,8069.26611328125,0
2020-09-03,8430.576171875,8430.576171875,8069.265657872175,8109.411063189913,11503337
2020-09-04,8350.28515625,8390.430560582216,8229.848010181782,8269.993414513998,2744461
2020-09-07,8069.26611328125,8390.43124009209,8069.26611328125,8350.285832508645,4301826
2020-09-08,8069.26611328125,8109.411520864694,8005.033461147741,8069.26611328125,6084838
2020-09-09,8029.12109375,8069.266503273695,7940.801192797872,7948.830274702611,2797856
2020-09-10,8069.26611328125,8149.557861519783,8029.120705697806,8069.26611328125,2357378
2020-09-11,8069.26611328125,8069.26611328125,8069.26611328125,8069.26611328125,0
2020-09-14,8029.12109375,8109.41191279739,8021.092011845261,8029.12109375,5126698
2020-09-15,8149.55810546875,8189.703514253906,8029.120946041606,8029.120946041606,4807742
2020-09-16,8149.55810546875,8189.703514253906,8069.266354826763,8149.55810546875,1379662
2020-09-17,8029.12109375,8189.703664916471,8029.12109375,8149.558255392776,3356561
2020-09-18,8029.12109375,8109.41191279739,8021.092011845261,8069.266503273695,8343899
2020-09-21,8109.41162109375,8149.557962245032,8029.120804934501,8109.41162109375,5569949
2020-09-22,8029.12109375,8109.41191279739,8029.12109375,8069.266503273695,6080566
2020-09-23,8350.28515625,8350.28515625,8069.265459781348,8109.410864113564,14529114
2020-09-24,8229.8486328125,8430.576602731262,8189.703225443076,8350.285787992414,5682916
2020-09-25,8149.55810546875,8269.994331824219,8109.411763611919,8269.994331824219,3361155
2020-09-28,8149.55810546875,8229.848923039062,8109.411763611919,8189.703514253906,5809401
2020-09-29,8149.55810546875,8350.286082466206,8149.55810546875,8229.848923039062,11661547
2020-09-30,8229.8486328125,8310.139447551348,8149.557818073652,8149.557818073652,4039823
2020-10-01,8269.994140625,8310.13954848201,8189.703324910981,8269.994140625,6012284
2020-10-02,8510.8681640625,8671.449790021737,8269.993858980402,8310.139265470212,21679431
2020-10-05,8751.7412109375,8832.032020934239,8631.304062870806,8711.59580593913,7299424
2020-10-06,8631.3046875,8791.887252186083,8591.159279596392,8791.887252186083,7669633
2020-10-07,8470.7216796875,8671.449641776566,8470.7216796875,8591.158830169581,9533554
2020-10-08,8430.576171875,8551.013320899807,8390.430766557263,8551.013320899807,7838161
2020-10-09,8470.7216796875,8631.304235973073,8430.576273884008,8510.868018562596,4841669
2020-10-12,8310.1396484375,8591.159372960015,8269.994240097616,8510.868556280248,7868208
2020-10-13,8229.8486328125,8350.285787992414,8229.8486328125,8350.285787992414,3936817
2020-10-14,8189.70361328125,8310.139841092998,8109.4118616684,8269.994431822415,9768793
2020-10-15,8149.55810546875,8269.994331824219,8109.411763611919,8189.703514253906,7283418
2020-10-16,8269.994140625,8390.43129726768,8109.41157612531,8189.703324910981,5706835
2020-10-19,8149.55810546875,8350.286082466206,8109.411763611919,8350.286082466206,7311407
2020-10-20,8189.70361328125,8229.849022551833,8109.4118616684,8229.849022551833,5859512
2020-10-21,8149.55810546875,8229.848923039062,8149.55810546875,8189.703514253906,3079232
2020-10-22,8310.1396484375,8350.285989849048,8149.558015077965,8189.703423417849,7223383
2020-10-23,8269.994140625,8390.43129726768,8189.703324910981,8350.28588941067,3067344
2020-10-26,8109.41162109375,8310.139594563529,8109.41162109375,8269.994186483906,6068678
2020-10-27,7956.85888671875,8109.411433899871,7956.85888671875,8069.266026746945,13072887
2020-10-28,7772.18896484375,7980.946491064346,7756.130801258128,7948.830163893103,7897042
2020-10-29,7699.92724609375,7844.451185226496,7651.752288692275,7667.810452314153,7246159
2020-10-30,7547.37353515625,7828.392789826398,7507.228127290155,7828.392789826398,8751652
2020-11-02,7627.6650390625,7667.810448095107,7547.373754461446,7547.373754461446,3171385
2020-11-03,7788.24755859375,7812.334803859694,7667.810399192358,7707.956274504768,3341722
2020-11-04,7900.65478515625,7988.975618452922,7756.130845524971,7788.247639415355,6522021
2020-11-05,7844.45068359375,7916.712415271249,7836.421602296251,7908.683333973749,3962057
2020-11-06,7852.48046875,7876.567714801565,7804.3059766468705,7844.451386732811,2420448
2020-11-09,8069.26611328125,8069.26611328125,7908.68354987583,7932.771727497543,6253295
2020-11-10,8029.12109375,8189.703664916471,8021.092011845261,8189.703664916471,6655527
2020-11-11,7948.830078125,8069.26630371765,7940.800996418823,8029.120895186767,6417051
2020-11-12,7997.00439453125,8029.120720657845,7972.917149936304,7988.975312999602,3083492
2020-11-13,8029.12109375,8069.266503273695,7997.004766131045,8013.062929940523,4696715
2020-11-16,7868.53857421875,8109.411966013279,7707.956468534348,8069.266556226141,7192824
2020-11-17,7988.9755859375,8029.120994967284,7916.7129166122095,7948.830176907716,5298986
2020-11-18,8046.88720703125,8104.778198416297,8022.076782151945,8104.778198416297,8234514
2020-11-19,8146.12890625,8179.210433840133,8038.617065110281,8063.427489988678,7265961
2020-11-20,8170.9404296875,8237.101563809698,8154.39918507133,8187.4807132180495,6253509
2020-11-23,8228.8310546875,8311.532468648236,8195.750489103206,8220.560913291427,8018124
2020-11-24,8187.48046875,8270.181883933386,8137.858658554377,8270.181883933386,5528299
2020-11-25,8154.39892578125,8253.641584894493,8137.858642776641,8187.480452876058,5340648
2020-11-26,8170.9404296875,8228.831422044423,8104.778334479682,8154.39918507133,3970732
2020-11-27,8476.9365234375,8559.63793999122,8237.101454346102,8237.101454346102,23258323
2020-11-30,8352.8837890625,8559.638300233923,8352.8837890625,8559.638300233923,7195608
2020-12-01,8352.8837890625,8435.586170182458,8187.480948993881,8270.18236902819,9810324
2020-12-02,8931.7958984375,8931.7958984375,8352.883121226087,8352.883121226087,29466446
2020-12-03,9428.0078125,9552.06090095918,9097.20021733261,9179.90259666727,26136350
2020-12-04,9552.060546875,9800.165753510748,9179.902256378584,9303.954379153662,18474845
2020-12-07,9469.3583984375,9676.11290245604,9428.007689850914,9428.007689850914,14161868
2020-12-08,9386.6572265625,9593.411735984082,9262.604136475296,9510.709355564066,16495910
2020-12-09,9428.0078125,9758.81540766739,9345.305433165338,9386.657103375484,20008374
2020-12-10,9345.3056640625,9593.411847110889,9303.95495391632,9510.709465732876,11443813
2020-12-11,9634.76171875,9634.76171875,9345.304850746674,9428.007224927154,13504619
2020-12-14,9841.5166015625,9882.86730974436,9634.762099567604,9717.46351593132,17590223
2020-12-15,9634.76171875,9841.516212572846,9593.411012202543,9758.814799477934,14857947
2020-12-16,9676.11328125,9758.815662746363,9552.061150633936,9634.762571044645,13133125
2020-12-17,9800.166015625,10213.67502477278,9634.762219748764,9676.11292844642,22700654
2020-12-18,9924.2177734375,10006.920148849402,9841.51635911118,9924.2177734375,15428123
2020-12-21,9924.2177734375,10130.972270338882,9841.51635911118,10048.27085601256,13508118
2020-12-22,9924.2177734375,9924.2177734375,9924.2177734375,9924.2177734375,0
2020-12-23,10255.025390625,10544.48226400271,10213.67468330978,10255.025390625,21497135
2020-12-24,10006.919921875,10461.779612523913,9634.761643676597,10420.42890629866,13487840
2020-12-25,10172.32421875,10213.674927052029,9800.165921860553,10006.920424456288,11170411
2020-12-28,10875.2890625,10875.2890625,10255.025559312098,10337.727936388512,32592303
2020-12-29,11123.3955078125,11330.150013989794,10751.237204476243,10875.289331531245,17844085
2020-12-30,11082.0439453125,11412.851542842483,10999.34252647282,11123.395615817974,11063644
2020-12-31,11247.447265625,11330.149642032256,10916.63968216716,11040.692766235248,13191685
2021-01-01,11247.447265625,11247.447265625,11247.447265625,11247.447265625,0
2021-01-04,11660.9560546875,11867.710550358866,11371.50014518182,11495.552265933293,1643259
2021-01-05,11743.6591796875,11909.062979006225,11495.553000166592,11536.904670810502,1141888
2021-01-06,11495.552734375,11909.062703653764,11412.851317170616,11867.711033965956,1881961
2021-01-07,11578.2548828125,11743.658675023273,11288.79800617225,11495.552506164317,2246517
2021-01-08,11536.904296875,11743.658799050643,11412.851211135368,11743.658799050643,2102242
2021-01-11,12074.4658203125,12115.817490966934,11619.606092884464,11660.95680245326,1783905
2021-01-12,12074.4658203125,12198.518910104527,11867.71131138288,12198.518910104527,1216001
2021-01-13,11743.6591796875,12074.465817239314,11743.6591796875,12074.465817239314,1538336
2021-01-14,11743.6591796875,11826.360598804044,11495.553000166592,11743.6591796875,1615103
2021-01-15,11867.7109375,12074.465439915984,11743.658812701777,11743.658812701777,1327397
2021-01-18,12198.5185546875,12570.67685213471,11867.710965604289,11991.764051781896,1975459
2021-01-19,11454.2021484375,12487.974679991188,11371.500730347454,12239.869464635429,2017978
2021-01-20,11578.2548828125,11785.009382804566,10833.938298406823,11619.605590593794,1598098
2021-01-21,11867.7109375,12074.465439915984,11536.904310285792,11826.360229233924,1196771
2021-01-22,11867.7109375,12198.518525799816,11702.307143350092,11867.7109375,1352839
2021-01-25,11702.3076171875,11950.41379900122,11660.956907247097,11702.3076171875,872638
2021-01-26,11164.74609375,11743.658896881583,10916.639920203885,11743.658896881583,1231221
2021-01-27,10585.8330078125,11206.09650293591,10420.429216895807,10833.938213644746,1728106
2021-01-28,9882.8671875,10172.324063363832,9882.8671875,9882.8671875,1115863
2021-01-29,9841.5166015625,10337.727983001614,9221.253095577811,9221.253095577811,1457393
2021-02-01,9510.708984375,10213.674865624034,9510.708984375,9800.16586291952,1451264
2021-02-02,9634.76171875,9758.814799477934,9303.95414419922,9510.708638022064,1090777
2021-02-03,10296.3759765625,10296.3759765625,9841.516279285974,9924.217692941496,2014860
2021-02-04,10420.4296875,10709.88561386234,10296.376598438635,10585.83348588661,1850664
2021-02-05,10503.130859375,10585.833237167994,10337.728025960232,10420.429442667615,713809
2021-02-08,10048.271484375,10585.83359436894,9841.516974544353,10461.780504036296,1446611
2021-02-09,10048.271484375,10048.271484375,10048.271484375,10048.271484375,0
2021-02-10,10048.271484375,10048.271484375,10048.271484375,10048.271484375,0
2021-02-11,10048.271484375,10048.271484375,10048.271484375,10048.271484375,0
2021-02-12,10048.271484375,10048.271484375,10048.271484375,10048.271484375,0
2021-02-15,10048.271484375,10048.271484375,10048.271484375,10048.271484375,0
2021-02-16,10048.271484375,10048.271484375,10048.271484375,10048.271484375,0
2021-02-17,10751.2373046875,10751.2373046875,10337.728288478633,10461.780416689911,1182372
2021-02-18,10792.587890625,10999.342396364182,10585.833384885818,10875.289308486424,1393359
2021-02-19,10792.587890625,10999.342396364182,10668.534802747245,10668.534802747245,964042
2021-02-22,10668.5341796875,10875.288673351884,10627.183473171735,10792.587260320355,1123264
2021-02-23,10627.18359375,10792.587382775326,10544.482179780129,10751.23667579039,1115137
2021-02-24,10627.18359375,10627.18359375,10627.18359375,10627.18359375,0
2021-02-25,10627.18359375,10627.18359375,10627.18359375,10627.18359375,0
2021-02-26,10420.4296875,10503.131106150488,10255.025889113393,10337.728268849512,894344
2021-03-01,10792.587890625,10833.938599555711,10461.78029700806,10503.131005938772,1221820
2021-03-02,10709.8857421875,10916.640252376672,10668.535032366795,10916.640252376672,1212812
2021-03-03,10627.18359375,10709.885007719877,10544.482179780129,10668.534300734937,1046557
2021-03-04,10420.4296875,10709.88561386234,10255.025889113393,10709.88561386234,1208790
2021-03-05,11123.3955078125,11123.3955078125,10668.534825353949,10709.885534372284,5278518
2021-03-08,11702.3076171875,11867.711418034763,11619.606197306692,11867.711418034763,4073096
2021-03-09,11247.447265625,11578.254849082838,11247.447265625,11536.904141422006,3413455
2021-03-10,11288.7978515625,11578.25472423839,11040.692647187152,11123.395022702658,2641954
2021-03-11,11412.8515625,11536.904652058822,11330.150143517876,11536.904652058822,1624588
2021-03-12,11371.5009765625,11536.904777409529,11288.798595596165,11495.553106383535,1609927
2021-03-15,11330.1494140625,11454.201534548987,11288.797746148097,11371.500120891327,1890088
2021-03-16,11247.447265625,11330.149642032256,10999.342058574415,11330.149642032256,2414759
2021-03-17,11536.904296875,11743.658799050643,11330.149794699351,11371.50050291736,3060394
2021-03-18,11454.2021484375,11702.30736379326,11371.500730347454,11660.956654748235,1357171
2021-03-19,11082.0439453125,11371.500833422646,11082.0439453125,11330.150124002806,2573910
2021-03-22,11206.0966796875,11330.149765103084,11123.395263467515,11164.745971577508,1744611
2021-03-23,10999.341796875,11288.797704699598,10916.63942243542,11247.446998022591,1678971
2021-03-24,10544.482421875,10833.938338500868,10420.429336986428,10709.885253612296,2879907
2021-03-25,10420.4296875,10751.237284273217,10420.4296875,10585.83348588661,1593291
2021-03-26,10503.130859375,10627.183945521683,10006.92043695948,10337.728025960232,1729046
2021-03-29,10833.9384765625,10957.991563031934,10503.13088670108,10709.885390093064,1326719
2021-03-30,10916.6396484375,11082.043439655365,10751.236818305228,10916.6396484375,1378972
2021-03-31,10916.6396484375,11082.043439655365,10751.236818305228,10751.236818305228,1069631
2021-04-01,11288.7978515625,11412.850934292965,10751.236735596844,10916.639564456687,2602815
2021-04-02,11247.447265625,11454.20176501475,11164.745850303336,11371.500349693088,1402426
2021-04-05,11288.7978515625,11454.201641507923,11164.74572991762,11454.201641507923,1501196
2021-04-06,11123.3955078125,11288.798343885835,11040.693128690207,11247.447634867502,1650399
2021-04-07,11536.904296875,11619.605713311015,11040.692915002084,11164.746000741716,2845611
2021-04-08,11412.8515625,11619.606071040946,11288.798472941178,11578.255361549884,1590994
2021-04-09,11412.8515625,11495.552981482124,11330.150143517876,11454.202271991062,1553378
2021-04-12,11785.009765625,11991.764272333214,11371.500752208574,11536.90454979227,4687148
2021-04-13,11454.2021484375,11867.711161058976,11330.150021302432,11826.360452013952,2021929
2021-04-14,11412.8515625,11495.552981482124,11206.097053959053,11247.447763450116,1767673
2021-04-15,11082.0439453125,11495.552961682164,11082.0439453125,11495.552961682164,2571637
2021-04-16,10916.6396484375,11206.096523340158,10585.833027087365,10999.342024589228,2572077
2021-04-19,10833.9384765625,10999.342271493208,10709.885390093064,10999.342271493208,1344949
2021-04-20,10751.2373046875,10999.342522195697,10709.885634198106,10875.28943289878,1350019
2021-04-21,10751.2373046875,10751.2373046875,10751.2373046875,10751.2373046875,0
2021-04-22,10213.6748046875,10751.23688943042,10213.6748046875,10627.183804924947,2017347
2021-04-23,10420.4296875,10420.4296875,10048.27138140154,10213.675179788148,1681065
2021-04-26,10006.919921875,10544.48198605998,9965.569215649746,10544.48198605998,1333668
2021-04-27,10006.919921875,10213.674414086829,9841.516135888423,10006.919921875,957140
2021-04-28,10089.6220703125,10379.078957174816,10006.92065182934,10006.92065182934,836224
2021-04-29,10172.32421875,10296.376343656078,10089.62184106034,10255.025635354052,682667
2021-04-30,10172.32421875,10172.32421875,10172.32421875,10172.32421875,0
2021-05-03,10172.32421875,10172.32421875,10172.32421875,10172.32421875,0
2021-05-04,9965.5693359375,10048.270749386242,9841.516254678816,9882.866961403186,1157298
2021-05-05,10503.130859375,10627.183945521683,10048.271145313172,10048.271145313172,2062020
2021-05-06,10172.32421875,10585.833223941476,10172.32421875,10503.130846251815,1118492
2021-05-07,10006.919921875,10172.323707861577,9924.217548338933,10089.621334325508,1229912
2021-05-10,10089.6220703125,10172.32444988129,9882.867563018972,9924.218272260552,1193284
2021-05-11,10172.32421875,10461.78013794979,10048.271132758317,10172.32421875,1431498
2021-05-12,10296.3759765625,10379.078351303597,10172.323856079214,10172.323856079214,827883
2021-05-13,10089.6220703125,10420.429666416394,10089.6220703125,10255.025868364448,1386992
2021-05-14,10130.97265625,10379.078830851036,10089.6219475117,10213.67503481222,1571002
2021-05-17,10048.271484375,10337.728374789293,10048.271484375,10172.324574707643,875328
2021-05-18,9924.2177734375,10130.972270338882,9882.86706627434,10006.920148849402,1180384
2021-05-19,9676.11328125,10006.920885064144,9593.411860839293,9924.21850356778,2019180
2021-05-20,9469.3583984375,9800.165989301411,9428.007689850914,9676.11290245604,1772219
2021-05-21,9676.11328125,9882.867793362428,9345.305677435856,9469.358769137574,1198710
2021-05-24,9758.8154296875,9882.867557340966,9676.113050166226,9800.166138905322,850195
2021-05-25,9841.5166015625,10048.271103557396,9800.16589338064,9924.218017926216,1059635
2021-05-26,9634.76171875,9841.516212572846,9634.76171875,9841.516212572846,1217108
2021-05-27,9634.76171875,9800.16550602539,9552.060305655088,9717.463131844912,1190928
2021-05-28,9676.11328125,9758.815662746363,9593.411860839293,9634.762571044645,1314997
2021-05-31,9717.4638671875,9717.4638671875,9469.358648042513,9676.11315751094,1283545
2021-06-01,10006.919921875,10172.323707861577,9924.217548338933,10006.919921875,1817867
2021-06-02,9841.5166015625,10089.621811739256,9800.16589338064,10048.271103557396,1259650
2021-06-03,10503.130859375,10503.130859375,9882.867350812796,9882.867350812796,3506180
2021-06-04,10833.9384765625,10833.9384765625,10461.780178239807,10751.23705963995,3342626
2021-06-07,10668.5341796875,11123.394834617597,10585.832766655974,10999.34175398474,19475302
2021-06-08,10668.5341796875,10668.5341796875,10668.5341796875,10668.5341796875,0
2021-06-09,10006.919921875,10089.621334325508,9758.814723437916,9924.217548338933,17536316
2021-06-10,9841.5166015625,10089.621811739256,9758.815185198784,10006.92039537554,13697495
2021-06-11,9965.5693359375,10048.270749386242,9841.516254678816,9841.516254678816,8552887
2021-06-14,10089.6220703125,10213.675159122868,9924.218272260552,10048.27136107092,13005748
2021-06-15,9965.5693359375,10213.674537369296,9924.217668127558,10089.621456110612,8441384
2021-06-16,9965.5693359375,10172.323830644926,9924.217668127558,9965.5693359375,10322060
2021-06-17,10255.025390625,10420.429180971463,9841.516395301627,9882.867102616849,19811120
2021-06-18,10172.32421875,10420.429429647764,10130.972549362366,10420.429429647764,11391037
2021-06-21,10337.7275390625,10503.130364686942,10089.621378454707,10172.323752352491,21131663
2021-06-22,10379.0791015625,10585.833611732276,10337.728391745672,10420.429811379328,16130569
2021-06-23,10172.32421875,10461.78013794979,10089.62184106034,10420.429429647764,9772518
2021-06-24,10048.271484375,10213.675284456647,9965.570064876998,10130.972903873002,11456249
2021-06-25,10048.271484375,10130.972903873002,9882.867684293356,10048.271484375,9980887
2021-06-28,10048.271484375,10130.972903873002,10006.920774626,10089.622194124002,8156974
2021-06-29,9965.5693359375,10130.972162834983,9965.5693359375,10089.621456110612,9448719
2021-06-30,9965.5693359375,10172.323830644926,9924.217668127558,9965.5693359375,9566529
2021-07-01,10006.919921875,10048.270628100254,9882.866842113675,9965.569215649746,9291401
2021-07-02,9924.2177734375,10089.621563175722,9924.2177734375,10006.920148849402,7614096
2021-07-05,9924.2177734375,9924.2177734375,9924.2177734375,9924.2177734375,0
2021-07-06,9924.2177734375,9924.2177734375,9924.2177734375,9924.2177734375,0
2021-07-07,9924.2177734375,9924.2177734375,9924.2177734375,9924.2177734375,0
2021-07-08,9924.2177734375,9924.2177734375,9924.2177734375,9924.2177734375,0
2021-07-09,8931.7958984375,9345.30488771914,8931.7958984375,9345.30488771914,15254253
2021-07-12,8931.7958984375,8931.7958984375,8931.7958984375,8931.7958984375,0
2021-07-13,8725.0419921875,8725.0419921875,8352.883684519662,8435.586064604535,12821536
2021-07-14,8725.0419921875,8725.0419921875,8725.0419921875,8725.0419921875,0
2021-07-15,8849.0947265625,8849.0947265625,8518.28714167315,8642.340226278056,6931869
2021-07-16,8849.0947265625,8849.0947265625,8849.0947265625,8849.0947265625,0
2021-07-19,8352.8837890625,8600.989971336725,8253.642085021329,8518.287590216767,13103804
2021-07-20,8518.287109375,8518.287109375,8311.532609874492,8435.585694009034,8959867
2021-07-21,8476.9365234375,8600.98960935369,8435.58581516064,8518.287231714361,5137230
2021-07-22,8559.6376953125,8683.69077768261,8435.58557402797,8518.286988217656,10603971
2021-07-23,8683.69140625,8890.445917775683,8600.989986073986,8600.989986073986,14544418
2021-07-26,8683.69140625,8725.042116338007,8559.63831490033,8600.989986073986,4622198
2021-07-27,8931.7958984375,9055.84897965622,8725.041403796678,8766.3930715933,13444025
2021-07-28,8766.3935546875,8931.79639064664,8766.3935546875,8849.09497266707,6334013
2021-07-29,8807.744140625,8849.094849037077,8725.041762715235,8849.094849037077,5414262
2021-07-30,8849.0947265625,8931.796142242038,8725.041641957594,8807.744018722731,9516311
2021-08-02,8890.4453125,9014.498395403938,8807.743897954431,8849.094605227216,9720277
2021-08-03,8931.7958984375,8973.147566234122,8849.0944850154,8931.7958984375,6280463
2021-08-04,8931.7958984375,8931.7958984375,8931.7958984375,8931.7958984375,0
2021-08-05,8931.7958984375,9014.498272945171,8849.0944850154,8931.7958984375,6127786
2021-08-06,9097.2001953125,9262.60399249583,8890.445689104745,8931.79639812917,15927317
2021-08-09,9221.2529296875,9262.60363712546,9014.498431412116,9138.550553725994,7864591
2021-08-10,9221.2529296875,9221.2529296875,9221.2529296875,9221.2529296875,0
2021-08-11,9469.3583984375,9717.463611042624,9262.60389441896,9303.954603005544,16765196
2021-08-12,9386.6572265625,9552.061026316896,9386.6572265625,9510.709355564066,9388029
2021-08-13,9345.3056640625,9469.358755586694,9179.902823477776,9345.3056640625,11823840
2021-08-16,9469.3583984375,9552.060776696286,9345.30531159213,9345.30531159213,11227293
2021-08-17,9469.3583984375,9469.3583984375,9469.3583984375,9469.3583984375,0
2021-08-18,9428.0078125,9469.358521624516,9303.95472404082,9386.657103375484,8740788
2021-08-19,9386.6572265625,9428.00793622969,9303.954846142484,9428.00793622969,8079862
2021-08-20,9014.4990234375,9428.008047145388,8890.445931890874,9386.657336991728,18294941
2021-08-23,8725.0419921875,9014.498880856105,8725.0419921875,8973.148171356484,10293976
2021-08-24,8725.0419921875,8890.44579127161,8600.989863688645,8766.393662772754,11595598
2021-08-25,9303.9541015625,9303.9541015625,8725.041329294369,8807.743703095852,16479358
2021-08-26,9386.6572265625,9634.762445651271,9262.604136475296,9593.411735984082,14127799
2021-08-27,9841.5166015625,9924.218017926216,9138.55071812849,9303.954511941529,31383275
2021-08-30,9882.8671875,10089.621686937482,9800.165772159244,9924.217895170375,15587096
2021-08-31,9800.166015625,9924.218141717964,9717.463637144074,9882.867433020308,11316781
2021-09-01,10296.3759765625,10296.3759765625,9676.112490889353,9717.463197717114,35254107
2021-09-02,10296.3759765625,10296.3759765625,10296.3759765625,10296.3759765625,0
2021-09-03,10296.3759765625,10296.3759765625,10296.3759765625,10296.3759765625,0
2021-09-06,10255.025390625,10544.48226400271,10213.67468330978,10337.727766341026,17200379
2021-09-07,9965.5693359375,10337.72761862798,9965.5693359375,10255.025244093667,17682329
2021-09-08,9965.5693359375,9965.5693359375,9965.5693359375,9965.5693359375,0
2021-09-09,10006.919921875,10213.674414086829,9800.16542966317,9882.866842113675,11425785
2021-09-10,10006.919921875,10213.674414086829,9965.569215649746,9965.569215649746,9305562
2021-09-13,9800.166015625,10048.271228896543,9800.166015625,10006.92052019889,12379570
2021-09-14,9510.708984375,9924.217987079512,9469.35827632167,9758.81515486619,18839366
2021-09-15,9758.8154296875,9800.166138905322,9510.709252209308,9510.709252209308,7342062
2021-09-16,9758.8154296875,9841.516848123145,9634.762340948404,9800.166138905322,7168798
2021-09-17,9717.4638671875,10048.271466771244,9676.11315751094,9841.516957302814,18545555
2021-09-20,9717.4638671875,9924.21837665593,9676.11315751094,9882.867666979371,11802420
2021-09-21,9717.4638671875,9717.4638671875,9717.4638671875,9717.4638671875,0
2021-09-22,9717.4638671875,9717.4638671875,9717.4638671875,9717.4638671875,0
2021-09-23,9717.4638671875,9882.867666979371,9717.4638671875,9882.867666979371,9080652
2021-09-24,9593.4111328125,9758.814922167374,9593.4111328125,9758.814922167374,925712900
2021-09-27,9552.060546875,9841.51646110244,9552.060546875,9634.761962058386,11221462
2021-09-28,9717.4638671875,9758.815537949698,9469.358648042513,9552.061028481268,8662486
2021-09-29,10089.6220703125,10255.025868364448,9717.463764967026,9717.463764967026,37350649
2021-09-30,10042.0166015625,10294.1171875,9957.9833984375,10252.1005859375,11037607
2021-10-01,10252.1005859375,10378.1513671875,9915.966796875,9915.966796875,21579936
2021-10-04,10630.251953125,10840.3359375,10462.1845703125,10462.1845703125,2532
2021-10-05,10714.2861328125,10840.3359375,10546.21875,10672.2685546875,26551280
2021-10-06,10714.2861328125,10714.2861328125,10714.2861328125,10714.2861328125,0
2021-10-07,10630.251953125,10798.3193359375,10588.2353515625,10798.3193359375,20351261
2021-10-08,10630.251953125,10630.251953125,10630.251953125,10630.251953125,0
2021-10-11,10630.251953125,10630.251953125,10630.251953125,10630.251953125,0
2021-10-12,10672.2685546875,10672.2685546875,10420.16796875,10420.16796875,26345410
2021-10-13,10504.2021484375,10756.302734375,10462.1845703125,10756.302734375,18075029
2021-10-14,10504.2021484375,10504.2021484375,10504.2021484375,10504.2021484375,0
2021-10-15,10336.134765625,10588.2353515625,10252.1005859375,10504.2021484375,20547492
2021-10-18,10336.134765625,10336.134765625,10336.134765625,10336.134765625,0
2021-10-19,10336.134765625,10504.2021484375,10294.1171875,10336.134765625,12342323
2021-10-20,10336.134765625,10420.16796875,10126.05078125,10336.134765625,16025849
2021-10-21,10126.05078125,10336.134765625,10126.05078125,10336.134765625,15595902
2021-10-22,10168.0673828125,10252.1005859375,10084.033203125,10126.05078125,12219396
2021-10-25,10168.0673828125,10168.0673828125,10168.0673828125,10168.0673828125,0
2021-10-26,10168.0673828125,10168.0673828125,10168.0673828125,10168.0673828125,0
2021-10-27,10168.0673828125,10168.0673828125,10168.0673828125,10168.0673828125,0
2021-10-28,10714.2861328125,10882.3525390625,10462.1845703125,10462.1845703125,33697944
2021-10-29,10630.251953125,10840.3359375,10504.2021484375,10798.3193359375,18479153
2021-11-01,10630.251953125,10630.251953125,10630.251953125,10630.251953125,0
2021-11-02,11008.4033203125,10798.3193359375,10798.3193359375,11008.4033203125,24058230
2021-11-03,10588.2353515625,10882.3525390625,10546.21875,10840.3359375,1694
2021-11-04,10630.251953125,10756.302734375,10504.2021484375,10588.2353515625,15452031
2021-11-05,10924.3701171875,11092.4365234375,10672.2685546875,10672.2685546875,23258431
2021-11-08,11008.4033203125,11218.4873046875,10924.3701171875,10966.38671875,23481794
2021-11-09,10798.3193359375,11050.419921875,10798.3193359375,10966.38671875,18105374
2021-11-10,11008.4033203125,11176.470703125,10798.3193359375,10840.3359375,27386779
2021-11-11,10840.3359375,11134.4541015625,10798.3193359375,11050.419921875,20187874
2021-11-12,10882.3525390625,11050.419921875,10798.3193359375,10798.3193359375,15065757
2021-11-15,11638.6552734375,11638.6552734375,10756.302734375,11008.4033203125,53422432
2021-11-16,11806.72265625,12058.8232421875,11596.638671875,11848.7392578125,35352996
2021-11-17,11890.755859375,12058.8232421875,11638.6552734375,11764.7060546875,19959275
2021-11-18,12310.9248046875,12563.025390625,11806.72265625,11848.7392578125,36956997
2021-11-19,11722.689453125,12436.974609375,11470.587890625,12436.974609375,38248504
2021-11-22,10966.38671875,11722.689453125,10966.38671875,11680.671875,28148379
2021-11-23,11596.638671875,11596.638671875,11008.4033203125,11176.470703125,18304461
2021-11-24,11428.5712890625,11764.7060546875,11344.5380859375,11680.671875,16614542
2021-11-25,11638.6552734375,11932.7734375,11428.5712890625,11470.587890625,22246812
2021-11-26,11386.5546875,11764.7060546875,11260.50390625,11722.689453125,22278585
2021-11-29,11302.521484375,11470.587890625,11050.419921875,11092.4365234375,17862614
2021-11-30,11344.5380859375,11680.671875,11260.50390625,11470.587890625,17707200
2021-12-01,11764.7060546875,11890.755859375,11344.5380859375,11344.5380859375,22577275
2021-12-02,11890.755859375,12310.9248046875,11764.7060546875,11764.7060546875,27025257
2021-12-03,11386.5546875,12058.8232421875,11386.5546875,11932.7734375,19654992
2021-12-06,11680.671875,12016.806640625,11386.5546875,11596.638671875,25636765
2021-12-07,12478.9912109375,12478.9912109375,11848.7392578125,11848.7392578125,35460572
2021-12-08,12689.0751953125,13193.27734375,12647.05859375,12983.193359375,49543627
2021-12-09,12983.193359375,13109.244140625,12563.025390625,12605.0419921875,31030202
2021-12-10,13655.4619140625,13739.49609375,12815.1259765625,12941.1767578125,46196871
2021-12-13,13613.4453125,13907.5634765625,13403.361328125,13655.4619140625,37075878
2021-12-14,13949.580078125,14243.697265625,13403.361328125,13529.412109375,32056101
2021-12-15,13529.412109375,14117.6474609375,13529.412109375,13949.580078125,30176258
2021-12-16,14453.78125,14453.78125,13445.3779296875,13487.39453125,49527205
2021-12-17,14369.748046875,15126.05078125,14369.748046875,14705.8828125,35148435
2021-12-20,15336.134765625,15336.134765625,14117.6474609375,14453.78125,45714802
2021-12-21,15714.2861328125,16386.5546875,15084.033203125,15210.083984375,43622782
2021-12-22,15966.38671875,16386.5546875,15714.2861328125,15924.3701171875,33697944
2021-12-23,15546.21875,16260.50390625,14957.9833984375,15966.38671875,53093040
2021-12-24,14495.7978515625,15420.16796875,14495.7978515625,15252.1005859375,81479419
2021-12-27,15504.2021484375,15504.2021484375,13865.5458984375,14327.7314453125,39108398
2021-12-28,15420.16796875,16134.4541015625,15126.05078125,15504.2021484375,29681694
2021-12-29,15126.05078125,15714.2861328125,15000.0,15210.083984375,25500510
2021-12-30,14663.865234375,15378.1513671875,14579.83203125,15126.05078125,28285229
2021-12-31,14705.8828125,15042.0166015625,14537.8154296875,14663.865234375,18767847
2022-01-03,14705.8828125,14705.8828125,14705.8828125,14705.8828125,0
2022-01-04,15714.2861328125,15714.2861328125,14873.94921875,14873.94921875,24325623
2022-01-05,15966.38671875,16764.705078125,15966.38671875,16134.4541015625,46157482
2022-01-06,16176.470703125,16638.65625,15840.3359375,15840.3359375,32130595
2022-01-07,16932.7734375,17100.83984375,16176.470703125,16176.470703125,39126605
2022-01-10,15756.302734375,17478.9921875,15756.302734375,17226.890625,37605904
2022-01-11,15672.2685546875,16302.521484375,15504.2021484375,15966.38671875,38397016
2022-01-12,15252.1005859375,16134.4541015625,14579.83203125,15672.2685546875,51140845
2022-01-13,14201.6806640625,15672.2685546875,14201.6806640625,15252.1005859375,46751292
2022-01-14,14873.94921875,14957.9833984375,13865.5458984375,13865.5458984375,25991028
2022-01-17,13865.5458984375,14873.94921875,13865.5458984375,14873.94921875,37286746
2022-01-18,12941.1767578125,13781.5126953125,12899.1591796875,13277.310546875,32506159
2022-01-19,13487.39453125,13529.412109375,13025.2099609375,13109.244140625,17616998
2022-01-20,14285.7138671875,14369.748046875,13277.310546875,13529.412109375,15601733
2022-01-21,13991.5966796875,14411.7646484375,13949.580078125,14285.7138671875,17949484
2022-01-24,13025.2099609375,13865.5458984375,13025.2099609375,13865.5458984375,22729833
2022-01-25,13907.5634765625,13907.5634765625,12689.0751953125,12689.0751953125,17345083
2022-01-26,13697.478515625,14159.6640625,13697.478515625,14117.6474609375,12738593
2022-01-27,13781.5126953125,13781.5126953125,13445.3779296875,13697.478515625,9374344
2022-01-28,14117.6474609375,14243.697265625,13613.4453125,13781.5126953125,16275630
2022-01-31,14117.6474609375,14117.6474609375,14117.6474609375,14117.6474609375,0
2022-02-01,14117.6474609375,14117.6474609375,14117.6474609375,14117.6474609375,0
2022-02-02,14117.6474609375,14117.6474609375,14117.6474609375,14117.6474609375,0
2022-02-03,14117.6474609375,14117.6474609375,14117.6474609375,14117.6474609375,0
2022-02-04,14117.6474609375,14117.6474609375,14117.6474609375,14117.6474609375,0
2022-02-07,15000.0,15084.033203125,14201.6806640625,14285.7138671875,25779208
2022-02-08,15042.0166015625,15252.1005859375,14747.8994140625,14957.9833984375,21910994
2022-02-09,14957.9833984375,15252.1005859375,14873.94921875,15042.0166015625,14881664
2022-02-10,15588.2353515625,15798.3193359375,15000.0,15000.0,36589525
2022-02-11,15378.1513671875,15714.2861328125,15210.083984375,15546.21875,17652222
2022-02-14,14873.94921875,15420.16796875,14873.94921875,15042.0166015625,22506946
2022-02-15,14873.94921875,14873.94921875,14873.94921875,14873.94921875,0
2022-02-16,15294.1171875,15630.251953125,15210.083984375,15462.1845703125,17042823
2022-02-17,15630.251953125,15924.3701171875,15252.1005859375,15462.1845703125,40777730
2022-02-18,15588.2353515625,15798.3193359375,15378.1513671875,15462.1845703125,22258355
2022-02-21,15462.1845703125,15714.2861328125,15420.16796875,15588.2353515625,22040466
2022-02-22,14957.9833984375,15336.134765625,14705.8828125,15294.1171875,44168635
2022-02-23,15252.1005859375,15630.251953125,15042.0166015625,15084.033203125,20216077
2022-02-24,14915.966796875,15462.1845703125,14579.83203125,15294.1171875,28540722
2022-02-25,15000.0,15252.1005859375,14915.966796875,15126.05078125,14365680
2022-02-28,14579.83203125,15126.05078125,14537.8154296875,15000.0,33738761
2022-03-01,14663.865234375,14873.94921875,14159.6640625,14495.7978515625,31584504
2022-03-02,14663.865234375,15042.0166015625,14495.7978515625,14663.865234375,15917559
2022-03-03,14453.78125,14831.9326171875,14369.748046875,14663.865234375,22333087
2022-03-04,14537.8154296875,14789.916015625,14411.7646484375,14453.78125,18769275
2022-03-07,14327.7314453125,14453.78125,14201.6806640625,14453.78125,23983736
2022-03-08,14453.78125,14705.8828125,14201.6806640625,14285.7138671875,21854588
2022-03-09,14075.6298828125,14621.8486328125,14075.6298828125,14537.8154296875,22213254
2022-03-10,13949.580078125,14411.7646484375,13949.580078125,14285.7138671875,16490425
2022-03-11,13571.4287109375,14033.61328125,13529.412109375,13781.5126953125,26592692
2022-03-14,13151.2607421875,13613.4453125,13109.244140625,13571.4287109375,20144201
2022-03-15,13781.5126953125,13781.5126953125,13151.2607421875,13193.27734375,16087372
2022-03-16,13697.478515625,14033.61328125,13655.4619140625,13781.5126953125,10065020
2022-03-17,13697.478515625,13823.529296875,13655.4619140625,13697.478515625,8744834
2022-03-18,13529.412109375,13823.529296875,13487.39453125,13697.478515625,13747951
2022-03-21,13613.4453125,13739.49609375,13529.412109375,13613.4453125,9705521
2022-03-22,13865.5458984375,13865.5458984375,13655.4619140625,13697.478515625,15716925
2022-03-23,14201.6806640625,14495.7978515625,13907.5634765625,13949.580078125,24610152
2022-03-24,14117.6474609375,14369.748046875,14075.6298828125,14201.6806640625,9895207
2022-03-25,13949.580078125,14117.6474609375,13949.580078125,14117.6474609375,10179855
2022-03-28,13487.39453125,13865.5458984375,13319.328125,13781.5126953125,18641945
2022-03-29,13655.4619140625,13739.49609375,13487.39453125,13487.39453125,7191170
2022-03-30,13403.361328125,13697.478515625,13361.3447265625,13487.39453125,12568899
2022-03-31,13319.328125,13571.4287109375,13319.328125,13403.361328125,8289064
2022-04-01,13445.3779296875,13571.4287109375,13193.27734375,13277.310546875,9634240
2022-04-04,13613.4453125,13739.49609375,13529.412109375,13571.4287109375,8796718
2022-04-05,13739.49609375,13949.580078125,13613.4453125,13697.478515625,11289530
2022-04-06,13781.5126953125,13949.580078125,13571.4287109375,13697.478515625,10415594
2022-04-07,13991.5966796875,14243.697265625,13781.5126953125,13823.529296875,27448897
2022-04-08,13613.4453125,14075.6298828125,13613.4453125,13991.5966796875,10528882
2022-04-11,13613.4453125,13613.4453125,13613.4453125,13613.4453125,0
2022-04-12,13109.244140625,13697.478515625,13109.244140625,13613.4453125,12481672
2022-04-13,13193.27734375,13277.310546875,12857.142578125,13193.27734375,14037240
2022-04-14,13067.2265625,13319.328125,13067.2265625,13193.27734375,7359436
2022-04-15,12352.94140625,13025.2099609375,12184.8740234375,13025.2099609375,23259145
2022-04-18,12184.8740234375,12647.05859375,12100.8408203125,12352.94140625,12980639
2022-04-19,11344.5380859375,12394.9580078125,11344.5380859375,12184.8740234375,13872425
2022-04-20,10966.38671875,11596.638671875,10924.3701171875,11344.5380859375,19838847
2022-04-21,11176.470703125,11386.5546875,10546.21875,10924.3701171875,19342855
2022-04-22,11218.4873046875,11554.6220703125,10882.3525390625,11344.5380859375,10722733
2022-04-25,10462.1845703125,11344.5380859375,10462.1845703125,11302.521484375,16386062
2022-04-26,10924.3701171875,10924.3701171875,9789.916015625,10084.033203125,15301139
2022-04-27,10882.3525390625,11050.419921875,10672.2685546875,10798.3193359375,8228850
2022-04-28,10756.302734375,11050.419921875,10756.302734375,10882.3525390625,6938890
2022-04-29,11050.419921875,11218.4873046875,10672.2685546875,10756.302734375,12329352
2022-05-02,11050.419921875,11050.419921875,11050.419921875,11050.419921875,0
2022-05-03,11050.419921875,11050.419921875,11050.419921875,11050.419921875,0
2022-05-04,11806.72265625,11806.72265625,11302.521484375,11386.5546875,24269217
2022-05-05,11890.755859375,12184.8740234375,11680.671875,12142.857421875,15581503
2022-05-06,11680.671875,12142.857421875,11554.6220703125,11596.638671875,13736289
2022-05-09,10882.3525390625,11638.6552734375,10882.3525390625,11428.5712890625,18306365
2022-05-10,11176.470703125,11176.470703125,10294.1171875,10336.134765625,13150333
2022-05-11,11092.4365234375,11344.5380859375,10966.38671875,11260.50390625,8206954
2022-05-12,10336.134765625,11134.4541015625,10336.134765625,11050.419921875,12613881
2022-05-13,9621.8486328125,10546.21875,9621.8486328125,10378.1513671875,23677192
2022-05-16,9747.8994140625,10294.1171875,9705.8828125,10084.033203125,10788064
2022-05-17,10420.16796875,10420.16796875,9747.8994140625,9789.916015625,12088377
2022-05-18,10630.251953125,10840.3359375,10504.2021484375,10672.2685546875,13360011
2022-05-19,10756.302734375,10924.3701171875,10252.1005859375,10252.1005859375,14616651
2022-05-20,10756.302734375,11092.4365234375,10672.2685546875,10882.3525390625,12590200
2022-05-23,10714.2861328125,11050.419921875,10546.21875,10924.3701171875,12783932
2022-05-24,10798.3193359375,10798.3193359375,10336.134765625,10714.2861328125,11359621
2022-05-25,11260.50390625,11302.521484375,10798.3193359375,10840.3359375,16578128
2022-05-26,11050.419921875,11344.5380859375,11008.4033203125,11344.5380859375,11926894
2022-05-27,11218.4873046875,11428.5712890625,11008.4033203125,11092.4365234375,13515663
2022-05-30,11302.521484375,11428.5712890625,11218.4873046875,11302.521484375,11395440
2022-05-31,11386.5546875,11428.5712890625,11176.470703125,11260.50390625,13588253
2022-06-01,11722.689453125,11932.7734375,11302.521484375,11386.5546875,22931419
2022-06-02,11722.689453125,11722.689453125,11722.689453125,11722.689453125,0
2022-06-03,11344.5380859375,11470.587890625,11134.4541015625,11344.5380859375,11642603
2022-06-06,11596.638671875,11932.7734375,11092.4365234375,11344.5380859375,29669437
2022-06-07,12394.9580078125,12394.9580078125,11512.60546875,11596.638671875,45274026
2022-06-08,12941.1767578125,13235.2939453125,12689.0751953125,12857.142578125,31244283
2022-06-09,13361.3447265625,13361.3447265625,12689.0751953125,12689.0751953125,26933270
2022-06-10,12605.0419921875,13403.361328125,12478.9912109375,13067.2265625,32110008
2022-06-13,12815.1259765625,13277.310546875,12226.890625,12268.9072265625,48665883
2022-06-14,12815.1259765625,13193.27734375,12436.974609375,12773.109375,24940615
2022-06-15,12184.8740234375,12983.193359375,11932.7734375,12815.1259765625,29563170
2022-06-16,12941.1767578125,13025.2099609375,12016.806640625,12436.974609375,40953493
2022-06-17,13529.412109375,13739.49609375,12563.025390625,12605.0419921875,45156573
2022-06-20,12605.0419921875,13781.5126953125,12605.0419921875,13613.4453125,29544606
2022-06-21,11722.689453125,12731.0927734375,11722.689453125,12436.974609375,38329900
2022-06-22,10924.3701171875,11806.72265625,10924.3701171875,11596.638671875,44507785
2022-06-23,11680.671875,11680.671875,10588.2353515625,10588.2353515625,20864508
2022-06-24,11386.5546875,11806.72265625,11386.5546875,11806.72265625,13192697
2022-06-27,11638.6552734375,11848.7392578125,11344.5380859375,11470.587890625,15873648
2022-06-28,11680.671875,12100.8408203125,11554.6220703125,11638.6552734375,21571011
2022-06-29,11554.6220703125,11806.72265625,11470.587890625,11596.638671875,13494719
2022-06-30,11428.5712890625,12016.806640625,11428.5712890625,11680.671875,15683843
2022-07-01,11428.5712890625,11638.6552734375,10924.3701171875,11470.587890625,18625166
2022-07-04,11344.5380859375,11638.6552734375,11260.50390625,11596.638671875,10655379
2022-07-05,10924.3701171875,11428.5712890625,10756.302734375,11344.5380859375,25078536
2022-07-06,10756.302734375,11176.470703125,10756.302734375,10756.302734375,17927112
2022-07-07,10756.302734375,10924.3701171875,10630.251953125,10756.302734375,11828124
2022-07-08,10924.3701171875,11050.419921875,10840.3359375,10882.3525390625,8121036
2022-07-11,10504.2021484375,10924.3701171875,10378.1513671875,10882.3525390625,16296336
2022-07-12,10504.2021484375,10504.2021484375,10504.2021484375,10504.2021484375,0
2022-07-13,10924.3701171875,11134.4541015625,10840.3359375,10882.3525390625,9127538
2022-07-14,11008.4033203125,11008.4033203125,10798.3193359375,10798.3193359375,11754939
2022-07-15,10924.3701171875,11176.470703125,10924.3701171875,11134.4541015625,13093689
2022-07-18,11008.4033203125,11260.50390625,10924.3701171875,10966.38671875,9061969
2022-07-19,11302.521484375,11428.5712890625,11092.4365234375,11218.4873046875,17420172
2022-07-20,11344.5380859375,11554.6220703125,11260.50390625,11470.587890625,12653627
2022-07-21,11218.4873046875,11386.5546875,11134.4541015625,11344.5380859375,10665970
2022-07-22,11050.419921875,11302.521484375,10966.38671875,11260.50390625,10092628
2022-07-25,11050.419921875,11176.470703125,10966.38671875,11008.4033203125,9171568
2022-07-26,10924.3701171875,11134.4541015625,10924.3701171875,11050.419921875,7631470
2022-07-27,11008.4033203125,11008.4033203125,10798.3193359375,10924.3701171875,6699700
2022-07-28,11386.5546875,11512.60546875,11050.419921875,11134.4541015625,23147642
2022-07-29,11218.4873046875,11512.60546875,11218.4873046875,11386.5546875,12413604
2022-08-01,11344.5380859375,11386.5546875,11176.470703125,11218.4873046875,12626257
2022-08-02,11554.6220703125,11680.671875,11302.521484375,11386.5546875,21242095
2022-08-03,11512.60546875,11680.671875,11386.5546875,11512.60546875,16209704
2022-08-04,11428.5712890625,11596.638671875,11386.5546875,11596.638671875,11726617
2022-08-05,11764.7060546875,11890.755859375,11302.521484375,11386.5546875,30058210
2022-08-08,11764.7060546875,11974.7900390625,11722.689453125,11848.7392578125,12228559
2022-08-09,11806.72265625,12058.8232421875,11722.689453125,11806.72265625,18124057
2022-08-10,11722.689453125,11890.755859375,11638.6552734375,11764.7060546875,12982781
2022-08-11,11596.638671875,11890.755859375,11512.60546875,11848.7392578125,18596368
2022-08-12,11764.7060546875,11848.7392578125,11512.60546875,11596.638671875,11937723
2022-08-15,11764.7060546875,12058.8232421875,11722.689453125,11848.7392578125,17963764
2022-08-16,11848.7392578125,11974.7900390625,11722.689453125,11890.755859375,12038754
2022-08-17,11722.689453125,11974.7900390625,11680.671875,11932.7734375,12721338
2022-08-18,11596.638671875,11722.689453125,11554.6220703125,11638.6552734375,13851362
2022-08-19,11428.5712890625,11722.689453125,11344.5380859375,11596.638671875,14113043
2022-08-22,11470.587890625,11554.6220703125,11344.5380859375,11428.5712890625,9922458
2022-08-23,11680.671875,11680.671875,11428.5712890625,11470.587890625,11633440
2022-08-24,11806.72265625,11974.7900390625,11638.6552734375,11680.671875,18052419
2022-08-25,11848.7392578125,12016.806640625,11764.7060546875,11848.7392578125,12630065
2022-08-26,11974.7900390625,12226.890625,11848.7392578125,11932.7734375,29990856
2022-08-29,11722.689453125,11932.7734375,11428.5712890625,11764.7060546875,17168130
2022-08-30,11638.6552734375,11932.7734375,11554.6220703125,11932.7734375,13143193
2022-08-31,11764.7060546875,12100.8408203125,11554.6220703125,11554.6220703125,18110848
2022-09-01,11764.7060546875,11764.7060546875,11764.7060546875,11764.7060546875,0
2022-09-02,11764.7060546875,11764.7060546875,11764.7060546875,11764.7060546875,0
2022-09-05,11764.7060546875,11974.7900390625,11764.7060546875,11764.7060546875,12924590
2022-09-06,12016.806640625,12352.94140625,11806.72265625,11890.755859375,36453151
2022-09-07,11764.7060546875,12184.8740234375,11764.7060546875,12016.806640625,21152488
2022-09-08,11512.60546875,11932.7734375,11512.60546875,11890.755859375,21742371
2022-09-09,11806.72265625,11932.7734375,11512.60546875,11554.6220703125,21158438
2022-09-12,11848.7392578125,12142.857421875,11848.7392578125,11932.7734375,12762393
2022-09-13,11890.755859375,12016.806640625,11722.689453125,11848.7392578125,13908125
2022-09-14,11890.755859375,12100.8408203125,11680.671875,11680.671875,25353188
2022-09-15,12142.857421875,12394.9580078125,11932.7734375,11932.7734375,31963400
2022-09-16,11974.7900390625,12394.9580078125,11932.7734375,12142.857421875,27306454
2022-09-19,11344.5380859375,12058.8232421875,11260.50390625,12016.806640625,30315369
2022-09-20,11512.60546875,11596.638671875,11302.521484375,11428.5712890625,16948694
2022-09-21,11302.521484375,11512.60546875,11302.521484375,11428.5712890625,14371511
2022-09-22,11470.587890625,11470.587890625,11092.4365234375,11218.4873046875,15455244
2022-09-23,11260.50390625,11512.60546875,11260.50390625,11512.60546875,12394326
2022-09-26,10756.302734375,11176.470703125,10630.251953125,11134.4541015625,22628326
2022-09-27,10882.3525390625,11134.4541015625,10714.2861328125,10798.3193359375,11268824
2022-09-28,10798.3193359375,11008.4033203125,10630.251953125,10882.3525390625,10482948
2022-09-29,10546.21875,11008.4033203125,10546.21875,10924.3701171875,9981720
2022-09-30,10378.1513671875,10546.21875,10042.0166015625,10504.2021484375,13618479
2022-10-03,9663.865234375,10420.16796875,9663.865234375,10378.1513671875,12814039
2022-10-04,9747.8994140625,10000.0,9663.865234375,9915.966796875,11741730
2022-10-05,10168.0673828125,10252.1005859375,9873.94921875,9957.9833984375,7685972
2022-10-06,9579.83203125,10210.083984375,9579.83203125,10210.083984375,10250898
2022-10-07,8949.580078125,9663.865234375,8949.580078125,9411.7646484375,24438435
2022-10-10,9243.697265625,9327.7314453125,8655.4619140625,8655.4619140625,11771361
2022-10-11,8613.4453125,9243.697265625,8613.4453125,9243.697265625,14841085
2022-10-12,8907.5634765625,9159.6640625,8571.4287109375,8655.4619140625,12774174
2022-10-13,8907.5634765625,9033.61328125,8823.529296875,9033.61328125,8017744
2022-10-14,9075.6298828125,9243.697265625,9033.61328125,9159.6640625,13568142
2022-10-17,9369.748046875,9369.748046875,8949.580078125,8949.580078125,13197695
2022-10-18,9327.7314453125,9579.83203125,9243.697265625,9495.7978515625,7549955
2022-10-19,9243.697265625,9411.7646484375,9117.6474609375,9369.748046875,8173158
2022-10-20,9117.6474609375,9285.7138671875,9033.61328125,9159.6640625,6213942
2022-10-21,8655.4619140625,9159.6640625,8529.412109375,9159.6640625,14149576
2022-10-24,8302.521484375,8865.5458984375,8193.27734375,8781.5126953125,13582541
2022-10-25,8378.1513671875,8655.4619140625,7957.9833984375,8193.27734375,12099087
2022-10-26,8403.361328125,8571.4287109375,8369.748046875,8445.3779296875,5738537
2022-10-27,8739.49609375,8823.529296875,8403.361328125,8403.361328125,7474509
2022-10-28,8697.478515625,8907.5634765625,8655.4619140625,8823.529296875,7347774
2022-10-31,8697.478515625,8697.478515625,8285.7138671875,8697.478515625,12249146
2022-11-01,8697.478515625,8823.529296875,8613.4453125,8697.478515625,5871222
2022-11-02,8571.4287109375,8739.49609375,8571.4287109375,8739.49609375,7313859
2022-11-03,8487.39453125,8571.4287109375,8403.361328125,8445.3779296875,4363849
2022-11-04,8235.2939453125,8487.39453125,8151.2607421875,8487.39453125,9175257
2022-11-07,8226.890625,8361.3447265625,8184.8740234375,8235.2939453125,7572446
2022-11-08,8781.5126953125,8781.5126953125,8159.6640625,8184.8740234375,12918402
2022-11-09,9117.6474609375,9201.6806640625,8907.5634765625,8949.580078125,12419197
2022-11-10,8613.4453125,9075.6298828125,8487.39453125,8949.580078125,14835730
2022-11-11,8907.5634765625,9075.6298828125,8655.4619140625,8907.5634765625,9255344
2022-11-14,8655.4619140625,8865.5458984375,8369.748046875,8823.529296875,8496957
2022-11-15,8050.42041015625,8529.412109375,8050.42041015625,8487.39453125,15924818
2022-11-16,8487.39453125,8529.412109375,7487.39501953125,7487.39501953125,13461756
2022-11-17,8487.39453125,8781.5126953125,8403.361328125,8487.39453125,8288350
2022-11-18,8487.39453125,8613.4453125,8025.2099609375,8487.39453125,9780848
2022-11-21,8655.4619140625,8823.529296875,8487.39453125,8487.39453125,9087911
2022-11-22,8697.478515625,9075.6298828125,8571.4287109375,8655.4619140625,13570522
2022-11-23,8781.5126953125,9033.61328125,8697.478515625,8739.49609375,9585688
2022-11-24,8907.5634765625,8907.5634765625,8655.4619140625,8781.5126953125,5858608
2022-11-25,9117.6474609375,9117.6474609375,8865.5458984375,9033.61328125,9320675
2022-11-28,9495.7978515625,9495.7978515625,9075.6298828125,9201.6806640625,16112243
2022-11-29,9495.7978515625,9621.8486328125,9243.697265625,9495.7978515625,13406421
2022-11-30,9789.916015625,9873.94921875,9369.748046875,9579.83203125,14190631
2022-12-01,9411.7646484375,10000.0,9411.7646484375,9957.9833984375,14865718
2022-12-02,9831.9326171875,9831.9326171875,9243.697265625,9285.7138671875,13743310
2022-12-05,9663.865234375,10042.0166015625,9663.865234375,10042.0166015625,16356669
2022-12-06,9159.6640625,9705.8828125,9159.6640625,9663.865234375,14680673
2022-12-07,9201.6806640625,9369.748046875,9033.61328125,9159.6640625,10453436
2022-12-08,9411.7646484375,9537.8154296875,9243.697265625,9327.7314453125,9505244
2022-12-09,9411.7646484375,9495.7978515625,9285.7138671875,9495.7978515625,5825169
2022-12-12,9369.748046875,9705.8828125,9369.748046875,9411.7646484375,11364381
2022-12-13,9579.83203125,9579.83203125,9243.697265625,9411.7646484375,7967288
2022-12-14,9579.83203125,9705.8828125,9453.78125,9705.8828125,9580690
2022-12-15,9579.83203125,9621.8486328125,9453.78125,9495.7978515625,7623259
2022-12-16,9621.8486328125,9663.865234375,9369.748046875,9411.7646484375,9008062
2022-12-19,9327.7314453125,9663.865234375,9285.7138671875,9537.8154296875,11130903
2022-12-20,8991.5966796875,9369.748046875,8907.5634765625,9285.7138671875,10755458
2022-12-21,8781.5126953125,9159.6640625,8739.49609375,9075.6298828125,7195692
2022-12-22,8991.5966796875,9117.6474609375,8781.5126953125,8907.5634765625,8038688
2022-12-23,9201.6806640625,9411.7646484375,8907.5634765625,8907.5634765625,11613686
2022-12-26,8655.4619140625,9327.7314453125,8655.4619140625,9285.7138671875,7776174
2022-12-27,8949.580078125,8949.580078125,8697.478515625,8823.529296875,6242859
2022-12-28,8949.580078125,9033.61328125,8865.5458984375,8907.5634765625,4257106
2022-12-29,8823.529296875,8991.5966796875,8823.529296875,8949.580078125,3686977
2022-12-30,8949.580078125,9033.61328125,8865.5458984375,8907.5634765625,4221525
2023-01-02,8949.580078125,8949.580078125,8949.580078125,8949.580078125,0
2023-01-03,9285.7138671875,9327.7314453125,8907.5634765625,8907.5634765625,7259952
2023-01-04,9243.697265625,9369.748046875,9159.6640625,9243.697265625,7286846
2023-01-05,9873.94921875,9873.94921875,9201.6806640625,9243.697265625,28128387
2023-01-06,9873.94921875,10252.1005859375,9747.8994140625,10000.0,17966263
2023-01-09,9747.8994140625,10084.033203125,9579.83203125,9957.9833984375,10301354
2023-01-10,9831.9326171875,9873.94921875,9537.8154296875,9747.8994140625,7214613
2023-01-11,9789.916015625,9957.9833984375,9747.8994140625,9831.9326171875,7327187
2023-01-12,9873.94921875,10168.0673828125,9705.8828125,9789.916015625,8811474
2023-01-13,9957.9833984375,10168.0673828125,9873.94921875,10000.0,11052363
2023-01-16,9957.9833984375,10084.033203125,9873.94921875,10084.033203125,5403076
2023-01-17,10210.083984375,10252.1005859375,9957.9833984375,10000.0,12986589
2023-01-18,10210.083984375,10336.134765625,10126.05078125,10294.1171875,7599340
2023-01-19,10252.1005859375,10294.1171875,10084.033203125,10168.0673828125,8881922
2023-01-20,10252.1005859375,10252.1005859375,10252.1005859375,10252.1005859375,0
2023-01-23,10252.1005859375,10252.1005859375,10252.1005859375,10252.1005859375,0
2023-01-24,10252.1005859375,10252.1005859375,10252.1005859375,10252.1005859375,0
2023-01-25,10252.1005859375,10252.1005859375,10252.1005859375,10252.1005859375,0
2023-01-26,10252.1005859375,10252.1005859375,10252.1005859375,10252.1005859375,0
2023-01-27,10252.1005859375,10462.1845703125,10210.083984375,10378.1513671875,8623930
2023-01-30,10378.1513671875,10588.2353515625,10168.0673828125,10294.1171875,13347873
2023-01-31,10420.16796875,10504.2021484375,10294.1171875,10462.1845703125,8950228
2023-02-01,10042.0166015625,10840.3359375,10042.0166015625,10546.21875,18637899
2023-02-02,10084.033203125,10168.0673828125,9957.9833984375,10168.0673828125,9155979
2023-02-03,10210.083984375,10252.1005859375,9957.9833984375,10210.083984375,7707749
2023-02-06,10546.21875,10588.2353515625,10042.0166015625,10126.05078125,10872078
2023-02-07,10252.1005859375,10714.2861328125,10126.05078125,10588.2353515625,11056885
2023-02-08,10294.1171875,10378.1513671875,10084.033203125,10252.1005859375,5450557
2023-02-09,10084.033203125,10336.134765625,10084.033203125,10294.1171875,4604943
2023-02-10,10084.033203125,10336.134765625,10042.0166015625,10168.0673828125,9011156
2023-02-13,9831.9326171875,10210.083984375,9705.8828125,10042.0166015625,7381094
2023-02-14,9957.9833984375,10042.0166015625,9873.94921875,9915.966796875,4230688
2023-02-15,10084.033203125,10126.05078125,9873.94921875,9957.9833984375,5957021
2023-02-16,10378.1513671875,10378.1513671875,10126.05078125,10168.0673828125,9492035
2023-02-17,10420.16796875,10504.2021484375,10252.1005859375,10336.134765625,9541063
2023-02-20,10630.251953125,10672.2685546875,10378.1513671875,10420.16796875,13368579
2023-02-21,10462.1845703125,10672.2685546875,10462.1845703125,10672.2685546875,11855494
2023-02-22,10084.033203125,10504.2021484375,10084.033203125,10378.1513671875,13211975
2023-02-23,10252.1005859375,10252.1005859375,10000.0,10084.033203125,8987475
2023-02-24,10084.033203125,10378.1513671875,10084.033203125,10294.1171875,5203513
2023-02-27,10084.033203125,10168.0673828125,9957.9833984375,9957.9833984375,7523418
2023-02-28,10168.0673828125,10294.1171875,10084.033203125,10168.0673828125,6073522
2023-03-01,10378.1513671875,10378.1513671875,10042.0166015625,10126.05078125,6431593
2023-03-02,10672.2685546875,10840.3359375,10378.1513671875,10378.1513671875,27065955
2023-03-03,10378.1513671875,10798.3193359375,10378.1513671875,10714.2861328125,8629523
2023-03-06,10462.1845703125,10630.251953125,10378.1513671875,10462.1845703125,7255787
2023-03-07,10546.21875,10714.2861328125,10504.2021484375,10504.2021484375,9428489
2023-03-08,10714.2861328125,10756.302734375,10462.1845703125,10504.2021484375,9214765
2023-03-09,10924.3701171875,11092.4365234375,10630.251953125,10714.2861328125,24874451
2023-03-10,10882.3525390625,11008.4033203125,10798.3193359375,10840.3359375,10617061
2023-03-13,11050.419921875,11050.419921875,10756.302734375,10756.302734375,16533384
2023-03-14,10798.3193359375,11008.4033203125,10672.2685546875,10924.3701171875,14572621
2023-03-15,11344.5380859375,11386.5546875,10840.3359375,11008.4033203125,19493985
2023-03-16,11134.4541015625,11260.50390625,11050.419921875,11260.50390625,11144588
2023-03-17,11260.50390625,11302.521484375,11092.4365234375,11260.50390625,12712651
2023-03-20,10798.3193359375,11176.470703125,10756.302734375,11176.470703125,11643912
2023-03-21,11092.4365234375,11176.470703125,10798.3193359375,10924.3701171875,6643651
2023-03-22,11050.419921875,11218.4873046875,11008.4033203125,11176.470703125,4761428
2023-03-23,11092.4365234375,11092.4365234375,10882.3525390625,10924.3701171875,5424496
2023-03-24,11134.4541015625,11176.470703125,10966.38671875,11092.4365234375,6352815
2023-03-27,11176.470703125,11302.521484375,11008.4033203125,11134.4541015625,7605647
2023-03-28,11176.470703125,11344.5380859375,11134.4541015625,11260.50390625,6293910
2023-03-29,11218.4873046875,11260.50390625,11134.4541015625,11176.470703125,4257344
2023-03-30,11092.4365234375,11302.521484375,10966.38671875,11302.521484375,6857137
2023-03-31,11092.4365234375,11218.4873046875,10966.38671875,11008.4033203125,7380380
2023-04-03,11092.4365234375,11260.50390625,11008.4033203125,11176.470703125,10707977
2023-04-04,11344.5380859375,11428.5712890625,11092.4365234375,11176.470703125,13907768
2023-04-05,11302.521484375,11386.5546875,11176.470703125,11344.5380859375,7095137
2023-04-06,11050.419921875,11302.521484375,11050.419921875,11302.521484375,12127766
2023-04-07,10966.38671875,11176.470703125,10966.38671875,11092.4365234375,5638339
2023-04-10,11218.4873046875,11302.521484375,10966.38671875,11050.419921875,14554414
2023-04-11,11260.50390625,11260.50390625,11092.4365234375,11260.50390625,5840877
2023-04-12,11470.587890625,11680.671875,11260.50390625,11260.50390625,20174665
2023-04-13,11302.521484375,11806.72265625,11302.521484375,11512.60546875,14399833
2023-04-14,11008.4033203125,11470.587890625,11008.4033203125,11428.5712890625,7945630
2023-04-17,11218.4873046875,11218.4873046875,11050.419921875,11092.4365234375,7207830
2023-04-18,11344.5380859375,11344.5380859375,11176.470703125,11302.521484375,5526717
2023-04-19,11092.4365234375,11386.5546875,11008.4033203125,11344.5380859375,6747300
2023-04-20,11050.419921875,11218.4873046875,11008.4033203125,11092.4365234375,3683169
2023-04-21,10756.302734375,11050.419921875,10630.251953125,11050.419921875,14032004
2023-04-24,10924.3701171875,10924.3701171875,10714.2861328125,10756.302734375,3771467
2023-04-25,10756.302734375,11134.4541015625,10756.302734375,11008.4033203125,6492164
2023-04-26,10756.302734375,10798.3193359375,10588.2353515625,10714.2861328125,5126639
2023-04-27,10798.3193359375,10924.3701171875,10756.302734375,10756.302734375,3529540
2023-04-28,11008.4033203125,11092.4365234375,10966.38671875,11050.419921875,7294819
2023-05-01,11008.4033203125,11008.4033203125,11008.4033203125,11008.4033203125,0
2023-05-02,11008.4033203125,11008.4033203125,11008.4033203125,11008.4033203125,0
2023-05-03,11008.4033203125,11008.4033203125,11008.4033203125,11008.4033203125,0
2023-05-04,10924.3701171875,11218.4873046875,10924.3701171875,10966.38671875,9703141
2023-05-05,10966.38671875,11050.419921875,10882.3525390625,10924.3701171875,5539331
2023-05-08,11176.470703125,11176.470703125,11008.4033203125,11050.419921875,9677556
2023-05-09,11218.4873046875,11260.50390625,11134.4541015625,11176.470703125,6540002
2023-05-10,11260.50390625,11260.50390625,11134.4541015625,11218.4873046875,5785304
2023-05-11,11176.470703125,11386.5546875,11176.470703125,11302.521484375,7607908
2023-05-12,11260.50390625,11260.50390625,11092.4365234375,11134.4541015625,5788755
2023-05-15,11176.470703125,11302.521484375,11134.4541015625,11302.521484375,6538574
2023-05-16,11344.5380859375,11428.5712890625,11260.50390625,11302.521484375,13252554
2023-05-17,11176.470703125,11428.5712890625,11176.470703125,11344.5380859375,6110293
2023-05-18,11260.50390625,11386.5546875,11176.470703125,11218.4873046875,6814297
2023-05-19,11344.5380859375,11596.638671875,11260.50390625,11260.50390625,13182939
2023-05-22,11428.5712890625,11554.6220703125,11344.5380859375,11428.5712890625,10318252
2023-05-23,11470.587890625,11680.671875,11470.587890625,11512.60546875,15153817
2023-05-24,11470.587890625,11470.587890625,11470.587890625,11470.587890625,0
2023-05-25,11302.521484375,11470.587890625,11302.521484375,11344.5380859375,6846903
2023-05-26,11428.5712890625,11512.60546875,11344.5380859375,11386.5546875,7004340
2023-05-29,11428.5712890625,11596.638671875,11386.5546875,11428.5712890625,7464037
2023-05-30,11470.587890625,11554.6220703125,11386.5546875,11470.587890625,6794305
2023-05-31,11470.587890625,11638.6552734375,11386.5546875,11470.587890625,14275597
2023-06-01,11470.587890625,11554.6220703125,11386.5546875,11512.60546875,6123264
2023-06-02,11470.587890625,11554.6220703125,11428.5712890625,11512.60546875,7926709
2023-06-05,11722.689453125,11848.7392578125,11470.587890625,11512.60546875,19983313
2023-06-06,11596.638671875,11764.7060546875,11554.6220703125,11764.7060546875,7185577
2023-06-07,11554.6220703125,11722.689453125,11554.6220703125,11680.671875,11027849
2023-06-08,11596.638671875,11932.7734375,11554.6220703125,11638.6552734375,18027667
2023-06-09,11554.6220703125,11680.671875,11512.60546875,11638.6552734375,6096370
2023-06-12,11680.671875,11806.72265625,11554.6220703125,11554.6220703125,9400048
2023-06-13,11638.6552734375,11806.72265625,11554.6220703125,11806.72265625,6847974
2023-06-14,11554.6220703125,11722.689453125,11554.6220703125,11638.6552734375,8306676
2023-06-15,11386.5546875,11554.6220703125,11386.5546875,11554.6220703125,6976970
2023-06-16,11344.5380859375,11554.6220703125,11344.5380859375,11428.5712890625,8744953
2023-06-19,11386.5546875,11470.587890625,11344.5380859375,11386.5546875,4123469
2023-06-20,11428.5712890625,11470.587890625,11302.521484375,11386.5546875,4736676
2023-06-21,11470.587890625,11554.6220703125,11386.5546875,11428.5712890625,6593195
2023-06-22,11470.587890625,11470.587890625,11470.587890625,11470.587890625,0
2023-06-23,11512.60546875,11680.671875,11470.587890625,11638.6552734375,6238932
2023-06-26,11470.587890625,11554.6220703125,11386.5546875,11554.6220703125,5730802
2023-06-27,11428.5712890625,11554.6220703125,11386.5546875,11470.587890625,5565154
2023-06-28,11596.638671875,11680.671875,11470.587890625,11512.60546875,10465574
2023-06-29,11386.5546875,11596.638671875,11386.5546875,11512.60546875,6209539
2023-06-30,11260.50390625,11428.5712890625,11218.4873046875,11386.5546875,8240155
2023-07-03,11176.470703125,11386.5546875,11176.470703125,11260.50390625,7217469
2023-07-04,11260.50390625,11302.521484375,11134.4541015625,11302.521484375,6592600
2023-07-05,11344.5380859375,11386.5546875,11260.50390625,11302.521484375,5772928
2023-07-06,11134.4541015625,11386.5546875,11050.419921875,11344.5380859375,8012270
2023-07-07,11008.4033203125,11134.4541015625,10840.3359375,11134.4541015625,12075049
2023-07-10,11092.4365234375,11134.4541015625,11008.4033203125,11008.4033203125,6490022
2023-07-11,11134.4541015625,11218.4873046875,11050.419921875,11134.4541015625,8940232
2023-07-12,11134.4541015625,11260.50390625,11050.419921875,11218.4873046875,5749247
2023-07-13,11218.4873046875,11302.521484375,11134.4541015625,11176.470703125,9869860
2023-07-14,11176.470703125,11260.50390625,11092.4365234375,11218.4873046875,8984024
2023-07-17,11218.4873046875,11260.50390625,11134.4541015625,11260.50390625,7339682
2023-07-18,11344.5380859375,11386.5546875,11176.470703125,11218.4873046875,11525983
2023-07-19,11176.470703125,11386.5546875,11176.470703125,11386.5546875,7241745
2023-07-20,11176.470703125,11176.470703125,11008.4033203125,11176.470703125,10729516
2023-07-21,11134.4541015625,11176.470703125,11008.4033203125,11176.470703125,12022570
2023-07-24,11176.470703125,11260.50390625,11092.4365234375,11218.4873046875,10539592
2023-07-25,11134.4541015625,11260.50390625,11092.4365234375,11260.50390625,10919083
2023-07-26,11386.5546875,11596.638671875,11092.4365234375,11176.470703125,32291007
2023-07-27,11176.470703125,11470.587890625,11176.470703125,11428.5712890625,14637833
2023-07-28,11386.5546875,11428.5712890625,11176.470703125,11176.470703125,20007351
2023-07-31,11512.60546875,11680.671875,11386.5546875,11470.587890625,17261545
2023-08-01,11302.521484375,11638.6552734375,11260.50390625,11638.6552734375,17289034
2023-08-02,11512.60546875,11512.60546875,11260.50390625,11344.5380859375,11549664
2023-08-03,11344.5380859375,11512.60546875,11302.521484375,11512.60546875,9877952
2023-08-04,11428.5712890625,11512.60546875,11260.50390625,11344.5380859375,13602771
2023-08-07,11512.60546875,11596.638671875,11386.5546875,11470.587890625,13771275
2023-08-08,11848.7392578125,11890.755859375,11554.6220703125,11554.6220703125,33288822
2023-08-09,11680.671875,11932.7734375,11638.6552734375,11932.7734375,12228678
2023-08-10,11596.638671875,11764.7060546875,11554.6220703125,11722.689453125,17202045
2023-08-11,11470.587890625,11680.671875,11386.5546875,11596.638671875,12619831
2023-08-14,11554.6220703125,11638.6552734375,11470.587890625,11596.638671875,10424995
2023-08-15,11680.671875,11890.755859375,11470.587890625,11596.638671875,14859530
2023-08-16,11680.671875,11764.7060546875,11554.6220703125,11764.7060546875,9949352
2023-08-17,11764.7060546875,11848.7392578125,11596.638671875,11680.671875,17804780
2023-08-18,10966.38671875,11806.72265625,10966.38671875,11806.72265625,25160408
2023-08-21,10924.3701171875,11050.419921875,10672.2685546875,10966.38671875,10734752
2023-08-22,10756.302734375,10924.3701171875,10336.134765625,10924.3701171875,16650361
2023-08-23,10378.1513671875,10882.3525390625,10378.1513671875,10798.3193359375,15701693
2023-08-24,10588.2353515625,10630.251953125,10378.1513671875,10504.2021484375,9863553
2023-08-25,10504.2021484375,10672.2685546875,10462.1845703125,10546.21875,8048208
2023-08-28,10672.2685546875,10672.2685546875,10504.2021484375,10588.2353515625,5731278
2023-08-29,10588.2353515625,10714.2861328125,10504.2021484375,10672.2685546875,10292191
2023-08-30,10672.2685546875,10756.302734375,10588.2353515625,10630.251953125,6516916
2023-08-31,10756.302734375,10756.302734375,10672.2685546875,10714.2861328125,8633807
2023-09-01,10756.302734375,10756.302734375,10756.302734375,10756.302734375,0
2023-09-04,10756.302734375,10756.302734375,10756.302734375,10756.302734375,0
2023-09-05,10924.3701171875,10966.38671875,10756.302734375,10798.3193359375,10982510
2023-09-06,10924.3701171875,11008.4033203125,10798.3193359375,10924.3701171875,8017506
2023-09-07,10840.3359375,11050.419921875,10840.3359375,11008.4033203125,10037531
2023-09-08,10798.3193359375,10924.3701171875,10798.3193359375,10840.3359375,12392303
2023-09-11,10672.2685546875,10966.38671875,10672.2685546875,10924.3701171875,9752050
2023-09-12,10840.3359375,10882.3525390625,10672.2685546875,10756.302734375,3888206
2023-09-13,10882.3525390625,11092.4365234375,10840.3359375,10882.3525390625,12825701
2023-09-14,10714.2861328125,10924.3701171875,10714.2861328125,10924.3701171875,7961695
2023-09-15,10714.2861328125,10966.38671875,10714.2861328125,10756.302734375,7725004
2023-09-18,10630.251953125,10798.3193359375,10588.2353515625,10798.3193359375,6749680
2023-09-19,10714.2861328125,10798.3193359375,10504.2021484375,10672.2685546875,6508943
2023-09-20,10756.302734375,10798.3193359375,10672.2685546875,10714.2861328125,4315416
2023-09-21,10672.2685546875,10840.3359375,10630.251953125,10756.302734375,6765626
2023-09-22,10336.134765625,10630.251953125,10210.083984375,10588.2353515625,11707696
2023-09-25,9915.966796875,10420.16796875,9915.966796875,10378.1513671875,9442888
2023-09-26,9789.916015625,10042.0166015625,9789.916015625,9957.9833984375,9006753
2023-09-27,9873.94921875,9873.94921875,9663.865234375,9831.9326171875,5411763
2023-09-28,9663.865234375,9915.966796875,9663.865234375,9873.94921875,5779711
2023-09-29,9747.8994140625,10042.0166015625,9747.8994140625,10042.0166015625,6539645
2023-10-02,9873.94921875,9957.9833984375,9747.8994140625,9789.916015625,3407684
2023-10-03,9411.7646484375,9873.94921875,9411.7646484375,9831.9326171875,9408854
2023-10-04,9453.78125,9579.83203125,9327.7314453125,9411.7646484375,6607118
2023-10-05,9159.6640625,9495.7978515625,9159.6640625,9453.78125,9802268
2023-10-06,9411.7646484375,9453.78125,9159.6640625,9201.6806640625,6118623
2023-10-09,9411.7646484375,9411.7646484375,9243.697265625,9243.697265625,11362239
2023-10-10,9621.8486328125,9621.8486328125,9453.78125,9453.78125,6089587
2023-10-11,9663.865234375,9789.916015625,9537.8154296875,9789.916015625,4690623
2023-10-12,9621.8486328125,9705.8828125,9579.83203125,9705.8828125,3854053
2023-10-13,9579.83203125,9621.8486328125,9411.7646484375,9453.78125,5682250
2023-10-16,9537.8154296875,9663.865234375,9453.78125,9579.83203125,3669960
2023-10-17,9453.78125,9621.8486328125,9453.78125,9537.8154296875,3948301
2023-10-18,9453.78125,9495.7978515625,9159.6640625,9453.78125,8271095
2023-10-19,9285.7138671875,9411.7646484375,9201.6806640625,9369.748046875,3615458
2023-10-20,9411.7646484375,9411.7646484375,9201.6806640625,9327.7314453125,4601016
2023-10-23,9285.7138671875,9453.78125,9201.6806640625,9411.7646484375,3912482
2023-10-24,9411.7646484375,9411.7646484375,9201.6806640625,9285.7138671875,4612916
2023-10-25,9411.7646484375,9537.8154296875,9369.748046875,9411.7646484375,3387692
2023-10-26,9075.6298828125,9369.748046875,9033.61328125,9369.748046875,10447962
2023-10-27,9243.697265625,9243.697265625,9033.61328125,9159.6640625,4292092
2023-10-30,9117.6474609375,9243.697265625,9117.6474609375,9159.6640625,2945488
2023-10-31,8907.5634765625,9201.6806640625,8907.5634765625,9159.6640625,6358527
2023-11-01,8991.5966796875,8991.5966796875,8865.5458984375,8949.580078125,3960677
2023-11-02,9327.7314453125,9369.748046875,9075.6298828125,9075.6298828125,5753293
2023-11-03,9327.7314453125,9411.7646484375,9243.697265625,9369.748046875,5705693
2023-11-06,9453.78125,9453.78125,9327.7314453125,9369.748046875,5777093
2023-11-07,9369.748046875,9495.7978515625,9327.7314453125,9411.7646484375,3789317
2023-11-08,9663.865234375,9663.865234375,9327.7314453125,9411.7646484375,6061860
2023-11-09,9705.8828125,9915.966796875,9579.83203125,9663.865234375,12980996
2023-11-10,9831.9326171875,10084.033203125,9747.8994140625,9873.94921875,14433034
2023-11-13,10000.0,10168.0673828125,9915.966796875,9957.9833984375,14572383
2023-11-14,9957.9833984375,10084.033203125,9831.9326171875,10084.033203125,8100211
2023-11-15,9873.94921875,10168.0673828125,9873.94921875,10042.0166015625,11676042
2023-11-16,9957.9833984375,9957.9833984375,9789.916015625,9915.966796875,4508434
2023-11-17,9789.916015625,10042.0166015625,9747.8994140625,9957.9833984375,6892361
2023-11-20,9789.916015625,9831.9326171875,9621.8486328125,9705.8828125,5598712
2023-11-21,9831.9326171875,9915.966796875,9747.8994140625,9831.9326171875,3464090
2023-11-22,9789.916015625,9831.9326171875,9663.865234375,9831.9326171875,5726637
2023-11-23,9621.8486328125,9831.9326171875,9621.8486328125,9831.9326171875,6764555
2023-11-24,9579.83203125,9663.865234375,9411.7646484375,9621.8486328125,7510804
2023-11-27,9495.7978515625,9621.8486328125,9495.7978515625,9579.83203125,2661316
2023-11-28,9495.7978515625,9537.8154296875,9369.748046875,9495.7978515625,5107123
2023-11-29,9495.7978515625,9579.83203125,9495.7978515625,9537.8154296875,4230331
2023-11-30,9453.78125,9621.8486328125,9411.7646484375,9579.83203125,5228027
2023-12-01,9495.7978515625,9537.8154296875,9411.7646484375,9537.8154296875,3004988
2023-12-04,9705.8828125,9747.8994140625,9495.7978515625,9537.8154296875,6750632
2023-12-05,9621.8486328125,9789.916015625,9621.8486328125,9705.8828125,4394313
2023-12-06,9705.8828125,9747.8994140625,9621.8486328125,9663.865234375,2759491
2023-12-07,9663.865234375,9831.9326171875,9621.8486328125,9705.8828125,5998671
2023-12-08,9789.916015625,9957.9833984375,9705.8828125,9747.8994140625,7812945
2023-12-11,9747.8994140625,9873.94921875,9705.8828125,9831.9326171875,2883727
2023-12-12,9747.8994140625,9831.9326171875,9663.865234375,9789.916015625,3573451
2023-12-13,9579.83203125,9747.8994140625,9579.83203125,9747.8994140625,5298713
2023-12-14,9495.7978515625,9663.865234375,9453.78125,9621.8486328125,3786937
2023-12-15,9411.7646484375,9579.83203125,9411.7646484375,9537.8154296875,8241107
2023-12-18,9327.7314453125,9495.7978515625,9327.7314453125,9453.78125,3997329
2023-12-19,9411.7646484375,9453.78125,9327.7314453125,9327.7314453125,3051398
2023-12-20,9495.7978515625,9537.8154296875,9411.7646484375,9495.7978515625,3453380
2023-12-21,9495.7978515625,9537.8154296875,9453.78125,9495.7978515625,2484839
2023-12-22,9453.78125,9537.8154296875,9369.748046875,9537.8154296875,4909821
2023-12-25,9495.7978515625,9579.83203125,9411.7646484375,9495.7978515625,4593162
2023-12-26,9453.78125,9579.83203125,9411.7646484375,9495.7978515625,4657303
2023-12-27,9369.748046875,9537.8154296875,9369.748046875,9537.8154296875,8220044
2023-12-28,9453.78125,9495.7978515625,9369.748046875,9453.78125,3529778
2023-12-29,9453.78125,9495.7978515625,9411.7646484375,9453.78125,6629609
2024-01-01,9453.78125,9453.78125,9453.78125,9453.78125,0
2024-01-02,9453.78125,9537.8154296875,9411.7646484375,9495.7978515625,4167499
2024-01-03,9579.83203125,9579.83203125,9411.7646484375,9453.78125,5379038
2024-01-04,9621.8486328125,9747.8994140625,9579.83203125,9621.8486328125,9220120
2024-01-05,9495.7978515625,9663.865234375,9495.7978515625,9621.8486328125,5129257
2024-01-08,9579.83203125,9621.8486328125,9495.7978515625,9537.8154296875,7146902
2024-01-09,9621.8486328125,9621.8486328125,9537.8154296875,9579.83203125,4831400
2024-01-10,9579.83203125,9705.8828125,9537.8154296875,9663.865234375,5142228
2024-01-11,9789.916015625,9915.966796875,9579.83203125,9579.83203125,13629665
2024-01-12,9621.8486328125,9873.94921875,9537.8154296875,9873.94921875,9869979
2024-01-15,9579.83203125,9747.8994140625,9579.83203125,9705.8828125,5062498
2024-01-16,9663.865234375,9663.865234375,9537.8154296875,9579.83203125,3318196
2024-01-17,9579.83203125,9705.8828125,9579.83203125,9663.865234375,5052145
2024-01-18,9579.83203125,9621.8486328125,9537.8154296875,9579.83203125,4250323
2024-01-19,9705.8828125,9747.8994140625,9621.8486328125,9621.8486328125,7042063
2024-01-22,9705.8828125,9789.916015625,9621.8486328125,9747.8994140625,4788560
2024-01-23,9621.8486328125,9747.8994140625,9579.83203125,9705.8828125,4863411
2024-01-24,9579.83203125,9663.865234375,9537.8154296875,9621.8486328125,4314583
2024-01-25,9579.83203125,9579.83203125,9579.83203125,9579.83203125,0
2024-01-26,9579.83203125,9621.8486328125,9579.83203125,9579.83203125,2755564
2024-01-29,9579.83203125,9663.865234375,9579.83203125,9621.8486328125,3983168
2024-01-30,9663.865234375,9789.916015625,9579.83203125,9621.8486328125,8656774
2024-01-31,9537.8154296875,9705.8828125,9537.8154296875,9705.8828125,5441989
2024-02-01,9537.8154296875,9621.8486328125,9495.7978515625,9537.8154296875,3024028
2024-02-02,9537.8154296875,9537.8154296875,9537.8154296875,9537.8154296875,0
2024-02-05,9453.78125,9537.8154296875,9453.78125,9537.8154296875,4379676
2024-02-06,9537.8154296875,9537.8154296875,9453.78125,9495.7978515625,4693717
2024-02-07,9537.8154296875,9579.83203125,9495.7978515625,9537.8154296875,3400663
2024-02-08,9537.8154296875,9537.8154296875,9537.8154296875,9537.8154296875,0
2024-02-09,9537.8154296875,9537.8154296875,9537.8154296875,9537.8154296875,0
2024-02-12,9537.8154296875,9537.8154296875,9537.8154296875,9537.8154296875,0
2024-02-13,9537.8154296875,9537.8154296875,9537.8154296875,9537.8154296875,0
2024-02-14,9537.8154296875,9537.8154296875,9537.8154296875,9537.8154296875,0
2024-02-15,9579.83203125,9621.8486328125,9537.8154296875,9579.83203125,5106409
2024-02-16,9663.865234375,9663.865234375,9579.83203125,9621.8486328125,3446240
2024-02-19,10084.033203125,10168.0673828125,9663.865234375,9663.865234375,26792969
2024-02-20,10000.0,10294.1171875,9957.9833984375,10126.05078125,9134202
2024-02-21,9915.966796875,10000.0,9873.94921875,9957.9833984375,7915761
2024-02-22,9873.94921875,10000.0,9873.94921875,9915.966796875,6372688
2024-02-23,9663.865234375,9957.9833984375,9663.865234375,9915.966796875,11103771
2024-02-26,9705.8828125,9747.8994140625,9621.8486328125,9663.865234375,8107113
2024-02-27,9873.94921875,9915.966796875,9705.8828125,9747.8994140625,7799855
2024-02-28,9915.966796875,10000.0,9873.94921875,9957.9833984375,8398187
2024-02-29,9789.916015625,10000.0,9789.916015625,10000.0,7707987
2024-03-01,9873.94921875,9873.94921875,9747.8994140625,9789.916015625,5713428
2024-03-04,9957.9833984375,10000.0,9873.94921875,9957.9833984375,8432697
2024-03-05,9957.9833984375,10000.0,9873.94921875,9957.9833984375,5461862
2024-03-06,10000.0,10168.0673828125,9915.966796875,9915.966796875,10560060
2024-03-07,9957.9833984375,10042.0166015625,9873.94921875,10000.0,6801326
2024-03-08,9831.9326171875,10126.05078125,9831.9326171875,10000.0,16150323
2024-03-11,9747.8994140625,9915.966796875,9663.865234375,9873.94921875,8332856
2024-03-12,9663.865234375,9789.916015625,9663.865234375,9747.8994140625,7102753
2024-03-13,9747.8994140625,9789.916015625,9663.865234375,9663.865234375,4869718
2024-03-14,9747.8994140625,9831.9326171875,9705.8828125,9747.8994140625,8300369
2024-03-15,9621.8486328125,9789.916015625,9579.83203125,9747.8994140625,12636729
2024-03-18,9495.7978515625,9705.8828125,9411.7646484375,9621.8486328125,15184162
2024-03-19,9453.78125,9579.83203125,9411.7646484375,9495.7978515625,4931241
2024-03-20,9579.83203125,9621.8486328125,9453.78125,9495.7978515625,6398630
2024-03-21,9579.83203125,9663.865234375,9579.83203125,9621.8486328125,7624806
2024-03-22,9663.865234375,9705.8828125,9537.8154296875,9579.83203125,10464265
2024-03-25,9579.83203125,9789.916015625,9579.83203125,9705.8828125,9596755
2024-03-26,9621.8486328125,9621.8486328125,9495.7978515625,9579.83203125,5459958
2024-03-27,9621.8486328125,9747.8994140625,9621.8486328125,9663.865234375,7035042
2024-03-28,9621.8486328125,9705.8828125,9579.83203125,9663.865234375,4842705
2024-03-29,9579.83203125,9663.865234375,9537.8154296875,9663.865234375,5720449
2024-04-01,9537.8154296875,9621.8486328125,9537.8154296875,9579.83203125,6432783
2024-04-02,9705.8828125,9789.916015625,9495.7978515625,9579.83203125,10552444
2024-04-03,9579.83203125,9747.8994140625,9537.8154296875,9705.8828125,8231230
2024-04-04,9495.7978515625,9621.8486328125,9453.78125,9579.83203125,9651614
2024-04-05,9453.78125,9537.8154296875,9411.7646484375,9495.7978515625,8841700
2024-04-08,9411.7646484375,9495.7978515625,9369.748046875,9453.78125,4816763
2024-04-09,9495.7978515625,9537.8154296875,9411.7646484375,9495.7978515625,5920012
2024-04-10,9495.7978515625,9537.8154296875,9411.7646484375,9495.7978515625,5988556
2024-04-11,9411.7646484375,9453.78125,9411.7646484375,9453.78125,6557495
2024-04-12,9453.78125,9495.7978515625,9411.7646484375,9411.7646484375,6384707
2024-04-15,9369.748046875,9705.8828125,9369.748046875,9537.8154296875,15800344
2024-04-16,9159.6640625,9411.7646484375,9075.6298828125,9411.7646484375,13362986
2024-04-17,9201.6806640625,9327.7314453125,9117.6474609375,9159.6640625,7798903
2024-04-18,9201.6806640625,9201.6806640625,9201.6806640625,9201.6806640625,0
2024-04-19,8907.5634765625,9201.6806640625,8907.5634765625,9159.6640625,10158911
2024-04-22,8949.580078125,9075.6298828125,8907.5634765625,8991.5966796875,4527355
2024-04-23,8781.5126953125,8991.5966796875,8739.49609375,8949.580078125,5894308
2024-04-24,8949.580078125,9033.61328125,8781.5126953125,8781.5126953125,6552021
2024-04-25,8865.5458984375,8991.5966796875,8823.529296875,8949.580078125,3998400
2024-04-26,8823.529296875,8907.5634765625,8781.5126953125,8823.529296875,5911444
2024-04-29,8823.529296875,8823.529296875,8823.529296875,8823.529296875,0
2024-04-30,8823.529296875,8823.529296875,8823.529296875,8823.529296875,0
2024-05-01,8823.529296875,8823.529296875,8823.529296875,8823.529296875,0
2024-05-02,9327.7314453125,9369.748046875,8865.5458984375,8907.5634765625,10740702
2024-05-03,9201.6806640625,9369.748046875,9159.6640625,9327.7314453125,5751389
2024-05-06,9327.7314453125,9453.78125,9201.6806640625,9243.697265625,7321237
2024-05-07,9327.7314453125,9369.748046875,9243.697265625,9327.7314453125,3882851
2024-05-08,9369.748046875,9453.78125,9201.6806640625,9327.7314453125,7558523
2024-05-09,9327.7314453125,9453.78125,9285.7138671875,9411.7646484375,4378962
2024-05-10,9201.6806640625,9369.748046875,9201.6806640625,9327.7314453125,5831595
2024-05-13,9243.697265625,9285.7138671875,9201.6806640625,9201.6806640625,3593562
2024-05-14,9201.6806640625,9285.7138671875,9201.6806640625,9243.697265625,3916171
2024-05-15,9243.697265625,9285.7138671875,9159.6640625,9243.697265625,6207278
2024-05-16,9369.748046875,9495.7978515625,9243.697265625,9285.7138671875,9302587
2024-05-17,9453.78125,9495.7978515625,9369.748046875,9453.78125,8534442
2024-05-20,9537.8154296875,9663.865234375,9453.78125,9453.78125,11609878
2024-05-21,9495.7978515625,9579.83203125,9411.7646484375,9579.83203125,7276255
2024-05-22,9537.8154296875,9747.8994140625,9411.7646484375,9495.7978515625,14915460
2024-05-23,9705.8828125,9789.916015625,9495.7978515625,9579.83203125,17911642
2024-05-24,9537.8154296875,9789.916015625,9453.78125,9705.8828125,15905064
2024-05-27,10168.0673828125,10168.0673828125,9579.83203125,9621.8486328125,49071911
2024-05-28,10462.1845703125,10546.21875,10294.1171875,10420.16796875,30144128
2024-05-29,10546.21875,10714.2861328125,10336.134765625,10504.2021484375,33424482
2024-05-30,10756.302734375,10840.3359375,10420.16796875,10504.2021484375,25682342
2024-05-31,10588.2353515625,10798.3193359375,10546.21875,10756.302734375,13395592
2024-06-03,10588.2353515625,10588.2353515625,10588.2353515625,10588.2353515625,0
2024-06-04,11764.7060546875,11890.755859375,11218.4873046875,11386.5546875,42756938
2024-06-05,11554.6220703125,12016.806640625,11554.6220703125,11764.7060546875,29609580
2024-06-06,11386.5546875,11848.7392578125,11386.5546875,11554.6220703125,18899937
2024-06-07,11722.689453125,11890.755859375,11470.587890625,11554.6220703125,17259998
2024-06-10,11470.587890625,11806.72265625,11386.5546875,11764.7060546875,20195966
2024-06-11,11890.755859375,12100.8408203125,11470.587890625,11554.6220703125,26641839
2024-06-12,11764.7060546875,11932.7734375,11638.6552734375,11890.755859375,16749964
2024-06-13,11890.755859375,12142.857421875,11722.689453125,11848.7392578125,20504295
2024-06-14,11554.6220703125,11932.7734375,11554.6220703125,11890.755859375,18709418
2024-06-17,11722.689453125,11890.755859375,11386.5546875,11512.60546875,16409386
2024-06-18,12521.0087890625,12521.0087890625,11764.7060546875,11806.72265625,43586130
2024-06-19,12563.025390625,12941.1767578125,12563.025390625,12689.0751953125,19261578
2024-06-20,12689.0751953125,12899.1591796875,12478.9912109375,12647.05859375,15506890
2024-06-21,12352.94140625,12857.142578125,12352.94140625,12731.0927734375,16290505
2024-06-24,12605.0419921875,12857.142578125,12100.8408203125,12352.94140625,32471173
2024-06-25,12605.0419921875,12773.109375,12352.94140625,12773.109375,10855180
2024-06-26,12857.142578125,13025.2099609375,12605.0419921875,12605.0419921875,18912313
2024-06-27,12394.9580078125,12857.142578125,12394.9580078125,12857.142578125,17938298
2024-06-28,12521.0087890625,12605.0419921875,12142.857421875,12394.9580078125,13611577
2024-07-01,12226.890625,12521.0087890625,12100.8408203125,12436.974609375,12037802
2024-07-02,12184.8740234375,12352.94140625,12100.8408203125,12352.94140625,11234909
2024-07-03,12689.0751953125,12899.1591796875,12226.890625,12310.9248046875,21522459
2024-07-04,12394.9580078125,12899.1591796875,12352.94140625,12815.1259765625,13146882
2024-07-05,12268.9072265625,12521.0087890625,12268.9072265625,12394.9580078125,13414870
2024-07-08,12647.05859375,12647.05859375,12268.9072265625,12310.9248046875,18987878
2024-07-09,12857.142578125,13361.3447265625,12689.0751953125,12815.1259765625,28556668
2024-07-10,12647.05859375,12941.1767578125,12605.0419921875,12857.142578125,16291814
2024-07-11,12689.0751953125,12983.193359375,12647.05859375,12689.0751953125,13072626
2024-07-12,12773.109375,12815.1259765625,12605.0419921875,12689.0751953125,10012422
2024-07-15,12773.109375,12899.1591796875,12478.9912109375,12899.1591796875,10885882
2024-07-16,12521.0087890625,13067.2265625,12521.0087890625,12857.142578125,17872372
2024-07-17,11680.671875,12689.0751953125,11680.671875,12563.025390625,38053225
2024-07-18,11932.7734375,11932.7734375,11596.638671875,11764.7060546875,19949398
2024-07-19,11176.470703125,11974.7900390625,11134.4541015625,11932.7734375,29469636
2024-07-22,11302.521484375,11554.6220703125,11008.4033203125,11260.50390625,15000664
2024-07-23,10798.3193359375,11470.587890625,10756.302734375,11344.5380859375,13845293
2024-07-24,11092.4365234375,11176.470703125,10672.2685546875,10714.2861328125,13508166
2024-07-25,10840.3359375,11134.4541015625,10672.2685546875,11050.419921875,10186400
2024-07-26,11386.5546875,11428.5712890625,10924.3701171875,10924.3701171875,15290548
2024-07-29,11428.5712890625,11512.60546875,11218.4873046875,11512.60546875,8442217
2024-07-30,11260.50390625,11638.6552734375,11260.50390625,11554.6220703125,12013050
2024-07-31,11302.521484375,11512.60546875,11176.470703125,11428.5712890625,7661101
2024-08-01,11050.419921875,11428.5712890625,10840.3359375,11386.5546875,13956677
2024-08-02,11596.638671875,11596.638671875,10840.3359375,10882.3525390625,12787978
2024-08-05,11176.470703125,11554.6220703125,10966.38671875,11386.5546875,14323911
2024-08-06,11554.6220703125,11638.6552734375,11176.470703125,11176.470703125,12005553
2024-08-07,11554.6220703125,11638.6552734375,11302.521484375,11554.6220703125,7019572
2024-08-08,11596.638671875,11890.755859375,11386.5546875,11554.6220703125,15025892
2024-08-09,11638.6552734375,11764.7060546875,11470.587890625,11764.7060546875,8793624
2024-08-12,11428.5712890625,11722.689453125,11428.5712890625,11722.689453125,9657207
2024-08-13,11260.50390625,11428.5712890625,10966.38671875,11386.5546875,14289877
2024-08-14,11218.4873046875,11302.521484375,11134.4541015625,11302.521484375,3722320
2024-08-15,10966.38671875,11218.4873046875,10966.38671875,11134.4541015625,6357099
2024-08-16,11302.521484375,11386.5546875,11008.4033203125,11008.4033203125,9052211
2024-08-19,11344.5380859375,11554.6220703125,11344.5380859375,11386.5546875,10042053
2024-08-20,11344.5380859375,11428.5712890625,11176.470703125,11386.5546875,10890880
2024-08-21,11554.6220703125,11722.689453125,11260.50390625,11344.5380859375,15036126
2024-08-22,11428.5712890625,11596.638671875,11386.5546875,11596.638671875,7185339
2024-08-23,11386.5546875,11512.60546875,11344.5380859375,11428.5712890625,6883555
2024-08-26,11260.50390625,11512.60546875,11260.50390625,11512.60546875,7849597
2024-08-27,11302.521484375,11344.5380859375,11134.4541015625,11260.50390625,7071099
2024-08-28,11470.587890625,11512.60546875,11260.50390625,11302.521484375,9245824
2024-08-29,11386.5546875,11638.6552734375,11386.5546875,11512.60546875,5776260
2024-08-30,11302.521484375,11428.5712890625,11302.521484375,11386.5546875,4901967
2024-09-02,11302.521484375,11302.521484375,11302.521484375,11302.521484375,0
2024-09-03,11302.521484375,11302.521484375,11302.521484375,11302.521484375,0
2024-09-04,11092.4365234375,11260.50390625,11092.4365234375,11218.4873046875,7836983
2024-09-05,10966.38671875,11176.470703125,10840.3359375,11092.4365234375,9365776
2024-09-06,11008.4033203125,11050.419921875,10756.302734375,11050.419921875,6655432
2024-09-09,10966.38671875,11050.419921875,10840.3359375,11008.4033203125,3008201
2024-09-10,10924.3701171875,11134.4541015625,10882.3525390625,11134.4541015625,4007325
2024-09-11,10798.3193359375,10966.38671875,10756.302734375,10882.3525390625,4503555
2024-09-12,10840.3359375,10966.38671875,10840.3359375,10840.3359375,1962548
2024-09-13,10756.302734375,10924.3701171875,10756.302734375,10882.3525390625,2756278
2024-09-16,10336.134765625,10882.3525390625,10294.1171875,10798.3193359375,10780091
2024-09-17,10546.21875,10546.21875,10294.1171875,10378.1513671875,5533143
2024-09-18,10714.2861328125,10714.2861328125,10462.1845703125,10588.2353515625,8744001
2024-09-19,10546.21875,10756.302734375,10546.21875,10714.2861328125,3767778
2024-09-20,10546.21875,10714.2861328125,10504.2021484375,10588.2353515625,6226556
2024-09-23,10504.2021484375,10672.2685546875,10504.2021484375,10630.251953125,3754093
2024-09-24,10588.2353515625,10630.251953125,10504.2021484375,10546.21875,2763418
2024-09-25,10966.38671875,10966.38671875,10588.2353515625,10672.2685546875,18340875
2024-09-26,10966.38671875,11050.419921875,10882.3525390625,10966.38671875,7180936
2024-09-27,10966.38671875,11134.4541015625,10924.3701171875,10924.3701171875,8925119
2024-09-30,11008.4033203125,11008.4033203125,10840.3359375,10966.38671875,5478879
2024-10-01,11092.4365234375,11134.4541015625,10966.38671875,11008.4033203125,8818971
2024-10-02,11050.419921875,11092.4365234375,10966.38671875,11092.4365234375,4716089
2024-10-03,10756.302734375,11176.470703125,10756.302734375,11008.4033203125,9402428
2024-10-04,10882.3525390625,10924.3701171875,10756.302734375,10840.3359375,4021248
2024-10-07,10714.2861328125,11008.4033203125,10714.2861328125,10966.38671875,5501370
2024-10-08,10756.302734375,10882.3525390625,10672.2685546875,10756.302734375,3420179
2024-10-09,10882.3525390625,10882.3525390625,10714.2861328125,10798.3193359375,5168051
2024-10-10,10840.3359375,11008.4033203125,10798.3193359375,10924.3701171875,3635331
2024-10-11,10588.2353515625,10924.3701171875,10588.2353515625,10924.3701171875,10602424
2024-10-14,10756.302734375,11008.4033203125,10756.302734375,10756.302734375,9935548
2024-10-15,10588.2353515625,10882.3525390625,10504.2021484375,10756.302734375,6096132
2024-10-16,10588.2353515625,10714.2861328125,10504.2021484375,10672.2685546875,3500147
2024-10-17,10546.21875,10630.251953125,10420.16796875,10504.2021484375,4770115
2024-10-18,10504.2021484375,10672.2685546875,10504.2021484375,10546.21875,4112640
2024-10-21,10462.1845703125,10546.21875,10420.16796875,10504.2021484375,3427557
2024-10-22,10252.1005859375,10462.1845703125,10126.05078125,10462.1845703125,10427137
2024-10-23,10294.1171875,10420.16796875,10210.083984375,10294.1171875,3854886
2024-10-24,10168.0673828125,10378.1513671875,10168.0673828125,10294.1171875,4108713
2024-10-25,10000.0,10252.1005859375,10000.0,10252.1005859375,5199467
2024-10-28,10042.0166015625,10084.033203125,9957.9833984375,10042.0166015625,3094000
2024-10-29,10126.05078125,10210.083984375,10042.0166015625,10042.0166015625,4129181
2024-10-30,10126.05078125,10168.0673828125,10042.0166015625,10126.05078125,2715580
2024-10-31,10042.0166015625,10252.1005859375,10042.0166015625,10252.1005859375,6731949
2024-11-01,9747.8994140625,10084.033203125,9747.8994140625,10084.033203125,8928808
2024-11-04,9621.8486328125,9831.9326171875,9621.8486328125,9831.9326171875,6026517
2024-11-05,9705.8828125,9747.8994140625,9621.8486328125,9621.8486328125,4132037
2024-11-06,9915.966796875,9957.9833984375,9747.8994140625,9747.8994140625,7077168
2024-11-07,9831.9326171875,10000.0,9831.9326171875,10000.0,3151120
2024-11-08,9831.9326171875,10000.0,9789.916015625,9831.9326171875,5187210
2024-11-11,9831.9326171875,9915.966796875,9705.8828125,9831.9326171875,4397526
2024-11-12,9831.9326171875,10000.0,9831.9326171875,9873.94921875,7413700
2024-11-13,9831.9326171875,9873.94921875,9705.8828125,9831.9326171875,4081224
2024-11-14,9663.865234375,9873.94921875,9621.8486328125,9831.9326171875,6150634
2024-11-15,9453.78125,9663.865234375,9453.78125,9621.8486328125,9146340
2024-11-18,9495.7978515625,9579.83203125,9411.7646484375,9453.78125,5006568
2024-11-19,9411.7646484375,9579.83203125,9411.7646484375,9537.8154296875,4210577
2024-11-20,9537.8154296875,9663.865234375,9369.748046875,9369.748046875,4947306
2024-11-21,9621.8486328125,9621.8486328125,9495.7978515625,9537.8154296875,2578492
2024-11-22,9579.83203125,9663.865234375,9495.7978515625,9621.8486328125,3705898
2024-11-25,10210.083984375,10210.083984375,9579.83203125,9579.83203125,22150660
2024-11-26,10378.1513671875,10504.2021484375,10252.1005859375,10252.1005859375,12975760
2024-11-27,10546.21875,10630.251953125,10210.083984375,10294.1171875,15533189
2024-11-28,10462.1845703125,10630.251953125,10462.1845703125,10630.251953125,5687724
2024-11-29,10420.16796875,10546.21875,10420.16796875,10462.1845703125,7913500
2024-12-02,10420.16796875,10588.2353515625,10294.1171875,10504.2021484375,5927628
2024-12-03,10630.251953125,10714.2861328125,10252.1005859375,10420.16796875,16215654
2024-12-04,10336.134765625,10630.251953125,10294.1171875,10630.251953125,6871774
2024-12-05,10504.2021484375,10546.21875,10294.1171875,10336.134765625,10459386
2024-12-06,10462.1845703125,10630.251953125,10420.16796875,10546.21875,7842576
2024-12-09,10504.2021484375,10546.21875,10378.1513671875,10462.1845703125,6170150
2024-12-10,10630.251953125,10924.3701171875,10546.21875,10546.21875,15183448
2024-12-11,10420.16796875,10672.2685546875,10378.1513671875,10630.251953125,6685063
2024-12-12,10336.134765625,10546.21875,10336.134765625,10504.2021484375,6527031
2024-12-13,10294.1171875,10378.1513671875,10252.1005859375,10378.1513671875,4068610
2024-12-16,10420.16796875,10420.16796875,10294.1171875,10336.134765625,4296852
2024-12-17,10378.1513671875,10462.1845703125,10294.1171875,10420.16796875,2846123
2024-12-18,10588.2353515625,10588.2353515625,10336.134765625,10378.1513671875,8360464
2024-12-19,10420.16796875,10504.2021484375,10336.134765625,10462.1845703125,6059599
2024-12-20,10252.1005859375,10504.2021484375,10252.1005859375,10504.2021484375,9006396
2024-12-23,10168.0673828125,10336.134765625,10168.0673828125,10294.1171875,7310289
2024-12-24,10126.05078125,10210.083984375,9957.9833984375,10168.0673828125,10420711
2024-12-25,10210.083984375,10294.1171875,10042.0166015625,10042.0166015625,5452818
2024-12-26,10210.083984375,10294.1171875,10126.05078125,10210.083984375,4191299
2024-12-27,10084.033203125,10252.1005859375,10084.033203125,10252.1005859375,4943736
2024-12-30,10210.083984375,10210.083984375,10042.0166015625,10084.033203125,3890705
2024-12-31,10084.033203125,10210.083984375,10084.033203125,10210.083984375,2195312
2025-01-01,10084.033203125,10084.033203125,10084.033203125,10084.033203125,0
2025-01-02,10084.033203125,10210.083984375,10042.0166015625,10084.033203125,3600107
2025-01-03,9915.966796875,10084.033203125,9873.94921875,10084.033203125,5943455
2025-01-06,9705.8828125,10042.0166015625,9663.865234375,9915.966796875,6477051
2025-01-07,9621.8486328125,9789.916015625,9621.8486328125,9747.8994140625,4789512
2025-01-08,9789.916015625,9873.94921875,9621.8486328125,9621.8486328125,3393404
2025-01-09,9831.9326171875,9873.94921875,9747.8994140625,9831.9326171875,2405823
2025-01-10,9789.916015625,10168.0673828125,9789.916015625,9831.9326171875,5640243
2025-01-13,9915.966796875,10000.0,9831.9326171875,9831.9326171875,3955322
2025-01-14,9789.916015625,10000.0,9789.916015625,9957.9833984375,2933469
2025-01-15,10000.0,10000.0,9789.916015625,9873.94921875,3107209
2025-01-16,10000.0,10000.0,9789.916015625,9873.94921875,3107209
2025-01-17,9873.94921875,9957.9833984375,9831.9326171875,9957.9833984375,3096261
2025-01-20,9747.8994140625,9915.966796875,9747.8994140625,9873.94921875,4445126
2025-01-21,9579.83203125,9831.9326171875,9537.8154296875,9831.9326171875,6433259
2025-01-22,9495.7978515625,9705.8828125,9495.7978515625,9621.8486328125,4520096
2025-01-23,9621.8486328125,9663.865234375,9537.8154296875,9537.8154296875,4268768
2025-01-24,9663.865234375,9663.865234375,9537.8154296875,9663.865234375,7039445
2025-01-27,9663.865234375,9663.865234375,9663.865234375,9663.865234375,0
2025-01-28,9663.865234375,9663.865234375,9663.865234375,9663.865234375,0
2025-01-29,9663.865234375,9663.865234375,9663.865234375,9663.865234375,0
2025-01-30,9663.865234375,9663.865234375,9663.865234375,9663.865234375,0
2025-01-31,9663.865234375,9663.865234375,9663.865234375,9663.865234375,0
2025-02-03,9705.8828125,9789.916015625,9663.865234375,9705.8828125,4265317
2025-02-04,9873.94921875,9915.966796875,9705.8828125,9747.8994140625,6089349
2025-02-05,9873.94921875,10000.0,9873.94921875,10000.0,4097289
2025-02-06,9915.966796875,10042.0166015625,9873.94921875,9915.966796875,3413158
2025-02-07,10042.0166015625,10252.1005859375,9915.966796875,9957.9833984375,11404365
2025-02-10,9915.966796875,10084.033203125,9915.966796875,10042.0166015625,3976742
2025-02-11,10042.0166015625,10084.033203125,9915.966796875,9957.9833984375,4406927
2025-02-12,10000.0,10126.05078125,9915.966796875,10042.0166015625,3507644
2025-02-13,10210.083984375,10294.1171875,9957.9833984375,9957.9833984375,8573593
2025-02-14,10210.083984375,10336.134765625,10168.0673828125,10210.083984375,4581024
2025-02-17,10294.1171875,10504.2021484375,10168.0673828125,10294.1171875,11879532
2025-02-18,10294.1171875,10420.16796875,10252.1005859375,10378.1513671875,2832319
2025-02-19,10420.16796875,10504.2021484375,10294.1171875,10294.1171875,8972362
2025-02-20,10252.1005859375,10462.1845703125,10252.1005859375,10462.1845703125,7746186
2025-02-21,10378.1513671875,10462.1845703125,10252.1005859375,10252.1005859375,7343371
2025-02-24,10378.1513671875,10420.16796875,10294.1171875,10336.134765625,4379914
2025-02-25,10294.1171875,10462.1845703125,10252.1005859375,10420.16796875,7490931
2025-02-26,10168.0673828125,10336.134765625,10126.05078125,10336.134765625,5382013
2025-02-27,10084.033203125,10210.083984375,10000.0,10168.0673828125,7403704
2025-02-28,10294.1171875,10420.16796875,10126.05078125,10126.05078125,10089177
2025-03-03,10336.134765625,10546.21875,10294.1171875,10336.134765625,7230202
2025-03-04,10210.083984375,10378.1513671875,10168.0673828125,10294.1171875,6227508
2025-03-05,10042.0166015625,10294.1171875,10042.0166015625,10252.1005859375,8589539
2025-03-06,10168.0673828125,10168.0673828125,10042.0166015625,10084.033203125,4147269
2025-03-07,10168.0673828125,10210.083984375,10084.033203125,10168.0673828125,4731559
2025-03-10,10126.05078125,10252.1005859375,10126.05078125,10210.083984375,6289150
2025-03-11,10126.05078125,10126.05078125,10000.0,10042.0166015625,3896893
2025-03-12,10168.0673828125,10210.083984375,10084.033203125,10084.033203125,5532191
2025-03-13,10042.0166015625,10252.1005859375,10000.0,10168.0673828125,6915209
2025-03-14,10084.033203125,10084.033203125,9915.966796875,10042.0166015625,9926028
2025-03-17,10168.0673828125,10210.083984375,10084.033203125,10168.0673828125,4756668
2025-03-18,10840.3359375,10840.3359375,10252.1005859375,10252.1005859375,42246190
2025-03-19,10840.3359375,11092.4365234375,10756.302734375,11092.4365234375,13190079
2025-03-20,10798.3193359375,10966.38671875,10630.251953125,10840.3359375,12749660
2025-03-21,10462.1845703125,10798.3193359375,10462.1845703125,10714.2861328125,17066147
2025-03-24,10714.2861328125,10714.2861328125,10420.16796875,10504.2021484375,12218563
2025-03-25,10966.38671875,11344.5380859375,10630.251953125,10714.2861328125,30053569
2025-03-26,10924.3701171875,11092.4365234375,10798.3193359375,11050.419921875,13344660
2025-03-27,10798.3193359375,11008.4033203125,10756.302734375,11008.4033203125,5822551
2025-03-28,10756.302734375,11050.419921875,10756.302734375,10840.3359375,10657283
2025-03-31,10756.302734375,11008.4033203125,10630.251953125,10714.2861328125,12040658
2025-04-01,10882.3525390625,10966.38671875,10798.3193359375,10798.3193359375,7794857
2025-04-02,10756.302734375,11050.419921875,10756.302734375,10924.3701171875,8198981
2025-04-03,10042.0166015625,10504.2021484375,10042.0166015625,10336.134765625,21490924
2025-04-04,9579.83203125,9747.8994140625,9369.748046875,9369.748046875,32002194
2025-04-07,9579.83203125,9579.83203125,9579.83203125,9579.83203125,0
2025-04-08,8949.580078125,9579.83203125,8949.580078125,9369.748046875,22209089
2025-04-09,8344.5380859375,9243.697265625,8336.134765625,8336.134765625,18922309
2025-04-10,8907.5634765625,8907.5634765625,8907.5634765625,8907.5634765625,464338
2025-04-11,9495.7978515625,9495.7978515625,9243.697265625,9495.7978515625,19390574
2025-04-14,9873.94921875,9957.9833984375,9621.8486328125,9705.8828125,10947048
2025-04-15,9915.966796875,10000.0,9621.8486328125,9873.94921875,13054895
2025-04-16,10000.0,10210.083984375,9831.9326171875,9915.966796875,11233243
2025-04-17,10084.033203125,10084.033203125,9873.94921875,9915.966796875,7196168
2025-04-18,10084.033203125,10168.0673828125,10042.0166015625,10168.0673828125,8365819
2025-04-21,10168.0673828125,10336.134765625,10084.033203125,10336.134765625,7073360
2025-04-22,9957.9833984375,10294.1171875,9495.7978515625,10126.05078125,20388151
2025-04-23,10042.0166015625,10084.033203125,9915.966796875,10084.033203125,5598474
2025-04-24,10084.033203125,10126.05078125,9957.9833984375,10084.033203125,8791958
2025-04-25,10000.0,10126.05078125,9915.966796875,10126.05078125,7527583
2025-04-28,9873.94921875,10042.0166015625,9831.9326171875,10042.0166015625,5818743
2025-04-29,9957.9833984375,10084.033203125,9831.9326171875,9873.94921875,6441232
2025-04-30,9957.9833984375,9957.9833984375,9957.9833984375,9957.9833984375,0
2025-05-01,9957.9833984375,9957.9833984375,9957.9833984375,9957.9833984375,0
2025-05-02,9957.9833984375,9957.9833984375,9957.9833984375,9957.9833984375,0
2025-05-05,10336.134765625,10336.134765625,9915.966796875,10084.033203125,15288168
2025-05-06,10336.134765625,10336.134765625,9915.966796875,10084.033203125,15288168
2025-05-07,10252.1005859375,10420.16796875,10210.083984375,10378.1513671875,7692993
2025-05-08,10672.2685546875,10966.38671875,10252.1005859375,10252.1005859375,29774633
2025-05-09,10756.302734375,10840.3359375,10630.251953125,10756.302734375,10824121
2025-05-12,10882.3525390625,11218.4873046875,10756.302734375,11050.419921875,17755633
2025-05-13,10882.3525390625,11218.4873046875,10756.302734375,11050.419921875,17755633
2025-05-14,10756.302734375,10924.3701171875,10756.302734375,10924.3701171875,9543681
2025-05-15,10840.3359375,11008.4033203125,10714.2861328125,10798.3193359375,11138876
2025-05-16,10798.3193359375,10924.3701171875,10672.2685546875,10882.3525390625,10132374
2025-05-19,10840.3359375,11218.4873046875,10798.3193359375,10840.3359375,16503634
2025-05-20,10840.3359375,11218.4873046875,10798.3193359375,10840.3359375,16503634
2025-05-21,10966.38671875,11092.4365234375,10798.3193359375,10924.3701171875,13933591
2025-05-22,11050.419921875,11176.470703125,10924.3701171875,10966.38671875,15323035
2025-05-23,11428.5712890625,11554.6220703125,11050.419921875,11050.419921875,28684831
2025-05-26,11344.5380859375,11344.5380859375,10882.3525390625,11260.50390625,13168897
2025-05-27,11344.5380859375,11344.5380859375,10882.3525390625,11260.50390625,13168897
2025-05-28,11344.5380859375,11638.6552734375,11260.50390625,11428.5712890625,18578756
2025-05-29,11344.5380859375,11470.587890625,11134.4541015625,11428.5712890625,13726650
2025-05-30,11176.470703125,11344.5380859375,11134.4541015625,11344.5380859375,8963080
2025-06-02,11302.521484375,11386.5546875,10966.38671875,11008.4033203125,12444306
2025-06-03,11302.521484375,11386.5546875,10966.38671875,11008.4033203125,12444306
2025-06-04,11302.521484375,11470.587890625,11218.4873046875,11344.5380859375,9733605
2025-06-05,11386.5546875,11764.7060546875,11344.5380859375,11386.5546875,23806188
2025-06-06,11512.60546875,11512.60546875,11218.4873046875,11470.587890625,9287355
2025-06-09,11008.4033203125,11386.5546875,11008.4033203125,11302.521484375,12427765
2025-06-10,11008.4033203125,11386.5546875,11008.4033203125,11302.521484375,12427765
2025-06-11,10966.38671875,11134.4541015625,10966.38671875,11008.4033203125,7549955
2025-06-12,10882.3525390625,11050.419921875,10840.3359375,11008.4033203125,8149596
2025-06-13,10966.38671875,11008.4033203125,10882.3525390625,10924.3701171875,5867057
2025-06-16,10966.38671875,11050.419921875,10798.3193359375,10798.3193359375,8700209
2025-06-17,10966.38671875,11050.419921875,10798.3193359375,10798.3193359375,8700209
2025-06-18,11092.4365234375,11092.4365234375,10840.3359375,10924.3701171875,7906836
2025-06-19,11008.4033203125,11176.470703125,10924.3701171875,11176.470703125,7315525
2025-06-20,10924.3701171875,11008.4033203125,10798.3193359375,10966.38671875,6373045
2025-06-23,10966.38671875,11134.4541015625,10924.3701171875,11008.4033203125,8562050
2025-06-24,10966.38671875,11134.4541015625,10924.3701171875,11008.4033203125,8562050
2025-06-25,11008.4033203125,11092.4365234375,10924.3701171875,11008.4033203125,6034133
2025-06-26,10924.3701171875,11092.4365234375,10882.3525390625,11050.419921875,6452061
2025-06-27,10882.3525390625,10966.38671875,10840.3359375,10882.3525390625,4235091
2025-06-30,10924.3701171875,11008.4033203125,10882.3525390625,10924.3701171875,5998790
2025-07-01,10924.3701171875,11008.4033203125,10882.3525390625,10924.3701171875,5998790
2025-07-02,10924.3701171875,10966.38671875,10798.3193359375,10924.3701171875,6039845
2025-07-03,10840.3359375,10924.3701171875,10798.3193359375,10882.3525390625,5295500
2025-07-04,11134.4541015625,11260.50390625,10924.3701171875,10924.3701171875,24326337
2025-07-07,11302.521484375,11470.587890625,11218.4873046875,11344.5380859375,13649776
2025-07-08,11302.521484375,11470.587890625,11218.4873046875,11344.5380859375,13649776
2025-07-09,11302.521484375,11386.5546875,11176.470703125,11302.521484375,12398253
2025-07-10,11386.5546875,11596.638671875,11260.50390625,11344.5380859375,24391073
2025-07-11,11344.5380859375,11470.587890625,11302.521484375,11386.5546875,12834507
2025-07-14,11722.689453125,11890.755859375,11512.60546875,11554.6220703125,29003870
2025-07-15,11722.689453125,11890.755859375,11512.60546875,11554.6220703125,29003870
2025-07-16,11512.60546875,11764.7060546875,11512.60546875,11764.7060546875,15070636
2025-07-17,11554.6220703125,11680.671875,11470.587890625,11512.60546875,12409677
2025-07-18,11554.6220703125,11806.72265625,11470.587890625,11638.6552734375,13488888
2025-07-21,11722.689453125,12016.806640625,11722.689453125,11890.755859375,19357492
2025-07-22,11722.689453125,12016.806640625,11722.689453125,11890.755859375,19357492
2025-07-23,11722.689453125,11764.7060546875,11554.6220703125,11722.689453125,14916293
2025-07-24,11764.7060546875,11974.7900390625,11680.671875,11848.7392578125,18749759
2025-07-25,11764.7060546875,11890.755859375,11638.6552734375,11848.7392578125,10824002
2025-07-28,12436.974609375,12521.0087890625,11974.7900390625,12184.8740234375,28686259
2025-07-29,12436.974609375,12521.0087890625,11974.7900390625,12184.8740234375,28686259
2025-07-30,12226.890625,12815.1259765625,12184.8740234375,12689.0751953125,36511818
2025-07-31,12184.8740234375,12478.9912109375,11974.7900390625,12394.9580078125,21150346
2025-08-01,12100.8408203125,12563.025390625,12100.8408203125,12521.0087890625,18545674
2025-08-04,12394.9580078125,12478.9912109375,11932.7734375,12058.8232421875,15912561
2025-08-05,12394.9580078125,12478.9912109375,11932.7734375,12058.8232421875,15912561
2025-08-06,12184.8740234375,12647.05859375,11764.7060546875,12521.0087890625,32857566
2025-08-07,12394.9580078125,12521.0087890625,12142.857421875,12352.94140625,13473061
2025-08-08,12521.0087890625,12563.025390625,12226.890625,12521.0087890625,13544580
2025-08-11,12689.0751953125,12941.1767578125,12647.05859375,12899.1591796875,12693492
2025-08-12,12689.0751953125,12941.1767578125,12647.05859375,12899.1591796875,12693492
2025-08-13,13571.4287109375,13571.4287109375,12605.0419921875,12815.1259765625,47141255
2025-08-14,13907.5634765625,14075.6298828125,13571.4287109375,13907.5634765625,25048548
2025-08-15,13781.5126953125,14075.6298828125,13529.412109375,14033.61328125,19944519
2025-08-18,13739.49609375,13907.5634765625,13361.3447265625,13613.4453125,18999659
2025-08-19,13739.49609375,13907.5634765625,13361.3447265625,13613.4453125,18999659
2025-08-20,13613.4453125,14075.6298828125,13613.4453125,13949.580078125,19277762
2025-08-21,13403.361328125,13781.5126953125,12815.1259765625,13781.5126953125,25449340
2025-08-22,13529.412109375,13865.5458984375,13319.328125,13571.4287109375,16199113
2025-08-25,13361.3447265625,14033.61328125,13067.2265625,14033.61328125,14483966
2025-08-26,13361.3447265625,14033.61328125,13067.2265625,14033.61328125,14483966
2025-08-27,13571.4287109375,13571.4287109375,13109.244140625,13193.27734375,15039220
2025-08-28,13781.5126953125,14159.6640625,13319.328125,13613.4453125,26487615
2025-08-29,13823.529296875,13949.580078125,13655.4619140625,13865.5458984375,13063820
2025-09-01,13823.529296875,13823.529296875,13823.529296875,13823.529296875,0
2025-09-02,13823.529296875,13823.529296875,13823.529296875,13823.529296875,0
2025-09-03,13907.5634765625,14117.6474609375,13781.5126953125,13949.580078125,10665494
2025-09-04,13907.5634765625,14117.6474609375,13781.5126953125,13949.580078125,10665494
2025-09-05,14075.6298828125,14663.865234375,13991.5966796875,14117.6474609375,31119809
2025-09-08,12773.109375,13697.478515625,12773.109375,13613.4453125,26110147
2025-09-09,12773.109375,13697.478515625,12773.109375,13613.4453125,26110147
2025-09-10,12773.109375,13067.2265625,12563.025390625,12899.1591796875,14823711
2025-09-11,12689.0751953125,12815.1259765625,12605.0419921875,12815.1259765625,7302673
2025-09-12,12731.0927734375,12815.1259765625,12352.94140625,12647.05859375,11816224
2025-09-15,13151.2607421875,13235.2939453125,12941.1767578125,13025.2099609375,31505726
2025-09-16,13151.2607421875,13235.2939453125,12941.1767578125,13025.2099609375,31505726
2025-09-17,12983.193359375,13319.328125,12857.142578125,13235.2939453125,22257641
2025-09-18,12815.1259765625,13067.2265625,12773.109375,12983.193359375,11272751
2025-09-19,12899.1591796875,12983.193359375,12731.0927734375,12899.1591796875,7388115
2025-09-22,12647.05859375,12899.1591796875,12521.0087890625,12857.142578125,13795551
2025-09-23,12647.05859375,12899.1591796875,12521.0087890625,12857.142578125,13795551
2025-09-24,12563.025390625,12773.109375,12563.025390625,12689.0751953125,6876058
2025-09-25,12689.0751953125,12689.0751953125,12394.9580078125,12647.05859375,8593585
2025-09-26,12773.109375,12941.1767578125,12731.0927734375,12773.109375,9411829
2025-09-29,12394.9580078125,12689.0751953125,12352.94140625,12605.0419921875,8193269
2025-09-30,12394.9580078125,12689.0751953125,12352.94140625,12605.0419921875,8193269
2025-10-01,12058.8232421875,12521.0087890625,11974.7900390625,12436.974609375,13603961
2025-10-02,12100.8408203125,12226.890625,12058.8232421875,12100.8408203125,6083637
2025-10-03,11932.7734375,12226.890625,11932.7734375,12142.857421875,5498990
2025-10-06,12142.857421875,12142.857421875,11848.7392578125,11848.7392578125,7049679
2025-10-07,12142.857421875,12142.857421875,11848.7392578125,11848.7392578125,7049679
2025-10-08,12016.806640625,12310.9248046875,12016.806640625,12310.9248046875,6821437
2025-10-09,12058.8232421875,12226.890625,11974.7900390625,12184.8740234375,6048651
2025-10-10,12268.9072265625,12268.9072265625,11932.7734375,12100.8408203125,7768915
2025-10-13,12058.8232421875,12142.857421875,11932.7734375,12100.8408203125,7179151
2025-10-14,12058.8232421875,12142.857421875,11932.7734375,12100.8408203125,7179151
2025-10-15,12058.8232421875,12310.9248046875,12016.806640625,12142.857421875,8786960
2025-10-16,12016.806640625,12226.890625,11974.7900390625,12184.8740234375,7178437
2025-10-17,12058.8232421875,12142.857421875,11974.7900390625,12016.806640625,7636944
2025-10-20,11092.4365234375,11974.7900390625,11092.4365234375,11890.755859375,17721242
2025-10-21,11092.4365234375,11974.7900390625,11092.4365234375,11890.755859375,17721242
2025-10-22,11218.4873046875,11260.50390625,10840.3359375,11050.419921875,12078619
2025-10-23,11386.5546875,11470.587890625,11218.4873046875,11344.5380859375,6111721
2025-10-24,11386.5546875,11470.587890625,11302.521484375,11428.5712890625,3613197
2025-10-27,11638.6552734375,11638.6552734375,11302.521484375,11302.521484375,9892113
2025-10-28,11638.6552734375,11638.6552734375,11302.521484375,11302.521484375,9892113
2025-10-29,11638.6552734375,11680.671875,11344.5380859375,11680.671875,5378443
2025-10-30,12016.806640625,12100.8408203125,11596.638671875,11680.671875,13345374
2025-10-31,11932.7734375,12058.8232421875,11764.7060546875,12058.8232421875,5759362
2025-11-03,11974.7900390625,12268.9072265625,11974.7900390625,12142.857421875,6347698
2025-11-04,11974.7900390625,12058.8232421875,11512.60546875,12016.806640625,7837697
2025-11-05,11974.7900390625,12058.8232421875,11512.60546875,12016.806640625,7837697
2025-11-06,12226.890625,12436.974609375,12184.8740234375,12394.9580078125,4909226
2025-11-07,11932.7734375,12310.9248046875,11806.72265625,12268.9072265625,8113896
2025-11-10,11848.7392578125,12100.8408203125,11764.7060546875,11848.7392578125,5200062
2025-11-11,11806.72265625,12016.806640625,11764.7060546875,11890.755859375,3989356
2025-11-12,11974.7900390625,11974.7900390625,11806.72265625,11848.7392578125,5843852
2025-11-13,12352.94140625,12478.9912109375,11974.7900390625,12016.806640625,14398643
2025-11-14,12521.0087890625,12647.05859375,12310.9248046875,12310.9248046875,11527649
2025-11-17,12857.142578125,12941.1767578125,12521.0087890625,12647.05859375,12609002
2025-11-18,12689.0751953125,12857.142578125,12563.025390625,12773.109375,7324450
2025-11-19,12521.0087890625,12731.0927734375,12478.9912109375,12647.05859375,5814102
2025-11-20,12563.025390625,12647.05859375,12436.974609375,12563.025390625,4919817
2025-11-21,12563.025390625,12773.109375,12436.974609375,12605.0419921875,10060260
2025-11-24,12689.0751953125,12941.1767578125,12563.025390625,12605.0419921875,11029634
2025-11-25,12436.974609375,12815.1259765625,12436.974609375,12815.1259765625,9403261
2025-11-26,12773.109375,12773.109375,12521.0087890625,12563.025390625,9734319
2025-11-27,12815.1259765625,12941.1767578125,12731.0927734375,12899.1591796875,8915123
2025-11-28,12815.1259765625,13277.310546875,12815.1259765625,12983.193359375,14720300
2025-12-01,12521.0087890625,12899.1591796875,12521.0087890625,12857.142578125,8744953
2025-12-02,12521.0087890625,12773.109375,12352.94140625,12563.025390625,11480406
2025-12-03,12478.9912109375,12647.05859375,12478.9912109375,12647.05859375,6519534
2025-12-04,12647.05859375,12857.142578125,12521.0087890625,12521.0087890625,10963351
2025-12-05,12647.05859375,12857.142578125,12605.0419921875,12689.0751953125,9689456
2025-12-08,12436.974609375,12773.109375,12436.974609375,12731.0927734375,10124877
2025-12-09,12184.8740234375,12563.025390625,12184.8740234375,12478.9912109375,17597720
2025-12-10,12300.0,12550.0,12200.0,12300.0,8521300
2025-12-11,12100.0,12350.0,12050.0,12350.0,3715500
2025-12-12,11550.0,12150.0,11500.0,12100.0,8617100
2025-12-15,12000.0,12000.0,11600.0,11600.0,5197900
2025-12-16,12400.0,12400.0,11850.0,12050.0,7467400
2025-12-17,12300.0,12400.0,12150.0,12350.0,3601800
2025-12-18,12300.0,12400.0,12150.0,12350.0,3601800
2025-12-19,12200.0,12350.0,12200.0,12350.0,2731700
2025-12-22,12700.0,12750.0,12200.0,12250.0,14589100
2025-12-23,12800.0,12900.0,12550.0,12700.0,8467300
2025-12-24,12750.0,12850.0,12600.0,12850.0,5859900
2025-12-25,12750.0,12850.0,12600.0,12850.0,5859900
2025-12-26,12800.0,12850.0,12450.0,12500.0,9882400
2025-12-29,13000.0,13150.0,12850.0,12850.0,14981100
2025-12-30,12800.0,13100.0,12750.0,13050.0,4526600
2025-12-31,12700.0,12900.0,12700.0,12800.0,6650400
2026-01-01,12700.0,12700.0,12700.0,12700.0,0
2026-01-02,12700.0,12700.0,12700.0,12700.0,0
2026-01-05,12650.0,12900.0,12500.0,12750.0,8719400
2026-01-06,12750.0,13150.0,12650.0,12650.0,16439400
2026-01-07,13600.0,13600.0,12850.0,12850.0,24435000
2026-01-08,14000.0,14550.0,13850.0,14100.0,41937800
2026-01-09,14400.0,14800.0,14050.0,14050.0,24392800
2026-01-12,14150.0,14750.0,13800.0,14550.0,27214700
2026-01-13,14600.0,14950.0,13900.0,14150.0,26788100
2026-01-14,14600.0,15200.0,14400.0,14900.0,30743400
2026-01-15,14250.0,14650.0,14100.0,14600.0,16912800
2026-01-16,14250.0,14850.0,14200.0,14450.0,19219400
2026-01-19,14250.0,14500.0,14150.0,14350.0,9798300
2026-01-20,14300.0,14800.0,14250.0,14450.0,16837400
2026-01-21,14650.0,14650.0,14100.0,14250.0,17983100
2026-01-22,14800.0,15200.0,14650.0,15000.0,24156000
2026-01-23,13900.0,14800.0,13900.0,14800.0,18342700
2026-01-26,14000.0,14300.0,13750.0,13950.0,17346500
2026-01-27,14000.0,14200.0,13600.0,13900.0,15959100
2026-01-28,13800.0,14300.0,13800.0,14200.0,17763300
2026-01-29,13400.0,13950.0,13350.0,13850.0,16579300
2026-01-30,13750.0,13850.0,13500.0,13550.0,13390500
2026-02-02,14350.0,14350.0,13700.0,13950.0,20015100
2026-02-03,14300.0,14650.0,14300.0,14500.0,21236600
2026-02-04,14450.0,14750.0,14250.0,14400.0,27814500
2026-02-05,14200.0,14700.0,14200.0,14500.0,13901600
2026-02-06,13500.0,14150.0,13500.0,14050.0,21388700
2026-02-09,13450.0,13800.0,13400.0,13700.0,8185700
2026-02-10,12950.0,13550.0,12800.0,13500.0,18560100
2026-02-11,13200.0,13350.0,13000.0,13000.0,7311600
2026-02-12,13300.0,13450.0,13200.0,13250.0,3920800
2026-02-13,13400.0,13450.0,13200.0,13300.0,4231000
2026-02-16,13400.0,13400.0,13400.0,13400.0,0
2026-02-17,13400.0,13400.0,13400.0,13400.0,0
2026-02-18,13400.0,13400.0,13400.0,13400.0,0
2026-02-19,13400.0,13400.0,13400.0,13400.0,0
2026-02-20,13400.0,13400.0,13400.0,13400.0,0
2026-02-23,13850.0,13900.0,13550.0,13600.0,10127000
2026-02-24,13900.0,14000.0,13700.0,13850.0,8912800
2026-02-25,14300.0,14400.0,13950.0,14000.0,17945000
2026-02-26,14100.0,14350.0,13950.0,14300.0,10419200
2026-02-27,14500.0,14950.0,14300.0,14300.0,24747100
2026-03-02,15500.0,15500.0,14600.0,14900.0,70786000
2026-03-03,15500.0,15500.0,14600.0,14900.0,70786000
2026-03-04,15450.0,16850.0,15400.0,16800.0,73310900
2026-03-05,15150.0,15900.0,15000.0,15650.0,36127200
2026-03-06,14550.0,15350.0,14500.0,15050.0,32295600
2026-03-09,13550.0,13950.0,13550.0,13900.0,16329400
2026-03-10,13100.0,13750.0,12750.0,13550.0,47237500
2026-03-11,13550.0,13650.0,13000.0,13100.0,14643700
2026-03-12,13400.0,13750.0,13200.0,13600.0,14291100
2026-03-13,13300.0,13850.0,13200.0,13450.0,25916300
2026-03-16,13200.0,13350.0,12950.0,13300.0,17592300
2026-03-17,13100.0,13400.0,13100.0,13250.0,9690000
2026-03-18,13300.0,13450.0,13000.0,13100.0,10649700
2026-03-19,12950.0,13200.0,12900.0,13200.0,11885900
2026-03-20,13150.0,13550.0,12800.0,13000.0,17241200
2026-03-23,12700.0,13200.0,12400.0,13050.0,14234000
2026-03-24,12700.0,13000.0,12450.0,13000.0,12573000
2026-03-25,13350.0,13400.0,12800.0,12850.0,17316000
2026-03-26,13100.0,13350.0,13050.0,13350.0,7804900
2026-03-27,13050.0,13150.0,12900.0,13050.0,12089900
2026-03-30,13050.0,13250.0,12850.0,12950.0,13360300
2026-03-31,13000.0,13150.0,12950.0,13150.0,8543100
2026-04-01,13050.0,13150.0,12950.0,13100.0,10934900
2026-04-02,12850.0,13100.0,12750.0,13050.0,11135300
2026-04-03,12650.0,12950.0,12600.0,12900.0,11310100
2026-04-06,12400.0,12750.0,12400.0,12650.0,8428500
2026-04-07,12500.0,12650.0,12350.0,12450.0,5744100
2026-04-08,13000.0,13000.0,12650.0,12800.0,11313600
2026-04-09,13000.0,13100.0,12750.0,12900.0,8734400
2026-04-10,13000.0,13200.0,13000.0,13050.0,13155900
2026-04-13,13100.0,13300.0,12950.0,13000.0,10297600
2026-04-14,13150.0,13300.0,13000.0,13250.0,9614400
2026-04-15,13050.0,13250.0,13050.0,13200.0,10253100
2026-04-16,13350.0,13600.0,13200.0,13250.0,24624300
2026-04-17,13250.0,13400.0,13200.0,13400.0,6797200
2026-04-20,13150.0,13350.0,13100.0,13300.0,7217800
2026-04-21,13100.0,13300.0,13100.0,13150.0,7674300
2026-04-22,13000.0,13150.0,13000.0,13100.0,6087200
2026-04-23,12750.0,13100.0,12550.0,13050.0,21685400
2026-04-24,12800.0,12850.0,12650.0,12800.0,4944700
2026-04-27,12800.0,12800.0,12800.0,12800.0,0
2026-04-28,12650.0,12850.0,12550.0,12800.0,7007100
2026-04-29,12650.0,12750.0,12550.0,12600.0,4984200
2026-04-30,12650.0,12650.0,12650.0,12650.0,0
2026-05-01,12650.0,12650.0,12650.0,12650.0,0
2026-05-04,13300.0,13300.0,12850.0,12900.0,19912100
2026-05-05,13650.0,13650.0,13150.0,13350.0,28262300
2026-05-06,14350.0,14350.0,13550.0,13750.0,38449000
2026-05-07,14350.0,14450.0,14100.0,14350.0,23409200
2026-05-08,14000.0,14450.0,13850.0,14300.0,22764900
2026-05-11,13950.0,14250.0,13900.0,14000.0,10484700
2026-05-12,14050.0,14300.0,13950.0,14000.0,10575500
2026-05-13,14200.0,14400.0,14000.0,14050.0,13043000
2026-05-14,14000.0,14400.0,13900.0,14250.0,14677800
2026-05-15,14100.0,14100.0,13850.0,14100.0,8428800
2026-05-18,14300.0,14600.0,13950.0,14100.0,24632600
2026-05-19,14000.0,14400.0,13850.0,14350.0,14155300
2026-05-20,13850.0,14050.0,13200.0,14050.0,17494300
2026-05-21,13500.0,13850.0,13500.0,13850.0,7084200
2026-05-22,13600.0,13650.0,13300.0,13500.0,6882400
2026-05-25,13650.0,13850.0,13600.0,13650.0,6804000
2026-05-26,13650.0,13800.0,13550.0,13650.0,5213600
2026-05-27,14050.0,14150.0,13750.0,13800.0,14098600
2026-05-28,13850.0,14300.0,13850.0,14050.0,7060500
2026-05-29,13700.0,13900.0,13700.0,13850.0,7171800
2026-06-01,13800.0,13800.0,13650.0,13800.0,4991200
2026-06-02,13550.0,13850.0,13500.0,13850.0,6375900
2026-06-03,13550.0,13650.0,13400.0,13550.0,5639500
2026-06-04,13700.0,13850.0,13500.0,13600.0,5839800
2026-06-05,13450.0,13700.0,13450.0,13700.0,4857300
2026-06-08,13450.0,13700.0,13400.0,13500.0,7032400
2026-06-09,13650.0,13650.0,13300.0,13500.0,4517400
2026-06-10,13650.0,13700.0,13500.0,13650.0,3650400
2026-06-11,13600.0,13600.0,13500.0,13550.0,3151200
2026-06-12,13500.0,13700.0,13400.0,13650.0,4267900
2026-06-15,13900.0,14000.0,13500.0,13550.0,9857800
2026-06-16,14150.0,14350.0,13900.0,13950.0,18398500
2026-06-17,14150.0,14300.0,14050.0,14250.0,7934500
2026-06-18,14200.0,14350.0,14100.0,14150.0,8125800
2026-06-19,13900.0,14200.0,13850.0,14200.0,11331600
2026-06-22,14500.0,14550.0,13800.0,14000.0,15925700
2026-06-23,14300.0,14600.0,14100.0,14500.0,9039400
2026-06-24,14100.0,14300.0,14000.0,14250.0,5901100
2026-06-25,14500.0,14600.0,14100.0,14150.0,22141900
2026-06-26,14800.0,14900.0,14450.0,14500.0,20921500
2026-06-29,14800.0,15100.0,14650.0,14850.0,14886200
2026-06-30,14700.0,14950.0,14650.0,14800.0,11078700
2026-07-01,14700.0,14950.0,14650.0,14800.0,11078700
2026-07-02,14900.0,14900.0,14500.0,14650.0,11845400
2026-07-03,14900.0,15000.0,14650.0,14950.0,11048900
2026-07-06,14800.0,15150.0,14500.0,14800.0,20318900
2026-07-07,14700.0,14850.0,14500.0,14850.0,8122400
2026-07-08,14700.0,14850.0,14500.0,14750.0,7698900
2026-07-09,14200.0,14650.0,14200.0,14650.0,13803500
2026-07-10,14100.0,14350.0,14100.0,14250.0,8203900
2026-07-13,13800.0,14150.0,13650.0,14150.0,13253100
2026-07-14,14100.0,14100.0,13650.0,13800.0,6043800
2026-07-15,13900.0,14050.0,13800.0,14000.0,5103300
2026-07-16,14100.0,14100.0,13400.0,13900.0,11243100
2026-07-17,13900.0,14050.0,13700.0,14050.0,4744700
2026-07-20,13550.0,13800.0,13050.0,13800.0,11487700
2026-07-21,13550.0,13750.0,13350.0,13600.0,8528600
2026-07-22,13200.0,13700.0,13100.0,13550.0,9145300
2026-07-23,13550.0,13550.0,13000.0,13250.0,8813800
2026-07-24,13350.0,13450.0,13200.0,13400.0,4531800
2026-07-27,13200.0,13450.0,13200.0,13350.0,3746500
2026-07-28,13300.0,13300.0,12900.0,13100.0,6764100
2026-07-29,13350.0,13350.0,13050.0,13350.0,5026300
2026-07-30,13700.0,13700.0,13350.0,13350.0,8490000
2026-07-31,13600.0,14100.0,13600.0,13950.0,12026900
2026-08-03,13950.0,13950.0,13650.0,13850.0,6454800
2026-08-04,13900.0,14000.0,13750.0,14000.0,5010300
2026-08-05,13800.0,14050.0,13650.0,14050.0,9235600
2026-08-06,13400.0,13800.0,13400.0,13800.0,8307700
2026-08-07,13600.0,13800.0,13450.0,13450.0,6926700
2026-08-10,13850.0,13900.0,13600.0,13700.0,6669700
2026-08-11,13750.0,13900.0,13700.0,13800.0,5547300
2026-08-12,13750.0,13800.0,13600.0,13800.0,6056700
2026-08-13,13500.0,13750.0,13500.0,13750.0,7029400
2026-08-14,13250.0,13500.0,13200.0,13500.0,8659900
2026-08-17,13350.0,13350.0,13200.0,13300.0,2538900
2026-08-18,13350.0,13600.0,13300.0,13350.0,4558700
2026-08-19,13350.0,13400.0,13250.0,13300.0,2859700
2026-08-20,13400.0,13550.0,13300.0,13400.0,2793400
2026-08-21,13600.0,13600.0,13300.0,13400.0,6388700
2026-08-24,13550.0,13700.0,13500.0,13650.0,8007800
2026-08-25,13300.0,13650.0,13300.0,13550.0,11646586
