Price,Close,High,Low,Open,Volume
Ticker,PVD.VN,PVD.VN,PVD.VN,PVD.VN,PVD.VN
Date,,,,,
2012-04-03,9343.6611328125,9438.042066303911,9343.6611328125,9414.446832931058,351090
2012-04-04,9320.0673828125,9390.853094197242,9320.0673828125,9343.662619940747,145443
2012-04-05,9438.0439453125,9438.0439453125,9296.472516890102,9320.067754960502,365928
2012-04-06,9296.4716796875,9438.04309536055,9272.877298456038,9320.066915633008,79714
2012-04-09,9249.28125,9296.470863031562,9249.28125,9296.470863031562,347863
2012-04-10,9272.876953125,9320.066568544584,9202.091247924604,9225.686482991405,1012358
2012-04-11,9320.0673828125,9320.0673828125,9249.282526141846,9296.472145684253,787904
2012-04-12,9532.421875,9556.01710770433,9390.851333487944,9390.851333487944,1988364
2012-04-13,9414.447265625,9556.017817654836,9390.852031167697,9556.017817654836,595389
2012-04-16,9485.2314453125,9508.82667810569,9390.851368853671,9438.041834440051,1469759
2012-04-17,9957.1337890625,9957.1337890625,9485.231685396042,9556.01738556729,3676345
2012-04-18,9815.5634765625,10145.89504244609,9744.778629424,9791.968242611676,1301205
2012-04-19,9626.8037109375,9744.779896025868,9556.018854598566,9721.184659008197,993625
2012-04-20,9626.8037109375,9673.994184972848,9461.63790652787,9673.994184972848,659412
2012-04-23,9579.61328125,9673.993366622732,9556.018046228312,9673.993366622732,936650
2012-04-24,9579.61328125,9603.208516271688,9508.82757618494,9579.61328125,727664
2012-04-25,9673.9931640625,9791.968481986678,9579.613080665957,9673.9931640625,411330
2012-04-26,9650.396484375,9721.18217735765,9603.206877100432,9626.801253380783,546574
2012-04-27,9603.208984375,9673.993838176417,9579.613748203175,9673.993838176417,241961
2012-04-30,9603.208984375,9603.208984375,9603.208984375,9603.208984375,0
2012-05-01,9603.208984375,9603.208984375,9603.208984375,9603.208984375,0
2012-05-02,9744.779296875,9909.945091129528,9579.613502620474,9603.20873818741,1426990
2012-05-03,9650.396484375,9839.157477614868,9650.396484375,9839.157477614868,657891
2012-05-04,9862.7548828125,9957.1349728812,9650.398611765357,9650.398611765357,1028160
2012-05-07,10334.6552734375,10334.6552734375,10027.918964830566,10145.894270899254,2333631
2012-05-08,10617.7978515625,10830.1541162908,10476.227293314976,10806.558880797207,1598993
2012-05-09,10523.41796875,10617.798057843946,10263.87122799207,10263.87122799207,674621
2012-05-10,10405.4404296875,10523.416594035813,10098.70411180976,10523.416594035813,774996
2012-05-11,9980.73046875,10405.442167180148,9909.945613035346,10405.442167180148,1071411
2012-05-14,9485.2314453125,9980.728769827692,9485.2314453125,9980.728769827692,1837097
2012-05-15,9013.330078125,9202.0911009301,9013.330078125,9084.115782194662,3832064
2012-05-16,8918.9501953125,9084.115987154251,8800.974873915255,8966.140665757006,2058137
2012-05-17,8942.544921875,9084.115470441842,8895.35445411473,8918.949687994864,1082947
2012-05-18,8565.0224609375,8942.544474714208,8517.83199553693,8942.544474714208,2074644
2012-05-21,8871.7587890625,8871.7587890625,8565.022472956225,8565.022472956225,881195
2012-05-22,8706.59375,8895.354773095953,8659.404135261513,8871.759538369708,1055943
2012-05-23,8777.3798828125,8777.3798828125,8612.214086377102,8777.3798828125,1133246
2012-05-24,8706.59375,8824.569923631221,8635.80890053527,8659.404135261513,1012061
2012-05-25,8848.1650390625,8966.141222499362,8800.975420401828,8848.1650390625,1006571
2012-05-28,8871.7587890625,8966.13971999608,8800.973945576245,8966.13971999608,645391
2012-05-29,8635.8095703125,8918.950699559322,8635.8095703125,8918.950699559322,648915
2012-05-30,8612.21484375,8777.380654710363,8588.619605796503,8635.810081703497,260805
2012-05-31,8470.6435546875,8612.214115726869,8376.26261085189,8494.238790646403,493307
2012-06-01,8329.072265625,8588.618129058588,8305.477031728498,8494.23804818655,395714
2012-06-04,7927.955078125,8305.477114817897,7927.955078125,8305.477114817897,602436
2012-06-05,7904.3603515625,7927.955587210196,7715.600175808999,7715.600175808999,834939
2012-06-06,7927.955078125,8069.525628206341,7809.979762176213,8022.336014655214,920625
2012-06-07,8140.3125,8234.6925953744,8022.337167103475,8022.337167103475,1000117
2012-06-08,8045.931640625,8376.26237042593,8022.336405343357,8305.477519295024,837239
2012-06-11,8022.3369140625,8140.312243237841,7975.146440506734,8022.3369140625,623135
2012-06-12,7951.55078125,8045.93172334692,7927.955545725769,8022.33648782269,394008
2012-06-13,7951.55078125,8022.33648782269,7904.3603102015395,7951.55078125,299604
2012-06-14,8069.52587890625,8069.525878906251,7951.550559292266,7998.741029023462,1038212
2012-06-15,8470.6435546875,8470.6435546875,8069.52625281425,8069.52625281425,1793363
2012-06-18,8565.0224609375,8824.56916592671,8517.83199553693,8730.188235125568,852633
2012-06-19,8352.66796875,8682.99869771614,8329.072733527986,8541.428141098075,377353
2012-06-20,8470.6435546875,8470.6435546875,8234.692049812522,8352.668229607034,263104
2012-06-21,8329.072265625,8470.642814290046,8305.477031728498,8470.642814290046,146222
2012-06-22,8470.6435546875,8612.214115726869,8281.882521730327,8329.072993648131,1002528
2012-06-25,8140.3125,8588.61944877808,8140.3125,8494.23935340368,289515
2012-06-26,8376.263671875,8399.858910822717,8258.288331850572,8376.263671875,1496058
2012-06-27,8470.6435546875,8494.238790646403,8140.311960690958,8140.311960690958,568199
2012-06-28,8470.6435546875,8565.023643809065,8281.882521730327,8565.023643809065,403912
2012-06-29,8541.4287109375,8800.975460981237,8541.4287109375,8800.975460981237,773141
2012-07-02,8329.072265625,8659.403830748097,8329.072265625,8588.618129058588,183539
2012-07-03,8140.3125,8281.883070418651,8069.526787433623,8258.287832896525,436517
2012-07-04,8140.3125,8258.287832896525,8069.526787433623,8069.526787433623,474872
2012-07-05,8163.90625,8187.501483222905,8093.120550331284,8093.120550331284,307283
2012-07-06,8258.287109375,8352.66805119464,8140.311786814479,8211.09663846518,344673
2012-07-09,8022.3369140625,8281.882809191067,8022.3369140625,8281.882809191067,388184
2012-07-10,7786.3857421875,8211.097458657514,7786.3857421875,8211.097458657514,517158
2012-07-11,7975.146484375,7975.146484375001,7668.410114003426,7668.410114003426,412480
2012-07-12,7904.3603515625,7975.146058505589,7857.170734981142,7975.146058505589,286510
2012-07-13,8211.09765625,8211.09765625,7904.361266743531,7904.361266743531,356
2012-07-16,8163.90625,8258.286328177674,8093.120550331284,8211.095861731863,336253
2012-07-17,8211.09765625,8258.28813300919,7998.742220261912,7998.742220261912,211841
2012-07-18,8140.3125,8258.287832896525,8140.3125,8211.097357852275,293150
2012-07-19,8494.2392578125,8494.2392578125,8116.717171135197,8211.097265447475,475651
2012-07-20,8305.4775390625,8730.189211000838,8305.4775390625,8612.21388902586,1031387
2012-07-23,8258.287109375,8305.47758028482,8234.69187392009,8258.287109375,506475
2012-07-24,7975.146484375,8187.502761829967,7975.146484375001,8187.502761829967,724734
2012-07-25,7904.3603515625,8140.311853325429,7833.575499333446,7951.550822857893,873702
2012-07-26,8022.3369140625,8069.526532904191,7904.3607301730835,7975.146440506734,376425
2012-07-27,7951.55078125,7975.14601677423,7833.57545834288,7833.57545834288,254721
2012-07-30,7951.55078125,7975.14601677423,7833.57545834288,7833.57545834288,254721
2012-07-31,7904.3603515625,8022.336529800982,7904.3603515625,8022.336529800982,1034577
2012-08-01,7904.3603515625,8022.336529800982,7904.3603515625,7904.3603515625,208762
2012-08-02,7998.740234375,8022.33546689649,7904.359304289042,7904.359304289042,27263
2012-08-03,8022.3369140625,8022.3369140625,7975.146440506734,7998.741677284617,187841
2012-08-06,7975.146484375,8093.121814199279,7975.146484375001,7998.741721282672,406360
2012-08-07,7927.955078125,8069.525628206341,7927.955078125,8022.336014655214,157351
2012-08-08,7975.146484375,8022.336958190344,7927.956010559656,7927.956010559656,296006
2012-08-09,7975.146484375,8093.121814199279,7975.146484375001,8022.336958190344,256168
2012-08-10,7975.146484375,8022.336958190344,7951.551247467329,8022.336958190344,121852
2012-08-13,8022.3369140625,8045.932150840384,7975.146440506734,8022.3369140625,427466
2012-08-14,7998.740234375,8045.93069941798,7975.145001853511,7998.740234375,307023
2012-08-15,8022.3369140625,8022.3369140625,7975.146440506734,7998.741677284617,227532
2012-08-16,8116.71630859375,8163.906778092133,7975.145754812604,7975.145754812604,895773
2012-08-17,8517.8330078125,8517.8330078125,8116.71656837999,8116.71656837999,2423843
2012-08-20,8730.1884765625,8824.569409973785,8541.427464453884,8612.213164512346,816096
2012-08-21,8305.4775390625,8565.023418350258,8305.4775390625,8517.832947674657,2177133
2012-08-22,8329.072265625,8329.072265625,8022.335934398407,8069.525547477441,1392196
2012-08-23,7927.955078125,8069.525628206341,7927.955078125,8022.336014655214,511075
2012-08-24,8069.52587890625,8281.882137982628,7550.434130719116,7550.434130719116,1365526
2012-08-27,7668.4091796875,7857.170197236228,7668.4091796875,7857.170197236228,1119299
2012-08-28,7715.6005859375,7786.385441929176,7550.434782338149,7550.434782338149,681112
2012-08-29,8045.931640625,8045.931640625,7880.765848367524,7904.360228935145,650881
2012-08-30,8234.69140625,8305.477108594621,8069.525622159864,8305.477108594621,1206691
2012-08-31,8305.4775390625,8305.4775390625,8140.31174641192,8258.287068386899,848144
2012-09-03,8305.4775390625,8305.4775390625,8305.4775390625,8305.4775390625,0
2012-09-04,8234.69140625,8399.857190340135,8187.501792734232,8399.857190340135,321638
2012-09-05,8069.52587890625,8258.28690311703,7904.36008956107,8258.28690311703,842580
2012-09-06,7927.955078125,8069.525628206341,7927.955078125,8069.525628206341,220298
2012-09-07,8022.3369140625,8140.312243237841,7951.55120372885,8140.312243237841,265256
2012-09-10,7621.21923828125,7998.741299467123,7621.21923828125,7998.741299467123,1343307
2012-09-11,7715.6005859375,7739.194968125339,7550.434782338149,7550.434782338149,480473
2012-09-12,7927.955078125,8022.336014655214,7668.409212094872,7668.409212094872,631963
2012-09-13,8258.287109375,8258.287109375,7927.955522434317,7975.145993344136,1149159
2012-09-14,8234.69140625,8352.667576824368,8163.906558619358,8305.477108594621,952229
2012-09-17,8093.12158203125,8258.287380932748,8093.12158203125,8140.312054492837,460739
2012-09-18,8022.3369140625,8163.907480015725,8022.3369140625,8022.3369140625,1008166
2012-09-19,8211.09765625,8211.09765625,7998.742220261912,8022.337458641507,952377
2012-09-20,8187.501953125,8187.501953125,8069.525780239514,8140.311483970805,415967
2012-09-21,8557.419921875,8557.419921875,8335.469237754292,8384.791810521265,2052981
2012-09-24,8310.8076171875,8434.113150816063,8310.8076171875,8310.8076171875,582999
2012-09-25,8360.12890625,8458.773139363226,8335.46762463907,8458.773139363226,350348
2012-09-26,8360.12890625,8384.79018786093,8310.80634302814,8310.80634302814,457809
2012-09-27,8310.8076171875,8360.130187971177,8310.8076171875,8335.468902579338,274195
2012-09-28,8286.1455078125,8409.451922509972,8286.1455078125,8384.790639570478,422125
2012-10-01,8286.1455078125,8310.806790751994,8236.823835264053,8236.823835264053,510519
2012-10-02,8557.419921875,8582.08031492782,8360.130524137778,8384.791810521265,944217
2012-10-03,8680.7255859375,8730.048159417407,8508.097472088508,8508.097472088508,812757
2012-10-04,8631.4033203125,8680.725895551586,8631.4033203125,8631.4033203125,334027
2012-10-05,8779.3681640625,8853.352010162866,8631.40136519228,8631.40136519228,553176
2012-10-08,8878.0146484375,8927.336326708479,8779.369505234252,8779.369505234252,342225
2012-10-09,8804.0302734375,8927.335801861662,8631.402176311436,8927.335801861662,323901
2012-10-10,9025.9814453125,9050.6427310461,8878.01462424154,8878.01462424154,1198605
2012-10-11,9173.9482421875,9223.270813524616,9124.625670850386,9124.625670850386,765055
2012-10-12,9001.3203125,9247.931387364331,9001.3203125,9247.931387364331,589120
2012-10-15,8853.3525390625,8976.658063265542,8804.029972049058,8951.996779758822,608001
2012-10-16,9050.642578125,9124.62554074513,8902.67486622348,8902.67486622348,514117
2012-10-17,8878.0146484375,9075.303148182706,8779.369505234252,8779.369505234252,571612
2012-10-18,8804.0302734375,8976.658370563564,8804.0302734375,8828.691557788452,186469
2012-10-19,8705.38671875,8902.675222519838,8680.725432446105,8828.692256938815,475613
2012-10-22,8532.7578125,8853.352717902344,8532.7578125,8853.352717902344,374274
2012-10-23,8631.4033203125,8631.4033203125,8434.113912686864,8434.113912686864,114804
2012-10-24,8631.4033203125,8730.048470790674,8631.4033203125,8730.048470790674,103973
2012-10-25,8532.7578125,8631.402055188959,8532.7578125,8631.402055188959,60165
2012-10-26,8779.3681640625,8828.69072812941,8532.757130388967,8656.062647225734,691684
2012-10-29,8680.7255859375,8779.369839566634,8631.403012457595,8631.403012457595,263104
2012-10-30,8631.4033203125,8779.37015269905,8631.4033203125,8656.064607932043,142439
2012-10-31,8631.4033203125,8754.708865079507,8582.080745073414,8582.080745073414,236508
2012-11-01,8631.4033203125,8730.048470790674,8606.742032692957,8730.048470790674,52450
2012-11-02,8409.453125,8606.741630065679,8409.453125,8582.0803435998,351239
2012-11-05,8631.4033203125,8631.4033203125,8360.130943158945,8384.792230778488,250863
2012-11-06,8631.4033203125,8656.064607932043,8582.080745073414,8582.080745073414,602770
2012-11-07,8656.0634765625,8680.72476095875,8656.0634765625,8656.0634765625,145184
2012-11-08,8705.38671875,8705.38671875,8631.402859838312,8631.402859838312,793468
2012-11-09,8705.38671875,8754.708398027127,8680.725432446105,8730.048005053895,630071
2012-11-12,8878.0146484375,9025.981469911729,8656.063969560837,8680.725255361649,303277
2012-11-13,8680.7255859375,8853.353699786492,8680.7255859375,8754.70855282668,346268
2012-11-14,8705.38671875,8730.048005053895,8656.06414614221,8656.06414614221,27746
2012-11-15,8680.7255859375,8730.048159417407,8680.7255859375,8730.048159417407,49149
2012-11-16,8631.4033203125,8680.725895551586,8557.420350784581,8557.420350784581,157944
2012-11-19,8656.0634765625,8680.72476095875,8631.40219216625,8631.40219216625,112838
2012-11-20,8631.4033203125,8680.725895551586,8631.4033203125,8631.4033203125,439670
2012-11-21,8631.4033203125,8705.387183171131,8631.4033203125,8656.064607932043,407769
2012-11-22,8532.7578125,8705.385907203614,8532.7578125,8631.402055188959,147447
2012-11-23,8532.7578125,8705.385907203614,8409.452285806155,8705.385907203614,78044
2012-11-26,8458.7744140625,8631.402518022793,8458.7744140625,8532.758270044324,102452
2012-11-27,8409.453125,8557.419950464593,8409.453125,8458.774804601084,140807
2012-11-28,8384.7919921875,8582.08050086854,8384.7919921875,8384.7919921875,170778
2012-11-29,8409.453125,8582.0803435998,8384.791838534122,8384.791838534122,66768
2012-11-30,8384.7919921875,8754.708615962463,8384.7919921875,8754.708615962463,412109
2012-12-03,8730.046875,8730.046875,8384.790698098197,8508.096220325828,463224
2012-12-04,8631.4033203125,8730.048470790674,8532.759063165038,8730.048470790674,275123
2012-12-05,8631.4033203125,8680.725895551586,8532.759063165038,8631.4033203125,670614
2012-12-06,8631.4033203125,8631.4033203125,8557.420350784581,8557.420350784581,40617
2012-12-07,8483.435546875,8606.741077963963,8483.435546875,8532.75811664283,303314
2012-12-10,8631.4033203125,8631.4033203125,8458.775200306407,8483.43648792595,144479
2012-12-11,8631.4033203125,8631.4033203125,8508.097775545495,8508.097775545495,506475
2012-12-12,8705.38671875,8754.708398027127,8557.41989425729,8606.741573534417,281762
2012-12-13,8656.0634765625,8705.386045355002,8631.40219216625,8705.386045355002,274678
2012-12-14,8557.419921875,8705.38674684525,8557.419921875,8656.064174078278,402502
2012-12-17,8976.658203125,8976.658203125,8656.063299203772,8656.063299203772,1013656
2012-12-18,9124.6259765625,9198.609836046931,9025.981723913928,9198.609836046931,521313
2012-12-19,9223.26953125,9247.92992015948,8878.013366551073,8878.013366551073,834086
2012-12-20,9198.609375,9321.914907963142,9075.302948706232,9321.914907963142,940804
2012-12-21,8902.6748046875,9223.270618260844,8878.014412871664,9198.609333114386,2621997
2012-12-24,9001.3203125,9001.3203125,8754.708344305009,8878.014775067833,258171
2012-12-25,9124.6259765625,9124.6259765625,9001.320437419115,9001.320437419115,303128
2012-12-26,9124.6259765625,9149.287263057313,8902.675291439871,8902.675291439871,356061
2012-12-27,9247.931640625,9247.931640625,9099.9648129881,9247.931640625,178420
2012-12-28,9247.931640625,9272.59292745293,9099.9648129881,9272.59292745293,119775
2012-12-31,9247.931640625,9247.931640625,9247.931640625,9247.931640625,0
2013-01-01,9247.931640625,9247.931640625,9247.931640625,9247.931640625,0
2013-01-02,9247.931640625,9247.931640625,9247.931640625,9247.931640625,0
2013-01-03,9617.849609375,9617.849609375,9247.932076194613,9297.254652173524,868620
2013-01-04,9741.154296875,9864.460725947329,9445.22065376271,9445.22065376271,755893
2013-01-07,10209.71484375,10209.71484375,9741.153148505133,9987.765084246428,2226468
2013-01-08,10357.68359375,10702.938909544098,10209.71588127029,10234.377166683576,1677854
2013-01-09,10604.2958984375,10604.2958984375,9839.800428084212,9839.800428084212,2413716
2013-01-10,10850.9072265625,10850.9072265625,10185.056056629632,10308.36159723517,982646
2013-01-11,10628.955078125,11072.855499300387,10382.343137473856,11072.855499300387,1211439
2013-01-14,10604.2958984375,10604.2958984375,10135.734100909309,10135.734100909309,933793
2013-01-15,10752.2607421875,10850.905877068282,10604.2939331969,10850.905877068282,1190852
2013-01-16,10628.955078125,10752.260601785292,10604.293794726833,10604.293794726833,396864
2013-01-17,10505.650390625,10727.600172212726,10505.650390625,10727.600172212726,278535
2013-01-18,10382.34375,10530.311459118657,10382.34375,10505.650174265547,633150
2013-01-21,10357.68359375,10456.32784207251,10333.022308336716,10431.666556659224,474686
2013-01-22,10185.0556640625,10357.683771588849,10185.0556640625,10357.683771588849,294374
2013-01-23,10135.732421875,10185.054990285566,9617.848133555814,9617.848133555814,738867
2013-01-24,10135.732421875,10283.699233776111,10111.071137669716,10135.732421875,187841
2013-01-25,10456.3271484375,10456.3271484375,10135.732245993164,10135.732245993164,770285
2013-01-28,10604.2958984375,10727.6014465595,10505.651638606048,10604.2958984375,1386892
2013-01-29,10900.2275390625,10900.2275390625,10456.327112584093,10604.293921410228,1439157
2013-01-30,11590.7412109375,11590.7412109375,10801.58451078812,10900.228763307794,1445685
2013-01-31,11344.1298828125,11960.658457458778,11344.1298828125,11960.658457458778,852633
2013-02-01,10604.2958984375,11146.841560837333,10604.2958984375,11146.841560837333,1971338
2013-02-04,10357.68359375,10727.600194957384,10357.68359375,10727.600194957384,1042849
2013-02-05,10234.3779296875,10579.63416455213,10234.3779296875,10579.63416455213,1661644
2013-02-06,10604.2958984375,10604.2958984375,10480.990350315498,10480.990350315498,2088369
2013-02-07,10727.6005859375,10850.907017497975,10678.278906643976,10850.907017497975,655963
2013-02-08,10702.9384765625,10727.599760978126,10653.616801061844,10727.599760978126,582443
2013-02-11,10702.9384765625,10702.9384765625,10702.9384765625,10702.9384765625,0
2013-02-12,10702.9384765625,10702.9384765625,10702.9384765625,10702.9384765625,0
2013-02-13,10702.9384765625,10702.9384765625,10702.9384765625,10702.9384765625,0
2013-02-14,10702.9384765625,10702.9384765625,10702.9384765625,10702.9384765625,0
2013-02-15,10702.9384765625,10702.9384765625,10702.9384765625,10702.9384765625,0
2013-02-18,10826.2451171875,10850.906402100958,10678.278301037366,10727.59997753367,1113660
2013-02-19,10727.6005859375,10826.24573118588,10604.29504770769,10826.24573118588,1258251
2013-02-20,10850.9072265625,10900.228906806307,10678.279112382472,10727.60079262628,1131428
2013-02-21,10431.6669921875,10850.907075055607,10431.6669921875,10801.584502169791,1270010
2013-02-22,10554.9716796875,10653.616817502232,10357.68319071923,10480.988719657047,1468090
2013-02-25,10579.6328125,10604.294096600204,10480.988569429765,10604.294096600204,503656
2013-02-26,9913.78125,10554.971033200816,9913.78125,10554.971033200816,1384926
2013-02-27,9741.154296875,9913.78240424561,9716.493011060536,9864.460725947329,1707084
2013-02-28,9741.154296875,9938.443690060076,9741.154296875,9839.79944013286,841097
2013-03-01,9494.54296875,9987.765991715332,9469.88168360214,9987.765991715332,968253
2013-03-04,9025.9814453125,9568.526158129143,9025.9814453125,9494.543194258984,453691
2013-03-05,8656.0634765625,9124.62520009948,8631.40219216625,9099.963915703229,1209510
2013-03-06,9247.931640625,9247.931640625,8779.36987088637,8853.35373137016,577176
2013-03-07,9667.1708984375,9839.798998052309,9247.930845088418,9247.930845088418,1426656
2013-03-08,9790.4765625,9815.13784754367,9617.848460524929,9642.509745568595,715349
2013-03-11,10037.0888671875,10061.749259754532,9839.799473336683,9839.799473336683,1678151
2013-03-12,9963.1044921875,10037.08834603914,9913.781922953074,10037.08834603914,1248162
2013-03-13,10061.7490234375,10135.732879392915,9963.10477549424,10037.088631449657,1673069
2013-03-14,9987.7666015625,10061.749568192814,9864.46106162486,10061.749568192814,223711
2013-03-15,10431.6669921875,10431.6669921875,9987.766516207152,10234.3775939749,2278659
2013-03-18,10135.732421875,10209.715381160262,10111.071137669716,10185.054990285566,1024895
2013-03-19,10111.072265625,10135.733552581409,10061.749691712184,10135.733552581409,1272606
2013-03-20,10160.39453125,10185.055817458133,10086.4106726256,10111.071958833732,1191408
2013-03-21,10234.3779296875,10308.361791443078,10160.394961262622,10234.3779296875,864540
2013-03-22,10012.4267578125,10209.715242106571,9987.765473943096,10111.070999959536,776368
2013-03-25,10308.361328125,10333.022614268437,10012.427681065075,10012.427681065075,813165
2013-03-26,10456.3271484375,10505.64971599219,10308.360339104003,10308.360339104003,2009619
2013-03-27,10456.3271484375,10505.64971599219,10357.682906658692,10357.682906658692,1179019
2013-03-28,10456.3271484375,10554.971390216306,10357.682906658692,10530.310999769534,429209
2013-03-29,10456.3271484375,10480.988432214845,10259.037771549314,10456.3271484375,292408
2013-04-01,10702.9384765625,10801.583614225005,10407.004850236175,10456.32741906743,1267933
2013-04-02,10974.2119140625,11097.517445082602,10850.906383042398,10974.2119140625,2247908
2013-04-03,10949.5517578125,11097.51858895436,10924.890470400404,10974.213045224596,1491533
2013-04-04,10776.9228515625,10949.550957498892,10505.650496518443,10776.9228515625,754446
2013-04-05,10752.2607421875,10850.905877068282,10702.93817474711,10850.905877068282,360586
2013-04-08,10776.9228515625,11048.195206606557,10776.9228515625,11048.195206606557,889800
2013-04-09,10776.9228515625,10924.889671889316,10776.9228515625,10776.9228515625,728110
2013-04-10,10185.0556640625,10900.228486673952,10185.0556640625,10752.261664984318,1439305
2013-04-11,10456.3271484375,10604.293957770997,10234.37648777197,10604.293957770997,807749
2013-04-12,10234.3779296875,10480.989908875392,10135.733674010762,10456.328621623534,1047856
2013-04-15,10111.072265625,10234.377807076356,10061.749691712184,10111.072265625,754780
2013-04-16,10234.3779296875,10234.3779296875,9617.849321713818,10061.749812255186,900038
2013-04-17,10234.3779296875,10234.3779296875,9889.12169482287,10234.3779296875,113395
2013-04-18,9765.814453125,9987.765106452583,9741.153170162986,9864.459584973056,881788
2013-04-19,9765.814453125,9765.814453125,9765.814453125,9765.814453125,0
2013-04-22,9741.154296875,9741.154296875,9593.187475318857,9617.84876113332,451762
2013-04-23,9617.849609375,9987.767142555387,9568.527033396089,9987.767142555387,631295
2013-04-24,9765.814453125,9913.78125756654,9765.814453125,9790.475736087015,501023
2013-04-25,9889.12109375,9963.104951008749,9765.815558316064,9765.815558316064,131682
2013-04-26,9864.4609375,10086.410727928818,9741.154505783252,9987.766475886085,489746
2013-04-29,9864.4609375,9864.4609375,9864.4609375,9864.4609375,0
2013-04-30,9864.4609375,9864.4609375,9864.4609375,9864.4609375,0
2013-05-01,9864.4609375,9864.4609375,9864.4609375,9864.4609375,0
2013-05-02,9691.8330078125,9864.461122116065,9667.171721007608,9741.154688091605,751404
2013-05-03,9864.4609375,9864.4609375,9617.848967397167,9617.848967397167,847143
2013-05-06,10037.0888671875,10111.0718315499,9864.460759234364,9864.460759234364,326126
2013-05-07,10111.072265625,10111.072265625,10086.410978668591,10086.410978668591,62165
2013-05-08,10234.3779296875,10308.361791443078,9987.766843830306,9987.766843830306,378243
2013-05-09,10111.072265625,10234.377807076356,10111.072265625,10135.733552581409,335808
2013-05-10,10135.732421875,10160.393706080282,10086.409853464433,10111.071137669716,630071
2013-05-13,10111.072265625,10234.377807076356,10061.749691712184,10135.733552581409,372642
2013-05-14,10012.4267578125,10111.070999959536,9987.765473943096,10111.070999959536,489524
2013-05-15,10160.39453125,10185.055817458133,10061.749386417468,10111.071958833732,1125308
2013-05-16,10308.361328125,10357.683900411872,10209.716183551254,10234.37746969469,1064511
2013-05-17,10308.361328125,10431.666865511525,10283.700041981563,10308.361328125,852188
2013-05-20,10407.0048828125,10456.327451798144,10185.0551090383,10185.0551090383,1017365
2013-05-21,10579.6328125,10752.26090787085,10407.004717129148,10407.004717129148,2583790
2013-05-22,11146.83984375,11196.161519402724,10579.632980433596,10604.294264925258,4484540
2013-05-23,10974.2119140625,11146.840014822888,10974.2119140625,11146.840014822888,1163514
2013-05-24,11122.1787109375,11294.80681140275,10900.22804081629,10998.87318012821,1915661
2013-05-27,11566.080078125,11689.385618745317,11122.17959589346,11122.17959589346,2182512
2013-05-28,11960.658203125,11960.658203125,11615.401994265325,11788.030098695162,2241491
2013-05-29,11812.69140625,12182.60800786736,11738.70754992815,11960.65822556307,2468837
2013-05-30,12207.26953125,12577.18703340836,11467.435420263932,11763.369064658358,2085549
2013-05-31,12330.5751953125,12947.104669742652,12207.269657758734,12453.881626196926,3936223
2013-06-03,12207.26953125,12577.18703340836,12207.26953125,12577.18703340836,2112479
2013-06-04,12157.947265625,12281.25279594642,12157.947265625,12207.268941755205,2150278
2013-06-05,12330.5751953125,12330.5751953125,12083.964120204966,12083.964120204966,1102532
2013-06-06,12305.9140625,12330.574453863372,12207.268923724085,12207.268923724085,878153
2013-06-07,12256.591796875,12330.574759459898,12207.269226264649,12231.930511569824,1922857
2013-06-10,12947.1044921875,13070.41002805027,12305.91463370433,12305.91463370433,2340011
2013-06-11,12700.4931640625,12947.105141486303,12453.88207996939,12947.105141486303,1204057
2013-06-12,12281.251953125,12700.491084779089,12281.251953125,12577.185562919714,1232990
2013-06-13,12947.1044921875,12947.1044921875,12281.253347865646,12453.88145540578,1727522
2013-06-14,12330.5751953125,13070.41020729642,12330.5751953125,12947.104669742652,1715801
2013-06-17,11837.3525390625,12330.574668192816,11837.3525390625,12330.574668192816,1447391
2013-06-18,11812.69140625,12083.963759435524,11714.046264487532,11837.352691690618,2620587
2013-06-19,11837.3525390625,12083.96360362766,11837.3525390625,12083.96360362766,3983443
2013-06-20,12133.2861328125,12133.2861328125,11837.352499003537,11837.352499003537,1501845
2013-06-21,11886.673828125,12083.963209338111,11886.673828125,11911.335112442965,2826976
2013-06-24,11788.029296875,12059.30163109971,11640.062487904195,11886.673538412011,2354886
2013-06-25,11220.8232421875,11788.030127659396,10974.21217429929,11664.724593715291,3748195
2013-06-26,11344.1298828125,11442.77413315687,11023.534059199334,11220.823453218723,3882437
2013-06-27,11837.3525390625,11837.3525390625,11368.78990839358,11492.09633400678,1008908
2013-06-28,11640.0634765625,11812.691583912509,11590.740904939456,11812.691583912509,1128164
2013-07-01,11615.4013671875,11664.72393531344,11344.129029155994,11640.06265125047,769432
2013-07-02,12083.96484375,12083.96484375,11590.741770671822,11714.047315608688,1451138
2013-07-03,12083.96484375,12330.575933623732,12009.980980789453,12083.96484375,1489381
2013-07-04,12083.96484375,12256.592963993897,12059.303556096484,12083.96484375,1882722
2013-07-05,12083.96484375,12231.931676340382,12034.642268442967,12034.642268442967,776109
2013-07-08,12034.6396484375,12083.962213006746,11935.995412629529,12083.962213006746,830673
2013-07-09,12034.6396484375,12034.6396484375,11911.334130344903,11911.334130344903,571463
2013-07-10,12108.6240234375,12182.606980187791,12034.640173356653,12034.640173356653,1021742
2013-07-11,12207.26953125,12207.26953125,12034.641423131476,12034.641423131476,446050
2013-07-12,12453.880859375,12577.186389336484,12281.25276009668,12281.25276009668,1499842
2013-07-15,12453.880859375,12700.491919297969,12330.57443608291,12577.186389336484,704221
2013-07-16,12453.880859375,12577.186389336484,12330.57443608291,12330.57443608291,709637
2013-07-17,12453.880859375,12577.186389336484,12330.57443608291,12577.186389336484,862871
2013-07-18,12453.880859375,12577.186389336484,12330.57443608291,12453.880859375,590826
2013-07-19,12453.880859375,12577.186389336484,12330.57443608291,12577.186389336484,586004
2013-07-22,12823.7978515625,12947.104278722907,12577.18678390295,12577.18678390295,1452028
2013-07-23,12823.7978515625,13070.409812552683,12700.492317732724,12823.7978515625,483440
2013-07-24,12330.5751953125,12823.798238858226,12231.930943935618,12823.798238858226,1651888
2013-07-25,12083.96484375,12330.575933623732,12083.96484375,12330.575933623732,1329211
2013-07-26,12305.9140625,12305.9140625,12009.97953950286,12083.963393584798,816689
2013-07-29,12108.6240234375,12256.590830268638,12083.96274007722,12083.96274007722,391485
2013-07-30,12330.5751953125,12700.49270130446,12083.964120204966,12083.964120204966,666683
2013-07-31,12453.880859375,12577.186389336484,12281.25276009668,12281.25276009668,694429
2013-08-01,12577.1875,12700.493040850324,12330.575524968672,12330.575524968672,302164
2013-08-02,12700.4931640625,12700.4931640625,12453.88207996939,12700.4931640625,647394
2013-08-05,12577.1875,12700.493040850324,12453.881959149678,12700.493040850324,279759
2013-08-06,12700.4931640625,12700.4931640625,12453.88207996939,12577.187622015945,621243
2013-08-07,13070.41015625,13317.021230394395,12700.49265170275,12700.49265170275,2769704
2013-08-08,12823.7978515625,13193.71534638246,12823.7978515625,13070.409812552683,327758
2013-08-09,13563.6337890625,13563.6337890625,13070.410725945125,13070.410725945125,1938102
2013-08-12,13933.5498046875,14056.855333815203,13563.632323973785,13686.93785310149,1861022
2013-08-13,14180.162109375,14426.774082638129,13933.551029442548,13933.551029442548,1626702
2013-08-14,14550.0791015625,14550.0791015625,14056.856066029351,14180.16160157998,2259741
2013-08-15,14426.7734375,14673.38450640447,14180.161475264891,14550.078971952236,1084208
2013-08-16,14303.466796875,14426.773222823016,14180.161264257607,14303.466796875,1262406
2013-08-19,14919.99609375,15289.91268781194,14303.466650318873,14303.466650318873,1625626
2013-08-20,14673.384765625,15289.91334210843,14673.384765625,15043.30226884732,1642541
2013-08-21,14550.0791015625,14673.384637113126,14180.16160157998,14673.384637113126,1815434
2013-08-22,14303.466796875,14550.078755440409,14180.161264257607,14550.078755440409,1899673
2013-08-23,14426.7734375,14550.078971952236,14180.161475264891,14303.46700971713,1518648
2013-08-26,14550.0791015625,14550.0791015625,14180.16160157998,14426.773566011874,1523470
2013-08-27,14303.466796875,14550.078755440409,14180.161264257607,14550.078755440409,465301
2013-08-28,13810.244140625,14303.467177551987,13810.244140625,14056.856105753815,2116968
2013-08-29,13810.244140625,14056.856105753815,13686.938604725916,13810.244140625,1349167
2013-08-30,14426.7734375,14426.7734375,13563.63290967308,13810.243978577551,1237442
2013-09-02,14426.7734375,14426.7734375,14426.7734375,14426.7734375,0
2013-09-03,14426.7734375,14796.690040856707,14303.46700971713,14550.078971952236,1133691
2013-09-04,14303.466796875,14550.078755440409,14303.466796875,14550.078755440409,397049
2013-09-05,14550.0791015625,14550.0791015625,14180.16160157998,14303.467137130605,549986
2013-09-06,14426.7734375,14673.38450640447,14303.46700971713,14673.38450640447,526877
2013-09-09,14180.162109375,14426.774082638129,14056.856569408774,14426.774082638129,682818
2013-09-10,14426.7734375,14550.078971952236,14180.161475264891,14303.46700971713,477987
2013-09-11,14303.466796875,14796.689820675194,14303.466796875,14550.078755440409,997149
2013-09-12,14426.7734375,14426.7734375,14180.161475264891,14180.161475264891,285101
2013-09-13,14426.7734375,14550.078971952236,14303.46700971713,14303.46700971713,402836
2013-09-16,14180.162109375,14550.079622604357,14180.162109375,14426.774082638129,935759
2013-09-17,15166.6083984375,15166.6083984375,14303.466979125964,14303.466979125964,2284816
2013-09-18,14673.384765625,15659.830845330747,14673.384765625,15289.91334210843,1448282
2013-09-19,15536.5244140625,15659.830844013331,14796.690301010754,15166.608697532603,2071639
2013-09-20,15166.6083984375,15536.52410767242,15166.6083984375,15536.52410767242,1048858
2013-09-23,15289.9130859375,15536.524155066829,15166.608444703472,15289.9130859375,770433
2013-09-24,15413.2177734375,15536.52240074849,15289.911359465435,15289.911359465435,558332
2013-09-25,15783.1376953125,15906.442341893784,15289.913749003308,15289.913749003308,774477
2013-09-26,15783.1376953125,16029.74877513642,15659.831262069863,15783.1376953125,770545
2013-09-27,15783.1376953125,16029.74877513642,15659.831262069863,15783.1376953125,806748
2013-09-30,16153.0537109375,16153.0537109375,15783.13623216352,15906.440867314055,1105351
2013-10-01,15906.439453125,16276.356899010842,15783.13482893707,16029.745863973956,1042070
2013-10-02,15906.439453125,16276.356899010842,15906.439453125,16029.745863973956,935389
2013-10-03,16029.748046875,16153.054474515591,15906.441619234403,15906.441619234403,853152
2013-10-04,16276.3603515625,16276.3603515625,16029.749264214315,16029.749264214315,650324
2013-10-07,16646.275390625,16892.88644115413,16153.053289566742,16153.053289566742,645613
2013-10-08,16769.583984375,16769.583984375,16399.66646726935,16646.277549785995,374496
2013-10-09,17016.1953125,17016.1953125,16646.277790055035,16646.277790055035,528880
2013-10-10,16399.666015625,17016.194598268186,16399.666015625,17016.194598268186,1903939
2013-10-11,16399.666015625,16646.27709135001,16276.359584431832,16646.27709135001,1802191
2013-10-14,16769.583984375,16769.583984375,16276.360032680344,16276.360032680344,534815
2013-10-15,16646.275390625,16769.581809220133,16522.968972029867,16646.275390625,544348
2013-10-16,16769.583984375,16769.583984375,16399.66646726935,16646.277549785995,327165
2013-10-17,16892.88671875,16892.88671875,16646.275664168385,16646.275664168385,783750
2013-10-18,16892.88671875,17016.193139371393,16646.275664168385,16646.275664168385,619722
2013-10-21,16892.88671875,17016.193139371393,16769.582084789778,16892.88671875,432548
2013-10-22,16769.583984375,16892.888632302635,16769.583984375,16769.583984375,737828
2013-10-23,16769.583984375,17139.50150148065,16646.277549785995,16769.583984375,727034
2013-10-24,16646.275390625,17016.192859749262,16646.275390625,16769.581809220133,539489
2013-10-25,16522.970703125,16769.58356615265,16522.970703125,16769.58356615265,286473
2013-10-28,16522.970703125,16646.277134638825,16522.970703125,16522.970703125,215625
2013-10-29,16153.0537109375,16522.969403050294,16153.0537109375,16399.664767899758,399980
2013-10-30,16153.0537109375,16399.664767899758,16029.747289125777,16399.664767899758,415336
2013-10-31,15659.830078125,16276.358624403489,15659.830078125,16276.358624403489,1024784
2013-11-01,15413.2177734375,15659.828814720557,15413.2177734375,15659.828814720557,1010577
2013-11-04,15906.439453125,15906.439453125,15536.522007239158,15536.522007239158,345007
2013-11-05,16399.666015625,16522.970660156843,15659.831001788649,15783.137432981814,817394
2013-11-06,16646.275390625,16646.275390625,16399.66434009587,16399.66434009587,724141
2013-11-07,16153.0537109375,16646.275824862016,16153.0537109375,16646.275824862016,570833
2013-11-08,15783.1376953125,16276.35985496034,15783.1376953125,16029.74877513642,410180
2013-11-11,16153.0537109375,16153.0537109375,15783.13623216352,15783.13623216352,265144
2013-11-12,15783.1376953125,16029.74877513642,15783.1376953125,16029.74877513642,550023
2013-11-13,15783.1376953125,15906.442341893784,15783.1376953125,15906.442341893784,380839
2013-11-14,15783.1376953125,15783.1376953125,15659.831262069863,15783.1376953125,186135
2013-11-15,15906.439453125,16029.745863973956,15659.828418088116,15659.828418088116,374200
2013-11-18,15906.439453125,16029.745863973956,15783.13482893707,15906.439453125,482995
2013-11-19,15906.439453125,16276.356899010842,15906.439453125,15906.439453125,624136
2013-11-20,16029.748046875,16029.748046874998,15906.441619234403,16029.748046874998,796992
2013-11-21,16153.0537109375,16276.358346088036,16029.747289125777,16029.747289125777,1271939
2013-11-22,16522.970703125,16646.277134638825,16153.054981906176,16276.359626758674,1024450
2013-11-25,16769.583984375,17016.195066891643,16646.277549785995,16646.277549785995,868843
2013-11-26,17139.498046875,17139.498046875,16646.274194593636,16769.58060432923,1360221
2013-11-27,16892.88671875,17386.1106145744,16769.582084789778,17139.499559992786,732449
2013-11-28,16646.275390625,17016.192859749262,16646.275390625,16769.581809220133,451688
2013-11-29,17139.498046875,17139.498046875,16646.274194593636,16769.58060432923,669131
2013-12-02,17640.654296875,17778.471752558908,17502.836841191092,17640.654296875,788879
2013-12-03,17365.01953125,17778.47190177179,17365.01953125,17640.65444493119,906634
2013-12-04,17365.01953125,17365.01953125,17089.38461756881,17365.01953125,590968
2013-12-05,17089.384765625,17502.83713972879,17089.384765625,17365.019681694193,549726
2013-12-06,17089.384765625,17227.202223659595,16813.748034161712,17089.384765625,431600
2013-12-09,17227.203125,17365.020590245313,17089.385659754687,17365.020590245313,1023513
2013-12-10,17089.384765625,17227.202223659595,16813.748034161712,17227.202223659595,1131792
2013-12-11,16675.931640625,17089.38585651548,16538.11417379291,17089.38585651548,2025916
2013-12-12,16675.931640625,16675.931640625,16124.66177329664,16538.11417379291,1602679
2013-12-13,16538.11328125,16675.930740644242,16262.478362461516,16538.11328125,2087593
2013-12-16,16538.11328125,17227.202393615316,16262.478362461516,16262.478362461516,2236305
2013-12-17,16951.56640625,16951.56640625,16675.93147531816,16813.74894078408,525514
2013-12-18,17089.384765625,17089.384765625,16675.930576127117,16813.748034161712,838686
2013-12-19,16675.931640625,17089.38585651548,16675.931640625,17089.38585651548,978427
2013-12-20,16538.11328125,16813.74820003848,16538.11328125,16675.930740644242,2802858
2013-12-23,16538.11328125,16813.74820003848,16538.11328125,16538.11328125,2576621
2013-12-24,16675.931640625,16813.74910745709,16400.29670696082,16675.931640625,1314158
2013-12-25,16813.748046875,16951.5655050138,16675.930588736195,16813.748046875,505450
2013-12-26,16951.56640625,17089.385687110112,16675.93147531816,16813.74894078408,1345047
2013-12-27,16951.56640625,17089.385687110112,16813.74894078408,17089.385687110112,1159478
2013-12-30,16675.931640625,16951.56657428918,16675.931640625,16951.56657428918,1293588
2013-12-31,16813.748046875,16951.5655050138,16675.930588736195,16813.748046875,904914
2014-01-01,16813.748046875,16813.748046875,16813.748046875,16813.748046875,0
2014-01-02,16813.748046875,16813.748046875,16675.930588736195,16813.748046875,390831
2014-01-03,16538.11328125,16813.74820003848,16538.11328125,16813.74820003848,394001
2014-01-06,16675.931640625,16675.931640625,16538.11417379291,16675.931640625,935230
2014-01-07,16813.748046875,16813.748046875,16675.930588736195,16675.930588736195,833965
2014-01-08,17916.2890625,17916.2890625,16675.93015604065,16813.747610603463,3171333
2014-01-09,18054.107421875,18054.107421875,17640.655037465698,17916.289960405233,1826420
2014-01-10,17778.47265625,18191.925044317773,17778.47265625,17916.290118939258,957183
2014-01-13,18329.7421875,18467.55964778695,17640.65488606524,17640.65488606524,1959114
2014-01-14,18881.013671875,19018.831130905262,18329.74202035985,18329.74202035985,1447324
2014-01-15,18881.013671875,19156.64858993552,18605.376938420373,19156.64858993552,1141437
2014-01-16,18881.013671875,19018.831130905262,18605.376938420373,18743.19621284474,791003
2014-01-17,18881.013671875,19432.28350799604,18881.013671875,19018.831130905262,3669938
2014-01-20,19156.6484375,19294.465895433605,18881.013521632794,19018.830979566395,1955978
2014-01-21,20397.0078125,20397.0078125,19018.831388161525,19156.64884905596,1671335
2014-01-22,19294.466796875,20672.64325599381,19294.466796875,20397.008327248885,961533
2014-01-23,20121.37109375,20534.825292206195,19432.28378864656,19432.28378864656,1325724
2014-01-24,20259.1875,20259.1875,19983.552592309232,20121.37004615461,598117
2014-01-27,19845.736328125,20121.37125233882,19570.101403911176,20121.37125233882,914727
2014-01-28,19845.736328125,19845.736328125,19845.736328125,19845.736328125,0
2014-01-29,19845.736328125,19845.736328125,19845.736328125,19845.736328125,0
2014-01-30,19845.736328125,19845.736328125,19845.736328125,19845.736328125,0
2014-01-31,19845.736328125,19845.736328125,19845.736328125,19845.736328125,0
2014-02-03,19845.736328125,19845.736328125,19845.736328125,19845.736328125,0
2014-02-04,19845.736328125,19845.736328125,19845.736328125,19845.736328125,0
2014-02-05,19845.736328125,19845.736328125,19845.736328125,19845.736328125,0
2014-02-06,19018.83203125,19707.919359022453,19018.83203125,19432.28442791347,1830770
2014-02-07,19294.466796875,19570.101725619927,18881.01440375761,19432.284261247463,1115066
2014-02-10,19707.91796875,19707.91796875,19294.46560125305,19294.46560125305,639358
2014-02-11,19707.91796875,19845.735424582315,19570.100512917685,19707.91796875,1345013
2014-02-12,19845.736328125,19845.736328125,19432.283941804264,19707.918866018088,686669
2014-02-13,20121.37109375,20259.188554770688,19845.736171708624,19845.736171708624,1089607
2014-02-14,20397.0078125,20672.64273428887,20121.371075317,20121.371075317,1350813
2014-02-17,20259.1875,20672.6416769302,20259.1875,20534.82422308481,878038
2014-02-18,21086.095703125,21086.095703125,20259.18909937785,20259.18909937785,1241286
2014-02-19,21086.095703125,21086.095703125,21086.095703125,21086.095703125,0
2014-02-20,20810.4609375,22188.63741099853,20672.643471689567,22188.63741099853,1540294
2014-02-21,20810.4609375,21086.095869120865,20397.0085400687,20948.27840331044,1022198
2014-02-24,22050.818359375,22050.818359375,20810.45944088892,20948.27689678804,1340258
2014-02-25,21775.181640625,22050.81836792416,21637.364184672453,21775.181640625,844823
2014-02-26,21913.0,21913.0,21499.547615096675,21775.18253836556,1130983
2014-02-27,21499.546875,22050.818517955027,21499.546875,21912.99924567071,844890
2014-02-28,22464.271484375,22464.271484375,21361.729984619786,21637.364905710056,2080579
2014-03-03,21499.546875,22464.27088862574,21499.546875,22188.635974845263,1536180
2014-03-04,21223.912109375,21361.729567227285,20810.459735818145,20948.27719367043,1614346
2014-03-05,21637.365234375,21775.18269701354,21361.73030909792,21499.54777173646,1854207
2014-03-06,21637.365234375,22050.81943768478,21637.365234375,21637.365234375,1483338
2014-03-07,21499.546875,21912.99924567071,21499.546875,21912.99924567071,745985
2014-03-10,21361.73046875,21637.36539608711,21361.73046875,21637.36539608711,1312944
2014-03-11,21913.0,21913.0,21499.547615096675,21499.547615096675,1653598
2014-03-12,22050.818359375,22739.905638870565,21912.999088081822,21912.999088081822,3308309
2014-03-13,22188.63671875,22188.63671875,21775.182518823585,22188.63671875,957486
2014-03-14,22188.63671875,22464.27164177152,22050.81925723924,22188.63671875,2136186
2014-03-17,21637.365234375,21913.00015965208,21499.54777173646,21775.18269701354,2299735
2014-03-18,21913.0,22050.819277028582,21499.547615096675,21637.36507673112,1402542
2014-03-19,22050.818359375,22050.818359375,21775.18163218271,21912.999088081822,1697166
2014-03-20,21913.0,22050.819277028582,21775.18253836556,21913.0,1307043
2014-03-21,21499.546875,22050.818517955027,21499.546875,21912.99924567071,9993147
2014-03-24,22739.90625,22739.90625,22050.81895198538,22050.81895198538,2905439
2014-03-25,22326.453125,22739.90548999043,22326.453125,22464.27057999681,1437916
2014-03-26,21775.181640625,22464.2707357818,21499.54672871991,22188.635823876702,3088378
2014-03-27,22326.453125,22326.453125,21637.364034621896,21775.181489618702,2275961
2014-03-28,22877.724609375,22877.724609375,22188.637284258843,22326.454749282075,2046453
2014-03-31,22877.724609375,23153.359539421464,22739.907144351768,22877.724609375,2058626
2014-04-01,22602.087890625,23015.540252974544,22464.270436508486,22877.722798858027,1418323
2014-04-02,22602.087890625,22877.722798858027,22050.818074158942,22602.087890625,1302524
2014-04-03,22739.90625,22877.723709602924,22602.08879039708,22602.08879039708,629613
2014-04-04,23153.359375,23153.359375,22739.906982866403,22877.724446910936,1724413
2014-04-07,23842.447265625,24118.082179321114,23291.17562283869,23428.993079686752,3353901
2014-04-08,23980.265625,23980.265625,23704.630700930025,23842.44816296501,1290856
2014-04-09,23980.265625,23980.265625,23980.265625,23980.265625,0
2014-04-10,23980.265625,24393.718011104964,23704.630700930025,23980.265625,1705664
2014-04-11,23980.265625,23980.265625,23566.81142350089,23704.630700930025,1171145
2014-04-14,23566.810546875,24118.082189903183,23428.99308996648,24118.082189903183,969424
2014-04-15,22739.90625,23704.63028261458,22739.90625,23704.63028261458,1759348
2014-04-16,22464.271484375,22877.72386601041,21775.18236625519,22739.90640546527,2242914
2014-04-17,22877.724609375,23015.542074398232,22464.272214305307,22739.907144351768,1602510
2014-04-18,22188.63671875,22877.72402630379,22188.63671875,22877.72402630379,591710
2014-04-21,22050.818359375,22188.635815274112,21912.999088081822,22050.818359375,1271230
2014-04-22,22050.818359375,22050.818359375,22050.818359375,22050.818359375,0
2014-04-23,22602.087890625,22739.90534474152,22188.635528275456,22739.90534474152,1200179
2014-04-24,22602.087890625,22739.90534474152,22188.635528275456,22602.087890625,579570
2014-04-25,22877.724609375,23153.359539421464,22326.454749282075,22326.454749282075,1902698
2014-04-28,23153.359375,23428.994303089068,23153.359375,23153.359375,2566303
2014-04-29,23428.994140625,23428.994140625,22877.72428826955,23015.54175135841,699315
2014-04-30,23428.994140625,23428.994140625,23428.994140625,23428.994140625,0
2014-05-01,23428.994140625,23428.994140625,23428.994140625,23428.994140625,0
2014-05-02,23428.994140625,23428.994140625,23428.994140625,23428.994140625,0
2014-05-05,23015.541015625,23428.99339167484,22739.90609825844,23291.17593299156,977888
2014-05-06,22464.271484375,23015.541326555543,22050.81910273959,22602.08894492013,927204
2014-05-07,22739.90625,22739.90625,22464.271330794152,22464.271330794152,586753
2014-05-08,21223.912109375,22050.8186718828,21223.912109375,22050.8186718828,3810489
2014-05-09,21775.181640625,21775.181640625,20948.27690490973,21223.91181681482,1596878
2014-05-12,20672.642578125,21775.182256951743,20259.18838317085,21775.182256951743,2920985
2014-05-13,21361.73046875,21361.73046875,20397.008223070126,20397.008223070126,1240274
2014-05-14,22602.087890625,22602.087890625,21499.54644229884,21499.54644229884,1734192
2014-05-15,22326.453125,22739.90548999043,21499.546579625086,22602.08803499362,1789158
2014-05-16,22326.453125,22326.453125,21775.181489618702,21912.99894461552,436760
2014-05-19,22464.271484375,22464.271484375,21775.18236625519,22050.81910273959,1034573
2014-05-20,22188.63671875,22464.27164177152,21912.99998033434,22464.27164177152,445864
2014-05-21,22326.453125,22464.27057999681,21912.99894461552,22326.453125,577007
2014-05-22,22188.63671875,22464.27164177152,22050.81925723924,22050.81925723924,423608
2014-05-23,22464.271484375,22464.271484375,22188.636563284726,22188.636563284726,867349
2014-05-26,22464.271484375,22464.271484375,22188.636563284726,22464.271484375,163481
2014-05-27,22602.087890625,22739.90534474152,22188.635528275456,22188.635528275456,584257
2014-05-28,23015.541015625,23153.35847430828,22602.08863957516,22602.08863957516,1707586
2014-05-29,23015.541015625,23153.35847430828,22877.72355694172,23015.541015625,695673
2014-05-30,23153.359375,23291.176839044536,23015.541910955468,23153.359375,1280673
2014-06-02,23015.541015625,23015.541015625,23015.541015625,23015.541015625,59420
2014-06-03,23015.541015625,23153.35847430828,22739.90609825844,23015.541015625,594205
2014-06-04,23015.541015625,23015.541015625,22877.72355694172,23015.541015625,581425
2014-06-05,22602.087890625,22602.087890625,22877.722798858027,22877.722798858027,476551
2014-06-06,22602.087890625,22877.722798858027,22602.087890625,22602.087890625,239523
2014-06-09,22877.724609375,23153.359539421464,22464.272214305307,22602.08967932854,1639131
2014-06-10,22877.724609375,23015.542074398232,22602.08967932854,22877.724609375,282147
2014-06-11,23015.541015625,23153.35847430828,22739.90609825844,22877.72355694172,1327276
2014-06-12,22877.724609375,23015.542074398232,22739.907144351768,22877.724609375,307674
2014-06-13,22877.724609375,22877.724609375,22602.08967932854,22877.724609375,320792
2014-06-16,23015.541015625,23153.35847430828,22877.72355694172,23015.541015625,3289796
2014-06-17,23704.630859375,23704.630859375,23015.54172919995,23015.54172919995,2112176
2014-06-18,23566.810546875,23980.264732994656,23428.99308996648,23704.629819177608,730440
2014-06-19,23428.994140625,23428.994140625,22739.90682518069,23291.17667753614,1621327
2014-06-20,22877.724609375,23428.994469467925,22877.724609375,23428.994469467925,3468014
2014-06-23,22877.724609375,23015.542074398232,22877.724609375,22877.724609375,809382
2014-06-24,23153.359375,23153.359375,22877.724446910936,22877.724446910936,1305896
2014-06-25,23153.359375,23153.359375,23015.541910955468,23015.541910955468,555763
2014-06-26,23153.359375,23153.359375,22877.724446910936,23015.541910955468,967974
2014-06-27,23015.541015625,23015.541015625,22739.90609825844,22877.72355694172,697730
2014-06-30,22739.90625,23015.541169205848,22739.90625,22877.723709602924,555661
2014-07-01,23015.541015625,23153.35847430828,22602.08863957516,22877.72355694172,820442
2014-07-02,22877.724609375,23153.359539421464,22877.724609375,23015.542074398232,1043847
2014-07-03,23428.994140625,23428.994140625,22877.72428826955,22877.72428826955,1835727
2014-07-04,23153.359375,23291.176839044536,23153.359375,23291.176839044536,780583
2014-07-07,23015.541015625,23291.17593299156,23015.541015625,23291.17593299156,730709
2014-07-08,23015.541015625,23153.35847430828,22877.72355694172,23015.541015625,638414
2014-07-09,23291.17578125,23291.17578125,22877.7234078938,23015.5408656792,1033865
2014-07-10,23153.359375,23153.359375,22877.724446910936,23153.359375,618687
2014-07-11,23153.359375,23153.359375,22877.724446910936,23015.541910955468,401689
2014-07-14,23980.265625,23980.265625,23153.35903739593,23153.35903739593,3107667
2014-07-15,24118.08203125,24255.899487251936,23980.26457524806,23980.26457524806,1111829
2014-07-16,23980.265625,24393.718011104964,23980.265625,24255.90054906997,1247727
2014-07-17,23842.447265625,23980.264722473057,23566.81053653481,23842.447265625,1248502
2014-07-18,24531.53515625,24531.53515625,23704.630394721746,23842.447854976457,2084356
2014-07-21,25220.623046875,25220.623046875,25220.623046875,24807.170656449383,2111299
2014-07-22,24944.98828125,24944.98828125,24944.98828125,25082.805745616504,929093
2014-07-23,25358.44140625,25358.44140625,25358.44140625,25082.80467389998,1151283
2014-07-24,26047.529296875,26047.529296875,26047.529296875,25358.44198865889,1334054
2014-07-25,25496.259765625,25496.259765625,25496.259765625,26047.529619015662,1255752
2014-07-28,24944.98828125,24944.98828125,24944.98828125,25771.894882843204,1029515
2014-07-29,25082.8046875,25082.8046875,25082.8046875,25082.8046875,515128
2014-07-30,25220.623046875,25220.623046875,25220.623046875,25082.8055833998,616225
2014-07-31,26185.345703125,26185.345703125,26185.345703125,25220.62169511125,1867763
2014-08-01,25909.7109375,25909.7109375,25909.7109375,26047.52839436806,790599
2014-08-04,27012.25390625,27012.25390625,27012.25390625,25909.71237475178,1326331
2014-08-05,27287.888671875,27287.888671875,27287.888671875,27150.07120818725,1439534
2014-08-06,27563.5234375,27563.5234375,27563.5234375,27287.888511742007,1056121
2014-08-07,27563.5234375,27563.5234375,27563.5234375,27150.07104886301,1152362
2014-08-08,27012.25390625,27012.25390625,27012.25390625,27563.52376430202,1009788
2014-08-11,27287.888671875,27287.888671875,27287.888671875,27012.253744499503,899654
2014-08-12,28114.79296875,28114.79296875,28114.79296875,27287.8882008956,1496018
2014-08-13,28114.79296875,28114.79296875,28114.79296875,28390.427891368134,1441254
2014-08-14,27839.158203125,27839.158203125,27839.158203125,28114.79312729752,1307852
2014-08-15,27839.158203125,27839.158203125,27839.158203125,27563.52327895248,909096
2014-08-18,27563.5234375,27563.5234375,27563.5234375,27839.158363258,1141302
2014-08-19,27839.158203125,27839.158203125,27839.158203125,27563.52327895248,780853
2014-08-20,28114.79296875,28114.79296875,28114.79296875,28114.79296875,1014779
2014-08-21,28941.69921875,28941.69921875,28941.69921875,28390.4275644672,2147718
2014-08-22,30290.4375,30290.4375,30290.4375,29672.26489067166,1793459
2014-08-25,30908.611328125,30908.611328125,30908.611328125,30599.524085950605,1091900
2014-08-26,30444.982421875,30444.982421875,30444.982421875,30908.611436111896,1130097
2014-08-27,30599.5234375,30599.5234375,30599.5234375,30444.98167033228,697788
2014-08-28,30599.5234375,30599.5234375,30599.5234375,30599.5234375,624582
2014-08-29,30444.982421875,30444.982421875,30444.982421875,30754.06781448476,649321
2014-09-01,30444.982421875,30444.982421875,30444.982421875,30444.982421875,0
2014-09-02,30444.982421875,30444.982421875,30444.982421875,30444.982421875,0
2014-09-03,29672.265625,30290.43824962686,29672.265625,30290.43824962686,1717984
2014-09-04,29981.3515625,29981.3515625,29363.180777166945,29363.180777166945,571241
2014-09-05,30290.4375,30290.4375,30135.893885006808,30135.893885006808,781387
2014-09-08,29981.3515625,30444.98242746655,29981.3515625,30444.98242746655,846776
2014-09-09,30599.5234375,30599.5234375,30290.43805252009,30290.43805252009,5067566
2014-09-10,30599.5234375,30599.5234375,30290.43805252009,30290.43805252009,1041900
2014-09-11,30754.068359375,30754.068359375,30754.068359375,30599.524735009712,4997242
2014-09-12,30754.068359375,30754.068359375,30754.068359375,30908.611983740288,2314915
2014-09-15,32763.126953125,32763.126953125,32763.126953125,30908.61267263089,5910909
2014-09-16,33072.2109375,33381.29816254701,33072.2109375,33381.29816254701,1934170
2014-09-17,32144.95703125,32144.95703125,32144.95703125,33381.3023865956,1801675
2014-09-18,31217.697265625,31217.697265625,31217.697265625,31526.78451320506,2165407
2014-09-19,30908.611328125,31217.69671965489,30908.611328125,31217.69671965489,4458097
2014-09-22,31217.697265625,31835.868059496053,31217.697265625,31835.868059496053,1699560
2014-09-23,30908.611328125,31217.69671965489,30908.611328125,31217.69671965489,1781258
2014-09-24,30290.4375,30754.06649433515,30290.4375,30754.06649433515,2188705
2014-09-25,30290.4375,30290.4375,30290.4375,30290.4375,2646213
2014-09-26,30135.89453125,30290.43814955727,30135.89453125,30290.43814955727,895457
2014-09-29,29826.810546875,29826.810546875,29672.266921305552,29672.266921305552,578905
2014-09-30,29981.3515625,29981.3515625,29672.26616983347,29672.26616983347,778290
2014-10-01,31217.697265625,31217.697265625,30290.43922417389,30290.43922417389,1549684
2014-10-02,31526.783203125,31835.866736572178,31526.783203125,31835.866736572178,1381414
2014-10-03,30908.611328125,31526.783961829293,30908.611328125,31526.783961829293,1276509
2014-10-06,31526.783203125,31526.783203125,30908.610584297272,30908.610584297272,918878
2014-10-07,31217.697265625,31217.697265625,31217.697265625,31217.697265625,492547
2014-10-08,30599.5234375,30908.610673124364,30599.5234375,30908.610673124364,1530125
2014-10-09,31526.783203125,31526.783203125,30754.066966929226,30754.066966929226,1790853
2014-10-10,31217.697265625,31217.697265625,31217.697265625,31217.697265625,686108
2014-10-13,30290.4375,30754.06649433515,30290.4375,30754.06649433515,2459826
2014-10-14,29672.265625,30290.43824962686,29672.265625,30290.43824962686,2138276
2014-10-15,29208.63671875,29672.26572613933,29208.63671875,29672.26572613933,2837598
2014-10-16,27508.662109375,29054.09273130793,27508.662109375,29054.09273130793,4271280
2014-10-17,26890.4921875,27354.12120360823,26890.4921875,27354.12120360823,3995500
2014-10-20,27354.12109375,27354.12109375,27199.57747211976,27199.57747211976,1993887
2014-10-21,28435.923828125,28435.923828125,27199.578509230618,27199.578509230618,2970338
2014-10-22,29054.09375,29054.09375,28590.464732228847,28590.464732228847,2364026
2014-10-23,28281.37890625,28435.92252669996,28281.37890625,28435.92252669996,2247963
2014-10-24,28281.37890625,28281.37890625,27817.74989554463,27817.74989554463,533411
2014-10-27,27354.12109375,28281.37912224245,27354.12109375,28281.37912224245,1037271
2014-10-28,27817.75,27817.75,27199.577366523445,27199.577366523445,795642
2014-10-29,28590.46484375,28590.46484375,28281.37944757844,28281.37944757844,1382640
2014-10-30,28590.46484375,28590.46484375,28590.46484375,28590.46484375,943188
2014-10-31,29054.09375,29054.09375,28745.00835503407,28745.00835503407,982183
2014-11-03,29672.265625,29672.265625,29208.636619190973,29208.636619190973,1164524
2014-11-04,29208.63671875,29363.180338094604,29208.63671875,29363.180338094604,1066486
2014-11-05,29054.09375,29054.09375,29054.09375,29054.09375,852478
2014-11-06,29054.09375,29054.09375,29054.09375,29054.09375,342211
2014-11-07,28899.55078125,29054.09254701188,28899.55078125,29054.09254701188,739725
2014-11-10,28281.37890625,28899.551537405325,28281.37890625,28899.551537405325,1364798
2014-11-11,28435.923828125,28745.009232526303,28435.923828125,28745.009232526303,1118846
2014-11-12,28435.923828125,28590.465605003363,28435.923828125,28590.465605003363,1001097
2014-11-13,28126.833984375,28435.921210973484,28126.833984375,28435.921210973484,1422585
2014-11-14,27817.75,27972.291770385764,27817.75,27972.291770385764,1302536
2014-11-17,27817.75,28126.83539141603,27817.75,28126.83539141603,1584907
2014-11-18,27817.75,27817.75,27817.75,27817.75,1129576
2014-11-19,27354.12109375,27817.750107996228,27354.12109375,27817.750107996228,1096805
2014-11-20,27817.75,27817.75,27354.12098755371,27354.12098755371,1010202
2014-11-21,26890.4921875,27817.75021971646,26890.4921875,27817.75021971646,1801154
2014-11-24,26426.86328125,26890.492299285568,26426.86328125,26890.492299285568,1461242
2014-11-25,26581.404296875,26581.404296875,26581.404296875,26581.404296875,1508789
2014-11-26,25654.146484375,26581.40450117918,25654.146484375,26581.40450117918,4289827
2014-11-27,24881.43359375,25190.519001184104,24881.43359375,25190.519001184104,3841332
2014-11-28,23336.001953125,23645.087348609923,23336.001953125,23645.087348609923,7037787
2014-12-01,22872.37109375,23181.45646435896,22872.37109375,23181.45646435896,6013790
2014-12-02,23336.001953125,23490.5437255452,23336.001953125,23490.5437255452,1550665
2014-12-03,23645.0859375,23645.0859375,23490.542323658254,23490.542323658254,2191740
2014-12-04,23490.544921875,23645.088552810343,23490.544921875,23645.088552810343,1761884
2014-12-05,23026.9140625,23490.543068073228,23026.9140625,23490.543068073228,1905813
2014-12-08,21481.482421875,22872.37122415639,21481.482421875,22872.37122415639,3971926
2014-12-09,20090.595703125,20399.68107907908,20090.595703125,20399.68107907908,5502849
2014-12-10,20863.3125,20863.3125,19008.7946406958,19008.7946406958,5611493
2014-12-11,20090.595703125,20090.595703125,19936.05208982576,19936.05208982576,3329256
2014-12-12,19472.423828125,19472.423828125,19317.88205969599,19317.88205969599,3558010
2014-12-15,18854.25390625,18854.25390625,18699.71028018361,18699.71028018361,2931251
2014-12-16,17772.451171875,18545.165555126565,17772.451171875,18545.165555126565,5392672
2014-12-17,16999.736328125,17772.452625209557,16999.736328125,17772.452625209557,7693302
2014-12-18,18081.537109375,18081.537109375,17463.364473435668,17463.364473435668,3210250
2014-12-19,18854.25390625,18854.25390625,18390.62302805085,18390.62302805085,9479619
2014-12-22,20090.595703125,20090.595703125,19317.88133791761,19317.88133791761,4042741
2014-12-23,19781.51171875,19936.053492276453,19781.51171875,19936.053492276453,2862705
2014-12-24,20245.140625,20245.140625,20090.597001711594,20090.597001711594,2322242
2014-12-25,19472.423828125,19936.05283470099,19472.423828125,19936.05283470099,1655906
2014-12-26,19626.966796875,19626.966796875,19472.423182922183,19472.423182922183,1633344
2014-12-29,19163.33984375,19626.968884272614,19163.33984375,19626.968884272614,1434234
2014-12-30,19626.966796875,19626.966796875,18699.70881444696,18699.70881444696,1183009
2014-12-31,19936.052734375,19936.052734375,19472.423730132174,19472.423730132174,954408
2015-01-01,19936.052734375,19936.052734375,19936.052734375,19936.052734375,0
2015-01-02,19936.052734375,19936.052734375,19936.052734375,19936.052734375,0
2015-01-05,18854.25390625,19626.9683352928,18854.25390625,19626.9683352928,1666268
2015-01-06,18390.623046875,18390.623046875,17926.994018845853,17926.994018845853,1274977
2015-01-07,18390.623046875,18390.623046875,18081.537645070424,18081.537645070424,3528489
2015-01-08,18390.623046875,18699.71029932414,18390.623046875,18699.71029932414,1299471
2015-01-09,19317.880859375,19317.880859375,18545.16466266493,18545.16466266493,3512701
2015-01-12,19163.33984375,19163.33984375,19163.33984375,19163.33984375,2766752
2015-01-13,18854.25390625,18854.25390625,18854.25390625,18854.25390625,2252776
2015-01-14,18545.166015625,19008.79502721729,18545.166015625,19008.79502721729,2341341
2015-01-15,19317.880859375,19317.880859375,19163.337249904114,19163.337249904114,2508476
2015-01-16,19163.33984375,19163.33984375,19163.33984375,19163.33984375,772803
2015-01-19,19317.880859375,19472.422618201523,19317.880859375,19472.422618201523,1334817
2015-01-20,19008.794921875,19008.794921875,19008.794921875,19008.794921875,909896
2015-01-21,18854.25390625,19008.79568167182,18854.25390625,19008.79568167182,678812
2015-01-22,19008.794921875,19008.794921875,19008.794921875,19008.794921875,1326387
2015-01-23,19163.33984375,19163.33984375,19163.33984375,19163.33984375,1211396
2015-01-26,19008.794921875,19008.794921875,19008.794921875,19008.794921875,1001956
2015-01-27,18699.708984375,19008.79436444493,18699.708984375,19008.79436444493,2715955
2015-01-28,18545.166015625,18854.25325711619,18545.166015625,18854.25325711619,2300783
2015-01-29,18236.080078125,18390.62184359348,18236.080078125,18390.62184359348,1647966
2015-01-30,17772.451171875,18236.08017195483,17772.451171875,18236.08017195483,2325154
2015-02-02,17617.908203125,18081.537220261616,17617.908203125,18081.537220261616,77120
2015-02-03,18081.537109375,18545.16612366837,18081.537109375,18081.537109375,165532
2015-02-04,18545.166015625,18854.25325711619,18236.080624778308,18545.166015625,344295
2015-02-05,18390.623046875,18545.16667309957,18081.537645070424,18081.537645070424,116440
2015-02-06,18545.166015625,18854.25325711619,18390.622394879403,18699.7096363706,151820
2015-02-09,18545.166015625,18699.7096363706,18236.080624778308,18545.166015625,203784
2015-02-10,18390.623046875,18545.16667309957,18390.623046875,18390.623046875,130698
2015-02-11,18081.537109375,18390.62250202241,17926.99348772904,18236.08073102096,153221
2015-02-12,18390.623046875,18390.623046875,17772.452243265845,18236.081271294992,131930
2015-02-13,18390.623046875,18545.16667309957,18236.081271294992,18545.16667309957,110339
2015-02-16,18390.623046875,18390.623046875,18390.623046875,18390.623046875,0
2015-02-17,18390.623046875,18390.623046875,18390.623046875,18390.623046875,0
2015-02-18,18390.623046875,18390.623046875,18390.623046875,18390.623046875,0
2015-02-19,18390.623046875,18390.623046875,18390.623046875,18390.623046875,0
2015-02-20,18390.623046875,18390.623046875,18390.623046875,18390.623046875,0
2015-02-23,18390.623046875,18390.623046875,18390.623046875,18390.623046875,0
2015-02-24,18390.623046875,18390.623046875,18390.623046875,18390.623046875,0
2015-02-25,17772.451171875,18236.08017195483,17617.907554966907,18236.08017195483,160937
2015-02-26,17926.9921875,18081.53579793705,17772.45042770733,18081.53579793705,138018
2015-02-27,17926.9921875,17926.9921875,17772.45042770733,17926.9921875,87485
2015-03-02,17772.451171875,18081.536555046736,17772.451171875,18081.536555046736,55950
2015-03-03,17926.9921875,18081.53579793705,17772.45042770733,17926.9921875,110781
2015-03-04,17926.9921875,18081.53579793705,17926.9921875,18081.53579793705,79285
2015-03-05,18236.080078125,18699.709075819326,18081.53646201208,18081.53646201208,358790
2015-03-06,18081.537109375,18545.16612366837,18081.537109375,18236.08073102096,147209
2015-03-09,17926.9921875,18236.07940837409,17926.9921875,18081.53579793705,80450
2015-03-10,17772.451171875,17926.992938138643,17772.451171875,17926.992938138643,121495
2015-03-11,17617.908203125,17772.451825718712,17463.364580531288,17772.451825718712,168276
2015-03-12,17308.822265625,17617.907650472265,17308.822265625,17617.907650472265,121660
2015-03-13,16999.736328125,17308.823587216662,16999.736328125,17308.823587216662,242585
2015-03-16,16381.5634765625,16999.736137156928,16381.5634765625,16999.736137156928,331359
2015-03-17,16227.0205078125,16381.562273629335,16072.476891351216,16381.562273629335,195513
2015-03-18,15608.8486328125,16227.021277328087,15392.487929635365,16227.021277328087,490907
2015-03-19,15608.8486328125,15763.39225660253,15454.305934344737,15763.39225660253,153699
2015-03-20,15454.3056640625,15608.848359827449,15361.579121281282,15454.3056640625,670066
2015-03-23,15145.21875,15763.39135932834,15145.21875,15608.84774433515,291432
2015-03-24,14557.955078125,14990.675546401257,14465.229461777712,14990.675546401257,342867
2015-03-25,13599.7880859375,14527.046070103444,13599.7880859375,14527.046070103444,822738
2015-03-26,14063.4169921875,14248.86914308215,13599.788002934183,13599.788002934183,480846
2015-03-27,14001.6005859375,14588.863753629545,14001.6005859375,14279.7783629086,290930
2015-03-30,13692.5146484375,13970.6924330991,13630.697568584315,13908.875353245916,398645
2015-03-31,13847.0576171875,14032.508847958608,13692.513999556011,13692.513999556011,276549
2015-04-01,13228.8857421875,13847.05839687656,13136.160121580826,13816.149856674334,509708
2015-04-02,13568.8798828125,13692.51403699798,13167.067956387453,13445.245728627018,490558
2015-04-03,13908.875,14032.509156566412,13599.788683261722,13661.605761544928,298958
2015-04-06,13908.875,14187.051852274424,13908.875,13908.875,223147
2015-04-07,14217.9619140625,14217.9619140625,13785.240497256093,14032.509746099426,430346
2015-04-08,14094.326171875,14465.229565239257,14094.326171875,14310.686870221753,366570
2015-04-09,14187.0517578125,14279.778299942156,13939.78344632607,14063.417602069285,182368
2015-04-10,14032.5087890625,14279.778021041724,14032.5087890625,14156.142942391,202025
2015-04-13,14279.7783203125,14341.595398272291,14032.509083151092,14032.509083151092,187129
2015-04-14,14557.955078125,14650.681619794528,14248.869690300704,14341.595306647992,421257
2015-04-15,15454.3056640625,15454.3056640625,14681.590334593264,14681.590334593264,438507
2015-04-16,16536.10546875,16536.10546875,16381.561856226494,16381.561856226494,647654
2015-04-17,16381.5634765625,17463.3651699416,16381.5634765625,16690.650732182006,1079622
2015-04-20,16690.650390625,16999.735789274808,16227.021367328018,16381.56314133065,398814
2015-04-21,16845.193359375,17308.822364619773,16690.64974074525,16690.64974074525,437486
2015-04-22,17154.27734375,17308.82094974691,16845.1919824005,16845.1919824005,459387
2015-04-23,17308.822265625,17463.3640327264,16845.19326303187,17308.822265625,374452
2015-04-24,17617.908203125,17772.451825718712,17154.279185988384,17463.364580531288,312827
2015-04-27,16845.193359375,17617.907751234798,16845.193359375,17617.907751234798,225866
2015-04-28,16845.193359375,16845.193359375,16845.193359375,16845.193359375,0
2015-04-29,16845.193359375,16845.193359375,16845.193359375,16845.193359375,0
2015-04-30,16845.193359375,16845.193359375,16845.193359375,16845.193359375,0
2015-05-01,16845.193359375,16845.193359375,16845.193359375,16845.193359375,0
2015-05-04,16536.10546875,17308.821680723133,16072.47648182388,17308.821680723133,292000
2015-05-05,16999.736328125,17154.27995767083,15917.934622593382,16381.563660586276,247509
2015-05-06,17463.365234375,17926.994268870294,17154.279828259667,17308.823456639628,345065
2015-05-07,17308.822265625,17617.907650472265,16999.735030133274,17308.822265625,114266
2015-05-08,16999.736328125,17154.27995767083,16690.65091967794,16999.736328125,178049
2015-05-11,16536.10546875,16999.73445567612,16381.561856226494,16999.73445567612,161774
2015-05-12,16536.10546875,16999.73445567612,16381.561856226494,16690.649081273506,277867
2015-05-13,16227.0205078125,16999.734888830026,16227.0205078125,16845.19312301319,188554
2015-05-14,16227.0205078125,16536.10589009062,16072.476891351216,16227.0205078125,209321
2015-05-15,15608.8486328125,16227.021277328087,15608.8486328125,16227.021277328087,132264
2015-05-18,15145.21875,15608.84774433515,15145.21875,15608.84774433515,234624
2015-05-19,15237.9443359375,15392.487025325872,15052.493108671457,15145.218722304478,149517
2015-05-20,15608.8486328125,15917.934029748028,15114.31107239339,15237.9452311676,135449
2015-05-21,16381.5634765625,16690.650732182006,15763.392666612655,15917.934443777827,245467
2015-05-22,16690.650390625,16845.194015272176,16381.56314133065,16536.106765977824,229526
2015-05-25,16536.10546875,16690.649081273506,16227.020094347386,16690.649081273506,140198
2015-05-26,16536.10546875,16690.649081273506,16381.561856226494,16381.561856226494,198205
2015-05-27,16227.0205078125,16381.562273629335,16072.476891351216,16381.562273629335,137442
2015-05-28,16227.0205078125,16536.10589009062,16072.476891351216,16227.0205078125,112700
2015-05-29,15917.93359375,16227.02083286405,15763.39182483746,16227.02083286405,242647
2015-06-01,15917.93359375,16381.56260177659,15917.93359375,16227.02083286405,187239
2015-06-02,15917.93359375,16227.02083286405,15917.93359375,16072.477213307026,200142
2015-06-03,16072.478515625,16381.563929139083,16072.478515625,16227.022147704358,224413
2015-06-04,16072.478515625,16227.022147704358,15917.934883545642,16227.022147704358,137151
2015-06-05,16072.478515625,16381.563929139083,15763.393102110917,15763.393102110917,287637
2015-06-08,16381.5634765625,16690.650732182006,16072.47807158758,16227.021699397332,346386
2015-06-09,16381.5634765625,16536.10710437225,15917.934443777827,16381.5634765625,169373
2015-06-10,16536.10546875,16690.649081273506,16072.47648182388,16536.10546875,300390
2015-06-11,16999.736328125,17154.27995767083,16845.194549223772,16845.194549223772,507250
2015-06-12,16999.736328125,17154.27995767083,16690.65091967794,17154.27995767083,162230
2015-06-15,16690.650390625,16999.735789274808,16536.106765977824,16999.735789274808,152270
2015-06-16,16381.5634765625,16690.650732182006,16381.5634765625,16536.10710437225,221583
2015-06-17,16227.0205078125,16536.10589009062,16072.476891351216,16381.562273629335,177328
2015-06-18,16227.0205078125,16536.10589009062,16227.0205078125,16227.0205078125,144897
2015-06-19,16381.5634765625,16536.10710437225,16227.021699397332,16381.5634765625,390052
2015-06-22,16845.193359375,16845.193359375,16227.02073550048,16227.02073550048,213692
2015-06-23,16690.650390625,16845.194015272176,16536.106765977824,16845.194015272176,100793
2015-06-24,16381.5634765625,16845.194359991758,16381.5634765625,16845.194359991758,93635
2015-06-25,16227.0205078125,16536.10589009062,16227.0205078125,16381.562273629335,118294
2015-06-26,16072.478515625,16381.563929139083,16072.478515625,16072.478515625,199983
2015-06-29,16536.10546875,16690.649081273506,15917.932869300374,16072.47648182388,332508
2015-06-30,16227.0205078125,16536.10589009062,16227.0205078125,16381.562273629335,143435
2015-07-01,16381.5634765625,16536.10710437225,16072.47807158758,16227.021699397332,91366
2015-07-02,16690.650390625,16690.650390625,16227.021367328018,16381.56314133065,232426
2015-07-03,16845.193359375,16845.193359375,16536.106122115503,16845.193359375,240863
2015-07-06,17926.9921875,17926.9921875,16999.734226166463,16999.734226166463,780167
2015-07-07,17617.908203125,18236.08084285533,17617.908203125,17926.993597667904,358342
2015-07-08,16999.736328125,17617.908995663725,16999.736328125,17463.36536611789,376616
2015-07-09,16999.736328125,17154.27995767083,16536.107290132106,16845.194549223772,289955
2015-07-10,17154.27734375,17463.3627050995,16845.1919824005,17154.27734375,195421
2015-07-13,18081.537109375,18081.537109375,16999.7354591423,17154.27908078826,509724
2015-07-14,17154.27734375,17926.991672445904,17154.27734375,17926.991672445904,253916
2015-07-15,17168.6328125,17608.85372589523,17168.6328125,17608.85372589523,244623
2015-07-16,16801.78125,17131.94741556848,16728.412052101216,17095.263771623875,138156
2015-07-17,16508.30078125,16948.52170248116,16471.615226978338,16875.15250394743,157264
2015-07-20,16068.080078125,16324.875141493148,15884.654214286486,16251.505941963514,192468
2015-07-21,16104.765625,16288.191488748598,15958.024360998235,15958.024360998235,92801
2015-07-22,16178.134765625,16178.134765625,16031.394457162,16068.080011780154,78622
2015-07-23,16508.30078125,16618.357444064986,16141.450968562163,16178.134612824231,131127
2015-07-24,16728.412109375,16875.152415684548,16508.30069490588,16508.30069490588,142107
2015-07-27,16691.7265625,16801.78131477727,16618.357364318348,16728.412116595617,171168
2015-07-28,16251.505859375,16544.98647602134,16214.820304791803,16544.98647602134,194616
2015-07-29,16178.134765625,16324.875074088,16141.45112101646,16141.45112101646,193838
2015-07-30,16251.505859375,16361.560613114974,16178.134750208612,16361.560613114974,84954
2015-07-31,16104.765625,16361.560688242267,16104.765625,16251.505933996956,106317
2015-08-03,15811.2841796875,15958.024489869476,15664.543869505524,15958.024489869476,186296
2015-08-04,15737.9140625,15811.284217767694,15591.17375196461,15627.859307100867,113021
2015-08-05,15884.654296875,15884.654296875,15627.859232171706,15627.859232171706,65568
2015-08-06,15884.654296875,15884.654296875,15774.599542003536,15774.599542003536,65896
2015-08-07,15737.9140625,15847.96977290395,15701.22946236856,15811.284217767694,82962
2015-08-10,15701.2294921875,15737.914092388608,15627.859336780466,15664.543936981572,85695
2015-08-11,15664.5439453125,15811.284256204612,15627.859345091883,15774.599655983997,234938
2015-08-12,15261.0078125,15664.544150234748,15261.0078125,15664.544150234748,210360
2015-08-13,14710.7314453125,15261.008106458468,14674.046843905357,15261.008106458468,2043226
2015-08-14,14453.9345703125,14820.786292962996,14380.56441678336,14674.045985904717,159343
2015-08-17,13977.0283203125,14527.304958159108,13573.491991891013,14453.934803446547,2533506
2015-08-18,13977.0283203125,13977.0283203125,13756.91785617482,13793.603411033506,1111208
2015-08-19,13500.1220703125,13866.973805215288,13316.697157865934,13866.973805215288,3335384
2015-08-20,12582.994140625,13390.06677917885,12582.994140625,13353.381225151496,5487638
2015-08-21,12142.7724609375,12509.62418704132,11739.23613522618,12472.938632429015,3610806
2015-08-24,11299.015625,11922.662436281682,11299.015625,11922.662436281682,2792028
2015-08-25,11555.8115234375,11665.866280086297,10968.849319626212,10968.849319626212,4449124
2015-08-26,12362.8837890625,12362.8837890625,11555.811143485147,11555.811143485147,2978763
2015-08-27,12986.53125,13169.956166281929,12582.994906172002,12656.365063685742,4093090
2015-08-28,13866.9736328125,13866.9736328125,13280.011437268411,13610.177612574162,5647502
2015-08-31,13316.697265625,14087.08438714712,13096.585840900249,13940.344074000512,3401574
2015-09-01,13096.5859375,13756.91830653516,13096.5859375,13646.862593361018,3286681
2015-09-02,13096.5859375,13096.5859375,13096.5859375,13096.5859375,0
2015-09-03,12766.4208984375,13133.2716894826,12582.99502541252,12839.79105664652,2771982
2015-09-04,12839.791015625,13059.901489548834,12803.105459135266,12839.791015625,1900476
2015-09-07,12656.365234375,12839.791108135538,12619.679677620948,12766.420949632296,1296716
2015-09-08,12656.365234375,12803.105551381484,12472.939360614462,12546.309519117704,1601675
2015-09-09,12839.791015625,13169.956249008324,12839.791015625,12949.84577508449,1770895
2015-09-10,12729.7353515625,12803.105509827612,12656.365193297388,12693.049794927516,939215
2015-09-11,12803.10546875,13023.215942839131,12729.73531072029,12839.791025267285,1524609
2015-09-14,12582.994140625,12766.42000075218,12546.308586597646,12693.048892697476,1364932
2015-09-15,12619.6796875,12839.7911181869,12472.93937037864,12472.93937037864,968005
2015-09-16,12729.7353515625,12876.475668092724,12656.365193297388,12839.791066462598,1069729
2015-09-17,13059.9013671875,13280.011839049068,12949.845653754292,13023.215811041482,3948421
2015-09-18,13169.9560546875,13390.067480368478,12986.531139959809,13206.641610635945,3825078
2015-09-21,13169.9560546875,13206.641610635945,12913.160983067764,13023.21574090341,1700173
2015-09-22,13059.9013671875,13316.697395195084,13023.215811041482,13243.327237907895,2887035
2015-09-23,13206.6416015625,13243.32715748574,12949.84557511435,12986.531131037587,1615270
2015-09-24,12986.53125,13169.956166281929,12949.845693740706,13169.956166281929,1933638
2015-09-25,12876.4755859375,13059.901457932405,12803.105428140509,12949.845743734491,2703660
2015-09-28,12619.6796875,12913.161276747578,12619.6796875,12876.475719964808,1950112
2015-09-29,12546.30859375,12619.678746841742,12362.883688523045,12546.30859375,1961121
2015-09-30,12546.30859375,12693.048899933485,12546.30859375,12656.364300890007,1171746
2015-10-01,12619.6796875,12729.73540284345,12546.30952893932,12546.30952893932,718413
2015-10-02,12619.6796875,12619.6796875,12619.6796875,12619.6796875,0
2015-10-05,12803.10546875,12949.84578480942,12509.62483663116,12509.62483663116,1889680
2015-10-06,13206.6416015625,13316.697314327375,12986.531131037587,13023.215731955986,3909501
2015-10-07,13720.2333984375,14050.398620561524,13573.492132487596,13573.492132487596,7164673
2015-10-08,13683.5478515625,13756.918007079888,13536.807540527729,13720.233406823603,3211720
2015-10-09,13903.658203125,14123.768667856744,13903.658203125,14013.71391299328,4366567
2015-10-12,14087.083984375,14160.454138850537,13793.603366472857,13903.658120683756,3129083
2015-10-13,13756.91796875,13903.65827937592,13720.23336859593,13830.28812406296,3918511
2015-10-14,13720.2333984375,13940.343864855124,13536.807532253735,13610.177687726278,3630026
2015-10-15,13683.5478515625,13756.918007079888,13610.177696045112,13646.862296301397,1077140
2015-10-16,13610.177734375,13866.97375691147,13610.177734375,13866.97375691147,1751195
2015-10-19,13610.177734375,13756.918045823031,13573.492179010578,13573.492179010578,1289811
2015-10-20,13390.0673828125,13573.492296203814,13353.381827131338,13573.492296203814,2527428
2015-10-21,13390.0673828125,13536.807695527485,13280.011670773843,13316.697226455008,2092408
2015-10-22,13390.0673828125,13500.122139846322,13353.381827131338,13353.381827131338,939828
2015-10-23,13536.8076171875,13646.862373584414,13390.067305321729,13390.067305321729,1934651
2015-10-26,13390.0673828125,13500.122139846322,13353.381827131338,13500.122139846322,1334169
2015-10-27,13206.6416015625,13353.381915245776,13206.6416015625,13243.32715748574,1498191
2015-10-28,13096.5859375,13280.01180778862,13059.901336445182,13243.327206733802,1686445
2015-10-29,13206.6416015625,13463.437628010652,13169.95604563926,13390.067471169014,2246061
2015-10-30,13500.1220703125,13500.1220703125,13133.27129041454,13316.697157865934,2331711
2015-11-02,13280.01171875,13500.122188617665,13280.01171875,13500.122188617665,886007
2015-11-03,13243.3271484375,13353.381906122344,13169.956036641152,13280.011749330832,879609
2015-11-04,13316.697265625,13500.122179555843,13280.01170983593,13500.122179555843,1795873
2015-11-05,13243.3271484375,13316.697305229009,13206.641592539325,13206.641592539325,1276056
2015-11-06,13096.5859375,13316.69736384828,13059.901336445182,13169.95609461448,1356401
2015-11-09,12913.1611328125,13096.58604966724,12913.1611328125,13059.901448298237,1143756
2015-11-10,12729.7353515625,12913.16122472771,12729.7353515625,12839.791066462598,1294956
2015-11-11,12582.994140625,12693.048892697476,12546.308586597646,12693.048892697476,1239882
2015-11-12,12399.568359375,12582.994220669008,12326.198205858358,12546.308666408286,3402160
2015-11-13,12179.4580078125,12216.142607396694,12032.717699466117,12179.4580078125,2772889
2015-11-16,11922.662109375,12106.087974136097,11922.662109375,12106.087974136097,1795900
2015-11-17,12216.142578125,12399.56844062087,12106.08782463132,12106.08782463132,1008284
2015-11-18,12106.087890625,12179.458045022348,12069.402335923922,12142.77249032127,422730
2015-11-19,12289.513671875,12362.88382578133,12106.087809606775,12216.142562963869,1326412
2015-11-20,12289.513671875,12326.198271325764,12179.457963513103,12179.457963513103,442803
2015-11-23,12106.087890625,12216.14264471862,12106.087890625,12216.14264471862,976455
2015-11-24,12069.40234375,12252.828207364711,12069.40234375,12252.828207364711,1264940
2015-11-25,12069.40234375,12252.828207364711,12032.717744029942,12142.772498194923,1921056
2015-11-26,11885.9775390625,12106.088004321758,11885.9775390625,12106.088004321758,1306605
2015-11-27,11812.607421875,11996.03233267713,11812.607421875,11885.977577196816,1170920
2015-11-30,11482.44140625,11812.60758732496,11482.44140625,11812.60758732496,2202929
2015-12-01,11225.6455078125,11592.496293686829,11225.6455078125,11445.755979337097,1017001
2015-12-02,11262.330078125,11372.38579108901,11225.645477140224,11225.645477140224,922741
2015-12-03,11078.9052734375,11225.645588846495,11078.9052734375,11225.645588846495,1327985
2015-12-04,11335.701171875,11335.701171875,11078.905145375164,11078.905145375164,1252171
2015-12-07,11005.53515625,11225.645630173834,11005.53515625,11225.645630173834,2513300
2015-12-08,11005.53515625,11005.53515625,10601.998809887207,10822.109283811043,3983315
2015-12-09,10638.6826171875,11042.218933426042,10638.6826171875,11005.534334679693,3520572
2015-12-10,10455.2578125,10638.682717979093,10418.572258401306,10638.682717979093,2146416
2015-12-11,10491.9423828125,10638.682688795156,10345.202076829846,10381.886675823114,1274164
2015-12-14,10161.7763671875,10381.886829417906,10161.7763671875,10271.832075805103,2720720
2015-12-15,10491.9423828125,10565.312535803829,10345.202076829846,10381.886675823114,2191174
2015-12-16,10491.9423828125,10785.42299477781,10491.9423828125,10638.682688795156,2777234
2015-12-17,10308.5166015625,10455.257863670671,10271.832002289057,10418.57230939243,1784570
2015-12-18,9611.5,10271.832359963344,9611.5,10125.09204775034,7430206
2015-12-21,9721.5556640625,9978.35168668032,9648.185508315242,9684.870108686458,3446358
2015-12-22,9978.3515625,10161.776472083016,9721.555543078,9721.555543078,2209461
2015-12-23,10161.7763671875,10198.461921728303,9978.351459497895,9978.351459497895,2858698
2015-12-24,10271.83203125,10601.99820066588,10235.146476868324,10381.886784385426,2777900
2015-12-25,10051.7216796875,10418.572452484384,10051.7216796875,10345.202297925003,1162016
2015-12-28,9758.240234375,10125.091966986092,9758.240234375,10051.72181146484,1594584
2015-12-29,9868.2958984375,9978.35160870073,9611.499877826507,9648.18543291586,962460
2015-12-30,9868.2958984375,9978.35160870073,9794.92574326362,9904.98049852203,1327745
2015-12-31,9721.5556640625,9831.610420180976,9684.870108686458,9831.610420180976,1099319
2016-01-04,9648.185546875,9868.296014996467,9648.185546875,9868.296014996467,655475
2016-01-05,9171.279296875,9538.13008674806,9134.593740385266,9464.759928773448,3406718
2016-01-06,9061.2236328125,9171.279347889014,8951.167917735984,9171.279347889014,2560990
2016-01-07,8437.576171875,8841.112490008485,8437.576171875,8804.426936085083,4900965
2016-01-08,8400.890625,8694.372191619088,8290.835873147033,8437.576178954181,3318643
2016-01-11,8364.2060546875,8510.94636099705,8290.835901532724,8290.835901532724,2810075
2016-01-12,8254.150390625,8400.890697702052,8180.780237086474,8254.150390625,3549601
2016-01-13,8474.2607421875,8804.426906364444,8290.83583820403,8290.83583820403,6674260
2016-01-14,8254.150390625,8474.26085124058,8217.465791358136,8400.890697702052,3452249
2016-01-15,8144.095703125,8364.206165505588,8144.095703125,8327.520610939755,3174933
2016-01-18,7630.50390625,7887.299931172991,7630.50390625,7887.299931172991,7586738
2016-01-19,7520.44873046875,7813.929835890391,7410.393494999043,7703.874122918262,3531021
2016-01-20,7116.912109375,7447.078280287457,7006.8568782383145,7337.023049150772,4698423
2016-01-21,6713.3759765625,7153.597391214337,6713.3759765625,7006.857078831196,3933173
2016-01-22,7153.59716796875,7153.59716796875,6823.430997907915,6970.171783214064,4056996
2016-01-25,7630.50390625,7630.50390625,7630.50390625,7630.50390625,885900
2016-01-26,7777.244140625,7997.35508512514,7447.078440128407,7483.763517961362,6702250
2016-01-27,7887.2998046875,8180.78042560458,7887.2998046875,8034.04011514604,5029719
2016-01-28,7887.2998046875,8070.725670263085,7850.614727072864,8034.04011514604,4192655
2016-01-29,8437.576171875,8437.576171875,8070.725407664917,8254.150312267564,5206564
2016-02-01,8474.2607421875,8804.426906364444,8437.57614339272,8694.372154975319,5126139
2016-02-02,8107.41015625,8254.150464642926,7887.299693660611,8180.780310446464,3756888
2016-02-03,8070.7255859375,8070.7255859375,7667.18878138798,7703.873858619318,2570053
2016-02-04,8254.150390625,8437.576251973715,8144.095637819609,8437.576251973715,2395875
2016-02-05,8180.7802734375,8254.150427302044,8070.7255201430835,8070.7255201430835,1071888
2016-02-15,7997.35498046875,8070.725612676916,7850.61467105723,7960.66990311587,2119945
2016-02-16,8364.2060546875,8400.890653762492,8070.7254420683985,8107.41004114339,4558632
2016-02-17,8180.7802734375,8290.835981736716,8107.410119572955,8290.835981736716,3397628
2016-02-18,8621.001953125,8731.056703885328,8364.205943009601,8437.576095184746,9325165
2016-02-19,9097.9091796875,9207.96393964038,8437.576799950784,8510.946958254324,9565000
2016-02-22,9318.01953125,9391.389688582296,9061.223503084542,9061.223503084542,4422040
2016-02-23,9061.2236328125,9538.130139802632,9061.2236328125,9538.130139802632,7843634
2016-02-24,8877.7978515625,9061.223726926892,8731.057533272935,8804.427692417717,6482834
2016-02-25,8731.0576171875,9061.223814014696,8694.373014764966,8987.853654164752,4449684
2016-02-26,9024.5390625,9061.223664316476,8767.743029765214,8951.16794885732,4234187
2016-02-29,9171.279296875,9244.649454849612,9024.538980925776,9024.538980925776,4964223
2016-03-01,9391.3896484375,9501.44536146792,9171.279177381506,9171.279177381506,7227824
2016-03-02,9354.7041015625,9464.75981470041,9244.649343429432,9391.389657610083,5117608
2016-03-03,9391.3896484375,9538.12996247483,9207.963778388415,9464.759805456164,3491009
2016-03-04,9281.333984375,9501.445411597137,9244.649383174545,9281.333984375,4678217
2016-03-07,9868.2958984375,9904.98049852203,9538.12972265263,9538.12972265263,9744537
2016-03-08,9684.8701171875,10235.14676327737,9611.49996137584,10051.721851250632,13354624
2016-03-09,9574.8154296875,9684.870186692402,9464.759717677764,9538.129874015976,5033905
2016-03-10,9868.2958984375,9978.35160870073,9831.610343348151,9868.2958984375,5659551
2016-03-11,9721.5556640625,9904.980575928235,9648.185508315242,9831.610420180976,4208756
2016-03-14,9831.6103515625,9904.98050679768,9721.555596212138,9794.92575144732,3630053
2016-03-15,9354.7041015625,9758.240443061712,9354.7041015625,9611.50012888106,6726135
2016-03-16,9318.01953125,9574.815559415458,9207.963817749134,9354.704132413724,3238378
2016-03-17,9684.8701171875,9831.610428810822,9648.185516784082,9721.555672595745,4958038
2016-03-18,9758.240234375,9868.295945159292,9721.555634116785,9868.295945159292,8444995
2016-03-21,9574.8154296875,9684.870186692402,9501.445273349287,9648.185586025713,3112875
2016-03-22,9648.185546875,9794.925858955978,9538.129835311853,9611.49999135234,3468243
2016-03-23,9574.8154296875,9721.555742363926,9574.8154296875,9648.185586025713,2202343
2016-03-24,9281.333984375,9501.445411597137,9207.963826969237,9428.074299186525,5015591
2016-03-25,9097.9091796875,9281.33409794392,8951.167908075562,9134.59378133684,4237892
2016-03-28,9318.01953125,9318.01953125,9061.223503084542,9097.909059253114,1919669
2016-03-29,8951.16796875,9244.649558958348,8951.16796875,9244.649558958348,2700674
2016-03-30,8987.853515625,9024.539072486938,8804.42764132504,8987.853515625,2560403
2016-03-31,8694.3720703125,8877.796972509841,8657.686516870166,8841.112374072283,3936212
2016-04-01,8657.6865234375,8804.426827308593,8621.001924972115,8804.426827308593,1654589
2016-04-04,8217.4658203125,8474.260881099764,8144.095666515453,8437.576281703641,2254058
2016-04-05,8254.150390625,8254.150390625,7923.984699701631,7923.984699701631,2328459
2016-04-06,8437.576171875,8510.946324717017,8364.206019032983,8400.890617951598,2833960
2016-04-07,8584.31640625,8804.426862947616,8584.31640625,8804.426862947616,2042693
2016-04-08,8584.31640625,8657.68655848254,8364.205949552384,8510.94625401746,1606740
2016-04-11,8804.427734375,8914.483451119077,8767.743132130225,8804.427734375,5141680
2016-04-12,8951.16796875,9061.223684453738,8841.113208051127,8914.483366851997,4668380
2016-04-13,9024.5390625,9318.019697051264,8951.16794885732,9244.649538413449,3206309
2016-04-14,8804.427734375,9024.539167863151,8804.427734375,8914.483451119077,2364846
2016-04-15,8804.427734375,8987.853610613502,8804.427734375,8877.797893869425,1999934
2016-04-19,8327.5205078125,8694.37222890856,8290.835908705769,8437.576215142277,5622044
2016-04-20,8290.8359375,8510.946397919208,8290.8359375,8437.576244446138,1888480
2016-04-21,8767.7431640625,8841.113323824142,8510.947127394315,8510.947127394315,4215473
2016-04-22,9097.9091796875,9207.96393964038,8694.372831515602,8694.372831515602,7918541
2016-04-25,8951.16796875,9134.593843254608,8914.483366851997,9097.909241356609,2620302
2016-04-26,8951.16796875,8951.16796875,8804.427651148259,8841.113208051127,3079767
2016-04-27,9061.2236328125,9318.01966465446,9024.539031123568,9171.279347889014,3524970
2016-04-28,9024.5390625,9244.649538413449,9024.5390625,9244.649538413449,3072036
2016-04-29,8951.16796875,9134.593843254608,8951.16796875,9097.909241356609,3519799
2016-05-04,8877.7978515625,8877.7978515625,8547.632612913414,8584.31721498337,3201564
2016-05-05,8914.4833984375,9134.59387562,8804.427682343816,8877.797841404648,2688358
2016-05-06,8914.4833984375,8987.853557498333,8767.743080315833,8914.4833984375,1870220
2016-05-09,8841.11328125,9097.90931668159,8841.11328125,8987.853600066659,2757801
2016-05-10,8767.7431640625,8841.113323824142,8657.687446917598,8767.7431640625,2601482
2016-05-11,8767.7431640625,8877.797926202522,8767.7431640625,8804.427766440882,931005
2016-05-12,9061.2236328125,9061.2236328125,8914.483316047053,8914.483316047053,4382614
2016-05-13,9428.07421875,9538.129931422116,9024.538833963532,9061.22343485101,8665611
2016-05-16,9904.98046875,9904.98046875,9538.129693983265,9574.815248962346,7262772
2016-05-17,10565.3125,10565.3125,10271.83188902924,10271.83188902924,10890160
2016-05-18,10895.4794921875,11188.960125443573,10712.053618900029,10932.16504884694,13717163
2016-05-19,10565.3125,10858.79311097076,10455.257748388358,10638.68265274269,8352468
2016-05-20,10748.7392578125,10968.849734438912,10601.998940061558,10895.479575563442,5418302
2016-05-23,10345.2021484375,10712.052915933413,10345.2021484375,10675.36831668622,4833229
2016-05-24,10601.998046875,10601.998046875,10308.516481093193,10381.886633787446,6366608
2016-05-25,10785.423828125,11115.590019599009,10785.423828125,10968.849702278309,5458155
2016-05-26,10932.1650390625,11005.53519731085,10748.739165939194,10858.793925809292,6617906
2016-05-27,10712.0537109375,10932.1651427756,10712.0537109375,10785.42386988191,3929334
2016-05-30,10895.4794921875,10968.849650501515,10712.053618900029,10822.109333873485,3483785
2016-05-31,11592.49609375,11629.181649207136,10895.479135107871,11078.905002383895,8991336
2016-06-01,11592.49609375,11812.607516483158,11445.755781931111,11445.755781931111,4542211
2016-06-02,11739.236328125,11739.236328125,11519.12586184874,11592.49601727416,2980202
2016-06-03,11922.662109375,12252.828283943049,11922.662109375,11996.032264278476,5365121
2016-06-06,11739.236328125,11996.03234961638,11592.49601727416,11739.236328125,4181698
2016-06-07,12069.40234375,12069.40234375,11812.607280695172,12032.717744029942,2817966
2016-06-08,12362.8837890625,12693.04900315796,12362.8837890625,12472.93854209272,4996398
2016-06-09,12729.7353515625,12803.105509827612,12582.995035032276,12656.365193297388,5067839
2016-06-10,12472.9384765625,12619.678783168383,12362.883724110485,12546.308629865443,6867765
2016-06-13,11739.236328125,12106.08806025692,11665.86617269958,11739.236328125,7455024
2016-06-14,11849.2919921875,12069.402457598531,11445.75566143153,11665.866126842564,4264789
2016-06-15,11849.2919921875,11849.2919921875,11519.12581656854,11629.181526776469,3868875
2016-06-16,11409.0712890625,11775.922072068995,11409.0712890625,11739.236516265928,3459740
2016-06-17,11005.53515625,11335.70134463818,11005.53515625,11188.960073684102,8992376
2016-06-20,11775.921875,11775.921875,11445.755698317036,11519.125853690492,4771544
2016-06-21,11739.236328125,12069.4025050418,11739.236328125,11959.34774940608,5650541
2016-06-22,11885.9775390625,12106.088004321758,11775.921828930464,11775.921828930464,4253460
2016-06-23,11739.236328125,11922.66219419096,11665.86617269958,11849.29203876554,3640129
2016-06-24,11115.58984375,11665.866502499664,10932.164927503343,11592.496345000032,16739937
2016-06-27,11372.3857421875,11445.7558988464,10675.368776425534,10822.109089743331,5407053
2016-06-28,11299.015625,11409.071337875232,11152.275311169586,11188.959912124768,2517112
2016-06-29,11482.44140625,11592.496163271764,11409.071249900546,11555.811562599454,4063047
2016-06-30,11372.3857421875,11885.977793804635,11372.3857421875,11739.236525481998,3782879
2016-07-01,11445.755859375,11739.236484998512,11262.329990857888,11299.015546563243,3986141
2016-07-04,11555.8115234375,11812.60754729274,11482.441367336694,11482.441367336694,4057689
2016-07-05,11372.3857421875,11519.1260555053,11335.701141360469,11445.7558988464,5875368
2016-07-06,11152.275390625,11225.64554806294,10968.849519527728,11005.53507574912,4093410
2016-07-07,11299.015625,11409.071337875232,11225.645468084793,11299.015625,3114715
2016-07-08,11042.2197265625,11115.589884329986,10932.164967413695,11042.2197265625,6127332
2016-07-11,10565.3125,11005.534371460926,10565.3125,10895.4786648445,4974832
2016-07-12,10822.109375,10822.109375,10565.313342422623,10565.313342422623,4678083
2016-07-13,11078.9052734375,11262.33019019632,11005.535115733,11262.33019019632,5973920
2016-07-14,10822.109375,11005.535248984534,10822.109375,10932.165090391693,3354364
2016-07-15,10638.6826171875,10858.793074679945,10601.99801844115,10785.422922182464,2519938
2016-07-18,10675.369140625,10785.423901865544,10601.998981463012,10601.998981463012,2353863
2016-07-19,10418.572265625,10601.998126236063,10308.516558257405,10601.998126236063,4832003
2016-07-20,10051.7216796875,10418.572452484384,10051.7216796875,10345.202297925003,4036070
2016-07-21,10161.7763671875,10345.202229881908,10051.7216135747,10088.406213110698,1653870
2016-07-22,9904.98046875,10088.406333635776,9794.925713822387,10015.036178682429,3252639
2016-07-25,9648.185546875,9904.980615514296,9648.185546875,9831.610459473808,2157532
2016-07-26,9428.07421875,9501.445330534638,9244.649304302924,9391.38961786252,3582416
2016-07-27,9428.07421875,9428.07421875,9428.07421875,9428.07421875,0
2016-07-28,9428.07421875,9574.815487314436,9391.38961786252,9501.445330534638,2812528
2016-07-29,9391.3896484375,9464.759805456164,9207.963778388415,9318.019491418836,1430002
2016-08-01,9648.185546875,9721.55570291549,9501.445234794022,9501.445234794022,2793095
2016-08-02,9281.333984375,9464.759855391829,9281.333984375,9464.759855391829,3347166
2016-08-03,9024.5390625,9244.649538413449,9024.5390625,9171.279379775631,1559956
2016-08-04,9244.6494140625,9464.759887015214,9207.963857734623,9391.38972936431,2510501
2016-08-05,9134.59375,9354.704224155515,9024.53899042467,9281.334066103676,1885948
2016-08-08,9281.333984375,9281.333984375,9097.909068363017,9171.27922576878,1360107
2016-08-09,9611.5,9648.185555555665,9464.759687786996,9501.445243342663,3144757
2016-08-10,9868.2958984375,9868.2958984375,9538.12972265263,9538.12972265263,4069311
2016-08-11,9978.3515625,10051.721717334169,9684.869988158507,9721.555543078,4385893
2016-08-12,10235.146484375,10565.312654033032,10161.776330562638,10345.202192595943,4744967
2016-08-15,10565.3125,10601.998053873738,10455.257748388358,10565.3125,4164691
2016-08-16,10308.5166015625,10638.682770047491,10088.406140907437,10638.682770047491,6364449
2016-08-17,10308.5166015625,10491.942462944118,10308.5166015625,10381.886755114188,4064247
2016-08-18,10235.146484375,10455.257900816889,10125.091731158856,10308.516638187362,4155921
2016-08-19,10271.83203125,10601.99820066588,10271.83203125,10528.62804690733,6153883
2016-08-22,9941.666015625,10345.202345041867,9941.666015625,10271.832190148329,3001661
2016-08-23,9648.185546875,9758.240303433318,9574.815390834512,9574.815390834512,5885471
2016-08-24,9538.1298828125,9831.610508436012,9464.759726406624,9611.500039218376,4082320
2016-08-25,9611.5,9831.610468319504,9391.389531680496,9464.759687786996,6570003
2016-08-26,9648.185546875,9794.925858955978,9648.185546875,9684.87014739283,3409357
2016-08-29,9318.01953125,9648.185716747754,9318.01953125,9648.185716747754,6064021
2016-08-30,9354.7041015625,9501.445370747992,9207.963787381848,9391.389657610083,3604755
2016-08-31,9281.333984375,9391.389697986067,9171.27922576878,9281.333984375,3142092
2016-09-01,9428.07421875,9538.129931422116,9207.963748410606,9207.963748410606,4865217
2016-09-05,9574.8154296875,9611.50003035419,9428.07416200624,9464.759717677764,7078784
2016-09-06,9941.666015625,9978.351570574176,9684.869995995208,9721.555550944384,7413279
2016-09-07,9794.92578125,9941.666092166844,9684.870070559957,9904.980536935223,5620151
2016-09-08,9794.92578125,9941.666092166844,9721.555625791578,9868.295936708422,4693438
2016-09-09,9831.6103515625,10051.721772272864,9831.6103515625,9904.98050679768,6592902
2016-09-12,9464.759765625,9684.87023575469,9391.389608915104,9611.500079044792,4773170
2016-09-13,9373.046875,9501.445366098877,9373.046875,9446.417032054424,5500567
2016-09-14,9318.01953125,9428.07428974602,9281.333975081428,9336.362309334285,2575012
2016-09-15,9244.6494140625,9354.704173036433,9207.963857734623,9299.676793549466,2633604
2016-09-16,9244.6494140625,9354.704173036433,9171.279256411595,9244.6494140625,9029243
2016-09-19,9391.3896484375,9483.10258346204,9318.019491418836,9354.704092425747,1385511
2016-09-20,9299.6767578125,9391.389693274908,9262.992156630446,9281.33397971905,2058127
2016-09-21,9538.1298828125,9593.1572613657,9299.676635742188,9299.676635742188,3892414
2016-09-22,9501.4453125,9758.240383239452,9501.4453125,9758.240383239452,4467971
2016-09-23,9391.3896484375,9611.500119493494,9391.3896484375,9538.12996247483,3059987
2016-09-26,9171.279296875,9391.389770798834,9152.936518630131,9391.389770798834,6028727
2016-09-27,9428.07421875,9428.07421875,9244.649304302924,9281.333905190404,2855873
2016-09-28,9318.01953125,9428.07428974602,9262.99215200199,9428.07428974602,3235312
2016-09-29,9960.0087890625,9960.0087890625,9868.295856731547,9960.0087890625,16099550
2016-09-30,9758.240234375,10015.0362562018,9739.898411748303,9978.351655943585,9178017
2016-10-03,9794.92578125,9904.980536935223,9758.24022601838,9794.92578125,3318030
2016-10-04,9574.8154296875,9904.98065570704,9574.8154296875,9904.98065570704,5237220
2016-10-05,9611.5,9794.925867768668,9574.815399449164,9758.240312213004,3505963
2016-10-06,9978.3515625,10015.036162414675,9684.869988158507,9684.869988158507,9729716
2016-10-07,10290.1748046875,10345.20218123514,10088.406165671478,10125.091720039773,10098919
2016-10-10,9978.3515625,10161.776472083016,9941.666007580508,10051.721717334169,4691999
2016-10-11,10308.5166015625,10381.886755114188,10106.748918046558,10271.832002289057,7416025
2016-10-12,10235.146484375,10326.859415391657,10125.091731158856,10198.46188497122,2477739
2016-10-13,10088.40625,10106.749027337471,9978.351495984773,10051.72165032986,3722767
2016-10-14,10051.7216796875,10271.83214336563,10015.036124905406,10125.091834246876,4226216
2016-10-17,9831.6103515625,10015.036217152863,9794.92575144732,9978.351617037682,4236719
2016-10-18,9886.638671875,9960.0088270184,9794.925739194545,9886.638671875,2451189
2016-10-19,9868.2958984375,10051.72176387461,9849.953120892826,10051.72176387461,1550999
2016-10-20,9813.2685546875,10033.379020969049,9794.9257770795,9978.351643149868,3162005
2016-10-21,9684.8701171875,9776.583050703282,9648.185516784082,9739.898450299865,3284521
2016-10-24,9538.1298828125,9684.870195624257,9538.1298828125,9648.185594923734,2108270
2016-10-25,9574.8154296875,9648.185586025713,9464.759717677764,9574.8154296875,2488615
2016-10-26,9464.759765625,9538.129922334896,9428.074209767634,9538.129922334896,1925747
2016-10-27,9464.759765625,9538.129922334896,9428.074209767634,9464.759765625,1464790
2016-10-28,9501.4453125,9574.815469140534,9464.759756677317,9464.759756677317,1737680
2016-10-31,8896.140625,9409.73269372392,8841.113244424176,9354.704358143226,9136725
2016-11-01,8841.11328125,8841.11328125,8529.289865013381,8529.289865013381,3455075
2016-11-02,8731.0576171875,8786.085953328618,8529.289916351368,8694.373014764966,2199651
2016-11-03,8914.4833984375,8914.4833984375,8474.26148906763,8621.002762194166,2985827
2016-11-04,8639.34375,8804.426830669185,8639.34375,8804.426830669185,1723978
2016-11-07,8731.0576171875,8841.113334464859,8639.344678623847,8639.344678623847,2580370
2016-11-08,9059.388671875,9160.27347086397,9019.035898285194,9119.919742269343,3191844
2016-11-09,8857.62109375,9079.566126270362,8514.614873944489,9079.566126270362,3917915
2016-11-10,8918.1513671875,9140.0964036225,8918.1513671875,9039.212556607914,3889755
2016-11-11,8776.9140625,8877.797912642558,8756.73767447344,8837.445136589435,3239318
2016-11-14,8676.029296875,8716.383023674929,8635.67557007507,8676.029296875,2629812
2016-11-15,8716.3837890625,8817.267637418568,8676.030058719101,8676.030058719101,1155253
2016-11-16,8998.8583984375,9019.035739882844,8837.444441898755,8877.79721477984,2929488
2016-11-17,8756.7373046875,8958.50499645222,8756.7373046875,8958.50499645222,1669496
2016-11-18,8676.029296875,8756.736750474858,8615.499184177494,8716.383023674929,2671300
2016-11-21,8918.1513671875,8998.85882680111,8756.73740296513,8797.091132771933,3211134
2016-11-22,9220.8037109375,9362.041285426092,9200.62732386977,9281.333827145516,3719730
2016-11-23,9180.4501953125,9220.80392539132,9140.09646523368,9220.80392539132,2236932
2016-11-24,9362.041015625,9483.102199557048,9160.273330743055,9160.273330743055,3767980
2016-11-25,9200.626953125,9321.68718066284,9160.273225610788,9321.68718066284,1850111
2016-11-28,8837.4443359375,8998.858290540886,8817.266994734082,8998.858290540886,2677504
2016-11-29,8837.4443359375,9019.035631744304,8817.266994734082,8958.504563138842,1858520
2016-11-30,8837.4443359375,8877.797108334755,8716.383153731367,8776.913267332038,1857623
2016-12-01,9442.7490234375,9442.7490234375,9362.041562766057,9442.7490234375,9247188
2016-12-02,9362.041015625,9684.869884438993,9362.041015625,9684.869884438993,3766429
2016-12-05,8998.8583984375,9442.748450177452,8998.8583984375,9402.394722291565,3436049
2016-12-06,8817.267578125,9160.273806234847,8716.383730447345,9079.566346090784,4207195
2016-12-07,8716.3837890625,8857.621367761969,8716.3837890625,8716.3837890625,2502099
2016-12-08,8716.3837890625,8756.7375194059,8655.852716044972,8756.7375194059,1684787
2016-12-09,8756.7373046875,8938.328609277683,8696.206233154215,8877.797537744398,1461836
2016-12-12,8958.5048828125,9160.273527022597,8877.797425128461,8998.85861165452,3275063
2016-12-13,8716.3837890625,8998.858946461436,8696.20644638837,8998.858946461436,2799376
2016-12-14,8696.2060546875,8716.383396452786,8554.968482349757,8716.383396452786,2234896
2016-12-15,8595.322265625,8716.383451973394,8514.614808059405,8575.145878736013,1914743
2016-12-16,8655.8525390625,8756.73734036068,8575.146035030732,8595.322422287463,3634863
2016-12-19,8676.029296875,8877.796975869871,8676.029296875,8877.796975869871,3375173
2016-12-20,8676.029296875,8817.266863172365,8635.67557007507,8716.383023674929,3683549
2016-12-21,8817.267578125,8837.444920663444,8716.383730447345,8776.913848052967,2225251
2016-12-22,8655.8525390625,8797.091069878985,8655.8525390625,8797.091069878985,1873569
2016-12-23,8615.5,8676.03011842925,8575.146269378878,8676.03011842925,1447368
2016-12-26,8554.96875,8655.85259696823,8554.96875,8635.676209576523,1294016
2016-12-27,8312.8466796875,8554.968084579596,8232.139226388543,8474.26063128064,3803992
2016-12-28,8111.07861328125,8454.084836270351,8111.07861328125,8333.023647861579,2750109
2016-12-29,8151.43212890625,8272.493314139103,8030.37189867821,8171.609470614132,2196680
2016-12-30,8353.201171875,8353.201171875,8070.726014445689,8191.786250484045,2087409
2017-01-03,8393.5546875,8433.908416815415,8312.84722886917,8353.200958184585,3374155
2017-01-04,8635.67578125,8837.444420183654,8292.669572565188,8373.37702813865,5095997
2017-01-05,8615.5,8716.383849050371,8554.968926565884,8635.676387808127,2674935
2017-01-06,8595.322265625,8696.206110079584,8534.792149953215,8635.675994407798,2726626
2017-01-09,8676.029296875,8716.383023674929,8595.32184327514,8635.67557007507,2970031
2017-01-10,8554.96875,8595.322479788261,8514.615020211739,8595.322479788261,1807944
2017-01-11,8595.322265625,8595.322265625,8454.08469238762,8474.261079276606,2758566
2017-01-12,8716.3837890625,8797.0912497493,8676.030058719101,8676.030058719101,4690855
2017-01-13,8595.322265625,8837.444638321787,8595.322265625,8756.737180756192,2553378
2017-01-16,8474.2607421875,8615.499264811519,8474.2607421875,8534.791810456303,2094994
2017-01-17,8413.7314453125,8534.792638591956,8413.7314453125,8474.26156444979,2430367
2017-01-18,8232.1396484375,8474.261065742783,8232.1396484375,8454.084678886018,3735434
2017-01-19,8111.07861328125,8252.317143927236,8111.07861328125,8191.7860722204305,3460937
2017-01-20,8151.43212890625,8272.493314139103,8111.078400495298,8111.078400495298,1315027
2017-01-23,8090.90234375,8292.670039028299,8090.90234375,8272.49365150241,2764891
2017-01-24,8373.376953125,8474.26079418565,8111.078202363476,8151.431929788695,3513718
2017-01-25,8474.2607421875,8474.2607421875,8353.200515659462,8393.55424283707,2707990
2017-01-26,8474.2607421875,8474.2607421875,8474.2607421875,8474.2607421875,0
2017-02-03,8454.0849609375,8554.968808596728,8413.731230872838,8474.261348467404,3679817
2017-02-06,8635.67578125,8817.267078787889,8353.200641747684,8393.554369534415,6065061
2017-02-07,8635.67578125,8736.559623214427,8595.32205346327,8635.67578125,3684906
2017-02-08,8554.96875,8676.029939364784,8514.615020211739,8554.96875,3589716
2017-02-09,8454.0849609375,8635.676268726053,8454.0849609375,8554.968808596728,3964905
2017-02-10,8595.322265625,8655.852381296785,8514.614808059405,8514.614808059405,3924967
2017-02-13,9160.2734375,9160.2734375,8716.383379580713,8756.73710802836,10292516
2017-02-14,9200.626953125,9422.571021945969,8998.858315553947,9059.388429322866,8720779
2017-02-15,9059.388671875,9240.979973048396,9039.212285080095,9160.27347086397,4706776
2017-02-16,8877.7978515625,9180.450354912771,8857.621463674755,9079.566505464303,8221416
2017-02-17,8958.5048828125,8998.85861165452,8797.090922449246,8877.797425128461,6754830
2017-02-20,9301.5107421875,9321.687128328937,8958.504537744815,8958.504537744815,6942740
2017-02-21,9281.333984375,9523.45636331838,9281.333984375,9321.687714198895,7469172
2017-02-22,9402.39453125,9563.809439513856,9362.040804184036,9483.101985381929,7709281
2017-02-23,9220.8037109375,9402.39501456638,9160.273594729482,9341.864898358364,6922020
2017-02-24,9301.5107421875,9402.394582904248,9180.44956032453,9281.333401041278,5235269
2017-02-27,9140.0966796875,9240.980529749157,9059.389217636224,9200.627753728397,6593893
2017-02-28,8958.5048828125,9220.803642783214,8958.5048828125,9140.096185099175,3163878
2017-03-01,8958.5048828125,9099.742456257156,8897.974767051883,8958.5048828125,4844909
2017-03-02,8877.7978515625,9039.212774683943,8877.7978515625,8958.505313123222,4344553
2017-03-03,8676.029296875,8857.620589972294,8595.32184327514,8857.620589972294,7483276
2017-03-06,8595.322265625,8797.090909538989,8595.322265625,8716.383451973394,4598378
2017-03-07,8776.9140625,8776.9140625,8554.969019183449,8595.322750241447,3336956
2017-03-08,8736.5595703125,8817.26702539726,8655.85211522774,8716.383184043707,2429058
2017-03-09,8534.7919921875,8635.675834777243,8474.260922629808,8575.145720224358,5829362
2017-03-10,8534.7919921875,8534.7919921875,8413.730808076923,8474.260922629808,4235864
2017-03-13,8393.5546875,8433.908416815415,8373.377345339875,8393.5546875,3276517
2017-03-14,8433.908203125,8534.792046355022,8353.20074653906,8353.20074653906,2565689
2017-03-15,8333.0234375,8474.2610095757,8292.669709049112,8474.2610095757,3857403
2017-03-16,8494.4384765625,8514.614863583058,8393.554631450055,8454.084747516556,2485572
2017-03-17,8393.5546875,8534.792262601535,8393.5546875,8433.908416815415,5945903
2017-03-20,8393.5546875,8494.43853328612,8353.200958184585,8353.200958184585,2982027
2017-03-21,8333.0234375,8433.908236129628,8333.0234375,8433.908236129628,3371490
2017-03-22,8191.7861328125,8353.201051884798,8191.7861328125,8333.023709498337,6326230
2017-03-23,8232.1396484375,8312.847105874202,8191.785919719149,8191.785919719149,2619900
2017-03-24,8272.4931640625,8333.023278078404,8111.078253347026,8272.4931640625,6726331
2017-03-27,8131.255859375,8272.493433346162,8131.255859375,8272.493433346162,4314915
2017-03-28,8191.7861328125,8191.7861328125,8050.548556126662,8151.432403044425,6703769
2017-03-29,8211.962890625,8353.20045725675,8191.785549674877,8292.669389411158,3739336
2017-03-30,8232.1396484375,8353.200834592551,8232.1396484375,8353.200834592551,3156777
2017-03-31,8090.90234375,8292.670039028299,8070.725956224111,8272.49365150241,8523273
2017-04-03,7949.66455078125,8171.609582580128,7929.487686299315,8151.432240595779,8219962
2017-04-04,7949.66455078125,8090.902124652386,7768.073247946243,7949.66455078125,5513401
2017-04-05,7929.48779296875,8090.902233493209,7909.310928215391,8030.372116735549,4115106
2017-04-07,8090.90234375,8131.25607380663,7969.841631082536,8070.725956224111,6577487
2017-04-10,8010.19482421875,8090.902283733339,7969.841571963879,8070.725896357115,4429371
2017-04-11,8090.90234375,8272.49365150241,8050.54861369337,8131.25607380663,5103049
2017-04-12,8171.609375,8252.316830877564,8050.548191183656,8151.432033528208,6646795
2017-04-13,8070.7255859375,8171.609428948077,8050.548244332499,8111.078359137883,3153070
2017-04-14,7929.48779296875,8070.725846242269,7828.603469201952,8030.372116735549,4542931
2017-04-17,7747.896484375,7990.018383809274,7747.896484375,7929.487789575101,3589473
2017-04-18,7768.0732421875,7828.60335808602,7626.835190918656,7747.896377720523,3030180
2017-04-19,7647.01220703125,7768.073396233845,7586.482089932375,7768.073396233845,2678861
2017-04-20,7505.7744140625,7586.481871203993,7465.420685491754,7586.481871203993,3565651
2017-04-21,7505.7744140625,7626.835122272331,7445.243821206381,7485.597549777127,2495604
2017-04-24,7586.48193359375,7606.658798045054,7344.360037680516,7465.420746885927,5935264
2017-04-25,7465.4208984375,7566.305222742019,7425.067646218115,7465.4208984375,1501773
2017-04-26,7505.7744140625,7586.481871203993,7404.890570138043,7465.420685491754,2627267
2017-04-27,7485.59765625,7707.542689043576,7485.59765625,7586.481979111814,5043361
2017-04-28,7485.59765625,7485.59765625,7485.59765625,7485.59765625,0
2017-05-03,6658.3486328125,7061.884493965677,6658.3486328125,7021.531242102053,14897244
2017-05-04,6214.45849609375,6577.6411013685365,6194.281631633771,6416.226663191122,20204512
2017-05-05,6638.171875,6638.171875,6053.044222279429,6194.281799832001,7446247
2017-05-08,6577.64111328125,6961.0005837103145,6537.287384288209,6860.116738730126,7343859
2017-05-09,6517.1103515625,6597.817807465243,6375.8727812351,6456.580237137844,4642460
2017-05-10,6577.64111328125,6638.171706770812,6496.933655295167,6537.287384288209,4750906
2017-05-11,6456.58056640625,6718.878856461878,6295.166123871458,6658.348738950347,7212220
2017-05-12,6456.58056640625,6537.287548922433,6396.049971392294,6496.933818913129,3503661
2017-05-15,6456.58056640625,6496.933818913129,6375.873106387641,6496.933818913129,3288464
2017-05-16,6517.1103515625,6658.348399392302,6517.1103515625,6537.287215538186,4835579
2017-05-17,6456.58056640625,6496.933818913129,6416.226836396946,6456.58056640625,2227602
2017-05-18,6355.6962890625,6456.580614842581,6335.519423906484,6396.050019374533,3589183
2017-05-19,6375.873046875,6456.5805061402825,6375.873046875,6416.226776507641,2699460
2017-05-22,6537.28759765625,6617.995058276513,6496.933867346119,6577.641327966381,4325165
2017-05-23,6416.2265625,6577.640998144306,6416.2265625,6577.640998144306,3637335
2017-05-24,6476.75732421875,6517.110576057771,6416.226730206591,6456.58045954803,3180430
2017-05-25,6759.232421875,6819.763015414957,6577.641118757542,6597.817983270861,9884514
2017-05-26,6597.81787109375,6638.171599434288,6537.287278582943,6577.641006923481,4998043
2017-05-29,6577.64111328125,6617.994842274291,6517.110519791688,6577.64111328125,2656469
2017-05-30,6416.2265625,6557.464134000967,6416.2265625,6557.464134000967,4451763
2017-05-31,6295.166015625,6416.226726068829,6295.166015625,6396.04986141112,4924154
2017-06-01,6234.63525390625,6375.872825207726,6194.28152567657,6295.16584625077,4504399
2017-06-02,6214.45849609375,6295.165953933663,6133.751038253836,6234.635360553728,4792904
2017-06-05,6174.10498046875,6254.81244109684,6174.10498046875,6234.635575939818,2691729
2017-06-06,6113.57421875,6174.104812575048,6113.57421875,6174.104812575048,3684519
2017-06-07,6133.7509765625,6254.812162104776,6133.7509765625,6133.7509765625,3582930
2017-06-08,5851.27587890625,6073.220910011739,5810.92215006845,6053.044045592838,9294395
2017-06-09,5871.45263671875,5972.336479479117,5851.275772666196,5851.275772666196,2069961
2017-06-12,5629.3310546875,5851.276093949817,5609.154189527068,5851.276093949817,7014254
2017-06-13,5770.568359375,5790.745223577621,5568.8001948511965,5609.153923256439,4479681
2017-06-14,5851.27587890625,5851.27587890625,5770.56842123065,5770.56842123065,5258945
2017-06-15,5770.568359375,5810.922087780243,5689.861380066923,5710.0382442695445,4421301
2017-06-16,5750.3916015625,5831.099059866182,5689.861485337154,5689.861485337154,15414613
2017-06-19,5790.7451171875,5871.452572515192,5770.568253355577,5871.452572515192,4354004
2017-06-20,5669.6845703125,5790.7452791884125,5669.6845703125,5790.7452791884125,4155213
2017-06-21,5387.208984375,5609.154016802905,5387.208984375,5588.977152263785,9465874
2017-06-22,5245.97119140625,5387.208759789675,5205.617464010302,5387.208759789675,7875114
2017-06-23,5286.3251953125,5467.916500590318,5266.148330559141,5286.3251953125,3478797
2017-06-26,5649.5078125,5649.5078125,5447.73964223197,5488.09337178606,13601507
2017-06-27,5528.44677734375,5750.391321879273,5508.269913749176,5689.861208597946,4819391
2017-06-28,5669.6845703125,5689.861434708887,5568.800248330563,5588.977112726951,4464946
2017-06-29,5649.5078125,5831.099117990985,5649.5078125,5710.038406831135,6152327
2017-06-30,5588.97705078125,5689.86137164503,5548.623799938144,5669.684507472274,3470485
2017-07-03,5669.6845703125,5790.7452791884125,5629.330841519725,5649.507705916112,4244345
2017-07-04,5669.6845703125,5831.099007981187,5669.6845703125,5750.391550395638,4132409
2017-07-05,5649.5078125,5730.21527160818,5609.15408294591,5730.21527160818,4374409
2017-07-06,5588.97705078125,5669.684507472274,5508.270071592631,5528.446935765388,7850977
2017-07-07,5407.3857421875,5568.800177812177,5367.032013905729,5528.446927032812,7845621
2017-07-10,5447.73974609375,5447.73974609375,5367.032285446873,5367.032285446873,2506485
2017-07-11,5447.73974609375,5467.916611255469,5367.032285446873,5427.562880932031,3149628
2017-07-12,5508.27001953125,5568.800133975012,5447.739427585087,5528.446883513305,4595713
2017-07-13,5508.27001953125,5508.27001953125,5508.27001953125,5508.27001953125,0
2017-07-14,5447.73974609375,5508.270341578907,5407.386015770311,5508.270341578907,3574860
2017-07-17,5326.6787109375,5467.916281037497,5306.501846994301,5467.916281037497,3638959
2017-07-18,5245.97119140625,5306.501782500173,5225.794327708276,5306.501782500173,3645139
2017-07-19,5346.85595703125,5346.85595703125,5266.148495490126,5286.325360875408,2166969
2017-07-20,5447.73974609375,5629.331055046794,5367.032285446873,5407.386015770311,5568751
2017-07-21,5326.6787109375,5488.093144980697,5326.6787109375,5447.739417094298,3058897
2017-07-24,5266.1484375,5326.679032989287,5245.971572336904,5245.971572336904,2253896
2017-07-25,5286.3251953125,5306.50206006586,5245.971465805781,5245.971465805781,2141208
2017-07-26,5326.6787109375,5427.562553151098,5326.6787109375,5387.208825264698,3047410
2017-07-27,5306.501953125,5387.208933009548,5266.148224431521,5367.032068662808,2572014
2017-07-28,5306.501953125,5306.501953125,5306.501953125,5306.501953125,0
2017-07-31,5367.0322265625,5467.916551264244,5326.678974184227,5407.385956443198,6468022
2017-08-01,5730.21533203125,5730.21533203125,5387.209104707027,5387.209104707027,19554293
2017-08-02,5851.27587890625,5972.336587917238,5689.861441057461,5730.215169895261,13071221
2017-08-03,5931.98291015625,5992.513503934143,5750.391606324985,5831.09906469551,9483662
2017-08-04,6274.9892578125,6295.166122813762,5851.276047790845,5871.452912792107,17368421
2017-08-07,6416.2265625,6456.580290786677,6234.635262712354,6335.519105926644,19318740
2017-08-08,6133.7509765625,6416.226598658735,6133.7509765625,6335.519141630552,8750199
2017-08-09,5952.15966796875,6153.92783277298,5931.982803738087,6032.867124891405,11958935
2017-08-10,6194.28173828125,6194.28173828125,5911.806585982978,5931.982973287922,9345577
2017-08-11,6093.39794921875,6295.166121693025,6053.0442192234095,6174.104931707005,10000352
2017-08-14,6053.0439453125,6174.104652317885,5931.982760804712,6093.3976734817625,5443486
2017-08-15,6053.0439453125,6053.0439453125,5891.629510137853,5992.513353058605,7453299
2017-08-16,6295.166015625,6295.166015625,5972.336658604096,6053.044117234926,10850647
2017-08-17,6133.7509765625,6436.403462915781,6133.7509765625,6355.6960058875975,15415728
2017-08-18,6032.8671875,6194.281625518048,6032.8671875,6133.751032197875,7986953
2017-08-21,5952.15966796875,6194.2815612343065,5952.15966796875,6073.220853352732,8742493
2017-08-22,5851.27587890625,5992.5134523361385,5831.099014487349,5952.159723498338,6137278
2017-08-23,5730.21533203125,5931.983026924428,5710.038467041447,5851.276044467642,526679760
2017-08-24,5750.3916015625,5810.922195290262,5669.6846207612325,5790.745330714341,421989399
2017-08-25,5891.62939453125,5931.98264440629,5730.214962523905,5770.568212398945,5746386
2017-08-28,5871.45263671875,6012.690207584225,5871.45263671875,5931.982751374009,3534923
2017-08-29,5689.861328125,5851.275762770032,5689.861328125,5831.098898751603,9971175
2017-08-30,5568.80029296875,5750.391596489418,5488.093312238684,5710.038344875592,10547456
2017-08-31,5568.80029296875,5568.80029296875,5367.032124889963,5427.562718564323,11329653
2017-09-01,5447.73974609375,5710.038515693671,5447.73974609375,5649.5079202085135,4500352
2017-09-04,5447.73974609375,5447.73974609375,5447.73974609375,5447.73974609375,0
2017-09-05,5488.09326171875,5568.800241705878,5326.678824242083,5447.73953297398,5155757
2017-09-06,5508.27001953125,5649.50758990323,5488.093155549195,5528.446883513305,4724079
2017-09-07,5568.80029296875,5669.684615759352,5568.80029296875,5568.80029296875,4615851
2017-09-08,5488.09326171875,5588.977106078263,5488.09326171875,5568.800241705878,4061404
2017-09-11,5407.3857421875,5508.270062891927,5407.3857421875,5447.739470469271,3765823
2017-09-12,5387.208984375,5447.73957799236,5346.855732799175,5407.38584891412,6042984
2017-09-13,5508.27001953125,5528.446883513305,5367.031971656868,5407.385699620977,5652092
2017-09-14,5528.44677734375,5609.153754219652,5467.91618656003,5548.623640938324,4366508
2017-09-15,5467.91650390625,5568.800350231808,5447.739639140655,5508.270233437442,3318345
2017-09-18,5629.3310546875,5730.215380489657,5528.447206387772,5528.447206387772,12550387
2017-09-19,5669.6845703125,5770.568414792025,5649.507705916112,5649.507705916112,11266064
2017-09-20,5609.15380859375,5730.214991334736,5588.976944803586,5730.214991334736,4090436
2017-09-21,5609.15380859375,5750.391377622503,5609.15380859375,5689.861263754407,5104139
2017-09-22,5528.44677734375,5649.507481408798,5528.44677734375,5649.507481408798,4472289
2017-09-25,5588.97705078125,5649.507643299518,5528.446935765388,5548.623799938144,3129417
2017-09-26,5972.33642578125,5972.33642578125,5750.391400701088,5750.391400701088,18040015
2017-09-27,5851.27587890625,6113.574161347126,5851.27587890625,5992.5134523361385,10668335
2017-09-28,5891.62939453125,5992.513235472443,5810.921939776381,5831.098803465098,10043295
2017-09-29,5710.0380859375,5911.8062448665305,5710.0380859375,5851.275653937103,4972695
2017-10-02,5750.3916015625,5831.099059866182,5689.861485337154,5730.215214488995,5890093
2017-10-03,5609.15380859375,5730.214991334736,5528.446830935491,5730.214991334736,6747293
2017-10-04,5629.3310546875,5649.507919847932,5548.624071548204,5568.800459206205,2723718
2017-10-05,5629.3310546875,5649.507919847932,5528.447206387772,5588.977324366637,4487387
2017-10-06,5649.5078125,5750.391658882805,5629.330947722955,5689.86154205409,4262787
2017-10-09,5588.97705078125,5609.153914954006,5548.623799938144,5568.800186608493,4107884
2017-10-10,5609.15380859375,5669.684399964243,5568.800081013422,5609.15380859375,3269271
2017-10-11,5750.3916015625,5770.56846613842,5649.507756185312,5689.861485337154,5898938
2017-10-12,5689.861328125,5790.745170714744,5689.861328125,5750.391442677886,4039666
2017-10-13,5810.92236328125,5810.92236328125,5649.507919509886,5669.684784669111,4080864
2017-10-16,5931.98291015625,5992.513503934143,5891.629658473404,5931.98291015625,8207239
2017-10-17,5891.62939453125,5952.159508095007,5871.452530842533,5952.159508095007,4030918
2017-10-18,5972.33642578125,6093.397609008102,5891.629447799081,5931.982698038966,7420777
2017-10-19,6093.39794921875,6153.928066709334,5931.983029237389,6012.69048922807,6276066
2017-10-20,5992.513671875,6113.574385321111,5972.33680671691,6113.574385321111,7253394
2017-10-23,5770.568359375,6012.690252304045,5730.215108472165,5992.513388101424,5396642
2017-10-24,5770.568359375,5831.098951982864,5750.391495172379,5770.568359375,2526042
2017-10-25,5790.7451171875,5931.9826865085615,5770.568253355577,5911.806300179037,3615258
2017-10-26,5831.09912109375,5911.806580244876,5770.568526730406,5810.922256305968,4239620
2017-10-27,5972.33642578125,5972.33642578125,5891.629447799081,5931.982698038966,4462959
2017-10-30,5992.513671875,6174.104980795381,5972.33680671691,6174.104980795381,8412549
2017-10-31,6012.6904296875,6113.574276174424,5952.159835293894,5992.513564889631,7089500
2017-11-01,6315.34228515625,6416.226606565805,6053.044004496224,6093.397733060046,18060080
2017-11-02,6214.45849609375,6335.519205351207,6153.927902713815,6295.165953933663,10633947
2017-11-03,6456.58056640625,6456.58056640625,6194.281798848197,6274.989258866805,10636516
2017-11-06,6496.93359375,6718.878623606838,6496.93359375,6638.171643887703,18667212
2017-11-07,6819.76318359375,6920.647031145778,6597.818145976377,6617.995010987269,21121789
2017-11-08,6779.4091796875,6940.823615751145,6718.878587100231,6739.055451295988,9773838
2017-11-09,6779.4091796875,6779.4091796875,6617.994743623856,6698.701722904475,9268368
2017-11-10,6900.47021484375,7061.884658567838,6779.409501426291,6819.763231732921,10965733
2017-11-13,7182.94580078125,7223.299530814247,6819.763185489131,6900.470168052699,11034024
2017-11-14,7061.88427734375,7304.00616861055,6981.177298589753,7203.122325792452,12729378
2017-11-15,6940.82373046875,6981.177459527227,6779.409291737255,6860.11674985421,13083532
2017-11-16,7203.12255859375,7223.299423309957,6900.470065353074,6900.470065353074,8435789
2017-11-17,7021.53125,7304.0064008752,6981.177520588567,7203.122554849034,9064634
2017-11-20,7122.4150390625,7223.299361784232,6961.0006002101445,7142.591903606846,7331524
2017-11-21,6940.82373046875,7142.591898258722,6920.646865939511,7061.884440141767,8511302
2017-11-22,7142.591796875,7162.768661117843,6961.0004961918185,7061.884339903627,9419248
2017-11-23,7344.35986328125,7505.77429755632,7162.768565033997,7304.006135336883,16219420
2017-11-24,7727.7197265625,7727.7197265625,7324.183381088921,7344.360246112842,9804349
2017-11-27,7707.54248046875,7889.133779203535,7707.54248046875,7788.249936574167,7647194
2017-11-28,7505.7744140625,7626.835122272331,7404.890570138043,7586.481871203993,9989181
2017-11-29,7667.18896484375,7667.18896484375,7344.360086482569,7425.067544824073,7512696
2017-11-30,7566.30517578125,7747.896480899903,7525.9514463099,7667.189021957204,5564268
2017-12-01,7626.8349609375,7848.779985879266,7626.8349609375,7788.249871805983,6685715
2017-12-04,8151.43212890625,8151.43212890625,7626.835092071105,7828.603256623453,11798894
2017-12-05,7848.7802734375,8131.255900304096,7848.7802734375,8070.725784013152,9786028
2017-12-06,8070.7255859375,8131.255700742884,7667.18878138798,7828.603216706346,11837571
2017-12-07,7788.25,8030.371892785635,7747.89627161866,7990.018164404295,8772955
2017-12-08,7848.7802734375,7909.31086723086,7788.250157146556,7868.957138035286,5280198
2017-12-11,7848.7802734375,7909.31086723086,7647.01210496205,7687.365834157624,8341810
2017-12-12,8373.376953125,8373.376953125,7626.834905768043,8030.37170251783,14051361
2017-12-13,8635.67578125,8756.736964610192,8312.846913960953,8373.37702813865,9729369
2017-12-14,8554.96875,8655.85259696823,8474.261290423476,8514.615020211739,5797568
2017-12-15,8877.7978515625,8877.7978515625,8554.968960324484,8554.968960324484,8458666
2017-12-18,8918.1513671875,9200.627475835132,8897.97497978652,8998.85882680111,9422059
2017-12-19,9321.6875,9321.6875,8797.090934353511,8897.974779092663,8770313
2017-12-20,9563.8095703125,9947.16855017496,9321.68720460535,9402.394659841068,15850048
2017-12-21,9200.626953125,9725.223500800152,9200.626953125,9604.16231825752,9287222
2017-12-22,9301.5107421875,9483.10203747956,9160.273174183096,9200.626901470752,6654356
2017-12-25,9422.5712890625,9583.986203695227,9321.687444919457,9362.041173577638,4605455
2017-12-26,9624.33984375,9624.33984375,9462.924930603289,9563.809728822387,4225564
2017-12-27,9684.8701171875,9967.346219817462,9684.8701171875,9886.638761923186,5374904
2017-12-28,9684.8701171875,9765.577575081776,9583.98627232207,9684.8701171875,4315569
2017-12-29,9422.5712890625,9725.223776496452,9301.511058092776,9684.87004783827,8729552
2018-01-01,9422.5712890625,9422.5712890625,9422.5712890625,9422.5712890625,0
2018-01-02,9281.333984375,9684.870327609116,9119.92002008426,9483.102633494482,10131312
2018-01-03,9846.28515625,9846.28515625,9341.86497060276,9341.86497060276,6053017
2018-01-04,10088.40625,10269.997549129932,9967.34602058325,10169.113706281038,8251757
2018-01-05,10068.23046875,10330.529239930784,9886.639158702512,10108.584199316649,6176246
2018-01-08,10088.40625,10169.113706281038,9826.107494589029,9926.99229244273,7807889
2018-01-09,10693.7119140625,10693.7119140625,10169.114369050068,10290.175561361752,8713582
2018-01-10,11440.2529296875,11440.2529296875,11016.540211923082,11137.600442710162,12727924
2018-01-11,11339.369140625,11500.783100791276,11137.600496661124,11137.600496661124,9335399
2018-01-12,11177.9541015625,11662.197886703832,11036.716529855614,11662.197886703832,11246095
2018-01-15,11258.662109375,11420.07703065845,11056.894412775544,11299.015839695863,5625677
2018-01-16,11420.076171875,11581.490126015353,11097.247308589507,11218.307535443577,7107603
2018-01-17,11420.076171875,11420.076171875,11420.076171875,11420.076171875,0
2018-01-18,10976.1865234375,11016.540252182269,10491.942733505086,10855.125337203192,9351926
2018-01-19,10572.650390625,10976.186730687356,10572.650390625,10976.186730687356,15255639
2018-01-22,10572.650390625,10572.650390625,10572.650390625,10572.650390625,0
2018-01-23,10572.650390625,10572.650390625,10572.650390625,10572.650390625,0
2018-01-24,10572.650390625,10572.650390625,10572.650390625,10572.650390625,0
2018-01-25,11944.6728515625,11944.6728515625,11783.258895598165,11944.6728515625,19836981
2018-01-26,11944.6728515625,12287.679059869515,11742.90516785588,12065.734034789351,8918358
2018-01-29,12348.2099609375,12509.62488219368,11823.61337686463,11944.673612801907,8664654
2018-01-30,11904.3193359375,12267.501937084631,11823.61283401966,12025.380521321482,11194550
2018-01-31,11077.0703125,11702.551672414278,11077.0703125,11702.551672414278,22307335
2018-02-01,10310.3515625,11137.600624753964,10310.3515625,11077.070508371058,17375207
2018-02-02,10693.7119140625,10834.94949425703,9805.93174711988,10310.3519492446,9367024
2018-02-05,9947.1689453125,10169.11397852478,9947.1689453125,9967.346287425344,4969859
2018-02-06,9261.1572265625,9261.1572265625,9261.1572265625,9261.1572265625,1295203
2018-02-07,8877.7978515625,9644.516826379617,8837.445075787009,9321.6879351416,14280807
2018-02-08,8272.4931640625,8474.260847452046,8272.4931640625,8272.4931640625,8994961
2018-02-09,8030.3720703125,8070.725799585937,7707.542713627419,7707.542713627419,13013908
2018-02-12,8575.1455078125,8575.1455078125,7707.542286520736,8070.725352353785,4931861
2018-02-13,8676.029296875,8958.50442946973,8635.67557007507,8635.67557007507,5035485
2018-02-14,8676.029296875,8676.029296875,8676.029296875,8676.029296875,0
2018-02-15,8676.029296875,8676.029296875,8676.029296875,8676.029296875,0
2018-02-16,8676.029296875,8676.029296875,8676.029296875,8676.029296875,0
2018-02-19,8676.029296875,8676.029296875,8676.029296875,8676.029296875,0
2018-02-20,8676.029296875,8676.029296875,8676.029296875,8676.029296875,0
2018-02-21,8353.201171875,8877.797756385884,8353.201171875,8877.797756385884,7761530
2018-02-22,7828.603515625,8312.847317572325,7788.250263381408,8191.786128334282,12471602
2018-02-23,8373.376953125,8373.376953125,8030.37170251783,8111.078202363476,4291165
2018-02-26,8554.96875,8877.797633301247,8494.43863282003,8676.029939364784,5853790
2018-02-27,8877.7978515625,8918.151582342862,8474.261498763763,8554.968960324484,6926963
2018-02-28,8877.7978515625,8877.7978515625,8877.7978515625,8877.7978515625,0
2018-03-01,8877.7978515625,9220.804085693131,8797.09134500665,9039.212774683943,5355227
2018-03-02,8958.5048828125,8958.5048828125,8554.968549397132,8676.02973592319,3867072
2018-03-05,8877.7978515625,9180.450354912771,8837.445075787009,9180.450354912771,5415666
2018-03-06,8877.7978515625,9019.0363867962,8776.914002114034,8998.859043903583,2928930
2018-03-07,8998.8583984375,9140.095968535705,8817.26710045341,8837.444441898755,5344951
2018-03-08,8958.5048828125,9039.21234049654,8918.15115397048,8998.85861165452,1602586
2018-03-09,8635.67578125,8877.797192965585,8615.499394859035,8877.797192965585,3120499
2018-03-12,8676.029296875,8857.620589972294,8615.499184177494,8857.620589972294,2168544
2018-03-13,8353.201171875,8676.03005965205,8070.726014445689,8676.03005965205,6802401
2018-03-14,8514.615234375,8676.030157588024,8070.726105548925,8312.847535363591,4990361
2018-03-15,8393.5546875,8514.61492044141,8373.377345339875,8393.5546875,1672307
2018-03-16,8393.5546875,8615.499721232367,8312.84722886917,8454.084803970705,4720420
2018-03-19,8655.8525390625,8756.73734036068,8474.26123373255,8474.26123373255,4030070
2018-03-20,8474.2607421875,8676.029378075536,8474.2607421875,8554.968196542715,1676233
2018-03-21,8918.1513671875,8958.505096994304,8716.383673158323,8716.383673158323,7520354
2018-03-22,9140.0966796875,9321.687991800432,9119.92029167712,9321.687991800432,6710603
2018-03-23,8998.8583984375,9079.565854209271,8676.029530355207,8676.029530355207,3765411
2018-03-26,8373.376953125,8998.858295708696,8373.376953125,8998.858295708696,6724610
2018-03-27,7828.603515625,8252.317200455725,7788.250263381408,8151.4323985882675,7917887
2018-03-28,7707.54248046875,7868.95691517718,7425.067339104598,7667.188752416042,4003533
2018-03-29,7667.18896484375,7990.018320707347,7586.481984004663,7707.542694014502,2229735
2018-03-30,7707.54248046875,7808.426323098118,7606.658637839383,7667.188752416042,1473056
2018-04-02,7667.18896484375,7868.957133195092,7425.067544824073,7868.957133195092,3356319
2018-04-03,7485.59765625,7586.481979111814,7263.652623456424,7465.420791677638,5095245
2018-04-04,7304.00634765625,7586.481973975675,7283.829483097546,7505.774515740863,3424998
2018-04-05,7465.4208984375,7485.597763298404,7182.945745389692,7304.006457052693,3141510
2018-04-06,7425.0673828125,7465.420633600346,7324.18306208687,7364.536790377122,1429871
2018-04-09,7384.7138671875,7404.89073191368,7283.829543556601,7283.829543556601,2094437
2018-04-10,7384.7138671875,7425.067596639859,7304.00640828278,7384.7138671875,2065792
2018-04-11,7525.951171875,7788.24992637159,7445.24371587531,7788.24992637159,4012233
2018-04-12,8050.54833984375,8050.54833984375,7525.951299459673,7586.481892485593,5618188
2018-04-13,7868.95703125,8252.316975903163,7848.7801669260225,8070.725674489774,3843663
2018-04-16,7868.95703125,8090.902061311342,7727.719458484567,8090.902061311342,2385195
2018-04-17,7566.30517578125,7747.896480899903,7546.128311045575,7727.719616164228,2556601
2018-04-18,7404.890625,7626.835178778649,7404.890625,7525.951334106755,1748837
2018-04-19,7384.7138671875,7667.1890183491805,7384.7138671875,7586.48203694688,2602476
2018-04-20,7364.537109375,7546.128417044428,7324.18337933681,7384.713974394095,2991551
2018-04-23,7263.65283203125,7525.951601501426,7182.9458489267245,7364.537157789945,2414615
2018-04-24,7445.24365234375,7546.127971482499,7263.6523553964,7263.6523553964,2532270
2018-04-25,7445.24365234375,7445.24365234375,7445.24365234375,7445.24365234375,0
2018-04-26,7102.23828125,7566.305217739095,7102.23828125,7566.305217739095,1788629
2018-04-27,6860.11669921875,7102.238116777654,6819.7629704581295,7021.531136758823,2408120
2018-04-30,6860.11669921875,6860.11669921875,6860.11669921875,6860.11669921875,0
2018-05-01,6860.11669921875,6860.11669921875,6860.11669921875,6860.11669921875,0
2018-05-02,6396.0498046875,6496.933649578928,6396.0498046875,6396.0498046875,7416948
2018-05-03,5972.33642578125,6214.458314732555,5952.159561910108,6214.458314732555,3446687
2018-05-04,5952.15966796875,6174.104697003643,5911.806417009831,6053.0439891220685,2603518
2018-05-07,6234.63525390625,6234.63525390625,5992.513362030573,6053.043954375094,2409090
2018-05-08,6214.45849609375,6517.110507988601,6133.751038253836,6234.635360553728,3019274
2018-05-09,6295.166015625,6436.403590726536,6254.812286309585,6436.403590726536,1748765
2018-05-10,6254.81201171875,6496.933421977099,6254.81201171875,6496.933421977099,2549476
2018-05-11,6093.39794921875,6254.812391697686,6053.0442192234095,6254.812391697686,1411575
2018-05-14,6234.63525390625,6254.81211802109,6093.397682604774,6093.397682604774,1021821
2018-05-15,6355.6962890625,6436.403749686565,6254.812440784849,6274.989305940865,2355096
2018-05-16,6617.99462890625,6698.701606787879,6335.519012564555,6375.872740256568,4125842
2018-05-17,6900.47021484375,7061.884658567838,6698.702040813032,6698.702040813032,5505840
2018-05-18,6819.76318359375,7142.592068763151,6698.701993528405,7061.884608719588,3381304
2018-05-21,6577.64111328125,6860.116738730126,6537.287384288209,6860.116738730126,2052633
2018-05-22,6194.28173828125,6617.994944231079,6194.28173828125,6496.933755386887,3483329
2018-05-23,6194.28173828125,6355.696179237752,5931.982973287922,6174.104873473884,3401321
2018-05-24,6053.0439453125,6295.165836825673,5992.513353058605,6254.812108656411,1137053
2018-05-25,5629.3310546875,6053.044268051702,5629.3310546875,6012.690537730839,4563094
2018-05-28,5245.97119140625,5427.562487185624,5245.97119140625,5286.324918802198,3304047
2018-05-29,5447.73974609375,5609.154189885075,5044.203397864223,5367.032285446873,2520056
2018-05-30,5447.73974609375,5609.154189885075,5306.502167464145,5447.73974609375,1713068
2018-05-31,5427.5625,5568.800068716884,5407.385636254389,5488.093091236835,1469251
2018-06-01,5407.3857421875,5508.270062891927,5286.325034844594,5427.562606328385,2630272
2018-06-04,5528.44677734375,5588.976890625078,5447.739322965456,5447.739322965456,3227880
2018-06-05,5911.806640625,5911.806640625,5488.093430758848,5528.447160746562,3231806
2018-06-06,6133.7509765625,6133.7509765625,5911.806424739812,5931.982811494449,2084356
2018-06-07,5972.33642578125,6174.104586990271,5891.629447799081,6133.750859247987,2804756
2018-06-08,5952.15966796875,5972.336532199413,5831.098960087175,5931.982803738087,1971329
2018-06-11,5750.3916015625,5891.629653593945,5750.3916015625,5851.275924442103,1372825
2018-06-12,5548.6240234375,5730.215330804422,5407.385968539119,5649.50787086249,2666793
2018-06-13,5810.92236328125,5810.92236328125,5528.447206056971,5528.447206056971,1044674
2018-06-14,5629.3310546875,5810.9223636289535,5609.154189527068,5810.9223636289535,1318977
2018-06-15,5649.5078125,5689.86154205409,5568.80035339182,5588.977218168865,1184479
2018-06-18,5407.3857421875,5568.800177812177,5367.032013905729,5568.800177812177,3171439
2018-06-19,5205.61767578125,5447.739572504363,5145.0875597272825,5447.739572504363,2574849
2018-06-20,5367.0322265625,5367.0322265625,5205.617784542133,5245.971514422831,2800636
2018-06-21,5185.44091796875,5367.032224872278,5185.44091796875,5367.032224872278,1629098
2018-06-22,5326.6787109375,5326.6787109375,5185.440663335102,5205.617527278302,1619647
2018-06-25,5568.80029296875,5669.684615759352,5508.270176796805,5669.684615759352,1966312
2018-06-26,5447.73974609375,5528.447206740627,5447.73974609375,5488.093476417189,1078310
2018-06-27,5508.27001953125,5689.86131786734,5488.093155549195,5568.800133975012,2956387
2018-06-28,5427.5625,5588.976932462496,5407.385636254389,5588.976932462496,1322491
2018-06-29,5508.27001953125,5689.86131786734,5427.562563603032,5568.800133975012,1513938
2018-07-02,5346.85595703125,5508.270402611062,5286.325360875408,5508.270402611062,1789938
2018-07-03,5245.97119140625,5467.916214581572,5165.264214116748,5346.8555098961215,2036978
2018-07-04,5145.08740234375,5447.739405862983,5104.7336745405455,5326.678699955769,2124875
2018-07-05,5124.91064453125,5245.971352944501,4923.142478840891,5124.91064453125,1288709
2018-07-06,5205.61767578125,5245.971404818838,5003.849508095725,5124.9106952084885,1424709
2018-07-09,5205.61767578125,5407.385843466775,5205.61767578125,5286.325133856426,1603773
2018-07-10,5165.2646484375,5286.325363302329,5145.087783042956,5205.617901724153,1593038
2018-07-11,5084.55712890625,5165.264589564534,5044.203398577109,5165.264589564534,830107
2018-07-12,4963.49609375,5064.379935532405,4923.142366036079,5044.203071675444,1371419
2018-07-13,4963.49609375,5044.203071675444,4923.142366036079,4983.672957606961,1799607
2018-07-16,4963.49609375,5084.556799389367,4963.49609375,4963.49609375,1395750
2018-07-17,4923.142578125,5003.849559527301,4822.258254494101,4963.496307577359,1637362
2018-07-18,5266.1484375,5266.1484375,4882.788954406037,5024.026533045279,5200978
2018-07-19,5124.91064453125,5346.855674540885,5124.91064453125,5286.325081583054,1709772
2018-07-20,5104.73388671875,5205.617732917597,5084.557021978497,5124.910751459003,2355339
2018-07-23,5124.91064453125,5326.678810221609,5084.556915892696,5104.733780211973,2242045
2018-07-24,5124.91064453125,5124.91064453125,5124.91064453125,5124.91064453125,0
2018-07-25,5447.73974609375,5548.624071902346,5326.679032625863,5367.032285446873,9428530
2018-07-26,5245.97119140625,5488.093078279547,5225.794327708276,5488.093078279547,2512544
2018-07-27,5225.79443359375,5407.385733052542,5165.264318775756,5286.325025914149,3468740
2018-07-30,5266.1484375,5286.325302663096,5124.910858860758,5185.440976847616,3131962
2018-07-31,5306.501953125,5387.208933009548,5185.440767044563,5225.794495738041,4106455
2018-08-01,5629.3310546875,5669.684785008363,5367.03228510432,5387.209150264752,16948060
2018-08-02,5689.861328125,5851.275762770032,5488.093165443109,5528.446893479968,8285781
2018-08-03,6053.0439453125,6073.220809397131,5891.629510137853,6053.0439453125,13951420
2018-08-06,5972.33642578125,6274.9889063459805,5952.159561910108,6012.690153523534,12171902
2018-08-07,5871.45263671875,6012.690207584225,5871.45263671875,5972.336479479117,8402370
2018-08-08,6274.9892578125,6274.9892578125,5931.983030293468,5952.159895294731,7907393
2018-08-09,6254.81201171875,6597.817740836742,6194.281420402965,6416.226444391781,13594285
2018-08-10,6597.81787109375,6597.81787109375,6234.63527103372,6254.812135203989,9198017
2018-08-13,6638.171875,6698.701992521144,6476.757432439571,6597.818144984286,8957278
2018-08-14,6537.28759765625,6597.818193121448,6456.580614538417,6577.641327966381,7837479
2018-08-15,6093.39794921875,6638.171871648566,6093.39794921875,6617.995006650895,15766683
2018-08-16,5952.15966796875,6012.690260660741,5669.684523744273,5871.452688548503,13385535
2018-08-17,5649.5078125,6093.39788259015,5649.5078125,6093.39788259015,8511229
2018-08-20,5689.861328125,5810.922034733173,5588.977008032853,5588.977008032853,4200385
2018-08-21,5891.62939453125,5891.62939453125,5689.861235146471,5689.861235146471,4254718
2018-08-22,5790.7451171875,6012.690141836253,5770.568253355577,6012.690141836253,6606640
2018-08-23,5972.33642578125,5972.33642578125,5810.921992314514,5871.45258392794,5713621
2018-08-24,6274.9892578125,6295.166122813762,5871.452912792107,5891.62977779337,12825199
2018-08-27,6133.7509765625,6436.403462915781,6133.7509765625,6375.872870144644,12191168
2018-08-28,6254.81201171875,6274.988875490679,6153.927692859107,6174.104556631036,5610482
2018-08-29,6153.927734375,6274.98891782328,6113.574006558907,6214.458326099139,5982181
2018-08-30,6355.6962890625,6456.580614842581,6174.104980160784,6214.458710472816,8568421
2018-08-31,6234.63525390625,6456.580281667088,6214.45838979141,6375.872825207726,6366022
2018-09-03,6234.63525390625,6234.63525390625,6234.63525390625,6234.63525390625,0
2018-09-04,6093.39794921875,6234.635526700015,5972.3367592327295,6214.458661702345,9786779
2018-09-05,5810.92236328125,6093.397998007959,5730.215380146783,5972.336807052614,7419371
2018-09-06,5831.09912109375,5891.629715457094,5790.745391518188,5810.922256305968,5151929
2018-09-07,5931.98291015625,5992.513503934143,5831.09906469551,5831.09906469551,4787136
2018-09-10,5972.33642578125,6133.750859247987,5891.629447799081,5891.629447799081,5230640
2018-09-11,6133.7509765625,6174.104705076592,5931.982811494449,5931.982811494449,5274503
2018-09-12,6416.2265625,6557.464134000967,6254.812126855693,6375.872834213322,18570107
2018-09-13,6517.1103515625,6739.055377792643,6456.580237137844,6496.933487586814,12103272
2018-09-14,6597.81787109375,6678.52485027242,6517.110414412674,6517.110414412674,7119065
2018-09-17,6961.00048828125,6981.177352501164,6658.348479987355,6658.348479987355,11541215
2018-09-18,7082.0615234375,7142.59211889502,6759.232636002253,6819.763231459772,10155110
2018-09-19,7061.88427734375,7364.53676080285,6900.469842333352,7182.945461728352,14109231
2018-09-20,7344.35986328125,7344.35986328125,7061.884245173078,7182.945429006181,10336694
2018-09-21,7182.94580078125,7445.244090990878,7061.884610682259,7344.360243410812,10886052
2018-09-24,7647.01220703125,7647.01220703125,7223.299477329436,7263.652729561211,8178546
2018-09-25,8030.3720703125,8111.07857385454,7727.719578264137,7848.780288582032,11499484
2018-09-26,7889.1337890625,8070.72556552662,7848.780060959361,7909.310653114068,8463537
2018-09-27,8433.908203125,8433.908203125,7909.310690321194,7949.664418614165,14114756
2018-09-28,8353.201171875,8676.03005965205,8312.847441527261,8554.968868608834,9289621
2018-10-01,8756.7373046875,8918.151267098308,8433.908424861047,8575.146000097318,9417164
2018-10-02,8474.2607421875,9099.742080933238,8191.785606949033,8998.85824049161,17696596
2018-10-03,8474.2607421875,8676.029378075536,8292.66944739066,8454.084356101088,12574499
2018-10-04,8837.4443359375,8958.504563138842,8736.559539929995,8877.797108334755,9697187
2018-10-05,8232.1396484375,8736.559824909653,8232.1396484375,8554.968523179485,17970124
2018-10-08,7868.95703125,8111.07844813291,7707.54259416059,7889.1338955739775,16145774
2018-10-09,8211.962890625,8211.962890625,7990.017870202315,7990.017870202315,6213082
2018-10-10,7868.95703125,8232.139634076775,7828.603302602045,8232.139634076775,9035335
2018-10-11,7324.18310546875,7465.42067781879,7324.18310546875,7384.713698262657,15783162
2018-10-12,7364.537109375,7546.128417044428,6961.000763997956,7263.652784279526,14245135
2018-10-15,7182.94580078125,7465.420956007376,7182.94580078125,7384.713973443809,7334529
2018-10-16,7465.4208984375,7465.4208984375,7203.122610250596,7324.183321913596,4324899
2018-10-17,7808.42626953125,7889.133725083002,7626.834972042207,7667.1886998180835,8914505
2018-10-18,7667.18896484375,7808.426539438965,7626.835235672998,7647.012100258375,7362398
2018-10-19,7546.12841796875,7546.12841796875,7263.652785169248,7465.420957882485,12959091
2018-10-22,7425.0673828125,7707.542525839451,7425.0673828125,7546.1280901808495,6364034
2018-10-23,7082.0615234375,7425.067753527683,6920.647079719876,7404.890888375176,12646571
2018-10-24,6597.81787109375,6961.00047115378,6597.81787109375,6779.409171123764,9610526
2018-10-25,6537.28759765625,6597.818193121448,6153.928114714861,6174.104979869927,10084856
2018-10-26,6093.39794921875,6658.348736646236,6093.39794921875,6658.348736646236,8074874
2018-10-29,6174.10498046875,6355.696289379524,6073.221132186067,6174.10498046875,6211191
2018-10-30,6295.166015625,6517.110571854949,5952.159793946388,6053.044117234926,9124128
2018-10-31,6718.87890625,6718.87890625,6476.7574794048605,6537.287597364931,8494605
2018-11-01,6436.4033203125,6739.055322457894,6375.872728882462,6658.348344720242,9069238
2018-11-02,6577.64111328125,6597.8179777777705,6295.165965334789,6416.226674811499,8890538
2018-11-05,6839.93994140625,6920.646922682514,6456.580467212347,6456.580467212347,10493778
2018-11-06,6718.87890625,7041.708271214236,6718.87890625,6900.470215135069,8443035
2018-11-07,6698.70166015625,6779.40911618327,6577.640953618121,6658.348409645142,7233328
2018-11-08,6638.171875,6880.29330008943,6638.171875,6799.586317560429,4986920
2018-11-09,6335.51904296875,6537.287204894705,6295.16579258548,6496.933477009034,8750999
2018-11-12,6577.64111328125,6577.64111328125,6234.6353718452265,6335.519216825416,8018724
2018-11-13,6416.2265625,6496.93354157095,6295.165855142372,6315.342241783305,5448769
2018-11-14,6174.10498046875,6295.166171410886,6093.397997343089,6214.458710782796,7440988
2018-11-15,6315.34228515625,6335.519149438161,6174.104712685282,6254.812169812925,4922531
2018-11-16,6517.1103515625,6617.99467144093,6436.403373162158,6496.933487586814,5566013
2018-11-19,6638.171875,6698.701992521144,6577.641279976429,6658.348740007857,7378101
2018-11-20,6658.3486328125,6739.055614042169,6496.933715348327,6577.641174080413,6040997
2018-11-21,6557.46435546875,6557.46435546875,6396.049914372931,6456.580508847272,2922145
2018-11-22,6335.51904296875,6698.701638934989,6335.51904296875,6658.348388551718,3618506
2018-11-23,6254.81201171875,6416.226444391781,6234.635147946821,6375.8727168479245,6238842
2018-11-26,6174.10498046875,6234.635575939818,6133.751250154705,6133.751250154705,3639153
2018-11-27,6234.63525390625,6335.519096978046,6174.10466156173,6254.81211802109,5214719
2018-11-28,6375.873046875,6375.873046875,6194.281741030535,6194.281741030535,4114646
2018-11-29,6214.45849609375,6375.872934271165,6214.45849609375,6375.872934271165,3470315
2018-11-30,6396.0498046875,6396.0498046875,6214.458501880999,6274.989095317304,3699713
2018-12-03,6779.4091796875,6779.4091796875,6537.28728684083,6577.641015232343,8512416
2018-12-04,6739.0556640625,6839.939988226417,6698.701934396933,6718.878799229717,6036417
2018-12-05,6658.3486328125,6718.878749359146,6557.464309397392,6597.818038763435,6441316
2018-12-06,6678.52490234375,6839.939816964427,6577.641058208237,6577.641058208237,4430559
2018-12-07,6537.28759765625,6698.702041394346,6476.757479693482,6678.525176239281,8059970
2018-12-10,6718.87890625,6759.232636558333,6577.641327673264,6658.34878828993,5823449
2018-12-11,6739.0556640625,6799.58625856085,6638.171817401004,6698.701934396933,6631189
2018-12-12,6739.0556640625,6739.0556640625,6739.0556640625,6739.0556640625,0
2018-12-13,6981.17724609375,7122.414815977992,6961.0003821813725,7061.884224240859,3742850
2018-12-14,6940.82373046875,7142.591898258722,6940.82373046875,7061.884440141767,7316305
2018-12-17,6799.5859375,6900.469779397992,6698.701618099609,6900.469779397992,9951109
2018-12-18,6678.52490234375,6678.52490234375,6496.933600897899,6496.933600897899,8792899
2018-12-19,6375.873046875,6577.6412175357855,6355.696182058679,6537.287487903144,8428058
2018-12-20,6456.58056640625,6496.933818913129,6335.519376378336,6375.873106387641,4367793
2018-12-21,6436.4033203125,6476.757047932525,6274.988887334797,6315.342137452425,1662977
2018-12-24,6053.0439453125,6396.049679746427,6053.0439453125,6295.165836825673,3127309
2018-12-25,5710.0380859375,5931.982631007279,5629.33063136493,5730.2149495806425,10829224
2018-12-26,5770.568359375,5810.922087780243,5689.861380066923,5710.0382442695445,3606364
2018-12-27,6053.0439453125,6174.104652317885,5972.336488973974,6032.867081227869,4677599
2018-12-28,6053.0439453125,6053.0439453125,6053.0439453125,6053.0439453125,0
2018-12-31,6053.0439453125,6053.0439453125,6053.0439453125,6053.0439453125,0
2019-01-01,6053.0439453125,6053.0439453125,6053.0439453125,6053.0439453125,0
2019-01-02,5730.21533203125,6053.044216863245,5730.21533203125,5972.336756904034,2515791
2019-01-03,5609.15380859375,5851.275696573324,5609.15380859375,5730.214991334736,3637505
2019-01-04,5770.568359375,5851.2758161854845,5588.977059053818,5609.153923256439,2832964
2019-01-07,5931.98291015625,5972.336639341512,5851.275929288141,5972.336639341512,1918450
2019-01-08,6133.7509765625,6174.104705076592,5851.275831968674,5972.336540008541,6788854
2019-01-09,6254.81201171875,6375.8727168479245,6093.397579045719,6093.397579045719,5513256
2019-01-10,6194.28173828125,6396.049908852482,6174.104873473884,6355.696179237752,4074805
2019-01-11,6133.7509765625,6254.812162104776,6113.574112305454,6254.812162104776,3326463
2019-01-14,5992.513671875,6133.751250479201,5992.513671875,6093.39799766545,2703046
2019-01-15,6153.927734375,6174.104598283047,5992.513300613028,5992.513300613028,2125480
2019-01-16,6234.63525390625,6274.98898213593,6153.92779744689,6234.63525390625,3037838
2019-01-17,6254.81201171875,6375.8727168479245,6174.104556631036,6214.458284174893,3025018
2019-01-18,6113.57421875,6315.342387331074,6113.57421875,6315.342387331074,2518651
2019-01-21,6254.81201171875,6315.342125532139,6113.5739653152505,6153.927692859107,2271344
2019-01-22,6295.166015625,6416.226726068829,6234.635421651878,6234.635421651878,6663420
2019-01-23,6295.166015625,6315.34240278029,6234.635421651878,6254.812286309585,3520964
2019-01-24,6396.0498046875,6476.757262602573,6295.165959796072,6335.519211251195,3809977
2019-01-25,6375.873046875,6456.5805061402825,6335.519317242359,6416.226776507641,2284939
2019-01-28,6557.46435546875,6617.99494994309,6416.226779197711,6476.757373672052,6162942
2019-01-29,6537.28759765625,6537.28759765625,6456.580614538417,6476.757479693482,2628527
2019-01-30,6577.64111328125,6678.52495826144,6537.287384288209,6537.287384288209,3029646
2019-01-31,6577.64111328125,6819.763009737084,6577.64111328125,6819.763009737084,4208673
2019-02-01,6577.64111328125,6638.171706770812,6496.933655295167,6517.110519791688,2643770
2019-02-04,6577.64111328125,6577.64111328125,6577.64111328125,6577.64111328125,0
2019-02-05,6577.64111328125,6577.64111328125,6577.64111328125,6577.64111328125,0
2019-02-06,6577.64111328125,6577.64111328125,6577.64111328125,6577.64111328125,0
2019-02-07,6577.64111328125,6577.64111328125,6577.64111328125,6577.64111328125,0
2019-02-08,6577.64111328125,6577.64111328125,6577.64111328125,6577.64111328125,0
2019-02-11,6718.87890625,6759.232636558333,6617.995057981597,6658.34878828993,4715258
2019-02-12,6617.99462890625,6819.762789863918,6577.640901214237,6739.055334479892,8286266
2019-02-13,6920.64697265625,6940.823837496617,6698.701936914636,6698.701936914636,8242596
2019-02-14,6799.5859375,6940.823507158149,6799.5859375,6920.646643278071,2729801
2019-02-15,6880.29296875,6981.177288930923,6779.40912607148,6819.76285414385,8145758
2019-02-18,6880.29296875,6880.29296875,6880.29296875,6880.29296875,0
2019-02-19,7001.3544921875,7283.829647375391,7001.3544921875,7203.122664822748,7109711
2019-02-20,7021.53125,7142.591960731883,6981.177520588567,7041.708114705717,3798903
2019-02-21,7102.23828125,7203.1226054878125,7021.531299362172,7122.415146097563,6092445
2019-02-22,7122.4150390625,7263.65261337051,7001.354329298837,7021.531193843183,4498001
2019-02-25,7102.23828125,7243.475857680516,7102.23828125,7223.299470335375,4789632
2019-02-26,6981.17724609375,7041.707837830882,6860.116540121886,6981.17724609375,12627232
2019-02-27,6940.82373046875,7142.591898258722,6940.82373046875,7061.884440141767,5280829
2019-02-28,6860.11669921875,7122.414981157964,6860.11669921875,7041.708001139134,7939285
2019-03-01,7041.7080078125,7061.88439470952,6920.646821415909,6940.8236858153405,5604157
2019-03-04,7425.0673828125,7445.24376945522,7182.945490573396,7223.299218863647,12746293
2019-03-05,7384.7138671875,7546.128307494519,7304.00640828278,7304.00640828278,10299980
2019-03-06,7747.896484375,7747.896484375,7263.652685506451,7364.537009230074,9036329
2019-03-07,7626.8349609375,7788.249871805983,7626.8349609375,7707.542416371742,6455324
2019-03-08,7626.8349609375,7626.8349609375,7626.8349609375,7626.8349609375,0
2019-03-11,7425.0673828125,7485.597497745472,7243.475605506367,7465.420633600346,6163741
2019-03-12,7586.48193359375,7626.835184993945,7465.420746885927,7586.48193359375,5439391
2019-03-13,7465.4208984375,7647.012204683212,7445.244033576597,7626.835339822308,3896783
2019-03-14,7445.24365234375,7586.4816991379985,7445.24365234375,7586.4816991379985,4295552
2019-03-15,7525.951171875,7566.3048998748445,7384.713601377944,7465.420579875233,4182937
2019-03-18,7606.65869140625,7687.365670577611,7566.304963069367,7586.481827237809,4656612
2019-03-19,7626.8349609375,7828.603122020705,7606.658574581338,7707.542416371742,6972814
2019-03-20,7505.7744140625,7626.835122272331,7324.183112996549,7566.30500691862,5381205
2019-03-21,6981.17724609375,7647.011845192602,6981.17724609375,7586.481730957869,9138765
2019-03-22,7102.23828125,7182.945740640251,6981.177569667047,7102.23828125,9254700
2019-03-25,6819.76318359375,6860.116913615532,6739.055723550187,6779.409453571969,12231590
2019-03-26,7082.0615234375,7102.238388590006,6779.40950115476,6920.647079719876,5439367
2019-03-27,7082.0615234375,7203.122714352539,7082.0615234375,7182.945849200032,3674292
2019-03-28,7142.591796875,7162.768661117843,6981.177360434662,7041.707953163192,4497638
2019-03-29,7223.29931640625,7384.713754244573,7203.122451988658,7263.652567739022,6760549
2019-04-01,7425.0673828125,7425.0673828125,7304.006197941745,7364.536790377122,5129367
2019-04-02,7505.7744140625,7626.835122272331,7445.243821206381,7626.835122272331,8599392
2019-04-03,7747.896484375,7747.896484375,7465.420855451277,7566.305179174899,15382770
2019-04-04,7747.896484375,7949.664654319826,7727.719619630276,7788.2502138644495,9106486
2019-04-05,7868.95703125,7909.310759897955,7687.365729836612,7768.073187132522,7118726
2019-04-08,8191.7861328125,8211.96347519896,8010.194826358587,8050.548556126662,13809458
2019-04-09,7949.66455078125,8252.31704050787,7949.66455078125,8191.78596955965,14804889
2019-04-10,7949.66455078125,8111.0785116319075,7808.426499407701,7909.310821817379,12836031
2019-04-11,7727.7197265625,8050.548611940394,7727.7197265625,7990.018494371056,7043262
2019-04-12,7808.42626953125,7909.31058897094,7505.774266216978,7667.1886998180835,5554914
2019-04-15,7808.42626953125,7808.42626953125,7808.42626953125,7808.42626953125,0
2019-04-16,7808.42626953125,7808.42626953125,7525.951130104916,7626.834972042207,5465418
2019-04-17,7747.896484375,8030.372113298723,7747.896484375,7909.310924830376,8805574
2019-04-18,7586.48193359375,7808.426487553268,7445.243882434624,7687.3657783478575,7561842
2019-04-19,7586.48193359375,7687.3657783478575,7505.774475788535,7647.012049445249,2892895
2019-04-22,7707.54248046875,7828.603187124472,7586.481773813029,7647.011888389688,6839988
2019-04-23,7707.54248046875,7848.780051150827,7707.54248046875,7828.603187124472,7010085
2019-04-24,7667.18896484375,7828.60340402434,7606.658848590038,7747.896423185253,7776458
2019-04-25,7687.36572265625,7707.542586961382,7525.951285717609,7586.481878633003,4923355
2019-04-26,7647.01220703125,7687.365936765448,7586.482089932375,7586.482089932375,5408905
2019-04-29,7647.01220703125,7647.01220703125,7647.01220703125,7647.01220703125,0
2019-04-30,7647.01220703125,7647.01220703125,7647.01220703125,7647.01220703125,0
2019-05-01,7647.01220703125,7647.01220703125,7647.01220703125,7647.01220703125,0
2019-05-02,7868.95703125,7889.1338955739775,7586.481885719135,7707.54259416059,11885651
2019-05-03,7747.896484375,7868.957195340928,7707.542754885551,7768.073349119724,5148003
2019-05-06,7485.59765625,7586.481979111814,7425.067540035327,7546.128249967089,6552526
2019-05-07,7768.0732421875,7768.0732421875,7465.420752685247,7566.305075020135,8495307
2019-05-08,8010.19482421875,8131.256013490633,7606.658959153075,7626.835346529299,16767009
2019-05-09,7990.01806640625,8111.078295060647,7949.664338519851,8030.37179429265,10336791
2019-05-10,8171.609375,8272.493217344552,7949.664348839104,8050.548191183656,15666112
2019-05-13,8111.07861328125,8312.847260629202,8111.07861328125,8151.43234275084,8687434
2019-05-14,8554.96875,8554.96875,8070.725902550553,8070.725902550553,15356622
2019-05-15,8353.201171875,8635.676329304311,8353.201171875,8554.968868608834,13516155
2019-05-16,8333.0234375,8514.614738026588,8333.0234375,8454.084622852664,8585990
2019-05-17,8413.7314453125,8494.438907498805,8312.847595082058,8454.085176405652,14813201
2019-05-20,8635.67578125,8716.383236823462,8454.084483712111,8554.968325676538,15646556
2019-05-21,8554.96875,8635.676209576523,8494.43863282003,8635.676209576523,6253916
2019-05-22,8393.5546875,8615.499721232367,8353.200958184585,8554.968649756825,12826726
2019-05-23,8312.8466796875,8373.37679215933,8030.371548145925,8312.8466796875,25971909
2019-05-24,7929.48779296875,8292.669926021967,7909.310928215391,8111.078620744149,16289529
2019-05-27,7889.1337890625,7969.841245268775,7848.780060959361,7929.487517165638,7741343
2019-05-28,8191.7861328125,8191.7861328125,7949.664709208899,7949.664709208899,7974594
2019-05-29,7949.66455078125,8171.609582580128,7949.66455078125,8131.255853616257,6065110
2019-05-30,7949.66455078125,8111.0785116319075,7909.310821817379,8010.194666724644,5542748
2019-05-31,7546.12841796875,7828.603573265826,7485.597822904051,7768.073455703553,18374248
2019-06-03,7162.7685546875,7425.067308444602,7122.414826801422,7263.652396900293,15876317
2019-06-04,7324.18310546875,7384.713698262657,7223.299261647981,7263.652512674844,6476625
2019-06-05,7344.35986328125,7505.77429755632,7344.35986328125,7445.243705639767,7705065
2019-06-06,7425.0673828125,7425.0673828125,7223.299218863647,7263.652469651493,7515871
2019-06-07,7606.65869140625,7606.65869140625,7505.774370564042,7525.9512347324835,7431319
2019-06-10,7606.65869140625,7747.896263082936,7586.481827237809,7747.896263082936,4414952
2019-06-11,7566.30517578125,7647.012157221529,7505.7745815742255,7566.30517578125,3076466
2019-06-12,7344.35986328125,7525.951161528503,7324.182999309067,7525.951161528503,6479897
2019-06-13,7384.7138671875,7465.4208485898,7223.29942688048,7223.29942688048,5152898
2019-06-14,7304.00634765625,7465.420786623457,7283.829483097546,7465.420786623457,3305186
2019-06-17,7263.65283203125,7404.890888093422,7223.299579230202,7304.006562334728,4220524
2019-06-18,7142.591796875,7304.006233315338,7122.414932632157,7263.652504829652,7024747
2019-06-19,7324.18310546875,7425.067426791928,7283.829376939479,7344.359969733386,7615278
2019-06-20,7525.951171875,7546.128035874923,7324.183009378177,7384.713601377944,8399317
2019-06-21,7586.48193359375,7707.542642799161,7566.305069142447,7707.542642799161,7385783
2019-06-24,7647.01220703125,7707.542801632548,7546.128360198177,7626.835342164151,7450948
2019-06-25,7606.65869140625,7687.365670577611,7586.481827237809,7586.481827237809,6256800
2019-06-26,7747.896484375,7828.603465851478,7606.658908664348,7606.658908664348,8988467
2019-06-27,7505.7744140625,7788.250036555317,7505.7744140625,7747.896307984571,9413141
2019-06-28,7525.951171875,7586.481763874767,7364.536737378022,7566.3048998748445,7818697
2019-07-01,7667.18896484375,7727.719558599877,7626.835235672998,7687.365829429125,4876607
2019-07-02,7626.8349609375,7667.188688654621,7586.481710722777,7667.188688654621,3749078
2019-07-03,7505.7744140625,7566.30500691862,7505.7744140625,7546.128142633247,7028212
2019-07-04,7505.7744140625,7505.7744140625,7505.7744140625,7505.7744140625,0
2019-07-05,7505.7744140625,7505.7744140625,7505.7744140625,7505.7744140625,0
2019-07-08,7505.7744140625,7505.7744140625,7505.7744140625,7505.7744140625,0
2019-07-09,7505.7744140625,7505.7744140625,7505.7744140625,7505.7744140625,0
2019-07-10,7505.7744140625,7505.7744140625,7505.7744140625,7505.7744140625,0
2019-07-11,7505.7744140625,7505.7744140625,7505.7744140625,7505.7744140625,0
2019-07-12,7505.7744140625,7505.7744140625,7505.7744140625,7505.7744140625,0
2019-07-15,7505.7744140625,7505.7744140625,7505.7744140625,7505.7744140625,0
2019-07-16,7525.951171875,7586.481763874767,7485.597443875155,7586.481763874767,5851900
2019-07-17,7566.30517578125,7647.012157221529,7445.243987367201,7485.597716838551,5735577
2019-07-18,7525.951171875,7626.83501437221,7485.597443875155,7546.128035874923,4641587
2019-07-19,7465.4208984375,7566.305222742019,7404.890781357211,7546.128357881115,5467744
2019-07-22,7384.7138671875,7485.59771331598,7344.36013773514,7425.067596639859,4854385
2019-07-23,7283.82958984375,7445.244031176524,7283.82958984375,7384.713914115748,5611500
2019-07-24,7404.890625,7425.067489434861,7304.006302825694,7324.183167260555,6758126
2019-07-25,7404.890625,7404.890625,7404.890625,7404.890625,0
2019-07-26,7404.890625,7404.890625,7404.890625,7404.890625,0
2019-07-29,7404.890625,7404.890625,7404.890625,7404.890625,0
2019-07-30,7404.890625,7404.890625,7404.890625,7404.890625,0
2019-07-31,7479.544921875,7590.517439551396,7435.155819303958,7590.517439551396,3598400
2019-08-01,7368.572265625,7501.739093331366,7346.377476005664,7479.544781214443,2682712
2019-08-02,7191.01611328125,7235.405213641573,7124.4327014919645,7191.01611328125,7285982
2019-08-05,7146.62744140625,7257.599960209361,7146.62744140625,7191.01654442798,4236368
2019-08-06,7146.62744140625,7146.62744140625,7146.62744140625,7146.62744140625,0
2019-08-07,6858.0986328125,6969.071145867936,6858.0986328125,6880.2929444226265,4194686
2019-08-08,7191.01611328125,7235.405213641573,6835.90426540346,6902.487677192746,5256284
2019-08-09,7191.01611328125,7191.01611328125,7191.01611328125,7191.01611328125,0
2019-08-12,7146.62744140625,7213.210857187631,7102.238338384521,7168.821754165902,2927012
2019-08-13,6991.265625,7080.043828572578,6991.265625,7057.849038928227,3278028
2019-08-14,6969.0712890625,7191.016319733711,6969.0712890625,7168.821530165143,1945121
2019-08-15,6946.876953125,6946.876953125,6769.321024698644,6769.321024698644,2467780
2019-08-16,6946.876953125,6946.876953125,6946.876953125,6946.876953125,0
2019-08-19,6946.876953125,6946.876953125,6946.876953125,6946.876953125,0
2019-08-20,6946.876953125,6946.876953125,6946.876953125,6946.876953125,0
2019-08-21,7745.87841796875,7745.87841796875,7412.9613495047715,7412.9613495047715,15402018
2019-08-22,7945.62939453125,8145.379642095203,7901.240291460674,8123.185329311128,14025137
2019-08-23,8034.40673828125,8123.184940169478,7856.850812007198,7856.850812007198,6702165
2019-08-26,7967.82373046875,7967.82373046875,7812.4621080214865,7856.851211221052,9350069
2019-08-27,8167.57373046875,8367.32445004682,7967.823488393091,8034.406902418311,12905422
2019-08-28,8211.962890625,8345.129711877655,8145.379002496283,8256.351512707626,8488863
2019-08-29,8234.1572265625,8345.129737109371,8211.962915454082,8300.740159887755,7036945
2019-08-30,8278.5458984375,8411.712720891579,8189.767698466519,8256.351587195952,6920909
2019-09-02,8278.5458984375,8278.5458984375,8278.5458984375,8278.5458984375,0
2019-09-03,7856.85107421875,8278.54635350532,7856.85107421875,8278.54635350532,6029455
2019-09-04,7967.82373046875,8078.796727218877,7723.684379124784,7812.4621080214865,5487696
2019-09-05,7923.4345703125,8078.796669145389,7856.851154742993,8078.796669145389,3467669
2019-09-06,7923.4345703125,7990.018463384431,7879.045944934444,7923.4345703125,1302549
2019-09-09,7901.240234375,8100.990957998201,7879.045921751277,7923.434546998724,6515146
2019-09-10,7590.51708984375,7990.018039572621,7546.127989317787,7945.628939046658,8991694
2019-09-11,7657.1005859375,7701.489686950746,7568.322383911009,7590.517173168833,2884867
2019-09-12,7856.85107421875,7901.240176644289,7657.100829557455,7768.073346870092,2938512
2019-09-13,7812.4619140625,7901.240118257545,7768.073289467393,7812.4619140625,3242735
2019-09-16,8012.21240234375,8167.573538924968,8012.21240234375,8167.573538924968,8514595
2019-09-17,8211.962890625,8300.74013479025,8056.600803326253,8100.9903804136575,10310590
2019-09-18,8100.99072265625,8189.767970572074,8100.99072265625,8123.185034635206,3682448
2019-09-19,8034.40673828125,8123.184940169478,8034.40673828125,8034.40673828125,3147408
2019-09-20,8078.79638671875,8189.767946284432,8034.406807887662,8100.9906986318865,4997180
2019-09-23,8034.40673828125,8167.573563611189,8034.40673828125,8123.184940169478,3936375
2019-09-24,7879.0458984375,8078.796621469647,7856.851108377027,8056.601353906753,5430327
2019-09-25,7990.01806640625,8034.406689578889,7812.461663706093,7879.045553469852,2459584
2019-09-26,7901.240234375,8012.212752498463,7879.045921751277,7990.01843987474,2956775
2019-09-27,8078.79638671875,8078.79638671875,7901.239981404027,7901.239981404027,4200634
2019-09-30,8056.60107421875,8256.351790316474,8056.60107421875,8211.96316674134,6590844
2019-10-01,7901.240234375,8145.379583245648,7856.851131625131,8123.185270621924,9717631
2019-10-02,7723.68408203125,7901.240010497348,7723.68408203125,7901.240010497348,5382190
2019-10-03,7768.0732421875,7812.461866512438,7568.322522715626,7590.517312380509,4741843
2019-10-04,7546.12841796875,7768.073455703553,7523.93410519624,7768.073455703553,7016347
2019-10-07,7457.35009765625,7612.711717191562,7457.35009765625,7568.322614823985,3176709
2019-10-08,7368.572265625,7523.933882950702,7257.599750035557,7457.349991595107,6050516
2019-10-09,7457.35009765625,7457.35009765625,7346.377580488516,7346.377580488516,2648476
2019-10-10,7501.7392578125,7634.906088438647,7479.54494520895,7523.934047918473,2828600
2019-10-11,7568.32275390625,7612.711857089561,7412.961609018302,7590.517544249119,4105065
2019-10-14,7435.15576171875,7657.100795352579,7435.15576171875,7634.9060054877455,3522636
2019-10-15,7412.96142578125,7501.739152450996,7390.766635987002,7435.155738073083,2110242
2019-10-16,7435.15576171875,7501.739176308415,7390.766659491501,7412.961449356334,1561785
2019-10-17,7390.7666015625,7457.350015630282,7390.7666015625,7435.155703441826,1233041
2019-10-18,7346.37744140625,7435.155644460648,7346.37744140625,7390.766542933449,1545791
2019-10-21,7257.599609375,7390.766434500441,7257.599609375,7390.766434500441,2548302
2019-10-22,7235.4052734375,7324.182997389439,7057.848870528819,7279.793896662269,5309092
2019-10-23,7057.84912109375,7257.599842706286,7057.84912109375,7235.405530305968,5619021
2019-10-24,7191.01611328125,7235.405213641573,7146.627012920927,7146.627012920927,2541693
2019-10-25,7279.7939453125,7324.183046336319,7213.2105325279745,7279.7939453125,2581414
2019-10-28,7279.7939453125,7324.183046336319,7235.405321791086,7279.7939453125,2419819
2019-10-29,7257.599609375,7279.793921061772,7191.016196812279,7257.599609375,2025269
2019-10-30,7346.37744140625,7412.961332448253,7168.821512799864,7257.599715854261,4530898
2019-10-31,7279.7939453125,7412.961248383956,7213.2105325279745,7390.766459120845,2727831
2019-11-01,7279.7939453125,7324.183046336319,7191.016220767267,7235.405321791086,3166949
2019-11-04,7257.599609375,7412.961223689616,7235.405297688228,7368.572122813669,4518715
2019-11-05,7523.93408203125,7568.322707439604,7257.599942069,7324.183357683957,8565685
2019-11-06,7457.35009765625,7546.128302391405,7457.35009765625,7546.128302391405,2766804
2019-11-07,7435.15576171875,7501.739176308415,7390.766659491501,7435.15576171875,2849992
2019-11-08,7368.572265625,7523.933882950702,7368.572265625,7523.933882950702,3691392
2019-11-11,7324.18310546875,7412.961308233146,7301.988793528855,7368.572206850948,2271463
2019-11-12,7368.572265625,7390.766577741923,7301.988851771817,7324.183163888741,1652089
2019-11-13,7213.21044921875,7390.766373760933,7213.21044921875,7368.57206225656,5189178
2019-11-14,7235.4052734375,7324.182997389439,7213.210484322714,7324.182997389439,3140600
2019-11-15,7279.7939453125,7346.377358097026,7235.405321791086,7257.599633551793,2317419
2019-11-18,7301.98876953125,7435.15559573779,7279.793980161889,7412.961283870835,2471106
2019-11-19,7279.7939453125,7368.572147360138,7279.7939453125,7301.988734575612,1409530
2019-11-20,7168.82177734375,7279.794296505651,7168.82177734375,7257.599983674242,3126302
2019-11-21,7124.43310546875,7235.405623910835,7124.43310546875,7168.821730843644,3821903
2019-11-22,6946.876953125,7213.210607013329,6791.515336688534,7124.432881551355,7296094
2019-11-25,6880.29296875,7035.654583077419,6880.29296875,6946.87685882061,2778987
2019-11-26,6880.29296875,6946.87685882061,6858.098657061399,6946.87685882061,3882796
2019-11-27,6880.29296875,6946.87685882061,6880.29296875,6924.682069629606,2465621
2019-11-28,6858.0986328125,6880.2929444226265,6791.515220479719,6835.9043212023735,2891983
2019-11-29,6858.0986328125,6969.071145867936,6835.9043212023735,6835.9043212023735,2319534
2019-12-02,6680.54296875,6880.293213562062,6591.764763831915,6880.293213562062,4106452
2019-12-06,6658.3486328125,6747.126359915377,6636.153842909967,6724.932047515262,1503888
2019-12-09,6613.95947265625,6747.126300896938,6591.764682947859,6658.3485745706175,3039148
2019-12-10,6502.98681640625,6613.959330048208,6436.403403721556,6591.764540818374,4968826
2019-12-11,6414.208984375,6525.181504416325,6258.8478383190895,6525.181504416325,5705029
2019-12-12,6502.98681640625,6613.959330048208,6347.625201807027,6414.208614491722,4466127
2019-12-13,6591.7646484375,6613.959438029692,6525.181234665745,6569.570336347719,3832676
2019-12-16,6680.54296875,6769.321173668085,6569.570451353604,6591.764763831915,4927540
2019-12-17,6613.95947265625,6724.931988690962,6591.764682947859,6702.737198982571,3805115
2019-12-18,6724.93212890625,6858.098959923475,6591.7648203866,6636.153923226484,5994712
2019-12-19,6747.12646484375,6858.098983574956,6702.737361850783,6747.12646484375,3006829
2019-12-20,6724.93212890625,6858.098959923475,6702.737338735096,6791.515544414863,2839065
2019-12-23,6613.95947265625,6747.126300896938,6569.5703707418825,6747.126300896938,4499658
2019-12-24,6613.95947265625,6613.95947265625,6547.376058535906,6569.5703707418825,2427904
2019-12-25,6591.7646484375,6680.542851801448,6591.7646484375,6613.959438029692,1902117
2019-12-26,6613.95947265625,6724.931988690962,6591.764682947859,6636.1537848622265,3362693
2019-12-27,6658.3486328125,6680.542945212615,6613.959530509852,6636.153842909967,2353484
2019-12-30,6747.12646484375,6835.9046708296855,6658.348736360241,6702.737361850783,5953383
2019-12-31,6680.54296875,6769.321173668085,6658.348656271689,6747.126383687354,2709722
2020-01-01,6680.54296875,6680.54296875,6680.54296875,6680.54296875,0
2020-01-02,6680.54296875,6702.737281228311,6636.153866290958,6680.54296875,2609922
2020-01-03,6747.12646484375,6924.682399313195,6747.12646484375,6791.515567836717,10523980
2020-01-06,7035.65478515625,7102.238199636873,6946.877058349558,6991.265683001696,13236280
2020-01-07,6946.876953125,7013.460366597082,6902.487851642808,6969.071265114891,3739904
2020-01-08,6946.876953125,7191.016295023438,6924.6821636327,7102.238092059055,9507744
2020-01-09,6747.12646484375,6835.9046708296855,6724.932152098479,6769.321255091447,6940318
2020-01-10,6724.93212890625,6791.515544414863,6636.153923226484,6769.321231746133,4934899
2020-01-13,6636.15380859375,6680.542910666857,6613.959496308405,6680.542910666857,6086801
2020-01-14,6525.18115234375,6613.959354587667,6480.792528724196,6613.959354587667,6848758
2020-01-15,6480.79248046875,6613.9593053406725,6458.597691321829,6613.9593053406725,3038598
2020-01-16,6525.18115234375,6636.153666397444,6392.014326480279,6458.597739412015,8645238
2020-01-17,6502.98681640625,6591.764540818374,6502.98681640625,6569.570229090944,3011544
2020-01-20,6436.4033203125,6525.181043574158,6392.014219930473,6525.181043574158,4137494
2020-01-21,6569.5703125,6658.348515541681,6392.01438391905,6480.79258696073,5834482
2020-01-22,6636.15380859375,6702.7372229522025,6547.376081949952,6569.5703942352975,5367540
2020-01-23,6636.15380859375,6636.15380859375,6636.15380859375,6636.15380859375,0
2020-01-24,6636.15380859375,6636.15380859375,6636.15380859375,6636.15380859375,0
2020-01-27,6636.15380859375,6636.15380859375,6636.15380859375,6636.15380859375,0
2020-01-28,6636.15380859375,6636.15380859375,6636.15380859375,6636.15380859375,0
2020-01-29,6636.15380859375,6636.15380859375,6636.15380859375,6636.15380859375,0
2020-01-30,6325.43115234375,6458.597983234483,6258.847736898384,6458.597983234483,8932784
2020-01-31,5903.73583984375,6347.625433082261,5903.73583984375,6303.236330507684,9857240
2020-02-03,5548.6240234375,5659.5960646040185,5504.234920469437,5504.234920469437,14306911
2020-02-04,5415.45654296875,5659.595885304992,5393.262230939059,5637.401573275301,6801634
2020-02-05,5548.6240234375,5703.985167572081,5393.2624018004935,5482.040130234193,10659580
2020-02-06,5925.93017578125,5925.93017578125,5615.20741153701,5615.20741153701,10673151
2020-02-07,5881.541015625,6014.708322574838,5881.541015625,5948.12443034871,7042718
2020-02-10,5770.568359375,5925.929974983978,5681.790634385875,5726.179735631641,5749443
2020-02-11,5925.93017578125,5992.513591154843,5770.568554907919,5792.7633450340645,7559913
2020-02-12,6014.70849609375,6081.291912738331,5925.930288899353,5925.930288899353,7081139
2020-02-13,5992.513671875,6081.291878570596,5970.319358952316,6036.902775222799,4678526
2020-02-14,5925.93017578125,6014.708381280989,5881.541073031381,5948.124488404974,5731929
2020-02-17,5970.3193359375,6036.902751951312,5925.930232760817,5925.930232760817,6020202
2020-02-18,5925.93017578125,6014.708381280989,5925.93017578125,5992.513591154843,3945892
2020-02-19,5903.73583984375,5970.319254954406,5881.541049805251,5925.9301523798285,4365358
2020-02-20,5925.93017578125,6059.097006528436,5903.735863157527,6036.902693904713,7691370
2020-02-21,5859.3466796875,5992.513508600138,5859.3466796875,5970.319196282171,6550946
2020-02-24,5459.845703125,5637.401633775269,5459.845703125,5593.012531737098,14891256
2020-02-25,5570.818359375,5615.207462527961,5371.067633937889,5371.067633937889,6152717
2020-02-26,5415.45654296875,5548.623847654127,5393.262230939059,5415.45654296875,4376991
2020-02-27,5504.23486328125,5504.23486328125,5393.262345765294,5437.65144827216,3187217
2020-02-28,5215.70654296875,5393.262479910084,5171.317439357808,5326.679063244888,10787138
2020-03-02,5260.09521484375,5326.67862604394,5215.706114876159,5282.289526076349,6748034
2020-03-03,5371.0673828125,5482.0398967551455,5326.678759237366,5482.0398967551455,4617369
2020-03-05,5504.23486328125,5703.985108308519,5504.23486328125,5637.401693299429,6720253
2020-03-06,5437.6513671875,5504.234781203717,5371.0674756688695,5437.6513671875,3929479
2020-03-09,5060.3447265625,5060.3447265625,5060.3447265625,5060.3447265625,2154502
2020-03-10,4794.01123046875,4904.983272734306,4727.427336606014,4727.427336606014,16977000
2020-03-11,4461.09375,4927.178150261085,4461.09375,4927.178150261085,17987993
2020-03-12,4150.3701171875,4350.1208289653,4150.3701171875,4216.95400611503,11406160
2020-03-13,4128.17578125,4128.17578125,3861.84189838729,3861.84189838729,12983763
2020-03-16,4092.66455078125,4216.954130270205,3950.619999225885,4083.786825996841,8893591
2020-03-17,4128.17578125,4128.17578125,3870.719622857355,3870.719622857355,7619330
2020-03-18,3861.842041015625,4150.37024570963,3861.842041015625,4128.1759337147705,12187614
2020-03-19,3639.89697265625,3844.086312113172,3608.824697440058,3773.064036976504,13285321
2020-03-20,3892.914306640625,3892.914306640625,3733.1140669287847,3773.064067168944,8355996
2020-03-23,3622.1416015625,3773.064118554437,3622.1416015625,3631.0193264587297,16444317
2020-03-24,3631.019287109375,3724.236113763215,3551.119047655568,3622.1415623093535,9651869
2020-03-25,3755.308349609375,3875.1585881472993,3702.0415238700302,3817.452900054877,8161309
2020-03-26,3617.70263671875,3755.308323720336,3617.70263671875,3684.286049058305,6158555
2020-03-27,3444.585693359375,3617.702762460256,3417.952279747608,3617.702762460256,7701769
2020-03-30,3204.885009765625,3218.2018361087994,3204.885009765625,3213.762973578145,6196845
2020-03-31,2996.2568359375,3284.7852914445434,2982.9402481838893,3240.39642684796,15887974
2020-04-01,3129.423828125,3196.007242712406,2996.2567601989795,2996.2567601989795,7998414
2020-04-02,3129.423828125,3129.423828125,3129.423828125,3129.423828125,0
2020-04-03,3346.9296875,3346.9296875,3346.9296875,3346.9296875,2596065
2020-04-06,3577.75244140625,3577.75244140625,3577.75244140625,3577.75244140625,2946134
2020-04-07,3826.3310546875,3826.3310546875,3662.091706910485,3826.3310546875,31116940
2020-04-08,4057.15380859375,4079.348121413355,3728.675113849029,3773.064216990666,12909982
2020-04-09,4248.0263671875,4336.80457421974,4105.981808938834,4128.176121945678,19772422
2020-04-10,4141.49267578125,4185.881778933291,3995.009256132672,4128.176088086367,16036968
2020-04-13,4394.51025390625,4425.582292033574,4239.148630762339,4305.732047109035,15881651
2020-04-14,4305.73193359375,4398.94900052303,4132.614864655385,4394.5101380504375,11571259
2020-04-15,4203.63720703125,4305.732000491964,4150.370379030113,4154.809719074098,11515829
2020-04-16,4261.3427734375,4345.682114275101,4066.031394791199,4150.37025812639,12033531
2020-04-17,4350.12109375,4376.7542689402135,4296.854265867149,4376.7542689402135,18749510
2020-04-20,4638.6494140625,4638.6494140625,4305.73186862677,4372.315282213433,26830936
2020-04-21,4314.60986328125,4572.066286420857,4314.60986328125,4314.60986328125,23105638
2020-04-22,4168.1259765625,4225.831662534619,4012.764367406061,4012.764367406061,16476923
2020-04-23,4256.90380859375,4305.731771456009,4172.564947287959,4261.342670899192,9915776
2020-04-24,4168.1259765625,4301.292797266656,4123.73687716032,4292.415072886696,8901698
2020-04-27,4003.886962890625,4194.759484815419,3995.009237801438,4168.126309547858,13642418
2020-04-28,3888.4755859375,3950.620139131535,3795.258756146448,3906.2310361351024,12178317
2020-04-29,3888.4755859375,3888.4755859375,3888.4755859375,3888.4755859375,0
2020-04-30,3888.4755859375,3888.4755859375,3888.4755859375,3888.4755859375,0
2020-05-01,3888.4755859375,3888.4755859375,3888.4755859375,3888.4755859375,0
2020-05-04,4097.10400390625,4305.731974612879,4083.786938859188,4305.731974612879,10696988
2020-05-05,4221.39306640625,4256.903966164229,4110.42054965773,4194.759414085348,8001101
2020-05-06,4310.1708984375,4350.121139142112,4265.781795154868,4301.29317328146,10926726
2020-05-07,4248.0263671875,4283.537745500882,4216.954328977918,4283.537745500882,8993611
2020-05-08,4301.29296875,4367.876381756616,4274.659794548316,4283.53751928221,16084797
2020-05-11,4594.26025390625,4594.26025390625,4323.487263105151,4350.120914701563,29688529
2020-05-12,4660.84375,4771.816265714516,4461.09350821532,4594.260336071773,16500562
2020-05-13,4727.42724609375,4794.011138681657,4527.6770008372905,4616.454728450465,16902646
2020-05-14,4594.26025390625,4705.23276763609,4594.26025390625,4660.843666643674,14944945
2020-05-15,4594.26025390625,4594.26025390625,4594.26025390625,4594.26025390625,0
2020-05-18,4594.26025390625,4594.26025390625,4594.26025390625,4594.26025390625,0
2020-05-19,5060.3447265625,5060.3447265625,4882.788796376224,5015.955624640327,17007535
2020-05-20,5060.3447265625,5060.3447265625,5060.3447265625,5060.3447265625,0
2020-05-21,4794.01123046875,4949.372376141987,4794.01123046875,4927.178063189362,14263048
2020-05-22,4771.81640625,4971.567131419982,4749.622093454414,4794.011196548013,16312419
2020-05-25,4860.59423828125,4882.788549368375,4727.426939251327,4794.010827517483,8490780
2020-05-26,4971.56689453125,4971.56689453125,4860.594380836163,4927.177793552734,15559560
2020-05-27,4794.01123046875,5015.955792502293,4794.01123046875,4971.567166597042,15988082
2020-05-28,4749.6220703125,4860.594588754585,4749.6220703125,4794.011173189819,9480161
2020-05-29,4705.23291015625,4794.01111483015,4683.038597738984,4749.622012493201,10274724
2020-06-01,4838.39990234375,4882.789006173172,4794.011276016762,4794.011276016762,8340728
2020-06-02,4971.56689453125,5149.122820942908,4794.010968119591,4882.788692574219,28167214
2020-06-03,5060.3447265625,5104.733828484673,5015.955624640327,5104.733828484673,13392303
2020-06-04,4971.56689453125,5149.122820942908,4971.56689453125,5060.344618985877,12479192
2020-06-05,5038.150390625,5038.150390625,4882.788773380292,4927.17787509341,13511798
2020-06-08,5038.150390625,5038.150390625,5038.150390625,5038.150390625,0
2020-06-09,5038.150390625,5038.150390625,5038.150390625,5038.150390625,0
2020-06-10,5193.51171875,5260.095612486061,5104.733989605968,5171.317405839599,13025864
2020-06-11,4838.39990234375,5260.095672469612,4838.39990234375,5237.900881803683,24452954
2020-06-12,4771.81640625,4771.81640625,4527.677055488846,4527.677055488846,19734838
2020-06-15,4505.482421875,4771.816066467135,4438.898533224574,4749.621755251921,16521866
2020-06-16,4705.23291015625,4727.427222573516,4594.260393065084,4616.45470548235,6808001
2020-06-17,4683.03857421875,4749.621988638555,4616.4546822965285,4727.427198830343,5541363
2020-06-18,4638.6494140625,4660.843726090585,4549.871210945341,4616.454624532005,3981251
2020-06-19,4749.6220703125,4749.6220703125,4660.843864557863,4727.427280122628,6828071
2020-06-22,4749.6220703125,4838.399798564713,4705.232967435181,4794.011173189819,6552488
2020-06-23,4838.39990234375,4882.789006173172,4727.427381521411,4816.2055891802565,10893327
2020-06-24,4727.42724609375,4860.594553767144,4727.42724609375,4860.594553767144,6101341
2020-06-25,4638.6494140625,4683.03851562108,4572.066000475836,4616.454624532005,6304972
2020-06-26,4638.6494140625,4727.427139677248,4616.454624532005,4705.232827649164,4400850
2020-06-29,4483.28759765625,4638.649207439685,4416.704187035461,4616.454418897829,9849353
2020-06-30,4430.02099609375,4594.26033853955,4372.315306991302,4549.871236729417,6548302
2020-07-01,4572.06591796875,4594.260229596318,4421.143166394082,4430.020891045109,5020202
2020-07-02,4527.6767578125,4594.260169324097,4483.287657637305,4572.065857987696,2582913
2020-07-03,4527.6767578125,4594.260169324097,4505.4824464761,4594.260169324097,4486572
2020-07-06,4527.6767578125,4594.260169324097,4505.4824464761,4572.065857987696,4944240
2020-07-07,4594.26025390625,4683.038455891084,4572.065942161244,4594.26025390625,5961931
2020-07-08,4572.06591796875,4594.260229596318,4527.676817211212,4594.260229596318,3185102
2020-07-09,4705.23291015625,4749.622012493201,4572.066080647818,4616.45470548235,9893503
2020-07-10,4705.23291015625,4705.23291015625,4705.23291015625,4705.23291015625,0
2020-07-13,4683.03857421875,4749.621988638555,4638.649472104741,4683.03857421875,6192218
2020-07-14,4660.84375,4683.038539644351,4616.454648213711,4638.649437858062,3809742
2020-07-15,4660.84375,4660.84375,4660.84375,4660.84375,0
2020-07-16,4705.23291015625,4816.205427247416,4683.038597738984,4794.01111483015,10887334
2020-07-17,4660.84375,4705.232851786289,4660.84375,4683.038539644351,4296490
2020-07-20,4572.06591796875,4660.843641981423,4549.87112883878,4660.843641981423,5692538
2020-07-21,4594.26025390625,4616.454565651256,4549.871152913834,4594.26025390625,4277059
2020-07-22,4572.06591796875,4705.232742738962,4572.06591796875,4683.038431111393,4814611
2020-07-23,4616.45458984375,4638.6493792074725,4505.482553034766,4549.871176757397,5342469
2020-07-24,4305.73193359375,4594.260381824359,4296.854208648564,4549.871279596015,13320108
2020-07-27,4008.32568359375,4168.126162051576,4008.32568359375,4043.837060196292,12710097
2020-07-28,4168.1259765625,4194.759149702376,3995.0089186461432,4039.398018048324,8828997
2020-07-29,3950.6201171875,4061.592635310962,3879.597839289163,4061.592635310962,10720561
2020-07-30,4034.958984375,4110.420602332578,3995.009221635319,3995.009221635319,3301998
2020-07-31,3990.570068359375,4030.5200693297097,3906.2309651987057,3995.0091695793753,3864554
2020-08-03,4177.00390625,4225.831870242146,4008.325702232774,4008.325702232774,8466546
2020-08-04,4199.1982421875,4292.415308294112,4185.8816548872455,4261.34279375777,6338591
2020-08-05,4350.12109375,4390.071334037744,4181.442885038043,4199.198335164851,9130576
2020-08-06,4527.6767578125,4572.065857987696,4385.631732752352,4438.898557462108,19411756
2020-08-07,4483.28759765625,4572.065796818895,4438.898498074927,4572.065796818895,6907647
2020-08-10,4594.26025390625,4638.649354898667,4527.676841168827,4527.676841168827,11085479
2020-08-11,4572.06591796875,4616.454541223886,4527.676817211212,4616.454541223886,6208037
2020-08-12,4749.6220703125,4794.011173189819,4549.871346115778,4572.066136305649,14813355
2020-08-13,4749.6220703125,4838.399798564713,4727.427280122628,4794.011173189819,9943623
2020-08-14,4594.26025390625,4727.4270793810965,4572.065942161244,4727.4270793810965,11065586
2020-08-17,4816.20556640625,4838.399879464796,4594.260525811066,4616.454838869611,20886762
2020-08-18,4749.6220703125,4838.399798564713,4705.232967435181,4816.205485877266,7454583
2020-08-19,4749.6220703125,4771.816382999947,4705.232967435181,4727.427280122628,6239497
2020-08-20,4638.6494140625,4749.621929207743,4616.454624532005,4705.232827649164,11150008
2020-08-21,4638.6494140625,4705.232827649164,4616.454624532005,4660.843726090585,7937278
2020-08-24,4771.81640625,4860.594612437198,4683.038677565229,4705.232990360815,18041088
2020-08-25,4749.6220703125,4838.399798564713,4727.427280122628,4838.399798564713,10443876
2020-08-26,5060.3447265625,5060.3447265625,4771.816280321999,4794.011070034293,38200592
2020-08-27,5038.150390625,5104.733804443471,4993.761288911882,5038.150390625,13000683
2020-08-28,4949.3720703125,5060.34458322332,4949.3720703125,5038.150271642116,12318521
2020-08-31,4993.76123046875,5082.538955353588,4927.17781742952,4971.566918623142,19310150
2020-09-01,5082.5390625,5171.317266758802,4971.5670234301215,5015.955648057106,14401996
2020-09-02,5082.5390625,5082.5390625,5082.5390625,5082.5390625,0
2020-09-03,5015.95556640625,5126.928081172109,4993.761254454042,5082.538979765284,12445154
2020-09-04,4971.56689453125,4993.761206269306,4882.788692574219,4904.983004312275,12475645
2020-09-07,4794.01123046875,4949.372376141987,4794.01123046875,4904.983272734306,20038224
2020-09-08,4882.78857421875,4882.78857421875,4771.8160632135605,4838.399474316196,8161530
2020-09-09,4838.39990234375,4838.39990234375,4749.62217218734,4771.816485350833,10849221
2020-09-10,4816.20556640625,4904.983296142865,4816.20556640625,4882.788983084319,4595558
2020-09-11,4816.20556640625,4816.20556640625,4816.20556640625,4816.20556640625,0
2020-09-14,4949.3720703125,4949.3720703125,4816.205245820476,4860.594346485284,10498733
2020-09-15,4927.177734375,4993.761146291873,4882.788633929618,4949.372045846491,9723579
2020-09-16,5038.150390625,5104.733804443471,4949.372187198764,4971.566976806528,20405147
2020-09-17,4971.56689453125,5082.538930723933,4949.37210529079,5082.538930723933,11354255
2020-09-18,4993.76123046875,5015.955542314357,4971.566918623142,5015.955542314357,5534401
2020-09-21,4993.76123046875,5104.7337447016025,4993.76123046875,5015.955542314357,13960455
2020-09-22,5082.5390625,5126.928164629401,4949.372233614213,4971.5670234301215,19084995
2020-09-23,5104.73388671875,5215.706404038933,5104.73388671875,5126.928199181819,17426803
2020-09-24,5060.3447265625,5126.928140694552,5060.3447265625,5082.539038772379,10904034
2020-09-25,5149.123046875,5215.706462513103,5038.150528310684,5082.53915373447,22508075
2020-09-28,5215.70654296875,5260.095646579692,5149.123126303554,5237.900856023005,15348593
2020-09-29,5104.73388671875,5348.873233822185,5104.73388671875,5260.095506467491,21288890
2020-09-30,5126.92822265625,5126.92822265625,5038.150494895072,5104.733910091561,11936353
2020-10-01,5171.3173828125,5215.706485938073,5126.928279686927,5171.3173828125,10595096
2020-10-02,5126.92822265625,5193.511637852738,4993.761392263273,5149.12301272336,24700734
2020-10-05,5459.845703125,5459.845703125,5149.122943862633,5171.317256130511,34630633
2020-10-06,5437.6513671875,5570.818195219934,5371.0674756688695,5526.429093374985,15712520
2020-10-07,5326.6787109375,5437.651223873898,5326.6787109375,5371.067334110139,19926858
2020-10-08,5371.0673828125,5415.456483890039,5282.289658159826,5371.0673828125,19948382
2020-10-09,5371.0673828125,5504.234686045117,5371.0673828125,5415.456483890039,8430394
2020-10-12,5171.3173828125,5393.262420937937,5149.123070000927,5371.0676306239375,24921461
2020-10-13,5126.92822265625,5193.511637852738,5126.92822265625,5149.12301272336,9413077
2020-10-14,5104.73388671875,5193.511614073445,5104.73388671875,5171.3173016103765,11702430
2020-10-15,5126.92822265625,5193.511637852738,5082.53912002445,5149.12301272336,10967460
2020-10-16,5126.92822265625,5193.511637852738,5104.733910091561,5149.12301272336,9933423
2020-10-19,5060.3447265625,5171.317242616725,5060.3447265625,5149.122930406846,10262166
2020-10-20,5126.92822265625,5171.31732528805,5082.53912002445,5104.733910091561,10597409
2020-10-21,5060.3447265625,5149.122930406846,5060.3447265625,5149.122930406846,9594259
2020-10-22,5060.3447265625,5060.3447265625,4993.761312430448,5038.150414352621,7095041
2020-10-23,5060.3447265625,5126.928140694552,5038.150414352621,5104.733828484673,5201802
2020-10-26,4882.78857421875,5060.344496326574,4882.78857421875,5060.344496326574,16960367
2020-10-27,4794.01123046875,4927.178063189362,4771.816440013695,4904.983272734306,12295786
2020-10-28,4771.81640625,4882.788925232784,4749.622093454414,4749.622093454414,9497213
2020-10-29,4771.81640625,4794.011196548013,4683.038677565229,4771.81640625,5321121
2020-10-30,4816.20556640625,4882.788983084319,4727.427359167204,4882.788983084319,5982221
2020-11-02,4771.81640625,4838.399822139185,4749.622093454414,4816.205509343599,2969575
2020-11-03,4838.39990234375,4882.789006173172,4794.011276016762,4882.789006173172,4896169
2020-11-04,4971.56689453125,5015.955518007361,4838.399591595703,4860.594380836163,8434623
2020-11-05,4882.78857421875,4993.761085223939,4882.78857421875,4993.761085223939,4292150
2020-11-06,4882.78857421875,4927.177674121304,4816.205163116115,4882.78857421875,3283426
2020-11-09,5038.150390625,5038.150390625,4882.788773380292,4904.9830854856455,8694829
2020-11-10,5171.3173828125,5260.095589063646,5149.123070000927,5237.900798749646,20979798
2020-11-11,5348.873046875,5415.456459439485,5215.70622174603,5215.70622174603,29148885
2020-11-12,5282.28955078125,5371.067273629247,5260.0952394448495,5348.872962292847,11306713
2020-11-13,5260.09521484375,5326.67862604394,5215.706114876159,5260.09521484375,11003371
2020-11-16,5171.3173828125,5326.679005000791,5149.123070000927,5326.679005000791,18039435
2020-11-17,5459.845703125,5459.845703125,5193.511568398389,5237.90067043656,37967990
2020-11-18,5570.818359375,5615.207462527961,5393.262424265583,5459.845840243811,27981054
2020-11-19,5637.40185546875,5770.568689317696,5548.624125403598,5593.012751684957,23887005
2020-11-20,5615.20751953125,5659.596145632399,5482.040208720507,5593.012728978243,19734111
2020-11-23,5593.0126953125,5659.596111565873,5548.624069478537,5659.596111565873,15445749
2020-11-24,5770.568359375,5814.957460620766,5593.012431894342,5615.207221268429,32168889
2020-11-25,5881.541015625,5992.513532665323,5859.346703217903,5948.12443034871,24802450
2020-11-26,5881.541015625,5970.319220258226,5837.151913308388,5859.346703217903,14198586
2020-11-27,5859.3466796875,5881.540992005467,5770.568475410797,5881.540992005467,15849706
2020-11-30,5748.3740234375,5859.3465373361205,5726.179711658738,5814.957436276191,20150603
2020-12-01,5837.15185546875,5837.15185546875,5615.207301089746,5637.401613276922,19930361
2020-12-02,5770.568359375,5903.735663112299,5748.374047503321,5814.957460620766,17599590
2020-12-03,5881.541015625,5948.12443034871,5792.763288494193,5814.95760090129,16738715
2020-12-04,5992.513671875,6103.486191493281,5925.930255604518,5948.124568527202,24546497
2020-12-07,6014.70849609375,6059.097122188516,5970.319392496552,6059.097122188516,12617435
2020-12-08,5948.12451171875,6036.902717566457,5948.12451171875,5992.513614642604,14783217
2020-12-09,5992.513671875,6103.486191493281,5948.124568527202,5948.124568527202,17821639
2020-12-10,5837.15185546875,6059.096887350169,5814.957543281574,6059.096887350169,17462493
2020-12-11,6014.70849609375,6014.70849609375,5903.735975851971,5992.513705543935,11922958
2020-12-14,6125.68017578125,6192.264065982024,6014.708139618903,6036.902451350892,25798110
2020-12-15,6059.0966796875,6147.874880398348,6014.708056834473,6081.29146861641,15391730
2020-12-16,6303.236328125,6325.431118155109,6103.4860828685405,6125.680395396229,26153621
2020-12-17,6303.236328125,6458.597948326083,6236.652913039513,6303.236328125,24342624
2020-12-18,6369.8203125,6392.014625347501,6303.23641895264,6347.625522150071,12134983
2020-12-21,6525.18115234375,6636.153666397444,6347.62522535832,6436.403427602238,31195899
2020-12-22,6525.18115234375,6525.18115234375,6525.18115234375,6525.18115234375,0
2020-12-23,6436.4033203125,6502.986732134343,6392.014219930473,6458.597631752316,16131722
2020-12-24,6347.62548828125,6547.376212852671,6081.291825522589,6502.987109892086,18105594
2020-12-25,6392.0146484375,6414.208961365174,6170.069609151036,6347.625545079721,12791346
2020-12-28,6835.904296875,6835.904296875,6414.208557764098,6480.792447362324,43328833
2020-12-29,7013.46044921875,7146.627277731679,6835.904518700707,6924.682245208521,26781874
2020-12-30,7057.84912109375,7146.627325699859,6946.8770815897415,7013.460496293114,15418123
2020-12-31,7191.01611328125,7279.793836499499,6946.876777553069,7057.848812200281,26524730
2021-01-01,7191.01611328125,7191.01611328125,7191.01611328125,7191.01611328125,0
2021-01-04,7679.294921875,7679.294921875,7279.793966502571,7457.349893612271,2342138
2021-01-05,7723.68408203125,7990.0182134816,7546.128153565153,7546.128153565153,2205547
2021-01-06,7790.267578125,8100.990814362337,7745.878476162178,7990.018298206491,2800092
2021-01-07,8322.935546875,8322.935546875,7790.26729751312,7901.239809671645,3194664
2021-01-08,8722.4365234375,8899.992935189159,8433.908548097115,8433.908548097115,2680223
2021-01-11,9321.6875,9321.6875,8966.575640714516,9077.548156429031,2314710
2021-01-12,9499.244140625,9765.577802884063,9099.742692231555,9299.493416428277,2491220
2021-01-13,9321.6875,9721.188938574183,9166.326360001607,9676.799359285484,2875922
2021-01-14,9477.0498046875,9521.438429953496,9144.132250177992,9232.909500709984,2915842
2021-01-15,10120.689453125,10120.689453125,9521.43824843412,9721.18896833269,2153422
2021-01-18,10276.05078125,10608.968335492083,9987.522807243102,10120.689637938967,2132030
2021-01-19,9565.8271484375,10387.02340889482,9565.8271484375,10209.46795109573,3047190
2021-01-20,9477.0498046875,9743.383466293168,8899.992901205324,9588.022322857336,4045141
2021-01-21,9854.35546875,9920.938403164477,9299.492906938724,9676.799066968471,2628604
2021-01-22,9454.8544921875,9898.744562760638,9432.660179659812,9854.35593770526,2554647
2021-01-25,9232.9091796875,9543.632410760358,9099.742353514794,9188.52055596487,2444229
2021-01-26,8589.26953125,9388.27145915754,8589.26953125,9321.687567246565,3318609
2021-01-27,8100.99072265625,8833.40874799071,8012.212519735607,8456.102579334001,2974113
2021-01-28,7546.12841796875,7812.462081248573,7546.12841796875,7546.12841796875,2207970
2021-01-29,7856.85107421875,7990.018381495366,7124.433032958247,7124.433032958247,2340464
2021-02-01,7324.18310546875,7945.629092312298,7324.18310546875,7679.294961521518,2061818
2021-02-02,7768.0732421875,7768.0732421875,7191.016350939175,7457.350006898456,2018660
2021-02-03,8300.740234375,8300.740234375,8012.212277366881,8078.79616629441,1698442
2021-02-04,8700.2421875,8877.797643772938,8522.685776222213,8567.075356544085,2581414
2021-02-05,8855.603515625,9077.548556844136,8789.020576262179,8877.79782874594,2069859
2021-02-08,9010.96484375,9454.853933068627,8655.85204428744,8899.992332669146,3269084
2021-02-09,9010.96484375,9010.96484375,9010.96484375,9010.96484375,0
2021-02-10,9010.96484375,9010.96484375,9010.96484375,9010.96484375,0
2021-02-11,9010.96484375,9010.96484375,9010.96484375,9010.96484375,0
2021-02-12,9010.96484375,9010.96484375,9010.96484375,9010.96484375,0
2021-02-15,9010.96484375,9010.96484375,9010.96484375,9010.96484375,0
2021-02-16,9010.96484375,9010.96484375,9010.96484375,9010.96484375,0
2021-02-17,10054.1064453125,10054.1064453125,9987.522554149446,10054.1064453125,2101341
2021-02-18,10387.0234375,10742.13530908099,10120.689772565473,10742.13530908099,6253530
2021-02-19,10054.1064453125,10453.606927276356,9898.744350933648,10098.495069417988,4292767
2021-02-22,10342.634765625,10431.412971876143,10009.717208436845,10120.689727499564,2724791
2021-02-23,10520.1904296875,10830.91269695346,10520.1904296875,10742.134497018276,2586437
2021-02-24,10520.1904296875,10520.1904296875,10520.1904296875,10520.1904296875,0
2021-02-25,10520.1904296875,10520.1904296875,10520.1904296875,10520.1904296875,0
2021-02-26,10387.0234375,10409.21870541526,10098.495459655072,10120.689772565473,2515498
2021-03-01,10830.9130859375,10919.691289061086,10409.21829235891,10564.579431571568,3209116
2021-03-02,10631.162109375,10808.71851130841,10564.579174903569,10653.357375870271,2555903
2021-03-03,10453.607421875,10542.38562929122,10387.023527561618,10475.801734977838,1903615
2021-03-04,10742.134765625,10742.134765625,9943.133811243724,10653.357518474731,2935956
2021-03-05,11208.2197265625,11230.414994529929,10830.913541184294,11097.248161749669,3500011
2021-03-08,11407.9697265625,11674.303375157908,11163.83038951591,11674.303375157908,2999867
2021-03-09,10875.302734375,11141.636390439868,10875.302734375,11097.247766097333,2121940
2021-03-10,10586.7734375,10786.524150001356,10475.800925555332,10742.134572220615,2574871
2021-03-11,10719.9404296875,10875.302521860089,10653.357494474796,10742.134741425069,1168711
2021-03-12,10653.357421875,10919.691070920437,10608.96784369756,10875.302447747796,1421823
2021-03-15,10631.162109375,10786.524199817934,10608.967797884525,10653.357375870271,1553479
2021-03-16,10453.607421875,10608.968568599736,10387.023527561618,10586.7742554969,2161221
2021-03-17,10742.134765625,10830.912967780076,10342.63428843436,10431.41249058944,1821484
2021-03-18,10608.9677734375,10853.107109279752,10586.773461998167,10742.134597078291,1014562
2021-03-19,10342.634765625,10431.412971876143,10165.078353122708,10209.467933750708,3068471
2021-03-22,10409.21875,10542.385583037643,10320.440542973283,10497.996002021851,1048666
2021-03-23,10253.8564453125,10431.412855839695,10165.0782400489,10409.218543275008,1114339
2021-03-24,9698.994140625,10076.30128530982,9565.82730632648,9965.32876422691,2788107
2021-03-25,9632.4111328125,9943.13438064673,9632.4111328125,9943.13438064673,1521138
2021-03-26,9676.7998046875,9765.578012346345,8966.57605342648,9543.632970701668,1877222
2021-03-29,9743.3828125,9943.133522803151,9632.41030177656,9854.35532322344,1244013
2021-03-30,10009.716796875,10076.300687576892,9721.188832178026,9854.355658577,1335330
2021-03-31,10031.9111328125,10142.88364757836,9876.549994142224,9987.522508908083,1057103
2021-04-01,10298.24609375,10364.829031885678,9965.328538057054,10031.911476192734,1509219
2021-04-02,10231.662109375,10431.412832010585,10209.46779686101,10431.412832010585,1265933
2021-04-05,10165.078125,10364.828845831098,10054.106563432537,10231.66201694531,1156815
2021-04-06,10209.4677734375,10209.4677734375,9920.938846403087,10076.300943654249,1737150
2021-04-07,10209.4677734375,10298.245978294615,10165.078193506524,10298.245978294615,1272256
2021-04-08,10165.078125,10253.856329258802,10098.495188059522,10231.66201694531,817320
2021-04-09,10031.9111328125,10165.077959530568,10031.9111328125,10031.9111328125,2165120
2021-04-12,9876.5498046875,9987.522317324654,9832.161181634558,9987.522317324654,1930338
2021-04-13,9721.1884765625,10009.716430704691,9632.410277209216,9965.32780853044,1135819
2021-04-14,9943.1337890625,10009.716724276666,9565.82666949632,9676.799183191406,1225661
2021-04-15,9898.744140625,10209.467367776257,9876.549829043795,10165.077789609048,1256879
2021-04-16,9698.994140625,9920.939182790822,9588.022574546962,9876.550556359609,1111189
2021-04-19,9698.994140625,9787.772348492304,9521.438679895266,9698.994140625,1008437
2021-04-20,9698.994140625,9943.1344510113,9588.022574546962,9765.578035276696,1317794
2021-04-21,9698.994140625,9698.994140625,9698.994140625,9698.994140625,0
2021-04-22,9033.1591796875,9698.993292990115,9033.1591796875,9676.79898171416,1343988
2021-04-23,9099.7421875,9210.71469978682,8744.630339183137,9055.35356458719,1278535
2021-04-26,8500.4912109375,9077.548097933472,8478.296898938583,9077.548097933472,1854046
2021-04-27,8300.740234375,8655.85208031065,8300.740234375,8522.68525746038,951598
2021-04-28,8500.4912109375,8655.852349934747,8345.130071940253,8345.130071940253,827542
2021-04-29,8500.4912109375,8722.436240936322,8500.4912109375,8655.852349934747,793086
2021-04-30,8500.4912109375,8500.4912109375,8500.4912109375,8500.4912109375,0
2021-05-03,8500.4912109375,8500.4912109375,8500.4912109375,8500.4912109375,0
2021-05-04,8234.1572265625,8433.907936547823,7990.017894360341,8078.796093798794,1141459
2021-05-05,8789.0205078125,8789.0205078125,8478.297261524678,8611.46409421807,1050538
2021-05-06,8922.1875,9232.909796837472,8877.797918305449,8944.381813344837,1626798
2021-05-07,8655.8525390625,9010.965358823576,8633.658226578642,8877.797573910751,1062281
2021-05-10,8966.5751953125,9055.353394475143,8611.463353666697,8655.85197574563,1148818
2021-05-11,9121.9375,9410.465460399066,8833.408584596134,8966.575409011457,1672115
2021-05-12,9366.0771484375,9454.854397660683,9188.520739981464,9188.520739981464,1132030
2021-05-13,9188.5205078125,9565.826672492034,9188.5205078125,9499.243737257017,1241127
2021-05-14,8922.1875,9188.521170147798,8899.993186655163,9188.521170147798,1300588
2021-05-17,8789.0205078125,9188.521005892677,8789.0205078125,9099.742799095462,977682
2021-05-18,9232.9091796875,9232.9091796875,8722.43618685799,8877.797324892012,1276376
2021-05-19,8877.7978515625,9099.74289335205,8877.7978515625,9099.74289335205,744222
2021-05-20,8589.26953125,8811.21456428014,8522.685639339024,8744.630672369165,1042211
2021-05-21,8655.8525390625,8877.797573910751,8322.93594179496,8345.130254278818,1143001
2021-05-24,8922.1875,9055.3543350739,8789.020664926102,8922.1875,1221453
2021-05-25,9144.1318359375,9299.49297233528,9099.74225767756,9188.520459192636,1496089
2021-05-26,9010.96484375,9121.937354830854,8944.380955099574,9099.742088610854,1032803
2021-05-27,8744.630859375,9077.548416039725,8655.852653263437,9010.965477709691,1053072
2021-05-28,9166.326171875,9277.298685311953,8744.630429813618,8966.575456687524,2111718
2021-05-31,9676.7998046875,9676.7998046875,9077.548574248818,9321.68792905699,2167015
2021-06-01,9943.1337890625,10253.856063404895,9898.74421058158,10076.300614495643,2172919
2021-06-02,10031.9111328125,10209.467538439802,9898.744306094432,9943.133885003666,2946773
2021-06-03,10076.30078125,10320.440124418532,10031.91120203447,10253.85623309765,2691282
2021-06-04,10764.330078125,10764.330078125,9920.938586577751,10076.30067976004,5345377
2021-06-07,11274.8037109375,11496.748752354031,10875.30320939066,11319.19233721886,35888173
2021-06-08,11274.8037109375,11274.8037109375,11274.8037109375,11274.8037109375,0
2021-06-09,10586.7734375,10830.912772777305,10031.910877776672,10520.190503336076,35459894
2021-06-10,9854.35546875,10520.190542923528,9854.35546875,10409.218030561273,41017384
2021-06-11,9987.5224609375,10098.494975170352,9565.826715851696,9854.35563485904,31575864
2021-06-14,10165.078125,10409.218425462916,10076.30087574603,10120.689500373015,17410500
2021-06-15,9965.328125,10253.856088304992,9898.744234619337,10165.077886132376,16266000
2021-06-16,10165.078125,10453.6070500899,10120.689500373015,10209.467704631816,30990946
2021-06-17,10475.8017578125,10631.162904875886,9809.966633246784,10031.91167476869,26396423
2021-06-18,10276.05078125,10475.80150479622,10276.05078125,10475.80150479622,16413386
2021-06-21,10320.4404296875,10564.579780077447,10253.856536397128,10342.634742449342,15905796
2021-06-22,10586.7734375,10964.079596109945,10497.995236943309,10586.7734375,30400300
2021-06-23,10409.21875,10608.968522054034,10253.85664895203,10608.968522054034,14648719
2021-06-24,10209.4677734375,10497.995745467071,10120.689568580388,10431.412808077866,16595140
2021-06-25,10209.4677734375,10387.02322814689,10009.717051260202,10298.245978294615,19916944
2021-06-28,10209.4677734375,10475.801433004004,10209.4677734375,10431.412808077866,11566170
2021-06-29,9832.1611328125,10142.883402649786,9765.577243558912,10120.689091233522,24989536
2021-06-30,9765.5771484375,9965.327859247796,9743.38283723742,9809.965770837662,13114274
2021-07-01,9876.5498046875,10120.68914148828,9543.632266776038,10120.68914148828,14299090
2021-07-02,9876.5498046875,10120.68914148828,9876.5498046875,10076.300518435335,11480249
2021-07-05,9876.5498046875,9876.5498046875,9876.5498046875,9876.5498046875,0
2021-07-06,9876.5498046875,9876.5498046875,9876.5498046875,9876.5498046875,0
2021-07-07,9876.5498046875,9876.5498046875,9876.5498046875,9876.5498046875,0
2021-07-08,9876.5498046875,9876.5498046875,9876.5498046875,9876.5498046875,0
2021-07-09,8211.962890625,8722.435864594308,8123.184691454971,8589.269043341652,14932035
2021-07-12,8211.962890625,8211.962890625,8211.962890625,8211.962890625,0
2021-07-13,8589.26953125,8678.047735463022,8411.713122823956,8567.075218947954,10000220
2021-07-14,8589.26953125,8589.26953125,8589.26953125,8589.26953125,0
2021-07-15,8611.4638671875,8655.852491913425,8345.130208822271,8456.102725641922,9814721
2021-07-16,8611.4638671875,8611.4638671875,8611.4638671875,8611.4638671875,0
2021-07-19,7923.4345703125,8300.740751040512,7923.4345703125,8123.185294523444,21754093
2021-07-20,7856.85107421875,7879.045864182729,7390.766692506641,7768.073346870092,15250160
2021-07-21,7768.0732421875,8078.796477476544,7768.0732421875,7856.850968339789,8112842
2021-07-22,7945.62939453125,8123.185329311128,7856.851188390097,7945.62939453125,11779868
2021-07-23,7634.90576171875,8100.990603969978,7634.90576171875,7945.628989886236,9283558
2021-07-26,7723.68408203125,7812.461807513094,7568.322465560012,7634.905879046997,7024520
2021-07-27,7990.01806640625,8189.767825687925,7768.073040533454,7901.239865056172,11871516
2021-07-28,7923.4345703125,8145.379607212471,7923.4345703125,7990.018463384431,5384768
2021-07-29,8123.18505859375,8123.18505859375,7901.240028139948,8034.406855411265,11360402
2021-07-30,8056.60107421875,8167.5735881613955,8056.60107421875,8145.379276373828,10581172
2021-08-02,8145.37939453125,8345.130113526571,8012.212566869311,8056.601191088349,1195501362
2021-08-03,8100.99072265625,8145.379346614162,7901.240004836009,8145.379346614162,13243154
2021-08-04,8100.99072265625,8100.99072265625,8100.99072265625,8100.99072265625,0
2021-08-05,8322.935546875,8389.518481167239,8211.963034716475,8300.740280439459,11123571
2021-08-06,8256.3515625,8456.102273086028,8234.157251324837,8411.71269573092,13491221
2021-08-09,8167.57373046875,8211.963309822113,8012.212590244042,8056.60121459258,16811703
2021-08-10,8167.57373046875,8167.57373046875,8167.57373046875,8167.57373046875,0
2021-08-11,8722.4365234375,9010.965453782734,8722.4365234375,8833.409042031075,18059307
2021-08-12,8722.4365234375,8966.575873342394,8633.65831756167,8678.047898002009,12270935
2021-08-13,8655.8525390625,8655.8525390625,8367.324566762674,8589.269601610928,18087507
2021-08-16,8611.4638671875,8789.020276100875,8522.685662730812,8655.852491913425,14766584
2021-08-17,8611.4638671875,8611.4638671875,8611.4638671875,8611.4638671875,0
2021-08-18,8877.7978515625,9010.965640640126,8678.048077955802,8700.242391133783,14901412
2021-08-19,8655.8525390625,8789.020323975323,8655.8525390625,8766.825056486627,12977463
2021-08-20,8123.18505859375,8655.85236767902,8056.601167455681,8589.269431545772,24287855
2021-08-23,7634.90576171875,8167.573538931351,7634.90576171875,8034.406714003801,15250380
2021-08-24,7812.4619140625,7967.823532652621,7634.905983174825,7768.073289467393,12370073
2021-08-25,7990.01806640625,7990.01806640625,7812.461663706093,7901.239865056172,5322200
2021-08-26,7901.240234375,8123.185270621924,7812.462028875261,8012.212752498463,5602652
2021-08-27,8100.99072265625,8123.185034635206,7790.26748993641,7790.26748993641,8089709
2021-08-30,8345.1298828125,8345.1298828125,8234.157370328086,8300.740304815856,9022493
2021-08-31,8633.658203125,8789.020300099635,8367.324544032537,8522.685686002334,19782777
2021-09-01,8522.685546875,8700.241953374707,8478.296922752485,8567.075126002337,11093389
2021-09-02,8522.685546875,8522.685546875,8522.685546875,8522.685546875,0
2021-09-03,8522.685546875,8522.685546875,8522.685546875,8522.685546875,0
2021-09-06,8544.880859375,8766.824936172497,8278.546248209315,8389.518764110477,25915711
2021-09-07,8211.962890625,8544.880421259028,8211.962890625,8544.880421259028,12067811
2021-09-08,8211.962890625,8211.962890625,8211.962890625,8211.962890625,0
2021-09-09,8123.18505859375,8256.351885865068,8034.406855411265,8100.990746549334,6985526
2021-09-10,8078.79638671875,8211.963213202383,8034.406807887662,8167.573634371295,7794276
2021-09-13,8145.37939453125,8345.130113526571,8145.37939453125,8211.963285864633,10525875
2021-09-14,8123.18505859375,8322.935777003137,8123.18505859375,8322.935777003137,6132052
2021-09-15,8678.0478515625,8678.0478515625,8145.379574162881,8145.379574162881,22584434
2021-09-16,8855.603515625,9099.742869965075,8833.409202504059,8966.576036234566,22287238
2021-09-17,9033.1591796875,9232.90893617589,8855.602779470277,8922.186668302933,20695292
2021-09-20,9055.353515625,9410.465362021778,9033.1592042886,9033.1592042886,34751383
2021-09-21,9055.353515625,9055.353515625,9055.353515625,9055.353515625,0
2021-09-22,9055.353515625,9055.353515625,9055.353515625,9055.353515625,0
2021-09-23,9654.60546875,9987.523030431708,9588.02252941658,9721.189363088288,20064110
2021-09-24,9454.8544921875,9876.55025023295,9454.8544921875,9765.577732589663,2109360976
2021-09-27,9232.9091796875,9854.355641833214,9232.9091796875,9676.799236933064,20106189
2021-09-28,9876.5498046875,9876.5498046875,9277.298618448787,9388.271131085943,20007931
2021-09-29,9854.35546875,10253.855940251238,9632.41044402549,9987.522292583746,24001014
2021-09-30,10120.689453125,10276.050593598984,9832.161484386914,9876.550108806672,22543456
2021-10-01,10475.8017578125,10653.358173031971,9987.523048466255,10120.689882378423,28588267
2021-10-04,10209.4677734375,10764.330360038415,10209.4677734375,10608.968262787255,5357
2021-10-05,10653.357421875,10719.94035663396,10231.661681715728,10475.801019174844,23432840
2021-10-06,10653.357421875,10653.357421875,10653.357421875,10653.357421875,0
2021-10-07,10542.384765625,10697.74589962205,10475.800876766383,10564.57907690961,20970237
2021-10-08,10542.384765625,10542.384765625,10542.384765625,10542.384765625,0
2021-10-11,10542.384765625,10542.384765625,10542.384765625,10542.384765625,0
2021-10-12,10986.275390625,11141.636532813996,10586.773946417816,10675.552151242173,31717742
2021-10-13,10919.69140625,11052.858234862098,10875.302781714245,11008.46961032634,9426098
2021-10-14,10919.69140625,10919.69140625,10919.69140625,10919.69140625,0
2021-10-15,11030.6640625,11230.41478545407,10919.691544748275,11097.24795515297,15416492
2021-10-18,11030.6640625,11030.6640625,11030.6640625,11030.6640625,0
2021-10-19,11407.9697265625,11518.942239311387,11296.997213813616,11452.359304664937,12802979
2021-10-20,11452.359375,11652.109135170926,11141.63614639384,11585.526200115552,15940165
2021-10-21,11851.8603515625,11940.63855706224,11407.970279068652,11541.137109815838,20168095
2021-10-22,12140.3876953125,12273.555474150033,11718.692912342976,11785.275846756942,17018572
2021-10-25,12140.3876953125,12140.3876953125,12140.3876953125,12140.3876953125,0
2021-10-26,12140.3876953125,12140.3876953125,12140.3876953125,12140.3876953125,0
2021-10-27,12140.3876953125,12140.3876953125,12140.3876953125,12140.3876953125,0
2021-10-28,12428.9169921875,12628.66771159008,12340.138788563594,12451.11130434227,23812871
2021-10-29,12451.111328125,12650.862047909122,12384.528391533511,12428.917015927838,16161574
2021-11-01,12451.111328125,12451.111328125,12451.111328125,12451.111328125,0
2021-11-02,12739.640625,12517.695586515272,11985.02730315096,12206.972341635685,29084841
2021-11-03,12473.3056640625,12850.612792151707,12384.52841510488,12517.69524354614,23925889
2021-11-04,12451.111328125,12517.695219721318,12118.193780153071,12340.138812134355,15904475
2021-11-05,13094.751953125,13250.113091626536,12495.500756042138,12517.69506797024,30389505
2021-11-08,13494.2529296875,13649.614073909248,13116.94674800334,13294.502204970358,13891300
2021-11-09,13849.3642578125,13982.531084088849,13338.891264585694,13627.41922901698,15153224
2021-11-10,14071.3095703125,14248.865978930718,13760.586332733035,13938.142741351254,13377322
2021-11-11,13915.9482421875,14160.087584506073,13716.197523925097,14071.309381388912,15822520
2021-11-12,13627.4189453125,13982.530792991418,13316.69667547144,13893.753547325285,21236149
2021-11-15,13782.78125,14115.69783644507,13272.307304441594,13472.058020312485,21890463
2021-11-16,14248.8662109375,14359.838729379584,13694.003618727076,13716.197931414525,14707982
2021-11-17,14204.4765625,14515.199803650044,14160.087937337785,14271.060455248167,8783019
2021-11-18,13583.03125,14160.088161258313,13583.03125,14115.6985803893,23753167
2021-11-19,13583.03125,13583.03125,13583.03125,13583.03125,0
2021-11-22,11785.2763671875,12384.528533404608,11785.2763671875,12251.36074868647,26057589
2021-11-23,12251.3603515625,12384.528131964047,11896.24849883626,11940.638077305044,13648961
2021-11-24,12317.9443359375,12650.861879477005,12206.971821424331,12650.861879477005,9946465
2021-11-25,12317.9443359375,12606.472300668844,12206.971821424331,12340.13864783917,9164151
2021-11-26,11674.3037109375,12251.360602828225,11541.136882809617,12206.97197845387,22862903
2021-11-29,11407.9697265625,11496.74792776257,11008.46925366939,11008.46925366939,19129343
2021-11-30,12073.8046875,12184.777199186792,11629.914640752831,11674.303263425632,14758873
2021-12-01,12317.9443359375,12517.695053062163,11851.85996598316,11985.026792397995,11589963
2021-12-02,12295.75,12495.50071673419,12029.416347690956,12162.583173845478,7928003
2021-12-03,11541.13671875,12428.916833655698,11541.13671875,12428.916833655698,12024410
2021-12-06,11740.8876953125,11896.248836855651,11452.359724588814,11851.860212130416,10770417
2021-12-07,12562.083984375,12562.083984375,11896.2488809969,12118.193915456266,16877575
2021-12-08,12650.8623046875,12983.779859416756,12650.8623046875,12828.417760873528,12837347
2021-12-09,12961.5849609375,13028.16789587106,12650.861732899812,12650.861732899812,10186821
2021-12-10,12828.41796875,12983.780069810771,12695.25113570138,12784.029342735414,13990439
2021-12-13,12872.806640625,13139.14028791237,12828.417062740577,12917.195263504633,10564429
2021-12-14,12739.640625,12961.585663484726,12628.668105757635,12739.640625,10502743
2021-12-15,12384.5283203125,12806.223114647995,12340.138741168625,12650.861975156478,12248684
2021-12-16,12517.6953125,12650.862141674812,12406.72279568685,12606.472561946652,6674671
2021-12-17,12340.138671875,12828.417354682068,12340.138671875,12784.028730792268,11647243
2021-12-20,11874.0546875,12206.972242524043,11763.082169158652,12073.805411515395,18680576
2021-12-21,12162.5830078125,12295.749832149144,11896.24840413441,11940.637982249824,7611421
2021-12-22,11851.8603515625,12473.30588005098,11851.8603515625,12340.139049303796,9189266
2021-12-23,12673.056640625,12673.056640625,11763.082180360369,11985.027217254416,18452337
2021-12-24,12828.41796875,13405.47488196392,12739.640716720827,13005.974382818064,16534556
2021-12-27,13161.3349609375,13294.501788239715,12673.05627582776,12983.779509536149,12436606
2021-12-28,13161.3349609375,13605.225021948108,13139.140648887931,13361.085679393238,17275672
2021-12-29,13361.0859375,13627.419597249416,13050.362697789122,13227.919107625292,13046860
2021-12-30,13383.2802734375,13738.392138727468,13361.085960920283,13538.64237106769,10187482
2021-12-31,13161.3349609375,13605.225021948108,12917.19561838263,13494.252506695457,10254015
2022-01-03,13161.3349609375,13161.3349609375,13161.3349609375,13161.3349609375,0
2022-01-04,13804.9755859375,13982.53103535215,13205.724392280235,13361.08552989366,18190831
2022-01-05,13782.78125,14093.503524682706,13760.585983232828,14026.920589395617,13479985
2022-01-06,13760.5859375,14026.920542777636,13605.224800674983,13804.97551588201,13310568
2022-01-07,14004.7265625,14404.227047363112,13938.142670853733,14204.476327429142,21604504
2022-01-10,13050.3623046875,14115.697866600078,13050.3623046875,13849.364214873136,30418806
2022-01-11,13094.751953125,13294.501715482744,12872.806923834338,13183.529200837413,12234804
2022-01-12,14004.7265625,14004.7265625,13361.085778270462,13449.863982130542,30160605
2022-01-13,13804.9755859375,14781.532945230105,13804.9755859375,14426.421091395992,24869688
2022-01-14,13938.142578125,14137.893296730052,13538.642095919717,13716.19754745379,13190280
2022-01-17,14204.4765625,14781.533464633025,14115.698357170724,14426.421598320769,34991960
2022-01-18,15003.478515625,15070.062408440495,14182.282264259724,14293.254782282322,24501333
2022-01-19,14559.587890625,15491.756624613172,14293.254239486898,15491.756624613172,25171070
2022-01-20,14759.3388671875,14870.311382956044,14182.281976192033,14470.81089919218,15983345
2022-01-21,15025.6728515625,15425.174299066186,14382.033010035784,14559.588466144764,29511358
2022-01-24,14448.615234375,15314.201024547672,14248.86547549306,15114.450310660934,19673063
2022-01-25,14603.9775390625,14648.366162796408,14026.920655497615,14426.421134117238,17619132
2022-01-26,14426.4208984375,14825.922325535408,14426.4208984375,14737.14412451312,12057236
2022-01-27,14537.3935546875,14870.311095558867,14426.421041063712,14626.171756587491,11275804
2022-01-28,13538.642578125,14692.755441714531,13538.642578125,14448.616090281665,35672932
2022-01-31,13538.642578125,13538.642578125,13538.642578125,13538.642578125,0
2022-02-01,13538.642578125,13538.642578125,13538.642578125,13538.642578125,0
2022-02-02,13538.642578125,13538.642578125,13538.642578125,13538.642578125,0
2022-02-03,13538.642578125,13538.642578125,13538.642578125,13538.642578125,0
2022-02-04,13538.642578125,13538.642578125,13538.642578125,13538.642578125,0
2022-02-07,13849.3642578125,14337.642939160718,13849.3642578125,13982.531084088849,13988015
2022-02-08,13627.4189453125,13960.336481574885,13560.836011062898,13760.585768816494,14128352
2022-02-09,13250.11328125,13738.391970675328,13227.918969004271,13494.252625962665,23635523
2022-02-10,13627.4189453125,13694.002834566894,13361.08529830451,13405.473921137576,13024608
2022-02-11,13694.0029296875,14071.309091403777,13627.419039970604,13760.585864399594,11456236
2022-02-14,13760.5859375,14226.670302979855,13760.5859375,13982.530964395626,17006455
2022-02-15,13760.5859375,13760.5859375,13760.5859375,13760.5859375,0
2022-02-16,13804.9755859375,13982.53103535215,13250.113015882698,13449.86373210339,19148510
2022-02-17,13782.78125,14026.920589395617,13716.1973597081,13804.975561762363,8573285
2022-02-18,13694.0029296875,13849.36406568719,13583.030416829206,13716.197241258198,9311317
2022-02-21,13849.3642578125,14115.697910365196,13760.58605529333,13760.58605529333,15474433
2022-02-22,14226.6708984375,14382.032996770007,14049.115442492295,14115.69838034493,20995352
2022-02-23,14870.3115234375,15203.229073888242,14382.03283144501,14404.227143807428,45302594
2022-02-24,15802.48046875,15891.25867424974,14870.311698514855,15047.868109514337,38366858
2022-02-25,15181.0341796875,15891.257878093316,15181.0341796875,15536.146028890407,27997842
2022-02-28,15491.7568359375,15713.70186658176,15136.64497790765,15469.56252387404,20169417
2022-03-01,15491.7568359375,15669.313242454837,15225.423181166318,15536.146415069246,17746250
2022-03-02,16113.2021484375,16423.92633348268,15846.868496977077,16423.92633348268,22546761
2022-03-03,15980.0361328125,16423.92618455809,15869.063619876102,16268.564093444254,20456258
2022-03-04,15580.53515625,15980.03659641298,15580.53515625,15802.480188561694,22025292
2022-03-07,16668.06640625,16668.06640625,16024.4256060731,16246.370643719973,21323170
2022-03-08,16734.6484375,17089.76124249127,16423.926165639838,16645.87119125698,25105198
2022-03-09,17733.400390625,17888.76248412556,16779.037337713635,17178.538772423854,37317751
2022-03-10,17222.927734375,17511.45570510319,16801.23197945936,17134.150484923146,28034853
2022-03-11,16468.314453125,16978.787428637737,16135.395966479608,16867.815873095646,44539227
2022-03-14,15824.6748046875,16468.315601752798,15758.091866718236,16179.787627209627,27750215
2022-03-15,15980.0361328125,16046.61906757146,15158.838964080274,15181.034230671396,22095129
2022-03-16,15735.896484375,16024.42541182024,15602.729654402134,15758.09175187451,9223635
2022-03-17,15269.8115234375,15713.701576532536,15247.617211783709,15713.701576532536,14481505
2022-03-18,15758.091796875,15913.452939786202,15624.924011517009,15758.091796875,14559935
2022-03-21,16113.2021484375,16113.2021484375,15624.923469091784,15935.646699132152,13098632
2022-03-22,16224.17578125,16557.092371435603,16224.17578125,16512.70374741214,14027230
2022-03-23,15935.6474609375,16335.147957226303,15869.064522391796,16157.593454437754,11453592
2022-03-24,15846.869140625,16357.342152492023,15846.869140625,16246.370589046888,10628318
2022-03-25,15647.119140625,15957.84142369795,15580.535248535176,15758.091657438148,10765791
2022-03-28,15935.6474609375,16046.6199801852,15469.563071098137,15491.757383946706,13969509
2022-03-29,16224.17578125,16512.70374741214,15647.1188939209,15802.480033007836,18772444
2022-03-30,15669.3134765625,16335.147623438364,15558.340959582383,16068.81396468802,11596572
2022-03-31,15181.0341796875,15869.063566581532,15158.83891317092,15624.923274937535,12026834
2022-04-01,14781.533203125,15003.478235019218,14426.421343095217,15003.478235019218,21706506
2022-04-04,15003.478515625,15070.062408440495,14648.36664895366,14914.700310205952,9603446
2022-04-05,15114.451171875,15314.20189714344,15114.451171875,15136.645484681529,5262937
2022-04-06,15025.6728515625,15181.034950038307,14803.72781517264,14870.311708091536,6817871
2022-04-07,14737.14453125,15070.062078018327,14559.588124304964,14870.311358956367,12648102
2022-04-08,13804.9755859375,14803.727257031333,13804.9755859375,14803.727257031333,12030358
2022-04-11,13804.9755859375,13804.9755859375,13804.9755859375,13804.9755859375,0
2022-04-12,12850.6123046875,13982.5307810034,12850.6123046875,13827.16964621607,20284638
2022-04-13,13227.9189453125,13250.113257518477,12650.862052932966,13227.9189453125,9293252
2022-04-14,13449.8642578125,13716.19791984695,13272.307846452968,13361.086052132734,7022317
2022-04-15,13427.669921875,13849.364726864653,13183.5296179275,13649.614003182538,10229561
2022-04-18,12739.640625,13538.642572544044,12739.640625,13449.864366149182,11469014
2022-04-19,12850.6123046875,13449.863487444103,12784.028415490193,12917.195238880016,12963143
2022-04-20,11962.8330078125,13050.362933975506,11962.8330078125,12872.807475930766,15738583
2022-04-21,11141.63671875,11940.638665493589,11141.63671875,11629.915420925288,21747263
2022-04-22,10364.8291015625,11119.442423873646,10364.8291015625,11097.248111012554,34470050
2022-04-25,9654.60546875,10653.358153795118,9654.60546875,10653.358153795118,21595030
2022-04-26,10320.4404296875,10320.4404296875,8988.770203918868,9055.35409720924,24163822
2022-04-27,10320.4404296875,10542.385467315606,10031.911498769025,10209.467910873447,12339671
2022-04-28,10387.0234375,10813.15806539913,10387.0234375,10626.723926942046,11539916
2022-04-29,10813.1572265625,10866.42452842008,10493.556280431372,10493.556280431372,9166465
2022-05-02,10813.1572265625,10813.1572265625,10813.1572265625,10813.1572265625,0
2022-05-03,10813.1572265625,10813.1572265625,10813.1572265625,10813.1572265625,0
2022-05-04,10919.69140625,11239.292367921931,10466.923615965969,10813.157752359357,12160818
2022-05-05,10919.69140625,11399.092371255483,10786.524577637902,11186.025063474195,9563019
2022-05-06,10173.95703125,10866.425320863926,10173.95703125,10813.15801512178,10805005
2022-05-09,9481.48828125,10120.68923408454,9481.48828125,10067.422885933664,10782424
2022-05-10,10120.689453125,10120.689453125,8922.187043743237,8922.187043743237,14626982
2022-05-11,10120.689453125,10466.9235886136,10120.689453125,10387.023109653208,5398831
2022-05-12,9428.220703125,10253.855760417988,9428.220703125,10173.956240521904,10006756
2022-05-13,8789.0205078125,9641.288810053127,8789.0205078125,9641.288810053127,16653081
2022-05-16,9215.154296875,9401.588437984256,9135.254769260924,9401.588437984256,10753417
2022-05-17,9854.35546875,9854.35546875,9241.787697112848,9241.787697112848,7363978
2022-05-18,10040.7890625,10493.556855584144,10014.155887613835,10120.68954216333,13866919
2022-05-19,10733.2568359375,10733.2568359375,9721.188597713375,9747.821771349843,18781624
2022-05-20,10733.2568359375,11239.291910054351,10706.623662301032,10919.69096140236,13432913
2022-05-23,11052.8583984375,11399.092539954936,10653.357906688849,10813.15791238734,13901801
2022-05-24,10972.9580078125,11052.85848881752,10387.023375453677,10866.425306478945,14981678
2022-05-25,11718.693359375,11718.693359375,11106.12556437493,11212.658263501176,20700690
2022-05-26,11665.42578125,12038.294039467335,11558.892129617165,11878.493084515676,14510586
2022-05-27,11771.9599609375,12011.660449112424,11532.259472762576,11878.493617349117,11035594
2022-05-30,11825.2265625,12464.42750790294,11825.2265625,12038.293862635912,19557475
2022-05-31,12198.0947265625,12357.894735511274,11825.227402345452,11851.86057800277,19042505
2022-06-01,12624.228515625,12784.028513922229,11878.492961893402,12198.093913492658,18441982
2022-06-02,12624.228515625,12624.228515625,12624.228515625,12624.228515625,0
2022-06-03,12251.3603515625,12411.161306042432,12038.294003930603,12038.294003930603,12672116
2022-06-06,12038.2939453125,12730.762198007553,12011.659816358995,12650.861721156643,18365058
2022-06-07,12517.6953125,12517.6953125,11612.159728105478,12011.660215629912,17485662
2022-06-08,12863.9296875,13316.69748804393,12570.961893910751,12784.029206520232,34907251
2022-06-09,12863.9296875,13183.529701409365,12837.295557170177,13050.362869779654,11001997
2022-06-10,12144.828125,12810.662277737563,12144.828125,12677.495447190053,22344004
2022-06-13,11319.19140625,11931.760128580065,11319.19140625,11505.625531307807,24162830
2022-06-14,11825.2265625,11825.2265625,11319.191485926009,11399.091962228174,17353293
2022-06-15,11159.3916015625,11878.49303056444,11052.85795041353,11798.593508456315,11558092
2022-06-16,11186.025390625,11692.060500156464,11026.225382617877,11265.92587213099,17200914
2022-06-17,10653.357421875,11132.758372158703,10413.656946733148,10759.891072494134,26801202
2022-06-20,9907.6220703125,10387.023030407723,9907.6220703125,10200.589854262258,17956937
2022-06-21,9215.154296875,9854.35624781684,9215.154296875,9428.221613855614,17185309
2022-06-22,8575.953125,9161.88775717364,8575.953125,8922.18726923919,24104632
2022-06-23,9161.8876953125,9161.8876953125,8309.619405633957,8309.619405633957,11537346
2022-06-24,9055.353515625,9481.488113303049,9055.353515625,9481.488113303049,9716133
2022-06-27,9268.4208984375,9401.587722667207,9028.720423823068,9161.887248052775,7793028
2022-06-28,9428.220703125,9747.821647723673,9401.587529826304,9534.754351324558,9717051
2022-06-29,9268.4208984375,9508.121373051932,9188.520421897756,9428.220896512188,8200598
2022-06-30,8842.2861328125,9374.954374851412,8842.2861328125,9295.053899794382,7972579
2022-07-01,8948.8203125,9135.254447033163,8362.885688973416,8735.753003034908,11022376
2022-07-04,9108.6201171875,9215.15376958193,9002.086464793072,9215.15376958193,5092786
2022-07-05,8842.2861328125,9268.420726443632,8842.2861328125,9215.15342473735,6680105
2022-07-06,8229.71875,8682.486537848348,8229.71875,8469.419231213264,13816799
2022-07-07,7990.01806640625,8389.518539974402,7830.217590477549,8149.818064832551,9331512
2022-07-08,8256.3515625,8416.151557965952,8203.085215679612,8256.3515625,5285923
2022-07-11,8282.9853515625,8496.052664690353,8096.55216882927,8203.085825393197,7458710
2022-07-12,8282.9853515625,8282.9853515625,8282.9853515625,8282.9853515625,0
2022-07-13,8895.5537109375,9002.086407650877,8629.219104139622,8735.752755857811,8738333
2022-07-14,9108.6201171875,9374.95472567598,8922.186941750864,8922.186941750864,9838771
2022-07-15,9002.0869140625,9161.887878131778,8895.554211356135,9055.354220420548,9156367
2022-07-18,9081.9873046875,9215.154136735006,9002.086823457053,9055.35412927897,5227541
2022-07-19,9161.8876953125,9428.221356773636,9081.98721487222,9321.687701188212,11107745
2022-07-20,9215.154296875,9508.122096474564,9188.52112100364,9295.054779493948,9083482
2022-07-21,9081.9873046875,9268.42144255692,9002.086823457053,9241.788267148391,7241156
2022-07-22,9055.353515625,9321.687161671383,9055.353515625,9055.353515625,8942485
2022-07-25,8655.8525390625,9002.086678825193,8629.219364081871,8948.820328863936,8463682
2022-07-26,8842.2861328125,8922.186607869533,8655.852009347685,8895.553434518783,5805666
2022-07-27,8842.2861328125,8842.2861328125,8469.41884088765,8789.019786111,4016765
2022-07-28,9108.6201171875,9188.520595234526,8948.820116098266,9028.720594145292,8601007
2022-07-29,8975.453125,9268.42090243557,8948.819951143529,9161.88725200489,9025651
2022-08-01,9321.6875,9428.221153286127,9002.086540141616,9028.720669716768,11486124
2022-08-02,9481.48828125,9694.554628858308,9135.25415325489,9188.520501405765,19023228
2022-08-03,9481.48828125,9694.554628858308,9401.58780401888,9481.48828125,10963627
2022-08-04,9241.7880859375,9508.121744810302,9215.15395604635,9428.221265146529,15875578
2022-08-05,9872.9990234375,9872.9990234375,9257.766791468342,9374.954474465434,15871522
2022-08-08,10546.82421875,10546.82421875,9960.88959298638,9960.88959298638,15484648
2022-08-09,10400.3408203125,10605.417605457693,10253.856447346803,10546.824238273352,14207028
2022-08-10,11015.572265625,11015.572265625,10224.559888941743,10283.153256843489,26856045
2022-08-11,10956.9775390625,11308.53868852628,10839.79080757618,11132.7585912968,18663759
2022-08-12,11074.1650390625,11249.945133331808,10839.790625031952,10986.274991927849,12289347
2022-08-15,11249.9453125,11484.318775258407,10927.68084620237,11074.165215431194,13377035
2022-08-16,11279.2421875,11542.913292599978,10986.275354060954,10986.275354060954,14557018
2022-08-17,11191.3515625,11484.318380887546,10956.977152785175,11249.944926177508,18147037
2022-08-18,11132.7587890625,11542.913311555549,11132.7587890625,11308.53888941459,13767747
2022-08-19,11601.5068359375,11777.286938677436,11249.945675452782,11249.945675452782,21025060
2022-08-22,11923.7705078125,12070.253928607468,11484.319290422733,11572.210297904576,17984643
2022-08-23,12099.55078125,12363.220921541282,11865.176368208504,11894.473050463092,17239434
2022-08-24,12480.408203125,12568.29825378006,11953.0669441898,12246.034734711508,19116225
2022-08-25,12304.6279296875,12685.48576553651,12304.6279296875,12597.594761106102,14933711
2022-08-26,11777.287109375,12333.925064457437,11747.990425160391,12216.738327599,21519251
2022-08-29,12597.5947265625,12597.5947265625,11572.209864404253,11572.209864404253,31019032
2022-08-30,12656.189453125,13066.34302912543,12597.59513012008,12890.562925125245,19953729
2022-08-31,12128.84765625,12656.1889002176,12128.84765625,12451.111166171702,23304080
2022-09-01,12128.84765625,12128.84765625,12128.84765625,12128.84765625,0
2022-09-02,12128.84765625,12128.84765625,12128.84765625,12128.84765625,0
2022-09-05,12597.5947265625,12714.782413813433,11806.583328896464,11953.066744204096,24302309
2022-09-06,12421.814453125,12773.375599913372,12421.814453125,12626.89123166541,15960146
2022-09-07,11572.2099609375,12304.627998590182,11572.2099609375,12187.441265366526,20926923
2022-09-08,11249.9453125,11777.28655871124,11015.571849741593,11660.099827332037,18738697
2022-09-09,12011.66015625,12011.66015625,11132.758706039178,11337.83548825391,13891087
2022-09-12,12363.2216796875,12831.969579510582,12128.84820727839,12187.441575380666,22316866
2022-09-13,12978.4521484375,13007.748830566909,12304.627504456348,12480.407597232788,25387659
2022-09-14,13652.27734375,13681.57402706252,12831.969255994629,12890.562622619664,28621681
2022-09-15,13300.716796875,13915.94808538631,13300.716796875,13710.870352546,17722944
2022-09-16,13476.4970703125,13622.980484988551,13037.045871279524,13183.529285955574,22029798
2022-09-19,12539.0009765625,13330.01330501681,12539.0009765625,13330.01330501681,22479427
2022-09-20,12744.0791015625,12744.0791015625,11894.47338245608,12714.782418490198,16734729
2022-09-21,13095.6396484375,13095.6396484375,12304.628229339138,12509.705016326345,14813877
2022-09-22,13007.7490234375,13271.420121516505,12773.375562927104,12890.562293182304,13794118
2022-09-23,13007.7490234375,13388.6068517717,12890.562293182304,13066.3423885651,16762935
2022-09-26,12099.55078125,12831.968792619473,12099.55078125,12597.594379577977,24829879
2022-09-27,11308.5390625,12333.92490692448,11279.242378659575,12128.848120041524,17831762
2022-09-28,11455.0224609375,11865.176988964771,11015.572204127762,11308.53904200092,18454800
2022-09-29,11015.572265625,11894.473739156016,10986.275581674128,11865.177055205146,9465065
2022-09-30,11601.5068359375,11777.286938677436,10488.230941908218,10839.791147388083,20148668
2022-10-03,10810.494140625,11601.506489332209,10810.494140625,11513.615485583212,10453447
2022-10-04,10956.9775390625,11308.53868852628,10839.79080757618,11191.35195703996,13784437
2022-10-05,11718.693359375,11718.693359375,11279.24215545991,11308.538838720597,16265573
2022-10-06,11484.3193359375,12128.848299999489,11425.725967387294,11835.880502243595,16211831
2022-10-07,11718.693359375,12070.253558503206,10839.79095154482,11132.758739156492,25480289
2022-10-10,12070.25390625,12421.815070511597,11923.77048572636,11953.067169831089,14512121
2022-10-11,11249.9453125,12187.441073543274,11249.9453125,12040.956704314449,20932598
2022-10-12,11630.8037109375,12011.660606468631,11015.5723862285,11308.539228944754,13378036
2022-10-13,11484.3193359375,11718.693765143184,11249.94586173668,11601.507028042775,8404917
2022-10-14,11777.287109375,12070.253951521092,11572.210319872736,11747.990425160391,13374531
2022-10-17,12597.5947265625,12597.5947265625,11455.022177153322,11630.803230527305,22514476
2022-10-18,12363.2216796875,12919.859631663998,12246.034943482944,12831.969579510582,16104848
2022-10-19,12539.0009765625,12890.562117542726,12246.03415491631,12421.814247904023,14587393
2022-10-20,12568.2978515625,12773.37558486614,12421.81443849191,12626.891216790737,10339455
2022-10-21,11689.396484375,13007.749119490709,11689.396484375,12597.594605564,39890602
2022-10-24,10898.3837890625,11894.4728815856,10898.3837890625,11718.692790553803,17685224
2022-10-25,11103.4619140625,11601.50647813704,10224.559517459236,11015.57186540314,14362412
2022-10-26,10341.74609375,11249.945159605417,10341.74609375,11132.75842981886,10814953
2022-10-27,11044.8681640625,11044.8681640625,10283.152525503494,10488.230253579282,16772782
2022-10-28,10810.494140625,11191.35197352124,10722.604091880825,11074.165241862343,9357248
2022-10-31,10078.076171875,10693.307471698286,10078.076171875,10429.637323918949,25895536
2022-11-01,9492.1416015625,10312.449687003906,9374.95486864299,10224.559637314273,15530879
2022-11-02,10136.669921875,10136.669921875,9550.735282951786,9785.108756519126,10292723
2022-11-03,10165.9658203125,10429.63691270068,9902.295682929109,10224.559184175476,9524983
2022-11-04,9931.5927734375,10136.669555394592,9492.14157138176,10136.669555394592,9810715
2022-11-07,9580.03125,10136.669163058164,9492.141203991572,10136.669163058164,9558363
2022-11-08,9960.8896484375,10019.48301583956,9492.14175421617,9492.14175421617,7557065
2022-11-09,9931.5927734375,10107.372872257863,9609.32830392867,9990.186139710955,9418834
2022-11-10,9257.767578125,9902.29654685954,9257.767578125,9785.108853904703,9560032
2022-11-11,8613.2392578125,9462.844987718292,8613.2392578125,9316.361570494824,14715739
2022-11-14,8027.3046875,8496.05258074906,8027.3046875,8115.194738420791,8391231
2022-11-15,7470.6669921875,7470.6669921875,7470.6669921875,7470.6669921875,1306326
2022-11-16,7968.7109375,7968.7109375,6972.6223090637,6972.6223090637,29357710
2022-11-17,8144.4912109375,8232.382214584803,7675.743807341852,7968.711113652535,9314522
2022-11-18,7587.85400390625,8027.304738822233,7587.85400390625,7910.118003511951,18632215
2022-11-21,7822.2275390625,7880.820903624262,7441.3697144062435,7617.150285593931,8110839
2022-11-22,8320.2724609375,8349.56914451449,7734.337834392878,7880.821252277823,19769471
2022-11-23,7968.7109375,8496.052172702559,7910.117573033582,8378.865443769722,8001853
2022-11-24,7617.150390625,7998.007743030407,7412.07313432867,7851.524329606176,12090402
2022-11-25,7910.11767578125,7910.11767578125,7558.557006913782,7822.227627939985,7449915
2022-11-28,8378.865234375,8437.45859737712,7910.117375353253,7968.710738355375,14241410
2022-11-29,8964.80078125,8964.80078125,8203.08602549195,8378.866133358066,18884568
2022-11-30,9257.767578125,9433.548640054816,8964.800733250093,9287.065217617364,15572437
2022-12-01,8964.80078125,9609.32879843064,8730.427304095178,9462.845375208875,19446353
2022-12-02,9580.03125,9580.03125,8994.096654939029,9081.986700947456,14481412
2022-12-05,9843.703125,10224.560021291254,9755.812117004843,10224.560021291254,14174817
2022-12-06,9667.921875,10195.263137636715,9550.735139970697,9697.218558757326,20275679
2022-12-07,9726.5146484375,10019.48242312169,9550.73455662986,9667.92128450162,10429581
2022-12-08,9960.8896484375,10107.37306694265,9492.14175421617,9843.70291363338,11938190
2022-12-09,9872.9990234375,9990.1857514298,9726.514658442333,9960.889069431723,7295866
2022-12-12,9667.921875,10371.043240180672,9667.921875,9960.889667578109,14356237
2022-12-13,9960.8896484375,9960.8896484375,9521.4384379172,9785.108591226472,7869668
2022-12-14,10371.04296875,10517.527338707694,9990.18608987254,10224.559553797131,13737872
2022-12-15,10371.04296875,10605.417387679416,10195.262870806557,10546.824021698269,7793061
2022-12-16,10400.3408203125,10693.307656234205,10107.373029385952,10195.263080162464,10037866
2022-12-19,9960.8896484375,10517.52759376192,9960.8896484375,10400.3408589578,8737548
2022-12-20,10253.8564453125,10253.8564453125,9550.735084235062,9960.88960944892,14632456
2022-12-21,10312.44921875,10634.713674650531,9931.59235405503,10312.44921875,9921036
2022-12-22,10371.04296875,10605.417387679416,10195.262870806557,10605.417387679416,6010736
2022-12-23,10488.23046875,10605.41719862328,10136.66932412535,10371.042783871912,8683139
2022-12-26,10312.44921875,10810.493766048212,10224.55917305116,10634.713674650531,12093907
2022-12-27,10517.52734375,10517.52734375,9667.92162660639,10371.042973722078,10773228
2022-12-28,10722.6044921875,10781.197860204413,10341.746645072704,10517.527704128304,8069781
2022-12-29,10488.23046875,10693.307246028242,10283.152736466953,10634.713881091602,5390536
2022-12-30,10458.93359375,10605.417003395083,10371.04259295816,10546.82363953705,5146695
2023-01-02,10458.93359375,10458.93359375,10458.93359375,10458.93359375,0
2023-01-03,10869.087890625,11074.165633281416,10546.824367172549,10605.417735072991,11864420
2023-01-04,11220.6484375,11396.428531558548,10722.603882662646,10869.0872943781,10383683
2023-01-05,11132.7587890625,11249.94552263056,10986.275372102424,11191.352155846527,6130904
2023-01-06,10781.197265625,11367.131868484896,10781.197265625,11132.75840934286,8190617
2023-01-09,10927.6806640625,11132.75839556274,10722.603887567062,10898.383981706009,5929790
2023-01-10,11044.8681640625,11249.9449371335,10927.680481588568,11015.571482195212,6596388
2023-01-11,11074.1650390625,11249.945133331808,11015.571674306064,11191.351768575372,5467810
2023-01-12,11835.8798828125,11835.8798828125,11191.351907486767,11249.945272970488,16810001
2023-01-13,11689.396484375,11953.066629396217,11572.20975325446,11865.17658105581,5082939
2023-01-16,11718.693359375,11923.770142199786,11660.099992853631,11777.286725896369,5468144
2023-01-17,12275.3310546875,12304.627737371466,11689.396446003377,11718.69312868734,8014538
2023-01-18,12216.73828125,12597.595174594988,12187.44159714654,12568.298490491528,5150867
2023-01-19,12304.6279296875,12363.22129597122,12070.25350954779,12187.44119712006,5317100
2023-01-20,12304.6279296875,12304.6279296875,12304.6279296875,12304.6279296875,0
2023-01-23,12304.6279296875,12304.6279296875,12304.6279296875,12304.6279296875,0
2023-01-24,12304.6279296875,12304.6279296875,12304.6279296875,12304.6279296875,0
2023-01-25,12304.6279296875,12304.6279296875,12304.6279296875,12304.6279296875,0
2023-01-26,12304.6279296875,12304.6279296875,12304.6279296875,12304.6279296875,0
2023-01-27,12246.0341796875,12831.968779169903,12246.0341796875,12656.188685826624,6323173
2023-01-30,12040.95703125,12509.70492449906,11982.363663969474,12246.03477173669,6050959
2023-01-31,12304.6279296875,12304.6279296875,11982.36346012221,12070.25350954779,6974917
2023-02-01,11542.9130859375,12421.814525523763,11542.9130859375,12304.627794246237,11124719
2023-02-02,11513.615234375,11718.692965308432,11337.835140721883,11660.099600757396,7960963
2023-02-03,11308.5390625,11660.100223589918,11249.945694819156,11630.803539749497,4213724
2023-02-06,11337.8359375,11425.72599050312,10986.275725487516,11191.352515828132,5154706
2023-02-07,11337.8359375,11542.913682845485,11220.649200162505,11542.913682845485,4319538
2023-02-08,11425.7255859375,11601.5066407245,11132.758752967222,11396.428902640471,5508200
2023-02-09,12216.73828125,12216.73828125,11455.022584550305,11513.615952757224,10410888
2023-02-10,11894.4736328125,12216.738108395715,11777.28689805673,12216.738108395715,4822909
2023-02-13,12070.25390625,12275.331649987957,11601.506960574352,11835.880433412176,12121279
2023-02-14,12070.25390625,12304.628334092684,12011.660538040544,12216.7382817785,5062077
2023-02-15,12392.517578125,12597.594353482296,12070.253118987308,12158.144120573805,8383053
2023-02-16,12949.15625,13066.34298560985,12421.814984750825,12539.001720360671,11195485
2023-02-17,12919.859375,13007.749425407406,12773.375957654323,12949.156058469136,6465205
2023-02-20,13183.529296875,13242.123617798774,12831.969101361292,12861.265784320767,7677400
2023-02-21,13007.7490234375,13417.9035343355,13007.7490234375,13242.123438952704,10157367
2023-02-22,12480.408203125,13447.20067034034,12480.408203125,12714.782626543334,14980109
2023-02-23,12773.3759765625,12773.3759765625,11835.880194152733,12480.408186432633,11257571
2023-02-24,12187.44140625,13066.342870592109,12187.44140625,12802.67271779093,6027259
2023-02-27,12304.6279296875,12480.40802853866,11865.176727554768,12099.55114769448,7133472
2023-02-28,12421.814453125,12568.29786636815,12275.33103988185,12539.00118371952,3645429
2023-03-01,12890.5625,12949.155866067676,12363.22125038608,12421.814616453756,9508293
2023-03-02,12714.7822265625,13007.749052863232,12509.704493147176,12890.56232234294,7680904
2023-03-03,12685.4853515625,13037.04553779212,12597.594350000298,12773.375398119906,6597890
2023-03-06,12656.189453125,12890.562925125245,12509.705078119989,12861.266241125217,4794369
2023-03-07,12831.96875,12949.155478629127,12568.29765557966,12773.375385685436,4378955
2023-03-08,13271.419921875,13300.716603998091,12656.188642285308,12714.782006531488,11137070
2023-03-09,13124.935546875,13330.013276594867,13066.342182670693,13183.528911079306,6371574
2023-03-10,12831.96875,13124.935571572823,12656.188657056306,12949.155478629127,9006090
2023-03-13,12831.96875,12861.265432157285,12626.891019894229,12685.485339213588,4812227
2023-03-14,12070.25390625,12802.67291887792,12070.25390625,12802.67291887792,11364721
2023-03-15,12568.2978515625,12597.594534176618,12158.144294964848,12304.627708035438,5438436
2023-03-16,12070.25390625,12304.628334092684,11982.363853935816,12099.551545359587,8197126
2023-03-17,12187.44140625,12304.6281408283,12128.848038960848,12304.6281408283,4131442
2023-03-20,11455.0224609375,12011.66040790135,11425.725777150185,11865.176988964771,11042938
2023-03-21,11542.9130859375,11630.803134395645,11337.83535119701,11630.803134395645,4298175
2023-03-22,11572.2099609375,11806.58342738481,11572.2099609375,11718.693377467069,3600700
2023-03-23,11718.693359375,11835.880092417736,11455.022255024012,11455.022255024012,3977393
2023-03-24,11747.990234375,11865.176969330343,11718.693550636164,11835.880285591507,4914871
2023-03-27,11835.8798828125,11835.8798828125,11630.803103619482,11747.98983458692,5316933
2023-03-28,11865.1767578125,12158.144544983035,11835.880074595929,12070.253540328493,4285491
2023-03-29,11865.1767578125,12070.253540328493,11806.583391379358,11923.77012424564,2925256
2023-03-30,11777.287109375,12011.660583091872,11777.287109375,11923.770530448046,4577065
2023-03-31,11894.4736328125,11953.067000190384,11689.3968469899,11894.4736328125,5184414
2023-04-03,12392.517578125,12421.8142603189,12216.737484961604,12421.8142603189,11584862
2023-04-04,12363.2216796875,12509.705099943194,12363.2216796875,12480.408415892056,5443109
2023-04-05,12539.0009765625,12744.07870671963,12392.517565739405,12392.517565739405,5482831
2023-04-06,12304.6279296875,12568.298077964242,12304.6279296875,12539.00139482238,7373141
2023-04-07,12187.44140625,12333.924824472875,12128.848038960848,12246.034773539152,5906924
2023-04-10,12187.44140625,12451.111559051178,12128.848038960848,12421.814875406604,4393141
2023-04-11,12392.517578125,12597.594353482296,12187.440802767704,12187.440802767704,9829909
2023-04-12,12392.517578125,12685.485355068791,12304.6275315433,12539.000989094497,6191322
2023-04-13,12304.6279296875,12802.672498103952,12304.6279296875,12568.298077964242,12855639
2023-04-14,12011.66015625,12509.704725204892,12011.66015625,12421.814675684294,10429247
2023-04-17,11923.7705078125,12099.551567771325,11894.473823653503,12011.66056028948,4302848
2023-04-18,12070.25390625,12070.25390625,11953.067169831089,11982.363853935816,3725374
2023-04-19,12070.25390625,12187.441597673773,11982.363853935816,12099.551545359587,3238527
2023-04-20,12011.66015625,12070.253522597066,11894.473423555868,12070.253522597066,3413105
2023-04-21,11894.4736328125,12099.551373639944,11894.4736328125,12011.66036756827,4083709
2023-04-24,11953.06640625,11953.06640625,11806.582995083954,11894.473041783582,1872284
2023-04-25,12011.66015625,12128.847843948965,11894.473423555868,12040.956839423534,2771040
2023-04-26,12128.84765625,12128.84765625,11835.879874043638,12070.253335804877,2984172
2023-04-27,12158.14453125,12480.408046268269,12158.14453125,12246.034580800437,6418640
2023-04-28,12275.3310546875,12392.517785423364,12158.144323951636,12187.441006635603,3923985
2023-05-01,12275.3310546875,12275.3310546875,12275.3310546875,12275.3310546875,0
2023-05-02,12275.3310546875,12275.3310546875,12275.3310546875,12275.3310546875,0
2023-05-03,12275.3310546875,12275.3310546875,12275.3310546875,12275.3310546875,0
2023-05-04,11894.4736328125,12128.848057328889,11894.4736328125,12070.253734946156,5039545
2023-05-05,12040.95703125,12040.95703125,11923.770296688946,11923.770296688946,2682249
2023-05-08,12421.814453125,12568.29786636815,12128.8476266387,12216.73767458459,8704335
2023-05-09,12831.96875,13124.935571572823,12421.81424479325,12421.81424479325,18826486
2023-05-10,12802.6728515625,12949.156271315942,12773.376167611812,12831.969535513188,5953323
2023-05-11,13066.3427734375,13476.497296416705,12861.265989450316,12861.265989450316,14651984
2023-05-12,13154.232421875,13242.123424475116,12919.858961620846,13066.342374279691,6596889
2023-05-15,12802.6728515625,13242.12406582768,12802.6728515625,13212.827381876992,12297025
2023-05-16,13095.6396484375,13330.014074284874,12919.85954530561,13007.749596871554,9152295
2023-05-17,12861.265625,13242.123453760076,12831.96894240344,13124.93576836903,7350276
2023-05-18,13124.935546875,13300.716594492716,12861.26540795562,12949.15545426208,9679866
2023-05-19,13740.1669921875,13886.651359474525,13300.716755340844,13300.716755340844,19661320
2023-05-22,13828.05859375,14062.432063557268,13769.464271293336,14003.838696105451,7193056
2023-05-23,13945.2451171875,14121.025216877417,13622.980646084488,13886.651750624194,10988862
2023-05-24,13945.2451171875,13945.2451171875,13945.2451171875,13945.2451171875,0
2023-05-25,14033.134765625,14238.211542730498,13388.606796860056,13710.870303740125,16753255
2023-05-26,13974.5419921875,14121.025410605384,13915.948624820348,14121.025410605384,6744762
2023-05-29,13886.6513671875,14179.618191914658,13828.058002242067,14091.72814449651,9122086
2023-05-30,14091.728515625,14121.02519886929,13857.355049670668,13915.948416159252,8973545
2023-05-31,14179.6181640625,14296.804893723182,13945.24470474114,14062.431434401818,10988362
2023-06-01,14003.8388671875,14091.72891943896,13857.3554467684,14062.43223535514,6732579
2023-06-02,14238.2119140625,14296.805280477898,13945.24508198551,14121.025181231704,9905515
2023-06-05,14179.6181640625,14589.772672879688,14150.32148164733,14589.772672879688,8615044
2023-06-06,14179.6181640625,14443.289260803836,14033.134751986649,14179.6181640625,6215689
2023-06-07,14326.1015625,14355.399199892085,14121.02478578904,14238.21151533816,6170960
2023-06-08,13857.3544921875,14619.06918090003,13857.3544921875,14589.772498834349,10458287
2023-06-09,13828.05859375,13915.948644927725,13505.79411776016,13857.355277475908,9012433
2023-06-12,13710.8701171875,13828.0578003724,13476.496660827286,13798.761118327371,8057598
2023-06-13,13974.5419921875,13974.5419921875,13652.277516663304,13710.87088403046,6646458
2023-06-14,13710.8701171875,14150.321302867693,13710.8701171875,14062.431256732612,5707479
2023-06-15,14296.8056640625,14296.8056640625,13652.277661195543,13652.277661195543,11904977
2023-06-16,13974.5419921875,14443.289886129582,13974.5419921875,14443.289886129582,9790687
2023-06-19,14062.431640625,14296.805103383407,13945.244909245795,14003.8382749354,8190283
2023-06-20,14326.1015625,14413.992564666643,14003.838056239922,14179.6181505636,6256246
2023-06-21,14589.7734375,14824.146909104396,14326.102326940196,14413.9933337967,13409747
2023-06-22,14589.7734375,14589.7734375,14589.7734375,14589.7734375,0
2023-06-23,14150.322265625,14648.36684928112,14062.432213510072,14589.773481204502,23046553
2023-06-26,14355.3994140625,14355.3994140625,13945.244899516618,14179.618362111512,9292825
2023-06-27,14501.8828125,14824.146323219438,14355.399398536618,14472.586129707324,6946711
2023-06-28,14413.9931640625,14619.069949301434,14296.805474635408,14589.773265695872,5559272
2023-06-29,14355.3994140625,14589.772876657396,14355.3994140625,14531.179511008671,9670853
2023-06-30,14355.3994140625,14413.992779711223,14238.211727760236,14355.3994140625,4574562
2023-07-03,14560.4765625,14619.06992963229,14326.102138965996,14443.28982823542,5107974
2023-07-04,15146.4111328125,15205.004499728097,14501.883141736093,14589.77319210949,16943521
2023-07-05,14941.333984375,15175.70744632394,14941.333984375,15117.114080836704,6483397
2023-07-06,14648.3662109375,15029.224041843436,14413.992748844505,14941.333993558565,11023745
2023-07-07,14560.4765625,14677.66329676458,14413.993144669274,14531.179878933854,6527292
2023-07-10,14589.7734375,14912.037915960902,14560.47675354945,14824.146909104396,10936623
2023-07-11,14560.4765625,14765.553347463016,14531.179878933854,14648.366613198434,7929752
2023-07-12,14794.849609375,14912.037295304568,14648.366195719062,14677.66287845025,7100426
2023-07-13,14824.146484375,15029.224221157983,14706.95975193034,14912.037488713324,6300141
2023-07-14,14736.2568359375,14970.631262207742,14560.47673248846,14824.14688766202,8587839
2023-07-17,14912.037109375,15058.520521204522,14648.36601307706,14765.552742540676,9208874
2023-07-18,14853.443359375,15175.707832765916,14824.146675885357,14999.927731828056,5384027
2023-07-19,14619.0693359375,14912.037114706083,14531.179288808367,14912.037114706083,9734943
2023-07-20,14531.1796875,14648.366420220762,14384.696271599048,14648.366420220762,5413735
2023-07-21,14706.9599609375,14736.256644465013,14531.17985977242,14589.773226827449,3988242
2023-07-24,15058.5205078125,15234.3006018516,14736.25604706935,14824.1460940889,11277266
2023-07-25,15058.5205078125,15175.7072371719,14882.7394587686,15175.7072371719,6553662
2023-07-26,15175.7080078125,15292.894743122784,14941.334537191937,15058.521272502216,8535099
2023-07-27,15117.1142578125,15380.78440559184,14912.037476206346,15263.597673245466,8673292
2023-07-28,15497.9716796875,15644.455091214466,15087.81717240719,15146.41053701798,14062660
2023-07-31,15351.4873046875,15732.345129452324,15351.4873046875,15732.345129452324,8814823
2023-08-01,14941.333984375,15468.675228764932,14941.333984375,15380.784225529263,10827303
2023-08-02,15175.7080078125,15263.598059295213,14824.146846876803,14970.631221019506,9147288
2023-08-03,14765.552734375,15146.410559925938,14765.552734375,15146.410559925938,8823502
2023-08-04,15146.4111328125,15292.894550101491,14736.25660939848,14912.037665150112,8886757
2023-08-07,15175.7080078125,15263.598059295213,15058.521272502216,15263.598059295213,6005395
2023-08-08,15292.89453125,15585.862320471684,15234.30116440663,15380.784581515054,12504314
2023-08-09,15117.1142578125,15322.191039418653,15029.22420855272,15292.89435633206,5940972
2023-08-10,15029.224609375,15439.378183525909,14970.631241639156,15263.598080318376,6577028
2023-08-11,14941.333984375,15146.410763580325,14736.25625016486,15146.410763580325,7318231
2023-08-14,15029.224609375,15087.817977110844,14882.740235030538,15029.224609375,6656138
2023-08-15,14970.630859375,15146.410958094117,14970.630859375,15146.410958094117,5184915
2023-08-16,15087.8173828125,15439.37757537986,14999.92733467066,15117.114065526446,10508524
2023-08-17,14941.333984375,15175.70744632394,14941.333984375,15058.52071534947,7849473
2023-08-18,13915.9482421875,14999.927418684463,13915.9482421875,14912.037370050355,12238943
2023-08-21,14062.431640625,14384.696106922633,13769.46385717217,13798.76149502179,7114780
2023-08-22,14062.431640625,14208.915054849003,13388.606980189756,14121.025006314603,5382191
2023-08-23,14238.2119140625,14267.5085972702,13828.058349154711,14062.431814816306,3842538
2023-08-24,14355.3994140625,14355.3994140625,14062.431630814066,14121.02499646279,3914806
2023-08-25,14443.2900390625,14501.88340705007,14150.322244119789,14326.102348082502,4438037
2023-08-28,14413.9931640625,14560.47658209031,14355.399796851376,14560.47658209031,3459002
2023-08-29,14706.9599609375,14765.553327992526,14443.28980918988,14589.773226827449,7077060
2023-08-30,14706.9599609375,14765.553327992526,14531.17985977242,14706.9599609375,2505335
2023-08-31,14941.333984375,14941.333984375,14648.366201934008,14765.552932908478,7143486
2023-09-01,14941.333984375,14941.333984375,14941.333984375,14941.333984375,0
2023-09-04,14941.333984375,14941.333984375,14941.333984375,14941.333984375,0
2023-09-05,15175.7080078125,15380.784794605494,15117.11464015736,15292.894743122784,9034797
2023-09-06,15263.59765625,15410.081071519862,15146.41092403411,15322.191022357943,7113611
2023-09-07,15527.2685546875,15585.861920025434,15087.817359648176,15292.894138330948,14001741
2023-09-08,15497.9716796875,15585.86172660368,15380.783995461125,15527.268361992892,6792663
2023-09-11,15234.30078125,15937.422120691122,15234.30078125,15585.861928472968,14147278
2023-09-12,15497.9716796875,15497.9716796875,15146.41053701798,15263.59726623955,6035938
2023-09-13,15527.2685546875,15908.125429384076,15380.784186337847,15644.455285363369,11343692
2023-09-14,15703.048828125,15878.828926124888,15380.784360120382,15410.081043120364,10893229
2023-09-15,15937.421875,16523.357429673775,15820.235146067163,15878.828510533582,10629694
2023-09-18,15615.1591796875,16113.202803463071,15556.565812184492,15820.23596594803,6526958
2023-09-19,15615.1591796875,15820.23596594803,15292.894703416105,15703.049230942011,6501756
2023-09-20,15820.2353515625,15849.532034176254,15673.751938493724,15673.751938493724,5165555
2023-09-21,15527.2685546875,15937.422112053044,15527.2685546875,15937.422112053044,5754044
2023-09-22,14912.037109375,15322.190662497662,14589.77264834525,15263.597297765851,12915055
2023-09-25,14062.431640625,15263.597547271484,14062.431640625,14912.03735313387,6051794
2023-09-26,14062.431640625,14619.06956968104,13886.651543556194,14150.321689159404,5842835
2023-09-27,14765.552734375,14765.552734375,14033.134720627631,14208.914814725847,5198434
2023-09-28,15322.19140625,15322.19140625,14706.960091697349,14941.334517006122,7522683
2023-09-29,15117.1142578125,15410.081088678431,14999.927525466126,15351.487722505246,4007269
2023-10-02,15234.30078125,15527.268563103276,14882.739634027032,15117.114050510616,4606106
2023-10-03,14384.6962890625,14970.630908382478,14355.399605846742,14970.630908382478,5916271
2023-10-04,14912.037109375,15087.817203570426,14179.618140217784,14296.804869681402,6028761
2023-10-05,15146.4111328125,15410.081283932686,14794.84997631408,14824.146659771875,9221225
2023-10-06,15117.1142578125,15205.00430707228,14765.553105768551,15205.00430707228,3592856
2023-10-09,15527.2685546875,15761.64201603924,15439.377551675783,15527.2685546875,9545177
2023-10-10,15351.4873046875,15673.75176487386,15292.893940109036,15585.86171800616,9143616
2023-10-11,16288.982421875,16406.17106340795,15292.894248922048,15292.894248922048,25522514
2023-10-12,16406.171875,16757.732086961158,16171.796490349494,16171.796490349494,16261400
2023-10-13,16669.83984375,16816.324209551025,16230.388656356516,16288.982020675006,13375366
2023-10-16,16816.32421875,17519.44650096612,16640.54412569837,16962.808584631155,19723407
2023-10-17,15820.2353515625,16904.215473285876,15820.2353515625,16874.917835667307,12806904
2023-10-18,16288.982421875,16523.35779493126,15439.377663326186,16054.60895882838,22727273
2023-10-19,16288.982421875,16581.951160692915,16113.202324590036,16230.389056113345,12053184
2023-10-20,16581.951171875,16581.951171875,15615.158726146095,16406.1710744715,14764808
2023-10-23,16347.578125,16552.653955522004,15820.235909349836,16552.653955522004,10991366
2023-10-24,16171.7958984375,16347.57790799393,15849.532382601768,16288.982631468676,7281680
2023-10-25,15820.2353515625,16288.982273382582,15820.2353515625,16171.79554292756,8007695
2023-10-26,14736.2568359375,15410.081520830348,14736.2568359375,15322.191469105825,23039543
2023-10-27,15117.1142578125,15292.89435633206,14560.4763241624,14765.553105768551,12754164
2023-10-30,14355.3994140625,15585.862002695329,14355.3994140625,15234.30085379817,5384194
2023-10-31,13798.76171875,14531.179756750013,13359.31051394806,14472.586390110398,17873487
2023-11-01,14472.5859375,14472.5859375,13535.090190575404,13798.76128721255,6504593
2023-11-02,15029.224609375,15175.708028714613,14531.180028615474,14589.773396351318,7809417
2023-11-03,15087.8173828125,15146.410748240394,14736.256235240326,15146.410748240394,7083069
2023-11-06,15146.4111328125,15205.004499728097,14853.443343229676,15087.817765896903,5075762
2023-11-07,15410.0810546875,15732.345522934016,14912.03744331398,15146.410907489751,8866395
2023-11-08,16025.3134765625,16025.3134765625,15146.411066657642,15234.30111664716,8372872
2023-11-09,15908.1259765625,16083.907033627313,15703.049190825875,15849.53260920918,12746319
2023-11-10,15703.048828125,16113.202390124738,15703.048828125,15820.235560124926,9279139
2023-11-13,16025.3134765625,16083.90684322218,15673.75232159959,15761.642371589109,8085303
2023-11-14,16054.609375,16288.982844122109,15878.82927315842,16288.982844122109,6252240
2023-11-15,15790.9384765625,16288.982074928506,15790.9384765625,16230.38871041486,8406753
2023-11-16,15996.015625,15996.015625,15673.752112667557,15703.048795606868,4204544
2023-11-17,15468.67578125,15966.719405679813,15234.301355925238,15937.422721889823,14131089
2023-11-20,15644.455078125,15790.938489529406,15292.893935749624,15292.893935749624,4681044
2023-11-21,16288.982421875,16288.982421875,15703.048764258452,15878.828861543416,12309876
2023-11-22,16230.3896484375,16288.983016337506,16025.313815792337,16288.983016337506,6501756
2023-11-23,15585.8623046875,16581.95145002569,15585.8623046875,16230.389339311832,11681497
2023-11-24,15820.2353515625,15820.2353515625,15263.59742689634,15703.04862110748,6783650
2023-11-27,16025.3134765625,16142.50020988186,15644.45563826975,15908.125788238309,8210311
2023-11-28,15996.015625,16083.906628822762,15644.45542972824,16025.313262944135,4105906
2023-11-29,16728.43359375,16787.02695941939,16054.60893354722,16230.389030555383,18311600
2023-11-30,16406.171875,16904.216463616507,16406.171875,16757.732086961158,9046313
2023-12-01,16611.24609375,16787.026182624195,16318.279278959672,16523.357004317677,6583370
2023-12-04,16874.91796875,16992.104700129206,16640.54450599159,16787.026965210778,10186574
2023-12-05,16845.62109375,17460.85432636596,16816.32536458337,16874.91873292636,13136865
2023-12-06,17050.697265625,17079.994902099676,16581.950362106603,16874.9171768056,8898106
2023-12-07,16552.654296875,16933.512147141002,16230.389815110717,16757.73204163586,12820089
2023-12-08,16699.138671875,16699.138671875,16288.983182384209,16611.247664124192,6659143
2023-12-11,16669.83984375,16933.51093818801,16581.95075227706,16933.51093818801,3731550
2023-12-12,16728.43359375,16757.731231589514,16523.357768911963,16669.84022808061,3406429
2023-12-13,16113.2021484375,16757.731074779233,15849.532005392544,16728.433437213873,11678660
2023-12-14,15937.421875,16318.279699036511,15937.421875,16318.279699036511,4373614
2023-12-15,15820.2353515625,16171.79554292756,15820.2353515625,16054.60881247254,4596759
2023-12-18,15820.2353515625,16025.313084863596,15703.04862110748,15849.532034176254,2728981
2023-12-19,16113.2021484375,16113.2021484375,15820.235322831992,15820.235322831992,4448051
2023-12-20,16406.171875,16406.171875,16054.609753029108,16171.796490349494,4041650
2023-12-21,16435.466796875,16464.764434770615,16171.795695853036,16230.389061634623,3607209
2023-12-22,16288.982421875,16494.060157045613,16230.389056113345,16464.764429169605,2985173
2023-12-25,16581.951171875,16581.951171875,16288.98243285952,16347.57770867033,4396146
2023-12-26,16464.763671875,16787.026213736855,16464.763671875,16640.543761074983,3250544
2023-12-27,16581.951171875,16640.544537676167,16435.46680236726,16640.544537676167,3384732
2023-12-28,16406.171875,16581.95198098058,16288.98322766988,16552.654341645615,4902520
2023-12-29,16581.951171875,16581.951171875,16318.280070764926,16347.57770867033,5449952
2024-01-01,16581.951171875,16581.951171875,16581.951171875,16581.951171875,0
2024-01-02,16406.171875,16699.138718300965,16406.171875,16699.138718300965,4662017
2024-01-03,16523.357421875,16523.357421875,16318.279691334532,16376.873055773294,4941241
2024-01-04,16464.763671875,16728.432850670197,16464.763671875,16611.246124536876,7181206
2024-01-05,16288.982421875,16523.35779493126,16288.982421875,16523.35779493126,4662017
2024-01-08,16025.3134765625,16406.17131485525,15996.015838227826,16318.280309860897,8698494
2024-01-09,15673.751953125,16025.313099823052,15527.268539919483,15966.718779536031,16604547
2024-01-10,15790.9384765625,15849.531841076148,15644.45506527838,15761.641794305677,7478121
2024-01-11,15820.2353515625,15878.82871679001,15585.86189065246,15878.82871679001,6545317
2024-01-12,15761.642578125,15937.422680407408,15615.159159556326,15908.125996693672,8973211
2024-01-15,15996.015625,16083.906628822762,15820.23552736412,15820.23552736412,10621015
2024-01-16,16113.2021484375,16113.2021484375,15908.125370513646,15996.015418195297,4038312
2024-01-17,16142.5,16347.57773564733,16083.906634102144,16171.795727944109,7690585
2024-01-18,16025.3134765625,16201.093576541538,15908.125788238309,16113.202571547185,5757549
2024-01-19,16025.3134765625,16171.795938206864,15966.719154897986,16113.202571547185,3537946
2024-01-22,15966.71875,16113.202162934544,15849.532019652364,16054.608797760728,4085878
2024-01-23,16347.578125,16406.171492293386,15996.016011229996,15996.016011229996,11679662
2024-01-24,16230.3896484375,16376.87402319237,16171.796280537495,16347.578294247223,2868844
2024-01-25,16230.3896484375,16230.3896484375,16230.3896484375,16230.3896484375,0
2024-01-26,16201.09375,16347.578123222382,16201.09375,16288.982845925677,4043653
2024-01-29,16171.7958984375,16347.57790799393,16142.50017018454,16288.982631468676,2699273
2024-01-30,16376.8740234375,16581.951766095444,16376.8740234375,16464.765030293678,9103894
2024-01-31,16142.5,16435.466829489294,16025.313268204283,16435.466829489294,6503091
2024-02-01,16142.5,16347.57773564733,16054.60899614839,16201.09336589786,3760090
2024-02-02,16142.5,16142.5,16142.5,16142.5,0
2024-02-05,16552.654296875,16669.841033878427,16230.389815110717,16288.983183612429,11221187
2024-02-06,16845.62109375,16874.91873292636,16581.951891211418,16611.24762037805,8192286
2024-02-07,16845.62109375,16992.105469612332,16757.73199624038,16845.62109375,5151535
2024-02-08,16845.62109375,16845.62109375,16845.62109375,16845.62109375,0
2024-02-09,16845.62109375,16845.62109375,16845.62109375,16845.62109375,0
2024-02-12,16845.62109375,16845.62109375,16845.62109375,16845.62109375,0
2024-02-13,16845.62109375,16845.62109375,16845.62109375,16845.62109375,0
2024-02-14,16845.62109375,16845.62109375,16845.62109375,16845.62109375,0
2024-02-15,16757.73046875,16962.8081942622,16640.54374274576,16904.21483126008,7546049
2024-02-16,16699.138671875,16904.2164166204,16640.545303377705,16816.32540886959,6954889
2024-02-19,16845.62109375,17138.589845474664,16699.138627897395,16699.138627897395,12120278
2024-02-20,16816.32421875,17050.697676152176,16757.730854399455,16962.808584631155,5454625
2024-02-21,16699.138671875,16962.809785117694,16640.545303377705,16816.32540886959,5831152
2024-02-22,17167.884765625,17490.149231329964,16728.433568756347,16728.433568756347,17413678
2024-02-23,16611.24609375,17255.774996298267,16464.763641359612,17226.47735981446,10026851
2024-02-26,16464.763671875,16669.839487603535,16171.794946532142,16640.543761074983,10154696
2024-02-27,16874.91796875,16904.21560659962,16406.171043233182,16581.95114030199,10780071
2024-02-28,18046.787109375,18046.787109375,17050.697987233045,17079.995624947634,37188824
2024-02-29,18105.380859375,18281.16095936743,17783.11638771738,18105.380859375,10619513
2024-03-01,18632.72265625,18691.31602161505,17929.600361859757,18105.38045795491,12408347
2024-03-04,18456.94140625,18867.09689061737,18251.865574076022,18749.910155086607,14785837
2024-03-05,18603.42578125,18749.91015567288,18251.865574646727,18369.052310181152,8891931
2024-03-06,18281.16015625,18691.31561488996,17871.006607619627,18574.12888670985,12207066
2024-03-07,18515.53515625,18867.097280109632,18281.16168035008,18456.94178727502,10335282
2024-03-08,18046.787109375,18749.90940441921,18046.787109375,18574.129308160565,11655294
2024-03-11,17607.3359375,18046.78713374485,17519.44684425681,18046.78713374485,14170477
2024-03-12,17753.8203125,17958.89613681271,17607.33594369695,17695.226946980707,9653996
2024-03-13,18369.052734375,18398.34846393028,17724.523764041947,17871.00814184757,12294521
2024-03-14,19277.25,19628.810198112507,18574.12960377499,18632.72297012708,27296328
2024-03-15,19218.65625,19687.40508146905,18896.39178649184,19511.62307591214,8500217
2024-03-18,18310.458984375,19482.328252414456,18017.492144867563,19335.843877655883,23844836
2024-03-19,18427.64453125,18984.28244540542,18134.67771064441,18456.940258305764,12509321
2024-03-20,18896.392578125,18896.392578125,18456.941365841896,18603.425739939496,7931755
2024-03-21,18954.986328125,19101.470705177508,18603.42611521067,18984.2839675394,14182160
2024-03-22,18720.611328125,19042.87578538744,18662.01796407816,18954.98478431238,12389487
2024-03-25,18603.42578125,19277.250465577792,18515.53477459433,18954.98598785328,12886849
2024-03-26,19160.0625,19160.0625,18603.42458694184,18632.72222394944,6787989
2024-03-27,19042.876953125,19570.21726188389,18954.98594666033,19570.21726188389,8468839
2024-03-28,18867.095703125,19101.469159435088,18837.798066081446,19101.469159435088,6458696
2024-03-29,18954.986328125,19511.624286910894,18925.690598720343,19101.470705177508,11101687
2024-04-01,19247.955078125,19453.030913943086,18925.690594684056,18984.283963490616,10949307
2024-04-02,20449.119140625,20449.119140625,18925.68971264477,19277.249909099515,25371136
2024-04-03,19863.185546875,20449.119209609547,19863.185546875,20449.119209609547,9577389
2024-04-04,19658.107421875,20185.44770792674,19658.107421875,19951.074247459303,12538529
2024-04-05,19277.25,20097.55903893884,19218.656633647915,19658.10783629338,19186657
2024-04-08,19277.25,19628.810198112507,19101.469900943743,19335.843366352085,8691317
2024-04-09,19453.029296875,19570.21602474676,19160.0624771956,19335.84256900324,7303377
2024-04-10,18632.72265625,19511.62313672577,18632.72265625,19482.32740904806,16738734
2024-04-11,18720.611328125,18896.391420265536,18398.34687086256,18515.53359895625,9452381
2024-04-12,19218.65625,19218.65625,18662.01832576212,18808.502693723003,5562943
2024-04-15,17900.302734375,19599.51415094924,17900.302734375,19482.327420152345,22348076
2024-04-16,18046.787109375,18105.380474794547,17314.36908662583,17958.896106240863,15346621
2024-04-17,17197.181640625,18163.973084847392,17197.181640625,18163.973084847392,7663547
2024-04-18,17197.181640625,17197.181640625,17197.181640625,17197.181640625,0
2024-04-19,17167.884765625,17753.82033145308,16874.917937715778,17050.69803446131,11962724
2024-04-22,17343.6640625,17431.55506182415,17079.994884546646,17314.36833606498,5155874
2024-04-23,17050.697265625,17402.2574432638,16728.432814451327,17402.2574432638,8692152
2024-04-24,17695.2265625,17724.522289618293,17079.99528291031,17109.291010028603,7337758
2024-04-25,17519.447265625,17724.523094797903,17314.369526442417,17578.040632532928,4343238
2024-04-26,17431.556640625,17665.930113370872,17285.07226515397,17285.07226515397,5207613
2024-04-29,17431.556640625,17431.556640625,17431.556640625,17431.556640625,0
2024-04-30,17431.556640625,17431.556640625,17431.556640625,17431.556640625,0
2024-05-01,17431.556640625,17431.556640625,17431.556640625,17431.556640625,0
2024-05-02,17314.369140625,17519.44687523782,17021.40231261357,17431.555871829572,4610278
2024-05-03,17460.853515625,17695.22697811454,17343.664874370592,17402.258239992978,6225370
2024-05-06,17929.6015625,18017.49257143793,17519.44797747906,17695.228085345178,6925682
2024-05-07,17900.302734375,18046.787102875933,17812.413641282143,18046.787102875933,4774174
2024-05-08,18515.53515625,18984.2840180596,17695.227990600262,17900.303827007825,16051941
2024-05-09,18574.12890625,18632.722270401693,18222.566811330245,18544.83126916936,5839330
2024-05-10,18837.798828125,19072.172293916174,18222.567525418337,18456.94099120951,12003781
2024-05-13,18808.50390625,18984.28401312929,18574.130430410944,18925.69064416953,6740590
2024-05-14,18691.31640625,18867.096505962403,18515.534396527928,18837.79886767217,4157312
2024-05-15,18691.31640625,18984.283239104006,18603.42540138896,18720.61213453057,6900647
2024-05-16,19101.470703125,19306.548448974525,18720.6128508372,18837.79958846272,16861907
2024-05-17,19101.470703125,19511.624284814312,19072.17306371375,19218.65744075052,10750029
2024-05-20,18954.986328125,19335.84418045373,18925.690598720343,19218.657442815616,9664177
2024-05-21,19277.25,19277.25,18837.79879735454,18954.985530058708,9297331
2024-05-22,19042.876953125,19599.514900708684,18984.28358548512,19453.03052660414,10879042
2024-05-23,19335.84375,19482.32812379148,18925.690177397435,19101.4702799414,10008826
2024-05-24,18574.12890625,19863.18482759685,18222.566811330245,19160.06254776694,18815638
2024-05-27,18720.611328125,18749.908965153216,18398.34687086256,18749.908965153216,6222532
2024-05-28,18808.50390625,18954.98637364454,18603.426159885952,18867.09727520977,7804410
2024-05-29,18544.83203125,18954.98559716669,18339.75429328682,18867.096502332235,9578057
2024-05-30,18749.91015625,18749.91015625,18046.787833012106,18398.3480396262,10607162
2024-05-31,18544.83203125,18749.90976921318,18456.941026405875,18720.612130928585,4446716
2024-06-03,18544.83203125,18544.83203125,18544.83203125,18544.83203125,0
2024-06-04,18896.392578125,19218.657055133903,18867.0968493113,18984.2835845855,12774192
2024-06-05,18574.12890625,19101.469183615245,18574.12890625,18896.391454079523,8203135
2024-06-06,18632.72265625,18837.798480022862,18398.347284780168,18662.018383927712,5984032
2024-06-07,18574.12890625,18837.798089927823,18544.83126916936,18691.315634553383,5357823
2024-06-10,18632.72265625,18984.282848440307,18544.83165319761,18632.72265625,8316126
2024-06-11,18808.50390625,18925.69064416953,18662.01952884572,18867.09727520977,7899043
2024-06-12,19013.578125,19218.6558539168,18925.6890340425,18954.98476102514,8339492
2024-06-13,18867.095703125,19218.65588759013,18867.095703125,19218.65588759013,6043115
2024-06-14,18281.16015625,19013.578162380458,18281.16015625,18954.984798290403,10614339
2024-06-17,18193.271484375,18456.94067385158,18163.97384665003,18427.64494613624,7221262
2024-06-18,18398.34765625,18515.53438934615,18310.45856143272,18515.53438934615,4098563
2024-06-19,18427.64453125,18515.533622426883,18281.16016594241,18515.533622426883,3902288
2024-06-20,18369.052734375,18603.4262108562,18251.8659961344,18486.2394726156,3470852
2024-06-21,18427.64453125,18544.831259492235,18222.56680182129,18515.533622426883,4948751
2024-06-24,17343.6640625,18398.34650434205,17343.6640625,18398.34650434205,11587199
2024-06-25,17519.447265625,17578.040632532928,17285.071887983613,17402.25862179947,4769000
2024-06-26,17431.556640625,17519.447647909565,17109.292160594563,17460.854279723095,4838097
2024-06-27,17431.556640625,17460.854279723095,17285.07226515397,17460.854279723095,2099268
2024-06-28,16874.91796875,17519.44690134526,16874.91796875,17460.85353565566,7444741
2024-07-01,17226.478515625,17226.478515625,16845.620675839145,16962.809319627595,2954296
2024-07-02,17431.556640625,17490.15000881147,17197.183167879128,17314.369904252064,3895612
2024-07-03,17578.041015625,17636.6343838099,17343.665632875687,17460.854279255203,2920916
2024-07-04,17519.447265625,17724.523094797903,17372.962893350345,17548.742994074124,3047594
2024-07-05,17519.447265625,17607.33636098205,17343.66525489154,17519.447265625,2477129
2024-07-08,17753.8203125,17958.89613681271,17519.446850422828,17578.04021594212,7793562
2024-07-09,17900.302734375,18017.49137518153,17665.92927278121,17812.413641282143,4856122
2024-07-10,17607.3359375,17988.19376824618,17578.04020975548,17988.19376824618,4306854
2024-07-11,17460.853515625,17753.820343736927,17460.853515625,17665.92934029853,3169597
2024-07-12,17490.1484375,17607.335163344906,17402.25743811155,17578.039436888455,2999693
2024-07-15,17431.556640625,17578.04101609603,17343.66563334044,17519.447647909565,3935502
2024-07-16,17402.2578125,17519.446450875625,17314.36872123027,17490.14881377932,3883095
2024-07-17,16699.138671875,17402.25909384254,16347.57846089123,17402.25909384254,8596685
2024-07-18,16845.62109375,16904.216372102714,16347.578417839468,16874.91873292636,5957161
2024-07-19,16435.466796875,16874.917995241725,16406.171068989028,16845.62035734611,4346242
2024-07-22,15996.015625,16435.466824094518,15908.12557618206,16435.466824094518,8264053
2024-07-23,16083.90625,16406.170709747003,16054.60861274591,16054.60861274591,5450286
2024-07-24,16171.7958984375,16347.57790799393,15820.235699343975,16083.906803668951,6030764
2024-07-25,16230.3896484375,16259.687287392358,15937.422808937472,16113.20291263749,2261995
2024-07-26,16376.8740234375,16406.171662392797,16201.093919734853,16347.578294491914,4073361
2024-07-29,16259.6865234375,16494.059984025578,16083.90642799644,16464.764256456878,3457166
2024-07-30,16054.609375,16318.280482767215,15996.016007719474,16230.38947684158,3003031
2024-07-31,16230.3896484375,16523.35839794724,16083.90718369234,16113.20291263749,3793970
2024-08-01,16318.2802734375,16757.73147740905,16054.609169052635,16347.57791170678,11211173
2024-08-02,16347.578125,16933.511797933857,15790.939225703143,16230.389480403535,6477722
2024-08-05,15205.00390625,16230.38874225521,15205.00390625,16113.20201299802,12663704
2024-08-06,15439.3779296875,15497.97225146485,14765.553256798776,15468.675568078594,7466605
2024-08-07,15556.5654296875,15556.5654296875,15117.114229215093,15468.675380593984,5390369
2024-08-08,15322.19140625,15527.269147770783,15117.114619734066,15527.269147770783,5887230
2024-08-09,15585.8623046875,15585.8623046875,15205.004465586466,15439.377932722586,6185480
2024-08-12,15732.345703125,15761.642386482525,15527.268919622342,15703.049019767475,3021724
2024-08-13,15673.751953125,15996.015462177136,15585.861905201691,15761.64200104831,4297341
2024-08-14,15644.455078125,15790.938489529406,15322.190618030503,15790.938489529406,4910531
2024-08-15,15468.67578125,15585.862516409956,15292.894723505216,15585.862516409956,4419845
2024-08-16,15937.421875,15996.015239466416,15497.971641501868,15585.861688201492,8193454
2024-08-19,16054.609375,16171.796109561054,15966.71932407921,15996.016007719474,5681276
2024-08-20,16201.09375,16230.389478638665,15878.829274916576,15996.016009490604,7336423
2024-08-21,16406.171875,16552.654341645615,16288.98322766988,16318.280867004843,8142884
2024-08-22,16288.982421875,16494.060157045613,16171.79569035169,16494.060157045613,6966406
2024-08-23,16347.578125,16347.578125,16142.500384468303,16142.500384468303,4140789
2024-08-26,16171.7958984375,16669.840468824827,16083.906803668951,16669.840468824827,8818328
2024-08-27,16054.609375,16259.68711548669,16054.609375,16230.38947684158,4825913
2024-08-28,16171.7958984375,16259.686903215716,16025.313437153363,16113.202531921914,4287494
2024-08-29,15996.015625,16230.389088514505,15966.718942060686,16171.795722635878,4872812
2024-08-30,16083.90625,16113.201977244493,15966.718565998037,16113.201977244493,2940277
2024-09-02,16083.90625,16083.90625,16083.90625,16083.90625,0
2024-09-03,16083.90625,16083.90625,16083.90625,16083.90625,0
2024-09-04,15644.455078125,15878.82853637205,15615.15839584412,15790.938489529406,8235847
2024-09-05,15380.7841796875,15790.938691880514,15292.8941317186,15673.751961255311,4843271
2024-09-06,15585.8623046875,15673.752354863544,15292.894515762511,15468.675571119438,5402386
2024-09-09,15703.048828125,15878.828926124888,15497.972047125131,15527.268730125114,3981566
2024-09-10,15615.1591796875,15820.23596594803,15410.08143842212,15820.23596594803,3927490
2024-09-11,15468.67578125,15527.26914882998,15292.894723505216,15380.784774875185,4820405
2024-09-12,15468.67578125,15644.455883989936,15322.191407295204,15644.455883989936,2667062
2024-09-13,15234.30078125,15556.565245788122,15175.707415880308,15556.565245788122,5555934
2024-09-16,14882.740234375,15410.08149897922,14706.96013117521,15234.301395779432,6004227
2024-09-17,14882.740234375,14970.631240979748,14677.66344730858,14970.631240979748,6171294
2024-09-18,14999.927734375,15263.59788582656,14999.927734375,14999.927734375,5090450
2024-09-19,15087.8173828125,15205.004113668288,14999.92733467066,15087.8173828125,3597863
2024-09-20,15849.5322265625,15878.828909531869,15175.70756326224,15175.70756326224,18387539
2024-09-23,15732.345703125,15937.422486627658,15703.049019767475,15908.125803270135,4737122
2024-09-24,16142.5,16142.5,15703.048800761237,15761.642166659094,11292287
2024-09-25,16171.7958984375,16230.389264953088,16054.609165406326,16230.389264953088,8292092
2024-09-26,16230.3896484375,16406.17166214723,15908.12612498747,16171.796280537495,9546846
2024-09-27,15966.71875,16113.202162934544,15908.125384826182,16083.906435352446,6469210
2024-09-30,16230.3896484375,16259.687287392358,15937.422808937472,16083.90718369234,7839459
2024-10-01,16054.609375,16318.280482767215,16054.609375,16259.68711548669,7081400
2024-10-02,16142.5,16318.280097693578,16142.5,16259.68673179572,6471881
2024-10-03,15966.71875,16288.982258455995,15761.64197189164,16230.38889328218,8168920
2024-10-04,16230.3896484375,16464.765030047234,15996.016176837478,16054.609544737485,15089595
2024-10-07,16376.8740234375,16523.358398194563,16230.389648680435,16406.171662392797,4801546
2024-10-08,16435.466796875,16728.433625782935,16288.982427416213,16523.3578005522,11554487
2024-10-09,16230.3896484375,16406.17166214723,16083.90718369234,16406.17166214723,8029392
2024-10-10,16025.3134765625,16288.982671526222,15996.015838227826,16230.389304866543,6830716
2024-10-11,16142.5,16259.68673179572,16025.313268204283,16171.795727944109,4156477
2024-10-14,15878.8291015625,16171.795934799162,15878.8291015625,16142.500206480332,6605234
2024-10-15,15585.8623046875,15908.125821999663,15292.894515762511,15849.532455215636,12766681
2024-10-16,15410.0810546875,15615.15879084613,15380.784371665528,15556.565424802186,2845645
2024-10-17,15556.5654296875,15556.5654296875,15146.410912246263,15468.675380593984,5703139
2024-10-18,15380.7841796875,15615.158595942714,15380.7841796875,15585.861913286411,3647766
2024-10-21,15117.1142578125,15380.78440559184,15117.1142578125,15322.191039418653,5128002
2024-10-22,14999.927734375,15205.004518837324,14941.334367385763,15146.411151848088,4426688
2024-10-23,15146.4111328125,15234.301183185897,14970.631032065708,15175.707816270298,3115355
2024-10-24,15175.7080078125,15410.081478433063,15175.7080078125,15205.004691640072,4593421
2024-10-25,15029.224609375,15322.19144805422,14999.92792550708,15322.19144805422,4626134
2024-10-28,15117.1142578125,15322.191039418653,14882.739838114923,14882.739838114923,3465511
2024-10-29,15087.8173828125,15234.300796382233,15058.520700098554,15175.70743095434,3250544
2024-10-30,14999.927734375,15234.30120233194,14999.927734375,15117.114468353471,5435432
2024-10-31,15029.224609375,15175.708028714613,14999.92792550708,15146.411344846689,3233353
2024-11-01,15087.8173828125,15322.190844524072,14970.630651956712,15058.520700098554,4701739
2024-11-04,14765.552734375,15175.70724227564,14706.959369675596,15175.70724227564,5420912
2024-11-05,14736.2568359375,14882.740255478368,14706.960152029327,14824.14688766202,3302283
2024-11-06,14853.443359375,14941.33436484877,14706.959941926783,14941.33436484877,4808555
2024-11-07,14941.333984375,15087.817398093088,14882.739663882949,14912.037301631382,4096727
2024-11-08,14941.333984375,15205.004129067558,14882.739663882949,15058.52071534947,6012739
2024-11-11,14853.443359375,15029.2244153177,14706.959941926783,14970.631048338411,4013277
2024-11-12,14179.6181640625,14912.037134451366,14121.02479923216,14882.739497031387,15506679
2024-11-13,13945.2451171875,14179.61858344072,13593.683962802834,14179.61858344072,13774924
2024-11-14,13593.68359375,13915.948056103904,13593.68359375,13886.651373617622,4272306
2024-11-15,13593.68359375,13798.761326158778,13476.496863804874,13535.090228777435,7714952
2024-11-18,13710.8701171875,13798.761118327371,13476.496660827286,13593.683389007392,3624734
2024-11-19,13535.0908203125,13886.651980517248,13535.0908203125,13857.35529675059,3878255
2024-11-20,13593.68359375,13769.463688667687,13212.82672142834,13593.68359375,6066815
2024-11-21,13828.05859375,13915.948644927725,13564.387485211975,13652.2775363897,5007000
2024-11-22,13798.76171875,14033.135185308456,13769.464080425358,13769.464080425358,4589082
2024-11-25,14003.8388671875,14033.13555127132,13769.46443951208,13886.65213085222,4184183
2024-11-26,13974.5419921875,14033.135359554655,13769.464251397612,13857.355257453191,4214725
2024-11-27,13769.4638671875,13945.24491938898,13769.4638671875,13915.94823652287,3564483
2024-11-28,13828.05859375,14062.432063557268,13740.167587567426,13886.651961201816,4836928
2024-11-29,13886.6513671875,13915.948049660215,13769.46368229183,13915.948049660215,3372715
2024-12-02,13798.76171875,13945.245135349036,13710.870713785744,13945.245135349036,4342404
2024-12-03,13622.98046875,13828.058204056844,13622.98046875,13828.058204056844,4457398
2024-12-04,13564.38671875,13828.057812389166,13535.090036679514,13710.87012910243,4232750
2024-12-05,13945.2451171875,13945.2451171875,13476.497229676224,13564.38727952118,5949317
2024-12-06,14062.431640625,14238.211737693808,13974.541592090598,14033.1349577802,6056300
2024-12-09,14121.025390625,14179.61875790925,14062.432023340752,14062.432023340752,3020890
2024-12-10,14003.8388671875,14179.61897169042,13945.24549901986,14179.61897169042,4377620
2024-12-11,13915.9482421875,14091.728339455714,13886.651559309465,14003.838290821606,2998024
2024-12-12,14033.134765625,14121.024812955928,13945.244718294072,13974.541400737717,3529601
2024-12-13,13828.05859375,14003.838696105451,13652.2775363897,13652.2775363897,2621832
2024-12-16,14003.8388671875,14062.43223535514,13828.05876268458,13828.05876268458,3712857
2024-12-17,13740.1669921875,14033.134771756744,13681.573627274613,14003.8380893003,5268699
2024-12-18,14150.322265625,14267.50900177824,13710.871050045498,13740.167734083809,5660580
2024-12-19,14179.6181640625,14296.804893723182,13857.354657495627,13945.24470474114,7673227
2024-12-20,14003.8388671875,14179.61897169042,13974.54218310368,14179.61897169042,3886600
2024-12-23,13886.6513671875,14179.618191914658,13886.6513671875,14062.431462023796,3909799
2024-12-24,13828.05859375,13945.245328653633,13740.167587567426,13886.651961201816,4389470
2024-12-25,14033.134765625,14179.618177843213,13915.948035850428,13915.948035850428,5923948
2024-12-26,14091.728515625,14355.399619828457,14091.728515625,14121.02519886929,6327179
2024-12-27,14121.025390625,14179.61875790925,13857.355237845884,14150.322074267124,5153705
2024-12-30,13886.6513671875,14121.024826969227,13828.058002242067,14121.024826969227,3849047
2024-12-31,13710.8701171875,14003.83789264256,13710.8701171875,13915.94784650748,3475859
2025-01-01,13710.8701171875,13710.8701171875,13710.8701171875,13710.8701171875,0
2025-01-02,13740.1669921875,13857.354677018082,13710.870309731055,13769.463674643945,2700608
2025-01-03,13769.4638671875,14003.8382851212,13710.870501455278,13857.35487079065,5861694
2025-01-06,13447.2001953125,13945.244753102386,13417.903512795732,13857.35470555208,5304582
2025-01-07,12978.4521484375,13564.38674603043,12861.265419919871,13476.49669964221,9178331
2025-01-08,12978.4521484375,13124.935559084532,12714.782009272838,12978.4521484375,6409627
2025-01-09,12978.4521484375,13154.23224121394,12978.4521484375,13007.748830566909,3630408
2025-01-10,12978.4521484375,13359.309971124583,12949.155466308091,13007.748830566909,6539475
2025-01-13,13330.013671875,13388.6070378168,13154.23261904478,13154.23261904478,4284823
2025-01-14,13124.935546875,13417.903322901328,13095.638864772844,13388.606640799177,3192630
2025-01-15,13124.935546875,13212.826548186256,12949.15545426208,13124.935546875,4096727
2025-01-16,13124.935546875,13212.826548186256,12949.15545426208,13124.935546875,4096727
2025-01-17,13652.27734375,13652.27734375,13154.23277243234,13271.42046068725,6752940
2025-01-20,13740.1669921875,13828.057994561635,13593.68357990528,13652.276944818168,4536342
2025-01-21,13769.4638671875,13886.65155365676,13564.387087124727,13740.16718432139,6927017
2025-01-22,13564.38671875,13828.057812389166,13535.090036679514,13769.463493243402,4007602
2025-01-23,13798.76171875,13828.058402069808,13535.090613866902,13535.090613866902,3352019
2025-01-24,13828.05859375,13828.05859375,13622.980852663792,13798.761910024092,3653107
2025-01-27,13828.05859375,13828.05859375,13828.05859375,13828.05859375,0
2025-01-28,13828.05859375,13828.05859375,13828.05859375,13828.05859375,0
2025-01-29,13828.05859375,13828.05859375,13828.05859375,13828.05859375,0
2025-01-30,13828.05859375,13828.05859375,13828.05859375,13828.05859375,0
2025-01-31,13828.05859375,13828.05859375,13828.05859375,13828.05859375,0
2025-02-03,13710.8701171875,13769.463481277551,13447.19997878226,13769.463481277551,6533634
2025-02-04,13828.05859375,13828.05859375,13622.980852663792,13710.870903841518,4239760
2025-02-05,13857.3544921875,14121.024630778638,13857.3544921875,13915.947856318864,6689352
2025-02-06,13915.9482421875,14062.43165657768,13828.058193553392,13857.354876431427,5446614
2025-02-07,13857.3544921875,13974.541220450228,13740.166808919976,13915.947856318864,3367040
2025-02-10,13710.8701171875,13886.651164462452,13652.276753097449,13857.354482417426,4067353
2025-02-11,13622.98046875,13828.058204056844,13564.387102949424,13798.761521156555,3855556
2025-02-12,13740.1669921875,13828.057994561635,13622.980262361723,13740.1669921875,3858060
2025-02-13,13769.4638671875,13798.76150505843,13622.980452856948,13740.16718432139,3003699
2025-02-14,14208.9150390625,14443.289456565331,13798.761479690977,13828.058162503228,19518287
2025-02-17,14267.5087890625,14413.993162074956,14091.728687453366,14208.915421859454,9474913
2025-02-18,14296.8056640625,14413.993355042285,14238.212296075037,14326.102348056233,6235884
2025-02-19,14355.3994140625,14384.696096886864,14238.211727760236,14384.696096886864,7630334
2025-02-20,14267.5087890625,14531.179896481044,14208.915421859454,14384.696478473434,7497648
2025-02-21,14121.025390625,14296.805492477746,14091.728706982876,14267.50880883562,5702305
2025-02-24,14413.9931640625,14413.9931640625,14062.43200579091,14121.025373002036,6778309
2025-02-25,14413.9931640625,14589.773265695872,14355.399796851376,14501.883214879186,6701035
2025-02-26,14208.9150390625,14443.289456565331,14208.9150390625,14443.289456565331,5257350
2025-02-27,14384.6962890625,14384.6962890625,14062.431818684336,14208.915234763122,7119787
2025-02-28,14501.8828125,14765.552957634089,14472.586129707324,14589.772860878027,12383312
2025-03-03,14413.9931640625,14619.069949301434,14413.9931640625,14501.883214879186,6877448
2025-03-04,14267.5087890625,14501.883212879522,14208.915421859454,14384.696478473434,5567116
2025-03-05,13974.5419921875,14326.102196390426,13974.5419921875,14326.102196390426,7512169
2025-03-06,13886.6513671875,14003.838097078364,13769.46368229183,13974.541414605648,8770928
2025-03-07,13886.6513671875,14062.431462023796,13886.6513671875,14003.838097078364,4626301
2025-03-10,13974.5419921875,14062.432043238232,13857.355257453191,13886.651941136768,6158109
2025-03-11,13857.3544921875,13974.541220450228,13681.573444788612,13886.651174253182,4853285
2025-03-12,13886.6513671875,14091.72814449651,13798.761319769352,13886.6513671875,7122958
2025-03-13,13769.4638671875,13945.24491938898,13710.870501455278,13945.24491938898,5537241
2025-03-14,13505.7939453125,13769.464095479025,13476.497261960663,13710.870728775351,10755870
2025-03-17,13505.7939453125,13769.464095479025,13476.497261960663,13564.387312016172,6122058
2025-03-18,13740.1669921875,13945.244724387412,13535.090214992391,13593.68357990528,9621951
2025-03-19,13593.68359375,13740.167006181407,13564.38691126372,13740.167006181407,4111748
2025-03-20,13622.98046875,13740.167200351156,13476.497054248555,13593.683785849713,4401319
2025-03-21,13622.98046875,13857.354886957131,13535.090420049137,13710.870517450869,4341402
2025-03-24,13359.310546875,13622.980697403136,13300.71718009097,13593.68401401112,8697159
2025-03-25,13388.607421875,13476.497473308864,13359.310738063712,13476.497473308864,4342738
2025-03-26,13447.2001953125,13681.573655446657,13388.606830278964,13476.49687782927,6552494
2025-03-27,13359.310546875,13564.387330619104,13330.013863482984,13447.200597051044,2899053
2025-03-28,13183.529296875,13505.793764434056,13183.529296875,13417.903715555629,5706644
2025-03-31,12890.5625,13124.93596427071,12802.672450898484,12949.155866067676,8176097
2025-04-01,13007.7490234375,13242.123438952704,12890.562293182304,13007.7490234375,4285491
2025-04-02,12949.15625,13183.529721219698,12919.859566097535,13066.34298560985,3010375
2025-04-03,12070.25390625,12480.408438721051,12070.25390625,12480.408438721051,8907119
2025-04-04,11249.9453125,11367.132043879205,11249.9453125,11249.9453125,16075641
2025-04-07,11249.9453125,11249.9453125,11249.9453125,11249.9453125,0
2025-04-08,10488.23046875,10722.603928496565,10488.23046875,10488.23046875,5095123
2025-04-09,9755.8115234375,10165.966034108917,9755.8115234375,9755.8115234375,10386020
2025-04-10,10429.6376953125,10429.6376953125,10429.6376953125,10429.6376953125,2146334
2025-04-11,10546.82421875,10576.12090228794,10048.779643600195,10429.637484598245,15423729
2025-04-14,11074.1650390625,11132.758403818936,10546.823801249771,10605.417166006207,9836752
2025-04-15,10312.44921875,11044.868176249904,10312.44921875,11044.868176249904,12070374
2025-04-16,10400.3408203125,10605.417605457693,9960.889611425102,10312.449814531145,9221391
2025-04-17,10429.6376953125,10458.934379442331,10136.66989900932,10253.856635528648,5299075
2025-04-18,10517.52734375,10693.307441777715,10488.23066074538,10634.714075768476,7031830
2025-04-21,10429.6376953125,10898.38464138981,10312.450003788312,10898.38464138981,7088076
2025-04-22,9902.2958984375,10400.340457116765,9726.514848018176,10400.340457116765,16744409
2025-04-23,10253.8564453125,10283.153128898855,9990.186293035276,10136.669710967068,6050959
2025-04-24,10429.6376953125,10664.011168351157,10283.15331965848,10312.450003788312,8676296
2025-04-25,10400.3408203125,10605.417605457693,10341.746498123315,10488.23087108901,7732977
2025-04-28,10400.3408203125,10605.417605457693,10371.043181715486,10488.23087108901,4630807
2025-04-29,10253.8564453125,10429.637501835492,10224.55976172614,10429.637501835492,4757317
2025-04-30,10253.8564453125,10253.8564453125,10253.8564453125,10253.8564453125,0
2025-05-01,10253.8564453125,10253.8564453125,10253.8564453125,10253.8564453125,0
2025-05-02,10253.8564453125,10253.8564453125,10253.8564453125,10253.8564453125,0
2025-05-05,10341.74609375,10341.74609375,9843.70249215714,10253.856046410085,8423609
2025-05-06,10341.74609375,10341.74609375,9843.70249215714,10253.856046410085,8423609
2025-05-07,10576.12109375,10839.791250364737,10400.340989340177,10400.340989340177,12296023
2025-05-08,10693.3076171875,10898.384401583851,10576.120883246727,10664.010933702308,10640876
2025-05-09,10810.494140625,11074.165241862343,10576.120677307204,10751.90077479555,13707497
2025-05-12,11015.572265625,11015.572265625,10722.604471111425,10810.49452296404,9334216
2025-05-13,11015.572265625,11015.572265625,10722.604471111425,10810.49452296404,9334216
2025-05-14,10986.275390625,11308.538908480496,10956.977752178753,11308.538908480496,9535330
2025-05-15,11044.8681640625,11162.054891531645,10956.977163455856,11044.8681640625,8443971
2025-05-16,11103.4619140625,11162.055279835407,10898.3841788525,11132.758596948954,8109504
2025-05-19,10810.494140625,11044.86855894762,10781.197457710276,10927.680872283898,7039675
2025-05-20,10810.494140625,11044.86855894762,10781.197457710276,10927.680872283898,7039675
2025-05-21,10810.494140625,10898.384189369172,10722.604091880825,10810.494140625,5256348
2025-05-22,10751.900390625,10898.3837999647,10634.71366315324,10869.08711809676,8246195
2025-05-23,10605.4169921875,10693.30703788167,10429.63690079916,10429.63690079916,14989789
2025-05-26,10869.087890625,10898.384574575222,10371.043308466353,10605.417735072991,10500012
2025-05-27,10869.087890625,10898.384574575222,10371.043308466353,10605.417735072991,10500012
2025-05-28,11074.1650390625,11074.1650390625,10869.08730741017,10898.383989788388,12362616
2025-05-29,11191.3515625,11542.91269956984,11162.054880661244,11249.944926177508,18783593
2025-05-30,11015.572265625,11367.132473035464,11015.572265625,11308.53910513372,8467838
2025-06-02,11220.6484375,11308.538484529274,10722.603882662646,10927.680659064285,13924633
2025-06-03,11220.6484375,11308.538484529274,10722.603882662646,10927.680659064285,13924633
2025-06-04,11191.3515625,11455.021699048792,11162.054880661244,11367.131653532528,15129651
2025-06-05,11367.1318359375,11572.20956710439,11249.94510670202,11279.24178901089,21365369
2025-06-06,11367.1318359375,11542.91288479552,11162.055059775412,11396.42851824637,10376506
2025-06-09,11220.6484375,11513.615260930912,11191.35175515691,11484.31857858782,10136337
2025-06-10,11220.6484375,11513.615260930912,11191.35175515691,11484.31857858782,10136337
2025-06-11,11132.7587890625,11337.835572806604,11074.16542227847,11337.835572806604,9346066
2025-06-12,11132.7587890625,11220.648839238544,11015.572055494438,11220.648839238544,6612411
2025-06-13,11337.8359375,11601.507051514232,11308.539253165629,11425.72599050312,18567291
2025-06-16,12802.6728515625,12802.6728515625,12509.70505705076,12597.595108902826,34012717
2025-06-17,12802.6728515625,12802.6728515625,12509.70505705076,12597.595108902826,34012717
2025-06-18,12480.408203125,12802.672677198394,12246.034734711508,12802.672677198394,28215613
2025-06-19,12509.705078125,12802.672873130285,12451.111710124916,12744.079505130198,17170505
2025-06-20,12480.408203125,12597.594937331743,12216.73805115982,12539.001570228373,13085961
2025-06-23,12714.7822265625,13007.749052863232,12714.7822265625,13007.749052863232,22299675
2025-06-24,12714.7822265625,13007.749052863232,12714.7822265625,13007.749052863232,22299675
2025-06-25,11982.36328125,12216.737697890978,11894.473233136438,12011.65996395452,27986125
2025-06-26,11806.5830078125,12040.956465930843,11747.989643282914,11953.066419136469,11205332
2025-06-27,11718.693359375,11865.17677567842,11630.803309592948,11806.58340915705,9550184
2025-06-30,11747.990234375,11835.880285591507,11513.615809459465,11689.396866897328,8937495
2025-07-01,11747.990234375,11835.880285591507,11513.615809459465,11689.396866897328,8937495
2025-07-02,11572.2099609375,11835.880110690725,11572.2099609375,11835.880110690725,8220993
2025-07-03,11572.2099609375,11660.100010855242,11542.913277631586,11601.506644243414,6952219
2025-07-04,11660.099609375,11806.583020860857,11572.209562483486,11689.39629167217,7043180
2025-07-07,11718.693359375,11865.17677567842,11718.693359375,11835.880092417736,8493707
2025-07-08,11718.693359375,11865.17677567842,11718.693359375,11835.880092417736,8493707
2025-07-09,11923.7705078125,11923.7705078125,11777.287087017532,11806.583771176523,11305472
2025-07-10,11953.06640625,12070.253135182837,11865.176359550373,11953.06640625,12206398
2025-07-11,12128.84765625,12246.03438713062,11865.176556763792,12011.659970364566,14236069
2025-07-14,12011.66015625,12099.55116077543,11894.473423555868,12070.253522597066,7778541
2025-07-15,12011.66015625,12099.55116077543,11894.473423555868,12070.253522597066,7778541
2025-07-16,11953.06640625,12246.034183586888,11953.06640625,12011.659770716416,13297924
2025-07-17,11953.06640625,11982.363088483207,11894.473041783582,11923.76972401679,8098154
2025-07-18,11953.06640625,12158.14413688726,11923.76972401679,12011.659770716416,14823223
2025-07-21,12070.25390625,12421.815070511597,12040.957222145273,12363.22170230214,10108632
2025-07-22,12070.25390625,12421.815070511597,12040.957222145273,12363.22170230214,10108632
2025-07-23,12011.66015625,12128.847843948965,11953.066789902934,12040.956839423534,9275300
2025-07-24,12246.0341796875,12363.220908583022,12011.65976689166,12128.84745079198,19656146
2025-07-25,12451.111328125,12480.408011226222,12304.627912618897,12304.627912618897,16588858
2025-07-28,12568.2978515625,12568.2978515625,12333.924390649556,12539.001168948382,16741405
2025-07-29,12568.2978515625,12568.2978515625,12333.924390649556,12539.001168948382,16741405
2025-07-30,12421.814453125,13007.749061102411,12421.814453125,12831.968965210632,33406370
2025-07-31,12392.517578125,12744.078719456593,12363.2208959311,12744.078719456593,10899070
2025-08-01,12392.517578125,12744.078719456593,12333.9242137372,12714.782037262692,15217107
2025-08-04,12363.2216796875,12539.001783994334,12304.628311585222,12421.815047789778,11519104
2025-08-05,12363.2216796875,12539.001783994334,12304.628311585222,12421.815047789778,11519104
2025-08-06,12275.3310546875,12597.594564211122,12187.441006635603,12451.111150791294,21071458
2025-08-07,12597.5947265625,12773.375779936485,12246.034529824185,12246.034529824185,17927396
2025-08-08,12597.5947265625,12773.375779936485,12509.704677377922,12685.485730751903,10548580
2025-08-11,13476.4970703125,13945.244952280687,13417.90370444208,13769.463899664604,19414642
2025-08-12,13476.4970703125,13945.244952280687,13417.90370444208,13769.463899664604,19414642
2025-08-13,13476.4970703125,13710.870533794185,13271.420289766029,13564.387119118132,22738622
2025-08-14,13330.013671875,13535.090452671297,13037.045887161185,13505.793769700396,26677129
2025-08-15,13417.9033203125,13447.200002409,13154.232226439197,13359.3099561195,15879533
2025-08-18,13388.607421875,13652.277576176592,13300.717370441136,13476.497473308864,11292787
2025-08-19,13388.607421875,13652.277576176592,13300.717370441136,13476.497473308864,11292787
2025-08-20,13447.2001953125,13857.35470555208,13447.2001953125,13564.386925379578,14895825
2025-08-21,13007.7490234375,13476.496899463098,12656.188832671907,13476.496899463098,21243532
2025-08-22,12802.6728515625,13183.529742921448,12802.6728515625,13183.529742921448,13162401
2025-08-25,12158.14453125,12626.891462185662,12128.847848066522,12539.001412635223,9563703
2025-08-26,12158.14453125,12626.891462185662,12128.847848066522,12539.001412635223,9563703
2025-08-27,12539.0009765625,12568.29765872712,12216.73747275169,12304.627519245549,5349812
2025-08-28,12539.0009765625,12773.37538888425,12421.814247904023,12597.59434089174,10182735
2025-08-29,12597.5947265625,12656.18904769038,12451.111311254868,12597.5947265625,3646765
2025-09-01,12597.5947265625,12597.5947265625,12597.5947265625,12597.5947265625,0
2025-09-02,12597.5947265625,12597.5947265625,12597.5947265625,12597.5947265625,0
2025-09-03,12890.5625,13037.045915169194,12626.891397690626,12656.18903572929,10986526
2025-09-04,12890.5625,13037.045915169194,12626.891397690626,12656.18903572929,10986526
2025-09-05,13154.232421875,13300.716789538656,12978.452326684384,13066.342374279691,13995733
2025-09-08,13007.7490234375,13652.276994845894,13007.7490234375,13300.716804080304,16712364
2025-09-09,13007.7490234375,13652.276994845894,13007.7490234375,13300.716804080304,16712364
2025-09-10,12978.4521484375,13242.123242606956,12773.375373531651,13212.82656047755,7456090
2025-09-11,13300.716796875,13417.903527066714,13037.045698938831,13095.63906403469,10593476
2025-09-12,13388.607421875,13710.870943799167,13242.12400281856,13359.310738063712,19496089
2025-09-15,13388.607421875,13388.607421875,13388.607421875,13388.607421875,0
2025-09-16,13974.5419921875,14267.508829023272,13886.651941136768,14267.508829023272,14683194
2025-09-17,13974.5419921875,14355.399835078852,13857.355257453191,14062.432043238232,21234019
2025-09-18,13769.4638671875,14179.618382317864,13769.4638671875,14121.025016585643,14557852
2025-09-19,13476.4970703125,13798.761537604636,13388.607021506868,13710.870533794185,12917392
2025-09-22,12919.859375,13388.607265511006,12919.859375,13300.7172151036,15999534
2025-09-23,12919.859375,13388.607265511006,12919.859375,13300.7172151036,15999534
2025-09-24,13183.529296875,13242.123617798774,13007.749199118143,13095.639247996573,5328449
2025-09-25,13330.013671875,13388.6070378168,13154.23261904478,13212.826939991402,6367902
2025-09-26,13476.4970703125,13593.68380205334,13417.90370444208,13447.20038737729,7982159
2025-09-29,13271.419921875,13505.793378859722,13183.528920500934,13359.309968244272,6216691
2025-09-30,13571.0009765625,13810.6650390625,13481.1259765625,13660.875,6216691
2025-10-01,13211.50390625,13451.16796875,12941.8818359375,13451.16796875,7354281
2025-10-02,13031.755859375,13241.4619140625,12971.83984375,13241.4619140625,5615183
2025-10-03,12852.0068359375,13091.671875,12792.0908203125,13061.7138671875,5755713
2025-10-06,12822.048828125,12822.048828125,12492.5107421875,12582.384765625,4677372
2025-10-07,12822.048828125,12822.048828125,12492.5107421875,12582.384765625,4677372
2025-10-08,12612.3427734375,12971.83984375,12582.384765625,12911.9228515625,5041047
2025-10-09,12792.0908203125,12881.96484375,12582.384765625,12852.0068359375,4816233
2025-10-10,13091.671875,13241.4619140625,12732.1748046875,12822.048828125,6672161
2025-10-13,12642.30078125,12762.1328125,12462.552734375,12642.30078125,9728434
2025-10-14,12642.30078125,12762.1328125,12462.552734375,12642.30078125,9728434
2025-10-15,12462.552734375,13061.7138671875,12462.552734375,13061.7138671875,7297869
2025-10-16,12282.8037109375,12582.384765625,12252.845703125,12492.5107421875,7824438
2025-10-17,12282.8037109375,12492.5107421875,12222.8876953125,12342.7197265625,7652531
2025-10-20,11324.146484375,12192.9296875,11264.23046875,12043.1396484375,9888991
2025-10-21,11324.146484375,12192.9296875,11264.23046875,12043.1396484375,9888991
2025-10-22,11803.4755859375,12103.0556640625,11384.0625,11384.0625,9631799
2025-10-23,11863.3916015625,12073.09765625,11773.5166015625,11863.3916015625,5327614
2025-10-24,12043.1396484375,12252.845703125,12013.181640625,12222.8876953125,3725541
2025-10-27,12013.181640625,12222.8876953125,11923.3076171875,12162.9716796875,3957866
2025-10-28,12013.181640625,12222.8876953125,11923.3076171875,12162.9716796875,3957866
2025-10-29,12073.09765625,12133.013671875,11863.3916015625,12013.181640625,4178007
2025-10-30,12252.845703125,12402.63671875,12103.0556640625,12162.9716796875,5500189
2025-10-31,12133.013671875,12402.63671875,12103.0556640625,12282.8037109375,4374449
2025-11-03,13271.419921875,13690.8330078125,13121.6298828125,13511.0849609375,26614207
2025-11-04,13720.791015625,13960.455078125,12762.1328125,13241.4619140625,28409718
2025-11-05,13720.791015625,13960.455078125,12762.1328125,13241.4619140625,28409718
2025-11-06,14799.28125,14979.029296875,14260.0361328125,14529.658203125,21268567
2025-11-07,14799.28125,15398.4423828125,14529.658203125,14769.3232421875,33307398
2025-11-10,14799.28125,15278.6103515625,14559.6162109375,15248.65234375,28642877
2025-11-11,14679.44921875,14919.11328125,14200.1201171875,14859.197265625,14170477
2025-11-12,14649.490234375,14919.11328125,14439.7841796875,14679.44921875,11429312
2025-11-13,15668.064453125,15668.064453125,14379.8681640625,14649.490234375,51808597
2025-11-14,15997.603515625,16357.099609375,15727.98046875,15757.9384765625,24959060
2025-11-17,15997.603515625,16357.099609375,15757.9384765625,15877.771484375,12459585
2025-11-18,15668.064453125,16147.3935546875,15638.1064453125,15967.6455078125,12359111
2025-11-19,15608.1484375,16117.435546875,15578.1904296875,15668.064453125,12299361
2025-11-20,15608.1484375,15877.771484375,15428.400390625,15608.1484375,8800803
2025-11-21,15428.400390625,15638.1064453125,14829.2392578125,15458.3583984375,18297580
2025-11-24,15428.400390625,15548.232421875,15128.8193359375,15398.4423828125,7181873
2025-11-25,15398.4423828125,15997.603515625,15068.9033203125,15368.484375,15767877
2025-11-26,15668.064453125,15787.896484375,15308.568359375,15458.3583984375,8593347
2025-11-27,15518.2744140625,16117.435546875,15488.31640625,15817.85546875,17126610
2025-11-28,15997.603515625,16357.099609375,15548.232421875,15548.232421875,19568357
2025-12-01,15578.1904296875,16177.3515625,15578.1904296875,16177.3515625,8869733
2025-12-02,15817.85546875,15847.8134765625,15428.400390625,15518.2744140625,8067612
2025-12-03,15608.1484375,16117.435546875,15578.1904296875,16057.51953125,6855918
2025-12-04,15907.7294921875,16177.3515625,15608.1484375,15638.1064453125,11109865
2025-12-05,15608.1484375,15907.7294921875,15608.1484375,15877.771484375,7880517
2025-12-08,15488.31640625,15668.064453125,15098.861328125,15608.1484375,13124181
2025-12-09,14649.490234375,15428.400390625,14619.5322265625,15428.400390625,16757928
2025-12-10,14769.3232421875,14979.029296875,14379.8681640625,14649.490234375,8535599
2025-12-11,14799.28125,15038.9453125,14769.3232421875,14949.0712890625,5819803
2025-12-12,14140.2041015625,14949.0712890625,14140.2041015625,14799.28125,11390591
2025-12-15,14499.7001953125,14499.7001953125,14110.24609375,14140.2041015625,7631335
2025-12-16,15488.31640625,15488.31640625,14230.078125,14559.6162109375,15350627
2025-12-17,16177.3515625,16566.806640625,15398.4423828125,15518.2744140625,33546733
2025-12-18,16177.3515625,16566.806640625,15398.4423828125,15518.2744140625,33546733
2025-12-19,16536.84765625,16716.59765625,16177.3515625,16177.3515625,17549201
2025-12-22,16716.59765625,16776.513671875,16207.3095703125,16596.763671875,12381142
2025-12-23,16446.974609375,17046.134765625,16357.099609375,16716.59765625,13464156
2025-12-24,16566.806640625,16656.6796875,16237.267578125,16446.974609375,9579058
2025-12-25,16566.806640625,16656.6796875,16237.267578125,16446.974609375,9579058
2025-12-26,16387.05859375,16506.890625,15847.8134765625,15847.8134765625,14234734
2025-12-29,17076.09375,17195.92578125,16446.974609375,16626.72265625,17923224
2025-12-30,17046.134765625,17136.009765625,16566.806640625,17076.09375,11752931
2025-12-31,16986.21875,17225.8828125,16656.6796875,17016.177734375,13328467
2026-01-01,16986.21875,16986.21875,16986.21875,16986.21875,0
2026-01-02,16986.21875,16986.21875,16986.21875,16986.21875,0
2026-01-05,17435.58984375,17855.00390625,16896.345703125,17375.673828125,21405759
2026-01-06,17735.169921875,18094.66796875,17315.7578125,17375.673828125,15688933
2026-01-07,17974.8359375,18034.751953125,17405.6328125,17585.380859375,16203987
2026-01-08,18214.5,18544.0390625,17645.296875,18094.66796875,28500511
2026-01-09,17675.25390625,18693.828125,17675.25390625,18214.5,12998505
2026-01-12,17016.177734375,17825.044921875,16686.638671875,17675.25390625,24312156
2026-01-13,18184.541015625,18184.541015625,17046.134765625,17076.09375,22443543
2026-01-14,17795.0859375,18873.576171875,17645.296875,18514.080078125,19815703
2026-01-15,17405.6328125,17884.9609375,17136.009765625,17645.296875,15859505
2026-01-16,17315.7578125,17735.169921875,17315.7578125,17675.25390625,12019303
2026-01-19,17555.421875,17795.0859375,17165.966796875,17375.673828125,8436961
2026-01-20,17076.09375,17645.296875,17076.09375,17645.296875,10661905
2026-01-21,17825.044921875,17855.00390625,16896.345703125,17076.09375,11952543
2026-01-22,17435.58984375,18094.66796875,17136.009765625,17974.8359375,11333845
2026-01-23,16536.84765625,17555.421875,16357.099609375,17555.421875,13381207
2026-01-26,16417.015625,17076.09375,16147.3935546875,16776.513671875,17749147
2026-01-27,17555.421875,17555.421875,16417.015625,16656.6796875,23834989
2026-01-28,18274.416015625,18783.703125,17735.169921875,18184.541015625,28902406
2026-01-29,17974.8359375,18603.955078125,17705.212890625,18573.99609375,11242050
2026-01-30,18573.99609375,18993.41015625,18094.66796875,18304.373046875,23120823
2026-02-02,19862.193359375,19862.193359375,18214.5,18544.0390625,35759326
2026-02-03,19772.318359375,20311.564453125,19772.318359375,20131.81640625,18819143
2026-02-04,20071.8984375,20161.7734375,19472.73828125,19562.61328125,17632818
2026-02-05,20101.857421875,20581.185546875,19652.486328125,20161.7734375,18378193
2026-02-06,19682.4453125,20431.396484375,18753.744140625,19652.486328125,24206007
2026-02-09,20371.48046875,20371.48046875,19652.486328125,19862.193359375,10756204
2026-02-10,19442.779296875,20910.724609375,18963.451171875,20401.4375,20567754
2026-02-11,19532.654296875,19532.654296875,18963.451171875,19472.73828125,12717780
2026-02-12,19862.193359375,20311.564453125,19682.4453125,19862.193359375,10188243
2026-02-13,20461.353515625,20461.353515625,19712.40234375,19802.27734375,9352074
2026-02-16,20461.353515625,20461.353515625,20461.353515625,20461.353515625,0
2026-02-17,20461.353515625,20461.353515625,20461.353515625,20461.353515625,0
2026-02-18,20461.353515625,20461.353515625,20461.353515625,20461.353515625,0
2026-02-19,20461.353515625,20461.353515625,20461.353515625,20461.353515625,0
2026-02-20,20461.353515625,20461.353515625,20461.353515625,20461.353515625,0
2026-02-23,21869.3828125,21869.3828125,21000.599609375,21210.3046875,18291405
2026-02-24,22168.962890625,22378.669921875,21869.3828125,22079.08984375,12951106
2026-02-25,21929.298828125,22738.166015625,21689.634765625,22288.794921875,13467161
2026-02-26,22408.626953125,22408.626953125,21390.0546875,21989.21484375,16666634
2026-02-27,23127.62109375,23666.8671875,22348.7109375,22498.501953125,13417591
2026-03-02,24745.357421875,24745.357421875,24655.482421875,24745.357421875,17666865
2026-03-03,24745.357421875,24745.357421875,24655.482421875,24745.357421875,17666865
2026-03-04,26962.251953125,27261.833984375,24955.0625,26962.251953125,26176095
2026-03-05,25314.560546875,26842.419921875,25164.76953125,26542.83984375,26349838
2026-03-06,25344.517578125,25823.845703125,24865.189453125,25464.349609375,16899626
2026-03-09,23666.8671875,27112.04296875,23576.9921875,27112.04296875,33477302
2026-03-10,23696.82421875,24565.607421875,22049.130859375,22588.376953125,17785197
2026-03-11,24685.439453125,24685.439453125,22768.125,23547.033203125,8452817
2026-03-12,24715.3984375,25134.810546875,24266.02734375,25134.810546875,5911431
2026-03-13,23966.447265625,25344.517578125,23007.7890625,24565.607421875,18416079
2026-03-16,22288.794921875,24026.36328125,22288.794921875,24026.36328125,16048937
2026-03-17,20790.892578125,22408.626953125,20730.9765625,21959.2578125,19218201
2026-03-18,22228.87890625,22228.87890625,20551.228515625,20581.185546875,10595980
2026-03-19,22049.130859375,22678.25,21270.22265625,22498.501953125,6936530
2026-03-20,20521.26953125,22049.130859375,20521.26953125,21989.21484375,14400632
2026-03-23,20551.228515625,20730.9765625,19532.654296875,19532.654296875,9734776
2026-03-24,20071.8984375,20701.01953125,19412.822265625,20581.185546875,8461162
2026-03-25,20820.8515625,21090.47265625,20071.8984375,20071.8984375,5568785
2026-03-26,20790.892578125,20820.8515625,19952.06640625,20790.892578125,7042011
2026-03-27,21420.01171875,21599.759765625,20820.8515625,20850.80859375,8656101
2026-03-30,21689.634765625,22139.005859375,21569.802734375,22109.046875,6744929
2026-03-31,20850.80859375,21869.3828125,20611.14453125,21839.42578125,9578224
2026-04-01,20850.80859375,21420.01171875,20551.228515625,20910.724609375,7694423
2026-04-02,20641.1015625,21390.0546875,20371.48046875,20970.640625,4370777
2026-04-03,20131.81640625,20970.640625,20131.81640625,20970.640625,6220029
2026-04-06,19382.86328125,20071.8984375,19292.990234375,19892.150390625,7598790
2026-04-07,19322.947265625,19652.486328125,18993.41015625,19532.654296875,5377684
2026-04-08,19742.361328125,19772.318359375,19203.115234375,19622.529296875,7794563
2026-04-09,19412.822265625,19832.234375,18903.53515625,19772.318359375,7522516
2026-04-10,20311.564453125,20641.1015625,19263.03125,19322.947265625,8616880
2026-04-13,20431.396484375,20850.80859375,20131.81640625,20401.4375,4586912
2026-04-14,19922.109375,20551.228515625,19892.150390625,20461.353515625,4469415
2026-04-15,19682.4453125,20071.8984375,19532.654296875,19862.193359375,5291564
2026-04-16,19712.40234375,20131.81640625,19622.529296875,19682.4453125,9725763
2026-04-17,19952.06640625,20041.94140625,19682.4453125,19772.318359375,3892942
2026-04-20,19682.4453125,20131.81640625,19682.4453125,20011.982421875,3059277
2026-04-21,19472.73828125,19952.06640625,19352.90625,19682.4453125,4737289
2026-04-22,19113.2421875,19622.529296875,19083.283203125,19532.654296875,4394977
2026-04-23,18963.451171875,19322.947265625,18004.79296875,19113.2421875,7211081
2026-04-24,18813.66015625,19592.5703125,18783.703125,19113.2421875,4507468
2026-04-27,18813.66015625,18813.66015625,18813.66015625,18813.66015625,0
2026-04-28,18274.416015625,18843.619140625,17675.25390625,18843.619140625,9497110
2026-04-29,18573.99609375,18723.787109375,17914.919921875,17974.8359375,3591521
2026-04-30,18573.99609375,18573.99609375,18573.99609375,18573.99609375,0
2026-05-01,18573.99609375,18573.99609375,18573.99609375,18573.99609375,0
2026-05-04,19023.3671875,19652.486328125,18843.619140625,19173.158203125,4949920
2026-05-05,19772.318359375,19772.318359375,18603.955078125,19023.3671875,8558131
2026-05-06,19472.73828125,19952.06640625,19412.822265625,19862.193359375,6778810
2026-05-07,18933.4921875,19772.318359375,18813.66015625,19442.779296875,7407022
2026-05-08,18454.1640625,19113.2421875,18394.248046875,18993.41015625,5503193
2026-05-11,18783.703125,18903.53515625,18274.416015625,18573.99609375,4591419
2026-05-12,19083.283203125,19113.2421875,18544.0390625,19113.2421875,5332788
2026-05-13,20311.564453125,20401.4375,18933.4921875,19173.158203125,17827089
2026-05-14,19922.109375,20491.3125,19712.40234375,20371.48046875,6828212
2026-05-15,20191.732421875,20461.353515625,19652.486328125,19682.4453125,6709880
2026-05-18,21449.970703125,21599.759765625,20461.353515625,20491.3125,20030002
2026-05-19,19952.06640625,21599.759765625,19952.06640625,21569.802734375,19188659
2026-05-20,20011.982421875,20251.6484375,18573.99609375,19652.486328125,11141743
2026-05-21,19622.529296875,19952.06640625,19053.326171875,19892.150390625,6941704
2026-05-22,18903.53515625,19562.61328125,18843.619140625,19562.61328125,6685012
2026-05-25,17974.8359375,18603.955078125,17884.9609375,18573.99609375,10059563
2026-05-26,18064.708984375,18424.20703125,17974.8359375,18274.416015625,3704011
2026-05-27,18064.708984375,18364.2890625,18004.79296875,18154.583984375,2243302
2026-05-28,17974.8359375,18364.2890625,17855.00390625,18094.66796875,4593922
2026-05-29,18274.416015625,18364.2890625,17765.12890625,17974.8359375,4272973
2026-06-01,17974.8359375,18484.123046875,17974.8359375,18304.373046875,2021826
2026-06-02,17525.46484375,18154.583984375,17375.673828125,18154.583984375,3485706
2026-06-03,17974.8359375,17974.8359375,17495.505859375,17555.421875,2707118
2026-06-04,18424.20703125,18843.619140625,17974.8359375,18124.625,4154474
2026-06-05,18394.248046875,18693.828125,18094.66796875,18424.20703125,2861166
2026-06-08,18214.5,18573.99609375,18214.5,18274.416015625,2337434
2026-06-09,18184.541015625,18334.33203125,18064.708984375,18334.33203125,2211925
2026-06-10,18034.751953125,18244.45703125,18034.751953125,18184.541015625,1629778
2026-06-11,18064.708984375,18484.123046875,18064.708984375,18214.5,1979767
2026-06-12,17974.8359375,18184.541015625,17825.044921875,17974.8359375,2029670
2026-06-15,17525.46484375,17705.212890625,17255.841796875,17675.25390625,4502294
2026-06-16,18064.708984375,18064.708984375,17495.505859375,17555.421875,3434301
2026-06-17,18124.625,18244.45703125,17675.25390625,18064.708984375,2961306
2026-06-18,18603.955078125,18783.703125,18124.625,18124.625,8218823
2026-06-19,18603.955078125,18603.955078125,18394.248046875,18573.99609375,2296210
2026-06-22,19263.03125,19622.529296875,18573.99609375,18573.99609375,9014102
2026-06-23,18544.0390625,19263.03125,18454.1640625,19143.19921875,5177571
2026-06-24,19143.19921875,19173.158203125,18514.080078125,18813.66015625,6196830
2026-06-25,18933.4921875,19442.779296875,18903.53515625,19352.90625,3988910
2026-06-26,18933.4921875,19352.90625,18933.4921875,19173.158203125,4744299
2026-06-29,19562.61328125,19952.06640625,19083.283203125,19143.19921875,7571418
2026-06-30,19652.486328125,19772.318359375,19292.990234375,19592.5703125,5081270
2026-07-01,19652.486328125,19772.318359375,19292.990234375,19592.5703125,5081270
2026-07-02,19622.529296875,20041.94140625,19592.5703125,19982.025390625,4624965
2026-07-03,19502.6953125,19772.318359375,19502.6953125,19652.486328125,3303785
2026-07-06,18903.53515625,19562.61328125,18573.99609375,19532.654296875,4857791
2026-07-07,19532.654296875,19652.486328125,18903.53515625,18903.53515625,5309923
2026-07-08,19502.6953125,20011.982421875,19502.6953125,19862.193359375,3821843
2026-07-09,19952.06640625,20251.6484375,19592.5703125,19592.5703125,12075381
2026-07-10,19472.73828125,19952.06640625,19472.73828125,19952.06640625,5135679
2026-07-13,18603.955078125,19772.318359375,18603.955078125,19472.73828125,7109940
2026-07-14,19900.0,19900.0,19350.0,19900.0,6788100
2026-07-15,19650.0,20700.0,19450.0,20150.0,6621400
2026-07-16,19900.0,19900.0,18300.0,19650.0,5220100
2026-07-17,19550.0,19700.0,19000.0,19700.0,3040500
2026-07-20,19300.0,19800.0,18800.0,19700.0,2848300
2026-07-21,18500.0,19200.0,17950.0,18700.0,8027200
2026-07-22,17500.0,18550.0,17350.0,18500.0,3319500
2026-07-23,18500.0,18500.0,17500.0,18450.0,3872300
2026-07-24,19000.0,19400.0,18200.0,18500.0,4292500
2026-07-27,18300.0,19000.0,18300.0,18500.0,1733600
2026-07-28,18350.0,18400.0,18050.0,18300.0,1369800
2026-07-29,18400.0,18600.0,18250.0,18400.0,1568800
2026-07-30,18900.0,18900.0,18500.0,18500.0,2052900
2026-07-31,18150.0,18800.0,18000.0,18800.0,5655400
2026-08-03,18100.0,18300.0,17900.0,18000.0,3733400
2026-08-04,18100.0,18300.0,18050.0,18300.0,1673300
2026-08-05,17900.0,18100.0,17700.0,18100.0,3215300
2026-08-06,17750.0,18200.0,17750.0,18050.0,1830500
2026-08-07,18050.0,18550.0,17850.0,17850.0,5506200
2026-08-10,18250.0,18500.0,18050.0,18500.0,2529500
2026-08-11,18200.0,18500.0,18200.0,18300.0,2509600
2026-08-12,18700.0,18900.0,18100.0,18300.0,5156100
2026-08-13,18300.0,18750.0,18300.0,18700.0,1972800
2026-08-14,17950.0,18550.0,17900.0,18550.0,2975200
2026-08-17,18150.0,18250.0,17650.0,18100.0,1377300
2026-08-18,18500.0,19000.0,18200.0,18350.0,4274600
2026-08-19,18400.0,18650.0,18250.0,18600.0,1528900
2026-08-20,18350.0,18550.0,18150.0,18450.0,1865100
2026-08-21,18600.0,18800.0,18300.0,18400.0,2938800
2026-08-24,19350.0,19750.0,18750.0,18900.0,7193600
2026-08-25,19250.0,19400.0,19100.0,19400.0,1166918
