Price,Close,High,Low,Open,Volume
Ticker,TCB.VN,TCB.VN,TCB.VN,TCB.VN,TCB.VN
Date,,,,,
2018-06-04,32076.396484375,32890.83749354696,32076.396484375004,32076.396484375004,8435520
2018-06-05,30071.625,33204.08471388245,30071.625,31042.68666700745,4072500
2018-06-06,28818.640625,30071.625638409172,28505.395748217485,29758.378926200287,4816440
2018-06-07,30823.4140625,30823.4140625,29163.21046159279,29601.75435880335,4129620
2018-06-08,32953.48828125,32953.48828125,31167.98565550375,31637.854767542238,6025500
2018-06-11,34143.8203125,34143.8203125,32326.994335113042,32828.186822117495,3689490
2018-06-12,32890.83984375,33830.578125,32233.023046875,33830.578125,3417390
2018-06-13,33016.13671875,33830.57777775801,32734.21523726868,32890.83950615362,2318010
2018-06-14,32890.83984375,33360.708984375,32420.970703125,33360.708984375,1851390
2018-06-15,32953.48828125,33047.4621036577,32420.96873065557,33047.4621036577,2170380
2018-06-18,31324.60546875,32890.83702698582,30698.113946711375,32608.915566754513,2477430
2018-06-19,29758.376953125,30384.870336004264,29131.885405671987,29789.70217289684,6278160
2018-06-20,29821.02734375,30228.246022984644,29163.210577604237,29758.376904309098,1664610
2018-06-21,29821.02734375,29883.67594776466,29225.859181618893,29883.67594776466,1493370
2018-06-22,29758.376953125,29789.70217289684,29319.833053450515,29789.70217289684,986130
2018-06-25,30040.296875,30384.868768434848,29977.648274114646,30071.62209315576,2755020
2018-06-26,29758.376953125,29915.00121655794,29507.780701229043,29570.42930534647,1481370
2018-06-27,29319.833984375,29758.377897973547,29288.508763608563,29288.508763608563,1184580
2018-06-28,28881.2890625,29288.507741115678,27722.27795971991,29131.885313603976,3957690
2018-06-29,28724.666015625,28818.63984319567,27252.40999549333,28505.394974910992,4751100
2018-07-02,27534.33203125,28755.991814206485,27252.410542875426,28755.991814206485,2008710
2018-07-03,25623.529296875,27659.630085363486,25623.529296875,27409.03199222338,6336690
2018-07-04,25372.931640625,25372.931640625,23838.02528759328,25216.309217615057,9923850
2018-07-05,26453.630859375,27111.447612538854,25372.93190774867,27111.447612538854,1583450
2018-07-06,27064.458984375,27252.406616210938,25372.930297851562,26312.66845703125,1160990
2018-07-09,26782.541015625,27440.357812500002,26171.7111328125,27252.41015625,631240
2018-07-10,25983.763671875,26782.54121694168,25842.802928627938,26782.54121694168,549100
2018-07-11,24198.259765625,25466.906394114078,24198.259765625,25466.906394114078,1134570
2018-07-12,24433.1953125,24433.1953125,23587.430859375,23587.430859375,686180
2018-07-13,24621.140625,24903.06208253817,24433.19298664122,24809.08826335878,406500
2018-07-16,24621.140625,24621.140625,24198.25843869275,24433.19298664122,430160
2018-07-17,25466.90625,25842.801545202954,24151.27271678967,24621.141835793358,1174520
2018-07-18,26265.68359375,26782.53962153399,25654.853742732557,25842.801389199463,1139340
2018-07-19,26218.6953125,26312.66913082437,25842.80003920251,26312.66913082437,680430
2018-07-20,26218.6953125,26218.6953125,25560.87858422939,25842.80003920251,1473990
2018-07-23,24997.037109375,26171.709905868185,24997.037109375,25654.853875411183,878370
2018-07-24,24997.037109375,24997.037109375,24997.037109375,24997.037109375,0
2018-07-25,25137.998046875,25231.9718713493,23399.482294100468,25184.98495911215,3348190
2018-07-26,24245.24609375,24668.128293059595,23963.324627543607,24433.1937378876,645430
2018-07-27,24386.20703125,24621.14158839114,24057.29865125241,24245.24629696532,1427670
2018-07-30,24527.16796875,24621.141792385057,24339.220321479886,24386.207233297413,1438740
2018-07-31,26124.724609375,26218.698438905125,24433.195677832733,24574.156422127922,4690660
2018-08-01,25889.7890625,26923.501148480038,25513.89375850726,26218.69745349365,2060620
2018-08-02,26782.541015625,26782.541015625,25372.93359375,25654.855078125,3507500
2018-08-03,26641.580078125,27158.43612902337,26312.671682098764,26876.514646715164,2418140
2018-08-06,26312.669921875,26594.59138532366,26124.722279575893,26312.669921875,1478320
2018-08-07,26265.68359375,26500.61815183363,25748.82756596601,26077.735947283094,1670400
2018-08-08,26077.736328125,26453.631626548424,25748.827942004507,26453.631626548424,1406450
2018-08-09,25748.828125,26594.592552463506,25748.828125,26218.697251368616,2342630
2018-08-10,25560.87890625,26030.74800379136,24809.088350183825,25748.826545266544,2362660
2018-08-13,25795.814453125,25983.762099413707,25184.984602686705,25372.932248975412,1369550
2018-08-14,25560.87890625,25842.800364774816,25372.931267233456,25842.800364774816,850440
2018-08-15,24903.0625,25560.87924528302,24903.0625,25372.931603773584,1030610
2018-08-16,24903.0625,25278.95778301887,24386.20648584906,24903.0625,1576340
2018-08-17,24903.0625,25278.95778301887,24903.0625,24903.0625,691890
2018-08-20,24903.0625,25091.010141509436,24339.2195754717,25091.010141509436,847610
2018-08-21,24903.0625,25044.023231132076,24668.127948113208,24903.0625,904270
2018-08-22,25044.0234375,25748.827098968104,24950.04961597092,25091.01034826454,1386850
2018-08-23,25137.998046875,25513.893344772194,25044.0242224007,25372.932608060746,1031560
2018-08-24,24997.037109375,25325.94549239309,24903.063285655546,25137.99784495418,817010
2018-08-27,24903.0625,25231.970872641512,24903.0625,24997.03632075472,1480540
2018-08-28,24668.12890625,25184.98494047619,24621.14199404762,24997.037291666667,1630740
2018-08-29,24574.154296875,24762.101939680928,24527.167386173518,24668.128118277964,778240
2018-08-30,24715.115234375,24715.115234375,24480.180678915163,24574.154501099096,887840
2018-08-31,24715.115234375,25231.971256386645,24715.115234375,24715.115234375,1723040
2018-09-03,24715.115234375,24715.115234375,24715.115234375,24715.115234375,0
2018-09-04,24527.16796875,24997.037086925287,24480.181056932473,24715.115616020117,991610
2018-09-05,24245.24609375,24668.128293059595,24198.259182715603,24527.167559956397,1052150
2018-09-06,23305.509765625,24339.22189232611,23305.509765625,24245.248062626008,2694080
2018-09-07,23728.390625,23775.377537128712,23399.48224009901,23493.456064356436,2154200
2018-09-10,23963.32421875,23963.32421875,23493.45511642157,23869.350398284314,1297720
2018-09-11,23869.349609375,23963.323426734743,23775.375792015257,23916.33651805487,780150
2018-09-12,23493.45703125,24010.3130859375,23493.45703125,23963.326171875,1460210
2018-09-13,23681.404296875,23869.351950024804,23493.4566437252,23493.4566437252,1105010
2018-09-14,23728.390625,23869.35136138614,23634.416800742572,23681.403712871288,1343360
2018-09-17,24480.181640625,25372.93298644434,23634.41720774352,23728.391033619242,2714630
2018-09-18,24574.154296875,24574.154296875,24010.31136845722,24480.180475472036,1059520
2018-09-19,24997.037109375,25419.919316112548,24621.14181449718,24621.14181449718,2934180
2018-09-20,26312.669921875,26312.669921875,24997.03642578125,24997.03642578125,5779740
2018-09-21,26594.591796875,26735.552530780697,26124.722683856005,26312.670329063603,4008110
2018-09-24,26406.64453125,26735.552915091193,26265.683795318062,26594.592179159252,2213810
2018-09-25,26312.669921875,26500.617564174107,26124.722279575893,26312.669921875,2261840
2018-09-26,27158.435546875,27581.317761272705,26124.72346723616,26312.671118079583,4516320
2018-09-27,27628.3046875,27863.23925116922,27393.370123830784,27440.357036564626,3663710
2018-09-28,27393.369140625,27863.238251098843,27252.40840748285,27722.277517956692,3943650
2018-10-01,26923.501953125,27487.344925965313,26876.515038721638,27393.371097158593,2816100
2018-10-02,27346.3828125,27628.304284793812,26876.513692010307,26876.513692010307,3139750
2018-10-03,27581.31640625,27722.27713745741,27393.36876464012,27628.303316652473,1405830
2018-10-04,28380.095703125,28380.095703125,27581.31817505691,27722.27891530422,3273230
2018-10-05,28004.19921875,28427.081421717703,27957.212307309146,28286.120687395134,3156560
2018-10-08,27581.31640625,27957.21168946976,27346.38185423765,27346.38185423765,2101380
2018-10-09,27957.212890625,27957.212890625,27393.369941570378,27628.30450367647,2656380
2018-10-10,27910.224609375,28286.119890309343,27863.237699258207,28004.198429608587,1689250
2018-10-11,26171.708984375,27346.381739508528,26030.74825375898,26500.61735581239,4366960
2018-10-12,26970.486328125,27064.460148083625,25654.852848704268,26171.7088584767,2298230
2018-10-15,26500.619140625,27017.475187693926,26312.67148714539,26970.488274324027,2085500
2018-10-16,26970.486328125,27158.43396804225,26453.63031835257,26453.63031835257,1363410
2018-10-17,27346.3828125,27534.330460695874,27205.42207635309,27534.330460695874,1972280
2018-10-18,27158.435546875,27346.383197718424,26970.487896031573,27064.461721453285,1487880
2018-10-19,27252.408203125,27252.408203125,26406.643810614223,26688.565274784483,1454000
2018-10-22,27064.458984375,27440.354248046875,27064.458984375,27252.406616210938,2026290
2018-10-23,26124.724609375,27064.462904676257,25184.98631407374,27064.462904676257,2307530
2018-10-24,24903.0625,26312.669811320757,24903.0625,26218.69599056604,1535430
2018-10-25,24527.16796875,24715.115616020117,23587.429732399425,23681.403556034482,2454470
2018-10-26,24292.234375,25278.95956237911,23963.325979206962,25278.95956237911,1747390
2018-10-29,24151.2734375,24433.194917315173,23963.325784289882,24245.24726410506,1473740
2018-10-30,24245.24609375,24527.167559956397,24057.298449612405,24151.272271681202,1327540
2018-10-31,25278.958984375,25278.958984375,24527.1683826092,24527.1683826092,1230140
2018-11-01,24527.16796875,25325.945469647988,24527.16796875,25325.945469647988,802870
2018-11-02,24997.037109375,25325.94549239309,24621.14181449718,24997.037109375,1048790
2018-11-05,25231.97265625,25325.946483647578,24903.064260358475,25091.01191515363,920120
2018-11-06,25325.947265625,25748.829501971242,25137.999605026667,25748.829501971242,1174180
2018-11-07,25372.931640625,25560.879282407408,25091.01017795139,25091.01017795139,1180500
2018-11-08,25372.931640625,25842.80074508102,25325.9447301794,25842.80074508102,710570
2018-11-09,24762.1015625,25325.94448232922,24762.1015625,25231.970662357686,1090990
2018-11-12,24715.115234375,24903.062878742872,24292.23303454729,24715.115234375,784460
2018-11-13,24198.259765625,24433.19432645631,24151.272853458737,24151.272853458737,947810
2018-11-14,23728.390625,24433.194306930694,23634.416800742572,24057.29900990099,1692450
2018-11-15,23728.390625,24010.312097772276,23540.44297648515,23728.390625,971850
2018-11-16,24151.2734375,24809.09022373541,23916.338870987354,23963.325784289882,645780
2018-11-19,24903.0625,25091.010141509436,24151.271933962264,24151.271933962264,1754860
2018-11-20,24809.08984375,24950.050581498577,24527.16836825284,24715.11601858428,1534530
2018-11-21,24903.0625,25184.983962264152,24339.2195754717,24433.193396226416,1028070
2018-11-22,24903.0625,25278.95778301887,23164.54681603774,25278.95778301887,901490
2018-11-23,24527.16796875,24997.037086925287,24527.16796875,24903.06326329023,643390
2018-11-26,24386.20703125,24856.076145532275,24386.20703125,24433.19394267823,1195560
2018-11-27,24433.1953125,24903.064453125,24386.208398437502,24715.116796875,1040020
2018-11-28,24574.154296875,24574.154296875,24339.21974336759,24433.193564770554,668970
2018-11-29,24480.181640625,24997.03768294146,24480.181640625,24856.07694412788,1304530
2018-11-30,24480.181640625,24715.1162053143,24433.19472768714,24668.12929237644,635260
2018-12-03,25560.87890625,25560.87890625,24715.114530675553,24903.062169692097,3059840
2018-12-04,26124.724609375,26265.68535367019,25560.881632194243,25560.881632194243,2885160
2018-12-05,26312.669921875,26594.59138532366,25654.853173828124,25842.800816127234,3540000
2018-12-06,26453.630859375,26735.55232501665,26218.696304673624,26312.670126554174,2977170
2018-12-07,26312.669921875,26782.539027622766,26124.722279575893,26500.617564174107,2249340
2018-12-10,26547.603515625,26641.577333379424,26030.747517975666,26218.695153484514,3389080
2018-12-11,26594.591796875,26782.539442082598,26406.644151667402,26641.578708176898,2451470
2018-12-12,26594.591796875,26594.591796875,26594.591796875,26594.591796875,0
2018-12-13,26970.486328125,27393.36851793881,26970.486328125,27252.40778800087,2502500
2018-12-14,26923.501953125,27064.46269633508,26782.54120991492,26782.54120991492,2395670
2018-12-17,25748.828125,26782.54020301095,25748.828125,26594.592552463506,3335920
2018-12-18,25842.802734375,25842.802734375,25091.012109375002,25372.93359375,3565390
2018-12-19,25842.802734375,25842.802734375,25325.946679687502,25748.82890625,1152330
2018-12-20,25607.8671875,26030.74939793578,25466.90645068807,25560.880275229356,1096130
2018-12-21,25654.853515625,25654.853515625,25091.010581215658,25372.932048420327,1436860
2018-12-24,25278.958984375,25748.828110478626,25278.958984375,25654.854285257898,1250440
2018-12-25,24809.08984375,24950.050581498577,24245.24689275568,24621.14219341856,2408040
2018-12-26,24433.1953125,24997.03828125,24386.208398437502,24715.116796875,1965260
2018-12-27,24480.181640625,25044.02459587932,24480.181640625,24903.06385706574,2093990
2018-12-28,24480.181640625,24480.181640625,24480.181640625,24480.181640625,0
2018-12-31,24480.181640625,24480.181640625,24480.181640625,24480.181640625,0
2019-01-01,24480.181640625,24480.181640625,24480.181640625,24480.181640625,0
2019-01-02,24057.298828125,24480.181034088135,24057.298828125,24433.194122314453,1329030
2019-01-03,23493.45703125,24198.2607421875,23493.45703125,24151.273828125002,1811430
2019-01-04,23446.46875,23493.455661322645,21848.91376503006,23493.455661322645,2970830
2019-01-07,23587.4296875,23963.324981324702,23587.4296875,23634.416599228087,1436930
2019-01-08,23587.4296875,23681.403510956174,23540.442775771913,23634.416599228087,843170
2019-01-09,24245.24609375,24433.1937378876,23587.429339268412,23681.40316133721,3192180
2019-01-10,24245.24609375,24386.2068268532,24198.259182715603,24245.24609375,1644380
2019-01-11,24433.1953125,24715.116796875,24292.2345703125,24292.2345703125,1623150
2019-01-14,24292.234375,24480.182029738877,24198.260547630558,24339.22128868472,2002420
2019-01-15,24903.0625,24903.0625,24292.23266509434,24292.23266509434,1853220
2019-01-16,24903.0625,25137.997051886792,24856.075589622644,24997.03632075472,1782580
2019-01-17,25044.0234375,25231.97108055816,24809.088883677297,24903.06270520638,1858980
2019-01-18,25137.998046875,25325.945695823597,24903.06348568925,25184.98495911215,1598890
2019-01-21,25748.828125,25842.801950273722,25278.958998631388,25278.958998631388,1951730
2019-01-22,25184.986328125,25936.776964785447,25184.986328125,25936.776964785447,2368670
2019-01-23,24950.05078125,25278.959171963277,24950.05078125,25278.959171963277,2092730
2019-01-24,25044.0234375,25231.97108055816,24856.075794441836,25091.01034826454,1537670
2019-01-25,25044.0234375,25607.866366674483,25044.0234375,25325.94490208724,1710030
2019-01-28,24621.140625,25184.983540076337,24480.17989623092,25137.996630486643,1864000
2019-01-29,24903.0625,24903.0625,24339.2195754717,24621.14103773585,2058540
2019-01-30,24997.037109375,25091.010933094454,24715.115638216634,24903.063285655546,1017170
2019-01-31,24903.0625,24997.03632075472,24715.114858490568,24997.03632075472,2606420
2019-02-01,25560.87890625,25560.87890625,24715.114530675553,24903.062169692097,7859690
2019-02-04,25560.87890625,25560.87890625,25560.87890625,25560.87890625,0
2019-02-05,25560.87890625,25560.87890625,25560.87890625,25560.87890625,0
2019-02-06,25560.87890625,25560.87890625,25560.87890625,25560.87890625,0
2019-02-07,25560.87890625,25560.87890625,25560.87890625,25560.87890625,0
2019-02-08,25560.87890625,25560.87890625,25560.87890625,25560.87890625,0
2019-02-11,25419.91796875,25654.852515596118,25184.983421903882,25372.93105938078,2504660
2019-02-12,25795.814453125,25983.762099413707,25325.945337403235,25513.89298369194,4957590
2019-02-13,25889.7890625,26077.736714496372,25748.828323502723,25795.815236501818,2519920
2019-02-14,25654.853515625,25936.77498282967,25607.86660442422,25842.801160428113,2290940
2019-02-15,25607.8671875,25983.76248566514,25466.90645068807,25560.880275229356,3355310
2019-02-18,25607.8671875,25607.8671875,25607.8671875,25607.8671875,0
2019-02-19,25889.7890625,26500.618931488203,25748.828323502723,25748.828323502723,7850600
2019-02-20,25889.7890625,26124.723627495463,25795.815236501818,25983.762888498186,2760520
2019-02-21,25842.802734375,26030.750390625002,25654.855078125,25936.7765625,2102120
2019-02-22,26030.75,26312.671480144403,25748.828519855597,25842.8023465704,6443060
2019-02-25,26077.736328125,26312.67088963964,26030.749415822072,26218.697065033786,3849680
2019-02-26,25795.814453125,26171.709745702414,25607.866806836293,26030.749010985885,3078620
2019-02-27,25560.87890625,25842.800364774816,25419.918176987594,25795.81345502068,4709200
2019-02-28,24903.0625,25560.87924528302,24809.088679245284,25466.905424528304,4845650
2019-03-01,24997.037109375,25231.971668673636,24809.08946193609,24997.037109375,2342280
2019-03-04,25372.931640625,25466.905461516206,25091.01017795139,25091.01017795139,2834780
2019-03-05,25184.986328125,25560.881646455222,25091.012498542445,25231.973242916276,3227790
2019-03-06,25184.986328125,25278.960157707555,25044.025583751165,25184.986328125,1004950
2019-03-07,25137.998046875,25419.919520297895,25137.998046875,25278.958783586448,1428410
2019-03-08,24668.12890625,25044.02420386905,24668.12890625,24950.050379464286,2892590
2019-03-11,24715.115234375,24903.062878742872,24668.128323283032,24903.062878742872,894870
2019-03-12,25184.986328125,25184.986328125,24668.130265420943,24997.03866895989,1884510
2019-03-13,25513.892578125,25889.787864727212,25278.95802399862,25278.95802399862,4603520
2019-03-14,25278.958984375,25607.867372647535,25278.958984375,25560.880460037173,1525640
2019-03-15,25231.97265625,25560.88105214153,25137.998828852422,25278.95956994879,1750100
2019-03-18,25419.91796875,25607.865606226896,25184.983421903882,25325.944150011554,3348820
2019-03-19,25137.998046875,25560.880257009343,25091.01113463785,25419.919520297895,2078600
2019-03-20,24997.037109375,25137.99784495418,24809.08946193609,25137.99784495418,1701020
2019-03-21,24527.16796875,25137.997822377874,24527.16796875,25137.997822377874,2858380
2019-03-22,24527.16796875,24715.115616020117,24386.207233297413,24574.15488056753,2631920
2019-03-25,24057.298828125,24339.22029876709,23916.338092803955,23963.325004577637,2295560
2019-03-26,23963.32421875,24339.219500612744,23869.350398284314,24057.298039215686,2041810
2019-03-27,24198.259765625,24245.246677791263,23916.338292627428,24151.272853458737,1426910
2019-03-28,24010.3125,24245.247064579256,24010.3125,24104.2863258317,798820
2019-03-29,24057.298828125,24245.246475219727,24010.31191635132,24010.31191635132,1656270
2019-04-01,24010.3125,24151.27323874755,23963.32558708415,24151.27323874755,1213000
2019-04-02,23963.32421875,24292.232590379903,23916.33730851716,24151.271859681372,1197560
2019-04-03,23916.337890625,24057.29862475442,23869.350979248527,23963.324802001473,883080
2019-04-04,23916.337890625,24010.31171337795,23775.37715649558,23963.324802001473,1084530
2019-04-05,23869.349609375,23963.323426734743,23869.349609375,23963.323426734743,790380
2019-04-08,23728.390625,23869.35136138614,23587.42988861386,23869.35136138614,1689220
2019-04-09,23822.365234375,24104.286716438608,23728.391407020463,23869.35214805227,1526530
2019-04-10,23587.4296875,23963.324981324702,23493.455864043826,23775.37733441235,1488230
2019-04-11,23587.4296875,23681.403510956174,23493.455864043826,23540.442775771913,837020
2019-04-12,23399.482421875,23587.4300718499,23352.495509381275,23493.45624686245,1318580
2019-04-15,23399.482421875,23399.482421875,23399.482421875,23399.482421875,0
2019-04-16,23070.572265625,23258.51990119017,22929.611538951118,23164.546083407586,2097030
2019-04-17,23258.521484375,23540.44295691288,23164.54766019571,23258.521484375,1022100
2019-04-18,22788.654296875,23305.51037371134,22788.654296875,23258.52345763531,1478350
2019-04-19,22741.666015625,23023.58749515754,22741.666015625,23023.58749515754,1116030
2019-04-22,22318.783203125,22835.639235197366,22224.80937911184,22741.66541118421,1544290
2019-04-23,22177.8203125,22412.754849708686,22130.83340505826,22177.8203125,1850200
2019-04-24,22882.626953125,22882.626953125,22271.79707552618,22271.79707552618,1995110
2019-04-25,22694.677734375,22929.612286490683,22694.677734375,22929.612286490683,681910
2019-04-26,22694.677734375,22741.664644798137,22553.71700310559,22600.703913528727,898530
2019-04-29,22694.677734375,22694.677734375,22694.677734375,22694.677734375,0
2019-04-30,22694.677734375,22694.677734375,22694.677734375,22694.677734375,0
2019-05-01,22694.677734375,22694.677734375,22694.677734375,22694.677734375,0
2019-05-02,22412.755859375,22741.66422628407,22365.768949816564,22647.690407167192,891770
2019-05-03,22553.716796875,22553.716796875,22224.808426920572,22412.75606689453,1727710
2019-05-06,21895.900390625,22459.74331913895,21707.952747787018,22224.80876559147,1903780
2019-05-07,21801.927734375,22271.796866581357,21707.953907933726,22271.796866581357,1294740
2019-05-08,21566.9921875,21613.979098583877,21285.070720996733,21613.979098583877,1748140
2019-05-09,21426.03125,21801.926535087718,21426.03125,21520.00507127193,1330990
2019-05-10,21754.94140625,21754.94140625,21426.03300485961,21613.980662796977,1679270
2019-05-13,21801.927734375,21895.90156081627,21707.953907933726,21848.914647595633,1130890
2019-05-14,21613.98046875,21801.928125000002,21473.0197265625,21613.98046875,1432870
2019-05-15,22506.73046875,22600.704291166494,21613.97915579332,21707.95297820981,3260220
2019-05-16,22318.783203125,22647.69158717105,22224.80937911184,22647.69158717105,2139740
2019-05-17,22177.8203125,22365.767942266946,22130.83340505826,22271.794127383473,1740280
2019-05-20,22412.755859375,22459.74276893344,21989.87367334906,22130.83440202437,2117630
2019-05-21,22600.705078125,22835.639642346676,22412.757426747663,22412.757426747663,3217110
2019-05-22,22271.796875,22741.666007383967,22271.796875,22647.692180907175,1706530
2019-05-23,22224.80859375,22412.75623513478,22130.834773057613,22224.80859375,1377230
2019-05-24,21801.927734375,22271.796866581357,21801.927734375,22130.83612691945,2380690
2019-05-27,21754.94140625,21942.889064187366,21707.95449176566,21801.92832073434,888140
2019-05-28,21707.953125,21989.874594155845,21520.005478896102,21707.953125,1428370
2019-05-29,21379.04296875,21707.951322115383,21379.04296875,21660.96441449176,2073420
2019-05-30,21566.9921875,21660.966009667758,21144.109987745098,21379.044543164488,1454130
2019-05-31,21238.0859375,21613.981263827434,21238.0859375,21566.994348036504,1452700
2019-06-03,20204.373046875,21144.111328125,20204.373046875,21050.1375,2710010
2019-06-04,19922.451171875,20486.294129569575,19828.47734559257,20439.30721642836,2334950
2019-06-05,20016.423828125,20486.292932071596,20016.423828125,20298.345290492958,1078360
2019-06-06,20063.412109375,20204.37285019028,19640.52988692916,20016.425195769905,1377350
2019-06-07,20298.34765625,20298.34765625,20063.413076895256,20063.413076895256,1426730
2019-06-10,20204.373046875,20580.268359375,20016.425390625,20486.29453125,1692190
2019-06-11,20204.373046875,20392.320703125002,20157.386132812502,20204.373046875,907130
2019-06-12,20016.423828125,20298.345290492958,20016.423828125,20204.371469703638,672440
2019-06-13,19875.462890625,20016.423620345744,19828.475980718085,20016.423620345744,845890
2019-06-14,19922.451171875,20157.385737581073,19922.451171875,19922.451171875,1082100
2019-06-17,19546.556640625,20063.412705641527,19546.556640625,20016.425790640023,2217430
2019-06-18,19076.685546875,19687.515379656714,18888.73790601909,19640.528469442736,3167100
2019-06-19,18888.740234375,19405.596310439985,18794.766402363184,19358.60939443408,2057320
2019-06-20,19358.607421875,19546.555066747573,18935.72522091171,18982.712132129855,3519910
2019-06-21,19546.556640625,19828.478130634016,19452.582810621996,19546.556640625,1724400
2019-06-24,19640.529296875,19781.490033455444,19405.594735907594,19452.581648101077,1664740
2019-06-25,19499.568359375,19640.52909450301,19405.594535956323,19405.594535956323,1564890
2019-06-26,19170.66015625,19452.581629136028,19076.686331954657,19311.620892693012,1838710
2019-06-27,18982.7109375,19264.63238706683,18982.7109375,19170.658570544554,1584550
2019-06-28,19123.673828125,19170.660741707616,18747.778519464067,19123.673828125,2795060
2019-07-01,19734.501953125,19828.475771949405,19311.619768415178,19311.619768415178,4072480
2019-07-02,19640.529296875,19969.437682229367,19499.568560294556,19828.476945648923,2795670
2019-07-03,19546.556640625,19734.50430063101,19405.595895620492,19499.5697256235,1983500
2019-07-04,19546.556640625,19546.556640625,19546.556640625,19546.556640625,0
2019-07-05,19546.556640625,19546.556640625,19546.556640625,19546.556640625,0
2019-07-08,19546.556640625,19546.556640625,19546.556640625,19546.556640625,0
2019-07-09,19546.556640625,19546.556640625,19546.556640625,19546.556640625,0
2019-07-10,19546.556640625,19546.556640625,19546.556640625,19546.556640625,0
2019-07-11,19546.556640625,19546.556640625,19546.556640625,19546.556640625,0
2019-07-12,19546.556640625,19546.556640625,19546.556640625,19546.556640625,0
2019-07-15,19546.556640625,19546.556640625,19546.556640625,19546.556640625,0
2019-07-16,19546.556640625,19546.556640625,19546.556640625,19546.556640625,0
2019-07-17,19828.474609375,20016.422236004146,19734.500796060427,20016.422236004146,2701360
2019-07-18,19640.529296875,19828.476945648923,19546.55547248804,19687.516209068483,2824630
2019-07-19,19922.451171875,20016.42499815743,19734.50351931014,19734.50351931014,3346840
2019-07-22,19781.490234375,20016.424797728625,19687.516409033553,19875.46405971645,2774500
2019-07-23,19781.490234375,19875.46405971645,19734.503321704276,19781.490234375,1565740
2019-07-24,19687.517578125,19922.452155429593,19640.53066266408,19828.478324507756,2120730
2019-07-25,19687.517578125,19687.517578125,19687.517578125,19687.517578125,0
2019-07-26,19687.517578125,19687.517578125,19687.517578125,19687.517578125,0
2019-07-29,19687.517578125,19687.517578125,19687.517578125,19687.517578125,0
2019-07-30,19687.517578125,19687.517578125,19687.517578125,19687.517578125,0
2019-07-31,19311.619140625,19452.579864279196,19311.619140625,19452.579864279196,1219550
2019-08-01,19452.58203125,19452.58203125,19264.634378774153,19358.60820501208,1192180
2019-08-02,19311.619140625,19452.579864279196,19123.67150908607,19170.658416970804,3516660
2019-08-05,19170.66015625,19311.620892693012,19076.686331954657,19170.66015625,2653940
2019-08-06,19170.66015625,19170.66015625,19170.66015625,19170.66015625,0
2019-08-07,18888.740234375,19170.661730410447,18841.75331836909,19076.68789839863,1212000
2019-08-08,18982.7109375,19029.69784576114,18794.763304455446,18888.737120977723,1798980
2019-08-09,18982.7109375,18982.7109375,18982.7109375,18982.7109375,0
2019-08-12,19029.69921875,19123.67304205247,18982.712307098765,18982.712307098765,840220
2019-08-13,19405.595703125,19452.582617660413,18935.726557770882,18982.713472306295,2100020
2019-08-14,19593.54296875,19687.51679593825,19452.582227967625,19593.54296875,1250150
2019-08-15,19734.501953125,19734.501953125,19170.659040178572,19170.659040178572,2105150
2019-08-16,19734.501953125,19734.501953125,19734.501953125,19734.501953125,0
2019-08-19,19734.501953125,19734.501953125,19734.501953125,19734.501953125,0
2019-08-20,19734.501953125,19734.501953125,19734.501953125,19734.501953125,0
2019-08-21,20345.33203125,20486.29276125866,20110.397481235566,20345.33203125,2062850
2019-08-22,20345.33203125,20533.279671261545,20298.345121247112,20345.33203125,1593030
2019-08-23,20345.33203125,20345.33203125,20157.38439123845,20298.345121247112,1304670
2019-08-26,19969.4375,20063.41132352941,19687.516029411763,19922.450588235293,3277300
2019-08-27,20157.384765625,20251.358587376166,20016.42403299825,20063.410943873834,1805340
2019-08-28,20110.3984375,20204.3722619743,20063.41152526285,20110.3984375,736990
2019-08-29,20063.412109375,20110.399022980095,19828.477541349534,20110.399022980095,948710
2019-08-30,20204.373046875,20204.373046875,19969.4384765625,20110.39921875,1236390
2019-09-02,20204.373046875,20204.373046875,20204.373046875,20204.373046875,0
2019-09-03,20110.3984375,20345.332998685746,20110.3984375,20298.346086448597,1136630
2019-09-04,20392.3203125,20486.294138824884,19969.438094038018,19969.438094038018,1989740
2019-09-05,20862.1875,21097.122043918916,20392.31841216216,20392.31841216216,4417320
2019-09-06,20862.1875,21097.122043918916,20768.21368243243,21003.14822635135,1189570
2019-09-09,20392.3203125,20862.189444124422,20345.333399337556,20862.189444124422,2274060
2019-09-10,20157.384765625,20580.266963505244,20157.384765625,20298.345498251747,2538930
2019-09-11,20439.30859375,20439.30859375,20110.400179597702,20204.374012212644,1009440
2019-09-12,20627.25390625,20674.24081719818,20392.31935150911,20439.306262457292,1835330
2019-09-13,21285.072265625,21285.072265625,20580.2685482202,20580.2685482202,5546230
2019-09-16,21238.0859375,21379.04668487279,21097.12519012721,21285.072853290927,1846340
2019-09-17,21238.0859375,21332.059769081858,21097.12519012721,21144.112105918142,1689630
2019-09-18,21238.0859375,21379.04668487279,21050.13827433628,21144.112105918142,2613940
2019-09-19,21566.9921875,21566.9921875,21144.109987745098,21238.083809912856,3116360
2019-09-20,21754.94140625,21801.92832073434,21566.993748312634,21613.980662796977,2046450
2019-09-23,21285.072265625,21848.91523954884,21285.072265625,21801.928325055185,2643620
2019-09-24,21238.0859375,21426.033600663715,21191.09902170907,21285.072853290927,2698720
2019-09-25,21285.072265625,21379.046094612306,21050.137693156732,21238.085351131347,1603250
2019-09-26,21707.953125,21754.94003652597,21285.070921266233,21285.070921266233,2315980
2019-09-27,21801.927734375,21942.888474036907,21613.980081492457,21707.953907933726,2199880
2019-09-30,21942.888671875,22083.849412807816,21754.94101729791,21895.901758230728,2640100
2019-10-01,22318.783203125,22318.783203125,21754.940259046052,21942.887907072367,2328320
2019-10-02,22318.783203125,22506.730851151315,22177.822467105263,22271.79629111842,2720060
2019-10-03,22365.76953125,22365.76953125,21942.887334230567,22083.84806657038,2152040
2019-10-04,22177.8203125,22506.72866459216,22083.846497616523,22412.754849708686,2380040
2019-10-07,21754.94140625,22224.81055109341,21754.94140625,22224.81055109341,2959530
2019-10-08,22130.8359375,22130.8359375,21754.94063495223,21754.94063495223,1939340
2019-10-09,22224.80859375,22224.80859375,22036.860952365223,22177.821683403807,1287970
2019-10-10,22224.80859375,22318.78241444239,22130.834773057613,22130.834773057613,721560
2019-10-11,22177.8203125,22271.794127383473,22130.83340505826,22177.8203125,859400
2019-10-14,22459.744140625,22741.665615193517,22177.822666056487,22271.796490912657,5147390
2019-10-15,22788.654296875,22788.654296875,22177.824387886598,22412.758968266753,2505730
2019-10-16,22976.599609375,23070.573431908233,22835.638875575154,22835.638875575154,2027890
2019-10-17,22929.611328125,22929.611328125,22694.676785828637,22929.611328125,2372790
2019-10-18,22929.611328125,23117.55896196209,22835.637511206456,22929.611328125,1217000
2019-10-21,22459.744140625,22929.61326490586,22177.822666056487,22929.61326490586,1602090
2019-10-22,22553.716796875,22553.716796875,22318.78224690755,22459.74297688802,1259780
2019-10-23,22506.73046875,22553.717379958245,22365.76973512526,22553.717379958245,1210010
2019-10-24,22412.755859375,22553.716588050316,22318.782040258124,22553.716588050316,1437210
2019-10-25,22412.755859375,22459.74276893344,22271.795130699687,22459.74276893344,1383270
2019-10-28,22365.76953125,22553.717174369747,22318.78262047006,22506.730263589812,1637090
2019-10-29,22271.796875,22365.770701476795,22130.83613528481,22365.770701476795,1432590
2019-10-30,22365.76953125,22553.717174369747,22177.821888130253,22271.795709690126,1505720
2019-10-31,22271.796875,22506.731441191983,22271.796875,22365.770701476795,1249530
2019-11-01,22318.783203125,22412.757027138156,22177.822467105263,22271.79629111842,1276580
2019-11-04,22882.626953125,22929.613866786447,22318.78398918763,22459.74473017197,3950490
2019-11-05,23258.521484375,23399.48222064394,22929.613099747476,23023.586923926767,2664570
2019-11-06,23258.521484375,23352.495308554295,23164.54766019571,23352.495308554295,1670500
2019-11-07,23305.509765625,23305.509765625,23164.54902107485,23305.509765625,1200940
2019-11-08,23587.4296875,23634.416599228087,23305.508217131475,23305.508217131475,4107220
2019-11-11,23634.41796875,23963.326369905568,23540.444139848412,23681.404883200797,3594060
2019-11-12,23634.41796875,23681.404883200797,23493.457225397615,23540.444139848412,1410930
2019-11-13,23258.521484375,23775.37751736111,23258.521484375,23775.37751736111,3308350
2019-11-14,23211.533203125,23258.520112443064,22976.598656534665,23211.533203125,1789980
2019-11-15,23399.482421875,23446.469334368725,22929.61329693775,23211.5347719001,1355990
2019-11-18,22976.599609375,23446.468722041158,22976.599609375,23399.48181077454,1327810
2019-11-19,23258.521484375,23305.508396464647,22976.600011837123,22976.600011837123,986340
2019-11-20,22929.611328125,23399.480412717727,22835.637511206456,23305.50659579918,1185900
2019-11-21,22083.849609375,22929.6140625,22083.849609375,22882.6271484375,4049470
2019-11-22,21660.96484375,22553.71610629067,21426.030300976137,22553.71610629067,2348690
2019-11-25,21895.900390625,21895.900390625,21473.01819423954,21707.952747787018,1110080
2019-11-26,22036.861328125,22083.84823927239,21895.900594682837,21989.87441697761,995420
2019-11-27,21942.888671875,22177.82324009636,21942.888671875,22083.849412807816,816030
2019-11-28,21520.00390625,21942.88607908024,21520.00390625,21942.88607908024,1133640
2019-11-29,21520.00390625,21707.951538618996,21379.043181973255,21613.977722434498,754400
2019-12-02,21332.056640625,21660.965002925386,21238.08282282489,21566.991185125276,1156110
2019-12-06,21754.94140625,21989.875978671706,21707.95449176566,21848.915235218683,509280
2019-12-09,21426.03125,21848.913445723683,21332.05742872807,21754.939624451756,799820
2019-12-10,21050.13671875,21426.032017299105,20956.162894112724,21379.04510498047,1281250
2019-12-11,21332.056640625,21379.043549525057,21144.10900502478,21144.10900502478,795470
2019-12-12,21754.94140625,21895.902149703023,21285.07226140659,21285.07226140659,1024340
2019-12-13,21754.94140625,21848.915235218683,21613.980662796977,21801.92832073434,903570
2019-12-16,21754.94140625,21754.94140625,21520.006833828294,21613.980662796977,837370
2019-12-17,21379.04296875,21754.93822973901,21379.04296875,21707.951322115383,797100
2019-12-18,21332.056640625,21426.03045842511,21238.08282282489,21332.056640625,681130
2019-12-19,21003.1484375,21379.043711549217,20956.161528243847,21238.08298378076,1746590
2019-12-20,21426.03125,21426.03125,21050.135964912282,21050.135964912282,653220
2019-12-23,21707.953125,21848.913859577922,21520.005478896102,21613.97930194805,2394730
2019-12-24,21613.98046875,21754.9412109375,21473.0197265625,21754.9412109375,419130
2019-12-25,21613.98046875,21754.9412109375,21566.993554687502,21613.98046875,598950
2019-12-26,21660.96484375,21660.96484375,21520.004118085682,21613.977935195227,855750
2019-12-27,21801.927734375,21801.927734375,21566.99316827182,21660.96699471309,819850
2019-12-30,22036.861328125,22506.73043959888,21942.887505830226,22083.84823927239,2452800
2019-12-31,22130.8359375,22318.783588773884,22036.862111863058,22036.862111863058,731740
2020-01-01,22130.8359375,22130.8359375,22130.8359375,22130.8359375,0
2020-01-02,22365.76953125,22412.75644202994,22083.84806657038,22130.834977350314,1387610
2020-01-03,22224.80859375,22506.730055827167,22224.80859375,22459.743145480974,756700
2020-01-06,21660.96484375,21989.873203633404,21660.96484375,21989.873203633404,1162990
2020-01-07,21801.927734375,21801.927734375,21613.980081492457,21660.96699471309,1043300
2020-01-08,21379.04296875,21660.96441449176,21238.08224587912,21426.029876373625,1710390
2020-01-09,21660.96484375,21707.951752304773,21473.01720953091,21613.977935195227,2009840
2020-01-10,21754.94140625,22083.84980764039,21613.980662796977,21613.980662796977,3679110
2020-01-13,21566.9921875,21754.939831835512,21379.044543164488,21613.979098583877,892360
2020-01-14,21520.00390625,21660.964630526745,21520.00390625,21566.990814342247,1804950
2020-01-15,21520.00390625,21613.977722434498,21426.030090065502,21520.00390625,1929280
2020-01-16,21895.900390625,21942.887301334496,21520.005104949036,21520.005104949036,4383720
2020-01-17,21989.875,22177.82264957265,21895.901175213676,21989.875,1875160
2020-01-20,21942.888671875,22036.862499163544,21801.927930942184,21895.901758230728,2019730
2020-01-21,22600.705078125,22600.705078125,21989.87521114865,22036.862123992985,7458340
2020-01-22,22741.666015625,22788.652928880423,22506.73144934788,22788.652928880423,2309150
2020-01-23,22741.666015625,22741.666015625,22741.666015625,22741.666015625,0
2020-01-24,22741.666015625,22741.666015625,22741.666015625,22741.666015625,0
2020-01-27,22741.666015625,22741.666015625,22741.666015625,22741.666015625,0
2020-01-28,22741.666015625,22741.666015625,22741.666015625,22741.666015625,0
2020-01-29,22741.666015625,22741.666015625,22741.666015625,22741.666015625,0
2020-01-30,21520.00390625,22365.768251910482,21379.043181973255,22083.846803356988,4013510
2020-01-31,20298.34765625,21520.007468894677,20298.34765625,21285.07288953993,6118460
2020-02-03,20157.384765625,20768.214607007576,19123.67272636218,19264.633458988927,4258750
2020-02-04,20439.30859375,20580.269342672414,19922.45251436782,20204.374012212644,2196570
2020-02-05,20439.30859375,20815.20392420977,20251.360928520116,20674.243175287356,2433210
2020-02-06,21003.1484375,21097.122256012306,20204.370980145413,20345.331707913872,2677150
2020-02-07,20815.201171875,21003.148812253105,20580.26662140237,21003.148812253105,1965440
2020-02-10,20533.279296875,20674.2400243135,20345.331660290332,20580.266206021166,1304360
2020-02-11,20815.201171875,20956.161902158576,20533.279711307845,20533.279711307845,1353360
2020-02-12,21285.072265625,21566.99375258692,20862.190035182117,20956.163864169426,3157240
2020-02-13,21238.0859375,21285.072853290927,21050.13827433628,21191.09902170907,1823230
2020-02-14,21895.900390625,21989.874212043993,21520.005104949036,21707.952747787018,4375740
2020-02-17,22365.76953125,22459.743352809874,21848.913512670693,21989.874245010506,6393370
2020-02-18,22271.796875,22647.692180907175,22130.83613528481,22365.770701476795,4268770
2020-02-19,22224.80859375,22271.795504096197,22036.860952365223,22177.821683403807,1980690
2020-02-20,22083.849609375,22459.744921875,21895.901953125,22271.797265625002,2950950
2020-02-21,21707.953125,22271.796063311685,21707.953125,21989.874594155845,2959980
2020-02-24,20204.373046875,21379.0458984375,20204.373046875,21379.0458984375,7508070
2020-02-25,20862.1875,20909.174408783783,19546.554054054053,19734.50168918919,3236900
2020-02-26,21003.1484375,21144.109165268455,20298.34479865772,20439.305526426175,2243500
2020-02-27,21379.04296875,21379.04296875,20862.186984890108,21003.14770776099,2324050
2020-02-28,20909.17578125,21050.13651685393,20533.28048630618,20674.241221910113,2433150
2020-03-02,21144.111328125,21285.0720703125,20768.216015625,21050.1375,2567350
2020-03-03,21144.111328125,21613.98046875,21144.111328125,21473.0197265625,2162150
2020-03-05,20956.1640625,21473.02012682175,20956.1640625,21191.098637191702,2022250
2020-03-06,20721.228515625,20862.18925382653,20486.293951955784,20862.18925382653,2247920
2020-03-09,19311.619140625,19734.50131158759,19311.619140625,19405.592956394463,4584600
2020-03-10,19452.58203125,19734.503509963768,18888.739073822464,19170.660552536232,3161970
2020-03-11,18136.947265625,19687.515296105896,18136.947265625,19546.554566062176,5626550
2020-03-12,16868.30078125,17385.15679404596,16868.30078125,16915.287691504178,4054760
2020-03-13,17150.22265625,17432.144124571918,15693.628403253424,15693.628403253424,4332700
2020-03-16,16398.43359375,17150.224245612466,16163.49901504298,17150.224245612466,3645430
2020-03-17,16868.30078125,16868.30078125,15834.588755658078,15975.549486420612,3112070
2020-03-18,16868.30078125,17103.23533252089,16633.366229979107,17009.261512012534,1908520
2020-03-19,16210.484375,16727.340398550725,16116.510552536232,16539.39275362319,2214980
2020-03-20,16304.458984375,16445.41972487392,16116.511330376441,16398.43281137428,1878140
2020-03-23,15176.7724609375,15975.54995888158,15176.7724609375,15223.75937258127,3265510
2020-03-24,15129.78515625,15505.680439635093,15035.811335403727,15505.680439635093,3209920
2020-03-25,15599.654296875,15693.628117940512,15317.732833678465,15505.68047580949,2952270
2020-03-26,15129.78515625,15599.654260481366,15129.78515625,15599.654260481366,1487540
2020-03-27,15035.8125,15223.76015625,14659.917187500001,15176.7732421875,2746330
2020-03-30,14002.099609375,14565.942546665268,14002.099609375,14190.047255138423,3360230
2020-03-31,14096.07421875,14565.943359375,13156.3359375,14096.07421875,1578850
2020-04-01,14565.9423828125,14659.916204637097,13485.243431829636,14096.073273689515,1316380
2020-04-02,14565.9423828125,14565.9423828125,14565.9423828125,14565.9423828125,0
2020-04-03,14894.8505859375,14988.824406668966,14565.942213377366,14565.942213377366,1433510
2020-04-06,15928.5625,15928.5625,15129.785029498526,15223.758849557522,2966040
2020-04-07,15928.5625,16163.497050147493,15787.601769911504,15975.549410029498,2424610
2020-04-08,15693.62890625,15787.602732035928,15317.733603106288,15787.602732035928,1408000
2020-04-09,15881.576171875,16116.510730630547,15834.58926012389,16069.523818879437,2199830
2020-04-10,15740.6142578125,15928.561890741605,15646.640441347949,15693.627349580223,1495400
2020-04-13,16163.498046875,16539.3933502907,15740.61583053234,15740.61583053234,2564400
2020-04-14,16116.5107421875,16304.458389326714,15881.576183263485,16304.458389326714,1446850
2020-04-15,16492.404296875,16492.404296875,16163.495949074075,16257.469762731482,2536130
2020-04-16,16492.404296875,16492.404296875,16163.495949074075,16445.417390046296,1858330
2020-04-17,16680.353515625,16774.32733824824,16445.4189590669,16727.34042693662,2252420
2020-04-20,16633.365234375,16868.299771583686,16445.41760460805,16821.31286414195,1847520
2020-04-21,15834.5888671875,16351.444883623888,15693.628135432122,16257.471062453635,3045020
2020-04-22,15881.576171875,16163.497642381657,15270.746319110576,15270.746319110576,1742290
2020-04-23,15928.5625,16257.470870206489,15928.5625,16163.497050147493,1401680
2020-04-24,16069.5244140625,16116.511327553912,15881.576760096857,16069.5244140625,851770
2020-04-27,16022.537109375,16210.484758751832,15975.55019703079,16069.524021719208,962880
2020-04-28,16069.5244140625,16116.511327553912,15834.589846605446,16116.511327553912,921180
2020-04-29,16069.5244140625,16069.5244140625,16069.5244140625,16069.5244140625,0
2020-04-30,16069.5244140625,16069.5244140625,16069.5244140625,16069.5244140625,0
2020-05-01,16069.5244140625,16069.5244140625,16069.5244140625,16069.5244140625,0
2020-05-04,16351.4453125,16633.366783405174,16116.510753412356,16163.497665229885,2018840
2020-05-05,16351.4453125,16539.392959770117,16304.458400682472,16445.419136135057,546010
2020-05-06,16492.404296875,16492.404296875,16210.48285590278,16492.404296875,1175100
2020-05-07,16633.365234375,16633.365234375,16398.430697166314,16492.404512049787,2409540
2020-05-08,17761.052734375,17761.052734375,16633.366846478173,16633.366846478173,7260470
2020-05-11,18982.7109375,18982.7109375,18183.933497060643,18324.89422184406,4765680
2020-05-12,19358.607421875,19499.56815552943,18418.869197512136,18888.738309693566,3555810
2020-05-13,19358.607421875,19452.581244311285,18606.81684238471,19076.68595456614,4746350
2020-05-14,19264.634765625,19358.60859375,18888.739453125,19170.6609375,3351270
2020-05-15,19264.634765625,19264.634765625,19264.634765625,19264.634765625,0
2020-05-18,19264.634765625,19264.634765625,19264.634765625,19264.634765625,0
2020-05-19,20110.3984375,20110.3984375,19687.516227365653,20063.41152526285,4135900
2020-05-20,20110.3984375,20110.3984375,20110.3984375,20110.3984375,0
2020-05-21,20674.240234375,20674.240234375,19593.54131303267,19781.48895152699,3539410
2020-05-22,19781.490234375,20298.34627375297,19781.490234375,20298.34627375297,3322040
2020-05-25,19781.490234375,20016.424797728625,19687.516409033553,19828.477147045727,1962970
2020-05-26,20016.423828125,20016.423828125,19734.502365757042,19828.476186546362,2220450
2020-05-27,19640.529296875,20110.398418809807,19640.529296875,19922.450770035884,2673490
2020-05-28,19640.529296875,19922.450770035884,19546.55547248804,19640.529296875,1584390
2020-05-29,19452.58203125,19687.51659684481,19452.58203125,19593.542770606884,1101170
2020-06-01,20016.423828125,20016.423828125,19546.554724178404,19546.554724178404,2341100
2020-06-02,19875.462890625,20204.371259973403,19828.475980718085,20204.371259973403,2469400
2020-06-03,20063.412109375,20157.385936585186,19875.464454954625,19875.464454954625,2064360
2020-06-04,19922.451171875,20157.385737581073,19922.451171875,20110.398824439857,2216760
2020-06-05,19922.451171875,19922.451171875,19922.451171875,19922.451171875,0
2020-06-08,19922.451171875,19922.451171875,19922.451171875,19922.451171875,0
2020-06-09,19922.451171875,19922.451171875,19922.451171875,19922.451171875,0
2020-06-10,20533.279296875,20627.253115167336,19969.436387120997,20063.41020541333,2295880
2020-06-11,19640.529296875,20580.26754074462,19640.529296875,20580.26754074462,3478310
2020-06-12,19875.462890625,19969.43671043883,19264.633061835106,19358.606881648935,3715000
2020-06-15,18888.740234375,19828.47855449316,18841.75331836909,19828.47855449316,2302220
2020-06-16,19358.607421875,19358.607421875,19076.68595456614,19264.633599438712,1487150
2020-06-17,19076.685546875,19358.607008158866,19029.69863666102,19358.607008158866,1416900
2020-06-18,18982.7109375,19217.645478805694,18982.7109375,19076.684754022277,625890
2020-06-19,19264.634765625,19264.634765625,18982.713281250002,18982.713281250002,632650
2020-06-22,19499.568359375,19687.51600621235,19264.633800828313,19687.51600621235,1166650
2020-06-23,19405.595703125,19546.556446731236,19358.608788589587,19499.569532195823,1173850
2020-06-24,19264.634765625,19499.5693359375,19170.6609375,19452.582421875002,860730
2020-06-25,18982.7109375,19170.658570544554,18888.737120977723,18982.7109375,1162400
2020-06-26,19123.673828125,19264.63456887285,18935.726173794534,19264.63456887285,668030
2020-06-29,18465.85546875,18888.73765505725,18418.868559160306,18794.763835877864,1752070
2020-06-30,18371.8828125,18700.791200447573,17949.000599424555,18559.830462755755,1290510
2020-07-01,18606.818359375,18700.792189472853,18277.909954032515,18324.89686908144,751460
2020-07-02,18559.830078125,18747.77772448576,18324.89552017405,18747.77772448576,820250
2020-07-03,18606.818359375,18606.818359375,18371.88378413037,18559.831444326075,593390
2020-07-06,19029.69921875,19029.69921875,18606.81701388889,18606.81701388889,1220550
2020-07-07,19029.69921875,19170.659953703704,18982.712307098765,19076.686130401235,895150
2020-07-08,18888.740234375,19029.700982392722,18888.740234375,18982.714066386816,676840
2020-07-09,19687.517578125,19687.517578125,18888.74001528938,19029.700761672135,3146430
2020-07-10,19687.517578125,19687.517578125,19687.517578125,19687.517578125,0
2020-07-13,19076.685546875,19546.55464901478,18794.764085591134,19546.55464901478,1725580
2020-07-14,18888.740234375,19076.68789839863,18794.766402363184,18982.714066386816,1809120
2020-07-15,18888.740234375,18888.740234375,18888.740234375,18888.740234375,0
2020-07-16,19734.501953125,19734.501953125,19170.659040178572,19358.60667782738,1662150
2020-07-17,19358.607421875,19546.555066747573,19311.620510656856,19452.581244311285,1180670
2020-07-20,19264.634765625,19405.5955078125,19217.647851562502,19264.634765625,1164560
2020-07-21,19264.634765625,19311.6216796875,19076.687109375,19264.634765625,818210
2020-07-22,19029.69921875,19358.607600308642,19029.69921875,19358.607600308642,1224170
2020-07-23,19076.685546875,19076.685546875,18888.73790601909,18982.711726447043,861140
2020-07-24,18324.89453125,19076.685076121794,17855.02544070513,19076.685076121794,2951240
2020-07-27,17056.25,18042.975206611573,17056.25,17949.00137741047,2677650
2020-07-28,17620.091796875,17667.078708333334,16915.288125,17103.235770833333,2883870
2020-07-29,17056.25,17291.184573002756,16445.420110192837,17197.210743801654,1841250
2020-07-30,17479.130859375,17855.026146673386,16445.418819304436,17103.235572076614,974910
2020-07-31,17056.25,17526.11914600551,17056.25,17103.23691460055,2304460
2020-08-03,17479.130859375,17479.130859375,17056.248661164314,17150.22248298891,1247760
2020-08-04,17714.06640625,17949.00097397215,17620.09257916114,17761.05331979443,1210770
2020-08-05,18277.908203125,18277.908203125,17573.10454490681,17761.05218709833,1917290
2020-08-06,18042.974609375,18324.896087646484,17949.000783284504,18230.92226155599,1860660
2020-08-07,17995.98828125,18183.935939539817,17902.01445210509,18136.94902496736,951190
2020-08-10,18230.921875,18512.843347293812,18136.94805090206,18136.94805090206,2743500
2020-08-11,18277.908203125,18371.88202422076,18136.947471481362,18371.88202422076,1334060
2020-08-12,18465.85546875,18512.842378339694,18277.90783039122,18277.90783039122,1634530
2020-08-13,18606.818359375,18653.80527442393,18418.870699179293,18559.831444326075,1584180
2020-08-14,18606.818359375,18982.713679766413,18465.85761422822,18606.818359375,2588850
2020-08-17,18888.740234375,18935.727150380906,18559.831822333643,18559.831822333643,2732690
2020-08-18,18841.751953125,18982.71269092893,18794.765040523693,18888.73886572631,1410740
2020-08-19,18982.7109375,19029.69784576114,18794.763304455446,18888.737120977723,1132620
2020-08-20,18794.763671875,19029.69821777344,18653.802944335937,18982.711308593753,3659990
2020-08-21,19123.673828125,19170.660741707616,18888.739260211918,18888.739260211918,2817550
2020-08-24,19687.517578125,19734.50449358592,19264.635338976732,19499.569916281325,2749740
2020-08-25,20016.423828125,20110.39764891432,19734.502365757042,19734.502365757042,3775640
2020-08-26,19828.474609375,20016.422236004146,19734.500796060427,19922.448422689573,2116830
2020-08-27,19875.462890625,19922.449800531915,19734.502160904256,19828.475980718085,1792750
2020-08-28,20298.34765625,20533.282235604747,19969.439245153357,20016.426161024305,5154230
2020-08-31,20016.423828125,20486.292932071596,19969.43691773034,20298.345290492958,1793790
2020-09-01,20392.3203125,20392.3203125,19828.47735455069,20016.42500720046,2171350
2020-09-02,20392.3203125,20392.3203125,20392.3203125,20392.3203125,0
2020-09-03,20674.240234375,20768.21405362216,20392.318776633525,20439.305686257103,3326470
2020-09-04,20533.279296875,20580.266206021166,20392.3185694365,20392.3185694365,2276910
2020-09-07,19922.451171875,20627.25486899322,19922.451171875,20533.28104271079,2350940
2020-09-08,20204.373046875,20204.373046875,19781.4908203125,20063.4123046875,1935300
2020-09-09,19922.451171875,20204.372650722285,19687.516606168927,19828.47734559257,2762390
2020-09-10,20157.384765625,20298.345498251747,20016.42403299825,20016.42403299825,1524900
2020-09-11,20016.423828125,20157.38455930898,19828.476186546362,19969.43691773034,1236940
2020-09-14,20204.373046875,20251.3599609375,20016.425390625,20016.425390625,1578270
2020-09-15,20063.412109375,20251.359763795375,20063.412109375,20204.37285019028,1835310
2020-09-16,20110.3984375,20157.38534973715,19969.437700788552,20063.41152526285,1258880
2020-09-17,20016.423828125,20298.345290492958,19969.43691773034,20110.39764891432,3654030
2020-09-18,20486.29296875,20486.29296875,20063.41077444094,20110.397684919724,5334940
2020-09-21,20956.1640625,20956.1640625,20674.242572869956,20674.242572869956,5874890
2020-09-22,21003.1484375,21097.122256012306,20721.22698196309,20862.187709731545,3669840
2020-09-23,20956.1640625,21144.111722253365,20909.17714756166,21003.15097743834,2941250
2020-09-24,21097.125,21097.125,20768.216592427616,20909.177338530066,3988170
2020-09-25,21050.13671875,21144.110543387276,20909.175981794084,21097.123631068636,3497970
2020-09-28,21473.01953125,21613.98027215536,20909.176567628554,21003.150394898796,2811640
2020-09-29,21191.09765625,21613.979871119733,21191.09765625,21520.006045593127,2973020
2020-09-30,21238.0859375,21238.0859375,20956.164442754423,21191.09902170907,2357980
2020-10-01,21426.03125,21520.00507127193,21238.08360745614,21285.070518092107,3497290
2020-10-02,21191.09765625,21613.979871119733,21003.150005196785,21520.006045593127,4381810
2020-10-05,21191.09765625,21379.045307303215,20909.176179670176,21191.09765625,5363760
2020-10-06,21050.13671875,21379.04510498047,20862.189069475444,21332.05819266183,6850730
2020-10-07,20486.29296875,21003.14898401663,20486.29296875,20956.162073537846,12159210
2020-10-08,20063.412109375,20674.241986241217,20063.412109375,20580.26815903103,14366760
2020-10-09,20063.412109375,20627.255072636126,20016.425195769905,20204.37285019028,13523760
2020-10-12,19922.451171875,20533.28104271079,19922.451171875,20392.320303287146,14203730
2020-10-13,20110.3984375,20345.332998685746,19922.4507885514,19969.437700788552,14215200
2020-10-14,21473.01953125,21473.01953125,20298.34669037199,20298.34669037199,48630920
2020-10-15,21473.01953125,22365.770890317286,21426.032617614877,22036.862494871442,25323170
2020-10-16,21285.072265625,21895.902154042495,21238.085351131347,21520.006838093268,27075400
2020-10-19,21613.98046875,21942.8888671875,21473.0197265625,21566.993554687502,28506770
2020-10-20,22459.744140625,22694.678702765428,21613.979716919457,21613.979716919457,34662420
2020-10-21,22318.783203125,22929.613059210526,22271.79629111842,22741.66541118421,20951070
2020-10-22,22506.73046875,22553.717379958245,22083.848267875783,22271.795912708767,24408740
2020-10-23,22553.716796875,22741.664436848958,22412.75606689453,22647.69061686198,28288440
2020-10-26,21942.888671875,23446.4699084917,21942.888671875,22929.61385840471,24707670
2020-10-27,21895.900390625,22506.730229848446,21895.900390625,22365.769497719957,30805330
2020-10-28,21050.13671875,22036.861877441406,21050.13671875,21895.90114048549,32092220
2020-10-29,20486.29296875,21332.05735736812,20486.29296875,20768.214431622706,36149460
2020-10-30,20063.412109375,20909.176554266687,20063.412109375,20768.215813451407,28887760
2020-11-02,20110.3984375,20533.280647634347,20110.3984375,20298.346086448597,22943680
2020-11-03,20674.240234375,21097.122420987216,20345.331867009943,20486.292595880685,27962010
2020-11-04,20815.201171875,21238.083362725734,20815.201171875,21003.148812253105,21927670
2020-11-05,20486.29296875,21003.14898401663,20486.29296875,20815.201342101493,19766660
2020-11-06,20298.34765625,20674.242983217595,20204.373824508104,20580.269151475695,15368880
2020-11-09,20721.228515625,20862.18925382653,20486.293951955784,20533.280864689626,17624180
2020-11-10,20768.21484375,21191.097046450792,20721.2279323388,21144.11013503959,21221910
2020-11-11,20674.240234375,21050.13551136364,20674.240234375,20862.18787286932,14433190
2020-11-12,20956.1640625,20956.1640625,20674.242572869956,20768.216402746635,10771120
2020-11-13,21613.98046875,21754.9412109375,21050.1375,21050.1375,22376970
2020-11-16,21520.00390625,21989.87298717249,21426.030090065502,21989.87298717249,25236270
2020-11-17,21942.888671875,21942.888671875,21473.019535432282,21613.980276365095,17457030
2020-11-18,21942.888671875,22177.82324009636,21707.95410365364,21895.901758230728,22760740
2020-11-19,21989.875,22177.82264957265,21801.92735042735,21942.88808760684,16935520
2020-11-20,21989.875,22083.848824786324,21895.901175213676,22083.848824786324,13546080
2020-11-23,22177.8203125,22224.807219941737,21707.951238082627,21989.87268273305,17857230
2020-11-24,22224.80859375,22553.71696617336,21989.87404201903,22271.795504096197,22530770
2020-11-25,22177.8203125,22506.72866459216,22130.83340505826,22506.72866459216,13655890
2020-11-26,22177.8203125,22271.794127383473,21989.87268273305,22224.807219941737,13091570
2020-11-27,22271.796875,22459.744527953586,22130.83613528481,22177.82304852321,12261190
2020-11-30,22647.693359375,22929.614853475105,22271.798033908195,22506.732612324948,24645230
2020-12-01,23023.5859375,23023.5859375,22224.80846619898,22365.769196428573,22797760
2020-12-02,23587.4296875,23775.37733441235,23117.560570219124,23117.560570219124,27463650
2020-12-03,23493.45703125,23963.326171875,23493.45703125,23587.430859375,17490250
2020-12-04,23305.509765625,23493.4574250252,23258.52285077495,23352.49668047505,16507860
2020-12-07,23540.443359375,23681.404098053892,23305.50879491018,23305.50879491018,13044510
2020-12-08,23493.45703125,23681.404687500002,23399.483203125,23681.404687500002,14341140
2020-12-09,24198.259765625,24339.220502123786,23540.44299529733,23587.429907463593,19001670
2020-12-10,23775.376953125,24433.193706768776,23775.376953125,24433.193706768776,18133060
2020-12-11,24104.28515625,24104.28515625,23540.44222861842,23775.376781798244,14116670
2020-12-14,24621.140625,24715.11444417939,24151.271529103054,24339.219167461833,15694300
2020-12-15,24574.154296875,24762.101939680928,24386.206654069072,24527.167386173518,13700860
2020-12-16,26265.68359375,26265.68359375,24809.089333631484,24856.076245248212,29092450
2020-12-17,26641.580078125,27581.31835248567,26265.684768380732,26312.671682098764,29802380
2020-12-18,27440.357421875,27487.344335268623,26782.540634364297,26782.540634364297,15252570
2020-12-21,27628.3046875,28098.173814838436,27346.383211096938,27722.27851296769,22777010
2020-12-22,27628.3046875,27628.3046875,27628.3046875,27628.3046875,0
2020-12-23,26970.486328125,27487.34233789743,26782.538688207755,27440.35542791812,19453550
2020-12-24,26265.68359375,27158.434914467798,25278.958449798745,27158.434914467798,26106600
2020-12-25,27769.263671875,27816.250581641285,26030.74801052242,26265.68255935385,17113750
2020-12-28,27910.224609375,28474.067530776516,27722.276968907827,28098.172249842173,14471300
2020-12-29,27957.212890625,28098.173627888653,27722.278328518907,27863.23906578256,12909770
2020-12-30,28098.171875,28709.001698369564,27910.224237040133,28004.198056020068,16579440
2020-12-31,29601.75390625,29836.68846106151,28098.172755456348,28145.15966641865,16486510
2021-01-01,29601.75390625,29601.75390625,29601.75390625,29601.75390625,0
2021-01-04,31011.361328125,31387.25661695076,29977.649283854167,30071.623106060608,1860780
2021-01-05,31058.34765625,31340.269117577533,30588.478554037443,30776.426194922467,1428010
2021-01-06,31199.30859375,32045.07298333961,30964.374041086223,31199.30859375,2022230
2021-01-07,32514.943359375,32514.943359375,31387.257462518064,31716.165849101337,1638720
2021-01-08,33548.65234375,34065.508332239144,32796.861815038515,32890.83563112745,1694790
2021-01-11,33125.7734375,34065.5116910461,33078.786524822695,33595.64256427305,1398030
2021-01-12,32984.80859375,33360.70384837963,32420.96571180556,32890.83478009259,1641820
2021-01-13,33031.796875,33830.57432432432,32984.80996621621,33313.7183277027,1139960
2021-01-14,33595.64453125,33642.63144667832,32749.88005354021,33219.74920782343,1199520
2021-01-15,34629.35546875,35287.17226191486,34065.51250318012,34112.49941697761,1735740
2021-01-18,34018.5234375,34958.261654005524,33736.60197254834,34958.261654005524,1337740
2021-01-19,31857.125,34206.47050147493,31669.177359882004,33736.60140117994,2279650
2021-01-20,32420.96875,32655.90330615942,30071.6231884058,32139.047282608695,2577230
2021-01-21,34018.5234375,34018.5234375,32420.96846944061,33125.77213181975,1425330
2021-01-22,34112.5,34676.342975206615,33642.630853994495,34253.460743801654,1234740
2021-01-25,33642.62890625,34159.48493693261,33454.68125872905,33595.64199436976,1563960
2021-01-26,32890.83984375,33642.63046875,31481.232421875,33360.708984375,1811140
2021-01-27,31481.228515625,33125.77030375467,30682.451075676305,32186.032139109142,1877540
2021-01-28,29319.833984375,31011.36286808894,29319.833984375,29601.75546499399,2712110
2021-01-29,30071.625,31340.2716796875,27816.253125,27816.253125,2742090
2021-02-01,30259.5703125,31481.229983501555,29648.740476999224,30071.622670807454,1514670
2021-02-02,31951.09765625,32045.07147288603,30024.6344152114,30259.56895680147,1349890
2021-02-03,32890.83984375,33360.708984375,31951.1015625,32420.970703125,1823870
2021-02-04,32890.83984375,33454.6828125,32514.94453125,32890.83984375,1414140
2021-02-05,34112.5,34112.5,32984.81404958678,33172.76170798898,1435820
2021-02-08,32890.83984375,34300.447265625,31951.1015625,34112.499609375,2127280
2021-02-09,32890.83984375,32890.83984375,32890.83984375,32890.83984375,0
2021-02-10,32890.83984375,32890.83984375,32890.83984375,32890.83984375,0
2021-02-11,32890.83984375,32890.83984375,32890.83984375,32890.83984375,0
2021-02-12,32890.83984375,32890.83984375,32890.83984375,32890.83984375,0
2021-02-15,32890.83984375,32890.83984375,32890.83984375,32890.83984375,0
2021-02-16,32890.83984375,32890.83984375,32890.83984375,32890.83984375,0
2021-02-17,36085.94921875,36085.94921875,34300.4465230306,34676.34182739258,2113400
2021-02-18,36555.81640625,36837.737869537275,35710.052016388174,36179.921121866966,1579130
2021-02-19,36367.8671875,36743.76245558786,35897.99810239018,35897.99810239018,1280130
2021-02-22,36273.89453125,36508.82908132287,35710.051611075134,36320.88144126457,1446680
2021-02-23,37401.58203125,37918.438064345166,36461.8437892588,36461.8437892588,2638420
2021-02-24,37401.58203125,37401.58203125,37401.58203125,37401.58203125,0
2021-02-25,37401.58203125,37401.58203125,37401.58203125,37401.58203125,0
2021-02-26,36884.7265625,36978.700388136946,35991.97521894905,35991.97521894905,1526500
2021-03-01,37777.48046875,37824.46738475591,36931.715980643654,37307.61130869092,1262220
2021-03-02,37871.44921875,38294.33140605614,37589.527760545905,38247.34449635546,857680
2021-03-03,37918.4375,38059.398234200744,37589.52912019827,37918.4375,844190
2021-03-04,36696.78125,38059.40180857875,36273.89900768246,37965.427976952626,1622830
2021-03-05,36837.73828125,36978.699014469064,35991.973881935584,36555.816814811864,1116960
2021-03-08,36508.83203125,37307.60956603925,36179.92363457207,37119.661910794726,1080710
2021-03-09,36602.8046875,36931.71307365212,35898.00100288832,36273.896301347886,1059410
2021-03-10,36931.7109375,37025.68475667939,36179.920384064884,36649.78947996184,905000
2021-03-11,37730.4921875,38059.4005876401,37072.6753872198,37307.60995874844,1536930
2021-03-12,37636.515625,38059.39782303371,37354.5941596442,37965.424001248444,804680
2021-03-15,37683.50390625,38059.39920706047,37495.556255844764,37777.47773145262,863850
2021-03-16,37448.56640625,37777.47476866374,36931.71040817127,37683.50095083124,1157730
2021-03-17,37871.44921875,37965.42303815136,37307.60630234181,37589.527760545905,954280
2021-03-18,39422.01953125,39422.01953125,38247.3467204261,38717.215844755665,1641010
2021-03-19,39469.00390625,39609.964634486605,38999.13481212798,38999.13481212798,741370
2021-03-22,38811.19140625,39469.00820974576,38670.230662643764,39469.00820974576,1055450
2021-03-23,38012.4140625,38905.1654434487,37965.42714771323,38623.24395472806,1299770
2021-03-24,36931.7109375,38012.40985806298,36931.7109375,37401.580033396946,1379210
2021-03-25,36978.703125,37401.58537166455,36837.74237611182,37025.69004129606,1042080
2021-03-26,37025.6875,37260.62206535533,36085.94923857868,36790.75293464467,1018840
2021-03-29,37166.64453125,37354.592164783506,36790.749264182996,37307.60525640013,838060
2021-03-30,37636.515625,37965.424001248444,37072.67269428839,37307.60724875156,1076830
2021-03-31,37965.421875,38482.27786587253,37636.51351717203,37777.474241955446,1030410
2021-04-01,38529.26953125,38529.26953125,37824.4658203125,38059.400390625,1106580
2021-04-02,38764.19921875,39281.05520833333,38717.21231060606,39093.107575757575,826130
2021-04-05,38999.13671875,39281.05818900602,38670.22833678464,39187.08436558735,1102560
2021-04-06,39656.94921875,39938.87065869372,38623.23727228969,38952.1456188907,1495700
2021-04-07,39656.94921875,39985.857565351005,39281.05396549171,39469.001592120854,772840
2021-04-08,39422.01953125,39891.88865557956,39187.08496908522,39844.901743146605,751880
2021-04-09,39093.11328125,39469.00860126202,38999.139451247,39187.08711125301,802250
2021-04-12,39609.96875,39750.92949288256,39093.11269276394,39469.00800711744,1499020
2021-04-13,39093.11328125,39938.87775127705,38999.139451247,39938.87775127705,1510410
2021-04-14,39281.05859375,39422.01933033044,38435.29417426734,38623.241823041266,975330
2021-04-15,38435.29296875,39422.01809386461,38435.29296875,39422.01809386461,1474510
2021-04-16,38012.4140625,38717.2177843016,37213.636511124845,38341.32246600741,1548870
2021-04-19,39093.11328125,39187.08711125301,37589.53200120192,38341.32264122596,1123440
2021-04-20,38670.2265625,39375.030205801944,38341.31819562576,39046.121838927706,1122500
2021-04-21,38670.2265625,38670.2265625,38670.2265625,38670.2265625,0
2021-04-22,37307.609375,38623.24295497481,37307.609375,38247.34764641058,835280
2021-04-23,38059.3984375,38106.385349151235,36743.76491126543,37354.59476273148,1060070
2021-04-26,37072.671875,38341.318441064635,37072.671875,38059.396981939164,1215540
2021-04-27,37119.66015625,37683.50309533228,36978.69942147943,37072.67324465981,737000
2021-04-28,37542.54296875,37965.42517991239,37119.66075758761,37119.66075758761,606520
2021-04-29,38529.26953125,39234.0732421875,37542.5443359375,37636.5181640625,1796670
2021-04-30,38529.26953125,38529.26953125,38529.26953125,38529.26953125,0
2021-05-03,38529.26953125,38529.26953125,38529.26953125,38529.26953125,0
2021-05-04,40784.640625,40784.640625,37683.5043562788,37871.45200892857,3174980
2021-05-05,43180.97265625,43603.85486942329,41677.39145385609,41724.3783664309,2821480
2021-05-06,44261.671875,44590.5802647293,42335.208449442674,42382.19536226115,2676600
2021-05-07,44214.68359375,44919.4872642136,43603.85374601488,43979.7490369288,2202750
2021-05-10,45201.41015625,45483.33163331601,43885.77659660863,43885.77659660863,1961140
2021-05-11,44167.69921875,45342.3720703125,44167.69921875,45201.411328125,1602180
2021-05-12,46282.109375,46282.109375,43885.77680837563,43885.77680837563,2355340
2021-05-13,45107.43359375,46845.949263509116,45107.43359375,46000.1848836263,1804520
2021-05-14,45718.265625,46000.187098535454,45248.396502440904,45953.200186279544,1390530
2021-05-17,44966.4765625,46141.14940896029,44731.541993207946,45812.24101195141,1712360
2021-05-18,45436.34375,45953.19978024819,44684.55316054809,44825.51389607032,1691000
2021-05-19,47080.88671875,47174.86054453593,45483.33168038922,45483.33168038922,1746790
2021-05-20,47174.859375,47738.70231573705,46892.93790463147,47644.728492280876,1317130
2021-05-21,47738.69921875,48584.4635749877,46845.94795383243,46986.908679872045,1885030
2021-05-24,47832.67578125,48114.59724950884,47362.80666748527,47644.72813574411,1466670
2021-05-25,48490.4921875,48960.36129784399,48114.59689922481,48114.59689922481,1056030
2021-05-26,49618.1796875,49806.127337831436,48114.59848484848,48490.49378551136,1650590
2021-05-27,48302.546875,50275.99723370623,47738.703915369646,49994.07575389105,1594160
2021-05-28,49806.125,50088.04646226415,48114.596226415095,48584.46533018868,2000270
2021-05-31,50463.9453125,50463.9453125,49054.33790153632,49994.076175512106,1705460
2021-06-01,49900.1015625,51027.78747351695,49806.127736581926,50839.83982168079,1235820
2021-06-02,49618.1796875,50088.0488133286,48678.441435842804,49712.15351266572,2456090
2021-06-03,51497.65625,51779.57772582117,49618.17974452555,50088.04887089416,2373570
2021-06-04,51309.70703125,51873.54996565934,50745.864096840654,51497.65467605311,1337160
2021-06-07,49242.28125,51121.75763358779,47926.64778148855,49806.12416507634,20392100
2021-06-08,49242.28125,49242.28125,49242.28125,49242.28125,0
2021-06-09,47738.69921875,48020.62067082923,46047.170506274604,46704.987227792815,22397000
2021-06-10,47080.88671875,48114.59880239521,46986.91289296407,47738.7034992515,10935100
2021-06-11,49430.23046875,49994.07340185361,47080.88491415162,47456.780202887356,29600800
2021-06-14,49524.203125,50088.04604482922,48866.386385199236,49524.203125,16827800
2021-06-15,49148.30859375,49994.072986376676,48866.38712954111,49430.23005795889,19611800
2021-06-16,47644.73046875,49054.33787906804,47456.782814040926,48396.52108758629,20575900
2021-06-17,47174.859375,47738.70231573705,46517.04261080677,46517.04261080677,18677800
2021-06-18,47926.6484375,48302.543719362744,47550.753155637256,47926.6484375,9956600
2021-06-21,47362.80859375,47926.65155319941,46986.9132874504,47456.782420324904,14920700
2021-06-22,47832.67578125,48208.57107226179,47268.83284473232,47738.701958497055,17224200
2021-06-23,48020.625,48960.363258317026,47550.75587084149,47832.67734833659,13102300
2021-06-24,47832.67578125,48584.466363273576,47550.75431299116,48208.57107226179,10692100
2021-06-25,48490.4921875,48490.4921875,47362.80632267442,47926.64925508721,10947700
2021-06-28,50369.97265625,50745.86797458022,49054.339042094216,49336.260530841886,25721100
2021-06-29,50275.99609375,50557.917567172895,49618.1793224299,50369.9699182243,16059200
2021-06-30,49524.203125,50557.91514468691,49430.229305028464,50182.01986480076,11461700
2021-07-01,50088.046875,50275.994518058156,48960.361016651026,49712.15158888367,19326700
2021-07-02,51027.78515625,51591.628086153316,50369.968404696134,50933.81133459945,29377200
2021-07-05,51027.78515625,51027.78515625,51027.78515625,51027.78515625,0
2021-07-06,51027.78515625,51027.78515625,51027.78515625,51027.78515625,0
2021-07-07,51027.78515625,51027.78515625,51027.78515625,51027.78515625,0
2021-07-08,51027.78515625,51027.78515625,51027.78515625,51027.78515625,0
2021-07-09,53189.18359375,54974.686223222176,52249.44536771201,52719.31448073101,38234300
2021-07-12,53189.18359375,53189.18359375,53189.18359375,53189.18359375,0
2021-07-13,50651.89453125,51027.78985244666,49618.18239795918,50839.84219184833,20072400
2021-07-14,50651.89453125,50651.89453125,50651.89453125,50651.89453125,0
2021-07-15,48960.36328125,49994.07536588292,47738.703544865646,47926.65119661709,20322400
2021-07-16,48960.36328125,48960.36328125,48960.36328125,48960.36328125,0
2021-07-19,45107.43359375,47832.6743733724,45107.43359375,46986.909993489586,39327900
2021-07-20,46517.04296875,46611.016792929295,44167.697364267675,45389.357078598485,23861200
2021-07-21,47268.8359375,48302.548055417494,46611.01913518887,47550.75742420477,18598700
2021-07-22,48020.625,48396.520303326804,46798.965264187864,47080.886741682974,13886900
2021-07-23,46517.04296875,48020.62415561869,46517.04296875,47550.75503472222,20067800
2021-07-26,46047.171875,46658.0017059949,45765.25041454082,46047.171875,14424400
2021-07-27,46751.9765625,47268.832584799,46564.02891802764,46986.91111809045,13266100
2021-07-28,46704.98828125,47268.83119812625,46517.04064229124,46751.97519098969,7468600
2021-07-29,47550.75390625,47738.701550148224,46986.910974555336,47080.88479650445,12542100
2021-07-30,48020.625,48490.49412915851,47456.782045009786,47644.72969667319,16932500
2021-08-02,47738.69921875,48302.54212290847,47550.75158403051,47926.64685346949,14030000
2021-08-03,48678.4453125,48866.39297779922,47738.70698600386,47738.70698600386,22927700
2021-08-04,48678.4453125,48678.4453125,48678.4453125,48678.4453125,0
2021-08-05,49336.2578125,49524.205461309524,48584.4672172619,48772.41486607143,12021200
2021-08-06,48678.4453125,49994.07896959459,48678.4453125,49336.26214104729,16084300
2021-08-09,49336.2578125,49524.205461309524,48208.57191964286,48396.519568452386,15208100
2021-08-10,49336.2578125,49336.2578125,49336.2578125,49336.2578125,0
2021-08-11,49148.30859375,50275.99445058557,48772.413308138144,49148.30859375,20471000
2021-08-12,48866.390625,49806.12890625,48866.390625,49242.285937500004,11779000
2021-08-13,49054.3359375,49054.3359375,48020.62387751437,48866.38829022989,15402000
2021-08-16,50745.86328125,51121.758564814816,48960.36068431713,49148.30832609954,30299500
2021-08-17,50745.86328125,50745.86328125,50745.86328125,50745.86328125,0
2021-08-18,49618.1796875,50275.996463660034,49336.25821200284,49806.127337831436,12905800
2021-08-19,49806.125,50088.04646226415,48960.36061320755,49336.255896226416,18765300
2021-08-20,47456.78125,49806.12685643564,46798.96448019802,49618.179207920795,31461200
2021-08-23,45812.2421875,47738.7057051282,45812.2421875,47268.83655448718,26003500
2021-08-24,46047.171875,46235.11951530613,45483.32895408163,45812.237324617345,16213400
2021-08-25,46188.1328125,46235.119722787385,45577.30297876398,45953.19826106307,9431100
2021-08-26,45389.35546875,46376.08058763587,45295.38164790373,46329.09367721273,10111900
2021-08-27,45154.421875,45248.39569784079,44167.696735171696,44919.48731789803,19689500
2021-08-30,46235.12109375,46423.06874047256,45201.40903677591,45671.278153582316,12298900
2021-08-31,45577.30859375,46517.04691527062,44167.70111146907,46517.04691527062,7773900
2021-09-01,45389.35546875,46000.18530425078,45295.38164790373,45295.38164790373,8530000
2021-09-02,45389.35546875,45389.35546875,45389.35546875,45389.35546875,0
2021-09-03,45389.35546875,45389.35546875,45389.35546875,45389.35546875,0
2021-09-06,46000.1875,46000.1875,45013.4623340143,45718.266024004086,12880500
2021-09-07,46658.0,47362.803625377644,46094.157099697884,46094.157099697884,11611100
2021-09-08,46658.0,46658.0,46658.0,46658.0,0
2021-09-09,46329.09765625,46517.04531408468,45577.30702491126,45577.30702491126,7854400
2021-09-10,46329.09765625,46798.96680083671,46047.17616949797,46798.96680083671,7222000
2021-09-13,46000.1875,46470.056626659854,45953.20058733401,46188.13515066394,6802200
2021-09-14,45577.30859375,46141.15158666237,45577.30859375,46000.190838434275,6142500
2021-09-15,45483.33203125,45859.227337293385,45201.410551717454,45295.3843782283,5037600
2021-09-16,46141.14453125,46188.13144014129,45671.275442337064,45953.19689568483,5523500
2021-09-17,46751.9765625,46892.93729585427,46235.120540201,46235.120540201,8274500
2021-09-20,47644.73046875,48490.49491494083,47080.88750462278,47456.782814040926,13074700
2021-09-21,47644.73046875,47644.73046875,47644.73046875,47644.73046875,0
2021-09-22,47644.73046875,47644.73046875,47644.73046875,47644.73046875,0
2021-09-23,47174.859375,48208.571433017925,46986.91172808765,47550.7546688247,8627900
2021-09-24,47550.75390625,48396.51830379199,47550.75390625,47644.72772819911,736470000
2021-09-27,46517.04296875,48020.62415561869,46517.04296875,47644.728858901515,6850300
2021-09-28,46798.96484375,46845.951756243725,45859.2265938755,46329.09571881275,5568700
2021-09-29,46423.06640625,46751.97477147647,45953.19731306933,46235.11876897773,5676700
2021-09-30,46611.01953125,47362.81016885081,46611.01953125,46704.9933609501,5275100
2021-10-01,46047.171875,46798.962436224494,45953.198054846944,46611.01479591837,6502800
2021-10-04,45436.34375,46000.18669208894,45389.356838159256,45859.225956566705,616719488
2021-10-05,46141.14453125,46235.118349032586,45671.275442337064,45671.275442337064,5889900
2021-10-06,46141.14453125,46141.14453125,46141.14453125,46141.14453125,0
2021-10-07,46986.9140625,47738.7046875,46986.9140625,47550.75703125,5414900
2021-10-08,46986.9140625,46986.9140625,46986.9140625,46986.9140625,0
2021-10-11,46986.9140625,46986.9140625,46986.9140625,46986.9140625,0
2021-10-12,49806.125,50182.02028301887,49430.229716981135,50182.02028301887,14216500
2021-10-13,49242.28125,49994.071803435116,49148.30743082061,49806.12416507634,14188100
2021-10-14,49242.28125,49242.28125,49242.28125,49242.28125,0
2021-10-15,49430.23046875,49712.15193530181,49148.30900219819,49712.15193530181,11950400
2021-10-18,49430.23046875,49430.23046875,49430.23046875,49430.23046875,0
2021-10-19,49524.203125,49806.12458491461,48866.386385199236,49712.15076494307,14167300
2021-10-20,49994.07421875,50651.89098478618,49336.25745271381,49618.17892387218,22695300
2021-10-21,49712.15234375,50745.86439626654,49712.15234375,50745.86439626654,15317400
2021-10-22,49148.30859375,49806.12534357075,49054.334772347036,49712.151522167784,11640600
2021-10-25,49148.30859375,49148.30859375,49148.30859375,49148.30859375,0
2021-10-26,47926.6484375,47926.6484375,46939.923322610295,47362.805514705884,20157800
2021-10-27,48396.51953125,48678.44100424757,47832.676585254856,48114.59805825243,16750100
2021-10-28,48678.4453125,48960.36681044884,48396.523814551154,48866.39297779922,13859600
2021-10-29,48490.4921875,48866.3874757752,48208.5707212936,48772.4136537064,12744400
2021-11-01,48490.4921875,48490.4921875,48490.4921875,48490.4921875,0
2021-11-02,48678.4453125,48490.49764720077,48396.523814551154,48678.4453125,15468300
2021-11-03,50463.9453125,50933.814449487894,48866.39024674115,49148.31172893389,64
2021-11-04,50088.046875,50933.811268761725,49618.177767354595,50463.94216111632,18683600
2021-11-05,49806.125,50275.994103773584,49524.20353773585,50275.994103773584,13453700
2021-11-08,49430.23046875,50088.047224037546,49148.30900219819,49618.17811311787,21189500
2021-11-09,49148.30859375,50088.04680777964,49148.30859375,49806.12534357075,21533900
2021-11-10,48584.46875,49524.20702369439,48490.49492263056,49430.23319632495,19484600
2021-11-11,48396.51953125,49242.283950242716,47644.7289365898,48584.467179915046,21838500
2021-11-12,49336.2578125,49524.205461309524,48020.62427083334,48302.545744047624,12719800
2021-11-15,48866.390625,49806.12890625,48772.416796875004,49618.18125,11079700
2021-11-16,48866.390625,49712.155078125004,48490.4953125,48866.390625,12519700
2021-11-17,49054.3359375,49242.28358477011,48584.46681932471,48866.38829022989,12113200
2021-11-18,48396.51953125,49054.33630157767,48302.54570691747,48866.38865291262,12833900
2021-11-19,49148.30859375,50182.0206291826,48114.596558317404,48678.43948673518,29907300
2021-11-22,49900.1015625,51497.656603107345,49148.31095515537,49148.31095515537,23613400
2021-11-23,49430.23046875,50275.99486840542,49242.28282438213,50182.02104622148,10596400
2021-11-24,52155.47265625,52343.42030546172,49148.31026886262,49430.23174268018,52375300
2021-11-25,51591.62890625,52625.340960837886,51403.6812599613,52625.340960837886,17981000
2021-11-26,50745.86328125,52155.470594618055,50651.8894603588,51779.575311053246,21915600
2021-11-29,49148.30859375,50182.0206291826,48960.36095094407,49806.12534357075,28236300
2021-11-30,48678.4453125,49900.10513694498,48396.523814551154,49900.10513694498,24494700
2021-12-01,49242.28125,49242.28125,48396.5168773855,48490.490696564884,11339500
2021-12-02,48584.46875,49430.23319632495,48584.46875,49242.28554158607,8970600
2021-12-03,47174.859375,49054.3358441235,47174.859375,48866.388197211156,15571600
2021-12-06,46047.171875,47926.64827806123,45718.26350446429,47268.8315369898,22907100
2021-12-07,46986.9140625,47268.835546875,46376.0841796875,46611.01875,8982100
2021-12-08,46986.9140625,47738.7046875,46892.940234375004,47174.86171875,7649900
2021-12-09,47362.80859375,47362.80859375,46845.95254758805,46986.9132874504,5203500
2021-12-10,47174.859375,47832.67613919322,47080.885551543826,47456.78084536853,7507300
2021-12-13,46986.9140625,47362.809375000004,46939.9271484375,47268.835546875,7440600
2021-12-14,47080.88671875,47738.7034992515,46845.95215428518,46986.91289296407,7138200
2021-12-15,47174.859375,47738.70231573705,46939.92481635956,47268.833198456174,6818200
2021-12-16,46845.953125,47456.783005265796,46845.953125,47456.783005265796,6325600
2021-12-17,46845.953125,47080.887694332996,46798.966211133404,46986.9138665998,7903900
2021-12-20,46517.04296875,46986.91208964647,46376.08223248106,46845.951353377524,7689900
2021-12-21,46282.109375,46704.99159263959,46235.122461928935,46517.04394035533,7255100
2021-12-22,45953.19921875,46517.04215394939,45389.356283550616,46329.094508882925,12625100
2021-12-23,44496.60546875,45906.21282256468,44449.61855695618,45906.21282256468,13503100
2021-12-24,45953.19921875,46188.13377508308,44590.578792018154,44590.578792018154,6139300
2021-12-27,45906.2109375,46423.066946008184,45577.30256844933,46423.066946008184,4727500
2021-12-28,46188.1328125,46376.08045364954,45765.25061991353,46282.10663307477,7473500
2021-12-29,46141.14453125,46658.000529054225,46047.170713467414,46188.13144014129,6141700
2021-12-30,46329.09765625,46751.97988637804,46047.17616949797,46235.12382733265,5321600
2021-12-31,46986.9140625,47456.783203125,46470.0580078125,46517.044921875,9547100
2022-01-03,46986.9140625,46986.9140625,46986.9140625,46986.9140625,0
2022-01-04,47832.67578125,48114.59724950884,47268.83284473232,47456.78049023821,11334600
2022-01-05,47456.78125,48114.59801980198,47268.833601485145,47832.6765470297,9569600
2022-01-06,46892.9375,47362.80661322646,46611.01603206413,47174.85896793587,10716700
2022-01-07,46470.05859375,47080.888484264404,46423.07167909505,46892.94082564459,7832200
2022-01-10,45718.265625,46611.01695786228,45718.265625,46517.04313335046,8771400
2022-01-11,45530.31640625,46141.14624451754,45483.32949561404,45953.19860197369,7296500
2022-01-12,47362.80859375,47362.80859375,45483.33206225199,45530.318975539434,12044200
2022-01-13,47456.78125,48678.44096534653,47174.85977722772,47832.6765470297,14417100
2022-01-14,46751.9765625,47362.806407035176,46517.04200690955,46986.91111809045,5187100
2022-01-17,45671.27734375,47456.77995595422,45671.27734375,46704.989382394546,10990600
2022-01-18,45812.2421875,46470.058998397435,45577.30761217949,45671.28144230769,7885200
2022-01-19,45906.2109375,46423.066946008184,45859.22402763562,46047.17166709314,4221900
2022-01-20,45906.2109375,46423.066946008184,45671.27638817809,45718.263298042475,6430300
2022-01-21,46798.96484375,47738.7030936245,45953.20041886295,46047.1742438504,10321600
2022-01-24,47268.8359375,48302.548055417494,46798.96679299205,46939.92753634443,16269200
2022-01-25,48772.4140625,48960.36170821291,47926.64965679191,48114.59730250482,14466300
2022-01-26,49242.28125,50088.0456226145,48866.38597328244,49242.28125,15042300
2022-01-27,48772.4140625,49524.20464535164,48396.51877107418,48866.38788535646,8044000
2022-01-28,49618.1796875,49806.127337831436,48490.49378551136,48772.41526100852,10292900
2022-01-31,49618.1796875,49618.1796875,49618.1796875,49618.1796875,0
2022-02-01,49618.1796875,49618.1796875,49618.1796875,49618.1796875,0
2022-02-02,49618.1796875,49618.1796875,49618.1796875,49618.1796875,0
2022-02-03,49618.1796875,49618.1796875,49618.1796875,49618.1796875,0
2022-02-04,49618.1796875,49618.1796875,49618.1796875,49618.1796875,0
2022-02-07,49618.1796875,50557.917939157196,49618.1796875,50463.94411399148,9809900
2022-02-08,50557.91796875,51027.78709485362,49618.17971654275,49618.17971654275,16481000
2022-02-09,50369.97265625,51591.632440823225,50369.97265625,50745.86797458022,17391000
2022-02-10,50369.97265625,50933.81563374533,49900.10350833722,50369.97265625,11224900
2022-02-11,50463.9453125,50557.91913989758,49806.12852071695,50275.997657704844,7847800
2022-02-14,48396.51953125,49994.07454490291,48396.51953125,49994.07454490291,18771500
2022-02-15,48396.51953125,48396.51953125,48396.51953125,48396.51953125,0
2022-02-16,48490.4921875,49054.335119912794,48396.518365431206,49054.335119912794,6174400
2022-02-17,49054.3359375,49336.257408405174,48490.49299568966,48490.49299568966,7301000
2022-02-18,48490.4921875,48866.3874757752,48396.518365431206,48584.4660095688,6543700
2022-02-21,48396.51953125,48584.467179915046,47738.70276092233,48490.49335558253,8654200
2022-02-22,48302.546875,48584.46835481517,47550.756262159535,47926.651568579764,10561000
2022-02-23,48584.46875,49054.33788684719,48302.54726789168,48584.46875,6188300
2022-02-24,47456.78125,48772.41478960396,46798.96448019802,48396.519492574254,15534300
2022-02-25,47644.73046875,48208.573432877216,47456.782814040926,47926.65195081361,6665900
2022-02-28,47362.80859375,47832.677726624504,47174.8609406002,47456.782420324904,7106100
2022-03-01,47268.8359375,47644.731253106365,47080.888279696825,47644.731253106365,6945900
2022-03-02,46235.12109375,47080.885504001526,46235.12109375,47080.885504001526,17893700
2022-03-03,46658.0,46892.93454179254,46188.130916414906,46517.03927492447,7391900
2022-03-04,46939.921875,47362.80405405405,46517.03969594595,46751.97423986486,7022700
2022-03-07,46282.109375,46611.01776649746,46141.1486357868,46517.04394035533,8122400
2022-03-08,46047.171875,46517.04097576531,45859.22423469388,46047.171875,8766400
2022-03-09,46141.14453125,46376.07907570647,45953.19689568483,46047.170713467414,6957800
2022-03-10,46282.109375,46798.96541878172,46282.109375,46798.96541878172,4387100
2022-03-11,45953.19921875,46235.1206863497,45765.25157368354,46235.1206863497,6422600
2022-03-14,45577.30859375,45953.20392235825,45389.36092944587,45859.23009020618,5161200
2022-03-15,45671.27734375,46047.172630529836,45577.303522055045,45671.27734375,3829700
2022-03-16,46094.1640625,46470.05938614934,45859.22948521916,45859.22948521916,4542000
2022-03-17,46047.171875,46517.04097576531,46047.171875,46470.054065688775,3249200
2022-03-18,46235.12109375,46423.06874047256,46141.14727038872,46188.134182069356,2909700
2022-03-21,46470.05859375,46564.03242305991,46141.15019116532,46282.11093513018,3921900
2022-03-22,46892.9375,47268.83279058116,46517.04220941884,46564.029120741485,5953800
2022-03-23,46611.01953125,47174.862509450606,46611.01953125,46892.94102035031,3409900
2022-03-24,46329.09765625,46798.96680083671,46329.09765625,46611.01914300203,3214000
2022-03-25,46282.109375,46470.05702728426,46188.13554885787,46423.070114213195,3175400
2022-03-28,45859.22265625,46188.13101546491,45436.340480116545,46188.13101546491,6597500
2022-03-29,45953.19921875,46188.13377508308,45718.26466241692,45953.19921875,4272400
2022-03-30,46188.1328125,46892.93646681078,45953.19826106307,45953.19826106307,5598900
2022-03-31,46564.03125,46704.99199041372,46329.096682643794,46517.04433652876,5248700
2022-04-01,47268.8359375,47362.809766401595,46423.07147738569,46564.032220738074,9575500
2022-04-04,46658.0,47550.75125881168,46658.0,47362.803625377644,9775600
2022-04-05,46094.1640625,46517.04630160551,46094.1640625,46423.07247069317,5803000
2022-04-06,46892.9375,46892.9375,45765.25162825651,45953.19927354709,9012200
2022-04-07,46329.09765625,47268.83594542342,46329.09765625,46892.940629754055,5971000
2022-04-08,45906.2109375,46423.066946008184,45859.22402763562,46423.066946008184,7030100
2022-04-11,45906.2109375,45906.2109375,45906.2109375,45906.2109375,0
2022-04-12,45107.43359375,45953.197973632814,45013.459773763025,45765.250333658856,8278800
2022-04-13,45107.43359375,45530.3157836914,45013.459773763025,45483.328873697916,6722300
2022-04-14,44449.6171875,45436.342304770085,44308.65645646142,45154.42084269292,8324100
2022-04-15,42852.0625,44449.61746162281,42852.0625,44449.61746162281,18618800
2022-04-18,42147.2578125,43462.89127821906,42100.27090301003,43227.956730769234,11505300
2022-04-19,41066.55859375,42711.100413865846,40878.610957165336,42288.218231550345,7232900
2022-04-20,40455.7265625,41536.42541376306,40455.7265625,41066.55634799651,7909800
2022-04-21,40972.5859375,41348.48122133028,40314.76919079702,40408.74301175459,10019500
2022-04-22,41442.45703125,42053.28689678997,40925.60099117772,41348.483205782315,6684800
2022-04-25,38576.2578125,41630.40733480512,38576.2578125,41536.43350334957,12317000
2022-04-26,38999.13671875,39469.005835843374,36508.83039815512,38153.372307981925,11120700
2022-04-27,39093.11328125,39656.95626126803,38435.29647122897,38999.139451247,6154800
2022-04-28,39750.92578125,40220.79488031915,39140.095952460106,39140.095952460106,4729300
2022-04-29,41348.48046875,41348.48046875,39656.951722301135,39750.9255415483,9795500
2022-05-02,41348.48046875,41348.48046875,41348.48046875,41348.48046875,0
2022-05-03,41348.48046875,41348.48046875,41348.48046875,41348.48046875,0
2022-05-04,39469.00390625,41019.57191685268,39469.00390625,40878.61118861607,6384600
2022-05-05,40032.84765625,40267.782208223296,38905.16180677817,40267.782208223296,4804200
2022-05-06,38999.13671875,39750.927306099395,38999.13671875,39187.08436558735,4889500
2022-05-09,36273.89453125,38905.161492066065,36273.89453125,38717.21385200777,12361700
2022-05-10,36367.8671875,36508.82791303295,35193.19447472545,35193.19447472545,10236300
2022-05-11,36649.7890625,37072.671243990386,36132.93306290064,36649.7890625,4071500
2022-05-12,34112.5,36649.79338842975,34112.5,36649.79338842975,7306300
2022-05-13,31763.15234375,34582.367048816566,31763.15234375,34112.49793130547,15203300
2022-05-16,30635.466796875,33642.62918184433,30635.466796875,32984.81241013229,11689600
2022-05-17,32749.876953125,32749.876953125,30588.47904804071,30635.465959020803,9447600
2022-05-18,33877.5625,34676.33997919556,33219.74575242718,33548.654126213594,8689300
2022-05-19,33642.62890625,34206.47184881285,33078.78596368715,33266.7336112081,5692200
2022-05-20,33548.65234375,34253.455964417015,33219.74398743872,33642.62615983893,5443200
2022-05-23,32749.876953125,34018.52354958752,32749.876953125,33642.62826174677,5290600
2022-05-24,33125.7734375,33125.7734375,32326.995921985817,32702.891223404255,4270100
2022-05-25,34300.4453125,34441.40604666096,33360.70708476027,33689.61546446918,6709700
2022-05-26,34488.39453125,35005.25058008345,34347.43379065906,34488.39453125,4687800
2022-05-27,35193.19921875,35193.19921875,34629.356240612484,34676.343155457274,5777300
2022-05-30,35475.1171875,35710.0517384106,35193.195726407284,35710.0517384106,4224300
2022-05-31,34911.27734375,35334.159572678334,34911.27734375,35193.19882970222,5119800
2022-06-01,34629.35546875,35428.133003307325,34441.407813560036,34770.31621014247,3829000
2022-06-02,34629.35546875,34629.35546875,34629.35546875,34629.35546875,0
2022-06-03,34253.45703125,34629.3523073131,33877.5617551869,34159.48321223423,3040200
2022-06-06,33877.5625,34582.36615811373,33830.575589459084,34253.45778432732,3845100
2022-06-07,34018.5234375,34018.5234375,32890.837577693375,33830.5757941989,4640800
2022-06-08,35005.25,35193.19765100671,33971.53791946309,34112.49865771812,6456800
2022-06-09,35146.2109375,35287.17167655414,34817.30254637366,35005.25019844586,5776000
2022-06-10,35663.06640625,36555.81773921278,34723.328161026024,34770.315073287224,8194200
2022-06-13,33830.578125,35005.2509765625,33783.5912109375,34770.31640625,6673500
2022-06-14,33595.64453125,34112.50060096154,33078.78846153846,33172.762292395106,3740800
2022-06-15,33548.65234375,33971.534516150205,32937.82253917192,33548.65234375,5449100
2022-06-16,33877.5625,34300.44469486824,33454.68030513176,33736.60176837725,5916100
2022-06-17,32420.96875,33266.73315217392,31810.13890398551,32937.824773550725,4994900
2022-06-20,31011.361328125,33078.785416666666,31011.361328125,32420.968661221592,4004000
2022-06-21,31011.361328125,31763.151905776514,30823.413683712122,31105.33515033144,4900200
2022-06-22,32702.890625,33172.75974317529,31434.244005926725,31716.1654768319,6208200
2022-06-23,33783.58984375,34206.472053198886,32467.95630324235,32702.890864047287,4708100
2022-06-24,33360.70703125,33924.549966989434,33360.70703125,33783.589233054576,2969100
2022-06-27,33407.6953125,33783.59061840717,33360.7083992616,33407.6953125,4282300
2022-06-28,34488.39453125,34723.329098901566,33219.74786593154,33360.70860652248,5342500
2022-06-29,34535.37890625,34911.27418686225,34018.52289540816,34018.52289540816,3048300
2022-06-30,33407.6953125,34864.2896228903,33407.6953125,34347.43357726793,3566500
2022-07-01,33830.578125,34065.5126953125,32749.8791015625,33454.6828125,3473300
2022-07-04,34159.484375,34488.39275275103,33877.56290835626,34065.51055278542,3148000
2022-07-05,35475.1171875,35944.98628932119,34159.48370240066,34394.41825331126,10888900
2022-07-06,35334.15625,36085.946808510635,34958.26097074468,35240.18243018617,6055300
2022-07-07,35522.10546875,35710.0531167328,34770.31487681878,35193.19708478009,3567400
2022-07-08,35287.171875,35710.05409454061,35099.224221870834,35663.06718125832,4058400
2022-07-11,33454.6796875,35052.23461639747,33360.70586815309,34817.3000680302,8452700
2022-07-12,33454.6796875,33454.6796875,33454.6796875,33454.6796875,0
2022-07-13,33924.55078125,34582.36755540166,33830.576956371195,33971.5376936894,3156800
2022-07-14,33783.58984375,34112.49822887691,33689.616019428024,33736.60293158901,2902000
2022-07-15,33924.55078125,34347.43299320464,33924.55078125,33924.55078125,4094300
2022-07-18,34112.5,34629.356060606064,33924.552341597795,34112.5,2990600
2022-07-19,33924.55078125,34112.49843100762,33595.64239417417,34065.511518568215,2566900
2022-07-20,34112.5,34394.42148760331,34018.5261707989,34300.447658402205,4923800
2022-07-21,34629.35546875,34676.34238254749,34112.49941697761,34394.42089976255,5488700
2022-07-22,34864.2890625,35616.079662230455,34817.30215001685,35052.23671243261,4424700
2022-07-25,34582.3671875,34864.28865913723,34535.38027556046,34629.35409943954,2340300
2022-07-26,34394.421875,34817.304111168036,34347.43495987022,34582.36953551912,2794900
2022-07-27,34394.421875,34394.421875,34206.47421448088,34206.47421448088,1654100
2022-07-28,35052.234375,35240.18201239946,34582.36528150134,34676.339100201076,5604300
2022-07-29,35616.078125,35616.078125,34911.27446817282,35240.18284135884,5486300
2022-08-01,36273.89453125,36461.84217130829,35334.156330958554,35569.090881031414,6875400
2022-08-02,35991.9765625,36273.89804993472,35757.04198963773,36085.95039164491,4609900
2022-08-03,35851.01171875,36085.94626474443,35569.09026355669,35991.97244634666,4944700
2022-08-04,36085.94921875,36508.83143615723,35898.00156656901,35944.98847961426,4630800
2022-08-05,36085.94921875,36461.84452311198,35991.97539265951,36085.94921875,3914900
2022-08-08,36837.73828125,37260.62048090721,36179.92152622768,36179.92152622768,7998700
2022-08-09,36790.75390625,37260.62304936942,36649.79316331418,37025.68847780971,4306400
2022-08-10,36461.84375,36696.778310244845,36367.86992590206,36508.83066204897,3001500
2022-08-11,36179.92578125,36931.71644683441,36038.96503145292,36743.76878043831,4920200
2022-08-12,36461.84375,36461.84375,35944.987717461336,36179.92227770619,2817400
2022-08-15,36743.765625,36978.7001878197,36508.83106218031,36649.791799872124,4366600
2022-08-16,36649.7890625,36837.73669871795,36602.80215344551,36696.77597155449,3042300
2022-08-17,36931.7109375,36978.697847089694,36649.78947996184,36696.77638955153,4459300
2022-08-18,36743.765625,37119.66092551151,36602.804887308186,36743.765625,5337200
2022-08-19,36649.7890625,36837.73669871795,36602.80215344551,36696.77597155449,2566900
2022-08-22,36367.8671875,36743.76245558786,36226.90646196705,36508.82791303295,3086100
2022-08-23,36461.84375,36461.84375,36038.96154155928,36320.88301385309,3339900
2022-08-24,36884.7265625,37354.59569068471,36461.84434713376,36461.84434713376,3993200
2022-08-25,37166.64453125,37307.60525640013,36931.709989333125,36931.709989333125,3706900
2022-08-26,37119.66015625,37542.54236056171,37119.66015625,37213.63397943038,4353000
2022-08-29,36414.85546875,36743.763840725805,36179.92091733871,36461.842379032256,4474600
2022-08-30,36414.85546875,36790.75075100807,36414.85546875,36461.842379032256,3807500
2022-08-31,36602.8046875,36790.75233672978,36320.88321365533,36414.85703827022,2265500
2022-09-01,36602.8046875,36602.8046875,36602.8046875,36602.8046875,0
2022-09-02,36602.8046875,36602.8046875,36602.8046875,36602.8046875,0
2022-09-05,36273.89453125,36555.81599133744,36226.90762123543,36508.82908132287,2788600
2022-09-06,36320.8828125,36649.7911950194,36226.90898892303,36226.90898892303,2340700
2022-09-07,35287.171875,36367.87088049267,35287.171875,36320.883967210386,4269000
2022-09-08,35146.2109375,35616.08006768048,35099.22402448195,35475.11932862634,2473200
2022-09-09,35381.1484375,35428.135354415674,34770.31851759628,35428.135354415674,2951100
2022-09-12,35240.18359375,35522.1050625,35193.196682291666,35381.144328125,1289900
2022-09-13,35052.234375,35334.1558310992,35052.234375,35146.208193699735,1687000
2022-09-14,34582.3671875,34770.314835258156,34300.44571586277,34300.44571586277,2794500
2022-09-15,34394.421875,34817.304111168036,34394.421875,34770.31719603825,1611900
2022-09-16,33830.578125,34441.408007812504,33830.578125,34206.473437500004,2188200
2022-09-19,32937.82421875,33830.5755171184,32749.87657698823,33830.5755171184,3777300
2022-09-20,32937.82421875,33407.693323154424,32796.86348742867,33407.693323154424,1989200
2022-09-21,32420.96875,32984.81168478261,32420.96875,32890.83786231884,2073000
2022-09-22,32467.953125,32561.92694012301,32045.070956946452,32233.018587192473,2922800
2022-09-23,32139.048828125,32514.94413605629,31998.08808765077,32373.983395582054,2265200
2022-09-26,31246.296875,31810.13982612782,30964.375399436092,31810.13982612782,5217000
2022-09-27,31481.228515625,31857.12378148321,31199.307066231344,31528.215423857277,2336300
2022-09-28,31246.296875,31669.179088345867,31199.309962406016,31340.27070018797,2069900
2022-09-29,31011.361328125,31669.178083570077,31011.361328125,31669.178083570077,2640300
2022-09-30,30541.4921875,31199.308942307693,30259.570721153847,31011.361298076925,5240200
2022-10-03,28427.08203125,30635.466916322315,28427.08203125,30541.49309142562,6076000
2022-10-04,28474.068359375,29131.88512015264,28192.146890470296,28943.93747421617,5966900
2022-10-05,28662.015625,29178.871644467214,28662.015625,29131.88473360656,3986800
2022-10-06,27534.33203125,28943.939473122868,27534.33203125,28662.017984748294,5573700
2022-10-07,25607.8671875,27158.435292431193,25607.8671875,27158.435292431193,14349900
2022-10-10,24245.24609375,25325.945047541183,23822.36389444041,24245.24609375,18275400
2022-10-11,22553.716796875,24245.245556640624,22553.716796875,24245.245556640624,21188700
2022-10-12,23305.509765625,23869.352743825606,22130.83689437374,22553.719128024193,9605400
2022-10-13,23775.376953125,23775.376953125,22647.691089735672,23305.507843379448,9386700
2022-10-14,24151.2734375,24903.064050340465,23963.325784289882,24903.064050340465,6333400
2022-10-17,23587.4296875,23963.324981324702,22882.626011578686,23963.324981324702,7760900
2022-10-18,23775.376953125,24339.219884819664,23634.416220201332,24057.298418972332,5030200
2022-10-19,23681.404296875,23963.325776599704,23117.561337425595,23775.378123449904,4571000
2022-10-20,23117.560546875,23587.4296636814,23070.57363519436,23587.4296636814,5210100
2022-10-21,21520.00390625,23352.49332184771,21520.00390625,23352.49332184771,9633400
2022-10-24,20016.423828125,21942.887154306045,20016.423828125,21660.965691938087,11800600
2022-10-25,20016.423828125,21097.12276720217,18794.76415786385,20016.423828125,9593300
2022-10-26,20110.3984375,20486.293735397194,19781.49005183995,20392.319910922895,3153400
2022-10-27,21473.01953125,21473.01953125,20204.37286310175,20204.37286310175,5222800
2022-10-28,22929.611328125,22929.611328125,22083.846975858094,22177.820792776638,12484200
2022-10-31,23117.560546875,23305.50819359756,22083.848489900913,23117.560546875,7284700
2022-11-01,24104.28515625,24433.193530701756,23493.455317982458,23493.455317982458,8603400
2022-11-02,23681.404296875,24245.247256324405,23540.44355701265,24151.273429749504,5442300
2022-11-03,24292.234375,24292.234375,23164.54844656673,23164.54844656673,6663000
2022-11-04,23963.32421875,23963.32421875,22600.703821997547,23493.45511642157,12626400
2022-11-07,22318.783203125,24245.246595394736,22318.783203125,23916.338211348684,6326200
2022-11-08,22694.677734375,23399.48139072205,21613.97879464286,22318.782450989907,5353800
2022-11-09,22882.626953125,23587.430658046713,22741.666212140655,23023.58769410934,3645200
2022-11-10,21379.04296875,22647.68947458791,21285.069153502747,22553.715659340658,7580100
2022-11-11,21426.03125,22506.730194627195,21426.03125,22083.847998903508,5479500
2022-11-14,20862.1875,21050.135135135133,20016.42314189189,20862.1875,5828500
2022-11-15,19452.58203125,20721.228685461956,19405.59511813104,20721.228685461956,10943000
2022-11-16,20768.21484375,20768.21484375,18136.94780472285,18136.94780472285,18062800
2022-11-17,21566.9921875,21660.966009667758,20862.18852124183,21332.05763208061,5977300
2022-11-18,21332.056640625,21942.886456325716,20486.29228042401,21473.017367325167,6390000
2022-11-21,20909.17578125,21707.953283005616,20909.17578125,21285.07107619382,4508400
2022-11-22,20533.279296875,21660.96511638301,20533.279296875,20721.226933459668,7548800
2022-11-23,20674.240234375,21050.13551136364,20392.318776633525,20674.240234375,3771800
2022-11-24,20815.201171875,20862.188081969525,20204.37134064616,20674.24044159142,3471500
2022-11-25,21613.98046875,21613.98046875,20862.189843750002,21003.1505859375,5208100
2022-11-28,23117.560546875,23117.560546875,21848.91393149771,21895.90084317835,9058600
2022-11-29,23681.404296875,24057.299603174604,22882.626770988343,23446.469730437748,7876400
2022-11-30,24339.22265625,24339.22265625,23446.47124607867,23681.405827702703,8860700
2022-12-01,25748.828125,26030.74960082117,24668.12913435219,24668.12913435219,16532500
2022-12-02,27064.458984375,27252.406616210938,25231.96957397461,25372.930297851562,9001200
2022-12-05,27252.408203125,28004.19877424569,27064.46056034483,27722.27731007543,8445100
2022-12-06,25419.91796875,27252.407434149725,25372.93105938078,27064.45979667283,14489700
2022-12-07,24809.08984375,25513.893532492897,24386.20763050426,25372.932794744316,7114400
2022-12-08,26500.619140625,26500.619140625,24903.064086048314,25184.985566267733,10144300
2022-12-09,26547.603515625,26782.538060011062,26030.747517975666,26735.55115113385,4407800
2022-12-12,25560.87890625,26829.52546961167,25560.87890625,26547.604011086856,6189600
2022-12-13,27064.458984375,27064.458984375,25372.930297851562,25560.8779296875,7316900
2022-12-14,27064.458984375,27910.22332763672,27064.458984375,27722.27569580078,7999600
2022-12-15,27722.27734375,27769.26425450212,26876.512950211865,27064.460593220338,7681000
2022-12-16,27393.369140625,27534.329873767154,26876.513119103776,27252.40840748285,6469000
2022-12-19,27487.34375,28802.977297008547,27299.39610042735,27393.369925213676,9319200
2022-12-20,26030.75,27487.344314079422,25607.867779783395,27252.40974729242,11750600
2022-12-21,26030.75,26500.619133574008,24715.11642599278,26359.658393501806,6560300
2022-12-22,26030.75,26688.56678700361,25607.867779783395,26077.7369133574,3604900
2022-12-23,25936.775390625,26218.69686226223,25325.945535411007,26030.749214504078,2878800
2022-12-26,24151.2734375,25748.828489785992,24151.2734375,25607.867749878405,7542600
2022-12-27,24715.115234375,24715.115234375,23869.350834719582,24057.298479087454,4426300
2022-12-28,24574.154296875,24856.075761083892,24198.259011263148,24527.167386173518,3298700
2022-12-29,24386.20703125,24715.115411247592,24198.25938553709,24527.167765534683,2934700
2022-12-30,24292.234375,24527.168943423596,24292.234375,24386.20820236944,2181900
2023-01-02,24292.234375,24292.234375,24292.234375,24292.234375,0
2023-01-03,25795.814453125,25795.814453125,24198.259459670993,24198.259459670993,3786800
2023-01-04,25654.853515625,26124.722627632782,25607.86660442422,25795.814249227333,3185500
2023-01-05,25983.763671875,26124.724415122062,25513.894527718126,25654.85527096519,2716900
2023-01-06,26030.75,26688.56678700361,25654.854693140795,25795.815433212996,4803900
2023-01-09,26077.736328125,26265.683977336714,25936.775591216217,26124.723240427928,2387700
2023-01-10,25795.814453125,26312.670480418943,25654.85371840847,26077.735922558062,2613300
2023-01-11,25983.763671875,26312.672072784808,25654.85527096519,25795.81601421225,3136500
2023-01-12,26171.708984375,26265.682804785683,25936.774433348295,25983.761343553637,2124100
2023-01-13,26124.724609375,26594.59375702563,26124.724609375,26218.698438905125,2810200
2023-01-16,26406.64453125,26406.64453125,25983.762323454182,26171.709971363434,2492900
2023-01-17,27252.408203125,27534.32966729526,26641.57836408944,26688.565274784483,6179200
2023-01-18,27346.3828125,27393.369724548967,27158.435164304123,27346.3828125,3241200
2023-01-19,27346.3828125,27534.330460695874,27111.448252255155,27111.448252255155,4742400
2023-01-20,27346.3828125,27346.3828125,27346.3828125,27346.3828125,0
2023-01-23,27346.3828125,27346.3828125,27346.3828125,27346.3828125,0
2023-01-24,27346.3828125,27346.3828125,27346.3828125,27346.3828125,0
2023-01-25,27346.3828125,27346.3828125,27346.3828125,27346.3828125,0
2023-01-26,27346.3828125,27346.3828125,27346.3828125,27346.3828125,0
2023-01-27,27299.396484375,27910.226354077022,27252.409571320997,27581.31796269901,5539200
2023-01-30,26970.486328125,27299.394697980184,26829.525598187065,27299.394697980184,5917000
2023-01-31,27628.3046875,27628.3046875,26359.658043686224,26923.50099649235,6148400
2023-02-01,26500.619140625,27722.278888242465,26312.67148714539,27722.278888242465,5944500
2023-02-02,26312.669921875,26688.565206473213,25936.774637276787,26500.617564174107,3795200
2023-02-03,25466.90625,26500.618311808117,25466.90625,26406.64448800738,6448000
2023-02-06,26265.68359375,26312.670505366725,25419.919184648927,25466.90609626565,3183300
2023-02-07,25748.828125,26359.6579892792,25748.828125,26265.684164005477,3288400
2023-02-08,26171.708984375,26265.682804785683,25748.826792526932,25842.80061293761,2709000
2023-02-09,25654.853515625,26171.709538833562,25654.853515625,26030.748805231226,2757300
2023-02-10,25325.947265625,25842.803332270407,25278.960350475416,25701.84258682166,2626000
2023-02-13,24997.037109375,25278.958580533363,24762.10255007636,25231.971668673636,2897200
2023-02-14,25231.97265625,25748.828706936685,24903.064260358475,24903.064260358475,2949800
2023-02-15,25748.828125,25936.775775547445,24997.03752281022,25231.972085994526,2633000
2023-02-16,26218.6953125,26218.6953125,25560.87858422939,25936.77385752688,2247700
2023-02-17,26124.724609375,26124.724609375,25842.80312078462,26077.737694609936,1784300
2023-02-20,26876.515625,26876.515625,26030.75114729021,26077.73806271853,2743200
2023-02-21,26688.56640625,27205.42244580766,26641.579493562942,26876.51405699824,2590900
2023-02-22,25842.802734375,26453.6326171875,25842.802734375,26359.6587890625,2373000
2023-02-23,26265.68359375,26265.68359375,25372.9322730322,25842.801389199463,3597400
2023-02-24,25607.8671875,26265.68395928899,25513.893362958715,26265.68395928899,1972500
2023-02-27,25372.931640625,25560.879282407408,24997.036357060188,25560.879282407408,2377000
2023-02-28,24903.0625,25560.87924528302,24903.0625,25372.931603773584,2104000
2023-03-01,25654.853515625,25701.840426825776,24480.18073560554,24621.141469207876,2204200
2023-03-02,25560.87890625,25936.774184283087,25372.931267233456,25889.787274528953,1549900
2023-03-03,25184.986328125,25701.842390829057,24950.05175416861,25560.881646455222,1875800
2023-03-06,25560.87890625,25795.81345502068,25091.00980870864,25372.931267233456,2568900
2023-03-07,25466.90625,25842.801545202954,25419.919338099633,25560.880073800738,2340300
2023-03-08,25654.853515625,25748.827338026556,25184.984403617214,25278.95822601877,1945300
2023-03-09,26124.724609375,26171.71152414006,25560.881632194243,25842.80312078462,3286200
2023-03-10,25513.892578125,25936.774775552487,25372.93184564917,25842.800953901937,2129800
2023-03-13,25137.998046875,25325.945695823597,24950.0503979264,24950.0503979264,3114300
2023-03-14,24715.115234375,25137.99743420271,24715.115234375,25044.023612018773,2469900
2023-03-15,25560.87890625,25748.826545266544,25184.983628216913,25184.983628216913,2361600
2023-03-16,25137.998046875,25325.945695823597,24762.102748977803,25278.958783586448,2661700
2023-03-17,25044.0234375,25466.905634380862,24997.036526735457,25184.98416979362,1199600
2023-03-20,24668.12890625,24997.037291666667,24668.12890625,24903.063467261905,2286500
2023-03-21,24762.1015625,24997.036112428843,24527.167012571157,24903.062292457304,1997800
2023-03-22,24621.140625,24997.035901717558,24621.140625,24856.075172948473,2471700
2023-03-23,24621.140625,24762.101353769085,24292.23225787214,24621.140625,2369000
2023-03-24,24856.076171875,25091.010729265123,24715.115437440927,24809.089260396973,1955600
2023-03-27,24903.0625,25091.010141509436,24762.101768867924,24856.075589622644,1537100
2023-03-28,25889.7890625,26030.74980149728,25091.01154151543,25091.01154151543,7664400
2023-03-29,26312.669921875,26594.59138532366,25842.800816127234,25889.78772670201,5720700
2023-03-30,26030.75,26782.54061371841,26030.75,26641.57987364621,4898700
2023-03-31,26641.580078125,26688.566991843032,26124.72402722663,26124.72402722663,7220300
2023-04-03,27534.33203125,27581.318945979096,26970.489054500853,27252.410542875426,12424400
2023-04-04,27722.27734375,27722.27734375,27299.395146980933,27534.329700741524,7303300
2023-04-05,27722.27734375,27816.251165254238,27440.35587923729,27628.303522245762,4329800
2023-04-06,27816.251953125,28380.094898120777,27581.317392710094,27581.317392710094,7828100
2023-04-07,27769.263671875,27910.22440117386,27628.30294257614,27863.237491407574,4094900
2023-04-10,28380.095703125,28943.938664114237,27816.25274213576,27863.23965555153,5660400
2023-04-11,28568.041015625,28568.041015625,27816.250462582237,28380.09337736431,5209800
2023-04-12,28849.96484375,29084.899410881517,28286.121882634365,28568.043363192184,4505500
2023-04-13,28380.095703125,29084.899404361546,28380.095703125,28755.99101045116,3214600
2023-04-14,27158.435546875,28568.04292820069,27158.435546875,28380.095277357264,9435600
2023-04-17,27675.29296875,27675.29296875,27017.476157947793,27252.410733234297,3014200
2023-04-18,27393.369140625,27628.303695861923,27158.43458538808,27628.303695861923,2553900
2023-04-19,27252.408203125,27628.303488685346,27252.408203125,27440.355845905175,2611900
2023-04-20,27111.447265625,27252.407996642116,26829.525803590772,27158.434175964037,2314000
2023-04-21,26970.486328125,27252.40778800087,26970.486328125,27252.40778800087,2354900
2023-04-24,27722.27734375,27957.21189751059,26923.499860963984,26970.4867717161,3483000
2023-04-25,27252.408203125,28051.185684940734,27252.408203125,27863.23804216056,2086300
2023-04-26,28192.1484375,28192.1484375,27111.4494140625,27440.357812500002,3239100
2023-04-27,28098.171875,28380.0933319398,28051.184965510034,28380.0933319398,2031600
2023-04-28,27722.27734375,28145.159540519067,27722.27734375,28145.159540519067,2477700
2023-05-01,27722.27734375,27722.27734375,27722.27734375,27722.27734375,0
2023-05-02,27722.27734375,27722.27734375,27722.27734375,27722.27734375,0
2023-05-03,27722.27734375,27722.27734375,27722.27734375,27722.27734375,0
2023-05-04,27299.396484375,27722.278701861014,27158.435745212995,27722.278701861014,1917900
2023-05-05,26970.486328125,27440.35542791812,26735.55177822844,27299.394697980184,3437700
2023-05-08,27628.3046875,27628.3046875,26970.48790922619,27158.435560161564,2847500
2023-05-09,27534.33203125,27722.279690166382,27299.397457604522,27675.292775437287,1990400
2023-05-10,27534.33203125,27628.30586070819,27346.384372333618,27581.318945979096,2523100
2023-05-11,27346.3828125,27722.27810889175,27346.3828125,27722.27810889175,2514400
2023-05-12,27534.33203125,27534.33203125,27252.410542875426,27346.384372333618,2625300
2023-05-15,28098.171875,28333.106422449833,27628.302780100334,27675.2896895903,7336200
2023-05-16,28004.19921875,28286.120687395134,27957.212307309146,28286.120687395134,2075700
2023-05-17,27487.34375,28098.173611111113,27487.34375,27910.22596153846,3659200
2023-05-18,27769.263671875,27910.22440117386,27487.342213277283,27487.342213277283,3215500
2023-05-19,27863.23828125,27957.21210344646,27487.342992464168,27769.264459053542,3397600
2023-05-22,28662.015625,28755.989446721313,27910.22505122951,27910.22505122951,9444100
2023-05-23,28521.056640625,28849.965036810132,28192.148244439868,28849.965036810132,4205200
2023-05-24,28521.056640625,28521.056640625,28521.056640625,28521.056640625,0
2023-05-25,28004.19921875,28098.17304163171,27816.251572986577,28004.19921875,2521600
2023-05-26,28098.171875,28145.158784489966,27863.237327550167,28098.171875,1794600
2023-05-29,28380.095703125,28380.095703125,28004.200395798838,28192.14804946192,2765200
2023-05-30,28380.095703125,28615.03027020385,28192.14804946192,28568.04335678808,2100900
2023-05-31,28145.16015625,28474.06853871035,28098.17324446995,28380.09471515025,3944600
2023-06-01,28474.068359375,28474.068359375,27957.212333049712,28192.146890470296,4776200
2023-06-02,30259.5703125,30259.5703125,28849.962999805903,28943.936820652176,13798700
2023-06-05,29977.650390625,30823.414821708462,29977.650390625,30494.50643184267,5861900
2023-06-06,30729.44140625,30729.44140625,29836.690050410933,29977.650790806576,6000100
2023-06-07,30635.466796875,30776.427533670438,30259.571498753838,30588.479884609857,4964100
2023-06-08,29836.689453125,30776.427703617126,29836.689453125,30729.440791092522,5741200
2023-06-09,30447.517578125,30541.491397810572,29695.727020640432,29883.674660011577,5315500
2023-06-12,30729.44140625,30870.402146645643,29977.650790806576,30306.559185063074,4136800
2023-06-13,30823.4140625,30917.38788586128,30447.518769054877,30729.44023913872,3529000
2023-06-14,30635.466796875,31434.24430538248,30588.479884609857,31011.362094996166,5374800
2023-06-15,30682.453125,30917.387681852986,30447.518568147014,30635.466213629403,3863700
2023-06-16,30588.478515625,31434.242898545508,30541.49160546275,30682.4523359495,6928400
2023-06-19,30165.59765625,30588.479866384343,30024.63691953855,30588.479866384343,3674300
2023-06-20,30212.583984375,30306.557807032466,30024.63633906007,30259.570895703735,2084400
2023-06-21,30541.4921875,30541.4921875,30165.596899038464,30212.583810096156,2506800
2023-06-22,30541.4921875,30541.4921875,30541.4921875,30541.4921875,0
2023-06-23,30917.390625,31246.299035904252,30588.482214095744,30682.456045782674,4144400
2023-06-26,31293.283203125,31293.283203125,30588.479527378942,30917.387909393772,4044900
2023-06-27,30964.375,31387.257207890747,30917.38808801214,31293.283383915023,3665500
2023-06-28,31293.283203125,31293.283203125,30776.42717424456,30964.374821110174,4303400
2023-06-29,30682.453125,31387.25679555896,30682.453125,31293.282972817764,3538900
2023-06-30,30400.533203125,30823.415426970634,30400.533203125,30682.454685688754,2448500
2023-07-03,30071.625,30729.441796875002,30071.625,30729.441796875002,3753900
2023-07-04,30071.625,30165.598828125,29930.6642578125,30071.625,4327000
2023-07-05,30024.63671875,30447.51892605634,30024.63671875,30212.584366441708,4323800
2023-07-06,29648.740234375,30118.60933476129,29319.831864104595,30024.635514684032,6311500
2023-07-07,29648.740234375,29883.674784568146,29413.805684181854,29601.75332433637,3274400
2023-07-10,30071.625,30165.598828125,29789.703515625002,30071.625,4982800
2023-07-11,30024.63671875,30400.532014133412,30024.63671875,30259.571278364634,5708100
2023-07-12,29742.716796875,30071.625197472353,29695.72988250395,29977.651368730254,4341600
2023-07-13,30024.63671875,30071.623630672926,29742.715247212444,29789.70215913537,4412100
2023-07-14,30024.63671875,30259.571278364634,29789.70215913537,30259.571278364634,4472000
2023-07-17,29977.650390625,30165.59804197688,29883.67656494906,30165.59804197688,3652700
2023-07-18,30353.544921875,30353.544921875,29883.67580543731,29977.64962872485,6508500
2023-07-19,30353.544921875,30917.387861600233,30306.55801023123,30682.453303381386,5556900
2023-07-20,29977.650390625,30447.5195190047,29883.67656494906,30447.5195190047,5263800
2023-07-21,30353.544921875,30353.544921875,29930.66271708108,29930.66271708108,5206200
2023-07-24,30494.505859375,30541.492771330893,30212.58438763964,30494.505859375,4832200
2023-07-25,31481.228515625,31763.149965018656,30729.43798390858,30823.411800373135,13269100
2023-07-26,31434.244140625,31528.217964662745,31199.309580530644,31481.231052643874,3413000
2023-07-27,31105.333984375,31434.242349768694,30729.43870963935,31340.26853108478,7797000
2023-07-28,31763.15234375,31763.15234375,31011.361755732247,31058.34866748336,5630800
2023-07-31,32233.021484375,32514.94295508382,31951.100013666182,32045.07383723579,7648800
2023-08-01,31951.09765625,32514.94055606618,31951.09765625,32514.94055606618,8659400
2023-08-02,31857.125,32045.072640117993,31716.164269911504,31857.125,4644300
2023-08-03,31481.228515625,31998.08450618004,31481.228515625,31951.097597947763,4171200
2023-08-04,31575.205078125,32139.048025948658,31434.244341169084,31622.191990443636,12322800
2023-08-07,32280.005859375,32373.979675559498,31951.09750272926,32139.045135098255,5256500
2023-08-08,31951.09765625,32420.96673943015,31904.110747931987,32326.99292279412,5539100
2023-08-09,31951.09765625,32139.045289522062,31763.15002297794,31998.084564568017,4668500
2023-08-10,31481.228515625,31998.08450618004,31481.228515625,31951.097597947763,6166000
2023-08-11,31622.19140625,31763.152140601782,31105.33538029346,31528.21758334881,5907600
2023-08-14,31763.15234375,31763.15234375,31434.243961492233,31716.16543199889,4574500
2023-08-15,31998.087890625,32326.996283039647,31810.14023781663,31857.12715101872,4610800
2023-08-16,33172.76171875,33219.748633365794,31904.115024123585,31951.101938739375,13197300
2023-08-17,32608.91796875,33172.76093074568,32608.91796875,33172.76093074568,5308300
2023-08-18,30541.4921875,32467.955540865387,30494.50527644231,32467.955540865387,13220000
2023-08-21,30776.427734375,30964.37538466126,30165.597870944657,30541.493171517177,5356600
2023-08-22,31105.333984375,31105.333984375,29977.648160168053,30776.42561898131,6716400
2023-08-23,31199.30859375,32139.046804405123,31199.30859375,31951.0991622741,9087900
2023-08-24,31763.15234375,31904.113079003328,31387.257049741125,31481.23087324334,4814900
2023-08-25,31622.19140625,31810.13905205238,31387.25684899703,31669.178317700596,3638000
2023-08-28,31951.09765625,32045.07147288603,31575.202389705883,31810.136931295958,4017200
2023-08-29,31857.125,32186.03337020649,31716.164269911504,31951.098820058996,3702500
2023-08-30,31951.09765625,32233.01910615809,31857.12383961397,31951.09765625,4267500
2023-08-31,32420.96875,32420.96875,32045.07346014493,32045.07346014493,4121700
2023-09-01,32420.96875,32420.96875,32420.96875,32420.96875,0
2023-09-04,32420.96875,32420.96875,32420.96875,32420.96875,0
2023-09-05,32890.83984375,33031.800585937504,32655.9052734375,32702.8921875,7998900
2023-09-06,33078.78515625,33219.74588844993,32749.876781116833,32937.82442405007,4653200
2023-09-07,33595.64453125,33971.53985467657,32984.814630681816,33125.77537696678,9044800
2023-09-08,33219.74609375,33736.60211501061,33219.74609375,33689.61520398692,4602900
2023-09-11,32467.953125,33454.678183791606,32373.979309876988,33454.678183791606,10812100
2023-09-12,33172.76171875,33172.76171875,32326.997255665723,32467.957999513103,4935900
2023-09-13,32890.83984375,33313.7220703125,32749.8791015625,33266.735156250004,4978100
2023-09-14,32796.8671875,33595.644755103865,32796.8671875,32984.81485046561,7642600
2023-09-15,32796.8671875,33360.710176396846,32796.8671875,32984.81485046561,4523900
2023-09-18,32045.07421875,32890.838640945745,31951.10039406158,32749.877903913122,7730100
2023-09-19,31857.125,32280.007190265485,31763.151179941004,32233.02028023599,5864300
2023-09-20,32280.005859375,32420.966583651745,31810.13677845251,31857.12368654476,3426300
2023-09-21,32233.021484375,32420.969131514215,31951.100013666182,32280.008396159803,3165600
2023-09-22,31951.09765625,32186.032197840075,31387.254756433824,31904.110747931987,7542500
2023-09-25,30823.4140625,32139.047589557926,30776.42715081936,31951.099942835364,4230500
2023-09-26,30447.517578125,31011.360496238427,30447.517578125,30823.412856867286,4755900
2023-09-27,30635.466796875,30635.466796875,30306.55841101898,30306.55841101898,3553500
2023-09-28,31622.19140625,31857.12596350297,29930.662594028603,30635.46626578752,6556500
2023-09-29,31622.19140625,31669.178317700596,31105.33538029346,31481.230671898218,2907800
2023-10-02,31152.322265625,31622.191379736993,31011.3615313914,31622.191379736993,2138300
2023-10-03,30541.4921875,30917.38747596154,29977.649254807693,30917.38747596154,4650100
2023-10-04,30306.556640625,30682.451916787788,30071.622093023256,30306.556640625,2796000
2023-10-05,29883.677734375,30635.468369202044,29883.677734375,30400.533795818592,2442600
2023-10-06,30118.611328125,30306.558980718604,29695.729109789394,29836.689849234597,2551600
2023-10-09,30165.59765625,30212.58456848715,29977.6500073014,30165.59765625,2793700
2023-10-10,30541.4921875,30682.452920673077,30306.55763221154,30353.544543269232,2660000
2023-10-11,30635.466796875,30682.453709140147,30353.54532328413,30682.453709140147,2199600
2023-10-12,30541.4921875,30870.400564903848,30541.4921875,30729.43983173077,2464200
2023-10-13,30259.5703125,30494.504864615683,30071.622670807454,30447.517954192546,1949500
2023-10-16,29883.677734375,30353.5468811419,29883.677734375,30118.61230775845,2476400
2023-10-17,29836.689453125,30259.57166584646,29836.689453125,30024.637103223427,1820000
2023-10-18,29366.8203125,29883.67635,29131.88575,29836.6894375,4719900
2023-10-19,28802.9765625,29507.780230424145,28802.9765625,29366.819496839315,2785000
2023-10-20,29225.861328125,29507.782820036173,28709.005259621183,28849.966005576767,2434100
2023-10-23,29037.912109375,29601.755062955097,28662.016806988267,29225.859760568364,2788400
2023-10-24,29460.79296875,29883.675164473683,29178.87150493421,29460.79296875,2173100
2023-10-25,29319.833984375,29695.729291866985,29319.833984375,29319.833984375,2122800
2023-10-26,28004.19921875,29084.898181889683,27440.35628145973,28943.937447567114,6676400
2023-10-27,27769.263671875,28568.041137901862,27346.381483978425,28192.145859771572,3872700
2023-10-30,26406.64453125,27487.343506728204,26406.64453125,27440.35659475089,6594400
2023-10-31,26030.75,26782.54061371841,25560.880866425992,26500.619133574008,6087100
2023-11-01,26500.619140625,26735.55370747451,25795.81544007646,26594.592967364806,4479300
2023-11-02,27581.31640625,27816.250958262353,26782.53892940801,27064.460391822828,4705900
2023-11-03,29131.884765625,29131.884765625,27769.264349168345,28145.15963646673,8102700
2023-11-06,29131.884765625,29131.884765625,28474.068012852822,28943.937121975807,3301400
2023-11-07,28755.98828125,29084.896643944037,28615.02755438113,28755.98828125,1508300
2023-11-08,29883.677734375,29977.65156372838,28380.09646472091,28755.99178213443,3874600
2023-11-09,29601.75390625,30024.636104910714,29413.806262400794,29930.66228298611,4253500
2023-11-10,29178.873046875,29601.755264945652,28849.964655042273,29319.833786231884,4074300
2023-11-13,29037.912109375,29413.807411761733,28802.97754538329,29413.807411761733,2458800
2023-11-14,29601.75390625,29836.68846106151,29037.91097470238,29272.84552951389,3979700
2023-11-15,29648.740234375,30259.570064877178,29601.75332433637,30071.622424722664,3671500
2023-11-16,29789.701171875,29883.674992606466,29601.753530412065,29601.753530412065,2240400
2023-11-17,29272.845703125,30024.636282980537,28849.96350195626,29789.701726775682,5082600
2023-11-20,29131.884765625,29366.819320186492,28615.028745589716,28662.015656502015,4320400
2023-11-21,28943.9375,29460.793526785714,28943.9375,29460.793526785714,2243600
2023-11-22,29084.8984375,29131.885349353797,28802.976966377224,29037.911525646206,1836200
2023-11-23,28568.041015625,29413.805387798107,28568.041015625,29319.831568667763,3280100
2023-11-24,28239.1328125,28755.988820715476,27675.289894446756,28521.054271526624,4696800
2023-11-27,27534.33203125,28145.161922728243,27534.33203125,28145.161922728243,3048100
2023-11-28,28145.16015625,28145.16015625,27064.461185308846,27534.33030310935,3736900
2023-11-29,28098.171875,28474.06715091973,27816.2504180602,28098.171875,1779600
2023-11-30,27722.27734375,28239.133362023305,27722.27734375,27957.21189751059,2756300
2023-12-01,27957.212890625,28051.186715467436,27581.31759125525,27816.252153361344,2696100
2023-12-04,28380.095703125,28662.017183619617,28004.200395798838,28004.200395798838,4761000
2023-12-05,28239.1328125,28474.067361688853,28098.17208298669,28427.08045185108,3093500
2023-12-06,28568.041015625,28662.014834755344,28192.145739103617,28192.145739103617,2489700
2023-12-07,28990.92578125,29178.87343623379,28474.069730044568,28709.00429877431,5844300
2023-12-08,29084.8984375,29131.885349353797,28755.990054523427,28990.92461379241,2749400
2023-12-11,28990.92578125,29131.886522487843,28802.978126266207,29084.899608741896,1614200
2023-12-12,29178.873046875,29178.873046875,28896.951568161232,28990.925394399157,2167900
2023-12-13,28662.015625,29272.845466188526,28662.015625,29272.845466188526,3108700
2023-12-14,28709.00390625,28990.925384871116,28709.00390625,28943.938471767597,2552800
2023-12-15,28755.98828125,28943.935917075163,28568.040645424837,28709.00137229371,2153100
2023-12-18,28239.1328125,28802.975730553248,28239.1328125,28755.988820715476,2378300
2023-12-19,28755.98828125,28755.98828125,28004.197737949347,28192.14537377451,2109500
2023-12-20,28521.056640625,28709.004295587933,28333.108985662067,28474.069726884267,1746600
2023-12-21,28802.9765625,28802.9765625,28333.10745055057,28474.0681841354,2482700
2023-12-22,28755.98828125,28943.935917075163,28615.02755438113,28662.01446333742,1853900
2023-12-25,29084.8984375,29131.885349353797,28755.990054523427,28943.937701938612,2572700
2023-12-26,28943.9375,29131.885146103894,28896.950588474025,28990.92441152597,1507400
2023-12-27,28990.92578125,29272.847263725685,28990.92578125,28990.92578125,2015600
2023-12-28,29601.75390625,29742.714639136906,29037.91097470238,29037.91097470238,5753400
2023-12-29,29883.677734375,30024.63847840507,29601.756246314857,29789.70390502162,4231700
2024-01-01,29883.677734375,29883.677734375,29883.677734375,29883.677734375,0
2024-01-02,30165.59765625,30306.558392961448,29883.6761828271,29977.6500073014,3710100
2024-01-03,30635.466796875,30635.466796875,29930.663112897815,29977.650025162962,5610600
2024-01-04,31105.333984375,31622.18998713652,30588.477981613483,30635.464890955438,10073900
2024-01-05,31199.30859375,31387.256235881025,31011.36095161898,31105.33477268449,3569900
2024-01-08,32045.07421875,32092.061131094208,31340.270533586874,31481.2312706195,6323800
2024-01-09,32420.96875,32420.96875,31763.151992753625,31951.09963768116,6900500
2024-01-10,32326.99609375,32608.917571311773,32186.035354969114,32467.956832530886,7189800
2024-01-11,32092.064453125,32514.946707997806,31763.156032668376,32233.02520474927,6731000
2024-01-12,32561.9296875,32608.91659902597,31528.21763392857,31810.139103084413,10186600
2024-01-15,32233.021484375,32702.890602223033,32233.021484375,32608.916778653427,3727300
2024-01-16,32092.064453125,32139.05137033309,31763.156032668376,32045.077535916913,4458700
2024-01-17,31998.087890625,32561.93084905011,31951.10097742291,32092.061717029184,4420000
2024-01-18,32326.99609375,32514.94374545785,31998.087703261266,32186.035354969114,4108200
2024-01-19,32843.8515625,33031.79921092632,32420.96935354077,32514.943177753936,7947400
2024-01-22,32843.8515625,33172.759947246064,32608.917001967096,33172.759947246064,4313700
2024-01-23,33313.72265625,33830.57872002821,33266.73574136107,33360.70957113893,10075300
2024-01-24,33125.7734375,33407.69491356383,33125.7734375,33125.7734375,3141400
2024-01-25,33125.7734375,33125.7734375,33125.7734375,33125.7734375,0
2024-01-26,33266.73046875,33360.70428363347,32890.8352092161,32937.82211665784,3145200
2024-01-29,33125.7734375,33501.66873891844,33078.786524822695,33313.72108820922,3145300
2024-01-30,33078.78515625,33125.772066983314,32608.916048916904,32984.81133478338,5207300
2024-01-31,32467.953125,33125.76983086107,32326.992402315485,33078.782923299565,5380200
2024-02-01,32092.064453125,32561.933625205893,31951.10370150073,32373.985956373537,6209900
2024-02-02,32092.064453125,32092.064453125,32092.064453125,32092.064453125,0
2024-02-05,33360.70703125,33830.5761443662,32326.994982394364,32373.981893705986,9600300
2024-02-06,33501.66796875,34018.52399631837,33454.68105715288,33501.66796875,4013800
2024-02-07,35052.234375,35052.234375,33642.62709450402,33642.62709450402,11167100
2024-02-08,35052.234375,35052.234375,35052.234375,35052.234375,0
2024-02-09,35052.234375,35052.234375,35052.234375,35052.234375,0
2024-02-15,36085.94921875,36602.80526224772,35193.1978708903,35240.18478393555,13071500
2024-02-16,36179.92578125,36367.8734476461,35616.08278206169,36179.92578125,7217800
2024-02-19,36555.81640625,36696.77713789364,36132.93421131909,36226.908032414845,9734800
2024-02-20,36555.81640625,36649.79022734576,36179.921121866966,36461.84258515424,5413200
2024-02-21,36649.7890625,36978.69742588141,36273.8937900641,36414.85451722756,7674900
2024-02-22,37871.44921875,37918.43612845068,36602.802656831576,36649.78956653226,9645200
2024-02-23,37683.50390625,39797.914973308914,37589.530081047385,38294.33377006702,16442400
2024-02-26,38717.21484375,38999.13631105886,37777.47661938713,37777.47661938713,9615100
2024-02-27,39422.01953125,39422.01953125,38529.26819502384,38905.16349448749,8413100
2024-02-28,39656.94921875,39797.90993872186,39046.119432205276,39515.98849877814,7524100
2024-02-29,39656.94921875,39891.88375203643,38858.17180557612,39891.88375203643,9026500
2024-03-01,39328.046875,39328.046875,38764.20390905018,39187.086133512545,9291100
2024-03-04,39328.046875,39656.955271804065,38858.17773670848,39234.0730473417,8435000
2024-03-05,39656.94921875,39656.94921875,38905.15871223342,39281.05396549171,6316800
2024-03-06,40173.80859375,40878.61225328947,39281.057291666664,39515.99184484649,11167400
2024-03-07,40032.84765625,40690.66440177523,39844.900014671366,40267.782208223296,7214000
2024-03-08,38529.26953125,40032.85078125,38529.26953125,39891.8900390625,20127300
2024-03-11,37965.421875,38717.21240717822,37495.55279238862,38435.29095761139,11182600
2024-03-12,38717.21484375,38811.18866618628,37683.502796950845,37918.43735304156,8497100
2024-03-13,39469.00390625,39469.00390625,38482.27880859375,38717.21335565476,7892700
2024-03-14,38905.1640625,39562.98084616546,38764.20332314312,39562.98084616546,6636800
2024-03-15,38905.1640625,39140.098628094805,37965.42580012077,38764.20332314312,7540800
2024-03-18,37683.50390625,38717.2159834788,37025.68712983167,38717.2159834788,11297200
2024-03-19,37871.44921875,37965.42303815136,37213.63248294045,37777.47539934864,5330900
2024-03-20,39750.92578125,39891.88651097074,37636.51483543883,37965.423204787236,16882000
2024-03-21,42382.1953125,42382.1953125,40032.84967433481,40032.84967433481,16923300
2024-03-22,42194.25,42758.0929844098,41395.47243875278,42758.0929844098,10791500
2024-03-25,42100.2734375,43603.85463169643,41489.4435773577,42852.06403459821,10737400
2024-03-26,43180.97265625,43415.90721912405,41818.352191580525,42100.27366702938,7755900
2024-03-27,42805.078125,43415.907999451156,42382.19590422613,43415.907999451156,4640100
2024-03-28,45107.43359375,45765.250333658856,44825.51213378906,45765.250333658856,30022800
2024-03-29,44684.5546875,45248.397648856466,44684.5546875,45060.44999507098,6403800
2024-04-01,44590.578125,44825.512677818755,44026.73519823499,44684.5519461275,8561000
2024-04-02,44778.53125,45107.439664218255,44167.701337880375,44731.5443336831,13559100
2024-04-03,43979.75,45060.448985042734,43979.75,44543.59294871795,8776700
2024-04-04,43227.9609375,43932.7646484375,43180.9740234375,43697.830078125,10756900
2024-04-05,42476.171875,43133.98869607301,42429.184959209066,42758.09336974558,12129600
2024-04-08,42758.0859375,43086.99429086538,42194.24304601648,42288.21686126373,9964400
2024-04-09,43040.0078125,43040.0078125,42476.16491539301,42758.08636394651,5384200
2024-04-10,42899.05078125,43979.749760405255,42852.06386911282,43227.9591662103,7754300
2024-04-11,42382.1953125,42899.05135289634,42241.23457421009,42335.20839973669,11371200
2024-04-12,44543.59375,44590.5806632384,42382.195741033756,42711.10413370253,13456300
2024-04-15,41724.375,44590.576435810806,41536.42736486486,44355.64189189189,13735800
2024-04-16,42758.0859375,42758.0859375,41536.42633928571,42241.22995364011,15151800
2024-04-17,42147.2578125,42852.0614548495,41959.310174540136,42758.08763586957,7454000
2024-04-19,41818.3515625,41959.312298103934,40737.65258953651,41348.48244382023,14444400
2024-04-22,42523.15234375,42946.03452175414,42194.24398308011,42617.126161084256,6813500
2024-04-23,43415.90625,44637.56594967532,42758.08948863636,42758.08948863636,15592800
2024-04-24,44167.69921875,44214.6861328125,43603.856250000004,43979.7515625,7532200
2024-04-25,43368.921875,44167.6994176598,43040.01347508126,44167.6994176598,7161400
2024-04-26,43791.80078125,44073.72224550698,42899.049477769586,43227.95785273606,5678300
2024-04-29,43791.80078125,43791.80078125,43791.80078125,43791.80078125,0
2024-04-30,43791.80078125,43791.80078125,43791.80078125,43791.80078125,0
2024-05-02,44026.73828125,44120.71210895811,43556.869142709445,43979.75136739594,4351500
2024-05-03,45295.38671875,45859.22970695021,44543.59606781639,44637.569899183094,13660600
2024-05-06,45436.34375,45765.252132885216,45013.4615434333,45577.30448552223,7906500
2024-05-07,45013.4609375,45436.34313837421,44825.51329266701,45436.34313837421,9058500
2024-05-08,45295.38671875,46235.12503241701,44449.622236449686,45013.465224649895,15386300
2024-05-09,45530.31640625,45953.19860197369,44919.48656798246,45671.27713815789,8705600
2024-05-10,45577.30859375,45859.23009020618,45013.465600837626,45859.23009020618,7679300
2024-05-13,45483.33203125,45718.266597527116,45107.43672520661,45577.305857760846,6004900
2024-05-14,45013.4609375,45530.31696079071,44966.474026291755,45530.31696079071,7472800
2024-05-15,45201.41015625,45248.39706909434,44872.50176633966,45013.46250487267,9678900
2024-05-16,46892.9375,46939.924411322645,45483.33016032064,45577.30398296593,20864900
2024-05-17,46751.9765625,46986.91111809045,46658.002740263815,46751.9765625,6345600
2024-05-20,46704.98828125,47456.77883708501,46564.02755203093,46939.92282994844,9304700
2024-05-21,45035.25,45989.38665254237,44892.129502118645,45893.972987288136,11258500
2024-05-22,44271.94140625,45321.49174131196,44224.2345728381,45082.957574252425,14666400
2024-05-23,44367.35546875,44510.475970262094,43747.166628864245,44176.52813340054,7238900
2024-05-24,44271.94140625,45082.957574252425,43699.45940530711,44033.40723919046,14617600
2024-05-27,44367.35546875,44462.76913642473,43890.287130376346,44271.94180107527,5007700
2024-05-28,44749.01171875,44796.71855427105,44176.52969249733,44367.35703458155,6014900
2024-05-29,44367.35546875,44892.13064096102,44271.94180107527,44844.423807123654,6948600
2024-05-30,44653.59765625,44653.59765625,43747.16778929621,43937.99512970753,7573700
2024-05-31,44844.42578125,44844.42578125,44176.530078125,44653.5984375,5677200
2024-06-03,44844.42578125,44844.42578125,44844.42578125,44844.42578125,0
2024-06-04,45416.90625,45607.73358718487,44844.424238445376,45321.49258140756,9962000
2024-06-05,45321.4921875,45560.026356907896,45035.25118421052,45512.319523026315,9260100
2024-06-06,45798.55859375,45798.55859375,45035.249283854166,45369.19710693359,13114900
2024-06-07,46848.109375,47420.591363289204,46466.45471614053,46752.69571028513,15463100
2024-06-10,46657.28125,47229.76322852761,46132.50610301636,47229.76322852761,8633400
2024-06-11,23543.322265625,23781.856432449975,23447.90859889501,23614.882515672492,33173800
2024-06-12,23567.17578125,23614.882614815284,23376.348446988868,23543.32236446736,18315800
2024-06-13,23567.17578125,23662.589448380568,23519.468947684716,23614.882614815284,16849800
2024-06-14,23424.0546875,23638.735433108453,23424.0546875,23614.882016929736,19671200
2024-06-17,23185.521484375,23400.202238859954,23137.81465004501,23400.202238859954,19374400
2024-06-18,23280.93359375,23424.0540871542,22994.6926069416,23185.519931480532,20486200
2024-06-19,23042.400390625,23376.348222373188,22970.840140964672,23376.348222373188,34054600
2024-06-20,23662.58984375,23996.53768428679,23376.348837575602,23424.055671938004,34583800
2024-06-21,23376.34765625,23805.709143813776,23090.106664540817,23805.709143813776,11686300
2024-06-24,22851.572265625,23376.347411599687,22517.62444545929,23376.347411599687,14021100
2024-06-25,22899.279296875,22899.279296875,22326.797314453124,22851.572465006513,12070000
2024-06-26,22899.279296875,22899.279296875,22469.917810058596,22851.572465006513,7388500
2024-06-27,22374.505859375,22613.040036980277,22279.09218833289,22565.33320145922,12338200
2024-06-28,22279.091796875,22422.21230092345,21468.075607267132,22374.505466240633,21090100
2024-07-01,21611.1953125,22040.556808774836,21611.1953125,22040.556808774836,9012800
2024-07-02,21849.728515625,22135.969500545852,21611.19436152429,21802.02168480486,9248300
2024-07-03,22422.212890625,22469.919726562497,21849.730859375,21897.4376953125,10183800
2024-07-04,22422.212890625,22469.919726562497,22231.385546874997,22422.212890625,5683100
2024-07-05,22422.212890625,22422.212890625,22135.971875,22279.092382812498,8377700
2024-07-08,22374.505859375,22422.212694896054,22040.55801072761,22422.212694896054,6699200
2024-07-09,22279.091796875,22422.21230092345,22183.678127509367,22231.384962192184,11389200
2024-07-10,22088.263671875,22374.504669782666,22040.55683889039,22326.797836798054,10290600
2024-07-11,21754.314453125,22279.0895824767,21754.314453125,22088.262262712444,15419800
2024-07-12,21754.314453125,21945.141772889252,21754.314453125,21802.021283066064,5523200
2024-07-15,21611.1953125,21849.72947709713,21563.488479580574,21802.022644177705,6044600
2024-07-16,21658.900390625,21802.020877787723,21515.77990346228,21611.193561570763,11029900
2024-07-17,22613.0390625,23090.1073971519,21754.31606012658,21802.022893591773,27351200
2024-07-18,22613.0390625,22756.15956289557,22231.38439477848,22613.0390625,11221300
2024-07-19,22326.798828125,22660.74667384482,22040.55781750801,22660.74667384482,14092100
2024-07-22,22565.33203125,22708.45253039112,21945.14320163848,22231.384199920718,14480100
2024-07-23,21992.849609375,22708.452091241863,21945.14277725054,22708.452091241863,12471200
2024-07-24,21945.142578125,22135.969904891303,21802.02208305027,21802.02208305027,10819000
2024-07-25,21706.607421875,21849.72791037088,21515.780103880494,21802.02108087225,8303700
2024-07-26,21706.607421875,21802.02108087225,21563.48693337912,21658.900592376373,6322500
2024-07-29,21706.607421875,21897.434739869506,21706.607421875,21802.02108087225,5198700
2024-07-30,21897.435546875,21897.435546875,21563.487728077343,21658.90139059096,6723500
2024-07-31,22183.677734375,22279.091402049733,21897.43673135081,21945.143565188173,11002900
2024-08-01,21945.142578125,22183.67673658288,21515.781092900816,22135.969904891303,11637400
2024-08-02,22422.212890625,22422.212890625,21515.783007812497,21515.783007812497,13700300
2024-08-05,21277.248046875,21945.143725476457,21277.248046875,21945.143725476457,16810500
2024-08-06,21277.248046875,21563.48905198991,21038.71387594591,21372.66171524664,17667600
2024-08-07,20800.1796875,21372.661697247706,20752.472853354357,21372.661697247706,19624800
2024-08-08,19893.75,20657.059352517983,19798.33633093525,20609.35251798561,41051900
2024-08-09,20132.283203125,20323.110532064573,20036.869538655214,20036.869538655214,14966900
2024-08-12,20275.404296875,20275.404296875,20036.87012867647,20227.697463235294,10346600
2024-08-13,20036.869140625,20227.69646577381,19941.455478050597,20227.69646577381,11492700
2024-08-14,20227.697265625,20323.11093197229,19941.456266583136,20084.57676610407,11836400
2024-08-15,20179.990234375,20227.69706708038,19989.162903553486,20227.69706708038,9559800
2024-08-16,20466.232421875,20561.64609283945,20084.57773801719,20179.991408981645,21418700
2024-08-19,20895.591796875,20943.298627461474,20418.523491010274,20561.643982769692,15706900
2024-08-20,20847.884765625,21038.712086134154,20800.17793549771,20943.298425879577,12413000
2024-08-21,20991.005859375,21086.419522372158,20561.644375887783,20704.764870383522,20036300
2024-08-22,21324.955078125,21611.196085885065,20991.007235738256,20991.007235738256,20780600
2024-08-23,21372.662109375,21468.07577950614,21181.834769112724,21324.955274309432,11973100
2024-08-26,21468.076171875,21611.1966796875,21372.6625,21468.076171875,16940600
2024-08-27,21611.1953125,21658.902145419426,21420.3679808223,21468.07481374172,15067700
2024-08-28,21945.142578125,22088.263073199727,21563.48792459239,21658.901587975542,19145000
2024-08-29,21945.142578125,22183.67673658288,21945.142578125,21945.142578125,16097600
2024-08-30,22279.091796875,22279.091796875,21945.14395409529,21945.14395409529,13276300
2024-09-04,21945.142578125,22183.67673658288,21802.02208305027,21992.849409816576,13719600
2024-09-05,21754.314453125,21992.848602830316,21658.900793242872,21849.728113007128,11375000
2024-09-06,21754.314453125,21897.434942948188,21611.19396330181,21754.314453125,12161700
2024-09-09,21611.1953125,21802.022644177705,21563.488479580574,21658.902145419426,12271500
2024-09-10,21229.541015625,21706.609353054777,21181.834181882023,21658.902519311796,14110600
2024-09-11,21086.419921875,21229.540419082296,20943.299424667704,21134.126754277433,11246200
2024-09-12,21277.248046875,21372.66171524664,21134.127544317544,21277.248046875,9122600
2024-09-13,21181.833984375,21324.954484269427,21134.12715107686,21277.247650971283,10103800
2024-09-16,21181.833984375,21658.90231735642,21181.833984375,21181.833984375,11594300
2024-09-17,21706.607421875,21706.607421875,21134.125467891485,21134.125467891485,7238500
2024-09-18,21945.142578125,22040.55624150815,21658.901587975542,21706.608419667118,15057800
2024-09-19,22135.970703125,22135.970703125,21849.729702653556,22135.970703125,13432600
2024-09-20,22469.91796875,22613.03846536624,22231.38380772293,22231.38380772293,30615100
2024-09-23,22279.091796875,22660.746474337528,22279.091796875,22469.919135606262,8232000
2024-09-24,22469.91796875,22517.624800955415,22231.38380772293,22231.38380772293,11039500
2024-09-25,22708.453125,22851.573627888654,22517.625787815126,22660.74629070378,23428400
2024-09-26,22994.693359375,23280.934355549794,22565.33186511281,22708.45236320021,26218200
2024-09-27,23090.107421875,23233.227922423812,22946.986921326188,23090.107421875,16810100
2024-09-30,23090.107421875,23233.227922423812,22851.57325429365,23042.40058835873,21491800
2024-10-01,23519.46875,23662.589249492903,23042.400418357,23090.107251521298,40736400
2024-10-02,23758.00390625,23996.538082015562,23233.228719565763,23424.056060178213,28212200
2024-10-03,23233.228515625,24044.24470610883,23233.228515625,23805.710532437115,29754600
2024-10-04,22946.986328125,23328.640986389033,22946.986328125,23233.227321823026,21424400
2024-10-07,23042.400390625,23233.227723052536,22899.279891304348,23137.814056838768,12843900
2024-10-08,23280.93359375,23471.760918288935,23090.106269211065,23090.106269211065,16248500
2024-10-09,23519.46875,23614.8824163286,23185.5209178499,23280.9345841785,21677200
2024-10-10,23424.0546875,23853.416178716903,23424.0546875,23758.002514002037,18247800
2024-10-11,23328.640625,23471.7611196319,23137.81329882413,23424.054288087937,13916200
2024-10-14,23233.228515625,23471.762689296716,23233.228515625,23424.05585456237,11945500
2024-10-15,23137.814453125,23471.762290592782,23042.400785277063,23233.228120972937,14126800
2024-10-16,23090.107421875,23185.521088907542,22994.69375484246,23090.107421875,9019700
2024-10-17,23233.228515625,23280.935350359345,22994.694341953287,23090.108011421973,9422800
2024-10-18,23328.640625,23662.58844580777,23280.933793456035,23328.640625,15418700
2024-10-21,23042.400390625,23376.348222373188,22994.693557518116,23328.641389266304,9745000
2024-10-22,23090.107421875,23280.934755940085,22899.28008780992,23090.107421875,16879300
2024-10-23,23090.107421875,23185.521088907542,22660.745920228565,23090.107421875,16761400
2024-10-24,22565.33203125,23090.107194767443,22469.91836515592,23042.400361720403,14256700
2024-10-25,22422.212890625,22756.160742187498,22326.79921875,22660.7470703125,14325400
2024-10-28,22565.33203125,22613.03886429704,22374.50469906184,22422.21153210888,7020100
2024-10-29,22660.74609375,22756.159761513158,22613.03925986842,22613.03925986842,6285800
2024-10-30,22899.279296875,22899.279296875,22660.745137532555,22708.45196940104,11087000
2024-10-31,22803.865234375,22994.69255851203,22756.158403340745,22899.278896443517,8621600
2024-11-01,22613.0390625,22899.28006329114,22613.0390625,22756.15956289557,14550800
2024-11-04,22374.505859375,22660.74687250133,22326.799023853942,22660.74687250133,13930100
2024-11-05,22374.505859375,22565.33320145922,22374.505859375,22422.212694896054,9921800
2024-11-06,22803.865234375,22946.98572747777,22517.624248169457,22517.624248169457,15680200
2024-11-07,22756.158203125,23042.39918681211,22756.158203125,23042.39918681211,8601500
2024-11-08,22517.625,22899.27966101695,22374.504502118645,22899.27966101695,13097100
2024-11-11,22135.970703125,22613.039037244074,21992.85020288928,22613.039037244074,15357300
2024-11-12,21992.849609375,22326.797434246204,21849.729113001627,22326.797434246204,12489700
2024-11-13,22088.263671875,22088.263671875,21658.9021750135,21945.143172921165,13323900
2024-11-14,21754.314453125,21992.848602830316,21706.607623183936,21945.141772889252,7429400
2024-11-15,21420.369140625,21754.31698914254,21372.662305122496,21754.31698914254,14453100
2024-11-18,21420.369140625,21658.903318137527,21181.834963112473,21372.662305122496,12110400
2024-11-19,21372.662109375,21515.782614571708,21181.834769112724,21515.782614571708,6936100
2024-11-20,21802.021484375,21802.021484375,21229.539519796224,21277.24635017779,10247500
2024-11-21,22135.970703125,22135.970703125,21563.488702182112,21754.316035829743,11213000
2024-11-22,22422.212890625,22469.919726562497,22088.2650390625,22135.971875,14405800
2024-11-25,22422.212890625,22517.626562499998,22326.79921875,22422.212890625,7187600
2024-11-26,22469.91796875,22613.03846536624,22374.50430433917,22422.211136544585,6757500
2024-11-27,22422.212890625,22517.626562499998,22279.092382812498,22422.212890625,6388200
2024-11-28,22517.625,22613.038665254237,22326.797669491527,22565.33183262712,8136900
2024-11-29,22517.625,22517.625,22279.09083686441,22422.211334745763,8447400
2024-12-02,22565.33203125,22613.03886429704,22326.7978660148,22613.03886429704,6569300
2024-12-03,22565.33203125,22660.745697344082,22374.50469906184,22565.33203125,8333300
2024-12-04,22374.505859375,22517.626365938166,22326.799023853942,22374.505859375,8179300
2024-12-05,23090.107421875,23090.107421875,22279.0912520984,22374.50491913094,14188900
2024-12-06,23042.400390625,23137.814056838768,22851.573058197464,23090.107223731884,10921300
2024-12-09,23042.400390625,23185.520889945652,22851.573058197464,22994.693557518116,7597400
2024-12-10,22946.986328125,23090.106824974013,22899.279495841995,22946.986328125,7039400
2024-12-11,23042.400390625,23185.520889945652,22899.279891304348,22946.986724411232,10341200
2024-12-12,23137.814453125,23376.348622744845,23042.400785277063,23090.10761920103,18543300
2024-12-13,23233.228515625,23424.05585456237,22994.694341953287,23185.52168089066,11020400
2024-12-16,23185.521484375,23280.935153034978,22994.69414705504,23185.521484375,6356400
2024-12-17,23090.107421875,23280.934755940085,23042.40058835873,23280.934755940085,5387400
2024-12-18,23090.107421875,23185.521088907542,22994.69375484246,23137.814255391273,5786300
2024-12-19,22660.74609375,22946.987097039473,22660.74609375,22899.280263157896,15028500
2024-12-20,22708.453125,22851.573627888654,22708.453125,22756.15995929622,4594100
2024-12-23,22803.865234375,22946.98572747777,22708.451572306487,22899.278896443517,3208600
2024-12-24,22899.279296875,22946.98612874349,22708.45196940104,22946.98612874349,5175500
2024-12-25,23328.640625,23758.002108895707,22851.572309560328,22899.279141104296,18370600
2024-12-26,23233.228515625,23424.05585456237,23185.52168089066,23376.34901982803,5475600
2024-12-27,23471.76171875,23758.002715320123,23328.64122046494,23376.348053226626,15395600
2024-12-30,23280.93359375,23614.881411693135,23233.226762615268,23614.881411693135,10145800
2024-12-31,23519.46875,23519.46875,23233.2277510142,23233.2277510142,9403700
2025-01-02,23233.228515625,23567.176358765402,23185.52168089066,23519.469524031058,7834500
2025-01-03,22517.625,23233.22748940678,22517.625,23233.22748940678,17426900
2025-01-06,22517.625,22756.159163135595,22422.211334745763,22517.625,8132700
2025-01-07,22565.33203125,22803.8661964852,22469.91836515592,22803.8661964852,7615500
2025-01-08,22851.572265625,23185.52008579071,22565.331276911533,22708.45177126827,11947100
2025-01-09,22851.572265625,22946.985928529488,22660.744939816024,22946.985928529488,4709000
2025-01-10,22326.798828125,22899.280849358973,22326.798828125,22899.280849358973,6232100
2025-01-13,22708.453125,22708.453125,22088.26427914916,22135.97111344538,7939900
2025-01-14,22517.625,22660.745497881355,22422.211334745763,22469.91816737288,4180100
2025-01-15,22613.0390625,22803.86639636076,22565.33222903481,22708.45272943038,6720200
2025-01-16,22613.0390625,22803.86639636076,22565.33222903481,22708.45272943038,6720200
2025-01-17,23280.93359375,23280.93359375,22660.744788998465,22756.15845126793,10016400
2025-01-20,23280.93359375,23376.347256019468,23137.8131003458,23280.93359375,5183100
2025-01-21,23090.107421875,23376.348422972624,23042.40058835873,23280.934755940085,8127000
2025-01-22,23090.107421875,23328.641589456354,23042.40058835873,23328.641589456354,7455200
2025-01-23,23471.76171875,23710.295882558436,23137.81388941819,23233.227554941564,21069200
2025-01-24,23614.8828125,23710.296480429293,23519.469144570707,23662.589646464647,10331500
2025-01-27,23614.8828125,23614.8828125,23614.8828125,23614.8828125,0
2025-01-28,23614.8828125,23614.8828125,23614.8828125,23614.8828125,0
2025-01-29,23614.8828125,23614.8828125,23614.8828125,23614.8828125,0
2025-01-30,23614.8828125,23614.8828125,23614.8828125,23614.8828125,0
2025-01-31,23614.8828125,23614.8828125,23614.8828125,23614.8828125,0
2025-02-03,23137.814453125,23567.175958440723,23137.814453125,23376.348622744845,10885100
2025-02-04,23519.46875,23567.175583164302,23185.5209178499,23233.2277510142,12471500
2025-02-05,23567.17578125,23758.003115511136,23424.055280554152,23710.29628194585,9430900
2025-02-06,24044.244140625,24330.48514229911,23662.58947172619,23758.00313895089,37579600
2025-02-07,24569.01953125,24616.726365291262,24044.244356796116,24282.77852700243,26585000
2025-02-10,24569.01953125,25046.08787166262,24282.77852700243,24569.01953125,22152900
2025-02-11,24712.140625,24950.67480091699,24569.020119449808,24902.96796573359,15667000
2025-02-12,24521.3125,24807.553501945527,24521.3125,24807.553501945527,11524500
2025-02-13,24759.84765625,24807.554491811174,24378.192971760596,24425.899807321774,11953600
2025-02-14,24807.5546875,24998.38203125,24712.141015625,24902.968359374998,10239600
2025-02-17,24521.3125,24902.9671692607,24521.3125,24807.553501945527,10972700
2025-02-18,24664.43359375,24902.967767770795,24473.606254533366,24521.313089337524,10757000
2025-02-19,24902.96875,24950.675586685826,24616.727729885057,24759.84823994253,12938100
2025-02-20,25332.328125,25380.03495762712,24855.259798728814,24998.38029661017,21179500
2025-02-21,25284.62109375,25380.034758254715,25189.20742924528,25380.034758254715,8800600
2025-02-24,25284.62109375,25427.741590507074,25093.793764740563,25189.20742924528,11762200
2025-02-25,25189.20703125,25570.861683238636,25141.50019975142,25380.034357244316,14496400
2025-02-26,25093.79296875,25332.327122445342,25093.79296875,25189.206630228135,9946900
2025-02-27,25046.0859375,25189.20642857143,24807.551785714288,25189.20642857143,12505900
2025-02-28,24902.96875,25093.796096743295,24855.261913314178,25046.089260057473,12220900
2025-03-03,24902.96875,25093.796096743295,24855.261913314178,24950.675586685826,9359400
2025-03-04,26238.7578125,26286.464644886364,24807.55284090909,24902.966505681816,40196300
2025-03-05,26047.931640625,26334.172647664836,26047.931640625,26238.758978651556,13269400
2025-03-06,26429.5859375,26429.5859375,26095.638100744585,26191.05176838899,12570100
2025-03-07,26477.29296875,26620.413471283784,26191.051963682432,26429.58613457207,14922200
2025-03-10,26525.0,27002.06834532374,26429.58633093525,26477.293165467625,13907700
2025-03-11,26715.826171875,26715.826171875,26191.051014927456,26238.757847377234,15313400
2025-03-12,26572.705078125,26954.359729157317,26524.998246745963,26811.2392350202,10861400
2025-03-13,26047.931640625,26524.999985691393,26000.22480611836,26524.999985691393,18991700
2025-03-14,26047.931640625,26143.34530963828,25857.104302598444,25857.104302598444,10662000
2025-03-17,26191.05078125,26191.05078125,25904.80978910519,26095.63711720173,11002100
2025-03-18,26143.34375,26334.171076642335,26047.930086678833,26238.757413321167,7945400
2025-03-19,26000.224609375,26095.638277666283,25904.810941083717,26047.931443520643,12083700
2025-03-20,26191.05078125,26286.464445298272,25857.102957081057,26238.757613274138,14430700
2025-03-21,26095.63671875,26286.464043932814,26047.929887454295,26095.63671875,7447300
2025-03-24,26715.826171875,26906.653501674107,25952.51685267857,26095.637350027904,21083700
2025-03-25,26620.412109375,26906.653099798386,26572.705277637768,26811.239436323925,8130100
2025-03-26,26715.826171875,27192.89449637277,26524.998842075893,26620.41250697545,24089300
2025-03-27,26477.29296875,26858.94764217342,26477.29296875,26715.827139639638,7518900
2025-03-28,26286.46484375,26524.99900748639,26191.051178255446,26477.292174739112,12353600
2025-03-31,26238.7578125,26238.7578125,25952.51681818182,26143.34414772727,12983300
2025-04-01,26668.119140625,26715.82597271914,26143.343987589444,26238.757651777727,9054500
2025-04-02,26620.412109375,26858.946268061154,26572.705277637768,26715.82577284946,6668600
2025-04-03,24759.84765625,25952.518545279385,24759.84765625,25713.984367473506,58893200
2025-04-04,24521.3125,24569.019333657587,23042.400656614787,23042.400656614787,56795800
2025-04-08,22851.572265625,23853.41572612213,22851.572265625,23853.41572612213,33465800
2025-04-09,22517.625,23758.002648305086,21277.247351694914,21277.247351694914,40792200
2025-04-10,24091.951171875,24091.951171875,24091.951171875,24091.951171875,1241800
2025-04-11,25380.03515625,25380.03515625,24425.8984962406,25284.621490249057,47940500
2025-04-14,25332.328125,25475.448622881355,24902.966631355932,25380.03495762712,19905300
2025-04-15,24807.5546875,25141.502539062498,24616.727343749997,24855.261523437497,21183400
2025-04-16,24616.7265625,25236.915410004844,24569.01972807655,24950.67440346415,18147100
2025-04-17,24807.5546875,24807.5546875,24378.193164062497,24425.899999999998,14259300
2025-04-18,24807.5546875,25284.623046875,24807.5546875,25284.623046875,16887000
2025-04-21,24569.01953125,25093.794705703884,24425.899029126213,24807.553701456312,12192200
2025-04-22,23996.537109375,24473.605441569332,22851.5731121086,24091.950775813864,29523500
2025-04-23,24902.96875,25093.796096743295,23996.53885296935,24569.020893199235,18232600
2025-04-24,24569.01953125,24902.967369538834,24521.312697208738,24807.553701456312,8915900
2025-04-25,24759.84765625,24855.26132737235,24235.07246507707,24759.84765625,19491800
2025-04-28,24807.5546875,24902.968359374998,24616.727343749997,24807.5546875,11163200
2025-04-29,25093.79296875,25380.03395318441,24807.55198431559,24807.55198431559,18134300
2025-04-30,25093.79296875,25093.79296875,25093.79296875,25093.79296875,0
2025-05-01,25093.79296875,25093.79296875,25093.79296875,25093.79296875,0
2025-05-02,25093.79296875,25093.79296875,25093.79296875,25093.79296875,0
2025-05-05,25093.79296875,25093.79296875,25093.79296875,25093.79296875,0
2025-05-06,25284.62109375,25427.741590507074,24950.67326798349,25427.741590507074,9048300
2025-05-07,25618.5703125,25952.518156424583,25189.208798882682,25284.62246857542,24407100
2025-05-08,25761.689453125,25857.1031177662,25380.034794560182,25618.56895616319,13694100
2025-05-09,26143.34375,26191.050581660584,25618.568601733576,25761.68909671533,18382100
2025-05-12,26143.34375,26143.34375,26143.34375,26143.34375,0
2025-05-13,28051.619140625,28099.32597589817,26334.173070790814,26381.879906063987,46701100
2025-05-14,28051.619140625,28337.860152264027,27813.08496425914,28147.032811171342,13206500
2025-05-15,28480.978515625,29101.16732752303,27956.203367095895,28003.91019878036,19728500
2025-05-16,28528.685546875,28814.926538984113,28194.7377227477,28528.685546875,17783500
2025-05-19,28147.033203125,28576.3947265625,27765.378515624998,27860.7921875,20464800
2025-05-20,28147.033203125,28576.3947265625,27765.378515624998,27860.7921875,20464800
2025-05-21,29530.529296875,29673.64979427504,28147.031155341276,28147.031155341276,38192300
2025-05-22,29482.822265625,29959.890587075242,29291.994937044903,29578.23592991505,19486900
2025-05-23,29101.16796875,29769.063627049178,28910.340637807374,29244.288466956965,28001500
2025-05-26,28958.048828125,28958.048828125,28147.03263359761,28767.221488236202,20226200
2025-05-27,28958.048828125,28958.048828125,28147.03263359761,28767.221488236202,20226200
2025-05-28,29196.58203125,29816.77086524714,28958.047864328022,29196.58203125,23572600
2025-05-29,29101.16796875,29387.408965163933,28862.63380507172,29291.995299692622,18570300
2025-05-30,29387.408203125,29387.408203125,28910.339888139202,29101.167214133522,14712100
2025-06-02,29435.115234375,29530.52889801965,28814.926420684766,29005.753747974068,13955600
2025-06-03,29435.115234375,29530.52889801965,28814.926420684766,29005.753747974068,13955600
2025-06-04,30150.71875,30436.95975079114,29482.823081487342,29482.823081487342,23860200
2025-06-05,29912.18359375,30246.13141696571,29769.063098086124,30246.13141696571,15682100
2025-06-06,29673.650390625,30150.71872487942,29625.94355719956,29912.18455775221,15787800
2025-06-09,28385.564453125,29053.460087316176,28385.564453125,28910.339594275207,20750500
2025-06-10,28385.564453125,29053.460087316176,28385.564453125,28910.339594275207,20750500
2025-06-11,28671.806640625,29101.168137739183,28480.979308574253,28576.392974599625,15103700
2025-06-12,28719.513671875,28958.047838584924,28576.393171849046,28958.047838584924,6090700
2025-06-13,29530.529296875,29721.35662674172,28862.633642341476,28958.047307274835,24550800
2025-06-16,30818.61328125,30866.320112954723,29530.528825222525,29578.235656927245,23148300
2025-06-17,30818.61328125,30866.320112954723,29530.528825222525,29578.235656927245,23148300
2025-06-18,30914.02734375,31104.854673032405,30580.079517505786,31057.147840711805,17962300
2025-06-19,31295.68359375,31820.45877596227,30723.201576791158,30914.02891577744,17756300
2025-06-20,32440.646484375,32440.646484375,31295.682490808824,31295.682490808824,23284100
2025-06-23,32249.818359375,32440.645686945267,31868.16370423447,32058.991031804737,18895500
2025-06-24,32249.818359375,32440.645686945267,31868.16370423447,32058.991031804737,18895500
2025-06-25,32440.646484375,33156.24898035386,32154.405485983458,32488.35331744026,25166100
2025-06-26,32249.818359375,32679.1798464081,32249.818359375,32583.766182622967,13115100
2025-06-27,32488.35546875,32870.01015854442,32249.82128762849,32440.648632525696,12610700
2025-06-30,32631.474609375,33108.542951617324,32440.647272478072,32536.060940926538,13910000
2025-07-01,32631.474609375,33108.542951617324,32440.647272478072,32536.060940926538,13910000
2025-07-02,32822.30078125,32965.42127884266,32488.352953533795,32631.473451126454,12545400
2025-07-03,33394.78515625,33490.198828125,32870.009960937496,32917.716796875,16948700
2025-07-04,33251.6640625,33681.02557837159,33203.95722740315,33537.90507308106,22273300
2025-07-07,33681.0234375,33824.14393369334,33490.196109242206,33585.60977337111,12244900
2025-07-08,33681.0234375,33824.14393369334,33490.196109242206,33585.60977337111,12244900
2025-07-09,33681.0234375,33919.55759782224,33490.196109242206,33681.0234375,12974100
2025-07-10,33299.37109375,33967.26678904011,33108.54375223854,33824.14628290652,31885200
2025-07-11,33203.95703125,33394.78437051005,33060.83652680495,33299.37070088003,14459300
2025-07-14,33490.1953125,33490.1953125,32726.886017628207,33347.07481971154,18132100
2025-07-15,33490.1953125,33490.1953125,32726.886017628207,33347.07481971154,18132100
2025-07-16,33203.95703125,34110.386892735274,33203.95703125,33537.9048749551,18005600
2025-07-17,33633.31640625,33824.14373337766,33013.127593085104,33203.95492021277,15009100
2025-07-18,33537.90234375,33967.26382467994,33490.19551253556,33776.43649982219,16136500
2025-07-21,33824.14453125,34825.98802230254,33728.73086543547,34635.16069067348,23119500
2025-07-22,33824.14453125,34825.98802230254,33728.73086543547,34635.16069067348,23119500
2025-07-23,33728.73046875,33824.14413344236,33299.36897763437,33537.90313936528,26975100
2025-07-24,33394.78515625,33824.146679687496,33299.371484375,33776.43984375,27862300
2025-07-25,33442.48828125,33967.26341833096,33347.07461996255,33442.48828125,19279700
2025-07-28,33967.265625,34205.79979371489,33585.61095505618,33633.317788799155,30577800
2025-07-29,33967.265625,34205.79979371489,33585.61095505618,33633.317788799155,30577800
2025-07-30,32345.232421875,34110.38522365874,32345.232421875,34110.38522365874,45002200
2025-07-31,32917.71484375,33013.12850996377,32154.405514039852,32583.76701200181,30546900
2025-08-01,32440.646484375,33394.78314568015,32249.81915211397,33013.12848115809,26760600
2025-08-04,33728.73046875,33728.73046875,32440.64599540311,32536.05966009547,23096800
2025-08-05,33728.73046875,33728.73046875,32440.64599540311,32536.05966009547,23096800
2025-08-06,35303.0546875,36066.36397804054,34158.09075168919,34158.09075168919,92362100
2025-08-07,36448.0234375,37211.33282886126,35493.88669829843,36257.19608965969,30371700
2025-08-08,36638.84765625,37115.91598510742,36066.365661621094,36734.261322021484,30075200
2025-08-11,36018.65625,36686.55186258278,35875.5357615894,36209.483567880794,24602200
2025-08-12,36018.65625,36686.55186258278,35875.5357615894,36209.483567880794,24602200
2025-08-13,35970.953125,36257.19413129974,35493.88478116711,36066.36679376658,22622400
2025-08-14,35780.125,36257.19333333333,35207.643,36066.366,27538600
2025-08-15,36638.84765625,37402.156982421875,36018.65882873535,36018.65882873535,38004200
2025-08-18,36209.484375,36877.38000247036,35923.243391798416,36448.018527667984,21688500
2025-08-19,36209.484375,36877.38000247036,35923.243391798416,36448.018527667984,21688500
2025-08-20,37402.15625,37640.690409757655,36352.60594706633,36495.72644292092,37483600
2025-08-21,38642.53515625,39024.18982445988,37115.91648341049,38594.82832272376,52927800
2025-08-22,39644.37890625,40550.80874887184,39119.603734205775,39405.84473713899,37569600
2025-08-25,35827.83203125,37831.51904231858,35589.297863265645,37736.10537512483,39313700
2025-08-26,35827.83203125,37831.51904231858,35589.297863265645,37736.10537512483,39313700
2025-08-27,37545.28125,37592.98808767471,35255.35304161372,36257.19663278272,29545200
2025-08-28,37163.625,38833.36424903723,37115.918164313225,37688.40019255456,25051600
2025-08-29,37783.8125,37783.8125,37020.50315656566,37783.8125,18621100
2025-09-01,37783.8125,37783.8125,37783.8125,37783.8125,0
2025-09-02,37783.8125,37783.8125,37783.8125,37783.8125,0
2025-09-03,37783.8125,38260.88083964647,37640.691998106064,38213.17400568182,13486800
2025-09-04,37783.8125,38260.88083964647,37640.691998106064,38213.17400568182,13486800
2025-09-05,37783.8125,38117.76033775253,37592.98516414141,37783.8125,16817900
2025-09-08,36257.1953125,37783.8140625,36257.1953125,37688.400390625,31844700
2025-09-09,36257.1953125,37783.8140625,36257.1953125,37688.400390625,31844700
2025-09-10,36734.26171875,36877.382218952924,36114.07288453734,36781.968552150975,27379900
2025-09-11,37211.328125,37974.6374198718,36829.6734775641,37449.86227964744,25909000
2025-09-12,36925.0859375,37211.326913759694,35970.949349967705,37115.91325500646,20441400
2025-09-15,37211.328125,37211.328125,36781.96664663462,36781.96664663462,16479300
2025-09-16,37211.328125,37211.328125,36781.96664663462,36781.96664663462,16479300
2025-09-17,37545.28125,38260.88381512071,37449.86757465057,37831.52227604829,30137900
2025-09-18,36925.0859375,37640.68837814923,36734.25861999354,37545.274719395995,15622100
2025-09-19,37020.5,37020.5,36448.01804123711,36925.08634020619,13628900
2025-09-22,35780.125,36638.848,35589.297666666665,36543.43433333333,21457800
2025-09-23,35780.125,36638.848,35589.297666666665,36543.43433333333,21457800
2025-09-24,35780.125,36257.19333333333,35780.125,35827.83183333333,8090400
2025-09-25,37020.5,37020.5,35446.17461340206,35780.12242268041,14155200
2025-09-26,37115.9140625,37163.62089291452,36781.96624959833,37020.50040167095,11877200
2025-09-29,36972.796875,37020.503709677425,36638.84903225807,36829.67637096775,10121500
2025-09-30,37952.20703125,38001.17762096774,37609.412903225806,37805.29526209678,10121500
2025-10-01,37070.734375,37266.616723084546,36727.94026585205,37266.616723084546,11108100
2025-10-02,37756.32421875,37805.29480787938,37021.76538180934,37070.73597093872,13225600
2025-10-03,38050.1484375,38392.94256756757,37609.41312741313,38050.1484375,16259200
2025-10-06,38588.82421875,38588.82421875,37707.3536147684,38148.088916759196,23149900
2025-10-07,38588.82421875,38588.82421875,37707.3536147684,38148.088916759196,23149900
2025-10-08,38197.05859375,39176.4703525641,38148.088005809295,39176.4703525641,11813100
2025-10-09,37805.29296875,38588.82235670337,37658.38120850874,38441.91059646211,20604100
2025-10-10,38148.08984375,38295.001614650195,37756.32512134949,37805.29571164955,18770600
2025-10-13,40449.70703125,40645.589389754845,38441.91285657536,38490.88344620157,43313300
2025-10-14,40449.70703125,40645.589389754845,38441.91285657536,38490.88344620157,43313300
2025-10-15,39960.0,41135.294117647056,39715.147058823524,40890.44117647059,25929200
2025-10-16,39960.0,40498.67647058823,39715.147058823524,40155.882352941175,13321200
2025-10-17,40400.734375,40400.734375,39959.99909090909,40351.76378787879,20239100
2025-10-20,37070.734375,39813.08724818362,37070.734375,39813.08724818362,30048800
2025-10-21,37070.734375,39813.08724818362,37070.734375,39813.08724818362,30048800
2025-10-22,36874.85546875,37658.38493422145,35748.5318621348,37315.59079307769,28577600
2025-10-23,37217.6484375,37364.56020764803,35650.589555921055,37315.589617598685,15701400
2025-10-24,36483.08984375,37266.61929005873,36042.354530201344,37266.61929005873,15619200
2025-10-27,34328.3828125,35748.52989033524,34328.3828125,35552.64753477176,15906600
2025-10-28,34328.3828125,35748.52989033524,34328.3828125,35552.64753477176,15906600
2025-10-29,35258.82421875,35650.58893229167,33300.00065104167,34328.38302408854,26134800
2025-10-30,35650.58984375,36140.29574819712,34916.03098707933,35160.88393930288,13116300
2025-10-31,34965.0,35846.470588235294,34867.05882352941,35748.529411764706,10507900
2025-11-03,32908.234375,34769.11667596726,32908.234375,34377.35198102678,16737200
2025-11-04,34279.4140625,34475.296428571426,32761.32572544643,32908.2375,16062100
2025-11-05,34279.4140625,34475.296428571426,32761.32572544643,32908.2375,16062100
2025-11-06,32908.234375,33789.70493861607,32810.29320126488,33446.91083054315,13684100
2025-11-07,32320.587890625,33251.0290571733,32320.587890625,32908.234943181815,16083600
2025-11-10,32712.353515625,32908.23587200599,32271.61821376778,32614.412337434507,8793300
2025-11-11,32957.20703125,33300.00116084696,32663.38349159547,32761.324671480314,11239700
2025-11-12,34279.4140625,34279.4140625,32908.2375,33006.178683035716,12025800
2025-11-13,34377.3515625,34769.11625267094,33887.64569978633,33936.616286057695,12530800
2025-11-14,34377.3515625,34622.204493856836,33985.58687232906,34083.5280448718,5603100
2025-11-17,34426.32421875,34524.26539718172,33985.58891580725,34377.35362953414,9499500
2025-11-18,34622.20703125,34622.20703125,34230.4423123674,34475.29526166902,8594800
2025-11-19,34083.53125,34671.17834051724,34034.56065912356,34671.17834051724,6830700
2025-11-20,33887.6484375,34279.41315932081,33887.6484375,34132.501388638004,6941100
2025-11-21,33544.8515625,33789.70449361314,32810.29276916059,33789.70449361314,8560200
2025-11-24,33251.03125,33691.766568483064,33202.06065905744,33593.825386597935,8275900
2025-11-25,32761.32421875,33300.000700672645,32761.32421875,33300.000700672645,9145600
2025-11-26,33153.08984375,33202.060434361156,32810.29570947194,32908.23689069424,7859900
2025-11-27,33055.1484375,33495.88375,33006.17784722222,33251.03079861111,8857300
2025-11-28,33055.1484375,33202.06020833333,32614.413125,33055.1484375,8390800
2025-12-01,32516.470703125,33006.1765872082,32516.470703125,33006.1765872082,7034700
2025-12-02,33495.8828125,33593.823990314326,32467.50044544956,32516.471034356724,14025300
2025-12-03,34181.47265625,34279.413838646135,33544.854970675144,33544.854970675144,16220500
2025-12-04,34181.47265625,34279.413838646135,33544.854970675144,33544.854970675144,16220500
2025-12-05,33985.58984375,34769.119292597265,33985.58984375,34769.119292597265,7316700
2025-12-08,33495.8828125,34083.52987938596,33446.91222359284,33936.61811266447,6283600
2025-12-09,33104.1171875,33495.88188794379,32810.29366216716,33495.88188794379,10774500
2025-12-10,33006.17578125,33446.91106616284,33006.17578125,33055.146368462534,5381400
2025-12-11,32712.353515625,33300.000584767964,32712.353515625,33055.14763929173,6610500
2025-12-12,31341.177734375,32908.236621093754,31341.177734375,32761.32485046387,19124300
2025-12-15,31341.177734375,31635.001275634768,30851.47183227539,31341.177734375,10487300
2025-12-16,32320.587890625,32418.529066051135,29872.058504971592,31341.176136363636,14017600
2025-12-17,31928.82421875,32467.500700968176,31879.85362945744,32320.58893309049,6749600
2025-12-18,31928.82421875,32467.500700968176,31879.85362945744,32320.58893309049,6749600
2025-12-19,32908.234375,32957.20496186756,32418.528506324405,32516.469680059523,9184900
2025-12-22,34475.29296875,34475.29296875,33055.1459572532,33153.08713045987,16562200
2025-12-23,34083.53125,34622.2077496408,34034.56065912356,34573.237158764365,12785000
2025-12-24,34230.44140625,34475.2943490701,33593.82375491774,33985.5884634299,10571000
2025-12-25,34230.44140625,34475.2943490701,33593.82375491774,33985.5884634299,10571000
2025-12-26,33202.05859375,33642.793884817474,32369.55859951143,32810.293890578905,12160300
2025-12-29,33348.97265625,33740.73738642621,33104.11969988987,33251.031473705945,6596700
2025-12-30,33642.79296875,33691.76355531296,33055.14592999454,33495.88120906114,7265300
2025-12-31,34181.47265625,34181.47265625,33544.854970675144,34083.53147385387,9454000
2026-01-01,34181.47265625,34181.47265625,34181.47265625,34181.47265625,0
2026-01-02,34181.47265625,34181.47265625,34181.47265625,34181.47265625,0
2026-01-05,34230.44140625,34230.44140625,33104.11786927754,33936.61787486588,8187500
2026-01-06,35258.82421875,35258.82421875,33495.8830078125,34230.44184570313,25180300
2026-01-07,35650.58984375,35748.53102463942,35209.854529747594,35503.67807241587,13319400
2026-01-08,35258.82421875,35895.44187825521,34769.11832682292,35748.530110677086,21044200
2026-01-09,35895.44140625,36385.147291737725,35454.70610931105,36287.206114640176,28290500
2026-01-12,37217.6484375,37217.6484375,35699.5601459704,35944.413096217104,23390400
2026-01-13,36581.03125,37413.531291834006,36385.14888721553,37315.590110441764,20065400
2026-01-14,35748.53125,36532.0607020548,35258.82534246575,36434.119520547945,24159300
2026-01-15,34867.05859375,35846.4703520014,34573.23506627458,35258.82329705056,27274000
2026-01-16,35062.94140625,35601.617880368365,34867.05905202514,34916.02964058136,9580800
2026-01-19,35552.6484375,35699.56020790289,35062.942536157025,35160.88371642562,9996300
2026-01-20,35209.85546875,35846.47316150904,34916.031918245826,35601.62020275556,15678200
2026-01-21,35062.94140625,35160.88258336243,34279.411989350556,35062.94140625,11159500
2026-01-22,35258.82421875,35503.67716471355,34916.030094401045,35111.91245117188,8784900
2026-01-23,35748.53125,36140.295976027395,35209.85475171233,35454.70770547945,20704300
2026-01-26,34916.03125,35944.41365708275,34916.03125,35944.41365708275,9416700
2026-01-27,34230.44140625,35062.94141183834,34034.55905199392,34769.11788045422,12126400
2026-01-28,33789.70703125,34573.2364696558,33642.79526154891,34279.412930253624,11482000
2026-01-29,34181.47265625,34279.413838646135,33446.91378827902,33936.619700259675,8593000
2026-01-30,35160.8828125,35160.8828125,34083.52985724234,34132.50044611769,11603200
2026-02-02,34279.4140625,35013.972935267855,34034.56110491072,34573.23761160714,9657500
2026-02-03,33985.58984375,34867.06047370317,33985.58984375,34867.06047370317,14012600
2026-02-04,33838.67578125,34181.46989191389,33642.7934322992,33985.5875429631,11708700
2026-02-05,34132.5,34377.35294117647,34034.55882352941,34230.44117647059,10700200
2026-02-06,33887.6484375,33887.6484375,33397.94253522399,33789.7072570448,12492400
2026-02-09,34034.55859375,34279.411533273385,33789.70565422662,34279.411533273385,7754700
2026-02-10,33887.6484375,34279.41315932081,33740.736666817196,34083.53079841041,9951100
2026-02-11,34573.234375,34622.20496193343,33887.64615793201,33985.587331798866,11045000
2026-02-12,34720.1484375,35013.971978578986,34475.295486600844,34671.17784732017,7542700
2026-02-13,34720.1484375,34769.11902767983,34475.295486600844,34475.295486600844,6059700
2026-02-16,34720.1484375,34720.1484375,34720.1484375,34720.1484375,0
2026-02-17,34720.1484375,34720.1484375,34720.1484375,34720.1484375,0
2026-02-18,34720.1484375,34720.1484375,34720.1484375,34720.1484375,0
2026-02-19,34720.1484375,34720.1484375,34720.1484375,34720.1484375,0
2026-02-20,34720.1484375,34720.1484375,34720.1484375,34720.1484375,0
2026-02-23,35111.9140625,35160.884653940026,34720.14933097977,34769.119922419806,9141000
2026-02-24,35062.94140625,35160.88258336243,35013.970817693786,35111.911994806214,10872100
2026-02-25,35258.82421875,35699.55952148438,34965.00068359375,35062.94186197917,12384800
2026-02-26,35699.55859375,35699.55859375,35258.823302469136,35356.76447830933,9305800
2026-02-27,35503.67578125,35650.58754310345,35111.91108297414,35307.79343211207,7958700
2026-03-02,33936.6171875,35062.94070165945,33936.6171875,35062.94070165945,17516400
2026-03-03,33936.6171875,35062.94070165945,33936.6171875,35062.94070165945,17516400
2026-03-04,31830.8828125,33006.17694711538,31145.29456730769,32810.29459134615,30866600
2026-03-05,31537.05859375,32418.529175562886,31537.05859375,32320.5879998059,15754300
2026-03-06,30802.5,31439.11764705882,30704.55882352941,31439.11764705882,14743000
2026-03-09,28647.794921875,29186.47140758547,28647.794921875,28647.794921875,33386400
2026-03-10,29676.177734375,30165.88363758251,29137.50124084674,30165.88363758251,18772700
2026-03-11,30459.70703125,30704.559981661976,29333.383459354904,29431.324639519695,12998900
2026-03-12,29382.353515625,30361.765299479168,29284.412337239584,29921.029996744794,18068400
2026-03-13,29382.353515625,29676.17705078125,29039.55939127604,29382.353515625,9833600
2026-03-16,29578.236328125,29823.089277861134,29382.353968336094,29382.353968336094,8138100
2026-03-17,29676.177734375,30263.82481822401,29480.295373091994,29627.20714405425,13156600
2026-03-18,29676.177734375,30165.88363758251,29529.265963412745,29872.060095658002,6834600
2026-03-19,29431.32421875,29676.177165661396,29284.412450603162,29529.26539751456,16386600
2026-03-20,29235.44140625,29480.29434935092,29235.44140625,29382.35317211055,7919000
2026-03-23,28305.0,28941.61764705882,28305.0,28892.647058823528,15397100
2026-03-24,29235.44140625,29235.44140625,28549.85316556742,28696.764931427973,9251700
2026-03-25,30165.8828125,30263.823990462664,29431.323977780034,29676.17692268669,10014500
2026-03-26,29529.265625,30067.942112354893,29529.265625,30067.942112354893,7432100
2026-03-27,30018.970703125,30067.941291547715,29431.323642052404,29529.26481889784,7624800
2026-03-30,29872.05859375,29872.05859375,29137.4997758709,29431.323303022542,6340300
2026-03-31,30067.94140625,30116.91199485953,29774.117874592834,29872.059051811888,8861500
2026-04-01,30165.8828125,30704.559291294645,30165.8828125,30704.559291294645,8787500
2026-04-02,29725.1484375,29921.030799526357,29480.29548496705,29872.060209019768,7864700
2026-04-03,29137.5,29872.05882352941,29137.5,29774.11764705882,8900100
2026-04-06,28451.912109375,29088.52976414587,28402.941520546472,29088.52976414587,12541800
2026-04-07,28109.1171875,28696.764236716026,27766.323075457316,28647.793649281357,15385300
2026-04-08,30067.94140625,30067.94140625,28892.647279621335,29137.500222668976,18128900
2026-04-09,30263.82421875,30949.412469660194,29970.00068264563,30312.794808100727,20809500
2026-04-10,31586.029296875,31977.794001332364,30410.735183502908,30410.735183502908,30690500
2026-04-13,31243.236328125,31488.08927740498,30851.47160927704,30851.47160927704,10921700
2026-04-14,31390.1484375,31879.85434136115,31194.266075955537,31732.942570202806,9838400
2026-04-15,31194.265625,31879.853880494506,31194.265625,31732.94211145997,12297700
2026-04-16,31243.236328125,31439.118687548984,31145.29514841301,31194.265738269005,8572900
2026-04-17,31586.029296875,31781.911649103684,31341.17635658915,31488.08812076066,12197000
2026-04-20,31928.82421875,32222.647754505368,31683.971272287195,31732.941861579755,12615300
2026-04-21,32026.765625,32173.67739392202,31830.88326643731,31977.79503535933,10355500
2026-04-22,32320.587890625,32810.293767755684,32222.64671519886,32418.529066051135,15089100
2026-04-23,32614.412109375,33006.17681939752,32222.647399352478,32320.588576858107,12864900
2026-04-24,33544.8515625,33593.822148722626,32614.410424270074,32712.35159671533,24933500
2026-04-27,33544.8515625,33544.8515625,33544.8515625,33544.8515625,0
2026-04-28,33887.6484375,34279.41315932081,33789.7072570448,34279.41315932081,16775400
2026-04-29,33153.08984375,33887.648702917286,32810.29570947194,33789.70752169498,16456400
2026-04-30,33153.08984375,33153.08984375,33153.08984375,33153.08984375,0
2026-05-01,33153.08984375,33153.08984375,33153.08984375,33153.08984375,0
2026-05-04,32859.265625,33251.03034184054,32614.412676974665,33104.118573025335,11611400
2026-05-05,32614.412109375,32761.323875633447,32026.765044341217,32761.323875633447,10590600
2026-05-06,33202.05859375,33202.05859375,32516.47036320059,32761.323302682522,7863100
2026-05-07,33006.17578125,33495.88165337537,33006.17578125,33348.96989173776,9746800
2026-05-08,33153.08984375,33251.031024972304,32859.26630008309,32957.20748130539,10525100
2026-05-11,33104.1171875,33251.02895016642,33055.14659994453,33251.02895016642,10445400
2026-05-12,33104.1171875,33153.08777505547,32957.20542483358,33104.1171875,9674900
2026-05-13,32908.234375,33202.057896205355,32859.26378813244,33202.057896205355,11500800
2026-05-14,33300.0,33300.0,32908.23529411764,32908.23529411764,10236700
2026-05-15,33348.97265625,34083.5315253304,33251.031473705945,33642.79620388216,22577300
2026-05-18,33300.0,33495.882352941175,33055.14705882353,33300.0,12191600
2026-05-19,32600.0,33600.0,32600.0,33500.0,15755800
2026-05-20,32450.0,32450.0,31050.0,32200.0,19950800
2026-05-21,32250.0,32600.0,32200.0,32500.0,9017000
2026-05-22,32200.0,32400.0,31650.0,32400.0,7157000
2026-05-25,32550.0,32800.0,32050.0,32050.0,6800800
2026-05-26,32900.0,33000.0,32450.0,32500.0,5439700
2026-05-27,33650.0,33700.0,32900.0,33100.0,16305800
2026-05-28,32600.0,33600.0,32600.0,33600.0,8065900
2026-05-29,32750.0,33050.0,32650.0,32650.0,6878700
2026-06-01,32350.0,32950.0,32350.0,32850.0,5957400
2026-06-02,31900.0,32400.0,31900.0,32350.0,8472100
2026-06-03,31550.0,32000.0,31450.0,31900.0,11052800
2026-06-04,31450.0,31900.0,31450.0,31650.0,6761500
2026-06-05,31700.0,32000.0,31500.0,31500.0,5839000
2026-06-08,30850.0,31600.0,30850.0,31500.0,9610500
2026-06-09,30900.0,31200.0,30800.0,30900.0,9572400
2026-06-10,30950.0,31250.0,30900.0,31050.0,4691800
2026-06-11,30850.0,31050.0,30800.0,30950.0,6590700
2026-06-12,31250.0,31450.0,31050.0,31300.0,10931200
2026-06-15,31700.0,31950.0,31250.0,31700.0,10553500
2026-06-16,31750.0,31900.0,31550.0,31800.0,7120000
2026-06-17,31450.0,31800.0,31350.0,31750.0,16629400
2026-06-18,31200.0,31500.0,31150.0,31450.0,8917000
2026-06-19,30950.0,31300.0,30900.0,31250.0,10874100
2026-06-22,30900.0,31150.0,30900.0,31150.0,5678600
2026-06-23,32050.0,33050.0,31000.0,31000.0,28233400
2026-06-24,32500.0,32950.0,32000.0,32500.0,17964000
2026-06-25,33400.0,33500.0,32450.0,32700.0,20973800
2026-06-26,33400.0,33450.0,32900.0,33400.0,10271000
2026-06-29,33800.0,33900.0,33250.0,33300.0,14115800
2026-06-30,33500.0,33850.0,33450.0,33850.0,9363600
2026-07-01,33500.0,33850.0,33450.0,33850.0,9363600
2026-07-02,33850.0,34600.0,33800.0,34350.0,12377100
2026-07-03,33600.0,33950.0,33200.0,33950.0,15380400
2026-07-06,33750.0,33950.0,33200.0,33600.0,10686300
2026-07-07,33850.0,33850.0,33350.0,33750.0,7544400
2026-07-08,33750.0,34200.0,33750.0,33850.0,12585200
2026-07-09,33150.0,33650.0,33150.0,33550.0,11473700
2026-07-10,32400.0,33200.0,32300.0,33150.0,16294000
2026-07-13,32350.0,32350.0,31500.0,32250.0,19906700
2026-07-14,32200.0,32300.0,31750.0,32150.0,11243700
2026-07-15,31500.0,32200.0,31500.0,32050.0,8134600
2026-07-16,31900.0,31900.0,30750.0,31300.0,14633400
2026-07-17,31450.0,31900.0,31450.0,31900.0,7054000
2026-07-20,29950.0,31400.0,29950.0,31400.0,14287800
2026-07-21,29800.0,30200.0,29600.0,30000.0,10138100
2026-07-22,29000.0,30300.0,29000.0,29900.0,19146900
2026-07-23,29250.0,29950.0,28350.0,29050.0,16985100
2026-07-24,28600.0,29200.0,28500.0,28900.0,10695100
2026-07-27,28250.0,29050.0,28250.0,28700.0,10295400
2026-07-28,28500.0,28600.0,27800.0,28150.0,10441600
2026-07-29,28400.0,28550.0,28150.0,28150.0,8541800
2026-07-30,29300.0,29750.0,28400.0,28600.0,19699200
2026-07-31,28950.0,29550.0,28950.0,29550.0,11594700
2026-08-03,29950.0,30300.0,29150.0,29150.0,13434400
2026-08-04,29650.0,29950.0,29550.0,29900.0,9310400
2026-08-05,29650.0,30050.0,29550.0,29900.0,12029900
2026-08-06,29200.0,29750.0,29200.0,29700.0,11006100
2026-08-07,29700.0,29700.0,28900.0,29150.0,22690400
2026-08-10,31350.0,31350.0,29500.0,29700.0,34812900
2026-08-11,31000.0,31550.0,30700.0,31150.0,18021000
2026-08-12,31500.0,31500.0,30900.0,31000.0,15306400
2026-08-13,31700.0,32100.0,31300.0,31500.0,33919400
2026-08-14,32000.0,32150.0,31450.0,31700.0,15485400
2026-08-17,31800.0,32050.0,31600.0,31850.0,10961200
2026-08-18,30850.0,31850.0,30600.0,31850.0,14744200
2026-08-19,31000.0,31100.0,30650.0,30650.0,8372700
2026-08-20,31000.0,31300.0,30850.0,31200.0,6415500
2026-08-21,31650.0,31700.0,30750.0,30800.0,9772000
2026-08-24,31450.0,31900.0,31450.0,31650.0,10086100
2026-08-25,31300.0,31900.0,31200.0,31450.0,14732000
2026-08-26,33450.0,33450.0,31000.0,31250.0,39167000
2026-08-27,34100.0,35200.0,33450.0,33500.0,32608700
2026-08-28,33400.0,33650.0,32700.0,33350.0,27675200
2026-08-31,33400.0,33400.0,33400.0,33400.0,0
2026-09-01,33400.0,33400.0,33400.0,33400.0,0
2026-09-02,33400.0,33400.0,33400.0,33400.0,0
2026-09-03,32100.0,33100.0,32100.0,33100.0,25003600
2026-09-04,32600.0,32800.0,32000.0,32200.0,12024400
2026-09-07,31900.0,32650.0,31900.0,32600.0,11450100
2026-09-08,31950.0,32250.0,31850.0,31900.0,7754000
2026-09-09,31950.0,31950.0,31950.0,31950.0,0
2026-09-10,32400.0,32500.0,32150.0,32200.0,5852200
2026-09-11,31600.0,32300.0,31600.0,32200.0,15192300
2026-09-14,31850.0,32200.0,31400.0,31450.0,11777000
2026-09-15,32200.0,32400.0,31850.0,31850.0,9080700
2026-09-16,32450.0,32450.0,31900.0,32400.0,9514400
2026-09-17,32650.0,32700.0,32200.0,32200.0,12488900
2026-09-18,31600.0,33000.0,31600.0,32800.0,15676600
2026-09-21,32250.0,32250.0,31600.0,32000.0,14620400
2026-09-22,32300.0,32700.0,32050.0,32200.0,11125400
2026-09-23,33150.0,33450.0,32200.0,32250.0,43112405
