Price,Close,High,Low,Open,Volume
Ticker,VIB.VN,VIB.VN,VIB.VN,VIB.VN,VIB.VN
Date,,,,,
2020-11-10,5504.7646484375,5722.9411304409505,5504.7646484375,5706.158624811221,8325690
2020-11-11,5487.98291015625,5546.723060343258,5487.98291015625,5538.3316103165425,3979919
2020-11-12,5513.15625,5538.330595467173,5471.199007554711,5471.199007554711,4334705
2020-11-13,5529.9384765625,5538.32992403423,5496.372686675578,5538.32992403423,5233499
2020-11-16,5513.15625,5546.722043956231,5479.590456043768,5538.330595467173,4135179
2020-11-17,5521.54736328125,5538.330259240492,5504.7644673220075,5513.155915301629,5654778
2020-11-18,5529.9384765625,5529.9384765625,5471.198344260387,5471.198344260387,4595142
2020-11-19,6839.33447265625,6936.003425504165,6790.999605350595,6936.003425504165,4055948
2020-11-20,6815.16650390625,6863.501367416862,6790.999072150943,6863.501367416862,1399571
2020-11-23,6754.7490234375,6815.1668238992315,6645.996357195686,6815.1668238992315,1635616
2020-11-24,6754.7490234375,6766.83273988252,6645.996357195686,6754.7490234375,1992266
2020-11-25,6766.83349609375,6766.83349609375,6718.498624912119,6754.749778298342,1648799
2020-11-26,6766.83349609375,6766.83349609375,6682.247471525897,6754.749778298342,1716406
2020-11-27,6766.83349609375,6766.83349609375,6730.582342707527,6754.749778298342,1179592
2020-11-30,6670.1640625,6766.833016244822,6670.1640625,6766.833016244822,1037290
2020-12-01,7129.3408203125,7129.3408203125,6573.493794946361,6573.493794946361,10779438
2020-12-02,7624.77001953125,7624.77001953125,7250.177171426792,7274.344603258693,5622699
2020-12-03,7830.19140625,8156.449381510417,7830.19140625,8035.613007514338,4243101
2020-12-04,7878.52587890625,7975.195608325037,7503.933804461869,7733.522848304779,5099466
2020-12-07,7757.69091796875,7926.861394822599,7709.356049288554,7878.526526142403,2433947
2020-12-08,7878.52587890625,8059.780839803121,7721.439132127431,7757.690280659475,2974040
2020-12-09,7781.857421875,7938.944960321101,7781.857421875,7926.861243381908,2720207
2020-12-10,7661.02001953125,7830.191252509524,7624.769655278498,7781.856391154788,2614143
2020-12-11,7757.69091796875,7854.359873565724,7588.519659351482,7661.021180608358,3209289
2020-12-14,7697.2724609375,7830.192570269128,7697.2724609375,7757.691047798891,2578104
2020-12-15,7721.4404296875,7926.862075696075,7661.021838647633,7685.18927506358,2385519
2020-12-16,7830.19140625,7854.358837401879,7709.355032253922,7721.438747829861,2632362
2020-12-17,7926.86181640625,8096.032302257293,7733.523894929785,7854.360291293441,6807857
2020-12-18,8023.52978515625,8071.864650431221,7890.609687413444,7975.195701644643,1937876
2020-12-21,8156.44970703125,8216.867505558883,8023.529612154441,8023.529612154441,2119530
2020-12-22,8083.94873046875,8156.450249879883,8011.446429294218,8096.031665567773,2248814
2020-12-23,7914.7783203125,8083.9495926660475,7914.778320312501,8059.782156363614,2801892
2020-12-24,7757.69091796875,7975.196263502796,7685.188614948456,7914.77767765255,2614375
2020-12-25,7926.86181640625,7951.029252031673,7709.356459304361,7733.523894929785,1480593
2020-12-28,7914.7783203125,8071.8658745148305,7842.276793168685,8023.531001909965,2888214
2020-12-29,7951.02978515625,7951.02978515625,7878.527473418627,7914.778629287439,1193173
2020-12-30,7975.1962890625,8096.031897623418,7951.028854644947,8023.530376134183,2849757
2020-12-31,7830.19140625,7999.36186078652,7830.19140625,7926.8603490942,4606774
2021-01-01,7830.19140625,7830.19140625,7830.19140625,7830.19140625,0
2021-01-04,7975.1962890625,8023.530376134183,7902.693985809843,7938.9451374361715,313621
2021-01-05,8531.041015625,8531.041015625,7975.194817186959,7975.194817186959,710551
2021-01-06,8543.1259765625,8881.46770001967,8531.042259821525,8700.213512431805,235514
2021-01-07,8458.5400390625,8531.04155172719,8361.871094921804,8531.04155172719,343400
2021-01-08,8398.1220703125,8579.376239147477,8398.1220703125,8458.539866003057,427867
2021-01-11,8325.6201171875,8458.54021124798,8313.536401203517,8458.54021124798,334986
2021-01-12,8325.6201171875,8434.372779280013,8241.034887062957,8241.034887062957,200468
2021-01-13,8386.0390625,8506.875445841522,8373.95534598951,8434.373146778584,348601
2021-01-14,8506.876953125,8579.378483270682,8398.12426702472,8398.12426702472,271090
2021-01-15,8615.6279296875,8688.129445447223,8579.376780925959,8579.376780925959,273011
2021-01-18,8531.041015625,8651.87738364818,8531.041015625,8603.543305496874,219217
2021-01-19,7975.1962890625,8531.042590085674,7938.9451374361715,8458.541068596438,342141
2021-01-20,7963.11328125,8096.032618860852,7431.433585516114,7975.196999535257,281722
2021-01-21,8241.03515625,8241.03515625,7975.195741208943,8096.031341469098,200766
2021-01-22,8253.119140625,8289.37029093822,8216.86799031178,8289.37029093822,214281
2021-01-25,8253.119140625,8265.202857396072,8168.533904990882,8265.202857396072,136373
2021-01-26,7999.36279296875,8253.119286107612,7975.196140763997,8253.119286107612,165621
2021-01-27,8083.94873046875,8192.70140046715,7926.861193020664,7975.196060470352,279106
2021-01-28,7528.1015625,7975.19595335083,7528.1015625,7540.185279200118,357677
2021-01-29,7636.8544921875,7733.52344733075,7056.839979564584,7056.839979564584,151676
2021-02-01,7503.93505859375,7733.524140807859,7419.349812978943,7733.524140807859,94172
2021-02-02,7721.4404296875,7733.524147895473,7491.8513472629775,7491.8513472629775,128423
2021-02-03,8192.7021484375,8192.7021484375,7733.523992797405,7854.3603906902445,179302
2021-02-04,8168.53369140625,8216.867775463346,8047.697308618451,8216.867775463346,104209
2021-02-05,8555.2099609375,8579.377395175487,8168.534140183374,8192.70157442136,508293
2021-02-08,8410.2060546875,8796.881835701484,8241.03481417138,8579.376513440284,448636
2021-02-09,8700.2138671875,8700.2138671875,8313.537260999487,8313.537260999487,361685
2021-02-10,8700.2138671875,8700.2138671875,8700.2138671875,8700.2138671875,0
2021-02-11,8700.2138671875,8700.2138671875,8700.2138671875,8700.2138671875,0
2021-02-12,8700.2138671875,8700.2138671875,8700.2138671875,8700.2138671875,0
2021-02-15,8700.2138671875,8700.2138671875,8700.2138671875,8700.2138671875,0
2021-02-16,8700.2138671875,8700.2138671875,8700.2138671875,8700.2138671875,0
2021-02-17,9123.140625,9135.224341944537,8676.046225105722,8700.213658994797,378247
2021-02-18,9050.6396484375,9111.057455023874,8893.552100491403,9111.057455023874,260722
2021-02-19,9086.8896484375,9183.558604084345,8893.551737143813,8893.551737143813,176155
2021-02-22,9111.056640625,9159.391506984412,9038.555122849264,9135.224073804706,373941
2021-02-23,8990.220703125,9159.391962024005,8482.708489954826,9062.722224502619,464138
2021-02-24,8990.220703125,8990.220703125,8990.220703125,8990.220703125,0
2021-02-25,8990.220703125,8990.220703125,8990.220703125,8990.220703125,0
2021-02-26,9594.40234375,9618.568995585922,9183.558317851799,9183.558317851799,364268
2021-03-01,10259.0,10259.0,9884.407953563306,9908.57538411104,328395
2021-03-02,10536.9248046875,10778.597567668428,10295.252041706572,10754.430135017663,369668
2021-03-03,10440.2568359375,10488.590924013079,10404.005683558238,10416.089401017993,227730
2021-03-04,10150.25,10452.341397358983,10077.748471150864,10440.257678923545,343003
2021-03-05,10464.423828125,10512.757914155645,9860.241889516397,10150.248750990484,168603
2021-03-08,10428.1728515625,10609.427045292628,10391.921700111108,10609.427045292628,160984
2021-03-09,10391.9208984375,10464.423195747173,10319.419382891183,10391.9208984375,106561
2021-03-10,10379.837890625,10404.005324710943,10343.587521259496,10355.671238302468,105964
2021-03-11,10452.33984375,10585.259163256045,10440.256127110653,10585.259163256045,112192
2021-03-12,10500.6748046875,10633.594917047367,10476.507369392351,10476.507369392351,147536
2021-03-15,10561.0927734375,10633.594293306734,10536.925339559953,10609.426859429188,164330
2021-03-16,10512.7587890625,10633.595186840628,10488.591353154181,10609.42775093231,107024
2021-03-17,11116.939453125,11237.775054739437,10512.757536235937,10512.757536235937,437672
2021-03-18,11056.521484375,11237.77567862265,10899.434724497283,11116.94007029983,181389
2021-03-19,11044.4375,11068.604933785267,11020.270066214733,11056.521216892634,217859
2021-03-22,10911.5166015625,11141.105642281156,10899.433667312933,11116.938992018675,235845
2021-03-23,10754.4306640625,10923.601137413167,10391.921501758123,10911.517420493348,201926
2021-03-24,10585.259765625,10754.431026439395,10536.925678080479,10657.762069586925,246412
2021-03-25,10416.0888671875,10609.42677310801,10391.921433506586,10585.259339427099,314482
2021-03-26,10452.33984375,10585.259163256045,10150.248491293101,10416.08869383196,208650
2021-03-29,10621.5107421875,10621.5107421875,10452.34026593045,10464.42398305787,82744
2021-03-30,11213.6083984375,11237.775049691507,10633.593914837213,10633.593914837213,389940
2021-03-31,11696.953125,11914.4584581654,11334.444757566584,11334.444757566584,484477
2021-04-01,12059.4619140625,12083.629346306578,11696.952775691398,11829.87287127047,328726
2021-04-02,12252.80078125,12373.637170300351,11962.793916587205,12059.462871474803,212426
2021-04-05,12881.1484375,12929.483302293018,12325.30140119707,12929.483302293018,437805
2021-04-06,12953.65234375,13412.829707504408,12832.815948520907,12832.815948520907,295469
2021-04-07,12881.1484375,12953.650734689527,12784.479489677318,12953.650734689527,205868
2021-04-08,12373.63671875,12881.148908830133,12083.629864670409,12881.148908830133,433068
2021-04-09,12252.80078125,12276.968215412753,12071.54658855618,12252.80078125,466490
2021-04-12,12808.6474609375,12832.81489435074,12252.800401249915,12252.800401249915,144554
2021-04-13,12566.974609375,12881.148896433036,12518.640524623279,12808.647378423762,218422
2021-04-14,12639.4765625,12760.312161946984,12325.301502295079,12470.305316100168,247107
2021-04-15,12542.8076171875,12808.647828842133,12421.972010177298,12663.644005961114,234620
2021-04-16,12325.3017578125,12542.807092147585,12204.466155860457,12518.640440815203,121765
2021-04-19,12566.974609375,12591.142042632553,12325.30184032624,12325.30184032624,187417
2021-04-20,13050.3193359375,13195.322362939027,12687.810204907013,12687.810204907013,610813
2021-04-21,13050.3193359375,13050.3193359375,13050.3193359375,13050.3193359375,0
2021-04-22,12881.1484375,13171.155280968042,12881.1484375,13050.319682512207,248929
2021-04-23,12881.1484375,12881.1484375,12446.137781416259,12808.646922073829,309580
2021-04-26,13001.9853515625,13146.988388368465,12760.312581201375,12929.483833159518,329322
2021-04-27,12881.1484375,13026.152250115698,12591.141594031958,13001.984817719189,216931
2021-04-28,13243.658203125,13291.993070198938,12808.647526513132,12881.149045360646,334059
2021-04-29,13436.99609375,13461.16352726153,13267.825622696075,13267.825622696075,631980
2021-04-30,13436.99609375,13436.99609375,13436.99609375,13436.99609375,0
2021-05-03,13436.99609375,13436.99609375,13436.99609375,13436.99609375,0
2021-05-04,13388.662109375,13436.996979584539,12832.815792545976,13001.986274752471,203450
2021-05-05,13291.9931640625,13533.665937612015,13122.82269163588,13533.665937612015,373311
2021-05-06,14137.84765625,14210.349960278183,13291.993696695292,13291.993696695292,707437
2021-05-07,14186.1826171875,14258.683358156886,13847.840093065177,14137.847747523329,161481
2021-05-10,14258.681640625,14379.518800229967,14113.678612625723,14113.678612625723,242172
2021-05-11,14814.529296875,14983.699755072344,14379.518653780879,14500.354248628506,448007
2021-05-12,14887.029296875,15104.534607734591,14717.858846990117,14790.361138452176,345288
2021-05-13,14790.361328125,14959.531780179339,14790.361328125,14790.361328125,374173
2021-05-14,15056.203125,15104.536428273697,14621.192450849288,14790.362921124171,484179
2021-05-17,14742.02734375,15056.202399282896,14693.692479279294,14887.030373635422,367250
2021-05-18,14162.0146484375,14645.360199802997,13920.34187275475,14645.360199802997,726715
2021-05-19,14621.1923828125,14742.027985724622,14089.511977534909,14500.355216373606,595609
2021-05-20,14935.3671875,14983.70205827947,14645.361089876988,14645.361089876988,475368
2021-05-21,14814.529296875,14983.699755072344,14742.027001850425,14959.532323397487,398287
2021-05-24,14814.529296875,14814.529296875002,14814.529296875002,14814.529296875002,0
2021-05-25,14742.02734375,14742.027343750002,14621.191746099934,14742.027343750002,284571
2021-05-26,15225.373046875,15322.041213467297,14814.529820922611,14814.529820922611,531646
2021-05-27,15418.712890625,15708.72055407682,15346.210583880316,15708.72055407682,572290
2021-05-28,15539.548828125,15587.883700293167,15346.210902979286,15467.048083399703,264398
2021-05-31,16554.57421875,16602.909088959615,15587.88306866523,15660.385373979656,421772
2021-06-01,17231.255859375,17400.42632340214,16675.408038751477,16917.080800301697,527936
2021-06-02,17400.427734375,17448.762603309784,16917.082172080838,17110.420084293135,473380
2021-06-03,17883.7734375,17980.441612603965,17400.427871399595,17400.427871399595,364997
2021-06-04,17883.7734375,18342.950005415834,17714.601394896057,18101.278785892493,429490
2021-06-07,17448.76171875,18077.110292467725,16651.24111233665,17980.4405594988,4282321
2021-06-08,17448.76171875,17448.76171875,17448.76171875,17448.76171875,0
2021-06-09,17762.935546875,17932.10601912032,17086.252094366922,17255.424130139036,3857571
2021-06-10,17559.9296875,18270.447832868475,17255.42347444025,17593.76440607408,2517216
2021-06-11,17830.603515625,17965.94083223986,17086.252183060285,17593.765165957502,4098196
2021-06-14,17526.09765625,17864.438609578716,17492.262935506395,17830.603888835107,3105884
2021-06-15,17187.755859375,17526.098390403433,17187.755859375,17526.098390403433,2445053
2021-06-16,16849.412109375,17255.42245415013,16832.49475108826,16917.079978995305,3113456
2021-06-17,16917.080078125,17086.250534930386,16274.23140414854,16274.23140414854,1758905
2021-06-18,17052.419921875,17255.42512569251,16917.082598154368,17255.42512569251,1167871
2021-06-21,17052.419921875,17424.59560769814,17052.419921875,17120.087801971873,2202535
2021-06-22,17120.087890625,17255.425215046453,16984.750566203547,17255.425215046453,2461615
2021-06-23,17086.251953125,17390.75973876547,17086.251953125,17187.75454833849,3375138
2021-06-24,16917.080078125,17255.422555262427,16849.412208108177,17086.250534930386,1454633
2021-06-25,16612.576171875,16917.084002886466,16511.073561537843,16917.084002886466,2483146
2021-06-28,16900.1640625,17086.251892476404,16240.397977717583,16612.573637670394,5729809
2021-06-29,16917.080078125,17221.587838490686,16883.24536135326,17052.4173816853,2460905
2021-06-30,16730.9921875,16984.74787156399,16680.24167609786,16917.080001852257,1015262
2021-07-01,16612.576171875,16917.084002886466,16511.073561537843,16612.576171875,1765293
2021-07-02,16950.916015625,17187.754359503237,16612.57351412168,16747.91082742836,3532006
2021-07-05,16950.916015625,16950.916015625,16950.916015625,16950.916015625,0
2021-07-06,16950.916015625,16950.916015625,16950.916015625,16950.916015625,0
2021-07-07,16950.916015625,16950.916015625,16950.916015625,16950.916015625,0
2021-07-08,16950.916015625,16950.916015625,16950.916015625,16950.916015625,0
2021-07-09,17729.103515625,18270.449686574393,17120.08790066176,17390.760986136458,14240884
2021-07-12,17729.103515625,17729.103515625,17729.103515625,17729.103515625,0
2021-07-13,16138.8955078125,16984.749429119965,15902.05716033927,16984.749429119965,7944648
2021-07-14,16138.8955078125,16138.8955078125,16138.8955078125,16138.8955078125,0
2021-07-15,15191.5390625,15563.714727089166,14379.519857085494,14887.031274147012,4899570
2021-07-16,15191.5390625,15191.5390625,15191.5390625,15191.5390625,0
2021-07-19,14125.763671875,14582.526171311538,14125.763671875,14582.526171311538,5122686
2021-07-20,14210.3486328125,14210.3486328125,13195.322725344435,13872.006142480906,9081287
2021-07-21,13905.83984375,14548.688495788954,13905.839843749998,14548.688495788954,1744472
2021-07-22,14108.84765625,14176.515536647474,13533.666764054253,13872.007729568508,2840889
2021-07-23,13601.333984375,14041.177530903173,13601.333984375,14007.344374109816,3429557
2021-07-26,13043.0703125,13533.665933198652,12924.650356429263,13212.240784871454,4038099
2021-07-27,13432.1640625,13533.666664110073,13127.656257669782,13229.158859279854,2115938
2021-07-28,13635.16796875,13905.841026121618,13195.322882435228,13195.322882435228,2894361
2021-07-29,13719.7529296875,13821.255519632063,13652.083494039991,13652.083494039991,1782092
2021-07-30,14075.0126953125,14108.847416700213,13736.671735542832,13736.671735542832,4450734
2021-08-02,14075.0126953125,14075.0126953125,14075.0126953125,14075.0126953125,0
2021-08-03,14075.0126953125,14210.350017336486,13973.510094676227,14176.515295948773,3025203
2021-08-04,14075.0126953125,14075.0126953125,14075.0126953125,14075.0126953125,0
2021-08-05,14210.3486328125,14278.016505468133,13872.006142480906,13990.4260922733,4953752
2021-08-06,14108.84765625,14294.93549998822,14108.84765625,14278.018139007128,3059273
2021-08-09,14210.3486328125,14261.099146422546,13922.758219617666,14058.093964928934,3107304
2021-08-10,14210.3486328125,14210.3486328125,14210.3486328125,14210.3486328125,0
2021-08-11,14075.0126953125,14345.685775833606,14058.095334618643,14176.515295948773,3129781
2021-08-12,13872.0068359375,14108.84674736183,13872.0068359375,14075.01202757927,4380463
2021-08-13,13804.33984375,13973.510326440693,13669.00251948131,13872.007724120898,3256127
2021-08-16,14142.6796875,14176.514406765524,13669.001435416525,13804.338748951846,4448132
2021-08-17,14142.6796875,14142.6796875,14142.6796875,14142.6796875,0
2021-08-18,13905.83984375,14108.84501039948,13872.005128132885,14091.927652590923,4892945
2021-08-19,13719.7529296875,13872.006032840993,13702.835570775622,13838.171315017238,2440084
2021-08-20,13093.8212890625,13804.3386627509,12789.313508154593,13804.3386627509,6175805
2021-08-23,13093.8212890625,13093.8212890625,13093.8212890625,13093.8212890625,0
2021-08-24,12129.546875,12383.30256568882,11757.371236579052,12078.795580509566,3332550
2021-08-25,12518.6416015625,12687.812085391806,12197.216431465298,12197.216431465298,2143147
2021-08-26,12281.80078125,12620.142484559286,12247.966063684731,12518.639895390166,1894005
2021-08-27,12180.298828125,12281.801422594493,11672.785855777534,12044.962296086804,3642263
2021-08-30,12332.552734375,12383.30324990622,12112.63018551058,12180.298842491182,2699874
2021-08-31,12264.8837890625,12620.142861773049,12180.298556147778,12518.640269570034,2170593
2021-09-01,12197.2158203125,12247.967119271041,12146.464521353959,12180.29924183526,1479477
2021-09-02,12197.2158203125,12197.2158203125,12197.2158203125,12197.2158203125,0
2021-09-03,12197.2158203125,12197.2158203125,12197.2158203125,12197.2158203125,0
2021-09-06,12112.630859375,12247.967399102025,12011.128259138875,12180.299520120228,2461615
2021-09-07,12349.4697265625,12501.723623553698,12146.464530574236,12146.464530574236,3497225
2021-09-08,12349.4697265625,12349.4697265625,12349.4697265625,12349.4697265625,0
2021-09-09,12383.3037109375,12383.3037109375,12247.96717370109,12383.3037109375,1087899
2021-09-10,12281.80078125,12417.137306221046,12214.132127882805,12400.21994743841,1721521
2021-09-13,12146.4638671875,12281.801178297086,12078.795993396077,12247.966459638004,2053002
2021-09-14,11977.2939453125,12146.46441924321,11960.376585214068,12146.46441924321,2036440
2021-09-15,11892.7099609375,11977.29520681173,11841.958657060264,11909.626541054253,1359282
2021-09-16,11909.6259765625,12281.80244794299,11892.709397247558,11943.460698719286,1064712
2021-09-17,12180.298828125,12247.966703262406,11909.624982285222,11926.542341951268,1728619
2021-09-20,13026.1533203125,13026.1533203125,12315.635909118913,12315.635909118913,9502677
2021-09-21,13026.1533203125,13026.1533203125,13026.1533203125,13026.1533203125,0
2021-09-22,13026.1533203125,13026.1533203125,13026.1533203125,13026.1533203125,0
2021-09-23,12789.3134765625,13127.655193925499,12772.396117077167,13059.986537747549,7127422
2021-09-24,13009.236328125,13093.82235085641,12856.983207088037,12856.983207088037,511558874
2021-09-27,12349.4697265625,13009.235831760945,12349.4697265625,12958.48453276388,3634928
2021-09-28,12349.4697265625,12518.64098380719,12214.133189824795,12383.303665306074,2353961
2021-09-29,12163.3818359375,12366.387031009654,12028.045299810534,12332.553092418764,3881941
2021-09-30,11960.376953125,12332.55341439514,11909.625653031953,12146.464792878356,4847517
2021-10-01,11605.119140625,12028.046138679123,11605.119140625,11960.377475014539,3941329
2021-10-04,11249.8603515625,11808.124693177368,11249.8603515625,11638.953419978972,363000000
2021-10-05,11655.869140625,11655.869140625,11300.610064165012,11300.610064165012,3407553
2021-10-06,11655.869140625,11655.869140625,11655.869140625,11655.869140625,0
2021-10-07,11622.03515625,11757.371686144896,11435.946548160726,11638.951733884755,2367920
2021-10-08,11706.6201171875,11723.536694428441,11503.614936189368,11706.6201171875,2674321
2021-10-11,11706.6201171875,11706.6201171875,11706.6201171875,11706.6201171875,0
2021-10-12,12214.1328125,12349.469345056825,12163.381515070767,12247.966750198359,3283810
2021-10-13,12247.9658203125,12281.80053720546,12011.126710878429,12247.9658203125,2560988
2021-10-14,12247.9658203125,12247.9658203125,12247.9658203125,12247.9658203125,0
2021-10-15,12417.138671875,12484.806550921056,12180.29953168694,12315.636071542483,2957298
2021-10-18,12417.138671875,12417.138671875,12417.138671875,12417.138671875,0
2021-10-19,12315.6357421875,12400.220979614738,12146.464485569617,12400.220979614738,1853309
2021-10-20,12383.3037109375,12518.641029937324,12129.547996780513,12247.96717370109,2971021
2021-10-21,12484.8056640625,12620.142976067784,12315.635196700958,12417.137789823233,3938489
2021-10-22,12484.8056640625,12603.22561662628,12332.552556142462,12501.723023504004,2190705
2021-10-25,12484.8056640625,12484.8056640625,12484.8056640625,12484.8056640625,0
2021-10-26,12450.97265625,12450.97265625,12078.796974865714,12180.299575563871,2808711
2021-10-27,12552.4736328125,12569.390991327773,12281.800587148133,12518.639697545288,4316817
2021-10-28,12586.30859375,12687.811189586513,12349.4694640526,12552.474655725626,2713124
2021-10-29,12518.6416015625,12586.309482388842,12383.304276382914,12569.392903063983,2488588
2021-11-01,12518.6416015625,12518.6416015625,12518.6416015625,12518.6416015625,0
2021-11-02,12670.8935546875,12670.8935546875,12231.050024626695,12366.386555550278,3412758
2021-11-03,13093.8212890625,13195.32310093509,12687.810914518626,12704.728274045747,719154155
2021-11-04,12958.484375,13212.240866895956,12907.733076620809,13161.490350280168,1588787
2021-11-05,12856.9814453125,13009.234545486417,12687.81020479444,12992.317968668947,1795578
2021-11-08,12738.5625,13195.323399948951,12653.9772639744,12856.982455846555,3642499
2021-11-09,12856.9814453125,12958.483251507334,12721.644140192717,12755.47885735433,3227261
2021-11-10,12823.1474609375,12890.816117364357,12738.562226726463,12856.982180032619,2338345
2021-11-11,12789.3134765625,12856.982132740452,12417.137821992215,12823.147413769786,3903709
2021-11-12,12958.484375,12975.401735047531,12518.640831398216,12823.147839909958,2337635
2021-11-15,12975.4013671875,13195.323132753485,12907.732710679224,13195.323132753485,4132977
2021-11-16,12873.8994140625,13127.655911394204,12806.231535949659,12924.65071352884,4004265
2021-11-17,12975.4013671875,13026.152664127863,12789.313538993963,12856.982195502242,3338701
2021-11-18,12789.3134765625,12975.401303847642,12738.562179869881,12975.401303847642,2969838
2021-11-19,13195.3232421875,13364.49371221612,12738.562347699517,12789.31364506078,14093954
2021-11-22,14108.84765625,14108.84765625,13398.329439732415,13499.83204209207,19817612
2021-11-23,14176.515625,14278.01822799225,13736.672054384846,14244.1835058192,6440091
2021-11-24,15157.7060546875,15157.7060546875,14041.177486451472,14108.84692687759,19399535
2021-11-25,15106.955078125,15462.21341221106,14887.03250772557,15326.87764852443,7904425
2021-11-26,15225.373046875,15665.216566452404,14920.865273232155,15140.787814784218,9895201
2021-11-29,14768.6123046875,15090.035876898195,14548.689761102585,14954.70012971266,8575667
2021-11-30,14278.0166015625,15106.953128634761,13736.670489620623,14988.533178045374,12021787
2021-12-01,14548.6904296875,14548.6904296875,13990.42692895702,14311.850515938735,8390407
2021-12-02,14514.85546875,14920.865849281967,14447.187593170267,14684.027502989507,5166931
2021-12-03,14345.6845703125,15022.367996514482,14345.6845703125,14413.352443874677,7403064
2021-12-06,13736.6708984375,14481.022215391891,13347.577880297382,14481.022215391891,8539467
2021-12-07,13855.0888671875,14041.176690760403,13702.835761910297,13804.338353270674,2878746
2021-12-08,14142.6796875,14531.772704946437,13787.421389319084,13872.006623956124,3347692
2021-12-09,14379.5205078125,14379.5205078125,14142.680584977796,14210.350027803064,3486341
2021-12-10,14548.6904296875,14734.778263264327,14464.105192927744,14599.44094633263,5149422
2021-12-13,14548.6904296875,14717.860903207013,14294.93471940823,14717.860903207013,5262519
2021-12-14,14481.0224609375,14717.860809654012,14311.85042496651,14464.105100987721,3093581
2021-12-15,14785.529296875,14853.198739470265,14396.437819586534,14582.52565966979,5940859
2021-12-16,14887.029296875,15191.537044783745,14853.196145013977,14887.029296875,5889279
2021-12-17,14836.279296875,15090.034980417613,14751.694069027462,15039.284469119748,3247373
2021-12-20,15394.544921875,15394.544921875,14684.02828178713,14836.281400798283,9682968
2021-12-21,14920.865234375,15394.543470965846,14920.865234375,15377.626111886402,4657998
2021-12-22,14717.8603515625,14954.700256434196,14075.011638167069,14920.86553758774,8038579
2021-12-23,14278.0166015625,14481.021784422384,13787.421003572232,14481.021784422384,7143747
2021-12-24,14768.6123046875,14887.030692593158,14075.011518899744,14108.846237459495,3823027
2021-12-27,14616.357421875,14887.03047583169,14041.176595894514,14887.03047583169,2353961
2021-12-28,14514.85546875,14887.03112972871,14311.850278484017,14514.85546875,3456056
2021-12-29,14920.865234375,15225.37300722484,14633.274820604604,14650.192179684049,7877689
2021-12-30,14971.619140625,15225.37486723664,14920.867057186526,14920.867057186526,3429557
2021-12-31,16003.5625,16003.562500000002,14988.536369570005,14988.536369570005,22745098
2022-01-03,16003.5625,16003.562500000002,16003.562500000002,16003.562500000002,0
2022-01-04,16121.978515625,16257.315834072448,15986.642760704377,16223.481113578879,5468600
2022-01-05,16054.3115234375,16527.989818833077,15851.306316335553,16121.979404629179,4652320
2022-01-06,15800.5546875,16375.735546082518,15665.217371087194,15834.387843958099,9914129
2022-01-07,15631.3828125,15902.05585751954,15614.465454025029,15715.96804134819,5243827
2022-01-10,15394.544921875,15665.21800207642,15056.20396250494,15529.882243739143,8956361
2022-01-11,15123.8701171875,15563.713626921179,14988.532810755076,15394.543166525664,4017042
2022-01-12,15885.140625,16003.560586646625,14447.18841508205,15123.871899956783,6833324
2022-01-13,15766.7197265625,16409.56845176378,15732.886570621451,16037.392791724787,9716803
2022-01-14,15529.8818359375,15732.887031639537,15225.374042384447,15462.21239501894,3120080
2022-01-17,14887.029296875,15800.552540601235,14717.858846990117,15529.879508080103,7293044
2022-01-18,14684.0283203125,15191.539760699108,14244.183195745196,14717.861478222152,7685804
2022-01-19,14751.6953125,15090.036252410104,14616.357998419893,14616.357998419893,2917075
2022-01-20,14887.029296875,15056.201310286473,14244.180649196487,14751.693562377728,6545615
2022-01-21,15259.20703125,15563.714821449164,14700.9435309816,14717.86089102491,5496992
2022-01-24,14920.865234375,15546.796575627408,14887.030516216113,15191.538289065953,3626174
2022-01-25,15496.0478515625,15496.0478515625,14887.032235527286,14920.866957593764,3441624
2022-01-26,15935.8916015625,16240.39941303432,15496.04802734337,15563.715908717026,10140795
2022-01-27,15834.388671875,16240.399078815275,15665.218190158846,15952.80863448706,4255301
2022-01-28,16088.1455078125,16544.906421076204,15800.555071531375,16003.56026932121,8533079
2022-01-31,16088.1455078125,16088.1455078125,16088.1455078125,16088.1455078125,0
2022-02-01,16088.1455078125,16088.1455078125,16088.1455078125,16088.1455078125,0
2022-02-02,16088.1455078125,16088.1455078125,16088.1455078125,16088.1455078125,0
2022-02-03,16088.1455078125,16088.1455078125,16088.1455078125,16088.1455078125,0
2022-02-04,16088.1455078125,16088.1455078125,16088.1455078125,16088.1455078125,0
2022-02-07,16020.4755859375,16409.568609449343,16020.4755859375,16206.564981271975,3618129
2022-02-08,16240.3984375,16240.3984375,15766.720169283668,15766.720169283668,5823504
2022-02-09,16206.56640625,16578.742102589273,16138.896960714184,16392.654254419638,6860770
2022-02-10,16105.0634765625,16274.23395993526,15969.726151748151,16105.063476562498,4386852
2022-02-11,16138.8955078125,16341.900699090578,15986.642396117337,16003.55975597831,3744239
2022-02-14,15529.8818359375,16054.310621895407,15529.8818359375,15834.38806596373,8130381
2022-02-15,15529.8818359375,15529.8818359375,15529.8818359375,15529.8818359375,0
2022-02-16,15428.37890625,15631.384097585762,15360.709466786886,15631.384097585762,5662614
2022-02-17,15834.388671875,15834.388671875,15428.37982846161,15563.715588423778,3730752
2022-02-18,15851.3056640625,16037.393502327383,15699.052546764633,15766.720425171814,3546675
2022-02-21,15766.7197265625,15851.304961705291,15614.466616010832,15631.383975744746,4491430
2022-02-22,15732.8837890625,15834.384802467144,15462.209208228445,15563.71178515959,4280617
2022-02-23,15868.22265625,16189.647807395922,15800.554779413367,15902.057376431721,4711471
2022-02-24,15851.3056640625,15969.725623920202,15225.374270860675,15783.63778565532,7304401
2022-02-25,16037.392578125,16121.977812141211,15902.056829109762,15935.889984600193,5611271
2022-02-28,15868.22265625,16105.062570468428,15868.22265625,16071.227850286707,3254944
2022-03-01,15902.0595703125,15902.0595703125,15631.386462096543,15834.390120613241,3678700
2022-03-02,15496.0478515625,15766.72093751363,14920.866957593764,15766.72093751363,10338121
2022-03-03,15563.71484375,15563.71484375,15022.368702749229,15377.62701006056,5345093
2022-03-04,15496.0478515625,15665.218334841093,15360.710526823486,15529.882573628978,2278721
2022-03-07,15191.5390625,15394.544254735327,15191.5390625,15394.544254735327,3099969
2022-03-08,15090.0361328125,15360.709195300691,15005.450898505362,15157.70557107962,4952569
2022-03-09,15056.203125,15157.705719870284,14514.85543118289,15056.203125,4968658
2022-03-10,15022.3681640625,15326.87594377865,15022.3681640625,15326.87594377865,2131081
2022-03-11,14785.529296875,15056.203940202337,14717.861417806596,14717.861417806596,3203128
2022-03-14,14548.6904296875,14751.695623321639,14548.6904296875,14717.860903207013,3963806
2022-03-15,14633.2744140625,14819.362231713052,14497.938672240283,14616.357055453054,2498761
2022-03-16,14903.9482421875,15056.202914123847,14819.363008234754,14937.7829611793,2413584
2022-03-17,14954.701171875,15191.53952771783,14954.701171875,15090.036928491805,1325921
2022-03-18,14988.533203125,15022.367921500503,14887.030611525217,14971.617407463975,1470013
2022-03-21,15157.7060546875,15157.7060546875,15022.368737362074,15090.03661426138,3085773
2022-03-22,15259.20703125,15394.544348069674,15191.539154603564,15242.291234733495,2032654
2022-03-23,15225.373046875,15462.211384023842,15157.705173907718,15293.04091984228,1576957
2022-03-24,15123.8701171875,15225.372706130147,15022.367528244853,15225.372706130147,2521712
2022-03-25,15056.203125,15174.621516076351,15056.203125,15123.871000404597,1802676
2022-03-28,14870.1162109375,15056.20405240756,14734.77888826524,14988.534609307993,2145277
2022-03-29,15191.5390625,15276.12429867692,14870.115477733065,14870.115477733065,2507989
2022-03-30,15902.0595703125,15902.0595703125,15157.70813183686,15157.70813183686,8643099
2022-03-31,15918.9765625,15935.892361004366,15732.888707209047,15834.389752343212,3024256
2022-04-01,16206.56640625,16392.654254419638,15817.473348526775,15902.058591919616,6287245
2022-04-04,16172.7294921875,16511.070419915974,16105.061619347149,16511.070419915974,4079978
2022-04-05,15851.3056640625,16172.730822668591,15851.305664062502,16121.97874121807,3350295
2022-04-06,16037.392578125,16375.735077716605,15699.05164206015,15834.387391075388,4728979
2022-04-07,15800.5546875,16308.066106112714,15800.5546875,16071.227756798808,3572465
2022-04-08,15225.373046875,15902.056467127968,15225.373046875,15902.056467127968,3384602
2022-04-11,15225.373046875,15225.373046875,15225.373046875,15225.373046875,0
2022-04-12,14954.701171875,15428.379447087505,14954.701171875,15394.544726169883,2345679
2022-04-13,15225.373046875,15309.95827896578,14684.026936083312,14988.533146199436,2095117
2022-04-14,15140.787109375,15326.874924010232,15106.95239270436,15225.372337524956,1304864
2022-04-15,14819.36328125,15140.788427013415,14802.445921442435,15056.203191502365,2723061
2022-04-18,14616.357421875,14802.445244190645,14278.016495310814,14717.860012549598,3863486
2022-04-19,14379.5205078125,14717.861467831372,14176.51530639043,14616.358867120336,2240864
2022-04-20,13990.427734375,14497.940747677476,13990.427734375,14379.520783985748,1559448
2022-04-21,14210.3486328125,14210.3486328125,13059.986198269811,14041.176605883345,3722708
2022-04-22,14379.5205078125,14599.44150641402,13533.666544238455,14210.350027803064,2488588
2022-04-25,13516.748046875,14379.51929860277,13381.410736132184,14379.51929860277,2777006
2022-04-26,13905.83984375,13905.839843749998,12603.224400100235,13364.492211509185,2561461
2022-04-27,14142.6796875,14142.6796875,13533.66568540797,13872.006623956124,1600144
2022-04-28,14007.34375,14227.2647317019,13905.841157088835,13922.758516495152,1170710
2022-04-29,14548.6904296875,14633.275666447256,13956.592208842396,14041.177445602152,3472382
2022-05-02,14548.6904296875,14548.6904296875,14548.6904296875,14548.6904296875,0
2022-05-03,14548.6904296875,14548.6904296875,14548.6904296875,14548.6904296875,0
2022-05-04,13669.001953125,14717.861091286908,13669.001953125,14717.861091286908,1470486
2022-05-05,14142.6796875,14210.349126031046,13736.670873947569,14041.1770932302,1661424
2022-05-06,13736.6708984375,14108.846556914696,13702.836179111657,13872.006648687333,1459602
2022-05-09,13195.3232421875,13736.670935216567,12789.31364506078,13533.665745771514,3072760
2022-05-10,12992.3193359375,13093.821934577465,12349.469805138857,12349.469805138857,2718329
2022-05-11,13347.5771484375,13347.5771484375,12958.483369868365,13229.157200816893,1582162
2022-05-12,12417.138671875,13296.826571817748,12417.138671875,13195.323971485232,3577197
2022-05-13,11556.05859375,12743.637716141922,11556.05859375,12332.552905924356,3077588
2022-05-16,11670.2490234375,12332.553535229154,10756.727176338882,11464.70699872203,6836243
2022-05-17,12149.8486328125,12218.36316362944,11144.97458042936,11647.41160662093,3024835
2022-05-18,12149.8486328125,12355.391443499868,11875.792073071643,12332.553787736524,2077021
2022-05-19,11784.4384765625,12012.81891568903,11510.381949610664,11510.381949610664,2382852
2022-05-20,11807.2783203125,11921.468162620293,11647.411602965447,11784.439882792869,1694776
2022-05-23,11327.6787109375,11875.791818677973,11327.6787109375,11875.791818677973,1537918
2022-05-24,12239.6513671875,12239.6513671875,11591.669848380929,11735.665650169718,1812202
2022-05-25,12647.640625,12647.640625,12239.652085239664,12239.652085239664,1901410
2022-05-26,12575.642578125,12719.638391441611,12503.645082223746,12719.638391441611,1399461
2022-05-27,12887.6337890625,12911.63350179937,12503.644957385346,12599.642165304635,3611434
2022-05-30,13055.6298828125,13103.628488864548,12863.63463709018,12911.634064656357,1751386
2022-05-31,12863.6337890625,13079.627912814492,12767.636583286963,13079.627912814492,818820
2022-06-01,12719.638671875,13007.631126371773,12671.640066377891,12839.635596374832,901894
2022-06-02,12719.638671875,12719.638671875,12719.638671875,12719.638671875,0
2022-06-03,12527.6435546875,12671.639363188036,12407.647458360756,12623.640760354525,1110806
2022-06-06,12551.6435546875,12551.6435546875,12383.648030160804,12527.64384196336,1926998
2022-06-07,12479.6455078125,12575.642717756127,12191.653877981622,12551.643826027275,1323924
2022-06-08,12791.6376953125,12959.633234560944,12479.646331642887,12719.639372344833,1697055
2022-06-09,12719.638671875,12863.634488366326,12623.641460880783,12863.634488366326,667570
2022-06-10,12503.64453125,12791.636145192855,12503.64453125,12527.643421654871,1065413
2022-06-13,11639.6689453125,12143.654683821092,11639.6689453125,12023.657766456543,3325583
2022-06-14,10847.69140625,11615.66903546228,10847.69140625,11615.66903546228,3853821
2022-06-15,10559.69921875,10847.690813980651,10127.71100439001,10799.692214775543,6404924
2022-06-16,10655.697265625,11039.686089841154,10607.69866259798,10751.694471679039,1398410
2022-06-17,9911.71875,10415.703683334315,9911.71875,10415.703683334315,7667858
2022-06-20,9263.736328125,10367.704122883006,9239.736617481945,9911.717835805188,5613970
2022-06-21,8639.75390625,9311.735139870285,8639.75390625,8831.748309708926,5370357
2022-06-22,9239.7373046875,9239.7373046875,8735.751558839629,9023.743178891531,7509597
2022-06-23,9767.7216796875,9767.7216796875,9359.733972971202,9431.7314652977,3035000
2022-06-24,9887.71875,9959.717064964954,9719.723229424488,9935.717352805279,2436307
2022-06-27,9935.7177734375,9959.717486613212,9695.724749250914,9887.719168600182,2691838
2022-06-28,10607.6982421875,10607.6982421875,9935.717004927505,10031.714207176925,3073733
2022-06-29,10751.6943359375,11327.677564989868,10463.702721411315,10655.697131095438,4182611
2022-06-30,10319.7060546875,10943.688705380517,10319.7060546875,10775.693186767614,2743715
2022-07-01,10919.689453125,11039.686374544193,9695.724633614076,10319.706489057227,4085867
2022-07-04,11663.6689453125,11663.6689453125,11087.684877864009,11087.684877864009,7417760
2022-07-05,11567.6708984375,12191.653568758806,11567.6708984375,11999.6591537412,4802335
2022-07-06,11567.6708984375,11759.666134969195,11183.68206840229,11183.68206840229,2935977
2022-07-07,12047.658203125,12167.654306192479,11135.683876544377,11663.669358886473,5473936
2022-07-08,12023.6572265625,12359.648251490724,11999.658337075647,12215.651628513466,3196240
2022-07-11,11471.673828125,11903.662088595096,11375.676619468113,11615.669641110331,4364357
2022-07-12,11471.673828125,11471.673828125,11471.673828125,11471.673828125,0
2022-07-13,11663.6689453125,12095.656379763299,11519.67231231481,11759.666152968233,2657837
2022-07-14,11735.666015625,11759.665727427513,11471.67329336765,11591.670209352098,2125919
2022-07-15,11639.6689453125,12095.656081178087,11639.6689453125,11735.66615059851,4547154
2022-07-18,11807.6650390625,11831.663930793091,11639.669510891928,11663.66922413663,2428771
2022-07-19,11663.6689453125,11855.663360623967,11591.670628813654,11855.663360623967,1919111
2022-07-20,11927.6611328125,11999.659450984616,11807.66503121112,11975.659737755874,3586547
2022-07-21,12047.658203125,12215.652911722294,11999.659597595184,12023.65848960303,2948245
2022-07-22,12575.642578125,12695.639499979226,12071.656820759812,12215.652634076423,7677322
2022-07-25,12359.6494140625,12479.645515811893,12239.652490798993,12479.645515811893,2380574
2022-07-26,12311.650390625,12551.643407481279,12239.652074811074,12335.649281553586,1995174
2022-07-27,12311.650390625,12335.649281553586,12095.656264697307,12239.652074811074,1431884
2022-07-28,12695.640625,12695.640625,12335.650649051007,12503.646190230984,4137569
2022-07-29,12767.6376953125,13103.628766304832,12695.640195467106,12719.639088244186,11104907
2022-08-01,12791.6376953125,12839.63630345289,12623.642156064054,12719.639372344833,3183271
2022-08-02,12767.6376953125,13031.63044494529,12743.638802535417,12959.632945099895,3021154
2022-08-03,12575.642578125,12767.63699588048,12527.64397368613,12767.63699588048,3470699
2022-08-04,12527.6435546875,12695.63907536183,12479.644951853987,12695.63907536183,4161404
2022-08-05,12455.646484375,12479.645375850081,12311.650670982202,12479.645375850081,4299685
2022-08-08,12551.6435546875,12623.641049831731,12383.648030160804,12383.648030160804,2731973
2022-08-09,12503.64453125,12623.640626302491,12431.646217007254,12623.640626302491,2798923
2022-08-10,12479.6455078125,12527.644112784314,12431.646902840688,12479.6455078125,2386007
2022-08-11,12311.650390625,12623.640901781122,12239.652074811074,12575.642298409864,4106197
2022-08-12,12383.6474609375,12431.646062665395,12191.65305402592,12431.646062665395,2603156
2022-08-15,12599.6416015625,12743.63740699867,12383.647482651215,12479.64468627533,4118465
2022-08-16,12671.6396484375,12839.635172893553,12527.643836695494,12623.641044523498,5954152
2022-08-17,12551.6435546875,12719.638257700102,12551.6435546875,12671.639653765917,4096558
2022-08-18,12479.6455078125,12695.639640942714,12479.6455078125,12527.644112784314,4835459
2022-08-19,12335.650390625,12575.64342905853,12335.650390625,12431.647605998412,3224282
2022-08-22,11999.6591796875,12383.648010552992,11831.663655426803,12383.648010552992,4247458
2022-08-23,12095.65625,12095.65625,11783.664917708893,11855.663233435334,1966782
2022-08-24,12047.658203125,12263.65151725211,12047.658203125,12167.654306192479,1926822
2022-08-25,12335.650390625,12407.648712912138,12095.65735219147,12191.654567564883,3709581
2022-08-26,12191.654296875,12407.648437426562,12167.65458280743,12335.650116737996,2695343
2022-08-29,12143.6552734375,12335.649693331514,11831.663930352672,12047.658063490493,3237427
2022-08-30,11999.6591796875,12359.649119380943,11999.6591796875,12287.650802836619,2931771
2022-08-31,11999.6591796875,12095.656387403873,11927.660863143175,11999.6591796875,2155363
2022-09-01,11999.6591796875,11999.6591796875,11999.6591796875,11999.6591796875,0
2022-09-02,11999.6591796875,11999.6591796875,11999.6591796875,11999.6591796875,0
2022-09-05,11783.6650390625,12071.65666190597,11783.6650390625,11999.65916695215,2709364
2022-09-06,11807.6650390625,11903.662249013081,11711.66782911192,11783.6653258178,3517669
2022-09-07,11759.666015625,12167.65373263986,11759.666015625,11807.664618892282,5274314
2022-09-08,11327.677734375,11903.661793554245,11327.677734375,11855.663190415482,3299119
2022-09-09,11327.677734375,11423.674940652527,10703.695893571068,11399.676049840185,7305592
2022-09-12,11207.6826171875,11495.67426119957,11015.687366331967,11423.675939439476,2688158
2022-09-13,11207.6826171875,11303.67983185819,11039.687080756716,11231.681510098097,1908069
2022-09-14,11111.6845703125,11111.6845703125,10871.690730095846,10991.687650204172,2360945
2022-09-15,11039.6865234375,11183.682338174158,11039.6865234375,11183.682338174158,1202117
2022-09-16,10919.689453125,11039.686374544193,10727.695036065568,10991.687770279335,2537783
2022-09-19,10583.69921875,10847.691952850999,10247.708989039518,10655.697535873582,4487215
2022-09-20,10703.6962890625,10703.6962890625,10247.70913163891,10559.7004743257,2898822
2022-09-21,10559.69921875,10607.697817955108,10439.702309980223,10559.69921875,1682333
2022-09-22,10799.693359375,10799.693359375,10343.706207841919,10367.705099230976,2475390
2022-09-23,10703.6962890625,10799.693498887034,10583.699366024779,10655.697684150233,1611177
2022-09-26,10823.6923828125,11039.686515519628,10055.714704767794,10463.703256986098,4891368
2022-09-27,11159.68359375,11303.679410386978,10607.699219217853,10607.699219217853,6751767
2022-09-28,10943.689453125,11231.681086269682,10799.69363655266,11231.681086269682,2122940
2022-09-29,10631.6962890625,11135.681971670656,10607.69740115991,11015.68506761577,2740035
2022-09-30,10559.69921875,10679.695306005766,10127.71100439001,10607.697817955108,3672250
2022-10-03,10151.712890625,10607.700091564917,10031.715956135584,10367.706222586085,4051691
2022-10-04,10199.7099609375,10583.698778935352,10175.7102490556,10271.707453555064,3589001
2022-10-05,10295.70703125,10559.699750939862,10295.70703125,10559.699750939862,2315202
2022-10-06,9959.7177734375,10295.708016974711,9599.727816033419,10295.708016974711,3583743
2022-10-07,9599.7275390625,9911.718881245417,9263.737305219263,9551.728934227753,4163683
2022-10-10,9575.7265625,9815.7195550099,9215.73748449215,9527.72796399802,2853079
2022-10-11,9287.7353515625,9527.728353893437,8927.745437309079,9359.733663018798,4381007
2022-10-12,9407.732421875,9863.719544737865,9263.736618052102,9263.736618052102,3511185
2022-10-13,9455.732421875,9599.728246998273,9359.73520512615,9455.732421875,2550577
2022-10-14,9695.724609375,10103.713155363379,9623.726292400657,10103.713155363379,4806541
2022-10-17,9551.7294921875,9695.725315103193,9311.73645399468,9671.725600526832,2148353
2022-10-18,9575.7265625,9839.71926501789,9551.72767400601,9719.72235800594,2633126
2022-10-19,9791.7216796875,9887.718886624507,9551.72866234498,9599.727265813484,2748097
2022-10-20,9575.7265625,9839.71926501789,9551.72767400601,9839.71926501789,2721107
2022-10-21,9215.7392578125,9647.726727454652,8951.746504496328,9647.726727454652,3771097
2022-10-24,9047.7431640625,9239.73758321808,8591.756007810945,9239.73758321808,3363439
2022-10-25,9239.7373046875,9503.730033825452,8639.754352155662,9119.740385575498,3234447
2022-10-26,9143.7392578125,9359.733363761412,8951.74486208636,9287.735054607107,1379657
2022-10-27,9551.7294921875,9551.7294921875,8951.746485948372,9215.739238717551,3733416
2022-10-28,9455.732421875,9863.721003814693,9455.732421875,9647.726855372697,4048010
2022-10-31,9407.732421875,9551.728225697898,9167.738593989456,9527.728514303724,2154487
2022-11-01,9671.724609375,9815.720417534098,9503.729910613087,9551.728513332788,8767097
2022-11-02,9935.7177734375,10199.710510799798,9647.726144413597,9671.725036075202,16890809
2022-11-03,9743.7236328125,9983.71666386421,9719.723918950262,9863.72055909542,7626145
2022-11-04,9479.7314453125,9743.72420574938,9071.74285777755,9599.728378651313,11864665
2022-11-07,8855.7490234375,9455.732012926375,8831.74930953116,9239.737873825858,10477647
2022-11-08,8903.7470703125,8951.745673595287,8615.755450615781,8639.754341500135,6040030
2022-11-09,8831.7490234375,9071.742047155944,8687.753209206434,8807.75013182271,4706116
2022-11-10,8399.76171875,8735.751957476046,8231.766188629916,8639.754746411461,9907171
2022-11-11,8399.76171875,8615.755854402376,7919.774841912956,8543.757535346876,8614970
2022-11-14,8351.7626953125,8471.75879238181,7871.775842493021,8183.76717359857,7105619
2022-11-15,8159.7685546875,8255.765764147367,7775.778895333922,8159.7685546875,8350851
2022-11-16,8639.75390625,8711.752218304118,7799.777980360174,7799.777980360174,6372326
2022-11-17,8855.7490234375,9023.743734725338,8735.752096934071,8831.74930953116,5713694
2022-11-18,8831.7490234375,8927.746232924877,8591.755999719056,8855.748736566398,4510700
2022-11-21,8879.7470703125,9071.741477225238,8807.74957847725,8879.7470703125,4286716
2022-11-22,8735.751953125,9119.740797192084,8711.753061127867,8807.750272144638,8504906
2022-11-23,8591.755859375,8831.748879173221,8591.755859375,8831.748879173221,3358006
2022-11-24,8567.7568359375,8615.756265272923,8399.76211932016,8543.757942783948,3841903
2022-11-25,8783.7509765625,8783.7509765625,8639.755153186052,8735.75236877035,6343408
2022-11-28,9143.7392578125,9263.736165898343,8831.747954000519,8999.743461017895,10787860
2022-11-29,9095.7421875,9263.737722750495,8927.746652249503,9191.739401496241,9748910
2022-11-30,9719.7236328125,9719.7236328125,9095.74177044738,9191.738980042013,20516265
2022-12-01,9599.7275390625,10055.714695749662,9575.727825888072,10007.716090914913,17572225
2022-12-02,10271.70703125,10271.70703125,9503.729426828486,9527.728316209643,15455770
2022-12-05,10511.7021484375,10679.696859332653,10295.708009841866,10559.70075462385,15387242
2022-12-06,9791.7216796875,10559.700156697649,9791.7216796875,10535.700444206355,19730043
2022-12-07,9815.7216796875,9935.718612673576,9599.728350432411,9791.72278599879,8748694
2022-12-08,10055.71484375,10463.703401607203,9887.719313598764,10031.715130222343,11022534
2022-12-09,10055.71484375,10151.712054832386,9887.719313598764,10079.713735763537,8976359
2022-12-12,9767.7216796875,10223.708809973545,9743.722789416688,10079.713003806488,8145269
2022-12-13,9959.7177734375,9959.7177734375,9599.727816033419,9719.723920825358,8867346
2022-12-14,9887.71875,10079.713161221114,9887.71875,10031.714558415835,9232591
2022-12-15,10079.71484375,10319.707897836579,9887.720400480737,9935.719011298053,10453110
2022-12-16,9983.7158203125,10127.711626776922,9935.717218157692,9935.717218157692,8296345
2022-12-19,9959.7177734375,10343.706623194314,9959.7177734375,10007.716379657102,9693878
2022-12-20,9455.732421875,9959.718220563542,9383.734098556279,9911.719612189117,10079804
2022-12-21,9455.732421875,9695.725463747123,9023.744124991008,9503.731030249424,5839181
2022-12-22,9575.7265625,9695.72346951195,9359.73327999809,9599.72627250799,3845408
2022-12-23,9431.7314453125,9575.72725117444,9311.735351184581,9527.72864922046,2846769
2022-12-26,8807.7490234375,9503.729115394479,8783.749313328775,9431.730806582307,5837253
2022-12-27,9119.740234375,9119.740234375,8783.750016551656,8783.750016551656,3294036
2022-12-28,9119.740234375,9239.737151497515,8951.745536220362,9047.742741312746,2986628
2022-12-29,9071.7412109375,9215.7378334093,8999.743721215633,8999.743721215633,2410018
2022-12-30,9119.740234375,9239.737151497515,9071.741631828809,9167.738836921193,2499226
2023-01-02,9119.740234375,9119.740234375,9119.740234375,9119.740234375,0
2023-01-03,9551.7294921875,9551.7294921875,9095.742308864063,9095.742308864063,4182611
2023-01-04,9551.7294921875,9791.72253038032,9503.730884548935,9599.728099826065,4429028
2023-01-05,9647.7255859375,9671.724476209885,9527.728670033392,9551.72838181984,3086176
2023-01-06,9887.71875,10007.715667770233,9599.727133168328,9695.724338778886,9012988
2023-01-09,10151.712890625,10391.705938089643,9983.717346642656,9983.717346642656,8002256
2023-01-10,10151.712890625,10271.709003600228,10007.717062146216,10175.71178461437,6627682
2023-01-11,10175.7109375,10319.706753991326,10175.7109375,10319.706753991326,7280530
2023-01-12,10463.703125,10535.700620651482,10151.711786472652,10151.711786472652,8643187
2023-01-13,10583.69921875,10847.691952850999,10511.701723140517,10655.697535873582,10953657
2023-01-16,10703.6962890625,10751.694893974767,10583.699366024779,10679.696575849312,4520164
2023-01-17,10991.6875,10991.6875,10679.696169193065,10679.696169193065,6001999
2023-01-18,10991.6875,11135.683309253798,10943.6888969154,11111.684418468538,6211786
2023-01-19,10991.6875,11015.68639078526,10823.691978446863,10847.691690746202,8156661
2023-01-20,10991.6875,10991.6875,10991.6875,10991.6875,0
2023-01-23,10991.6875,10991.6875,10991.6875,10991.6875,0
2023-01-24,10991.6875,10991.6875,10991.6875,10991.6875,0
2023-01-25,10991.6875,10991.6875,10991.6875,10991.6875,0
2023-01-26,10991.6875,10991.6875,10991.6875,10991.6875,0
2023-01-27,11207.6826171875,11279.680117433441,11087.685688092062,11183.682902762752,6604021
2023-01-30,11063.6865234375,11303.679554219567,11063.6865234375,11255.680948063153,7789489
2023-01-31,11303.6796875,11303.6796875,10847.692512880514,11039.686939769952,12745879
2023-02-01,11327.677734375,11711.66738099919,11231.680528097471,11495.673256117712,14706703
2023-02-02,11327.677734375,11471.673543791292,11183.681924958708,11327.677734375,7645424
2023-02-03,11663.6689453125,11663.6689453125,11303.679005846454,11423.675104659076,7515205
2023-02-06,11351.677734375,11567.671043216089,11303.679130019858,11423.675230150662,5632723
2023-02-07,11063.6865234375,11471.674265009946,10991.688203445814,11471.674265009946,6511483
2023-02-08,11135.6845703125,11255.681502370071,10991.688744751918,11039.687353272113,4242726
2023-02-09,10559.69921875,10751.693615570435,10535.69950839044,10727.693905210874,3108785
2023-02-10,10079.71484375,10631.699278906237,10031.716232932684,10559.70177343737,5843212
2023-02-13,9695.724609375,10079.713442533899,9599.727401085274,9839.720421809587,6737220
2023-02-14,9839.720703125,9983.716519676394,9743.723492090736,9815.720989609374,2225994
2023-02-15,9935.7177734375,10079.71358794945,9719.723640912518,9839.720563762865,5839882
2023-02-16,10031.71484375,10103.713160762818,9935.717635408973,10031.71484375,3726230
2023-02-17,10319.7060546875,10319.7060546875,10079.713043464826,10127.711645709362,6635744
2023-02-20,10559.69921875,10559.69921875,10271.706802005336,10295.706512364897,6962255
2023-02-21,10463.703125,10751.694750634122,10463.703125,10679.696433468542,5578567
2023-02-22,10079.71484375,10415.705119471211,10079.71484375,10319.707897836579,5828490
2023-02-23,10319.7060546875,10319.7060546875,9935.717236731221,10103.712755344126,5428719
2023-02-24,10079.71484375,10415.705119471211,10079.71484375,10295.709003185028,2530072
2023-02-27,9863.7197265625,10175.710229839553,9863.7197265625,9935.717219044103,3629661
2023-02-28,9863.7197265625,10031.714423362282,9815.720302889347,9935.717219044103,2362697
2023-03-01,10127.7119140625,10127.7119140625,9743.723085931702,9863.72000547962,4334037
2023-03-02,10079.71484375,10199.711781550395,10031.716232932684,10103.714559915765,2164126
2023-03-03,9911.71875,10151.711770995887,9911.71875,10127.71205813925,2337284
2023-03-06,9887.71875,10103.712873380791,9887.71875,9983.715955610558,3479462
2023-03-07,9887.71875,10079.713161221114,9863.719859354398,10031.714558415835,3356079
2023-03-08,9935.7177734375,9959.717486613212,9767.722245749836,9863.720276938579,4712075
2023-03-09,10175.7109375,10247.709256502723,9983.716515511565,10031.715121008674,7377975
2023-03-10,10055.71484375,10127.71234130473,9935.717919139957,10055.71484375,4096382
2023-03-13,9935.7177734375,10007.71609145053,9887.719168600182,9935.7177734375,5380347
2023-03-14,9719.7236328125,9983.716369954798,9671.725028015184,9911.718873515876,4362780
2023-03-15,10271.70703125,10271.70703125,9887.718229039243,9911.71793993443,12970915
2023-03-16,10031.71484375,10223.709260432051,9983.716239579486,10223.709260432051,6223003
2023-03-17,10055.71484375,10199.71066037358,10031.715130222343,10199.71066037358,4842820
2023-03-20,9863.7197265625,10199.709941676128,9863.7197265625,10055.71413519886,8876810
2023-03-21,9959.7177734375,10031.715272009837,9791.722240911828,10031.715272009837,5046824
2023-03-22,9935.7177734375,10031.714983112133,9911.718881775896,10031.714983112133,3802644
2023-03-23,9911.71875,9935.717641342539,9791.721828745007,9887.719037143363,5736828
2023-03-24,10055.71484375,10127.71234130473,9959.717632667614,9983.71652468115,9999359
2023-03-27,10127.7119140625,10151.711626577719,10031.714707029802,10079.71331054615,8678940
2023-03-28,10151.712890625,10319.707613093156,10151.712890625,10199.711500117928,12070071
2023-03-29,10199.7099609375,10295.707165436963,10127.71164680587,10175.7102490556,8789705
2023-03-30,10247.7080078125,10415.702695825052,10247.7080078125,10295.706607460947,9443079
2023-03-31,10271.70703125,10343.705342421532,10199.709541592498,10295.706742145188,10593144
2023-04-03,10415.703125,10463.702548140263,10343.705633317712,10415.703125,10868304
2023-04-04,10607.6982421875,10703.695444436922,10391.704126369279,10439.70272749399,13269385
2023-04-05,10535.7001953125,10631.697399981684,10511.701304902237,10607.69850957142,9868614
2023-04-06,10314.671875,10609.376593562602,10314.671875,10560.259140468836,10825190
2023-04-07,10265.5537109375,10388.347755499291,10216.436261245495,10290.112856115282,6839748
2023-04-10,10265.5537109375,10437.465205191296,10216.436261245495,10363.78861032151,8189786
2023-04-11,10363.7900390625,10363.7900390625,10216.437669672645,10265.55512613593,7431781
2023-04-12,10462.0234375,10560.258336206025,10363.788538793977,10412.905988146988,8391161
2023-04-13,10388.34765625,10486.582554695482,10314.671062084113,10486.582554695482,5618702
2023-04-14,10216.4365234375,10535.700374960816,10216.4365234375,10388.34802210319,8772354
2023-04-17,10142.7607421875,10265.553948932553,10142.7607421875,10216.436498101815,3721849
2023-04-18,10142.7607421875,10216.436498101815,10118.201596440342,10216.436498101815,3371151
2023-04-19,10044.525390625,10240.996042254828,10019.967084586027,10167.31944281069,5572433
2023-04-20,10019.966796875,10069.084248206207,9995.407650877603,10019.966796875,3951616
2023-04-21,9897.1728515625,10118.201805192733,9897.1728515625,10044.525207094792,5881419
2023-04-24,9970.8505859375,10069.085500820534,9897.173979443378,9946.291436884896,6828356
2023-04-25,9823.4970703125,10044.525182743288,9798.937924118194,9995.40773101827,4919760
2023-04-26,10044.525390625,10044.525390625,9823.497273619809,9897.173032400337,4940967
2023-04-27,9946.2900390625,10044.52494013989,9946.2900390625,10044.52494013989,3322078
2023-04-28,10069.0849609375,10069.0849609375,9946.29090358582,9995.408358393763,7425997
2023-05-01,10069.0849609375,10069.0849609375,10069.0849609375,10069.0849609375,0
2023-05-02,10069.0849609375,10069.0849609375,10069.0849609375,10069.0849609375,0
2023-05-03,10069.0849609375,10069.0849609375,10069.0849609375,10069.0849609375,0
2023-05-04,9921.7314453125,10069.083792639294,9921.7314453125,10069.083792639294,3925503
2023-05-05,9897.1728515625,9995.407755250693,9897.1728515625,9995.407755250693,4206972
2023-05-08,9995.408203125,10019.967350479292,9897.173295035096,9921.732442389388,8011370
2023-05-09,9946.2900390625,10044.52494013989,9921.731734124938,10044.52494013989,3074959
2023-05-10,10142.7607421875,10167.31904727108,9921.731793117397,9970.849243948132,10818355
2023-05-11,10093.64453125,10240.996901842827,10069.08538248602,10167.320296214573,6096289
2023-05-12,10069.0849609375,10167.319870553387,10019.967506129557,10142.761563481237,7780025
2023-05-15,10240.9970703125,10388.34944332935,10093.64469729565,10118.203005799944,18137618
2023-05-16,10265.5537109375,10388.347755499291,10191.87795673127,10290.112856115282,10812922
2023-05-17,10216.4365234375,10314.671425342585,10216.4365234375,10216.4365234375,9938017
2023-05-18,10535.7001953125,10633.935095542543,10191.878044507346,10216.436349233076,18934006
2023-05-19,10511.140625,10584.817217525866,10437.464873137664,10560.2580731294,7791066
2023-05-22,10609.376953125,10658.494407883407,10511.142043608186,10584.818646077618,8345593
2023-05-23,10462.0234375,10658.493234912048,10388.347683802258,10609.375785559037,9878604
2023-05-24,10462.0234375,10462.0234375,10462.0234375,10462.0234375,0
2023-05-25,10265.5537109375,10339.230305807287,10240.995406423275,10290.112856115282,5800974
2023-05-26,10339.2314453125,10363.78975253334,10240.996535101845,10290.113990207172,4213807
2023-05-29,10462.0234375,10462.0234375,10314.671089440964,10412.905988146988,6792778
2023-05-30,10462.0234375,10511.140886853012,10412.905988146988,10486.582582508283,6748261
2023-05-31,10511.140625,10683.052113784668,10462.023176870598,10462.023176870598,11397068
2023-06-01,10584.818359375,10609.37666575719,10462.024305473187,10511.141758901189,7450709
2023-06-02,11321.5810546875,11321.5810546875,10756.729917278008,10756.729917278008,37634038
2023-06-05,11395.2568359375,11591.726650936895,11297.021928437804,11591.726650936895,14593484
2023-06-06,11591.7265625,11591.7265625,11346.139295624418,11395.256748999534,16941810
2023-06-07,11591.7265625,11616.285709519369,11444.37420237465,11591.7265625,12692249
2023-06-08,11223.3447265625,11616.285176186155,11223.3447265625,11591.726030294358,24948098
2023-06-09,11493.4912109375,11591.726113885921,11174.227356023339,11272.46225897176,19399500
2023-06-12,11542.609375,11616.285977091567,11247.904647961006,11518.05106807857,10011277
2023-06-13,11493.4912109375,11591.726113885921,11395.256307989079,11542.60866241171,10261900
2023-06-14,11444.3740234375,11812.7553383229,11444.3740234375,11542.608928651793,18283260
2023-06-15,11370.6982421875,11493.491453128734,11346.13909560109,11444.374000619518,11569350
2023-06-16,11346.1396484375,11591.726922949723,11346.1396484375,11395.257103339945,16022389
2023-06-19,11346.1396484375,11419.816251122991,11297.022193535056,11346.1396484375,8197848
2023-06-20,11444.3740234375,11493.491476044646,11346.13911822321,11346.13911822321,9123929
2023-06-21,11444.3740234375,11493.491476044646,11419.815717465732,11493.491476044646,14710033
2023-06-22,11444.3740234375,11444.3740234375,11444.3740234375,11444.3740234375,0
2023-06-23,11758.7255859375,11906.077939970488,11670.313837252272,11670.313837252272,8668570
2023-06-26,11758.7255859375,11847.137334622726,11552.432626556749,11847.137334622726,9659819
2023-06-27,11670.3134765625,11788.195524278275,11581.90257127334,11788.195524278275,6480871
2023-06-28,11699.78515625,11788.19606559904,11581.903103121012,11670.314012470055,6603116
2023-06-29,11640.84375,11758.725803540594,11611.373446780752,11729.255500321346,8463223
2023-06-30,11581.9033203125,11670.31423131948,11581.9033203125,11640.843927650487,4850357
2023-07-03,11581.9033203125,11640.843927650487,11522.961872310898,11581.9033203125,3943525
2023-07-04,11581.9033203125,11581.9033203125,11493.491568641904,11522.961872310898,4194149
2023-07-05,11729.255859375,11817.667612402789,11581.903498104435,11581.903498104435,10836115
2023-07-06,11552.4326171875,11758.725576400942,11522.961473873935,11670.313827787419,5967355
2023-07-07,11670.3134765625,11670.3134765625,11493.49082532062,11522.961127083672,3685015
2023-07-10,11965.0205078125,12023.961118686486,11670.31493145158,11729.25638298923,16781271
2023-07-11,11965.0205078125,12171.313486535113,11906.07905627485,12023.961118686486,7883838
2023-07-12,11847.13671875,12023.959366264755,11758.724974660852,11965.018763981017,7378355
2023-07-13,11906.078125,11906.078125,11788.196071808914,11906.078125,6081129
2023-07-14,11935.5498046875,11994.490413597607,11788.196601084961,11935.5498046875,6639921
2023-07-17,12023.9609375,12053.431242492912,11935.550022521267,11935.550022521267,6272602
2023-07-18,12112.3720703125,12259.724428363706,11935.549408783776,12023.960319216334,7229967
2023-07-19,12112.3720703125,12230.254124886187,12082.90176683498,12200.783821408668,7721283
2023-07-20,12082.90234375,12141.84295351924,11994.49058843249,12112.37264863462,4155153
2023-07-21,12112.3720703125,12112.3720703125,11965.019712261295,12053.430622693853,4641503
2023-07-24,12377.6064453125,12554.429106303729,12053.430586054375,12141.842336881793,11057820
2023-07-25,12348.1357421875,12554.428699888496,12348.1357421875,12377.606044621418,8184119
2023-07-26,12259.724609375,12407.076969601821,12230.25430546236,12318.66521720028,3745480
2023-07-27,12171.3134765625,12318.665844290394,12082.90256032396,12259.725233464702,6254492
2023-07-28,12230.25390625,12230.25390625,12082.901550832963,12141.84215673434,3943525
2023-07-31,12259.724609375,12466.018418090722,12259.724609375,12289.19491328764,5499554
2023-08-01,12171.3134765625,12495.489358094797,12141.843171149654,12289.195538877548,8926205
2023-08-02,12200.78515625,12289.19607635526,12082.903088779287,12112.37339548104,8115475
2023-08-03,12171.3134765625,12318.665844290394,12141.843171149654,12200.78462263901,5874029
2023-08-04,12377.6064453125,12377.6064453125,12141.842336881793,12230.25408770921,8542090
2023-08-07,12613.37109375,12790.193762311403,12377.606975225699,12407.077279875326,12105445
2023-08-08,12495.48828125,12760.722688435388,12466.017978376865,12731.252385562255,6006497
2023-08-09,12348.1357421875,12524.958397454579,12289.194296656087,12495.488095020663,7733405
2023-08-10,12171.3134765625,12377.60729577975,12082.90256032396,12318.665844290394,7384927
2023-08-11,12112.3720703125,12289.194731841226,11994.490015738815,12289.194731841226,7065075
2023-08-14,12200.78515625,12259.725769653505,12082.903088779287,12171.314008884545,6496352
2023-08-15,12141.84375,12230.255511117144,12112.373443182187,12200.78520429933,3967332
2023-08-16,12171.3134765625,12289.195538877548,12053.43141424745,12141.843171149654,5427550
2023-08-17,12200.78515625,12348.137530422468,12112.37339548104,12200.78515625,6150649
2023-08-18,11522.9619140625,12171.312800447624,11493.491610286726,12141.84249667185,12987155
2023-08-21,11699.78515625,11729.255459366346,11434.55074687568,11581.903103121012,7331765
2023-08-22,11699.78515625,11729.255459366346,11228.256943734055,11699.78515625,8093129
2023-08-23,11640.84375,11788.196106759842,11493.491393240156,11758.725803540594,4699924
2023-08-24,11640.84375,11699.785197102097,11552.432840342255,11611.373446780752,5048548
2023-08-25,11552.4326171875,11640.843525137438,11522.961473873935,11640.843525137438,3773376
2023-08-28,11670.3134765625,11699.784618989113,11552.432269510286,11552.432269510286,3552108
2023-08-29,11670.3134765625,11758.72522251522,11611.372873036393,11670.3134765625,5581634
2023-08-30,11788.1953125,11847.136755630767,11670.313266902009,11729.254710032777,4829033
2023-08-31,11994.490234375,12023.960538389705,11788.196424944812,11788.196424944812,4765063
2023-09-01,11994.490234375,11994.490234375,11994.490234375,11994.490234375,0
2023-09-04,11994.490234375,11994.490234375,11994.490234375,11994.490234375,0
2023-09-05,12141.84375,12259.72581793496,12082.903136364373,12112.373443182187,6512856
2023-09-06,12171.3134765625,12171.3134765625,12053.43141424745,12141.843171149654,6307508
2023-09-07,12200.78515625,12377.60783712422,12141.843702182792,12259.725769653505,9048449
2023-09-08,12141.84375,12200.78520429933,12112.373443182187,12141.84375,5693217
2023-09-11,11906.078125,12259.724284573254,11906.078125,12259.724284573254,7736326
2023-09-12,12023.9609375,12082.902388149474,11847.138266878883,11906.078876864705,5485679
2023-09-13,12377.6064453125,12377.6064453125,12023.960282666438,12082.90173010592,16263082
2023-09-14,12790.193359375,12967.016022365864,12524.958944556896,12554.429248278104,31341251
2023-09-15,12701.78125,12878.604748677,12583.899197769862,12731.252393555227,18807438
2023-09-18,12348.1357421875,12642.840447853825,12259.723994222171,12554.428699888496,17117188
2023-09-19,12348.1357421875,12348.1357421875,12348.1357421875,12348.1357421875,0
2023-09-20,12377.6064453125,12377.6064453125,12171.312640269729,12200.783784321273,8160897
2023-09-21,12171.3134765625,12466.019052681952,12141.843171149654,12407.077601192595,12907704
2023-09-22,11965.0205078125,12053.431424123479,11788.196993863216,12023.961118686486,15525962
2023-09-25,11228.2578125,11994.490796792488,11228.2578125,11965.020491395931,11025397
2023-09-26,11346.1396484375,11611.37407304343,11287.199038820027,11493.492013144834,7423339
2023-09-27,11522.9619140625,11552.433058501892,11169.316587425974,11346.139250744236,6477220
2023-09-28,11405.080078125,11611.373889858902,11287.19886074978,11611.373889858902,5901340
2023-09-29,11405.080078125,11611.373889858902,11375.609773781196,11493.491831820049,3672308
2023-10-02,11464.021484375,11552.433237737647,11375.609731012353,11405.080035245359,2986306
2023-10-03,11080.904296875,11405.079303980026,11021.963692188114,11346.13869929314,9581390
2023-10-04,11139.845703125,11287.19890677211,10963.023035677563,11021.964485269133,3245401
2023-10-05,10904.0810546875,11257.726345083138,10904.0810546875,11257.726345083138,4962086
2023-10-06,11021.9638671875,11139.84507843291,10845.140368992203,10933.55211808985,4652311
2023-10-09,11169.3173828125,11169.3173828125,10933.553254489896,11021.965012776793,5017731
2023-10-10,11434.55078125,11493.49138765988,11198.786674283278,11257.727280693158,6043302
2023-10-11,11552.4326171875,11552.4326171875,11346.138817310471,11434.550565923995,3003102
2023-10-12,11581.9033203125,11640.843927650487,11522.961872310898,11552.433016643507,3886273
2023-10-13,11405.080078125,11493.491831820049,11257.727715742341,11257.727715742341,2929931
2023-10-16,11110.375,11375.60941198587,11110.375,11375.60941198587,5139830
2023-10-17,10992.4931640625,11257.727581316922,10992.4931640625,11198.786973333104,3955063
2023-10-18,10874.6103515625,11080.904146494106,10786.19944573201,11021.963542607113,5045773
2023-10-19,10756.73046875,10874.611691044018,10609.377259555138,10845.141385470513,6162188
2023-10-20,10815.669921875,10904.081669793033,10668.317569120663,10727.258173956967,5851391
2023-10-23,10638.8486328125,10874.61192309511,10638.8486328125,10815.671310690379,3951850
2023-10-24,10904.0810546875,10992.491956954644,10697.787268070435,10697.787268070435,3012596
2023-10-25,10786.2001953125,10992.493163916746,10786.2001953125,10904.082251942193,3308203
2023-10-26,10226.2607421875,10668.31781045035,10196.789598439098,10668.31781045035,8940372
2023-10-27,10668.318359375,10668.318359375,10314.672182170152,10491.495691104396,3641638
2023-10-30,10373.61328125,10727.258605832609,10373.61328125,10668.317998623379,2547569
2023-10-31,10550.4365234375,10609.377133886353,10344.142705539194,10373.61385142728,5298295
2023-11-01,10609.376953125,10609.376953125,10373.613674682834,10550.436343680369,3526695
2023-11-02,10933.552734375,10963.023038847488,10609.376863186719,10697.788617267819,4496767
2023-11-03,10963.0224609375,11139.845119114952,10933.552158018523,11139.845119114952,4871534
2023-11-06,11139.845703125,11169.316848252603,11021.964485269133,11169.316848252603,3695969
2023-11-07,11021.9638671875,11198.786524719206,10933.55211808985,11198.786524719206,3405181
2023-11-08,11434.55078125,11434.55078125,10992.492870521497,11021.964014390038,5230674
2023-11-09,11375.609375,11522.961732217102,11316.6687683786,11493.491428906402,4394823
2023-11-10,11198.787109375,11405.08008048801,11169.31680502509,11198.787109375,5799981
2023-11-13,11316.66796875,11405.07887243504,11139.84448005283,11316.66796875,4338593
2023-11-14,11552.4326171875,11611.373222487458,11316.668514660492,11346.138817310471,9946225
2023-11-15,11581.9033203125,11788.196286659067,11552.433016643507,11758.725982990074,7845280
2023-11-16,11552.4326171875,11581.90291983748,11434.550565923995,11522.961473873935,3803608
2023-11-17,11287.1982421875,11611.373253531146,11257.727098795143,11552.432648073607,6617137
2023-11-20,11198.787109375,11287.198863088366,11051.434746961811,11228.25741372491,4655086
2023-11-21,11228.2578125,11405.08048554301,11228.2578125,11257.728117896557,2970095
2023-11-22,11316.66796875,11346.138269978348,11110.374178824484,11257.726525629761,3424021
2023-11-23,11080.904296875,11405.079303980026,11080.904296875,11375.609001636583,3801418
2023-11-24,11080.904296875,11139.844901561886,10933.55194449421,11080.904296875,3881892
2023-11-27,10874.6103515625,11080.904146494106,10874.6103515625,11080.904146494106,3708237
2023-11-28,11021.9638671875,11021.9638671875,10786.199763369497,10874.610671803555,2361646
2023-11-29,11080.904296875,11139.844901561886,10992.492549181095,11080.904296875,2565387
2023-11-30,11021.9638671875,11169.316221907853,10963.022420901203,11080.904472810205,1908595
2023-12-01,11169.3173828125,11198.787688686907,10992.493866238709,11080.905624525605,2534278
2023-12-04,11287.1982421875,11316.66854491627,11198.786493337602,11287.1982421875,12093177
2023-12-05,11287.1982421875,11316.66854491627,11198.786493337602,11316.66854491627,3752344
2023-12-06,11316.66796875,11375.608571206694,11257.726525629761,11316.66796875,6844538
2023-12-07,11375.609375,11493.491428906402,11257.727321093596,11375.609375,10263595
2023-12-08,11405.080078125,11464.021527476245,11346.13946943739,11375.609773781196,6625608
2023-12-11,11316.66796875,11434.550014326933,11257.726525629761,11434.550014326933,3225684
2023-12-12,11316.66796875,11375.608571206694,11228.256224401415,11375.608571206694,3304552
2023-12-13,11228.2578125,11434.551631603232,11228.2578125,11316.669569353337,4864962
2023-12-14,11139.845703125,11316.669211236076,11139.845703125,11316.669211236076,4459524
2023-12-15,11080.904296875,11228.256649255793,11080.904296875,11110.374599218443,2600731
2023-12-18,10933.552734375,11110.375401873565,10904.082429902512,11080.905097401077,5481005
2023-12-19,10992.4931640625,10992.4931640625,10845.140803439337,10845.140803439337,3069994
2023-12-20,11021.9638671875,11080.904472810205,10963.022420901203,11080.904472810205,2496597
2023-12-21,11051.4345703125,11080.904874191348,10963.022818012332,10992.49312189118,2030256
2023-12-22,11051.4345703125,11139.845481949047,10963.022818012332,11080.904874191348,2747513
2023-12-25,11228.2578125,11287.19926395678,11051.435139456988,11080.905444853546,2231952
2023-12-26,11287.1982421875,11287.1982421875,11198.786493337602,11228.256796066373,2527122
2023-12-27,11316.66796875,11346.138269978348,11257.726525629761,11257.726525629761,2775263
2023-12-28,11581.9033203125,11581.9033203125,11316.66890596433,11346.139209633324,7523238
2023-12-29,11552.4326171875,11729.255273750963,11552.4326171875,11611.373222487458,13082673
2024-01-01,11552.4326171875,11552.4326171875,11552.4326171875,11552.4326171875,0
2024-01-02,11670.3134765625,11729.254920752168,11581.90257127334,11581.90257127334,6402149
2024-01-03,11847.13671875,11847.13671875,11611.372628287967,11670.313230571704,6528192
2024-01-04,12023.9609375,12318.665668756414,11817.667961885973,11906.078876864705,14842881
2024-01-05,12200.78515625,12200.78515625,12023.96163471208,12023.96163471208,6480871
2024-01-08,12318.6640625,12377.605505463975,12200.782857899134,12318.6640625,8996893
2024-01-09,12348.1357421875,12377.606044621418,12259.723994222171,12377.606044621418,5684016
2024-01-10,12407.076171875,12466.017616574194,12259.723821122363,12318.664425157991,6984747
2024-01-11,12466.017578125,12554.428483905753,12348.135529753763,12407.0761336076,10145147
2024-01-12,12407.076171875,12495.487918592009,12259.723821122363,12348.135567839372,14106783
2024-01-15,12495.48828125,12701.781242025529,12436.54683484014,12436.54683484014,9407005
2024-01-16,12672.3115234375,12672.3115234375,12407.077104022888,12436.547408254817,6205273
2024-01-17,12613.37109375,12760.723457661776,12613.37109375,12672.311703049254,7224855
2024-01-18,12613.37109375,12642.841398399627,12495.48903448785,12613.37109375,5285735
2024-01-19,12795.2939453125,12825.615219333718,12674.011443968253,12734.653127097146,5225124
2024-01-22,12795.2939453125,12916.576446656749,12674.011443968253,12825.615219333718,6125529
2024-01-23,12704.33203125,12886.25534097564,12674.010758867815,12795.293253656073,6033078
2024-01-24,12643.6904296875,12764.972925226726,12613.370022031067,12704.332109913863,3336391
2024-01-25,12643.6904296875,12643.6904296875,12643.6904296875,12643.6904296875,0
2024-01-26,12613.3701171875,12643.690525072672,12522.408028618478,12522.408028618478,3172668
2024-01-29,12613.3701171875,12674.010932957843,12552.729301417157,12643.690525072672,3177925
2024-01-30,12674.0107421875,12674.0107421875,12492.08743270129,12643.690334758714,5249806
2024-01-31,12583.048828125,12764.972127609644,12461.766340164088,12734.651721847777,8408599
2024-02-01,12522.408203125,12613.370292961628,12401.12570498067,12583.049884653925,6208048
2024-02-02,12522.408203125,12522.408203125,12522.408203125,12522.408203125,0
2024-02-05,12855.935546875,12916.576364705608,12310.164726745375,12340.48513566068,14911087
2024-02-06,12977.2177734375,13280.423586015466,12916.576091973797,13037.858589987687,10785143
2024-02-07,13159.140625,13159.140625,12977.217316836857,13098.499810583447,16417312
2024-02-08,13159.140625,13159.140625,13159.140625,13159.140625,0
2024-02-09,13159.140625,13159.140625,13159.140625,13159.140625,0
2024-02-12,13159.140625,13159.140625,13159.140625,13159.140625,0
2024-02-13,13159.140625,13159.140625,13159.140625,13159.140625,0
2024-02-14,13159.140625,13159.140625,13159.140625,13159.140625,0
2024-02-15,13401.7060546875,13553.308960644561,13280.423556939148,13341.064373356567,21240357
2024-02-16,13401.7060546875,13522.988552435852,13250.103148730439,13522.988552435852,7635697
2024-02-19,13341.064453125,13462.346951598522,13189.46154626148,13462.346951598522,10917319
2024-02-20,13462.3466796875,13674.591263957647,13280.423368108446,13371.385456354725,9843259
2024-02-21,13522.9892578125,13674.592171677366,13462.347573318417,13644.271761887105,8236989
2024-02-22,13644.2705078125,13644.2705078125,13462.34633596486,13583.628828892126,6187016
2024-02-23,13341.064453125,13795.874038629083,13280.423636345,13644.271131765563,21627685
2024-02-26,13310.7431640625,13341.063570446426,13128.819860845486,13280.422757678576,6261940
2024-02-27,13310.7431640625,13341.063570446426,13189.460673613337,13341.063570446426,6892443
2024-02-28,13401.7060546875,13432.026462896209,13250.103148730439,13371.385646478791,6829787
2024-02-29,13280.423828125,13583.629646230578,13219.782145555766,13583.629646230578,9292355
2024-03-01,13280.423828125,13280.423828125,13068.179236502978,13250.10341929715,7053245
2024-03-04,13341.064453125,13432.026543208522,13098.50032109148,13341.064453125,10782222
2024-03-05,13401.7060546875,13401.7060546875,13219.781875608214,13341.064373356567,4830055
2024-03-06,13280.423828125,13553.309237402726,13250.10341929715,13462.34714600564,7731653
2024-03-07,13250.1025390625,13310.743352689695,13189.46086052183,13310.743352689695,8334990
2024-03-08,13068.1787109375,13341.06410924054,13068.1787109375,13310.743701632091,10853057
2024-03-11,12916.576171875,13128.82076094062,12916.576171875,13068.17907910179,4946166
2024-03-12,12916.576171875,12977.21785371383,12855.935354949694,12977.21785371383,5133842
2024-03-13,13371.384765625,13401.70517183632,12886.254806590028,13037.857702560092,5882208
2024-03-14,13159.140625,13432.026019701458,13098.499810583447,13432.026019701458,5635965
2024-03-15,13644.2705078125,13704.911321819392,13159.140536103432,13250.102622027252,12452316
2024-03-18,13492.6669921875,13795.873662562852,13189.461186725644,13795.873662562852,9176390
2024-03-19,13401.7060546875,13553.308960644561,13280.423556939148,13492.667279313628,5804800
2024-03-20,14311.3232421875,14311.3232421875,13341.064141944185,13553.308725550614,39656963
2024-03-21,14735.8115234375,14796.454068543428,14341.644494297469,14493.247397408288,14989808
2024-03-22,14675.169921875,14948.0553058362,14432.60494392872,14735.810733904842,13476281
2024-03-25,14523.5693359375,15008.697610241414,14341.645151931609,14644.850972056709,10975740
2024-03-26,14766.1318359375,14796.453973208596,14462.926896582936,14493.247304027043,7384489
2024-03-27,14675.169921875,14766.131139919764,14523.567891800392,14766.131139919764,8106712
2024-03-28,14705.4912109375,15008.697019120778,14523.56876392374,14857.094979942643,11703074
2024-03-29,14917.7353515625,15160.30033685417,14553.888738538475,14705.49077320392,9025811
2024-04-01,14917.7353515625,14917.7353515625,14917.7353515625,14917.7353515625,0
2024-04-02,14614.529296875,14735.810922486791,14281.002231702181,14584.208890472051,16956824
2024-04-03,14281.0029296875,14614.530011161485,14250.682521802639,14614.530011161485,12809849
2024-04-04,14068.7587890625,14371.964588675248,14068.7587890625,14281.002502826032,11272223
2024-04-05,13765.552734375,13977.79732245483,13704.911917731346,13886.835232575828,10765280
2024-04-08,13765.552734375,13856.514824254002,13674.591509409518,13765.552734375,12268584
2024-04-09,13977.7978515625,14008.11826103206,13735.232845978924,13765.553255448483,8519014
2024-04-10,13886.8349609375,14099.079544865644,13886.8349609375,14099.079544865644,9630901
2024-04-11,13886.8349609375,13886.8349609375,13704.911649651593,13826.194145480033,6697465
2024-04-12,14311.3232421875,14311.3232421875,13856.514532205369,14008.117435532746,13228724
2024-04-15,13644.2705078125,14432.605414469514,13613.949235895572,14311.322921542247,16620323
2024-04-16,13674.591796875,13947.477207335045,13341.06470358298,13704.91220583422,13740779
2024-04-17,13424.826171875,13955.575295812914,13424.826171875,13924.354968659958,10979391
2024-04-18,13424.826171875,13424.826171875,13424.826171875,13424.826171875,0
2024-04-19,13175.0625,13424.826912165332,13081.401513376346,13112.621842250897,13072449
2024-04-22,13237.50390625,13362.386110992255,13175.062358586647,13206.283577710548,8572907
2024-04-23,13112.62109375,13456.046472935415,12987.738894795919,13237.503292704081,9459291
2024-04-24,13362.3857421875,13487.267943482979,13175.061994952068,13175.061994952068,6489926
2024-04-25,13206.283203125,13424.826387286805,13143.84165723275,13362.385731978982,5539864
2024-04-26,13175.0625,13299.944706082666,13050.180293917334,13050.180293917334,4244975
2024-04-29,13175.0625,13175.0625,13175.0625,13175.0625,0
2024-04-30,13175.0625,13175.0625,13175.0625,13175.0625,0
2024-05-01,13175.0625,13175.0625,13175.0625,13175.0625,0
2024-05-02,13362.3857421875,13393.606069865264,13112.621339596542,13143.841667274306,4628505
2024-05-03,13237.50390625,13580.92930135286,13237.50390625,13424.826768071156,8217711
2024-05-06,13549.7080078125,13580.92833412846,13331.163942432,13362.385159332349,6485545
2024-05-07,13549.7080078125,13674.59020366073,13456.04613828023,13643.369877344769,3809742
2024-05-08,13456.046875,13518.48842163499,13331.164672314457,13424.826546974724,6475759
2024-05-09,13487.267578125,13580.928558621097,13362.385380212469,13487.267578125,4497643
2024-05-10,13456.046875,13487.268093609713,13393.606218949448,13487.268093609713,3963826
2024-05-13,13331.1650390625,13518.488793536417,13299.944710178335,13456.047245183623,5309103
2024-05-14,13580.9296875,13861.91443351321,13362.386490925546,13487.26869921858,10133171
2024-05-15,13643.37109375,13768.253300732382,13580.929544966575,13768.253300732382,4909215
2024-05-16,13924.3544921875,13955.57481827214,13799.47229726456,13861.91294943384,13401356
2024-05-17,13924.3544921875,13986.79514435678,13861.91294943384,13924.3544921875,6319923
2024-05-20,14049.23828125,14142.899270131447,13986.796731411217,14111.678940504298,10865179
2024-05-21,14111.6787109375,14142.899040056762,13861.914296814472,14142.899040056762,10643619
2024-05-22,13861.9130859375,14205.339348003536,13861.9130859375,14111.67747824291,9676323
2024-05-23,13893.1337890625,13893.1337890625,13737.031262284765,13799.472807346508,5287487
2024-05-24,13737.03125,14174.11850270366,13612.149050572609,13737.03125,21811563
2024-05-27,13737.03125,13830.693122216646,13643.370268367767,13768.252467795159,5038032
2024-05-28,13924.3544921875,13924.3544921875,13737.030754510899,13924.3544921875,5870523
2024-05-29,13674.5908203125,14018.016206443512,13674.5908203125,13955.575550995847,8090062
2024-05-30,13737.03125,13737.03125,13487.267741729633,13643.370268367767,8517554
2024-05-31,13580.9296875,13737.032225220175,13580.9296875,13737.032225220175,4569646
2024-06-03,13580.9296875,13580.9296875,13580.9296875,13580.9296875,0
2024-06-04,13986.7958984375,14049.237444557619,13893.134024549534,13986.7958984375,5077320
2024-06-05,13986.7958984375,14236.560301749118,13986.7958984375,14049.237444557619,11467640
2024-06-06,13986.7958984375,14111.678100093308,13924.35524290181,14111.678100093308,5357592
2024-06-07,13986.7958984375,14142.898427861153,13924.35524290181,14111.678100093308,4134998
2024-06-10,14080.4580078125,14080.4580078125,13861.91392861371,13986.796132358098,7696308
2024-06-11,14299.0009765625,14455.103506196609,14111.678119118455,14111.678119118455,12422960
2024-06-12,14330.2216796875,14361.442006374853,14142.897938394593,14267.780135728399,7676591
2024-06-13,14299.0009765625,14423.883178386674,14236.560320942628,14361.442522766802,11268134
2024-06-14,14049.23828125,14392.663688317609,14049.23828125,14392.663688317609,9741608
2024-06-17,13768.2529296875,14049.237665179398,13768.2529296875,13986.79611807873,11023352
2024-06-18,13768.2529296875,13924.355461562505,13768.2529296875,13830.693586203724,5076590
2024-06-19,13737.03125,13893.133776638135,13674.590595578511,13893.133776638135,6367681
2024-06-20,13737.03125,13799.472795005902,13643.370268367767,13737.03125,5203362
2024-06-21,13612.1494140625,13737.031616824663,13612.1494140625,13737.031616824663,5263973
2024-06-24,13299.9443359375,13612.149397163088,13299.9443359375,13549.708741151744,11496850
2024-06-25,13299.9443359375,13424.826538544623,13206.283351920485,13424.826538544623,4729134
2024-06-26,13268.724609375,13393.606817642769,13206.283950533356,13331.165268216646,3779218
2024-06-27,13206.283203125,13331.164513740645,13175.06198488666,13237.503530778911,4394823
2024-06-28,13112.62109375,13268.7236197965,13112.62109375,13268.7236197965,4061096
2024-07-01,13237.50390625,13237.50390625,13050.180153844392,13050.180153844392,3111326
2024-07-02,13362.3857421875,13424.826397543025,13237.503540892021,13237.503540892021,3383273
2024-07-03,13331.1650390625,13424.826916299458,13299.944710178335,13393.606587415294,3700496
2024-07-04,13268.724609375,13424.827147063592,13206.283950533356,13299.944938795823,4309237
2024-07-05,13237.50390625,13268.72423478945,13112.621701507745,13268.72423478945,4290689
2024-07-08,13299.9443359375,13362.385882533279,13206.283351920485,13237.503679926158,3209472
2024-07-09,13362.3857421875,13424.826397543025,13268.723868569785,13331.16452392531,5867164
2024-07-10,13331.1650390625,13518.488793536417,13331.1650390625,13393.606587415294,4807710
2024-07-11,13299.9443359375,13456.046866550294,13299.9443359375,13424.826538544623,3877218
2024-07-12,13299.9443359375,13393.60621053895,13268.724007931829,13299.9443359375,2122268
2024-07-15,13299.9443359375,13393.60621053895,13237.503679926158,13331.164663943171,2139794
2024-07-16,13299.9443359375,13518.488413146073,13299.9443359375,13299.9443359375,4633909
2024-07-17,13487.267578125,13861.913281278194,13362.385380212469,13393.6057070445,12677089
2024-07-18,13456.046875,13643.37062432053,13393.606218949448,13518.48842163499,5204530
2024-07-19,13393.6064453125,13643.370854904808,13362.386116759573,13456.04710241835,7051639
2024-07-22,13331.1650390625,13612.149780188913,13268.724381294169,13393.606587415294,7446561
2024-07-23,13175.0625,13424.826912165332,13175.0625,13393.60658329078,5766097
2024-07-24,13112.62109375,13237.503292704081,13018.959221888337,13175.061747934835,5004733
2024-07-25,12987.7392578125,13143.841788222177,12987.7392578125,13112.621460257129,4074971
2024-07-26,13050.1796875,13112.621232932022,12987.739032652398,13050.1796875,2138188
2024-07-29,13050.1796875,13175.061887779626,13050.1796875,13112.621232932022,2729549
2024-07-30,12862.857421875,13081.40150502628,12800.416764165755,13081.40150502628,5447852
2024-07-31,13237.50390625,13237.50390625,12831.636963483787,12862.857292023236,7884860
2024-08-01,12925.298828125,13331.164879943719,12894.077609029026,13299.944551432194,6160435
2024-08-02,13175.0625,13175.0625,12769.195552877449,12862.857430085565,6296701
2024-08-05,12644.3134765625,13050.17950867936,12613.09225898209,12925.298200695346,10193052
2024-08-06,12987.7392578125,12987.7392578125,12706.754524958196,12831.636727402825,3960321
2024-08-07,12894.0771484375,13050.179676003409,12800.416166248608,13050.179676003409,2213696
2024-08-08,12894.0771484375,13112.621221380423,12831.636493644906,12831.636493644906,3780970
2024-08-09,13050.1796875,13050.1796875,12925.298377804795,13018.9593600762,3108551
2024-08-12,12987.7392578125,13050.179913742597,12894.07738333292,13018.95958577755,3493542
2024-08-13,12831.63671875,13112.621451414825,12831.63671875,12925.298593166419,7141898
2024-08-14,12862.857421875,12956.51929902333,12862.857421875,12894.077750729622,2258972
2024-08-15,12987.7392578125,12987.7392578125,12862.857055367873,12894.07738333292,3093508
2024-08-16,13206.283203125,13237.503530778911,12956.518800724856,12956.518800724856,6097341
2024-08-19,13424.826171875,13518.488043918283,13237.503318372846,13237.503318372846,6779107
2024-08-20,13362.3857421875,13456.046725220789,13299.944196247547,13424.826397543025,5891263
2024-08-21,13331.1650390625,13393.606587415294,13237.504052410004,13362.386258531127,10321577
2024-08-22,13442.310546875,13661.478034080525,13442.310546875,13624.949822684792,10358268
2024-08-23,13442.310546875,13478.837867686294,13369.25412408353,13442.310546875,5077709
2024-08-26,13405.7822265625,13515.365969274937,13405.7822265625,13515.365969274937,3977458
2024-08-27,13369.25390625,13442.310327851115,13369.25390625,13442.310327851115,4302515
2024-08-28,13369.25390625,13442.310327851115,13296.197484648885,13369.25390625,2872213
2024-08-29,13369.25390625,13478.837648067247,13369.25390625,13405.782117050558,4675632
2024-08-30,13405.7822265625,13442.310437661457,13369.254015463543,13369.254015463543,2993548
2024-09-02,13405.7822265625,13405.7822265625,13405.7822265625,13405.7822265625,0
2024-09-03,13405.7822265625,13405.7822265625,13405.7822265625,13405.7822265625,0
2024-09-04,13296.197265625,13332.72547582384,13150.08531541405,13296.197265625,2651264
2024-09-05,13259.669921875,13442.310081952344,13259.669921875,13332.725451555292,4799214
2024-09-06,13223.142578125,13332.726325117586,13223.142578125,13296.198112591903,2602955
2024-09-09,13077.0302734375,13223.142229099136,13040.502061875979,13223.142229099136,3546170
2024-09-10,13077.0302734375,13223.142229099136,13040.502061875979,13150.085805976096,1784819
2024-09-11,13040.501953125,13113.558375638788,13003.973741868107,13077.030164381895,2744013
2024-09-12,13259.669921875,13259.669921875,13077.029761797654,13077.029761797654,2219851
2024-09-13,13150.0859375,13259.670573280599,13150.0859375,13223.142361353734,2023494
2024-09-16,13150.0859375,13223.142361353734,13077.030404230722,13150.0859375,2288009
2024-09-17,13259.669921875,13259.669921875,13077.029761797654,13186.613501610298,1932368
2024-09-18,13332.7265625,13369.254775676052,13223.142813556331,13259.671026732382,3689974
2024-09-19,13369.25390625,13405.782117050558,13332.725695449442,13369.25390625,2615687
2024-09-20,13478.837890625,13588.422524998698,13405.782358293643,13442.310569751542,7921836
2024-09-23,13515.3662109375,13624.949955609358,13478.837999185398,13515.3662109375,3899814
2024-09-24,13953.7021484375,13953.7021484375,13332.725257002152,13515.365414414384,23800087
2024-09-25,14209.3984375,14209.3984375,13844.118107173319,13953.702740621984,19318690
2024-09-26,14172.8701171875,14355.5102809441,14063.286375167309,14209.398328055704,24751916
2024-09-27,14136.341796875,14282.45463921661,14026.758055703214,14209.398218045806,21538417
2024-09-30,14099.8154296875,14209.399178264553,14026.759003579811,14136.342752156865,11959587
2024-10-01,14465.09375,14611.206590715594,14063.286109785351,14136.341639558737,41390756
2024-10-02,14282.455078125,14428.567034372296,14282.455078125,14428.567034372296,10442778
2024-10-03,14063.2861328125,14574.678404401197,14063.2861328125,14318.981823314642,31516703
2024-10-04,14063.2861328125,14172.869872944217,13990.229712335082,14063.2861328125,12912664
2024-10-07,14026.7587890625,14209.398960954044,14026.7587890625,14172.870748458841,8318546
2024-10-08,14026.7587890625,14245.927173449247,14026.7587890625,14063.287001557701,12885077
2024-10-09,14026.7587890625,14136.34253596364,13990.230576567297,14063.287001557701,15460070
2024-10-10,13953.7021484375,14209.397834463985,13953.7021484375,14099.814096250406,21877456
2024-10-11,13953.7021484375,14026.757677051753,13880.645729238848,13953.7021484375,7974390
2024-10-14,13917.1748046875,14063.28676159068,13880.646592815592,14026.758549718772,9374857
2024-10-15,14026.7587890625,14136.34253596364,13917.17504216136,13917.17504216136,13686735
2024-10-16,13990.23046875,14063.286893177388,13917.174934907072,13990.23046875,7864664
2024-10-17,14136.341796875,14172.870007460402,13844.117893360622,13990.229845117812,17018822
2024-10-18,14245.9267578125,14501.622456649848,14172.870334953577,14209.398546383038,37372853
2024-10-21,14026.7587890625,14245.927173449247,13990.230576567297,14172.870748458841,13759636
2024-10-22,13698.005859375,14026.7579715013,13588.422118861039,14026.7579715013,31761245
2024-10-23,13661.4775390625,13807.58948876669,13442.310059798418,13698.005749134649,30240816
2024-10-24,13515.3662109375,13807.590123785421,13515.3662109375,13698.006379113564,13531447
2024-10-25,13332.7265625,13661.478699915495,13332.7265625,13624.950486739443,22700335
2024-10-28,13332.7265625,13515.366737795774,13296.19834932395,13405.782988852103,18076382
2024-10-29,13698.005859375,13698.005859375,13369.253747248702,13369.253747248702,35891371
2024-10-30,13880.6455078125,13990.229244277982,13734.533562330394,13807.589089779256,27133548
2024-10-31,13844.1181640625,13880.64637536216,13734.53442074796,13880.64637536216,8068636
2024-11-01,13771.0625,13844.118031314367,13661.477867151803,13807.589820364969,10334675
2024-11-04,13515.3662109375,13698.006379113564,13478.837999185398,13698.006379113564,11440045
2024-11-05,13515.3662109375,13624.949955609358,13478.837999185398,13515.3662109375,5714467
2024-11-06,13588.421875,13661.477403836763,13551.893665289417,13588.421875,7582923
2024-11-07,13515.3662109375,13661.47816736146,13515.3662109375,13661.47816736146,6107307
2024-11-08,13369.25390625,13588.42228046892,13332.725695449442,13588.42228046892,11901417
2024-11-11,13296.197265625,13442.31010642036,13186.61352561289,13369.25368602268,19052553
2024-11-12,13405.7822265625,13442.310437661457,13259.670272751106,13369.254015463543,10491337
2024-11-13,13369.25390625,13405.782117050558,13259.670164432753,13369.25390625,7861543
2024-11-14,13296.197265625,13405.78189622152,13223.14173581173,13405.78189622152,9989146
2024-11-15,13259.669921875,13332.725451555292,13223.141711742648,13223.141711742648,17588547
2024-11-18,13296.197265625,13405.78189622152,13113.55799579962,13259.66994601057,9361750
2024-11-19,13186.61328125,13369.25343827526,13186.61328125,13296.197019231398,4510607
2024-11-20,13259.669921875,13332.725451555292,13150.085291477946,13150.085291477946,5591385
2024-11-21,13369.25390625,13369.25390625,13223.141953632196,13259.670164432753,4621081
2024-11-22,13296.197265625,13442.31010642036,13296.197265625,13405.78189622152,6180458
2024-11-25,13515.3662109375,13588.422634441704,13296.197831009335,13332.726042761436,14022778
2024-11-26,13551.89453125,13661.478276799702,13515.36631920528,13551.89453125,8587679
2024-11-27,13515.3662109375,13624.949955609358,13478.837999185398,13551.894422689602,6504142
2024-11-28,13807.58984375,13880.646265772528,13551.894147840016,13588.42235885128,17037048
2024-11-29,13880.6455078125,13880.6455078125,13698.005353313774,13734.533562330394,10592699
2024-12-02,13771.0625,13917.174453213163,13771.0625,13880.646242263765,6534226
2024-12-03,13734.5341796875,13917.174342395767,13661.477758370425,13771.062390346038,12351179
2024-12-04,13771.0625,13880.646242263765,13698.006078101203,13734.534289050602,8877659
2024-12-05,14136.341796875,14136.341796875,13734.534152188835,13734.534152188835,14259955
2024-12-06,14063.2861328125,14172.869872944217,14026.757922573792,14063.2861328125,9244784
2024-12-09,14099.8154296875,14136.342752156865,14026.759003579811,14099.8154296875,7107071
2024-12-10,14099.8154296875,14136.342752156865,14063.287216633656,14099.8154296875,5978233
2024-12-11,13990.23046875,14172.870639234008,13953.703147120767,14136.342427020314,7054642
2024-12-12,13953.7021484375,14063.28588665108,13953.7021484375,14026.757677051753,7300807
2024-12-13,14063.2861328125,14063.2861328125,13917.174182442075,13953.702392680785,6553075
2024-12-16,14099.8154296875,14136.342752156865,14026.759003579811,14063.287216633656,6352473
2024-12-17,14026.7587890625,14136.34253596364,14026.7587890625,14136.34253596364,4216382
2024-12-18,13990.23046875,14063.286893177388,13917.174934907072,14026.758680963694,7076487
2024-12-19,13807.58984375,13953.702687795056,13807.58984375,13917.174476783792,16067992
2024-12-20,13844.1181640625,13880.64637536216,13771.062632047619,13771.062632047619,4086060
2024-12-23,13844.1181640625,13953.702797961478,13807.58995276284,13880.64637536216,4821933
2024-12-24,13917.1748046875,13917.1748046875,13771.062847784318,13844.118380943682,7589289
2024-12-25,14026.7587890625,14318.982707855184,13880.646829666157,13880.646829666157,19124080
2024-12-26,14428.56640625,14465.093725783336,14099.814296359114,14136.34161589245,27297699
2024-12-27,14647.734375,14793.84632976649,14428.566888142484,14465.094208895778,28521657
2024-12-30,14428.56640625,14720.79030602314,14428.56640625,14647.73388578765,9523780
2024-12-31,14392.0390625,14501.622808865515,14392.0390625,14465.094596548855,8017830
2025-01-01,14392.0390625,14392.0390625,14392.0390625,14392.0390625,0
2025-01-02,14392.0390625,14574.679233498835,14318.982637866682,14392.0390625,8433389
2025-01-03,13990.23046875,14392.03902193171,13990.23046875,14392.03902193171,9310695
2025-01-06,13990.23046875,14063.286893177388,13917.174934907072,13990.23046875,9966926
2025-01-07,14136.341796875,14209.398218045806,13953.702525116829,14026.758055703214,8767559
2025-01-08,14209.3984375,14245.926648649556,14026.75827233666,14136.342015200891,6220403
2025-01-09,14209.3984375,14282.45485979911,14172.870226350446,14209.3984375,6001701
2025-01-10,14099.8154296875,14318.982926841605,14099.8154296875,14245.927391318397,12761995
2025-01-13,14172.8701171875,14172.8701171875,13990.229953430899,14063.286375167309,7101204
2025-01-14,14172.8701171875,14245.92653892391,14099.814586035514,14172.8701171875,4353820
2025-01-15,14355.509765625,14465.093503711467,14172.869608424624,14245.926027538533,7571938
2025-01-16,14355.509765625,14465.093503711467,14172.869608424624,14245.926027538533,7571938
2025-01-17,14501.6220703125,14501.6220703125,14355.51011907166,14428.566539984287,6331876
2025-01-20,14684.2626953125,14757.319118530131,14501.62252785287,14501.62252785287,12135722
2025-01-21,14684.2626953125,14793.8464395545,14574.6789510705,14757.319118530131,6444598
2025-01-22,14574.6787109375,14720.79066438097,14538.150499930525,14720.79066438097,8637362
2025-01-23,14939.958984375,14976.48630466194,14574.678656830185,14574.678656830185,14865380
2025-01-24,15086.0712890625,15195.655924231964,14866.90290930802,14976.486653893036,11194754
2025-01-27,15086.0712890625,15086.0712890625,15086.0712890625,15086.0712890625,0
2025-01-28,15086.0712890625,15086.0712890625,15086.0712890625,15086.0712890625,0
2025-01-29,15086.0712890625,15086.0712890625,15086.0712890625,15086.0712890625,0
2025-01-30,15086.0712890625,15086.0712890625,15086.0712890625,15086.0712890625,0
2025-01-31,15086.0712890625,15086.0712890625,15086.0712890625,15086.0712890625,0
2025-02-03,14684.2626953125,14939.95928598976,14063.286660300424,14939.95928598976,12269915
2025-02-04,14866.9033203125,14976.487067927024,14720.791359964976,14720.791359964976,7475819
2025-02-05,14903.4306640625,14939.958874665628,14830.374242856245,14866.902453459374,4853140
2025-02-06,14939.958984375,15195.65556989014,14903.430773503633,15049.542726404672,4960494
2025-02-07,14976.486328125,15159.12738276797,14793.84616406646,14830.374374995052,8283718
2025-02-10,14976.486328125,15341.766656242084,14793.84616406646,14866.902585923646,14548187
2025-02-11,15086.0712890625,15268.710566509377,14976.486653893036,15159.127712508809,6163106
2025-02-12,14976.486328125,15122.599171839376,14903.43079685224,15086.070960910783,7922211
2025-02-13,14939.958984375,14976.48630466194,14866.902562632265,14903.430773503633,8264494
2025-02-14,14939.958984375,15122.599148147407,14903.430773503633,15086.07093727604,6529607
2025-02-17,14866.9033203125,15013.015280660024,14866.9033203125,14903.4315330455,5519108
2025-02-18,14903.4306640625,15049.54261589059,14866.902453459374,14903.4306640625,7559455
2025-02-19,15013.0146484375,15159.127493216445,14903.430905437726,14903.430905437726,10378241
2025-02-20,15013.0146484375,15086.071070826973,15013.0146484375,15086.071070826973,8583685
2025-02-21,15049.54296875,15122.599391669175,14976.486545830827,15013.014757290413,9581701
2025-02-24,15195.6552734375,15451.350963379835,14976.48601248508,15049.542432802553,21783958
2025-02-25,15159.1279296875,15341.767209750975,15122.59971744102,15232.182573011536,15659424
2025-02-26,15049.54296875,15195.655814588348,15049.54296875,15159.127603128762,10014986
2025-02-27,15086.0712890625,15086.0712890625,14939.95933275433,15013.014865616191,9383221
2025-02-28,15159.1279296875,15268.710785258016,14939.959546793083,15013.015080701582,16076356
2025-03-03,15341.767578125,15451.352217495696,15195.656506799703,15195.656506799703,23090928
2025-03-04,15414.8232421875,15487.879664822362,15232.182185600344,15268.710396917775,17415282
2025-03-05,15341.767578125,15633.991501944556,15341.767578125,15524.408643742825,26182593
2025-03-06,15305.23828125,15341.766491787032,15086.070799196645,15341.766491787032,16466574
2025-03-07,15305.23828125,15487.879333935161,15195.655430807741,15268.710070712968,15744807
2025-03-10,15305.23828125,15487.879333935161,15268.710070712968,15414.822912861096,18929720
2025-03-11,15195.6552734375,15268.709912586153,15122.598853120027,15232.181702427417,11066054
2025-03-12,14976.486328125,15341.766656242084,14976.486328125,15341.766656242084,15991846
2025-03-13,14830.3740234375,15049.542393229198,14720.790283833856,14976.485973103829,19644621
2025-03-14,14866.9033203125,14903.4315330455,14757.319572697976,14830.3751075795,6653813
2025-03-17,14976.486328125,15159.12738276797,14866.902585923646,14976.486328125,9640620
2025-03-18,14903.4306640625,15122.599037096845,14866.902453459374,15122.599037096845,6049761
2025-03-19,14976.486328125,15049.542749982189,14830.374374995052,14866.902585923646,12287391
2025-03-20,14903.4306640625,15086.070826493717,14866.902453459374,15086.070826493717,9430906
2025-03-21,14830.3740234375,14976.485973103829,14830.3740234375,14939.958653625552,5523727
2025-03-24,14574.6787109375,14866.902617824438,14282.454804050563,14830.374406817464,31427325
2025-03-25,14647.734375,14866.902752441954,14538.150631571243,14647.734375,17685290
2025-03-26,14574.6787109375,14757.318875387944,14574.6787109375,14720.79066438097,11130591
2025-03-27,14611.20703125,14684.262563226042,14538.15060868952,14574.67881996976,5679640
2025-03-28,14465.09375,14611.206590715594,14428.566430405514,14611.206590715594,8264370
2025-03-31,14501.6220703125,14501.6220703125,14318.981908615344,14392.038329527973,6502394
2025-04-01,14611.20703125,14647.734351945803,14501.622397409279,14611.20703125,7291445
2025-04-02,14574.6787109375,14757.318875387944,14574.6787109375,14684.262453373995,12072434
2025-04-03,13588.421875,14282.454297163453,13588.421875,14099.814139194943,39931993
2025-04-04,13661.4775390625,13661.4775390625,12711.749420693057,13040.501530173588,27336147
2025-04-07,13661.4775390625,13661.4775390625,13661.4775390625,13661.4775390625,0
2025-04-08,12711.75,13186.614080825491,12711.75,13150.085869088658,13571517
2025-04-09,12382.998046875,13223.142475524604,11908.133959479042,11908.133959479042,15080337
2025-04-10,13223.142578125,13223.142578125,13223.142578125,13223.142578125,805777
2025-04-11,13624.9501953125,13734.534832496724,13296.198064928754,13734.534832496724,20500081
2025-04-14,13698.005859375,13734.534069741127,13551.893908494914,13624.94943864275,7383070
2025-04-15,13478.837890625,13698.006268787953,13405.782358293643,13551.894313540799,8838213
2025-04-16,13296.197265625,13551.893846432471,13296.197265625,13478.83742603479,6384555
2025-04-17,13150.0859375,13442.310742330475,13077.030404230722,13296.197894623012,11130342
2025-04-18,13369.25390625,13478.837648067247,13259.670164432753,13259.670164432753,6080094
2025-04-21,13405.7822265625,13515.365969274937,13369.254015463543,13405.7822265625,7186213
2025-04-22,13291.8525390625,13519.712222815462,12608.270710088389,13291.8525390625,7654950
2025-04-23,13405.7822265625,13519.712067127002,13405.7822265625,13443.759148719022,4442949
2025-04-24,13405.7822265625,13519.712067127002,13329.828382249454,13367.805304405976,2961591
2025-04-25,13177.921875,13405.782486451453,13139.944952107244,13367.805563558697,10916258
2025-04-28,13177.921875,13367.805563558697,13177.921875,13329.82864066594,2537544
2025-04-29,13177.921875,13329.82864066594,13177.921875,13329.82864066594,2477001
2025-04-30,13177.921875,13177.921875,13177.921875,13177.921875,0
2025-05-01,13177.921875,13177.921875,13177.921875,13177.921875,0
2025-05-02,13177.921875,13177.921875,13177.921875,13177.921875,0
2025-05-05,13329.828125,13329.828125,13177.92136521059,13329.828125,3789214
2025-05-06,13329.828125,13329.828125,13177.92136521059,13329.828125,3789214
2025-05-07,13291.8525390625,13405.782380938981,13291.8525390625,13329.828535751278,5189432
2025-05-08,13253.8759765625,13291.852900188145,13177.92212931121,13253.8759765625,3551413
2025-05-09,13367.8056640625,13405.78258724078,13139.945050897912,13253.875820432751,6289309
2025-05-12,13671.619140625,13671.619140625,13329.828685257002,13329.828685257002,9322054
2025-05-13,13671.619140625,13671.619140625,13329.828685257002,13329.828685257002,9322054
2025-05-14,13709.595703125,13747.572625146122,13557.688940945576,13747.572625146122,5142996
2025-05-15,13937.4560546875,13975.432976014725,13671.61853130198,13709.595452629203,8218682
2025-05-16,14241.26953125,14241.26953125,13899.479092128962,14013.408929867626,11784326
2025-05-19,13671.619140625,13975.433598878286,13671.619140625,13899.479752838693,7415151
2025-05-20,13671.619140625,13975.433598878286,13671.619140625,13899.479752838693,7415151
2025-05-21,13823.525390625,13899.479233828457,13671.61863012314,13671.61863012314,5607613
2025-05-22,13823.525390625,13975.433077031914,13785.549394928323,13975.433077031914,6878008
2025-05-23,13785.5498046875,13937.456569704611,13747.572881956952,13823.525801512968,6887370
2025-05-26,13861.5029296875,13899.47985298091,13595.66631844381,13861.5029296875,5502506
2025-05-27,13861.5029296875,13899.47985298091,13595.66631844381,13861.5029296875,5502506
2025-05-28,14165.31640625,14241.270252525963,13899.479796094303,13899.479796094303,15371441
2025-05-29,14013.4091796875,14279.246707023582,13975.433183700967,14165.315941348807,5111663
2025-05-30,13899.4794921875,14089.363177820585,13899.4794921875,14051.386255512954,4496626
2025-06-02,13709.595703125,13747.572625146122,13519.712018924454,13595.665862966698,3811059
2025-06-03,13709.595703125,13747.572625146122,13519.712018924454,13595.665862966698,3811059
2025-06-04,13747.5732421875,13823.526163733726,13671.619394736172,13785.550165913166,6210542
2025-06-05,13747.5732421875,13823.526163733726,13709.596318461836,13785.550165913166,5685257
2025-06-06,13671.619140625,13823.5259067991,13671.619140625,13709.596063644796,4883224
2025-06-09,13557.689453125,13633.643300036612,13519.712529669196,13557.689453125,2596838
2025-06-10,13557.689453125,13633.643300036612,13519.712529669196,13557.689453125,2596838
2025-06-11,13557.689453125,13709.596221043126,13557.689453125,13671.61929758732,2719796
2025-06-12,13519.7119140625,13633.642679242192,13481.734992335936,13557.688835789064,2767980
2025-06-13,13671.619140625,13671.619140625,13557.689297470695,13633.64314351029,4373793
2025-06-16,13899.4794921875,13899.4794921875,13595.665965536587,13595.665965536587,7945055
2025-06-17,13899.4794921875,13899.4794921875,13595.665965536587,13595.665965536587,7945055
2025-06-18,13823.525390625,13975.433077031914,13747.572473326594,13975.433077031914,5311391
2025-06-19,13709.595703125,13937.456309346668,13671.618781103878,13899.479387325546,9407063
2025-06-20,13671.619140625,13747.572986664592,13633.64314351029,13709.596063644796,6124908
2025-06-23,13671.619140625,13747.572986664592,13633.64314351029,13671.619140625,4692734
2025-06-24,13671.619140625,13747.572986664592,13633.64314351029,13671.619140625,4692734
2025-06-25,13785.5498046875,13861.502724243515,13709.595959226404,13747.572881956952,8885399
2025-06-26,13823.525390625,13975.433077031914,13785.549394928323,13823.525390625,8883152
2025-06-27,13747.5732421875,13899.480011185056,13709.596318461836,13899.480011185056,2845250
2025-06-30,13899.4794921875,13937.456414495131,13747.572728862044,13785.549651169675,8914609
2025-07-01,13899.4794921875,13937.456414495131,13747.572728862044,13785.549651169675,8914609
2025-07-02,13899.4794921875,13975.433336802762,13823.525647572236,13937.456414495131,4996320
2025-07-03,13899.4794921875,13937.456414495131,13823.525647572236,13937.456414495131,5442088
2025-07-04,13937.4560546875,14127.339735418574,13899.479133360277,13937.4560546875,11380875
2025-07-07,14203.29296875,14279.246813097408,14013.409283786545,14089.363128133953,12952360
2025-07-08,14203.29296875,14279.246813097408,14013.409283786545,14089.363128133953,12952360
2025-07-09,14279.2470703125,14355.199990123,14203.293224596919,14317.22399317029,8449493
2025-07-10,14545.083984375,14621.037831687812,14317.224294246766,14355.20029199807,17232656
2025-07-11,14507.107421875,14621.03726250393,14431.153577519002,14621.03726250393,6833943
2025-07-14,14734.966796875,14848.89756104101,14469.130198964403,14734.966796875,9689679
2025-07-15,14734.966796875,14848.89756104101,14469.130198964403,14734.966796875,9689679
2025-07-16,14696.990234375,14848.897923639144,14696.990234375,14734.967156691037,19444893
2025-07-17,16711.275390625,16797.862328937154,16667.981921468923,16754.568859781077,15691897
2025-07-18,14763.0703125,14936.244190391088,14719.776843027228,14849.657251445544,13103755
2025-07-21,15022.8310546875,15152.711462460435,14763.070239141633,14892.950646914565,17550769
2025-07-22,15022.8310546875,15152.711462460435,14763.070239141633,14892.950646914565,17550769
2025-07-23,15066.125,15109.418470625618,14936.244588123143,15022.83152937438,15753874
2025-07-24,15412.47265625,15455.766126570126,15066.124893688982,15196.005304649363,23080410
2025-07-25,15888.69921875,16061.873092563299,15542.351471123402,15585.644939576727,28301151
2025-07-28,16321.6337890625,16364.927257212852,16018.579512010036,16018.579512010036,33289314
2025-07-29,16321.6337890625,16364.927257212852,16018.579512010036,16018.579512010036,33289314
2025-07-30,16061.873046875,16927.742413478514,16018.579578544823,16494.807730176755,47275092
2025-07-31,16754.568359375,16884.44876296411,16148.459809292488,16191.753277155525,37381767
2025-08-01,16797.86328125,17057.624110912944,16667.982866418526,16884.45022447098,23210277
2025-08-04,16754.568359375,16754.568359375,16235.04674501856,16451.514084333743,12579360
2025-08-05,16754.568359375,16754.568359375,16235.04674501856,16451.514084333743,12579360
2025-08-06,16711.275390625,17403.970897122214,15585.645192567028,16927.74273640538,31397592
2025-08-07,16884.44921875,16971.03615681344,16711.275342623125,16884.44921875,12184503
2025-08-08,16927.7421875,16971.035655252224,16667.981380986646,16971.035655252224,20451862
2025-08-11,17577.14453125,18053.37268539673,17533.851062691207,17707.02493692638,16565379
2025-08-12,17577.14453125,18053.37268539673,17533.851062691207,17707.02493692638,16565379
2025-08-13,17230.796875,17750.31850048604,17100.91646862849,17750.31850048604,18116556
2025-08-14,17274.08984375,17403.970246361805,16927.742103451852,17360.676778824538,20820549
2025-08-15,17707.025390625,17880.199269297325,17274.090693944185,17533.851511952675,26248026
2025-08-18,17403.970703125,17750.318452512965,17317.38376577801,17750.318452512965,11025774
2025-08-19,17403.970703125,17750.318452512965,17317.38376577801,17750.318452512965,11025774
2025-08-20,17750.318359375,17836.905296267658,17403.97061180436,17403.97061180436,19883776
2025-08-21,18962.53515625,18962.53515625,17620.437657035447,18010.078866484833,76953862
2025-08-22,20261.33984375,20261.33984375,20044.87249815844,20261.33984375,22508382
2025-08-25,19005.830078125,21040.623216489545,19005.830078125,20650.98197722825,46066978
2025-08-26,19005.830078125,21040.623216489545,19005.830078125,20650.98197722825,46066978
2025-08-27,19698.525390625,19698.525390625,18746.06903881533,19049.12333257295,27015402
2025-08-28,19352.177734375,20174.75367916675,19352.177734375,19698.525500603104,23031025
2025-08-29,19179.00390625,19438.76473166585,19005.83002263943,19395.47126076321,18023919
2025-09-01,19179.00390625,19179.00390625,19179.00390625,19179.00390625,0
2025-09-02,19179.00390625,19179.00390625,19179.00390625,19179.00390625,0
2025-09-03,19611.9375,19655.23096844066,19135.709347152708,19568.644031559335,13571868
2025-09-04,19611.9375,19655.23096844066,19135.709347152708,19568.644031559335,13571868
2025-09-05,19871.69921875,20304.633922941077,19698.52533707357,19698.52533707357,20056786
2025-09-08,18183.25390625,19135.710257243212,18183.25390625,18962.536375244446,25377063
2025-09-09,18183.25390625,19135.710257243212,18183.25390625,18962.536375244446,25377063
2025-09-10,18226.546875,18313.133813615772,17836.90565122902,18139.959936384224,11432128
2025-09-11,18096.666015625,18356.426824992155,17923.492142713563,18269.839888536437,9570081
2025-09-12,18183.25390625,18226.54737674969,17403.971437255554,18096.666965250617,12194467
2025-09-15,18572.89453125,18746.068407565806,18269.84024769734,18529.60106217105,12264766
2025-09-16,18572.89453125,18746.068407565806,18269.84024769734,18529.60106217105,12264766
2025-09-17,18226.546875,18789.361976002525,18183.253405692114,18659.481568078867,26819178
2025-09-18,17880.19921875,18356.427383752598,17836.90574920431,18226.546975115525,12216367
2025-09-19,17793.611328125,18053.372131508142,17533.85052474186,18010.07866427762,8602977
2025-09-22,17100.916015625,17577.144159705244,16884.448677406708,17447.263756774268,17568508
2025-09-23,17100.916015625,17577.144159705244,16884.448677406708,17447.263756774268,17568508
2025-09-24,17187.50390625,17360.677786450204,17057.623496099844,17230.797376300052,8197498
2025-09-25,17750.318359375,17750.318359375,16884.448990448403,17187.503269572713,12339774
2025-09-26,17403.970703125,17880.19885853345,17317.38376577801,17750.318452512965,14866377
2025-09-29,17100.916015625,17274.089886199636,17014.329080337684,17100.916015625,7742197
2025-09-30,17100.916015625,17274.089886199636,17014.329080337684,17100.916015625,7742197
2025-10-01,17230.796875,17317.383812581007,16971.036062256982,17100.91646862849,10173316
2025-10-02,17403.970703125,17620.43804649248,17230.79682843102,17230.79682843102,9143797
2025-10-03,17057.623046875,17620.438142703522,17057.623046875,17447.264267063976,11585100
2025-10-06,17793.611328125,17836.904795355524,17274.08972135872,17317.383188589243,12325758
2025-10-07,17793.611328125,17836.904795355524,17274.08972135872,17317.383188589243,12325758
2025-10-08,17490.55859375,17923.493304080952,17447.265122716904,17923.493304080952,9622093
2025-10-09,17360.677734375,17707.025493736503,17360.677734375,17663.732023816316,11216742
2025-10-10,17663.732421875,17663.732421875,17360.678125604245,17360.678125604245,10556347
2025-10-13,17447.263671875,17577.14407417397,17274.08980214304,17317.38326957603,11724055
2025-10-14,17447.263671875,17577.14407417397,17274.08980214304,17317.38326957603,11724055
2025-10-15,17317.384765625,17663.73253500991,17317.384765625,17620.439063836795,14976753
2025-10-16,17533.8515625,17663.73197187867,17230.797273949775,17230.797273949775,12104568
2025-10-17,17317.384765625,17533.852121490567,17317.384765625,17533.852121490567,9259648
2025-10-20,15888.69921875,17144.20980389642,15888.69921875,17057.62286698977,23202393
2025-10-21,15888.69921875,17144.20980389642,15888.69921875,17057.62286698977,23202393
2025-10-22,16148.4599609375,16408.22077055505,15758.818746511173,15931.99261958954,16103398
2025-10-23,16148.4599609375,16364.927302285458,15931.99261958954,16235.046897476683,6826777
2025-10-24,16018.580078125,16408.221305248535,16018.580078125,16148.460487166178,4564398
2025-10-27,15975.2861328125,16235.046943161,15975.2861328125,16191.753474769583,4551039
2025-10-28,15975.2861328125,16235.046943161,15975.2861328125,16191.753474769583,4551039
2025-10-29,16624.689453125,16624.689453125,15931.99390492727,15975.28737668963,8083728
2025-10-30,16451.513671875,16754.56793931833,16451.513671875,16581.394072207855,5578806
2025-10-31,16235.046875,16667.981557096537,16235.046875,16494.80768425792,6153352
2025-11-03,15888.69921875,16278.340434829923,15888.69921875,16105.166561016624,4829388
2025-11-04,16408.220703125,16538.101107400027,15672.231745566509,15888.699086024888,8912095
2025-11-05,16408.220703125,16538.101107400027,15672.231745566509,15888.699086024888,8912095
2025-11-06,16061.873046875,16321.633856856053,16061.873046875,16321.633856856053,3101149
2025-11-07,15845.40625,16105.167068911807,15758.819310362729,16018.580129274538,4061355
2025-11-10,15802.1123046875,16018.579647267057,15802.1123046875,16018.579647267057,3118450
2025-11-11,15758.8193359375,16018.58015527087,15758.8193359375,15845.406275715291,2812726
2025-11-12,16148.4599609375,16148.4599609375,15802.112214780765,15802.112214780765,4163518
2025-11-13,16061.873046875,16235.046920195702,16061.873046875,16148.459983535351,3176814
2025-11-14,16018.580078125,16148.460487166178,15975.286608444607,16018.580078125,2699832
2025-11-17,16191.75390625,16191.75390625,15931.993088979354,16105.166967159785,4772776
2025-11-18,16191.75390625,16278.340845340215,16105.166967159785,16235.047375795108,6010017
2025-11-19,16191.75390625,16538.10166261086,16148.460436704892,16191.75390625,9566467
2025-11-20,16191.75390625,16364.92778443043,16148.460436704892,16191.75390625,7017964
2025-11-21,16061.873046875,16278.340388525878,15975.286110214647,16061.873046875,3774027
2025-11-24,16018.580078125,16191.75395684657,16018.580078125,16061.873547805393,3795051
2025-11-25,15845.40625,16061.873599093173,15845.40625,16018.580129274538,3422313
2025-11-26,15975.2861328125,16105.16653798675,15845.40572763825,15845.40572763825,3573970
2025-11-27,16148.4599609375,16408.22077055505,16061.873024398315,16105.166492667908,7886628
2025-11-28,16018.580078125,16278.340896207357,15975.286608444607,16191.75395684657,2610261
2025-12-01,15888.69921875,16061.873092563299,15888.69921875,16018.579624109974,3161593
2025-12-02,15975.2861328125,16018.579601203917,15802.112259246835,15931.992664421083,3292446
2025-12-03,16278.3408203125,16364.927759269589,15975.286533962686,15975.286533962686,10656868
2025-12-04,16364.927734375,16451.51467320037,16278.340795549628,16321.634264962313,7712413
2025-12-05,16148.4599609375,16451.514238824642,16105.166492667908,16451.514238824642,4612359
2025-12-08,15888.69921875,16191.753497923273,15888.69921875,16105.166561016624,4877349
2025-12-09,15715.525390625,15931.99273352094,15715.525390625,15931.99273352094,7962073
2025-12-10,15758.8193359375,15888.699745604186,15715.525866048605,15715.525866048605,3616566
2025-12-11,15672.232421875,15888.69977167466,15672.232421875,15802.112831754795,5441055
2025-12-12,14979.5380859375,15758.819632707979,14979.5380859375,15715.52616200378,10304497
2025-12-15,14849.6572265625,15196.004981764314,14849.6572265625,15152.711512364087,7773624
2025-12-16,15196.0048828125,15325.885290167438,14719.776722511062,15022.83100633925,5800543
2025-12-17,15239.298828125,15325.885769067274,15152.711887182724,15282.592298596137,4479864
2025-12-18,15239.298828125,15325.885769067274,15152.711887182724,15282.592298596137,4479864
2025-12-19,15239.298828125,15325.885769067274,15152.711887182724,15239.298828125,3372271
2025-12-22,15369.1787109375,15542.351660960918,15239.29830399114,15325.88524195538,11682336
2025-12-23,15369.1787109375,15758.819005871519,15325.88524195538,15499.059117883862,7629522
2025-12-24,15499.0595703125,15758.819465882734,15239.298748837175,15369.179159574838,7070415
2025-12-25,15499.0595703125,15758.819465882734,15239.298748837175,15369.179159574838,7070415
2025-12-26,15239.298828125,15455.766180480685,14892.951064355902,15282.592298596137,9121131
2025-12-29,15239.298828125,15369.179239538411,15196.005357653863,15239.298828125,3895353
2025-12-30,15325.8857421875,15412.47268297791,15239.298801397088,15239.298801397088,3724314
2025-12-31,15369.1787109375,15542.351660960918,15325.88524195538,15412.472179919621,7209699
2026-01-01,15369.1787109375,15369.1787109375,15369.1787109375,15369.1787109375,0
2026-01-02,15369.1787109375,15369.1787109375,15369.1787109375,15369.1787109375,0
2026-01-05,15325.8857421875,15499.059623768322,15196.005331001883,15369.179212582705,4589911
2026-01-06,15369.1787109375,15412.472179919621,15066.124428062658,15282.591772973261,5927344
2026-01-07,15628.9384765625,15715.52541384883,15412.47205925173,15412.47205925173,9553546
2026-01-08,15585.6455078125,15758.819387939531,15499.059493654071,15672.232447876017,13945153
2026-01-09,15542.3515625,15715.525437331424,15455.765550989347,15672.231968623568,11144143
2026-01-12,16061.873046875,16235.046920195702,15455.765416157588,15542.35142691289,17606505
2026-01-13,16061.873046875,16235.046920195702,15975.286110214647,16191.753451865527,10829112
2026-01-14,15715.525390625,16148.460076416879,15628.938453466624,16105.166607837691,20193990
2026-01-15,15931.9931640625,15975.286633811638,15758.819285065947,15845.406224564224,7168855
2026-01-16,15758.8193359375,15975.286685381976,15715.525866048605,15975.286685381976,8883954
2026-01-19,15715.525390625,15845.405796362564,15715.525390625,15758.818859204188,6085572
2026-01-20,15628.9384765625,15931.992757064658,15628.9384765625,15802.112351135162,7159219
2026-01-21,15412.47265625,15628.939081945542,15325.885715609746,15585.645611625416,11592108
2026-01-22,15455.765625,15585.645105840444,15412.472156084832,15412.472156084832,5324328
2026-01-23,15412.47265625,15542.352141305288,15369.179185929872,15542.352141305288,4664043
2026-01-26,15109.41796875,15499.059191438215,15022.831030374842,15412.472253063055,7527358
2026-01-27,15066.125,15196.005411876855,15022.83152937438,15109.418470625618,3831514
2026-01-28,15109.41796875,15282.591845500318,15022.831030374842,15066.12449956242,5226435
2026-01-29,15152.7119140625,15239.298855158373,15066.124972966627,15109.418443514563,4643895
2026-01-30,15412.47265625,15412.47265625,15109.418364009109,15152.711834329237,7348107
2026-02-02,15152.7119140625,15325.885796254246,15066.124972966627,15325.885796254246,5778315
2026-02-03,15109.41796875,15325.885314687897,15022.831030374842,15196.00490712516,6946023
2026-02-04,15066.125,15152.711941251237,14979.538058748762,15109.418470625618,5541685
2026-02-05,14849.6572265625,15152.711512364087,14849.6572265625,15109.41804296386,4195383
2026-02-06,14460.015625,14849.65683944442,14460.015625,14806.363371172818,9103720
2026-02-09,14460.015625,14719.776434629614,14460.015625,14633.189498086409,5387181
2026-02-10,14286.841796875,14719.77648095349,14286.841796875,14589.896075729943,5324875
2026-02-11,14676.4833984375,14806.363807076019,14416.72258116046,14460.016050706634,5323561
2026-02-12,14806.36328125,14849.65674925867,14676.482877223989,14806.36328125,3499948
2026-02-13,14936.244140625,15066.124548610565,14763.07026331091,14806.363732639433,7046544
2026-02-16,14936.244140625,14936.244140625,14936.244140625,14936.244140625,0
2026-02-17,14936.244140625,14936.244140625,14936.244140625,14936.244140625,0
2026-02-18,14936.244140625,14936.244140625,14936.244140625,14936.244140625,0
2026-02-19,14936.244140625,14936.244140625,14936.244140625,14936.244140625,0
2026-02-20,14936.244140625,14936.244140625,14936.244140625,14936.244140625,0
2026-02-23,15066.125,15152.711941251237,14979.538058748762,15022.83152937438,3384754
2026-02-24,14979.5380859375,15152.711968754295,14936.244615233301,15109.418498050096,6181932
2026-02-25,15066.125,15239.298882502475,14892.951117497525,15066.125,7942254
2026-02-26,15066.125,15239.298882502475,15022.83152937438,15066.125,3724095
2026-02-27,14979.5380859375,15109.418498050096,14979.5380859375,15066.125027345897,3042457
2026-03-02,14633.189453125,14806.363325679322,14546.60251684784,14546.60251684784,9085872
2026-03-03,14633.189453125,14806.363325679322,14546.60251684784,14546.60251684784,9085872
2026-03-04,14589.896484375,14589.896484375,14243.548727411433,14460.016075513662,7247695
2026-03-05,14589.896484375,14763.070362856783,14546.603014754553,14719.776893236338,4461249
2026-03-06,14460.015625,14633.189498086409,14460.015625,14589.896029814807,3099945
2026-03-09,13550.853515625,13767.320868553757,13464.266574453495,13594.146986210751,27541987
2026-03-10,13940.494140625,14200.254952767984,13810.613734553506,14113.66801538699,10787721
2026-03-11,14763.0703125,14892.950720918316,14027.081331462878,14070.37480093565,12700795
2026-03-12,14416.72265625,14719.776944651672,14373.429186478334,14719.776944651672,4320103
2026-03-13,14633.189453125,14719.776389402161,14330.13517615494,14416.722112432099,4908228
2026-03-16,14719.7763671875,14719.7763671875,14503.309026821285,14633.189431041013,3220723
2026-03-17,14719.7763671875,14936.243707553715,14719.7763671875,14806.363303333987,9723271
2026-03-18,14806.36328125,14936.24368527601,14589.895941206649,14892.95021726734,4956079
2026-03-19,14546.6025390625,14719.776411881281,14373.428666243719,14676.482943676587,6600441
2026-03-20,14546.6025390625,14633.18947547189,14460.01560265311,14503.309070857804,3660804
2026-03-23,14113.66796875,14503.309185676952,14027.081031655121,14416.722248582073,6201532
2026-03-24,14460.015625,14633.189498086409,14200.254815370386,14286.841751913591,5342943
2026-03-25,14936.244140625,14936.244140625,14460.015978011254,14546.602916668298,9429592
2026-03-26,14676.4833984375,14936.24421571454,14633.189928891326,14936.24421571454,3308433
2026-03-27,14719.7763671875,14892.950239480473,14589.89596296777,14589.89596296777,6897295
2026-03-30,14633.189453125,14806.363325679322,14546.60251684784,14546.60251684784,3840822
2026-03-31,14676.4833984375,14892.950746168366,14633.189928891326,14763.070337529847,4562646
2026-04-01,14892.9501953125,15066.124067091892,14806.363259422806,14849.656727367654,6221571
2026-04-02,14633.189453125,14849.656793817901,14589.89598498642,14849.656793817901,4480192
2026-04-03,14416.72265625,14719.776944651672,14416.72265625,14676.483474880004,4796976
2026-04-06,14416.72265625,14589.89653533667,14330.135716706665,14416.72265625,3981967
2026-04-07,14460.015625,14546.602561543205,14330.135220185193,14460.015625,2985408
2026-04-08,15022.8310546875,15109.41799320279,14633.189831368698,14763.070239141633,12316998
2026-04-09,14849.6572265625,15066.124573563633,14763.070287762048,15066.124573563633,5406891
2026-04-10,15109.41796875,15196.00490712516,14892.950622812103,14936.244091999682,11400921
2026-04-13,15369.1787109375,15628.938598925159,14979.537490098419,15022.830959080538,19413145
2026-04-14,15239.298828125,15499.059650951822,15239.298828125,15455.766180480685,7477755
2026-04-15,15022.8310546875,15369.178808748658,15022.8310546875,15369.178808748658,8404453
2026-04-16,14849.6572265625,15066.124573563633,14806.363757162275,15066.124573563633,7496589
2026-04-17,15022.8310546875,15109.41799320279,14806.363708399276,14936.24411617221,6203613
2026-04-20,15152.7119140625,15152.7119140625,14979.538031870754,15109.418443514563,5063280
2026-04-21,14892.9501953125,15196.004470926435,14892.9501953125,15152.711002981587,6481414
2026-04-22,14979.5380859375,15022.831556641699,14849.657673824904,14936.244615233301,4846798
2026-04-23,14892.9501953125,15196.004470926435,14806.363259422806,15022.830599147044,11970649
2026-04-24,14936.244140625,14979.537609953522,14849.657201967955,14892.950671296478,3617770
2026-04-27,14936.244140625,14936.244140625,14936.244140625,14936.244140625,0
2026-04-28,15022.8310546875,15152.711462460435,14979.537585429856,15066.124523945145,5771088
2026-04-29,14885.8447265625,15114.1552734375,14885.8447265625,15068.4931640625,5596983
2026-04-30,14885.8447265625,14885.8447265625,14885.8447265625,14885.8447265625,0
2026-05-01,14885.8447265625,14885.8447265625,14885.8447265625,14885.8447265625,0
2026-05-04,14748.8583984375,15022.8310546875,14748.8583984375,15022.8310546875,4525306
2026-05-05,14566.2099609375,14748.8583984375,14474.8857421875,14703.1962890625,6106267
2026-05-06,14794.5205078125,14840.1826171875,14566.2099609375,14611.8720703125,3703290
2026-05-07,14703.1962890625,14885.8447265625,14703.1962890625,14794.5205078125,4938778
2026-05-08,14657.5341796875,14794.5205078125,14611.8720703125,14748.8583984375,4203486
2026-05-11,14566.2099609375,14840.1826171875,14566.2099609375,14657.5341796875,6741915
2026-05-12,14611.8720703125,14703.1962890625,14566.2099609375,14657.5341796875,2478532
2026-05-13,14566.2099609375,14748.8583984375,14566.2099609375,14748.8583984375,3101916
2026-05-14,14657.5341796875,14794.5205078125,14566.2099609375,14611.8720703125,3586344
2026-05-15,14703.1962890625,14748.8583984375,14566.2099609375,14657.5341796875,5618007
2026-05-18,14703.1962890625,14703.1962890625,14520.5478515625,14611.8720703125,3914953
2026-05-19,14429.2236328125,14703.1962890625,14383.5615234375,14703.1962890625,7245724
2026-05-20,14337.8994140625,14474.8857421875,13744.2919921875,14429.2236328125,10039398
2026-05-21,14520.5478515625,14520.5478515625,14246.5751953125,14337.8994140625,5492520
2026-05-22,14337.8994140625,14520.5478515625,14292.2373046875,14520.5478515625,2752501
2026-05-25,14520.5478515625,14566.2099609375,14337.8994140625,14474.8857421875,2528136
2026-05-26,14840.1826171875,14885.8447265625,14474.8857421875,14474.8857421875,13957965
2026-05-27,15251.1416015625,15388.1279296875,14703.1962890625,14840.1826171875,30491479
2026-05-28,14885.8447265625,15479.4521484375,14885.8447265625,15251.1416015625,18343330
2026-05-29,14703.1962890625,14977.1689453125,14703.1962890625,14885.8447265625,8995096
2026-06-01,14703.1962890625,14840.1826171875,14611.8720703125,14748.8583984375,6521163
2026-06-02,14429.2236328125,14794.5205078125,14429.2236328125,14794.5205078125,8700651
2026-06-03,14520.5478515625,14703.1962890625,14429.2236328125,14429.2236328125,7881153
2026-06-04,14840.1826171875,14885.8447265625,14474.8857421875,14611.8720703125,16930014
2026-06-05,14748.8583984375,15022.8310546875,14748.8583984375,14885.8447265625,7303321
2026-06-08,14383.5615234375,14657.5341796875,14337.8994140625,14611.8720703125,14006802
2026-06-09,14429.2236328125,14566.2099609375,14337.8994140625,14429.2236328125,5103466
2026-06-10,14520.5478515625,14657.5341796875,14429.2236328125,14474.8857421875,4309482
2026-06-11,14566.2099609375,14794.5205078125,14474.8857421875,14520.5478515625,6735345
2026-06-12,14748.8583984375,14977.1689453125,14657.5341796875,14703.1962890625,13030390
2026-06-15,14840.1826171875,14977.1689453125,14748.8583984375,14931.5068359375,7724896
2026-06-16,14794.5205078125,14931.5068359375,14748.8583984375,14885.8447265625,9120693
2026-06-17,14977.1689453125,15114.1552734375,14794.5205078125,14794.5205078125,17371846
2026-06-18,14840.1826171875,15068.4931640625,14794.5205078125,15022.8310546875,9370791
2026-06-19,14657.5341796875,14885.8447265625,14611.8720703125,14885.8447265625,6323844
2026-06-22,14657.5341796875,14748.8583984375,14611.8720703125,14703.1962890625,6310923
2026-06-23,14703.1962890625,15068.4931640625,14611.8720703125,14703.1962890625,14368152
2026-06-24,14657.5341796875,14794.5205078125,14520.5478515625,14748.8583984375,6214782
2026-06-25,14611.8720703125,14703.1962890625,14566.2099609375,14657.5341796875,5683488
2026-06-26,14748.8583984375,14748.8583984375,14611.8720703125,14657.5341796875,6245004
2026-06-29,15114.1552734375,15251.1416015625,14748.8583984375,14794.5205078125,23049750
2026-06-30,15068.4931640625,15205.4794921875,15022.8310546875,15159.8173828125,7380300
2026-07-01,15068.4931640625,15205.4794921875,15022.8310546875,15159.8173828125,7380300
2026-07-02,15205.4794921875,15251.1416015625,15068.4931640625,15205.4794921875,8737333
2026-07-03,15022.8310546875,15342.4658203125,14931.5068359375,15251.1416015625,15563673
2026-07-06,14703.1962890625,15159.8173828125,14611.8720703125,15114.1552734375,15169801
2026-07-07,14840.1826171875,14840.1826171875,14657.5341796875,14657.5341796875,6566715
2026-07-08,14840.1826171875,15022.8310546875,14748.8583984375,14794.5205078125,11533197
2026-07-09,14703.1962890625,14885.8447265625,14703.1962890625,14748.8583984375,4494646
2026-07-10,14566.2099609375,14840.1826171875,14566.2099609375,14748.8583984375,6975807
2026-07-13,14155.2509765625,14611.8720703125,13972.6025390625,14566.2099609375,13218949
2026-07-14,14383.5615234375,14383.5615234375,13972.6025390625,14155.2509765625,6720234
2026-07-15,14109.5888671875,14383.5615234375,14109.5888671875,14383.5615234375,6163207
2026-07-16,14109.5888671875,14246.5751953125,13789.9541015625,14018.2646484375,8154136
2026-07-17,14063.9267578125,14200.9130859375,14018.2646484375,14155.2509765625,3529075
2026-07-20,13652.9677734375,14063.9267578125,13561.6435546875,14018.2646484375,14395308
2026-07-21,13698.6298828125,13789.9541015625,13607.3056640625,13607.3056640625,6997926
2026-07-22,13196.3466796875,13789.9541015625,13196.3466796875,13744.2919921875,16870993
2026-07-23,13333.3330078125,13424.6572265625,12922.3740234375,13150.6845703125,8236809
2026-07-24,13150.6845703125,13378.9951171875,13105.0224609375,13150.6845703125,5414556
2026-07-27,12922.3740234375,13378.9951171875,12922.3740234375,13196.3466796875,4587612
2026-07-28,13150.6845703125,13196.3466796875,12831.0498046875,12831.0498046875,5380173
2026-07-29,13150.6845703125,13196.3466796875,13013.6982421875,13150.6845703125,5989212
2026-07-30,13470.3193359375,13515.9814453125,13013.6982421875,13150.6845703125,6992998
2026-07-31,13242.0087890625,13652.9677734375,13242.0087890625,13515.9814453125,9051927
2026-08-03,13561.6435546875,13561.6435546875,13287.6708984375,13287.6708984375,8854498
2026-08-04,13515.9814453125,13607.3056640625,13378.9951171875,13561.6435546875,3751141
2026-08-05,13515.9814453125,13881.2783203125,13424.6572265625,13607.3056640625,14899008
2026-08-06,13287.6708984375,13561.6435546875,13287.6708984375,13515.9814453125,4376934
2026-08-07,13378.9951171875,13470.3193359375,13287.6708984375,13333.3330078125,3219300
2026-08-10,13561.6435546875,13652.9677734375,13378.9951171875,13470.3193359375,4838805
2026-08-11,13515.9814453125,13744.2919921875,13515.9814453125,13607.3056640625,4940092
2026-08-12,13515.9814453125,13652.9677734375,13470.3193359375,13561.6435546875,3218424
2026-08-13,13287.6708984375,13607.3056640625,13287.6708984375,13561.6435546875,5929425
2026-08-14,13150.6845703125,13378.9951171875,13150.6845703125,13242.0087890625,4841542
2026-08-17,13059.3603515625,13242.0087890625,13059.3603515625,13105.0224609375,3150972
2026-08-18,13150.6845703125,13242.0087890625,13013.6982421875,13105.0224609375,3073117
2026-08-19,13105.0224609375,13150.6845703125,12968.0361328125,13150.6845703125,2644096
2026-08-20,13150.6845703125,13196.3466796875,13105.0224609375,13150.6845703125,3592476
2026-08-21,13470.3193359375,13515.9814453125,13105.0224609375,13150.6845703125,5218003
2026-08-24,13470.3193359375,13652.9677734375,13424.6572265625,13607.3056640625,5060104
2026-08-25,13378.9951171875,13561.6435546875,13333.3330078125,13470.3193359375,3389353
2026-08-26,13378.9951171875,13515.9814453125,13242.0087890625,13424.6572265625,8564104
2026-08-27,13607.3056640625,13835.6162109375,13424.6572265625,13424.6572265625,8758357
2026-08-28,13652.9677734375,13744.2919921875,13515.9814453125,13607.3056640625,5921431
2026-08-31,13652.9677734375,13652.9677734375,13652.9677734375,13652.9677734375,0
2026-09-01,13652.9677734375,13652.9677734375,13652.9677734375,13652.9677734375,0
2026-09-02,13652.9677734375,13652.9677734375,13652.9677734375,13652.9677734375,0
2026-09-03,13424.6572265625,13607.3056640625,13424.6572265625,13607.3056640625,6042867
2026-09-04,13744.2919921875,13835.6162109375,13470.3193359375,13515.9814453125,7805160
2026-09-07,13607.3056640625,13835.6162109375,13515.9814453125,13744.2919921875,6791080
2026-09-08,13744.2919921875,13744.2919921875,13515.9814453125,13607.3056640625,5276148
2026-09-09,13744.2919921875,13744.2919921875,13744.2919921875,13744.2919921875,0
2026-09-10,13700.0,13800.0,13650.0,13750.0,2869000
2026-09-11,13250.0,13650.0,13250.0,13650.0,5463300
2026-09-14,13250.0,13500.0,13150.0,13300.0,4328000
2026-09-15,13500.0,13600.0,13350.0,13400.0,3526000
2026-09-16,13550.0,13600.0,13400.0,13500.0,2986700
2026-09-17,13600.0,13750.0,13500.0,13500.0,5082800
2026-09-18,13600.0,13750.0,13600.0,13650.0,4222400
2026-09-21,13350.0,13750.0,13300.0,13600.0,6339000
2026-09-22,13400.0,13500.0,13350.0,13400.0,2269000
2026-09-23,13550.0,13650.0,13400.0,13550.0,4989400
2026-09-24,13450.0,13600.0,13350.0,13550.0,2840700
2026-09-25,13400.0,13500.0,13350.0,13400.0,2202600
2026-09-28,13150.0,13400.0,13150.0,13350.0,4088000
2026-09-29,13400.0,13450.0,13150.0,13250.0,3958200
2026-09-30,13350.0,13500.0,13250.0,13500.0,2245200
2026-10-01,13400.0,13500.0,13250.0,13300.0,5771100
2026-10-02,13350.0,13500.0,13350.0,13450.0,11488913
